gene_name,gene_id,chrom,start,end,n_snps,fst_afr_sas,fst_afr_mel,fst_mel_sas,fst_afr_eur,fst_eur_mel,pbs1_african,pbs2_african,pbs3_melanesian,pbs4_melanesian
DUSP22,ENSG00000112679,chr6,281629,361355,86,0.2170303139527836,0.1465209488953526,0.12432097240713696,0.18301282247668693,0.14903785700459196,0.13516995928678016,0.0995892619289345,0.02326432245494353,0.05884501981278914
IRF4,ENSG00000137265,chr6,381751,421443,275,0.4016990095073418,0.5645423942039959,0.5559429171703282,0.4240085266328303,0.5597522800986424,0.2666084983350254,0.2813012721675518,0.5647493351411992,0.5500565613086729
EXOC2,ENSG00000112685,chr6,475153,703139,1515,0.470963815700608,0.5013490680988973,0.47670866495724906,0.49346972117013377,0.5055834967409163,0.3424652436950128,0.3358215734188341,0.35338371959289844,0.36002738986907706
HUS1B,ENSG00000188996,chr6,645938,666963,121,0.4220308576224451,0.4080328008821505,0.3190552498087613,0.4001961792141059,0.41186102899657884,0.34413237231019644,0.25233234067580074,0.18017168021847824,0.271971711852874
FOXQ1,ENSG00000164379,chr6,1302097,1324758,176,0.5083831611204152,0.8376792061064188,0.8153220034146829,0.5335975676425115,0.7925301195044834,0.41954740589438555,0.5040590086294637,1.3986332866655609,1.3141216839304826
FOXF2,ENSG00000137273,chr6,1379575,1405603,186,0.44101171639594794,0.6722406725260471,0.6790069899608344,0.3824136180935998,0.6473845882390682,0.280383265786633,0.2775173635511684,0.8350924318446632,0.8379583340801278
FOXC1,ENSG00000054598,chr6,1599914,1623897,108,0.34087243032425496,0.472347383470985,0.515554074754301,0.26879729650443634,0.4520678536380206,0.1657029271425613,0.1753889381716358,0.4736142079002886,0.463928196871214
GMDS,ENSG00000112699,chr6,1613805,2255605,3993,0.4166712988794751,0.458889978834987,0.39963287901528594,0.42561244411346827,0.40114757639673637,0.3214615768225441,0.3279217490212484,0.29267107769530876,0.2862109054966045
MYLK4,ENSG00000145949,chr6,2653628,2760922,957,0.4701878950467011,0.5926697303079683,0.5250867468445134,0.4630960808110845,0.5006546119496204,0.3943703434243742,0.4128049044186429,0.5037606057369413,0.4853260447426725
WRNIP1,ENSG00000124535,chr6,2755392,2796952,338,0.4439401411621244,0.47672475575794643,0.41662582638969914,0.4474960278519511,0.44353978841170344,0.3478002565991581,0.3273913607611604,0.2998474171330899,0.32025631297108753
SERPINB1,ENSG00000021355,chr6,2822331,2851959,197,0.3375227366808192,0.36231409236087775,0.3142105141072539,0.3433899838296823,0.33621604384316234,0.24224694781882966,0.23038794719227684,0.20766247681744868,0.2195214774440015
SERPINB9,ENSG00000170542,chr6,2877269,2913309,234,0.36837364068188927,0.45033816033481616,0.41842987417688304,0.4188926557794573,0.3928420019535648,0.25794278525387104,0.3211527899239684,0.34050924156390405,0.2772992368938067
SERPINB6,ENSG00000124570,chr6,2938158,2982165,374,0.47588333451889214,0.49062936416816155,0.3993020798181214,0.5096822189715251,0.3996619831805156,0.4054786193271619,0.43850925352996845,0.26910074338864737,0.23607010918584082
NQO2,ENSG00000124588,chr6,2977986,3029755,565,0.4123805698264648,0.5407277597808794,0.4441749138437792,0.4558224740636688,0.4917873395408548,0.36124313477534004,0.3548682918343637,0.41686899402419875,0.42324383696517515
RIPK1,ENSG00000137275,chr6,3053823,3125187,526,0.44127525234749815,0.6135676704843578,0.5917545148204981,0.5274293901657319,0.5907581593290314,0.3185051169528672,0.40345880791639394,0.6322933946721794,0.5473397037086526
BPHL,ENSG00000137274,chr6,3108373,3163578,417,0.3080924233708703,0.6046719109020625,0.6830418632281454,0.4322805602388763,0.6988151631468655,0.0736782855590501,0.14706802656443096,0.8543609679724284,0.7809712269670475
TUBB2A,ENSG00000137267,chr6,3143496,3167544,148,0.2813877524224439,0.500150953508106,0.4553514169798421,0.3373286830483063,0.53989113197034,0.20813399992575948,0.1643165741068645,0.4853151332334959,0.5291325590523909
TUBB2B,ENSG00000137285,chr6,3213323,3241730,171,0.3069240402283713,0.2574032088211608,0.32248944883341285,0.2659286299496137,0.31757249930065,0.137443790689085,0.11232604767887538,0.16015826762210797,0.18527601063231763
PSMG4,ENSG00000180822,chr6,3221402,3313373,956,0.46766200030044824,0.5992746149274759,0.5345586643044925,0.6362586482920012,0.639480379855996,0.3900931753203318,0.4527911243776036,0.524385736210715,0.4616877871534433
SLC22A23,ENSG00000137266,chr6,3258961,3467050,1779,0.4252175739965079,0.5416635146279771,0.43761256639234175,0.4697079782557223,0.4974196109567289,0.3791755483942738,0.3632397232491996,0.40097613200362625,0.41691195714870044
PXDC1,ENSG00000168994,chr6,3712613,3761713,548,0.29307338954232626,0.2942300106302396,0.23538470526511432,0.34324303133215245,0.2928634094412847,0.21345592847871508,0.21118784697489953,0.13500996018642905,0.13727804169024457
FAM50B,ENSG00000145945,chr6,3839372,3861320,192,0.2803489680004286,0.4520822018136291,0.30886085933554913,0.36407563679046046,0.3150982498232929,0.2806023773319509,0.33791288683734605,0.3210276292633344,0.2637171197579393
PRPF4B,ENSG00000112739,chr6,4011266,4074983,351,0.4881352194714868,0.6954179786290123,0.633822705143676,0.4463485824975435,0.6387398351155748,0.4269360013273442,0.3809389813439771,0.7618788626685051,0.8078758826518724
FAM217A,ENSG00000145975,chr6,4039433,4097344,356,0.44120547348630734,0.5811293782899416,0.5727975854289725,0.42205589873931576,0.5907650240105854,0.3008346464649802,0.2625027682988309,0.5693585390119325,0.6076904171780818
ECI2,ENSG00000198721,chr6,4105692,4145597,279,0.17614118911562193,0.195504766665564,0.02104034866409285,0.20561173456009965,0.09124936656378123,0.19501574793839904,0.17601931121962508,0.02252448963266164,0.04152092635143559
CDYL,ENSG00000153046,chr6,4696158,4965551,1973,0.4305260891393288,0.47269436959176586,0.511622123071427,0.43054710357622406,0.5114639665229842,0.24317571381892888,0.24335605895568158,0.39679924087564766,0.39661889573889497
RPP40,ENSG00000124787,chr6,4984716,5014063,228,0.47465194120995446,0.5477950153043032,0.5389055621489394,0.4321658397984974,0.4616641570147355,0.33158078014885506,0.3701364501228418,0.4620389158398696,0.4234832458658828
PPP1R3G,ENSG00000219607,chr6,5075340,5099487,187,0.4837723438759422,0.5507209929492802,0.5335967573944097,0.5607114144149422,0.47004975514129804,0.3493069564398998,0.49386887236822646,0.4508042312373881,0.3062423153090616
LYRM4,ENSG00000214113,chr6,5093628,5270950,1470,0.4618319446249625,0.4758126957201098,0.4462201998448645,0.44926729128253506,0.44987643795290105,0.3372512303678729,0.3223997647855359,0.30865497724775987,0.32350644283009694
FARS2,ENSG00000145982,chr6,5251043,5839192,4135,0.41313053401094496,0.43719707023978976,0.40492546734137796,0.40395992001156744,0.3753773754387195,0.29435499522443503,0.31083275081779793,0.28047075284478756,0.26399299725142483
NRN1,ENSG00000124785,chr6,5987998,6017605,212,0.41379507755415446,0.4329894949338641,0.295883770862693,0.4437550169646715,0.32121794722993335,0.3753257316279608,0.38323436358110796,0.19205171634455304,0.18414308439140586
F13A1,ENSG00000124491,chr6,6134083,6331013,1298,0.31493868444891837,0.3176200252136347,0.2743279794280081,0.32051337133558633,0.2797969124647329,0.2198792164747618,0.22018215578296566,0.16228941203251898,0.1619864727243151
LY86,ENSG00000112799,chr6,6578107,6664983,801,0.4091864382630425,0.3977452256604088,0.4228871675705354,0.4457630870070175,0.44230791946214326,0.24180600113954537,0.25664472848657915,0.2652687088745234,0.2504299815274897
RREB1,ENSG00000124782,chr6,7097596,7261980,835,0.35072647290112563,0.627393198192263,0.6213297759905667,0.36159833180609946,0.6344778531743056,0.22402159186000337,0.21479538868100867,0.7632099741353909,0.7724361773143856
SSR1,ENSG00000124783,chr6,7258305,7357446,822,0.2907975908126805,0.377110322753235,0.3456742828538606,0.23098667492557928,0.3252120398308019,0.19642507681509605,0.1713380351179345,0.2769607821316495,0.302047823828811
CAGE1,ENSG00000164304,chr6,7316655,7399742,541,0.3251077747631235,0.33141731046292083,0.26668998348033807,0.32069786729846333,0.22867023317351864,0.2428053693259722,0.26482259772362826,0.15978982661694183,0.1377725982192857
RIOK1,ENSG00000124784,chr6,7379792,7428037,297,0.42019615038202557,0.5082720558489598,0.390326000968865,0.4327092426696999,0.39275376652159677,0.3800321024676875,0.38894603396515337,0.32979757200297566,0.32088364050550994
DSP,ENSG00000096696,chr6,7531616,7596714,450,0.279561001455605,0.36626394736491846,0.31970821587089915,0.3227680182599063,0.3115930347546951,0.19939189301576232,0.23624451936282462,0.2567308389795543,0.21987821263249205
SNRNP48,ENSG00000168566,chr6,7580197,7621967,223,0.36462961392683496,0.5937602305609002,0.49591939789520506,0.4137574946298455,0.5497462639717942,0.33466989733383395,0.31844473730458356,0.5661418312405898,0.5823669912698403
BMP6,ENSG00000153162,chr6,7716098,7891728,1192,0.37833228115965745,0.585411731573594,0.5168045421431806,0.35925250516783974,0.4851980708317559,0.3142424430194656,0.3308080715703511,0.5662269324867428,0.5496613039358574
TXNDC5,ENSG00000239264,chr6,7871516,7920788,213,0.42591476438503034,0.4984364504303902,0.5079742051317296,0.3190952413821277,0.42098832257855084,0.2678891124699629,0.2639625825357974,0.42213584815608324,0.4260623780902486
BLOC1S5-TXNDC5,ENSG00000259040,chr6,7871521,8074364,1452,0.41894082511712777,0.6172830015848468,0.583798251238284,0.3930568049489978,0.5130655534268648,0.31338849221154647,0.3700768871442235,0.6470709782489041,0.5903825833162272
BLOC1S5,ENSG00000188428,chr6,8003566,8074396,723,0.33079318968626825,0.5910963897153266,0.5755472311727404,0.28029286303336154,0.4659688939928582,0.2194917065112807,0.29794276777654854,0.6747841158786032,0.5963330546133352
EEF1E1-BLOC1S5,ENSG00000265818,chr6,8005725,8112530,959,0.3207117057438012,0.5070074963635764,0.5243651927469508,0.2689328519822558,0.412002349430299,0.17543301740030004,0.24473947481852187,0.531828293260385,0.4625218358421632
EEF1E1,ENSG00000124802,chr6,8063359,8112559,343,0.29453515388112256,0.30582063494722417,0.2649368987674029,0.2638809486452497,0.2529237347724672,0.20306215329940294,0.18990015792507867,0.16196274748396625,0.1751247428582905
SLC35B3,ENSG00000124786,chr6,8401434,8445561,351,0.487604333613654,0.8155780286241641,0.6135741943492962,0.4932854850593792,0.631460870361093,0.7041857983714754,0.6860639792454851,0.9863430259578627,1.0044648450838534
TFAP2A,ENSG00000137203,chr6,10383185,10429659,254,0.3904391387796361,0.3620318215815598,0.2164434429593969,0.32311042183089816,0.23092126218746356,0.3502856600007933,0.2885760365605743,0.09918121396754148,0.16089083740776045
GCNT2,ENSG00000111846,chr6,10482222,10639368,1457,0.3530192475858297,0.29575933583418446,0.2884138303228019,0.3445147764449188,0.2907515768396278,0.22290755186122707,0.21473260923579207,0.12772757687286235,0.13590251949829732
C6orf52,ENSG00000137434,chr6,10661417,10704797,295,0.16190836690977495,0.3510040555935292,0.33818895428769297,0.2326350626526374,0.41844250639871094,0.09809072758779921,0.07753808148840347,0.3342380836982616,0.35479072979765736
PAK1IP1,ENSG00000111845,chr6,10684971,10719782,309,0.20879577559105506,0.4672840963750054,0.03619769904241584,0.27760758979872746,0.1299272854285079,0.4135485414012485,0.40788765159850854,0.2162184693541993,0.22187935915693927
TMEM14C,ENSG00000111843,chr6,10712914,10741129,304,0.3001888924712739,0.5564188070251851,0.5670321095442119,0.3734615397308792,0.6530183215646229,0.16636376889259502,0.11096811893531122,0.6465106518718311,0.701906301829115
TMEM14B,ENSG00000137210,chr6,10737758,10862753,714,0.4526316115841161,0.3849249336675947,0.4632007553546842,0.5087017089955032,0.4684744885267902,0.23325654586091427,0.28235534726737094,0.25275441368622614,0.20365561227976953
RP11-637O19.3,ENSG00000272162,chr6,10737793,10940423,1267,0.46237768838743,0.47340306379487834,0.4614432610742016,0.4697098484276108,0.46768156266509764,0.3215282076063877,0.3225687070763496,0.3197916423989772,0.3187511429290152
MAK,ENSG00000111837,chr6,10752722,10848553,527,0.5572828779207534,0.39454167317446104,0.5012250187180719,0.5779120717295922,0.5287442643689589,0.31049679100864175,0.30597839969208784,0.19127275174928732,0.1957911430658411
GCM2,ENSG00000124827,chr6,10863222,10892041,175,0.4892905398615017,0.576031687846204,0.580480539743819,0.4717379383186862,0.5646299487898705,0.33070280934042917,0.33235021720185026,0.5273937526889159,0.5257463448274948
SYCP2L,ENSG00000153157,chr6,10876830,10989320,853,0.4873379022091558,0.5327674238509076,0.5251724208948824,0.43816242684198997,0.5089502273888856,0.3421314604778684,0.3131304118509333,0.41879666307450375,0.4477977117014389
ELOVL2,ENSG00000197977,chr6,10970758,11054305,500,0.38838887730221655,0.4610058557461912,0.37661559143891604,0.3200706199979503,0.316509975848028,0.3185586343991461,0.31163684660084445,0.2994919378261275,0.30641372562442915
SMIM13,ENSG00000224531,chr6,11083833,11148733,384,0.3563724674633856,0.5103654204877173,0.4215044280397987,0.24488168076470093,0.39801178522230646,0.30370331064326284,0.243729669667817,0.41039261154599116,0.47036625252143693
ERVFRD-1,ENSG00000244476,chr6,11092488,11121725,194,0.25043096460942194,0.4539595324779519,0.446356216565259,0.21939707142673232,0.3588581971083147,0.15104262874966057,0.20412311851150583,0.45401956089330436,0.40093907113145916
NEDD9,ENSG00000111859,chr6,11173297,11392348,1491,0.43848637784417777,0.4550954775091622,0.4662509711868091,0.37653628134888123,0.40936236424981215,0.27821719928211075,0.2765284030125018,0.32892748847421416,0.3306162847438231
TMEM170B,ENSG00000205269,chr6,11527748,11593524,385,0.4309869270406175,0.433296575005783,0.4476306140988575,0.46718639239003706,0.44978192022199953,0.2691163813606782,0.30003111084468054,0.2988027907122218,0.26788806122821945
ADTRP,ENSG00000111863,chr6,11702053,11817046,825,0.4122901567749405,0.4846018203185881,0.39192008916842563,0.3901258998372519,0.42696705155490566,0.34844422802115416,0.30025309332377564,0.3143712846049663,0.3625624193023448
HIVEP1,ENSG00000095951,chr6,11998761,12174999,1130,0.3418335466848755,0.3433902520349122,0.34245233295131805,0.3818080945467123,0.33107517953874294,0.20986240941955528,0.24976908492222635,0.2108030184811863,0.1708963429785152
EDN1,ENSG00000078401,chr6,12280360,12307194,195,0.3112871614310858,0.5430377745534597,0.49477457359846205,0.33438674436911997,0.46779164571903215,0.23666743181862304,0.2797404003028201,0.5464871173518564,0.5034141488676591
PHACTR1,ENSG00000112137,chr6,12706553,13297843,3850,0.4164984532124513,0.4777578989596156,0.4439594357477952,0.4378727686133105,0.41588411051131335,0.3007090748993225,0.34399759646518285,0.3489149286233563,0.3056264070574961
TBC1D7,ENSG00000145979,chr6,13256541,13338583,712,0.36930285205668584,0.531352459005098,0.3979003886211881,0.42057890743380005,0.4901944915430795,0.3557507061088988,0.3149520564958138,0.40215359869141076,0.44295224830449575
GFOD1,ENSG00000145990,chr6,13347829,13497662,1032,0.49599248959722714,0.482589806184759,0.46001636458272577,0.5540311591117291,0.49959339026930094,0.3639334860932945,0.38704560436147784,0.2949858213301433,0.27187370306196007
SIRT5,ENSG00000124523,chr6,13564226,13625158,307,0.34738488402076667,0.3462346974694601,0.3182399702451788,0.3159056799845764,0.23262921079285795,0.23434852168368175,0.2699405830764914,0.19065833488078018,0.15506627348797056
NOL7,ENSG00000225921,chr6,13605334,13642739,189,0.402791954246372,0.4170310507356512,0.30771781860465774,0.4160330935798848,0.31649052332902944,0.34367473268205906,0.3485087805842223,0.1959466216349472,0.19111257373278384
RANBP9,ENSG00000010017,chr6,13611497,13721835,648,0.42130132144291443,0.44241197219499906,0.3722918307382351,0.45413179687569233,0.37412050008233544,0.3327141627148125,0.36045759537186495,0.25142072798946097,0.2236772953324085
MCUR1,ENSG00000050393,chr6,13776556,13824568,214,0.34963431433962194,0.630049313856929,0.4886908618251901,0.3915952313018294,0.5212948169212278,0.376912569631384,0.37731504410721384,0.6174729932895466,0.6170705188137167
RNF182,ENSG00000180537,chr6,13914445,13990310,433,0.38545131380932307,0.3192659139558758,0.29575566925484836,0.41601110582406703,0.3234089341013854,0.26041036331954204,0.2658843054109403,0.12417316147470422,0.11869921938330597
CD83,ENSG00000112149,chr6,14107255,14146918,303,0.3079301207011117,0.44413898978879196,0.3566049512626706,0.27755556532056075,0.32838109004718063,0.25715449238054283,0.25714378449163966,0.3300825052361467,0.3300932131250499
JARID2,ENSG00000008083,chr6,15236068,15532042,1528,0.40442472439855287,0.38448007897505704,0.3740430944364169,0.342822268665503,0.3338477472769547,0.2675208539321583,0.24942585947724571,0.21776711435224244,0.23586210880715494
DTNBP1,ENSG00000047579,chr6,15512806,15673058,769,0.4124165102695358,0.42994728301951834,0.41508480512450513,0.3905980837976692,0.412355124727157,0.2787374805483854,0.26283561868608524,0.28328895595104625,0.29919081781334644
MYLIP,ENSG00000007944,chr6,16119085,16158248,223,0.38332681619424874,0.44309975761617026,0.42181823914088723,0.31997237539663587,0.39684467182096017,0.26045911992983584,0.23270524363998368,0.32491003321915457,0.3526639095090068
GMPR,ENSG00000137198,chr6,16228586,16305549,409,0.3159265856373856,0.4951569673509709,0.44866853104254023,0.28122189611252635,0.4500282653974834,0.23388934349582796,0.20791095866352988,0.4496183809650648,0.475596765797363
ATXN1,ENSG00000124788,chr6,16289111,16771491,2758,0.39924569985088565,0.537664157826052,0.47645265409457227,0.34603934971632233,0.49288317243119467,0.3169525778084238,0.25857897258279045,0.4545111430659801,0.5128847482916135
RP3-467D16.4,ENSG00000288708,chr6,16318341,16338431,80,0.3664663542998285,0.5467465780520611,0.4889833277525482,0.2982367268383991,0.4983030625488726,0.2881964933940009,0.22785198863262845,0.5031073861792729,0.5634518909406452
STMND1,ENSG00000230873,chr6,17092049,17141378,249,0.3244206085744399,0.4818183089597222,0.36548286530425744,0.34760701366876634,0.3629903866073924,0.2973614773917268,0.31678348516068366,0.3600678659270369,0.34064585815807996
RBM24,ENSG00000112183,chr6,17271360,17303871,139,0.48420328973874927,0.4605087434335427,0.4164187922536433,0.43658739252556156,0.3766921168147523,0.37029980051563727,0.3590785297607682,0.2468289004492999,0.25805017120416895
CAP2,ENSG00000112186,chr6,17383504,17567790,1085,0.365752809810958,0.4787722450190541,0.4292728008972603,0.33929177955628687,0.4419251716084933,0.2730203751698035,0.24137445827292275,0.3785478079055289,0.4101937248024097
FAM8A1,ENSG00000137414,chr6,17590301,17621715,137,0.5281073686684687,0.670025410416524,0.600811227472974,0.4955267794637196,0.6943785548498993,0.47071128207080076,0.3037860501555971,0.6380283466777538,0.8049535785929574
NUP153,ENSG00000124789,chr6,17605034,17716925,561,0.6253657962960699,0.6792779144735775,0.6814084736470597,0.5161593447269802,0.6392413184141471,0.48757000776603443,0.4218169714532892,0.6496103002638611,0.7153633365766061
KIF13A,ENSG00000137177,chr6,17749182,17997635,1367,0.4272833642594095,0.510053232289876,0.42640730231797147,0.42769737741260716,0.445071052518931,0.3574935113686796,0.34131535107764877,0.3559650197365244,0.37214318002755514
NHLRC1,ENSG00000187566,chr6,18110439,18132677,160,0.22240304114908307,0.45687583432172846,0.40197156222867086,0.3497416986886771,0.433994864382526,0.17392364226989993,0.23582540010996622,0.4364936768442388,0.37459191900417244
TPMT,ENSG00000137364,chr6,18118310,18165077,296,0.34091898271025356,0.5076262799958776,0.4837340349641401,0.45868692202140854,0.480205402579832,0.23214642972448613,0.3339765860418366,0.47637082760616734,0.37454067128881685
KDM1B,ENSG00000165097,chr6,18145328,18233854,564,0.39381503200137696,0.43345127240415193,0.32644333541705506,0.4655168325939161,0.4017573846937516,0.3367895733146989,0.3404441660906288,0.2314026137248637,0.22774802094893382
DEK,ENSG00000124795,chr6,18213859,18274548,346,0.4185339536022609,0.3911654778973606,0.36602795238912417,0.3856507504263589,0.3091592530601344,0.2913305264177647,0.3067772608721918,0.20487824246255049,0.1894315080081234
RNF144B,ENSG00000137393,chr6,18377349,18478870,729,0.4002274866489522,0.3700511783009413,0.3675733224303554,0.4135519406178055,0.3791950529061024,0.2575652742388218,0.25952476608224523,0.20455142405583004,0.2025919322124065
ID4,ENSG00000172201,chr6,19827369,19852197,150,0.3300529602305372,0.3775359447765378,0.31065847053025253,0.34270026688657995,0.3014536529331312,0.251303783809373,0.26746539723167373,0.2227656111139824,0.20660399769168175
MBOAT1,ENSG00000172197,chr6,20089683,20222469,987,0.3809062220849836,0.5054642067014837,0.42250962723023444,0.4100530588577285,0.4244419774406207,0.317285379597341,0.3397215946753514,0.38685036813361867,0.36441415305560826
E2F3,ENSG00000112242,chr6,20391878,20503714,655,0.5310465501722619,0.643850788470502,0.6106191872974562,0.5472784666829051,0.6131216691014753,0.4232299053649487,0.43761926792996114,0.6091755970672459,0.5947862345022333
CDKAL1,ENSG00000145996,chr6,20524456,21242404,4634,0.40718493199510747,0.5408860534805378,0.5136131347813344,0.41519927450711247,0.5092994588322726,0.2902893422129343,0.3015098735793169,0.4881675080197263,0.4769469766533438
SOX4,ENSG00000124766,chr6,21583750,21608619,106,0.2861698597008118,0.28589744137827844,0.34225535408762553,0.3017033069491218,0.30325614277981755,0.127450216009112,0.16725123164762837,0.20927847142238898,0.16947745578387266
PRL,ENSG00000172179,chr6,22277243,22312826,187,0.44304854201094707,0.6523258144762958,0.5294518912932907,0.4636551925733753,0.5687081384994602,0.44395480156584033,0.41924863417822633,0.6125346846912993,0.6372408520789135
HDGFL1,ENSG00000112273,chr6,22559565,22581666,125,0.2930076947021306,0.3216330291707176,0.30955571185414016,0.2321935334753548,0.30572175357816733,0.18219119327904315,0.14370099473863493,0.20587568927785818,0.24436588781826638
NRSN1,ENSG00000152954,chr6,24116185,24164900,320,0.4304299765606372,0.5776188477107892,0.5655795184269079,0.47266654668153124,0.5469617944396185,0.2954891767032397,0.3549952709169063,0.5663579914098075,0.5068518971961409
DCDC2,ENSG00000146038,chr6,24161754,24368059,1534,0.5153214729558392,0.5875656553522912,0.5561013491760535,0.5117861501941218,0.5680480629186622,0.39889434125030765,0.3816195244923738,0.4867839091155084,0.5040587258734422
KAAG1,ENSG00000146049,chr6,24346902,24368285,139,0.5348904132947058,0.587343851591025,0.5033569048641316,0.49898675676093746,0.5266000556567608,0.47536960238521275,0.414224324202002,0.4097710008534682,0.4709162790366789
MRS2,ENSG00000124532,chr6,24392907,24436194,358,0.40701693292030455,0.5792027296009548,0.4795615705036634,0.4409011311871504,0.47346564040037015,0.36755492517018307,0.4027971846574497,0.49804917910377666,0.46280691961651005
GPLD1,ENSG00000112293,chr6,24414564,24505205,858,0.31844714276042185,0.3453421172028861,0.31016111872090624,0.3595674646568484,0.3559975888592619,0.21786337639942685,0.21460059084690036,0.2057791197424392,0.20904190529496564
ALDH5A1,ENSG00000112294,chr6,24484866,24547207,418,0.33623058059797567,0.3531780821599435,0.312535342497761,0.40805081303310015,0.3955100282374296,0.23537992849598802,0.22832427375359338,0.20030433677716056,0.20735999151955514
KIAA0319,ENSG00000137261,chr6,24534103,24656191,717,0.4438127614497014,0.6161256701056667,0.5792956936120742,0.45160882422749965,0.5971900956695227,0.3391326375519002,0.3244579692030973,0.6183074083058548,0.6329820766546579
TDP2,ENSG00000111802,chr6,24639978,24676930,230,0.34938669389274674,0.4436714749980519,0.4238951349903399,0.35126952504974884,0.4738284209972567,0.23238526123529119,0.18850315234046533,0.354011025686909,0.3978931345817348
ACOT13,ENSG00000112304,chr6,24657034,24715065,312,0.3723432711908432,0.5460971615199471,0.39581444425578116,0.42627184218798253,0.45276962026261447,0.3758800357046584,0.37129315390957496,0.41399208029847434,0.4185789620935579
C6orf62,ENSG00000112308,chr6,24694860,24729998,202,0.41625012327714395,0.48467350443831303,0.4464758114373068,0.3530182308035856,0.42839059766801063,0.30489373086418925,0.26954619281595016,0.3580608763651017,0.39340841441334085
GMNN,ENSG00000112312,chr6,24764930,24796099,211,0.31522305741804657,0.3275867906288841,0.3676220943573547,0.24335273087943154,0.38740487040686106,0.15863812298864724,0.09284464527852837,0.23824410954325317,0.30403758725337204
ARMH2,ENSG00000260286,chr6,24787334,24808917,152,0.3906423196990392,0.5353939699148549,0.5045869586313357,0.3836678866187446,0.5015917007438612,0.2797759509988218,0.27709956771319005,0.4867895286413824,0.48946591192701405
RP3-369A17.6,ENSG00000282804,chr6,24787372,24819798,200,0.40612667759011745,0.6135678773315894,0.5024166608292198,0.40877683174869994,0.47103990734757806,0.3869480353535276,0.4197592396541722,0.563851011545799,0.5310398072451543
RIPOR2,ENSG00000111913,chr6,24794281,25052170,1774,0.4356699885853873,0.5553834737546269,0.5076922181573768,0.4437921397838079,0.5511098903697726,0.33700399692740085,0.2980895732465801,0.47353911017324135,0.5124535338540621
CARMIL1,ENSG00000079691,chr6,25269077,25630530,2652,0.3530669892491546,0.5163967342771532,0.45456535786089347,0.34537274122736394,0.46717056738100204,0.2779153208841283,0.2603128816737737,0.4485750864379744,0.4661775256483289
SCGN,ENSG00000079689,chr6,25642200,25711783,500,0.3629810878827897,0.6288575146429097,0.5079302783656955,0.3595531547251878,0.5090896930784571,0.3664951525736815,0.36263227044131163,0.6246740799659689,0.6285369620983388
H2AC1,ENSG00000164508,chr6,25716062,25736562,131,0.373699418052003,0.47720994388812227,0.3957068879321053,0.4165337862528296,0.39507006171375103,0.3064021321223702,0.34235070869657297,0.3421731857345892,0.3062246091603865
H2BC1,ENSG00000146047,chr6,25716776,25737345,130,0.40679949188532544,0.4635051766749049,0.3957068879321053,0.4194078203819862,0.37561832760819064,0.3206126321032301,0.3477058098875877,0.302085733829365,0.2749925560450074
SLC17A4,ENSG00000146039,chr6,25744698,25791199,286,0.4092636616121417,0.5141599949641277,0.4569005289194765,0.4089841352107954,0.4293065425140898,0.31889930912804676,0.34344263473371456,0.4029766078994808,0.3784332822938129
SLC17A1,ENSG00000124568,chr6,25772914,25842052,410,0.3547916924884979,0.4451835640742523,0.3555411246283065,0.36730963535937994,0.3577621094090231,0.2939778778756345,0.3020478000439878,0.29514008814834997,0.28707016597999674
SLC17A3,ENSG00000124564,chr6,25823065,25892286,379,0.36318353470907533,0.37443726785227893,0.22065253330258586,0.38170249025853914,0.209394100342069,0.33553958040165544,0.3574667635111277,0.13356408249895124,0.11163689938947907
SLC17A2,ENSG00000112337,chr6,25902753,25940691,154,0.21618284817134958,0.30771381573794127,0.2132585572009076,0.29016328450477086,0.2453430755249047,0.1857398692918923,0.21449206184076788,0.18201597849304613,0.1532637859441706
TRIM38,ENSG00000112343,chr6,25952801,26001231,0,,,,,,,,,
H1-1,ENSG00000124610,chr6,26007031,26027787,0,,,,,,,,,
H3C1,ENSG00000275714,chr6,26010450,26030958,0,,,,,,,,,
H4C1,ENSG00000278637,chr6,26011648,26032050,0,,,,,,,,,
H4C2,ENSG00000278705,chr6,26015951,26037283,0,,,,,,,,,
H3C2,ENSG00000286522,chr6,26021588,26042099,0,,,,,,,,,
H2AC4,ENSG00000278463,chr6,26023091,26043618,0,,,,,,,,,
H2BC3,ENSG00000276410,chr6,26033226,26053713,59,0.30784155932894997,0.31314921231223103,0.24486120431364042,0.384967489923225,0.2471202298431048,0.23136244109084855,0.2889343116710672,0.14427576330880942,0.08670389272859083
H3C3,ENSG00000287080,chr6,26035383,26055869,74,0.2829403384245802,0.31784386186107855,0.22941123002831718,0.35740888064046483,0.23242484399619626,0.227246258816436,0.28011223842980076,0.1552504469726863,0.10238446735932155
H1-2,ENSG00000187837,chr6,26045739,26066470,106,0.33400716608927894,0.3711997597988953,0.22498802777556068,0.401303202318758,0.25864207282261054,0.307770611272437,0.3388349540197021,0.15617104459556388,0.1251067018482988
HFE,ENSG00000010704,chr6,26077280,26108343,60,0.1769736186815192,0.27711687779051675,0.20448206215560086,0.23533079910491142,0.18497650585758937,0.14525643401300897,0.19414067170177662,0.17925129257325914,0.13036705488449152
H4C3,ENSG00000197061,chr6,26093932,26114337,0,,,,,,,,,
H1-6,ENSG00000187475,chr6,26097411,26118135,0,,,,,,,,,
H2BC4,ENSG00000180596,chr6,26104872,26133926,0,,,,,,,,,
H2AC6,ENSG00000180573,chr6,26114144,26149116,0,,,,,,,,,
H1-4,ENSG00000168298,chr6,26146328,26167115,0,,,,,,,,,
H2BC5,ENSG00000158373,chr6,26148145,26181349,0,,,,,,,,,
H2BC6,ENSG00000274290,chr6,26162058,26194655,0,,,,,,,,,
H4C4,ENSG00000277157,chr6,26178709,26199112,0,,,,,,,,,
RP1-34B20.21,ENSG00000282988,chr6,26185594,26209293,0,,,,,,,,,
H3C4,ENSG00000197409,chr6,26186783,26207286,0,,,,,,,,,
H2AC7,ENSG00000196866,chr6,26188783,26209293,0,,,,,,,,,
H2BC7,ENSG00000277224,chr6,26189519,26210715,0,,,,,,,,,
H4C5,ENSG00000276966,chr6,26194551,26216038,0,,,,,,,,,
H2BC8,ENSG00000273802,chr6,26205158,26226692,0,,,,,,,,,
H2AC8,ENSG00000277075,chr6,26206974,26227483,0,,,,,,,,,
H3C6,ENSG00000274750,chr6,26214198,26237473,0,,,,,,,,,
H1-3,ENSG00000124575,chr6,26224211,26244987,0,,,,,,,,,
H4C6,ENSG00000274618,chr6,26230392,26250793,0,,,,,,,,,
H4C7,ENSG00000275663,chr6,26236610,26256996,0,,,,,,,,,
H3C7,ENSG00000277775,chr6,26240141,26260635,0,,,,,,,,,
H2BC9,ENSG00000275713,chr6,26241650,26263710,0,,,,,,,,,
H3C8,ENSG00000273983,chr6,26259404,26281815,0,,,,,,,,,
H2BC10,ENSG00000278588,chr6,26262930,26283412,0,,,,,,,,,
H4C8,ENSG00000158406,chr6,26267608,26295638,0,,,,,,,,,
BTN3A2,ENSG00000186470,chr6,26355158,26388320,245,0.26844173506799895,0.0743093837727637,0.021342472000153913,0.3378317555042151,0.040239052217590686,0.18411005122988916,0.22418988961164463,0.0,0.0
BTN2A2,ENSG00000124508,chr6,26373095,26404874,126,0.4426763597379141,0.16916028508605654,0.02973780407187535,0.4364975376580732,0.0627551281520131,0.3698693060026424,0.34704563290936974,0.0,0.0
BTN3A1,ENSG00000026950,chr6,26392236,26425208,0,,,,,,,,,
BTN3A3,ENSG00000111801,chr6,26430471,26463415,153,0.4381733285268382,0.6454996430499206,0.6242056789332653,0.4685730986567053,0.6209433665089139,0.3174472564023584,0.3495829465905898,0.7195986696967369,0.6874629795085055
BTN2A1,ENSG00000112763,chr6,26447903,26486621,186,0.5016180476115394,0.7094742394935818,0.6740171065832695,0.49305883045594107,0.6372211260705486,0.40577059013435257,0.45073077782225757,0.8302924400452827,0.7853322523573776
BTN1A1,ENSG00000124557,chr6,26490302,26520425,121,0.410243347629829,0.5350981413131345,0.544120096581026,0.3839953280124585,0.5182300075521987,0.254224179590754,0.26007060521159575,0.5117047726669887,0.5058583470461469
HMGN4,ENSG00000182952,chr6,26528365,26556933,112,0.36860366684870555,0.581421730524406,0.5691561599288004,0.4340586611173331,0.46891581322335113,0.24435165925731145,0.40366075196578116,0.6265397234455283,0.46723063073705867
ABT1,ENSG00000146109,chr6,26586952,26610739,119,0.535468635554616,0.7618472608251675,0.6533265676505785,0.47334481318602,0.6450288557872333,0.5710985952910397,0.5201667561249288,0.8637444546215121,0.9146762937876232
ZNF322,ENSG00000181315,chr6,26624382,26669752,202,0.35847440087048227,0.7078327834720707,0.5991159675396134,0.3862463144546168,0.6337521775713889,0.3801260412643252,0.3570727559759921,0.8503029400140955,0.8733562253024285
H2BC11,ENSG00000124635,chr6,27115896,27142795,104,0.2627148131178594,0.0,0.0,0.3134409586030066,0.0025857811092710485,0.15239025261015662,0.18673696198253498,0.0,0.0
H2AC11,ENSG00000196787,chr6,27123041,27145291,71,0.3597926662729233,0.008089368258859786,0.01871325192220714,0.2954299140540417,0.0,0.21759745027648772,0.1791448670364404,0.0,0.0
H4C9,ENSG00000276180,chr6,27128587,27149881,54,0.1021426735438765,0.0,0.0,0.0740920215156023,0.0,0.05387205126369265,0.03849021228041811,0.0,0.0
H2BC12,ENSG00000197903,chr6,27136360,27156855,59,0.3152467362852035,0.0,0.0,0.33454846502537944,0.0,0.18934835228181968,0.20364473439031283,0.0,0.0
H2AC12,ENSG00000274997,chr6,27137105,27157562,64,0.3120273340717587,0.0,0.0,0.3255639097744361,0.0,0.18700308579675218,0.19693917957850163,0.0,0.0
PRSS16,ENSG00000112812,chr6,27237700,27266624,143,0.33914311107612877,0.41017190167691847,0.2630733218018167,0.3441505906465137,0.16833291982054902,0.31843761711078855,0.3827125781790651,0.20948652619923555,0.14521156513095904
POM121L2,ENSG00000158553,chr6,27275902,27322273,285,0.38663414118796186,0.513386908640426,0.38902673952310945,0.37175250309778973,0.4600263080970476,0.35818877436413543,0.2844360863755999,0.36209717089111565,0.4358498588796511
ZNF391,ENSG00000124613,chr6,27364614,27413908,314,0.35626106267737967,0.6875873683172007,0.5510562547198513,0.45639192410973234,0.5720594685301265,0.40151737570298635,0.46209306489868623,0.7619130518071235,0.7013373626114237
ZNF184,ENSG00000096654,chr6,27440742,27483118,191,0.3772729975493429,0.5878104290861748,0.4692981190580686,0.459735578507232,0.5346804864451923,0.3631820607681486,0.36846875914403987,0.5230898511116093,0.5178031527357179
H2BC13,ENSG00000185130,chr6,27797443,27817931,0,,,,,,,,,
H2AC13,ENSG00000196747,chr6,27798198,27818701,0,,,,,,,,,
H3C10,ENSG00000278828,chr6,27800063,27821300,0,,,,,,,,,
H2AC14,ENSG00000276368,chr6,27804301,27824777,0,,,,,,,,,
H2BC14,ENSG00000273703,chr6,27805021,27825489,0,,,,,,,,,
H4C11,ENSG00000197238,chr6,27814091,27834480,0,,,,,,,,,
H4C12,ENSG00000273542,chr6,27821173,27841560,0,,,,,,,,,
H2BC15,ENSG00000233822,chr6,27827759,27865709,0,,,,,,,,,
H2AC15,ENSG00000275221,chr6,27827879,27848375,0,,,,,,,,,
H2AC16,ENSG00000276903,chr6,27855316,27875798,66,0.21808520416609273,0.01092896174863388,0.03294518675242176,0.18980475588030266,0.005759190483879647,0.11174926068044157,0.10784665062115523,0.0,0.0
H1-5,ENSG00000184357,chr6,27856791,27877588,77,0.1922277851038195,0.010579786302329653,0.031659229131185664,0.18122963418887594,0.0046413813459267985,0.09597005248379464,0.10296779110303993,0.0,0.0
H3C11,ENSG00000275379,chr6,27861844,27882346,105,0.19307006165284737,0.20304457854779054,0.020438229344836377,0.19913626311004984,0.0,0.21041249322712313,0.22451049865845557,0.01654404146234159,0.0024460360310091106
H4C13,ENSG00000275126,chr6,27863147,27883534,108,0.18367210466814074,0.20230879240318056,0.018494880943855378,0.19162945405925974,0.0014266435319066873,0.20515241839980952,0.21867039064240565,0.020881295918768472,0.007363323676172345
H3C12,ENSG00000197153,chr6,27880314,27903106,145,0.24073745421730855,0.1449991314327373,0.04433947497250757,0.20980396784070499,0.008271479972141864,0.19335395855909113,0.19191056901442577,0.0,0.0
H2AC17,ENSG00000278677,chr6,27882698,27903185,131,0.24574117516693927,0.21960687783280655,0.05089900470929833,0.21790116464664147,0.008343330568997028,0.2388685605882942,0.24267665551130885,0.009088922898493335,0.005280827975478672
H2BC17,ENSG00000274641,chr6,27883424,27903891,132,0.2696152904981278,0.22075586725804433,0.05548950488191536,0.22554590755244083,0.007760481241676994,0.25326314689398727,0.24861851696133877,0.0,0.0008123727671699721
OR2B2,ENSG00000168131,chr6,27901184,27922396,125,0.2561254493618643,0.326890265697605,0.34143468543103817,0.3069395012578463,0.3672916781264919,0.1370191037244646,0.15236957202079476,0.2588278064492838,0.24347733815295372
OR2B6,ENSG00000124657,chr6,27947240,27968182,106,0.2494663172353108,0.2621360862799386,0.2887541349417815,0.28789036066902973,0.22067468912285398,0.125114755718347,0.19709627103471813,0.17888111442016247,0.10689959910379127
ZNF165,ENSG00000197279,chr6,28070567,28099563,150,0.20849518779551326,0.2153646145246936,0.2248144028302433,0.2584294784113584,0.21686807798800192,0.11085133397454341,0.1485335235306478,0.13168481222960818,0.09400262267350382
ZSCAN16,ENSG00000196812,chr6,28114608,28140082,129,0.26939399645139495,0.29105561851884865,0.26784623859146867,0.2666563077566795,0.2811650738069255,0.1730472094079703,0.16199773445264332,0.17093099254909122,0.18198046750441818
ZKSCAN8,ENSG00000198315,chr6,28131882,28169460,198,0.2774541017657212,0.31339832404980145,0.16712148284794676,0.24352210763322737,0.1466160948838485,0.25905390293125946,0.2482685793248831,0.1169470540891078,0.12773237769548418
ZSCAN9,ENSG00000137185,chr6,28214885,28243487,142,0.3156305699790545,0.2735235722425015,0.1494221765019511,0.32641200148725324,0.07302446142877135,0.26848363974855877,0.31942888722779444,0.05106560305727506,0.00012035557803929953
ZKSCAN4,ENSG00000187626,chr6,28231696,28262269,141,0.38200030785807754,0.5546960624206133,0.4855328262398571,0.44377226425046007,0.527074332841616,0.312821007939841,0.32337932067924413,0.4961772162219878,0.4856189034825848
NKAPL,ENSG00000189134,chr6,28249296,28270958,88,0.6006651027068062,0.6922680826673869,0.7108823500772442,0.5392422277776948,0.7962939106770479,0.42777978264999683,0.18116601231267127,0.7507464906458234,0.9973602609831491
ZSCAN26,ENSG00000197062,chr6,28257057,28288224,121,0.5212093116479133,0.6438274486131248,0.6628691033215494,0.4941402939712479,0.5893849893729867,0.34077385871129573,0.41186833116088145,0.6915661119384918,0.6204716394889062
RP5-874C20.8,ENSG00000276302,chr6,28257120,28291580,132,0.5276323697294638,0.6141872179465573,0.6380533756502064,0.49896049302567597,0.569368495358466,0.3430711210310762,0.4004854201623929,0.6093319267336976,0.5519176276023808
PGBD1,ENSG00000137338,chr6,28271571,28312549,163,0.3993719157667265,0.5209374719333225,0.30150904747994123,0.41029506014627687,0.25458396324538063,0.44343523123205597,0.48512217128632606,0.29248892009727756,0.2508019800430075
ZSCAN31,ENSG00000235109,chr6,28314692,28366271,169,0.29143398539342735,0.383994970866681,0.15930188085827082,0.3291050093126016,0.07104087197465804,0.32774478111617644,0.4049761327493826,0.15675537018830163,0.07952401855509547
ZKSCAN3,ENSG00000189298,chr6,28339946,28379172,128,0.340825184310265,0.46479842881158673,0.38575935810205764,0.3808768149126241,0.40480467179435214,0.2772549186188356,0.292848604675868,0.3478569158502787,0.33226322979324624
ZSCAN12,ENSG00000158691,chr6,28368954,28409747,210,0.2738011679056455,0.42241691958235505,0.31354769784044717,0.31464869210603374,0.3605882667502258,0.24630793852876423,0.23976000328360267,0.30259504620954114,0.30914298145470276
ZSCAN23,ENSG00000187987,chr6,28421929,28453502,142,0.31264350540511493,0.3367408207398168,0.1930027471633976,0.34283354781854536,0.11119535021821271,0.28552831885964025,0.35626478890465185,0.1250611273810682,0.05432465733605665
GPX6,ENSG00000198704,chr6,28493295,28538215,236,0.20618520283021055,0.19427426726569022,0.09245350994352462,0.20613957005803643,0.04742279077235992,0.1749532443932385,0.19913768737892848,0.04105863195867378,0.01687418897298379
GPX5,ENSG00000224586,chr6,28515880,28544955,140,0.17432162776430843,0.19241414141414137,0.07016354368703055,0.13814710967591431,0.07401577098546798,0.16625465126940242,0.14273925554613448,0.04745125184606046,0.07096664756932838
ZBED9,ENSG00000232040,chr6,28560534,28626212,229,0.4246843626002859,0.5221800857465687,0.501885481282419,0.43054201232717343,0.48927794877587316,0.2972162744793373,0.3148309337176858,0.4413050914226454,0.42369043218429675
TRIM27,ENSG00000204713,chr6,28893001,28933988,213,0.46810836873468176,0.28987800593236673,0.212787297935794,0.39705880801002236,0.1090123237898349,0.36718860723676483,0.36641471539375464,0.0,0.0
ZNF311,ENSG00000197935,chr6,28984784,29015316,121,0.4370959357572683,0.3967624013508835,0.17920307152018658,0.41644052516270763,0.14803804242480426,0.4413053259635049,0.4419198165390121,0.06413880628946461,0.06352431571395739
OR2W1,ENSG00000204704,chr6,29034212,29055175,113,0.3309490628978589,0.3365686512591964,0.13643366996411457,0.34671579222630533,0.05544777297423911,0.3327702062477331,0.38951430587210045,0.0775596926788833,0.020815593054516024
OR2B3,ENSG00000204703,chr6,29076207,29097313,78,0.5261471047516624,0.4193974010239343,0.20283516153483233,0.46536181329990634,0.14913427505500462,0.5319266530822733,0.5041764252852016,0.011762097956856177,0.039512325753927935
OR2J1,ENSG00000204702,chr6,29089489,29112701,89,0.5052841894117864,0.6667680470577577,0.42825575305156693,0.45379343900927205,0.5485397365919922,0.621812384549409,0.4542033069405556,0.47710409155228034,0.6447131691611337
OR2J3,ENSG00000204701,chr6,29098057,29124770,95,0.4489402219104016,0.6258302248929489,0.5281099821848643,0.4303627317342417,0.5986527525313359,0.4139741461568965,0.31643643000495897,0.5690714942756778,0.6666092104276155
OR2J2,ENSG00000204700,chr6,29160906,29185811,125,0.3748933943640177,0.5793964893182079,0.5018280358681343,0.42195739809262445,0.5377927118602075,0.3195438958091575,0.32121528165604846,0.5465207730971033,0.5448493872502123
OR14J1,ENSG00000204695,chr6,29291700,29323017,139,0.3704353560263431,0.5638802076833983,0.4792496641389842,0.4331142074843311,0.5595950842917914,0.32004025312673534,0.28868751387482655,0.5097980672243373,0.5411508064762461
OR5V1,ENSG00000243729,chr6,29343748,29441967,799,0.27357465610211656,0.39887244559329355,0.38238542396932024,0.31948851064447914,0.417028669588457,0.1733385065643533,0.17712071677283797,0.3356096234520565,0.3318274132435718
OR12D3,ENSG00000112462,chr6,29363422,29385291,142,0.2557681950037877,0.5078687459665696,0.3741073577790259,0.399464056001968,0.46255792079675123,0.26791806387952377,0.29900415981984024,0.4410917576981135,0.4100056617577971
OR12D2,ENSG00000280236,chr6,29385630,29408008,244,0.23082282759431189,0.3098012145802322,0.26972591579480276,0.2752952602027227,0.29129921113636525,0.15943710667373956,0.1742223652742622,0.21133852139717624,0.19655326279665356
OR11A1,ENSG00000204694,chr6,29415503,29467071,444,0.24538614127315136,0.29271075055532036,0.35026650547202026,0.2645837987781332,0.32929754276133394,0.09833583592849976,0.12710229108067234,0.24797973855505845,0.2192132834028859
OR10C1,ENSG00000206474,chr6,29429305,29450977,199,0.24172847456950708,0.33347389671396777,0.34134677681598646,0.2781623707065857,0.3751456518730496,0.13241581011366824,0.13069716578246696,0.27326016529639463,0.2749788096275959
OR2H1,ENSG00000204688,chr6,29447154,29474328,180,0.32268882017043515,0.3242294546314408,0.3005863547148539,0.2764175038099088,0.3815979544632802,0.21200660618108835,0.11741296610625487,0.17989508430562842,0.27448872438046196
MAS1L,ENSG00000204687,chr6,29476696,29497956,148,0.25231578162626117,0.28776850920798575,0.2715973804010671,0.2778914947524172,0.23497576435256018,0.1566127581149853,0.1985421974638422,0.1827395347807998,0.14081009543194295
OR2I1P,ENSG00000237988,chr6,29540406,29567721,230,0.36091000707448706,0.5893872956114127,0.6862705481807552,0.36654690739539214,0.6806779582330684,0.08929527573650664,0.10255950525574742,0.8008095581053957,0.7875453285861549
UBD,ENSG00000213886,chr6,29545514,29569732,193,0.3680683901114413,0.6577281313746544,0.6655913377211061,0.38251153558996914,0.6514055775670582,0.21786626447162405,0.2501993330280642,0.8542836557423653,0.8219505871859251
GABBR1,ENSG00000204681,chr6,29545628,29643976,554,0.30354085710745143,0.5660833325960971,0.564301698010739,0.29097449114847107,0.557765153217468,0.1829218394612524,0.1814261689623724,0.6519809344469587,0.6534766049458387
OR2H2,ENSG00000204657,chr6,29575120,29600500,144,0.3031367093351486,0.5140558222222222,0.43935947694547645,0.2684546935262524,0.5058218736865673,0.2520760958057417,0.16469919952822382,0.4695854264124304,0.5569623226899484
MOG,ENSG00000204655,chr6,29647001,29682372,246,0.33396688522520074,0.6339956457733918,0.6282213685690735,0.2454258983754684,0.6316123227927337,0.21103462900761782,0.1440462084567553,0.7940754198499079,0.8610638404007704
ZFP57,ENSG00000204644,chr6,29662482,29691155,284,0.2883336986989981,0.6291965750958355,0.6647960501173176,0.2473380140363671,0.6781832879849772,0.11960661870208433,0.07122456887205975,0.8724765901041361,0.9208586399341607
HLA-F,ENSG00000204642,chr6,29712774,29748528,0,,,,,,,,,
HLA-G,ENSG00000204632,chr6,29816966,29841125,0,,,,,,,,,
HLA-A,ENSG00000206503,chr6,29931259,29955884,0,,,,,,,,,
POLR1H,ENSG00000066379,chr6,30048898,30074909,169,0.3002155984473084,0.2465619062952826,0.26266009682801406,0.3086861066514444,0.29376477572147175,0.16769255849783607,0.15223140165312476,0.11541586411447352,0.13087702095918485
PPP1R11,ENSG00000204619,chr6,30056708,30080333,140,0.32995031924091783,0.276218575815997,0.2404630755337279,0.31022101028842786,0.328567457007824,0.22431145505799222,0.14815407233948066,0.09895437741783605,0.17511176013634758
RNF39,ENSG00000204618,chr6,30060265,30085849,118,0.30581133852330933,0.2642708622058526,0.25125006046540277,0.33563054081139515,0.30075857748830787,0.1912772729467514,0.17902545171182177,0.11561597434366194,0.12786779557859157
TRIM31,ENSG00000204616,chr6,30092896,30123090,337,0.3082402285268508,0.3035926567102386,0.3217098483632229,0.38287542150851894,0.3858661445515225,0.1710784654326497,0.17848126147241283,0.19074206106750752,0.1833392650277444
TRIM40,ENSG00000204614,chr6,30126123,30158735,359,0.17587124071380567,0.3724707116958556,0.3154608400253395,0.18042227123599397,0.27646086681081383,0.14019200410134627,0.1706651625549642,0.3257729303757987,0.29529977192218076
TRIM10,ENSG00000204613,chr6,30141942,30171211,283,0.23247334220705473,0.4505783429775198,0.4036010079362091,0.22126117024381545,0.3586534029063299,0.1733128837033912,0.2023916921932754,0.4255762029869975,0.39649739449711324
TRIM15,ENSG00000204610,chr6,30153205,30182693,271,0.27434766443958003,0.48957365701814437,0.43373234292199264,0.33458027726049344,0.45194446234342917,0.21225238557937232,0.23923378009423507,0.4602565502787943,0.4332751557639315
TRIM26,ENSG00000234127,chr6,30174454,30223427,358,0.40451409477303774,0.42709823631501287,0.35865262113335283,0.3914301558402395,0.39668114099081747,0.3156172710887218,0.2741875885254571,0.24142374796208732,0.2828534305253519
TRIM39,ENSG00000204599,chr6,30316478,30353729,131,0.17308523787841995,0.43781180587322616,0.4906956196990974,0.1983121601377732,0.447819971698885,0.04563141684884098,0.10153672324383434,0.530287203300114,0.47438189690512067
TRIM39-RPP21,ENSG00000248167,chr6,30318906,30356854,141,0.19869816222348388,0.47936990931539686,0.5247925921860808,0.2217471379158649,0.4594445080952606,0.06511457128450471,0.14413065035586703,0.5876009167986818,0.5085848377273194
RPP21,ENSG00000241370,chr6,30335130,30356884,114,0.139326252987473,0.5023482612450533,0.5493171794984024,0.23083484159902143,0.46339588626253714,0.02545153433886871,0.1689048269152046,0.6724032320259287,0.5289499394495928
HLA-E,ENSG00000204592,chr6,30479508,30504194,0,,,,,,,,,
GNL1,ENSG00000204590,chr6,30531380,30566489,66,0.5917259971857558,0.5892340110378765,0.5392692415799617,0.5554943746811426,0.5491162379014211,0.5053034531412731,0.45198922943928443,0.38442814341907683,0.43774236712106557
PRR3,ENSG00000204576,chr6,30547279,30573723,89,0.571854503453087,0.6045989098112594,0.5413209650010471,0.573191367810773,0.5745863057962363,0.4983711116778845,0.4622904800400193,0.4294834993921223,0.46556413102998745
ABCF1,ENSG00000204574,chr6,30561392,30607179,183,0.5605601182372013,0.5720472901454149,0.5247752580202966,0.5528932772966424,0.5184542896971106,0.4635147468382684,0.4614732104974694,0.38522783366061153,0.3872693700014104
PPP1R10,ENSG00000204569,chr6,30590412,30628612,161,0.31451315841370664,0.34047323044261396,0.39136114175209913,0.31469875265650266,0.2901910041362461,0.14866424875221812,0.22568505608150558,0.2675684682103761,0.19054766088108865
MRPS18B,ENSG00000204568,chr6,30607839,30636395,124,0.213009904967716,0.18953898618527926,0.09917539673930648,0.19948729752063,0.19257019229021097,0.1726234737221899,0.10937788287667165,0.037528566641840455,0.10077415748735871
ATAT1,ENSG00000137343,chr6,30616841,30656823,165,0.13235906784176343,0.12885484635443764,0.11805904473878694,0.13372623757424723,0.12467062549540067,0.07714690873480408,0.07417296316472463,0.06079975556262146,0.0637737011327009
C6orf136,ENSG00000204564,chr6,30637038,30663210,100,0.2354790526754866,0.1487500395057046,0.27387235753074574,0.24530307989470915,0.27400980580657575,0.054762929172986974,0.06113486885511776,0.10628653875448002,0.09991459907234923
DHX16,ENSG00000204560,chr6,30643118,30683006,174,0.2663659752446177,0.2827102305642452,0.31526558768004853,0.25381543566565595,0.33059545804981566,0.13164806099859785,0.11184548876786479,0.20062731755462626,0.22042988978535935
PPP1R18,ENSG00000146112,chr6,30666388,30697895,184,0.273411124170532,0.31579231263186863,0.3470556528253524,0.2742741543548627,0.3615703334625387,0.1363124302182995,0.12566648285590507,0.24318134072640502,0.25382728808879945
NRM,ENSG00000137404,chr6,30678046,30701420,132,0.3095987499359022,0.3554332009667978,0.3983899771822417,0.3099481120316313,0.38547486419091886,0.15075664979850883,0.16162992758885875,0.2884201674378117,0.2775468896474617
MDC1,ENSG00000137337,chr6,30689806,30727447,236,0.2314274148978772,0.15081692163413635,0.21258797331074958,0.21004983494796625,0.17424367443620428,0.09384855967531855,0.10390516963989446,0.06963191623552908,0.05957530627095316
TUBB,ENSG00000196230,chr6,30707434,30735538,167,0.26277632732054346,0.22639036203206322,0.20686157205848815,0.24468489773206958,0.2251027220699977,0.16489715409216515,0.14114166805545522,0.09179072223498824,0.11554620827169812
FLOT1,ENSG00000137312,chr6,30717708,30752732,188,0.15478571959370635,0.13465296603158847,0.11075722911652751,0.19095119407075956,0.12145346414210247,0.09770237851057859,0.11351714569502967,0.04692227865780653,0.03110751147335543
IER3,ENSG00000137331,chr6,30733198,30754548,113,0.23760142526422515,0.2377605000900668,0.23464143689030983,0.23507083899262063,0.25622048597652025,0.13768470970228422,0.12172793878980864,0.13380975863272512,0.1497665295452007
DDR1,ENSG00000204580,chr6,30866420,30910156,239,0.3304266631129069,0.4755609318765791,0.44835136775772527,0.3131907967593071,0.48591142432109463,0.22584831907067338,0.17788253848693386,0.41957771018020734,0.46754349076394686
GTF2H4,ENSG00000213780,chr6,30898206,30924106,160,0.2875436772857707,0.4030538897482413,0.3176135207705979,0.2622561833586886,0.41984162402304037,0.23640300543200665,0.137816466565025,0.2795254318168857,0.3781119706838674
VARS2,ENSG00000137411,chr6,30904204,30936459,218,0.291408752379727,0.42510392966630833,0.35679997848509726,0.31130882277217814,0.38575260101977665,0.22837145618875176,0.21958541349457739,0.32519454557854055,0.33398058827271493
SFTA2,ENSG00000196260,chr6,30921352,30965636,272,0.3475425909940448,0.39686343567606325,0.37064055769137755,0.3717781240100905,0.35271940632928145,0.23478415672387778,0.2677490539770125,0.27082747634022797,0.23786257908709324
MUCL3,ENSG00000168631,chr6,30924522,30964221,234,0.3851660479884345,0.4220631308208931,0.3655662590006092,0.3604103521523944,0.34303679284939936,0.2898356295597426,0.2875459296486557,0.25845500958878687,0.2607447094998738
MUC21,ENSG00000204544,chr6,30973717,30999903,165,0.1854035855843949,0.18968330871720915,0.1958030069789657,0.20994477089907185,0.17237696043014555,0.09874079632166678,0.1283925310316078,0.11158933451320054,0.08193759980325951
MUC22,ENSG00000261272,chr6,31000473,31045402,594,0.24092152916713386,0.27743220608333863,0.27377658626865053,0.23228847346948506,0.2777768250374049,0.14034828585051123,0.13193209131157366,0.18459574513641988,0.19301193967535743
C6orf15,ENSG00000204542,chr6,31101222,31122575,355,0.31365311584228356,0.27854972251040033,0.2302363859843905,0.2804675450136727,0.21870753256592493,0.2205960647910882,0.2044198717477007,0.10589575382023361,0.1220719468636211
PSORS1C1,ENSG00000204540,chr6,31104749,31150092,641,0.35163736647576144,0.32857646115079364,0.3149160888614821,0.3215547495965585,0.28170150920054116,0.22672315250548974,0.22771827989746318,0.17163198319287007,0.17063685580089658
CDSN,ENSG00000204539,chr6,31105086,31130446,409,0.3519223151370748,0.30959834084680926,0.2710487103602677,0.3163489638902011,0.24109845143470807,0.24403903727418463,0.23745309333818237,0.1264426987649261,0.13302864270092835
PSORS1C2,ENSG00000204538,chr6,31127533,31149066,249,0.4019389311829976,0.38113277465942336,0.347713919362129,0.37408462596395353,0.35271516132645064,0.2833274485607729,0.2567178970491685,0.19653707938693282,0.22314663089853728
CCHCR1,ENSG00000204536,chr6,31132438,31168238,359,0.4191736966582451,0.4905642131454116,0.47563739873849514,0.393819354478967,0.4475512690323873,0.28609157374570027,0.2908170319205859,0.3883598922050549,0.3836344340301693
TCF19,ENSG00000137310,chr6,31148546,31177159,252,0.39879050063625016,0.5005743686318683,0.4678069212080572,0.3771147017121932,0.45341917326673736,0.28617973663049934,0.2818081918704869,0.4081168414975592,0.41248838625757156
POU5F1,ENSG00000204531,chr6,31154336,31190731,362,0.3329944973323273,0.40623288665166174,0.3887620006417866,0.3015117404369812,0.36523889888163497,0.21697810672681217,0.2127992202375196,0.3042899948404219,0.3084688813297145
HLA-C,ENSG00000204525,chr6,31258748,31282130,0,,,,,,,,,
HLA-B,ENSG00000234745,chr6,31343871,31367188,0,,,,,,,,,
MICA,ENSG00000204520,chr6,31389783,31425315,0,,,,,,,,,
MICB,ENSG00000204516,chr6,31484880,31521124,0,,,,,,,,,
MCCD1,ENSG00000204511,chr6,31518961,31540232,70,0.5445804697743002,0.6664487636855703,0.6223284860615573,0.6272975623483854,0.6861860313638483,0.45538228089213256,0.46298940003993405,0.6425765124073072,0.6349693932595055
DDX39B,ENSG00000198563,chr6,31520218,31552448,151,0.48675663320865076,0.562105856375831,0.5115129347013492,0.5370868088525169,0.5773082559843671,0.3881704699412252,0.36744085524482123,0.4376076090974373,0.4583372237938414
ATP6V1G2-DDX39B,ENSG00000254870,chr6,31520218,31556608,178,0.4781977437633731,0.5375808065095632,0.474915323553868,0.5246941386180141,0.5540053895223783,0.38877714774217553,0.3538159031905678,0.38250630632966975,0.41746755088127746
ATP6V1G2,ENSG00000213760,chr6,31534443,31558427,159,0.48579413506146574,0.5428604032439015,0.4652279924302142,0.4911477852775032,0.4848420736907137,0.41099163632380176,0.39754117400914774,0.3717748350472987,0.38522529736195277
NFKBIL1,ENSG00000204498,chr6,31536869,31568829,196,0.4243068331857633,0.4656107987159096,0.4184821515020344,0.464696319729316,0.44735236151545166,0.31834885363073734,0.3292586341412895,0.3082820105111062,0.297372230000554
LTA,ENSG00000226979,chr6,31562053,31584324,101,0.42778101168018856,0.4025487791381806,0.25296123919195246,0.3314572827560121,0.3305309717277323,0.39083897241350174,0.25823362283587376,0.12424366482058008,0.25684901439820806
TNF,ENSG00000232810,chr6,31565564,31588336,104,0.257889292474574,0.3236037365632439,0.20412039385988154,0.30742676862243357,0.24812125027683563,0.2304628392237122,0.2365686391460034,0.16051334694092553,0.15440754701863438
LTB,ENSG00000227507,chr6,31570524,31592522,112,0.2347247208006976,0.281762933288285,0.20931790905561995,0.25316291588087153,0.2425918282569718,0.18180797798048565,0.17250541238328626,0.14914760997097376,0.15845017556817315
LST1,ENSG00000204482,chr6,31576123,31598909,116,0.3338991067849443,0.28264189370384063,0.31890782876406343,0.3376585060606875,0.32170248508768673,0.17721830283568266,0.1779924208037594,0.15496180932972284,0.15418769136164606
NCR3,ENSG00000204475,chr6,31578894,31603006,121,0.3456849173447432,0.29346633868913674,0.3161475656145167,0.3508969797938733,0.30843957184972887,0.19576878738505987,0.205371763113629,0.15161564543995534,0.14201266971138618
AIF1,ENSG00000204472,chr6,31605216,31627021,128,0.42600117090629247,0.48626093413191795,0.4151477208707803,0.432753338827192,0.4811032291119185,0.34238587050234254,0.2884752610429783,0.32365392587767133,0.37756453533703566
PRRC2A,ENSG00000204469,chr6,31610714,31647771,216,0.4176211175804979,0.46559319674111865,0.4738849319878913,0.4993995605627038,0.4309654397729948,0.2624983194204338,0.3773654200954967,0.36409960677119707,0.24923250609613412
BAG6,ENSG00000204463,chr6,31629027,31662705,171,0.34208377253514893,0.4044771091219045,0.35649708641776734,0.45337458166068423,0.46822434002504515,0.2480821982820512,0.24538669237307958,0.2702332528818145,0.2729287587907861
APOM,ENSG00000204444,chr6,31642415,31668210,114,0.31752623930243823,0.3392794577849066,0.3228471713880457,0.35722397704677683,0.4066543616430624,0.20329860985259673,0.16720253491016995,0.2111256989846417,0.24722177392706848
C6orf47,ENSG00000204439,chr6,31648297,31670778,108,0.341656294749542,0.3875008549759602,0.3743166189255742,0.3418609224164241,0.3886013851580225,0.21966252560398897,0.20827030162321794,0.270545206839359,0.28193743082013
GPANK1,ENSG00000204438,chr6,31651227,31676283,123,0.31624406213208767,0.3451384963599654,0.2882175380760936,0.36012955990531187,0.3575052239003359,0.23175140314249565,0.2137122390862741,0.19158010738637268,0.20961927144259426
CSNK2B,ENSG00000204435,chr6,31655226,31680343,119,0.3118990750155776,0.34590472913433945,0.3609494719528601,0.3916398804513151,0.3665202508254823,0.1752751342195985,0.23248164409442507,0.24922712980826753,0.192020619933441
XXbac-BPG32J3.22,ENSG00000263020,chr6,31656101,31683546,125,0.31614032447897233,0.3800905820616927,0.38180773532987927,0.42426461004452926,0.37482405725500334,0.18861434242073755,0.28028343376203435,0.2895675692954257,0.1978984779541289
LY6G5B,ENSG00000240053,chr6,31660166,31683776,105,0.3288307793530919,0.36650890340999986,0.3185850232438644,0.40393493179700085,0.3687725565442769,0.23582976055557775,0.2569128722526052,0.22067957308141314,0.1995964613843857
LY6G5C,ENSG00000204428,chr6,31666683,31694040,110,0.36168026485722976,0.49116053304517737,0.4322869765931706,0.4504992380883872,0.4736484659654182,0.27919972087795636,0.3162909230181477,0.3964229803860482,0.35933177824585677
ABHD16A,ENSG00000204427,chr6,31676954,31713356,128,0.25346710945600853,0.33422536950883114,0.2775285376344234,0.268308294117261,0.33607412744872645,0.18702115171841063,0.1548076527335323,0.21978290664695432,0.2519964056318326
XXbac-BPG32J3.20,ENSG00000204422,chr6,31676961,31724072,153,0.24655041865419347,0.31136362213997787,0.261646680985541,0.2635217975403171,0.3113942332081981,0.1764011298105498,0.15291559346565442,0.1966407709375704,0.22012630728246577
LY6G6F,ENSG00000204424,chr6,31696865,31720679,84,0.20115367894943453,0.20888192267502614,0.22445490659284534,0.18701418219718102,0.20068171371605614,0.10235279332034355,0.10867680173417946,0.13195525302334982,0.12563124460951386
LY6G6F-LY6G6D,ENSG00000250641,chr6,31696903,31727918,97,0.19452075348415565,0.23733062292188664,0.23647987637857174,0.17957595391960854,0.22706209579342737,0.10871635255634135,0.10565401989355849,0.16221430873936926,0.16527664140215212
LY6G6E,ENSG00000255552,chr6,31701770,31724065,71,0.22453803968535432,0.32362145303060047,0.19617721603769037,0.24458592542744018,0.2606217061254056,0.21346113813853185,0.18477301328081364,0.17754124080737488,0.20622936566509317
LY6G6D,ENSG00000244355,chr6,31705355,31727804,72,0.2312854848523685,0.30030235984191617,0.2264027137529175,0.24537298236488692,0.26797051929442434,0.18171937858281914,0.16335207820850367,0.1753876013013122,0.19375490167562764
MPIG6B,ENSG00000204420,chr6,31708593,31736714,84,0.33858810655613164,0.4223133529116283,0.18993939773440538,0.35486783241798714,0.42640199213147545,0.3757279851251796,0.2155986499223479,0.17299570525694513,0.33312504045977676
LY6G6C,ENSG00000204421,chr6,31708647,31731746,71,0.34364908024402974,0.44116433395433813,0.18881627986277577,0.35258548582751015,0.424272543420246,0.39684940335097196,0.23227372507123129,0.18505042414761136,0.3496261024273522
DDAH2,ENSG00000213722,chr6,31717037,31740617,59,0.4808930847512315,0.5802289613026098,0.4801509802151295,0.2842435342435343,0.6005999588737869,0.43473721040109015,0.14233470439169077,0.43330865190831075,0.7257111579177102
CLIC1,ENSG00000213719,chr6,31720580,31749763,89,0.4452534970112824,0.5372184647226226,0.4226382927279934,0.4780459392970407,0.58050636496097,0.40522893503152696,0.2759844788350889,0.365271247271935,0.4945157034683729
MSH5,ENSG00000204410,chr6,31729676,31772676,169,0.40459892473653053,0.40515208256148877,0.33263294853419567,0.48195918716182534,0.3862548642141919,0.3167772245614403,0.34448761615521784,0.20267228249023417,0.17496189089645642
MSH5-SAPCD1,ENSG00000255152,chr6,31730019,31774851,181,0.3378394878069734,0.4245620133644938,0.3654844152941301,0.3992924212538952,0.4056493617360956,0.25498883459844246,0.27099249963307875,0.2976349776568197,0.2816313126221833
SAPCD1,ENSG00000228727,chr6,31752995,31774851,99,0.23822650942462667,0.340102518077476,0.32068188891112304,0.357369473280408,0.2834922909772218,0.15055552432715896,0.26224492118594367,0.26511526211994413,0.15342586526115942
VWA7,ENSG00000204396,chr6,31755589,31787328,133,0.2413010654497054,0.28682009197781316,0.2757659186198396,0.2679521606882526,0.29685594078499955,0.1457655919499136,0.14886874518371035,0.19225597302981975,0.18915281979602303
VARS1,ENSG00000204394,chr6,31767517,31805752,138,0.2193478452000884,0.2938569923097957,0.21284196576718947,0.293384109571635,0.23736563327621127,0.1781184347157836,0.21211449494791976,0.1698190668180014,0.13582300658586524
LSM2,ENSG00000204392,chr6,31787395,31816966,105,0.17387200523110377,0.2462215446762252,0.26922882090096006,0.2455875897285875,0.28114353350850146,0.08000372368769726,0.11718965335576106,0.2026530562922881,0.16546712662422425
HSPA1L,ENSG00000204390,chr6,31799618,31825283,92,0.27170866188934384,0.27023981706029293,0.36519417226087947,0.24623161139417618,0.33979825344539183,0.08882866326147701,0.0912498181693508,0.2262106520725458,0.22378949716467192
HSPA1A,ENSG00000204389,chr6,31805542,31827946,83,0.3555078550318866,0.3457758674651032,0.3310280709457314,0.3916652079337908,0.3918285154076469,0.23079237055669855,0.21201839495065328,0.19351290538199303,0.21228688098803827
HSPA1B,ENSG00000204388,chr6,31817737,31840254,90,0.10942260731060224,0.19597964789049482,0.13963979635621426,0.16525749446926513,0.17352329891694332,0.09180591567643048,0.10408956143899052,0.12632478087808688,0.11404113511552684
NEU1,ENSG00000204386,chr6,31847658,31872905,70,0.3063956697232344,0.5680694490139275,0.4961457565731859,0.38257480818617795,0.47116271841955765,0.2599379116629548,0.34230666962471795,0.5795525536049178,0.4971837956431546
SLC44A4,ENSG00000204385,chr6,31853191,31889046,119,0.3945807413046083,0.5521936843152183,0.5346354802161042,0.5208859617805921,0.521727432509282,0.2701471377538609,0.4008183106354446,0.5332473333560637,0.40257616047448
EHMT2,ENSG00000204371,chr6,31869758,31907687,143,0.479272222521553,0.5480224649620431,0.5471802272466959,0.515804129647205,0.5837135043934623,0.32719479507209426,0.3215035002748112,0.4669280065564176,0.47261930135370056
C2,ENSG00000166278,chr6,31887784,31955672,247,0.4789819627324681,0.5447915304411154,0.49208882316136454,0.46062014313798866,0.5390001806325901,0.3807608560125789,0.31498868743365355,0.40623893409396544,0.4720111026728907
ZBTB12,ENSG00000204366,chr6,31889612,31912086,77,0.5293662397281798,0.6481899448116926,0.5823870591295603,0.5023589320505081,0.5987528032419248,0.46256933861491784,0.4146812415231577,0.5820945263565106,0.6299826234482706
XXbac-BPG116M5.17,ENSG00000244255,chr6,31917697,31962048,169,0.4294879553757544,0.3959149169393336,0.3686405968566838,0.4037694388938413,0.48002222251837423,0.30269061048858836,0.18359943013542085,0.20134961448493555,0.32044079483810306
CFB,ENSG00000243649,chr6,31935649,31962084,119,0.42060473210794724,0.38406033563197656,0.3630876774166234,0.455856822205094,0.439892412523782,0.289626677298219,0.2567613733838349,0.1949795904020707,0.22784489431645477
NELFE,ENSG00000204356,chr6,31942086,31969038,125,0.4743942728601218,0.4872027607599071,0.46040505344581495,0.5005211769641241,0.5002883662522216,0.3470710763555209,0.3341703778828177,0.3208036807318147,0.33370437920451795
SKIV2L,ENSG00000204351,chr6,31949116,31979751,130,0.4509262466025261,0.4762652264320567,0.35770880677482647,0.48197532161775825,0.5102183718784509,0.4017894395721461,0.29535331610057347,0.24498044054288837,0.3514165640144611
DXO,ENSG00000204348,chr6,31959809,31982290,83,0.4430902689285642,0.43852397465724363,0.388751232541135,0.4488626433627225,0.4411012296053994,0.3351435317546433,0.29558525264160423,0.24204267148013986,0.2816009505931789
STK19,ENSG00000204344,chr6,31961090,31992821,76,0.28462202397570086,0.47670394280405926,0.43336760023971127,0.34516030326604535,0.4688136843358022,0.2072538139293808,0.2191651344587609,0.4403540862033785,0.4284427656739983
C4A,ENSG00000244731,chr6,31972056,32012681,23,0.38483798456869805,0.39479829402143174,0.36131814980721133,0.4301541677398607,0.47345908927069574,0.26985712436740716,0.21157832771166213,0.23233635383707255,0.29061515049281766
C4B,ENSG00000224389,chr6,32004794,32045418,16,0.30472883807910794,0.19622019006634392,0.12110860205046313,0.3567215977300011,0.20100236669915073,0.2263946616379356,0.21760514736311642,0.0,0.0008247681905309279
CYP21A2,ENSG00000231852,chr6,32028326,32051644,36,0.34109580624399655,0.15623022321046778,0.1744120307553143,0.3706208965091979,0.21792684716413527,0.19769663885709887,0.1935450482554888,0.0,0.0
TNXB,ENSG00000168477,chr6,32031152,32125334,282,0.4114409214261653,0.3192382993412154,0.3228308094623997,0.4359665352327512,0.38218573512361137,0.26239340173839953,0.23780862263256344,0.12214955794366078,0.1467343370494969
ATF6B,ENSG00000213676,chr6,32105263,32138253,99,0.27581171721968306,0.3267644099279913,0.35424959727519706,0.35123360610217214,0.39620088834949047,0.14051079450833076,0.16191439646028666,0.25514915654326414,0.23374555459130827
FKBPL,ENSG00000204315,chr6,32118706,32140288,62,0.3258861320860557,0.32684596205687666,0.3213331863276092,0.291425681589616,0.3009271036004758,0.20125617923640388,0.191140583715105,0.19452491375997175,0.20464050928127062
PRRT1,ENSG00000204314,chr6,32138358,32163083,75,0.5387519011468327,0.5466930327395838,0.5975507999688456,0.5725995294215633,0.6081099665253148,0.3274092776192053,0.3522227903706933,0.4637764734472929,0.4389629606958048
XXbac-BPG300A18.14,ENSG00000285085,chr6,32140494,32164373,75,0.6070387985333409,0.582799902854341,0.6028918328197793,0.6215970697870571,0.4648985272071743,0.4423435724995786,0.6103430699236803,0.4318457505044366,0.26384625308033494
PPT2,ENSG00000221988,chr6,32143440,32173678,91,0.5597245771144278,0.5367584305351838,0.5319329152210349,0.5393111468237054,0.5706103451219644,0.41535887483043943,0.3495742647633839,0.3541477378246461,0.4199323478917017
PPT2-EGFL8,ENSG00000258388,chr6,32143844,32181978,127,0.5278039313128644,0.534655922457065,0.46939899394477286,0.5189611117729354,0.5339056047851949,0.4407971169998744,0.3667091291135169,0.3241810783189595,0.398269066205317
EGFL8,ENSG00000241404,chr6,32154594,32178281,72,0.5240543587481313,0.4295675370593937,0.38186757348789674,0.5105817847624066,0.44052346050054775,0.41137978356890936,0.34757236237547257,0.1499807153438807,0.21378813653731754
AGPAT1,ENSG00000204310,chr6,32158211,32188096,102,0.35148718012035507,0.36053077044771403,0.37520504468681637,0.4142259621606589,0.4168760155113382,0.20492926393706756,0.2212912456904158,0.24218751159930682,0.2258255298459586
RNF5,ENSG00000204308,chr6,32168404,32190793,80,0.3922173739479994,0.34102503564833214,0.3482761135506037,0.39635016519119287,0.3844317191897975,0.24343671282700655,0.21831066221314793,0.17363302273593267,0.19875907334979132
AGER,ENSG00000204305,chr6,32170967,32194322,87,0.32815849590515905,0.35794346998095616,0.22228054681626153,0.41816245443929373,0.32431275418157357,0.2947111648011642,0.2963089818110898,0.14836776137828372,0.1467699443683581
PBX2,ENSG00000204304,chr6,32174732,32200202,93,0.41897273319462225,0.32473919358324244,0.3941152299862027,0.48383049166719166,0.4442963097508552,0.21727420789311258,0.233228143893699,0.17538207496529934,0.15942813896471303
GPSM3,ENSG00000213654,chr6,32180765,32205523,99,0.3828014461208161,0.4606332878203864,0.44281109786499656,0.4108532883366487,0.4268979605386399,0.2575365649578124,0.29487406220564377,0.35982301790447363,0.3224855206566421
NOTCH4,ENSG00000204301,chr6,32184842,32234067,345,0.29567799179168275,0.3088419050065219,0.23767899736997725,0.27790138102723727,0.26989169065061924,0.22425938522694105,0.1902089304774282,0.14512730455940287,0.1791777593089157
TSBP1,ENSG00000204296,chr6,32278525,32381912,994,0.28854264652254813,0.3113091426867109,0.32264345448386633,0.3278183975006797,0.31150917182884186,0.16192255217966625,0.19846812129371433,0.21104023962193197,0.17449467050788386
BTNL2,ENSG00000204290,chr6,32383962,32417128,517,0.18990073059013404,0.1985141578486024,0.14340979663706913,0.17635765942205783,0.13618331227070857,0.13854540237871643,0.13445608380387497,0.08274256890022262,0.08683188747506405
HLA-DRA,ENSG00000204287,chr6,32429877,32455046,0,,,,,,,,,
HLA-DRB5,ENSG00000198502,chr6,32507352,32540287,0,,,,,,,,,
HLA-DRB1,ENSG00000196126,chr6,32568768,32599848,0,,,,,,,,,
HLA-DQA1,ENSG00000196735,chr6,32618178,32657062,0,,,,,,,,,
HLA-DQB1,ENSG00000179344,chr6,32649466,32678383,0,,,,,,,,,
HLA-DQA2,ENSG00000237541,chr6,32731390,32757198,0,,,,,,,,,
HLA-DQB2,ENSG00000232629,chr6,32746097,32773532,144,0.25836851644733194,0.5691486597086024,0.45019402804341757,0.21740267889778664,0.5011590982824897,0.2713525686590485,0.19583054523850257,0.5706395978346833,0.6461616212552292
HLA-DOB,ENSG00000241106,chr6,32802762,32830466,346,0.25862188307421047,0.2427724977721734,0.31530882850311104,0.22840413278430255,0.2836868181585559,0.09927432851091933,0.10187404529483746,0.17881721083971477,0.17621749405579662
XXbac-BPG246D15.9,ENSG00000250264,chr6,32803766,32848822,534,0.27485267573849925,0.2289410585052897,0.3158340473726982,0.2422362549269942,0.29993609088223033,0.10090806456714727,0.09039521737311504,0.15908239566120355,0.16959524285523583
TAP2,ENSG00000204267,chr6,32811832,32848770,404,0.2468855565536975,0.24973674271710458,0.30400872383724864,0.2464897128953835,0.3140436750375655,0.10422552537883722,0.0967012066964113,0.18310559895191295,0.19062991763433895
PSMB8,ENSG00000204264,chr6,32830716,32854679,272,0.291517148438786,0.3698438251330173,0.2642937744701653,0.3137178440269498,0.31178981691255636,0.24974631384166188,0.23229651720471808,0.21204127986192717,0.2294910764988709
PSMB9,ENSG00000240065,chr6,32834135,32869851,350,0.2812771364950401,0.3294329487280806,0.23303535535778885,0.3255098389120483,0.2443837807472507,0.232298223875168,0.25660404579269336,0.16733335548812073,0.14302753357059528
TAP1,ENSG00000168394,chr6,32835208,32863816,291,0.26872245424082414,0.2878000772070145,0.17687707975266223,0.30798071483166445,0.23610117903463113,0.22885454756681095,0.2191090698400878,0.11054206897802152,0.12028754670474467
HLA-DMB,ENSG00000242574,chr6,32924628,32951028,185,0.26811398339748954,0.32812551965484577,0.27806453430659533,0.295479718781036,0.34777993898889586,0.1919973532477214,0.16027432197354155,0.2056863878584576,0.23740941913263752
XXbac-BPG181M17.5,ENSG00000248993,chr6,32927363,32963122,218,0.30497891824242335,0.43859675548159704,0.4219663464394781,0.3772343747556897,0.4089282813615687,0.19650287414910877,0.2625414762846053,0.3808129615874204,0.3147743594519238
HLA-DMA,ENSG00000204257,chr6,32938612,32979094,236,0.45879851514360154,0.4958333702462336,0.5060292530375743,0.42150275426947814,0.5457848060690245,0.2967665548951242,0.2214928732878726,0.38808189606579885,0.4633555776730503
BRD2,ENSG00000204256,chr6,32958593,32991505,245,0.4824113825795171,0.5205583087018132,0.5285654386485372,0.5059944718280767,0.5480263103131966,0.32086627376444893,0.32310512845436984,0.4142667214204956,0.41202786673057457
HLA-DOA,ENSG00000204252,chr6,32994181,33019591,274,0.3949442900612171,0.5358522424387087,0.4923952606335116,0.32951438865431426,0.48177105736165465,0.29596743535159253,0.2549836051741949,0.4715848990764818,0.5125687292538795
HLA-DPA1,ENSG00000231389,chr6,33054568,33090775,1306,0.12093274682765033,0.16406940888092822,0.1140737043933159,0.16254320216500148,0.11007984345490325,0.09349102395058026,0.11998588179104624,0.08571867037080629,0.05922381253034027
HLA-DPB1,ENSG00000223865,chr6,33065989,33099696,1089,0.12860509174556012,0.13379980692214047,0.13666479834164932,0.14721462634345311,0.1392361871264836,0.06717349345882354,0.07647573728817943,0.07646573384064216,0.06716349001128628
COL11A2,ENSG00000204248,chr6,33152680,33202499,298,0.47683316331849274,0.3375537729621677,0.3739741346060912,0.41424898187335313,0.3026510992498724,0.2956535836659878,0.2931034680424378,0.11616230748531708,0.1187124231088672
RXRB,ENSG00000204231,chr6,33183587,33210665,114,0.4644330075413156,0.3514953970080552,0.36868958965704524,0.4394818071082199,0.3293724853873484,0.29877893410755685,0.3062191700333759,0.13430724323742,0.126867007311601
SLC39A7,ENSG00000112473,chr6,33190444,33214439,101,0.4738052516298267,0.4471736242121638,0.44009918271387866,0.5023117019167226,0.40488841584411445,0.32739978119092195,0.3857431226758861,0.2653115134010305,0.20696817191606637
HSD17B8,ENSG00000204228,chr6,33194654,33216831,89,0.487939129030961,0.4148448676372502,0.2882307435717277,0.4593438191882182,0.39727236063310695,0.4325942788160422,0.32228007527427655,0.10328400456310682,0.21359820810487246
RING1,ENSG00000204227,chr6,33198499,33222722,95,0.4742797994484738,0.41490513709680715,0.3130148499371246,0.4078770322661626,0.30664507579782446,0.40176241467698937,0.34690449061282014,0.1342188714107329,0.18907679547490214
VPS52,ENSG00000223501,chr6,33240271,33282047,174,0.2745590361506514,0.5534638624624288,0.47198664092977843,0.25699240595852746,0.49224679375010516,0.2442884177511772,0.21276209821083825,0.5619465290549395,0.5934728485952785
RPS18,ENSG00000231500,chr6,33262074,33286511,116,0.28812830915986637,0.4732048753752485,0.5223250558175933,0.28304471106558143,0.48147524431435024,0.12098817312463028,0.15845892753584334,0.5199553907298551,0.482484636318642
B3GALT4,ENSG00000235863,chr6,33267122,33294832,124,0.38730047155526715,0.4426800598200294,0.4785315418173214,0.30404700575701826,0.43864518258944263,0.21169497235795953,0.18484343136195042,0.3729208327139486,0.39977237370995766
WDR46,ENSG00000227057,chr6,33269107,33299247,125,0.38767991187686535,0.426530030353883,0.3987575864419194,0.32028110011307,0.4498022611619485,0.2688963725247041,0.1723240578370719,0.2871533345613375,0.3837256492489698
PFDN6,ENSG00000204220,chr6,33279301,33308401,115,0.44464736640004066,0.29977987531181743,0.4358977883396313,0.4604161570126263,0.4756561252614348,0.18599635156107158,0.16385503340228175,0.17036417797079045,0.1925054961295803
RGL2,ENSG00000237441,chr6,33281653,33308942,104,0.5663278589445596,0.47772406020581215,0.41696614566087664,0.30390561038229064,0.47751709945717075,0.47275782553613477,0.18133309956909321,0.17680138493847336,0.4682261109055149
TAPBP,ENSG00000231925,chr6,33289693,33324387,115,0.4837081298598267,0.24379371984700055,0.34439266521245077,0.36963249370132745,0.2372282784741722,0.25916543600475994,0.23504844556959875,0.02027564667140208,0.0443926371065633
ZBTB22,ENSG00000236104,chr6,33304405,33327942,77,0.4387434800647202,0.28664433811802237,0.3722999009712264,0.2954358818509763,0.2375322418486273,0.22482980285416052,0.20837802107112524,0.1129453555663702,0.12939713734940553
DAXX,ENSG00000204209,chr6,33308557,33333016,63,0.39088364779539503,0.13756700299761193,0.32791232011489563,0.25951609170169887,0.16474074074074074,0.12318866088803493,0.1342180409534248,0.02480915684110721,0.013779776775717373
XXbac-BPG185D15.13,ENSG00000285064,chr6,33311385,33339286,77,0.4350871779535837,0.1778440583665757,0.31946576735904425,0.33309759384631593,0.21537392583812717,0.19101594794006416,0.17919436997631277,0.004809243962231258,0.01663082192598267
SMIM40,ENSG00000286920,chr6,33313627,33339279,67,0.4739159773080423,0.17730600805745317,0.34894150092111503,0.3314628196342009,0.19155934318389187,0.2041547636279878,0.1925931161503078,0.0,0.0025778515369630772
KIFC1,ENSG00000237649,chr6,33381822,33419896,132,0.6414191749038828,0.7923452997744497,0.702112271745745,0.6285184746887669,0.6246349991990146,0.6932206251764365,0.7911392144764542,0.8786580486586006,0.7807394593585831
PHF1,ENSG00000112511,chr6,33400398,33426453,83,0.4923555237547785,0.7892686533383628,0.6110271481989741,0.596147661599891,0.5487141551716634,0.6454496970718204,0.8341114121039588,0.9117214982616075,0.7230597832294692
CUTA,ENSG00000112514,chr6,33406441,33428317,58,0.590885430177259,0.7886406373473963,0.7264204477370518,0.49074448793720277,0.6214726794625801,0.5758963310570363,0.6287669130442413,0.9782991226145472,0.9254285406273424
SYNGAP1,ENSG00000197283,chr6,33409660,33463689,143,0.5352881714687004,0.7459468561173959,0.7590557219039957,0.4895305965153307,0.7277712903032815,0.35668000580551884,0.3707618310107479,1.0135318001589149,0.9994499749536856
ZBTB9,ENSG00000213588,chr6,33443969,33467544,78,0.5986226211112325,0.8185847780833575,0.8244313035349042,0.5822407504271716,0.8164712917721326,0.4400475756020442,0.4422163130038065,1.2669192556769189,1.2647505182751568
BAK1,ENSG00000030110,chr6,33562546,33590293,150,0.3591047994989074,0.736418869235099,0.6371832623995521,0.3575237919410069,0.6470957345892505,0.382212981820767,0.36713054663678435,0.951181079929406,0.9662635151133888
ITPR3,ENSG00000096433,chr6,33610364,33706574,681,0.5405303974319472,0.7171394701809742,0.6394292418065507,0.4949104999067745,0.6641388381024557,0.5102083796895234,0.42738177738194705,0.752592950623368,0.8354195529309445
UQCC2,ENSG00000137288,chr6,33684292,33721727,312,0.5708310856143753,0.7492931724161509,0.6638448318436109,0.43969052201542136,0.5739674753489027,0.5695966611001686,0.5547487310357001,0.8138743790085892,0.8287223090730578
IP6K3,ENSG00000161896,chr6,33711661,33756905,328,0.5064550325438457,0.7108335698230157,0.6377211723639865,0.4246281045224609,0.6042968039298926,0.46577652845177775,0.43320034627543924,0.7749763452095437,0.8075525273858825
LEMD2,ENSG00000161904,chr6,33761201,33799130,329,0.43279499581140635,0.5987607098110593,0.5176554364028647,0.36423522893834615,0.5066403234551472,0.37556760955432195,0.32980356648662335,0.5376296864577086,0.5833937295254071
MLN,ENSG00000096395,chr6,33784672,33814003,240,0.41170506412429575,0.48451946860507733,0.46007238200466927,0.38435644928090246,0.41887230342190424,0.2884312093721074,0.30247905917019674,0.37422453331638394,0.36017668351829457
GRM4,ENSG00000124493,chr6,34008642,34165622,866,0.4067723637329637,0.3741891587676591,0.43830139875710966,0.44478669824199707,0.4438024921237263,0.20704716789421218,0.23523910893066574,0.26165995620591354,0.23346801516945986
HMGA1,ENSG00000137309,chr6,34226872,34256231,69,0.7464342193007528,0.7455305433510322,0.7400986415840254,0.6739223690835089,0.7270021991852526,0.6966266761871528,0.5954513591130839,0.6719477871736838,0.7731231042477525
SMIM29,ENSG00000186577,chr6,34236380,34259108,81,0.7949301203615163,0.7967821323153419,0.7379016676530592,0.7304225092302488,0.7454912483225641,0.9194227929678012,0.7679779872060267,0.6740538426567716,0.825498648418546
NUDT3,ENSG00000272325,chr6,34269678,34402669,772,0.2978601591928938,0.313360182857658,0.18448724919344475,0.3335996240601504,0.23735046612845492,0.26281493888580976,0.25542667607109604,0.11313046899430046,0.12051873180901418
RPS10-NUDT3,ENSG00000270800,chr6,34274886,34436071,936,0.2573596502863558,0.3328335062972271,0.2758471194353871,0.3369763533140205,0.32015423615312355,0.18975315178334398,0.21488547364851607,0.21496249668571013,0.1898301748205381
RPS10,ENSG00000124614,chr6,34407453,34436069,177,0.42465942546620056,0.6739287483763842,0.6880969156336273,0.5197819780164956,0.7085779790076792,0.25418485088322207,0.31058580276658165,0.8664545073510522,0.8100535554676926
PACSIN1,ENSG00000124507,chr6,34456060,34545229,607,0.4075526270693407,0.6630888318355324,0.634206337935557,0.4172672289762295,0.6226119806507705,0.30287167094848777,0.32674057700019105,0.7850643083799411,0.7611954023282379
SPDEF,ENSG00000124664,chr6,34527801,34566333,284,0.49146509676601297,0.5836172183332313,0.6644660494798765,0.4216922121617001,0.6258106918860664,0.2301697929625489,0.22040295124422143,0.6459805005977804,0.6557473423161079
ILRUN,ENSG00000196821,chr6,34577287,34706859,680,0.3844286026436124,0.3955540325692675,0.36309549136035535,0.3588938699755083,0.33988312096953655,0.26875589768221786,0.2663324464653242,0.23468709914289207,0.23711055035978576
SNRPC,ENSG00000124562,chr6,34747504,34783857,224,0.34716101167794083,0.3450600840362446,0.2990432876262436,0.33533741416411633,0.2845187739962257,0.2471636930804596,0.24844380820083686,0.17604808582704853,0.17476797070667127
UHRF1BP1,ENSG00000065060,chr6,34782014,34893138,604,0.38450620069517943,0.39333994875963185,0.29189773275412,0.3943702255311475,0.27077223851417404,0.3199751746898689,0.3427519696340595,0.17981151749783553,0.15703472255364492
TAF11,ENSG00000064995,chr6,34867461,34898071,146,0.32563438192578026,0.3501777149803841,0.2216835363082042,0.3087397894569458,0.2365623532425393,0.28720857219740653,0.26518574548255913,0.14384778893986588,0.16587061565471328
ANKS1A,ENSG00000064999,chr6,34879254,35101406,1031,0.452701523943827,0.5076694960835966,0.4405366967067076,0.4751262174921759,0.472666762653065,0.36529432781295124,0.356639945154878,0.3433107042762479,0.35196508693432116
TCP11,ENSG00000124678,chr6,35108070,35158610,238,0.3524474992372761,0.14014408039788748,0.213653380233048,0.34935373684569276,0.2341287491602828,0.17259412693076798,0.15701919746515391,0.0,0.0
SCUBE3,ENSG00000146197,chr6,35203955,35263079,204,0.6248131913645062,0.6757531176826954,0.6684367282848561,0.5880724978900066,0.7010286690191849,0.5013223344565608,0.40287519428162666,0.6249277364336764,0.7233748766086108
ZNF76,ENSG00000065029,chr6,35248908,35305985,219,0.5787576792187705,0.6705605175045755,0.6823898160393161,0.5667817960069901,0.6748134235246429,0.41398957444530704,0.4117600846237357,0.6963730321199717,0.6986025219415433
DEF6,ENSG00000023892,chr6,35287817,35331771,177,0.5494704973012943,0.5865101093732041,0.6500809115619676,0.5226804656886102,0.6154658699925126,0.31520030064772475,0.3334843064530812,0.5679219124723222,0.5496379066669657
PPARD,ENSG00000112033,chr6,35332557,35438191,468,0.4864195277626938,0.29904778318410274,0.3797760648579094,0.42758345225838923,0.40192227053033486,0.27199471340851966,0.19958466490647875,0.08332084517630367,0.15573089367834458
FANCE,ENSG00000112039,chr6,35442337,35477102,195,0.31155295580059356,0.30114423884967756,0.26567061436749967,0.3617345157328804,0.3345376295093009,0.21141509504085926,0.20001934250854797,0.1468958132862787,0.15829156581859005
RPL10A,ENSG00000198755,chr6,35458400,35480785,120,0.2510406112334947,0.2370529512957902,0.2547934533509053,0.25050670816070236,0.34695255880935977,0.13277165562896767,0.06640952968547609,0.13779499329184972,0.20415711923534127
TEAD3,ENSG00000007866,chr6,35463596,35507079,246,0.27589558398502595,0.27841933198103547,0.3133121906777552,0.37183141064241554,0.3827320192314633,0.13662763047327053,0.15440288722416465,0.18968347055867363,0.17190821380777951
TULP1,ENSG00000112041,chr6,35487873,35522896,206,0.34533847418960034,0.7069945634300842,0.682887115269495,0.4189146461352939,0.659454625129472,0.25135179072287683,0.3466074184635125,0.976212324568203,0.8809566968275673
FKBP5,ENSG00000096060,chr6,35563584,35738583,896,0.4247629774683185,0.5506435649673589,0.516045874698592,0.48915138834528504,0.5596324946238695,0.3135734075260789,0.3257375973448629,0.4863654566961416,0.4742012668773576
ARMC12,ENSG00000157343,chr6,35727031,35759079,225,0.5359576740920026,0.5523342601713196,0.43483278173220746,0.4296940647269254,0.3751154079677056,0.5004271613517396,0.44755123802572744,0.3032812801526613,0.3561572034786735
CLPSL2,ENSG00000196748,chr6,35766593,35789552,137,0.41799788089764883,0.4970927618577074,0.38808560905716394,0.3724539281582973,0.3813046128835603,0.3687339214773231,0.3365727501351947,0.3186156216241618,0.3507767929662901
CLPSL1,ENSG00000204140,chr6,35771018,35803675,157,0.39198421155662794,0.37291015119033016,0.29005566476835243,0.32258359576391094,0.2947459035105519,0.3108255827474038,0.25346872547400623,0.15583986633125685,0.21319672360465436
CLPS,ENSG00000137392,chr6,35784981,35807344,85,0.2656771428795164,0.3586102175689735,0.31520260081224044,0.2242687750462696,0.23128038553807612,0.18714607855896426,0.217519056899792,0.25697184339542134,0.2265988650545936
LHFPL5,ENSG00000197753,chr6,35787205,35855397,334,0.3019990937863858,0.4580287513747369,0.3851419405035869,0.2609018457355761,0.36071306707668116,0.2428566841531985,0.23373249057687057,0.3696856416131824,0.3788098351895104
SRPK1,ENSG00000096063,chr6,35822965,35931342,587,0.3208699741123785,0.5441101813110181,0.42964188327772096,0.2607426802739608,0.4513859438022882,0.30547797873281085,0.24362663211163116,0.4800261456131856,0.5418774922343652
SLC26A8,ENSG00000112053,chr6,35933515,36034868,580,0.4499781249317633,0.6450625407476901,0.6641157171026763,0.4343690804814622,0.5532218094690621,0.2713111651831548,0.3999670748527088,0.7645025109637749,0.6358466012942208
MAPK14,ENSG00000112062,chr6,36017676,36121236,593,0.4830448877902326,0.5635052716733038,0.49140592350721546,0.4506810312854453,0.5434886731931011,0.4063365699939442,0.3219566103270576,0.4226424109253456,0.5070223705922323
MAPK13,ENSG00000156711,chr6,36117808,36154524,173,0.5786590293712317,0.6952408584021676,0.6450944416574557,0.5695551991052383,0.5337658067023409,0.5083214114543857,0.6340512439556059,0.6799121025766257,0.5541822700754058
BRPF3,ENSG00000096070,chr6,36186743,36242790,265,0.6104605103959585,0.7321476885702718,0.7492234373210198,0.5459997133627571,0.7360524547998931,0.43845831786273237,0.387486044352219,0.8788612092618963,0.9298334827724097
PNPLA1,ENSG00000180316,chr6,36233202,36323955,544,0.3501903025046604,0.4688937409504838,0.4768661302157247,0.39375578879649337,0.4537391341250362,0.2079755080491777,0.26430345542675726,0.42481765850623493,0.36848971112865553
BNIP5,ENSG00000189325,chr6,36305760,36346888,225,0.2760493686906314,0.4584370802448694,0.43563380648716415,0.3648413172750953,0.45818694678366706,0.18213807140745436,0.2271710919687347,0.4311579525834549,0.38612493202217446
ETV7,ENSG00000010030,chr6,36344090,36397800,352,0.3485248852511635,0.44803999337511646,0.43537348427371997,0.40301291763245745,0.4146598987133603,0.2256024832852075,0.2872886297679076,0.36867720381110564,0.3069910573284055
PXT1,ENSG00000179165,chr6,36380550,36452854,458,0.37217656226976414,0.3977266691020722,0.2770007421158144,0.38715249041148053,0.38463232994114044,0.32409655878631216,0.2555738406124239,0.18294733989465883,0.25147005806854705
KCTD20,ENSG00000112078,chr6,36432766,36501143,327,0.34066216791525217,0.4225611570886066,0.4019722983110638,0.33559120309682816,0.40334190189299174,0.22577688600667545,0.22079968662002236,0.3233758559078151,0.32835305529446823
STK38,ENSG00000112079,chr6,36483891,36557479,425,0.25019060720826736,0.2061723155741622,0.13954902772207411,0.24510599833770563,0.13028926598969612,0.18426323515497883,0.18623609294817867,0.04662562826643893,0.044652770473239095
SRSF3,ENSG00000112081,chr6,36584352,36615600,198,0.22668712597070806,0.16660528116463638,0.1570355215498432,0.22752387886980274,0.184338228550694,0.13424449865153093,0.11832328651636703,0.048003398252943585,0.06392461038810748
CDKN1A,ENSG00000124762,chr6,36666459,36697337,216,0.3077639627792942,0.6086815248342636,0.6417148158590984,0.3433297990123208,0.5885234330886505,0.13981790868067834,0.23540184686868448,0.7984156273626306,0.7028316891746245
RAB44,ENSG00000255587,chr6,36687825,36743184,451,0.32035178611198495,0.800328788629447,0.7267363909200654,0.33561195232555585,0.7613194302674351,0.34997240343316605,0.29367147503988655,1.2611108049054789,1.3174117332987583
CPNE5,ENSG00000124772,chr6,36730774,36849444,870,0.35633311155403863,0.6615627057179703,0.6297045265689012,0.370832587072142,0.6325072163794111,0.2652681875515257,0.27286137656097065,0.8181482620817513,0.8105550730723063
PPIL1,ENSG00000137168,chr6,36844826,36884803,235,0.2269389502945226,0.28992093172028066,0.18353980571933584,0.26113902155192475,0.20148859383384504,0.19849954392653169,0.21000921067292264,0.14387940744647645,0.13236974070008545
C6orf89,ENSG00000198663,chr6,36861869,36938964,520,0.22579205068642605,0.24256885294799985,0.13656400663263335,0.2509534551689293,0.19037991151494085,0.1934509525172295,0.17779331378504343,0.0843716881934404,0.10002932692562647
PI16,ENSG00000164530,chr6,36938262,36974837,259,0.2735274054668792,0.4780011885895404,0.2354897124296656,0.28882613450542344,0.31820747767210483,0.3505623451350214,0.30394921186134116,0.2995276229585258,0.3461407562322061
MTCH1,ENSG00000137409,chr6,36958140,36996298,308,0.18169067534155509,0.1736576801454942,0.12598564796479336,0.17606054453785647,0.11390468581612744,0.12830127224185592,0.13173681628642492,0.06244488825544178,0.05900934421087277
FGD2,ENSG00000146192,chr6,36995645,37039069,344,0.37638718069033056,0.28410476945703966,0.23616713470016548,0.32158950592338403,0.227748546045439,0.26852037870403855,0.23188955505628658,0.06570107008147277,0.10233189372922485
PIM1,ENSG00000137193,chr6,37160151,37185428,136,0.2579528955087917,0.248266574994962,0.24938914706524698,0.24724612205145266,0.2508313246652709,0.1484240636089473,0.14029967286173778,0.1369494422942978,0.14507383304150728
TMEM217,ENSG00000172738,chr6,37202177,37268155,354,0.5247765127103473,0.42343560299680555,0.4351172187899914,0.48702773587397485,0.4255582571961395,0.3617506459595179,0.3319225757755878,0.1889175961638428,0.21874566634777293
RP3-355M6.3,ENSG00000286105,chr6,37202180,37267637,351,0.5185041368071167,0.42837872482069805,0.4323635900190585,0.4814505689386084,0.42296730893071616,0.36193103200083115,0.3330710886137005,0.1973475812205963,0.22620752460772692
TBC1D22B,ENSG00000065491,chr6,37247771,37342970,590,0.6684388826392736,0.5756451015419639,0.5973491545309082,0.630930997974657,0.5720370537688022,0.5257213942338328,0.5026190714426484,0.3314637549609586,0.35456607775214316
RNF8,ENSG00000112130,chr6,37343978,37404734,272,0.36413725863835733,0.5341139622996163,0.6180486687486806,0.36288748053088965,0.5816450935232467,0.1270623499324453,0.17159904012445415,0.6367518791233449,0.592215188931336
CMTR1,ENSG00000137200,chr6,37423218,37492827,354,0.43270091508505637,0.2650643420506434,0.26578654663675755,0.4973650256494813,0.3164946920924316,0.2829427336313999,0.3076712680888182,0.02502959017472478,0.000301055717306542
CCDC167,ENSG00000198937,chr6,37472937,37509893,214,0.354252781226672,0.15760993955145997,0.22355962442270808,0.42435034870935046,0.26785787921594867,0.17791192292203567,0.20599376757942756,0.0,0.0
MDGA1,ENSG00000112139,chr6,37620678,37709306,698,0.3592063554491944,0.6501438991830624,0.6033637290418832,0.35778289544580166,0.6151216871922083,0.285272769257392,0.2691170738248772,0.7649605803057589,0.7811162757382737
ZFAND3,ENSG00000156639,chr6,37809726,38164624,1706,0.3571325276989664,0.45357160802118796,0.4382912366499146,0.38723125043297435,0.4282781778088411,0.2346984582391563,0.2675084687189346,0.36965355194250027,0.336843541462722
BTBD9,ENSG00000183826,chr6,38158450,38650148,2494,0.352150461565653,0.5963062213181898,0.5508490413711155,0.37857255938558737,0.5693209044624138,0.27039961418096425,0.2702213807643258,0.6366990478070977,0.6368772812237362
GLO1,ENSG00000124767,chr6,38665924,38713145,267,0.28419939111420583,0.261652325188121,0.23561686692781952,0.2991521380145454,0.27593337830152154,0.1845039794057821,0.16796651740288912,0.1188364818294334,0.13537394383232634
DNAH8,ENSG00000124721,chr6,38705310,39040792,2414,0.319256812623867,0.49126130389828226,0.4316603483352519,0.33758561102669676,0.4051624676715737,0.24767742787312558,0.2841088747335152,0.42814333356373413,0.39171188670334456
GLP1R,ENSG00000112164,chr6,39038780,39101303,521,0.31038924996622014,0.48362633655167464,0.3994092588517899,0.33971537524570766,0.34827550671030333,0.26135552650330823,0.32393777311878313,0.39956909510061606,0.33698684848514104
SAYSD1,ENSG00000112167,chr6,39094062,39125186,200,0.41994287161706456,0.6365244813883116,0.5908881675609663,0.4129629002228388,0.5871950057924248,0.3314526425313477,0.32996531281929614,0.6805906908190257,0.6820780205310771
KCNK5,ENSG00000164626,chr6,39178970,39239475,420,0.4692629493139009,0.5083881816399907,0.45297896098598284,0.48305519658076185,0.4945528023460139,0.37014321153211294,0.343786666352833,0.3399226494449805,0.36627919462426045
KCNK17,ENSG00000124780,chr6,39289000,39324461,313,0.3220298774740964,0.4275401325513127,0.3217095181635685,0.3628843255496569,0.4027402836868111,0.2791425310559985,0.24660673469987882,0.2786701154812108,0.3112059118373305
KCNK16,ENSG00000095981,chr6,39304697,39332968,252,0.3629212008956797,0.48580692238861334,0.3299953690876981,0.42302426479922683,0.31233469726620405,0.3577738597366641,0.42032923770940744,0.3073825869481255,0.24482720897538207
KIF6,ENSG00000164627,chr6,39319989,39735408,2314,0.4229323247667911,0.48037534186137004,0.433058748091963,0.3962437378803786,0.41466488353491376,0.3184723388923391,0.31183124711545096,0.3361762004173718,0.34281729219426
DAAM2,ENSG00000146122,chr6,39782297,39914877,925,0.45419476074120413,0.5263549686570917,0.5289508896074372,0.4127815268152282,0.4931660280541654,0.29999863316711267,0.30004182936254686,0.44729848369331815,0.4472552874978839
MOCS1,ENSG00000124615,chr6,39889577,39944551,322,0.4025976725226622,0.5069781638810984,0.5153815099237676,0.3713345254564104,0.4888704815737043,0.2489864873976146,0.25011277707165536,0.45821532619227956,0.45708903651823873
LRFN2,ENSG00000156564,chr6,40381590,40597364,1620,0.42180013276208544,0.6259899865707478,0.6025939826610586,0.44167183788440206,0.6208429768162506,0.3042557899267322,0.29823812142869044,0.6792169181242806,0.6852345866223225
UNC5CL,ENSG00000124602,chr6,41016894,41049221,176,0.23523566684657285,0.1551058995754648,0.15849489598753871,0.1801832850016376,0.09961828024778227,0.13208416913917248,0.1311409969519079,0.0364598152809959,0.0374029874682605
OARD1,ENSG00000124596,chr6,41023626,41107787,415,0.23977199879175876,0.1780918886938304,0.11976903960534194,0.21192683187616687,0.09447406736495598,0.17134630752945962,0.1675258271732214,0.024780369377253725,0.02860084973349196
TSPO2,ENSG00000112212,chr6,41032466,41054337,133,0.2318374734340737,0.12719358560221503,0.13420554997818065,0.1943519993931884,0.12787953393547194,0.12784384306833718,0.1076610677468163,0.008197652203583788,0.02838042752510464
APOBEC2,ENSG00000124701,chr6,41043201,41074891,179,0.2025927162916007,0.1488811222950063,0.062240024037903026,0.1591650853145142,0.057622418064838365,0.16166596312585751,0.13760707423776702,0.0,0.023596394146732924
NFYA,ENSG00000001167,chr6,41062973,41112403,197,0.19756783992156934,0.22842063652754077,0.09751918991856742,0.2500101506759887,0.058659263404377854,0.1884079273146889,0.24328062289223404,0.07090781610439253,0.016035120526847385
TREML1,ENSG00000161911,chr6,41139341,41164337,93,0.020617265134786754,0.0,0.0,0.04080225454970041,0.0,0.010416384073299555,0.020829012859786403,0.0,0.0
TREM2,ENSG00000095970,chr6,41148505,41173186,104,0.06473168886671696,0.08552521761181028,0.0513638731944792,0.12338372755008198,0.12086295145372565,0.051798615994464905,0.04613841778439225,0.037606770836913946,0.04326696904698661
TREML2,ENSG00000112195,chr6,41179748,41211149,158,0.20299034269523242,0.1764126728728498,0.13753073373365238,0.13133579874115714,0.12457778980775969,0.13650920514296216,0.100917678084474,0.05757648597348443,0.09316801303197257
TREML4,ENSG00000188056,chr6,41218338,41248882,12,0.4824817643007595,0.7293578852952038,0.7466980448936876,0.47851164526923445,0.7271528471528471,0.29624772687757284,0.3295913778386401,1.0107102139440594,0.9773665629829923
TREM1,ENSG00000124731,chr6,41257925,41296682,265,0.27294503825289645,0.5168423340661988,0.48384440021562963,0.3344862241179379,0.5123411460490113,0.19240922132869404,0.20823450101995827,0.5350030267629516,0.5191777470716874
NCR2,ENSG00000096264,chr6,41325607,41360889,319,0.3916824561529602,0.49136568093275484,0.46125328979617347,0.3343934656999532,0.45769899223074456,0.2772872320534508,0.23557422815136436,0.3987387186960456,0.44045172259813214
FOXP4,ENSG00000137166,chr6,41536380,41612384,436,0.24045668232564066,0.15681166060361706,0.11967672360363937,0.24541643613948785,0.1517067526852485,0.15906838748065094,0.1438126453867996,0.011496542799118964,0.026752284892970324
MDFI,ENSG00000112559,chr6,41626881,41664244,294,0.3276092644186941,0.311965303241899,0.2700703266771277,0.2905322857950115,0.3035845023969257,0.22801228963512965,0.17767374097282845,0.14590372135083152,0.1962422700131328
TFEB,ENSG00000112561,chr6,41673977,41746259,457,0.4599538099567237,0.4938722191010162,0.36397346811186704,0.47307090452461753,0.3842675351530369,0.42227585820614016,0.4183563366174915,0.25869025194830697,0.2626097735369556
PGC,ENSG00000096088,chr6,41726710,41764109,204,0.3977856220569896,0.3813911841260383,0.378202295931011,0.457414511670567,0.46740000290068534,0.2561417406335722,0.23085359013018947,0.2241404268671665,0.24942857737054924
FRS3,ENSG00000137218,chr6,41760175,41796542,217,0.3699320516003274,0.46918913534392986,0.43452861518627955,0.40068636019800646,0.40043153803972054,0.26259076640727297,0.3168873039484503,0.37075874187099356,0.31646220432981614
RP11-298J23.10,ENSG00000124593,chr6,41770348,41800141,170,0.40978844690816285,0.49466503252079963,0.43442686826802523,0.371864308014684,0.3451934568063142,0.319946169953022,0.3620586962967275,0.36258759770224663,0.32047507135854114
PRICKLE4,ENSG00000278224,chr6,41770781,41797452,155,0.46372718982221384,0.5119606503841599,0.4516898280810722,0.3993345302581303,0.3635190737164672,0.3697786850495742,0.3876377680351658,0.34758055687151024,0.3297214738859186
TOMM6,ENSG00000214736,chr6,41777661,41799898,121,0.46443545740323666,0.4112924306238802,0.3957997915629115,0.41738461962215934,0.3150162190643987,0.3252049544158273,0.3458468110187848,0.20462075083299858,0.1839788942300411
USP49,ENSG00000164663,chr6,41779895,41905375,571,0.38554448505090794,0.4131649901120608,0.3332877103918802,0.38906656345330604,0.31386192643934613,0.30731682046896014,0.3245512207887822,0.22569475163836197,0.2084603513185399
RP5-973N23.5,ENSG00000288721,chr6,41783313,41931139,640,0.368438784720827,0.3866689955955211,0.32079229811854026,0.39803157577754045,0.265007211363456,0.28079130769465277,0.3442531047657007,0.20805920652638252,0.14459740945533456
MED20,ENSG00000124641,chr6,41895353,41931139,138,0.2913960010317692,0.3031712097637858,0.19045669615647143,0.291523273258804,0.238509322182107,0.24719448342880143,0.21668812847252278,0.1140210530783948,0.14452740803467348
BYSL,ENSG00000112578,chr6,41911498,41943046,124,0.364396986041991,0.4634163784684744,0.30152778795000157,0.41793472977939006,0.33649748145901787,0.35842704157925764,0.3767414620757647,0.2641058225541749,0.24579140205766786
CCND3,ENSG00000112576,chr6,41924933,42060357,750,0.6455137304224712,0.6848281582052463,0.5940769076397068,0.6622824975749346,0.5440271740546068,0.6450656799733259,0.7274303602687648,0.5095715794231505,0.42720689912771137
TAF8,ENSG00000137413,chr6,42040512,42097461,348,0.39231061787673743,0.4419618976758757,0.3728459489347045,0.40294081709848356,0.3636657965631562,0.3074281871881446,0.3235178476534215,0.27589984800891987,0.25981018754364293
C6orf132,ENSG00000188112,chr6,42091118,42152620,377,0.3370963658406294,0.4262010645970753,0.36525312517331693,0.30888412770374996,0.39340249210003864,0.25603644821871124,0.2125171100856259,0.2994397825630818,0.3429591206961671
GUCA1ANB,ENSG00000287363,chr6,42145405,42190056,359,0.48350498218900834,0.4196603716452928,0.4790140142303878,0.38419507713103335,0.3977795193312435,0.27639964045578863,0.26091758809013454,0.26774214023402504,0.2832241925996792
GUCA1A,ENSG00000048545,chr6,42145405,42191338,371,0.47884658468111874,0.4166856633453855,0.47446441013605184,0.38224466779506056,0.39179199673780657,0.273701259573184,0.2617267622998083,0.26532780742472467,0.2773023046981004
GUCA1B,ENSG00000112599,chr6,42173283,42204956,315,0.48117805010764847,0.368399713510664,0.29569150209278094,0.3909586664743295,0.20519772337247053,0.38257712496039964,0.3628528907676384,0.07692141804735775,0.09664565224011895
MRPS10,ENSG00000048544,chr6,42196806,42227861,267,0.5523841850226442,0.42331251680050147,0.3552612320031888,0.43840822042237515,0.20693481276005546,0.4576823490128492,0.4477924946306423,0.09277243376327876,0.10266228814548561
TRERF1,ENSG00000124496,chr6,42214930,42462051,1521,0.34270342304702867,0.32634147579602324,0.3258298072508539,0.3255970848609944,0.3057114457540808,0.21018960005984538,0.21204593308298528,0.18484233704264144,0.18298600401950152
UBR2,ENSG00000024048,chr6,42554028,42703505,759,0.46069677677994303,0.7706148642796747,0.763553846213754,0.48746700463907433,0.6632333816643927,0.32389769809125546,0.5261889729207276,1.1484551746318408,0.9461638998023683
PRPH2,ENSG00000112619,chr6,42686597,42732597,254,0.3971000089466057,0.7214888757828517,0.6387023910281406,0.39771971323551075,0.6217933314519789,0.3831239833560012,0.4065075679491266,0.8951732937274324,0.8717897091343068
TBCC,ENSG00000124659,chr6,42734497,42756103,104,0.5509322527394521,0.8179714574469819,0.7252511013953798,0.5491966995951942,0.7093132855844722,0.6061378002083481,0.6324033890531625,1.0974539767787101,1.0711883879338957
BICRAL,ENSG00000112624,chr6,42736957,42878560,632,0.3506302362132669,0.6333785179398258,0.5829583042464459,0.3892404120518375,0.5609216261596649,0.2803046277320975,0.3366999318962517,0.723120719470199,0.6667254153060447
RPL7L1,ENSG00000146223,chr6,42869615,42899925,163,0.31394153015983306,0.3315440682434789,0.28750097099779015,0.3117545350681308,0.27175737837556735,0.22030024896815717,0.22963675755246057,0.18248455672711425,0.17314804814281085
C6orf226,ENSG00000221821,chr6,42880264,42900821,101,0.33963994006617165,0.3799570143007004,0.393694695066833,0.3656650721850965,0.44142243125319697,0.19628245133864503,0.17539143790991119,0.2816840202346272,0.3025750336633609
PTCRA,ENSG00000171611,chr6,42905988,42935838,140,0.306394612192004,0.2670125082580325,0.12625580881334467,0.388210169779367,0.15201757280607084,0.27075554688624337,0.3185488728909221,0.03987109482691911,0.0
CNPY3,ENSG00000137161,chr6,42919191,42949294,144,0.27505480780497055,0.26686978764370706,0.21253981308201225,0.3222943800128838,0.17580628114229924,0.19657435396185863,0.25306227147879495,0.11385759585940819,0.057369678342471864
GNMT,ENSG00000124713,chr6,42950753,42973880,129,0.4565616601676303,0.45578305952441633,0.1658881081838179,0.463656888284819,0.17977640644018625,0.5184293151179464,0.5166051060372627,0.0899780088639644,0.0918022179446481
PEX6,ENSG00000124587,chr6,42953864,42989181,193,0.4619308930913878,0.4079138175284273,0.15960129682438165,0.4434683075521973,0.19887576741254245,0.48499624932234897,0.44419749470696485,0.03910682687202566,0.07990558148740984
PPP2R5D,ENSG00000112640,chr6,42974552,43022342,233,0.25702047186587995,0.2279391621485562,0.10975655162848628,0.2798225309863685,0.12639773829175338,0.21975919900859078,0.22590972705772705,0.03893272754670943,0.03278219949757316
MEA1,ENSG00000124733,chr6,43001142,43026868,121,0.34759716480481473,0.26893815851588476,0.21764143231957536,0.3090315078376468,0.23136208006080078,0.24745408485335352,0.2098915061745725,0.06580313948377223,0.10336571816255319
KLHDC3,ENSG00000124702,chr6,43004102,43031298,119,0.32803385863939755,0.3059257199142477,0.3063577123073279,0.312386710811477,0.25936769590355524,0.19846236501406025,0.2197269892427449,0.16671392736491877,0.1454493031362342
RRP36,ENSG00000124541,chr6,43011622,43044156,135,0.3509930855229072,0.33417231150399046,0.292782355569081,0.4063850526302098,0.29737514120059316,0.24630972896018036,0.28765830792229186,0.1604146389388763,0.11906605997676478
CUL7,ENSG00000044090,chr6,43027616,43063943,128,0.37380004331150657,0.280978960249477,0.30514016973156977,0.30860423027283973,0.19915500895103339,0.2169525308007234,0.23840982958487056,0.11291212837039341,0.09145482958624629
KLC4,ENSG00000137171,chr6,43030776,43085095,181,0.3663593840662956,0.3118151645146018,0.24495746759797427,0.3887628080475674,0.277670940846781,0.27449498049743304,0.27034676492933984,0.09920284040420627,0.10335105597229952
RP1-20C7.7,ENSG00000288564,chr6,43041065,43068185,91,0.4147173328039144,0.28439481148963125,0.35103593734492133,0.35077698555218023,0.29129438104959404,0.218954548119013,0.21114531281531387,0.11567212868138427,0.12348136398508336
MRPL2,ENSG00000112651,chr6,43044028,43069438,89,0.41177508285234915,0.3887303638218293,0.34634599025597396,0.41519446702395874,0.13536110023659173,0.2988429507729311,0.4416248536147955,0.19337416330924495,0.05059226046738058
PTK7,ENSG00000112655,chr6,43066306,43171719,482,0.26643177106040966,0.2670967683008976,0.21001584189941444,0.2899356302110875,0.19880602414403892,0.19241694161758277,0.21574452992669135,0.11832466097446434,0.09499707266535584
SRF,ENSG00000112658,chr6,43161268,43191506,123,0.12939331778442895,0.12017105516048432,0.01940541186466867,0.16426862886911317,0.02180766820102576,0.12349828851776506,0.14271342259995026,0.0045294827507152274,0.0
CUL9,ENSG00000112659,chr6,43172183,43234587,259,0.1634974291374028,0.1312590876922087,0.06195105493782563,0.15707563190522197,0.0526802663693615,0.12764143845698755,0.1287348852543797,0.013068904353762734,0.011975457556370597
DNPH1,ENSG00000112667,chr6,43215628,43239481,133,0.2689404249038368,0.26934351901242093,0.08535895215562206,0.271750816962558,0.14212246757896596,0.26892429814704405,0.2388149695525343,0.044887561786688485,0.07499689038119825
TTBK1,ENSG00000146216,chr6,43233480,43298258,299,0.353719219753937,0.41401516410657796,0.2649008266430815,0.3599751309030358,0.2517142508185947,0.33161636660350424,0.3453696280693387,0.20284500045142304,0.18909173898558856
SLC22A7,ENSG00000137204,chr6,43285693,43315538,142,0.5636992490143097,0.661634621555953,0.6420033570982426,0.54950280192275,0.7033629309987138,0.44291038682296213,0.33289325513571977,0.6407185792235958,0.7507357109108381
CRIP3,ENSG00000146215,chr6,43289709,43318826,138,0.5897978724558,0.7091840338959708,0.695759725667877,0.5785428691603508,0.6746683789905794,0.46811618192368765,0.48809579956112703,0.7669484488346314,0.7469688311971923
ZNF318,ENSG00000171467,chr6,43297133,43379647,373,0.5623649801257826,0.6529959575251711,0.6357615267333194,0.5733630270614044,0.6581578815864259,0.4374211868691157,0.41841718328936583,0.6209976624506519,0.640001666030402
ABCC10,ENSG00000124574,chr6,43417365,43460427,187,0.548419144617944,0.6185600909032034,0.5456891170218483,0.5896417645034512,0.6527824361063649,0.48491462115788314,0.3983614991501143,0.47888733170321673,0.5654404537109856
DLK2,ENSG00000171462,chr6,43440351,43466632,101,0.43108019711832135,0.5983242299319836,0.44204263387558584,0.34024284501508245,0.5481727836401665,0.4463265661780303,0.26676903982678746,0.46578349173453704,0.6453410180857798
TJAP1,ENSG00000137221,chr6,43467522,43516556,241,0.3080796130173811,0.5090345543526619,0.5902271124283003,0.2860783926573138,0.5132016074338756,0.09375685065526734,0.1642292127599489,0.6176246784724881,0.5471523163678065
LRRC73,ENSG00000204052,chr6,43496968,43520686,109,0.059008290173938084,0.10211640874631915,0.0,0.0627160894407719,0.005960015088645794,0.08426789980032115,0.08325302322347986,0.023446950403078808,0.024461826979920116
POLR1C,ENSG00000171453,chr6,43499701,43572419,352,0.14925357151826918,0.39959536172616966,0.3576191434272855,0.16119668905782505,0.3017880786706321,0.11460935049457444,0.16334893829550642,0.39554210345191587,0.3468025156509839
YIPF3,ENSG00000137207,chr6,43501831,43526985,125,0.19161590310905463,0.31105445202095067,0.23035365954391512,0.14061709376964746,0.2675960621231865,0.16174341991045152,0.10635532513606136,0.21084962169046448,0.2662377164648546
XPO5,ENSG00000124571,chr6,43512333,43586038,356,0.19184770233422166,0.374513632318438,0.3483535362983244,0.17989197281416308,0.3529734796129121,0.1269886984477439,0.11608847748744583,0.3422370451390074,0.3531372660993054
POLH,ENSG00000170734,chr6,43566184,43630523,259,0.11300574958037049,0.3279123733960576,0.31455126359553953,0.10800874603784037,0.3400385449289329,0.06980088170888468,0.048045827289315446,0.3275656685189606,0.34932072293852984
GTPBP2,ENSG00000172432,chr6,43595315,43639264,173,0.1386556181970896,0.2504174600583937,0.2521300559457057,0.1465757993983665,0.2942547248669697,0.07348676438947008,0.049118242453845024,0.21475207644025424,0.2391205983758793
MAD2L1BP,ENSG00000124688,chr6,43619539,43650941,119,0.10452530461739869,0.23728108596074762,0.2211598496650509,0.09383118681374014,0.25052415938491895,0.06565878701295653,0.04050708882049575,0.2052069243136938,0.23035862250615458
RSPH9,ENSG00000172426,chr6,43635035,43682600,285,0.16807301687240253,0.13729717761261537,0.019006412484029876,0.21694687742685265,0.01378006534876351,0.15625312394367086,0.18918192495228542,0.0,0.0
MRPS18A,ENSG00000096080,chr6,43661201,43697791,237,0.1977657870963976,0.2524714237073788,0.04671606373255745,0.2096837843047838,0.028872320184074873,0.23174747136078308,0.24850377982602825,0.05923527393321973,0.04247896546797453
VEGFA,ENSG00000112715,chr6,43760183,43796487,246,0.418919586523002,0.3797692883105408,0.31654432795621607,0.32865129602324095,0.2932323981656327,0.3199682008305237,0.2645384880359609,0.1576955537021657,0.21312526649672844
MRPL14,ENSG00000180992,chr6,44103450,44137452,192,0.3523275819013816,0.3544770908253375,0.23925686651906336,0.36831780423453087,0.24350521348010612,0.29930265029129866,0.30900190374520975,0.13839192844574918,0.128692674991838
TMEM63B,ENSG00000137216,chr6,44116913,44165519,292,0.28622469057766475,0.2905084671459707,0.17278020088073473,0.281287784681842,0.18945247366068058,0.24535446743036374,0.23172783671532632,0.09785224898478995,0.11147887969982742
CAPN11,ENSG00000137225,chr6,44148810,44194401,270,0.2800696214736934,0.3272602298710715,0.2617945695053525,0.3698836263280156,0.2760362243120863,0.21073216583386864,0.2676167653273545,0.18566452970825476,0.1287799302147688
MYMX,ENSG00000262179,chr6,44206925,44228234,127,0.5024847252277919,0.48611980297053997,0.4005393228379081,0.4834703922227996,0.3685923258451435,0.4260846204044732,0.43329211992942845,0.23968049999901742,0.23247300047406222
SLC29A1,ENSG00000112759,chr6,44209552,44244142,193,0.4055676056523306,0.33945222549016885,0.32160252910571785,0.4281005921889553,0.2692280991408536,0.2734060960394271,0.3299120426469855,0.14127973077120104,0.08477378416364267
HSP90AB1,ENSG00000096384,chr6,44236165,44263888,151,0.4397663362290596,0.29598970737182123,0.22098221855559888,0.43845871863346936,0.21438776477507296,0.34032111044138563,0.34337017136765635,0.01064119227910204,0.007592131352831266
SLC35B2,ENSG00000157593,chr6,44244095,44267890,118,0.3588034010634551,0.32471838154996585,0.257197640677566,0.3514752406787179,0.22038078171512596,0.2698596759118481,0.2883654495003254,0.12276578668813287,0.10426001309965569
NFKBIE,ENSG00000146232,chr6,44248165,44275788,111,0.3802790557718839,0.20133237555537808,0.1907389920813169,0.28422749041373324,0.1927733714087635,0.24583130888140123,0.17252623704755388,0.0,0.05228417214692599
TMEM151B,ENSG00000178233,chr6,44260449,44317506,338,0.6117843126449612,0.44431541270373137,0.5056811808615103,0.574322858925483,0.42339096780819324,0.4145870231050247,0.4455188551306809,0.17296741163132334,0.1420355796056671
RP11-444E17.6,ENSG00000272442,chr6,44263193,44388957,700,0.5976890177590656,0.4921901383324245,0.5161045929480422,0.6008984181153612,0.49251183483325395,0.43114579726782004,0.45895280231090924,0.24650239225504644,0.2186953872119572
TCTE1,ENSG00000146221,chr6,44268733,44307698,239,0.6292045055130038,0.4540607698113339,0.47072850614624623,0.5670280098272846,0.40373328607884107,0.4805492238628375,0.46263132245412597,0.12469838558945961,0.14261628699817108
AARS2,ENSG00000124608,chr6,44288730,44323347,224,0.5678944654651891,0.4218660164592699,0.5074847889343332,0.5845756728582048,0.5135229291589564,0.33940256298615346,0.35291946425178483,0.20854706875254536,0.19503016748691399
SPATS1,ENSG00000249481,chr6,44332649,44390179,287,0.5850375050414239,0.5530373829927435,0.5425993273103322,0.6307492636021378,0.4536038430940772,0.4513259642190478,0.5985743388781515,0.3539543545030249,0.20670597984392108
CDC5L,ENSG00000096401,chr6,44377705,44460425,349,0.4577959843352945,0.4545349918623575,0.4482486593974167,0.5411111816784585,0.46532667448850873,0.31178587687555265,0.3794823106039124,0.2943307452930495,0.22663431156468955
SUPT3H,ENSG00000196284,chr6,44799316,45387953,3028,0.5160367770008754,0.5751199831855024,0.5519037888035245,0.47665352796667326,0.5224752550766243,0.38947375574783655,0.3821603642725856,0.46647470754545983,0.47378809902071073
RUNX2,ENSG00000124813,chr6,45318156,45674349,2136,0.32785522511145493,0.2980110899300916,0.3033552847160509,0.3045542625107876,0.25964802222214667,0.19481973159653568,0.20820520128446776,0.15901794110578707,0.14563247141785501
CLIC5,ENSG00000112782,chr6,45870826,46090348,1533,0.4013579773294753,0.49849108662343317,0.4666323207157039,0.42038573659874967,0.4182938037416839,0.28734055995353763,0.3468682909806506,0.4027933383517196,0.3432656073246066
ENPP4,ENSG00000001561,chr6,46119988,46156688,145,0.46471322543145843,0.5084582651505009,0.32104410612182727,0.32930574449570027,0.3416693192911872,0.4739809836198521,0.3458012054943497,0.23622744615618452,0.3644072242816868
ENPP5,ENSG00000112796,chr6,46149184,46180980,162,0.4402532620739098,0.5122686358793491,0.3165063600769686,0.28976612413906516,0.33671946081584636,0.4588617156461109,0.3247971131790325,0.25912879241379316,0.3931933948808715
RCAN2,ENSG00000172348,chr6,46210735,46501972,1724,0.4244608424564729,0.4876494007535126,0.3985551822771008,0.4991022088521892,0.4125171383138187,0.35638682373679026,0.41409556377055395,0.31235930039654203,0.2546505603627782
CYP39A1,ENSG00000146233,chr6,46539579,46662830,779,0.31465669183477274,0.33293811341367835,0.30000513405827617,0.33199941158743884,0.2230100344130827,0.21301278100680643,0.2780054177356082,0.19185967287608996,0.12686703614728817
SLC25A27,ENSG00000153291,chr6,46642914,46688190,238,0.5415413313529936,0.6483355539923586,0.5528868912538107,0.5109804863299793,0.45487473457770494,0.5100096479098026,0.5768455277802049,0.5350681885204289,0.4682323086500267
TDRD6,ENSG00000180113,chr6,46677874,46714319,184,0.5526893878504247,0.7140928573569524,0.6162178243964124,0.5724255217603135,0.629567560099475,0.5494550512502463,0.5543153926545576,0.7026331457039858,0.6977728042996746
PLA2G7,ENSG00000146070,chr6,46694200,46745693,329,0.4474595401152347,0.5432277564868699,0.5308007473698839,0.4620044030567068,0.4449581872596461,0.310035624010219,0.40738172927260247,0.47353476136344985,0.37618865610106655
ANKRD66,ENSG00000230062,chr6,46736932,46769506,196,0.41725583502074515,0.382733538785503,0.34568868650679846,0.24848728083245716,0.29421603453494105,0.29914473511594636,0.20983777056494446,0.18330974736224354,0.27261671191324544
MEP1A,ENSG00000112818,chr6,46783388,46849778,311,0.34934316971656476,0.3625547356279563,0.3553774352636898,0.3214633596998257,0.3245243222359927,0.22048473960542697,0.2228827680961355,0.22980212583885223,0.2274040973481437
ADGRF5,ENSG00000069122,chr6,46842521,46964943,806,0.48718240171592675,0.5347788832984162,0.4805161797908391,0.5311403183056911,0.5085484466807945,0.3890789543553493,0.40615114739780406,0.3761635122747851,0.3590913192323304
ADGRF1,ENSG00000153292,chr6,46987707,47052350,450,0.3259713718886249,0.401916942787237,0.35668374744078357,0.3407662779455518,0.3962869327220663,0.23369475025760958,0.2130232702925543,0.28033089275831047,0.3010023727233658
TNFRSF21,ENSG00000146072,chr6,47221531,47319905,541,0.2873859600920877,0.3455230652986559,0.30424560583197185,0.26393476501031754,0.2758337370382111,0.19998784805966033,0.20381059852472833,0.22393108729152683,0.2201083368264589
CD2AP,ENSG00000198087,chr6,47467788,47637263,812,0.41757708597221044,0.38714494482149087,0.36632257729594697,0.43282405700265736,0.34142791529137706,0.2869850051497677,0.31951562256272137,0.2026418174400551,0.17011120002710145
ADGRF2,ENSG00000164393,chr6,47646435,47707797,592,0.4769128248225872,0.34010948007989744,0.23971996696976378,0.3709220356044727,0.19306933039158125,0.3948100167215134,0.3323319455848869,0.020871319908515706,0.08334939104514216
ADGRF4,ENSG00000153294,chr6,47675863,47732021,631,0.5287110945163134,0.37845324435517097,0.3732999377957915,0.4464584154088352,0.30747854511319006,0.3802704518084113,0.3497732401672575,0.09527368873109154,0.12577090037224536
OPN5,ENSG00000124818,chr6,47771981,47842780,404,0.380648697389726,0.6970608913098063,0.713093722368241,0.37855057755530513,0.623586322592671,0.21235320727639517,0.34642883587022466,0.981870247810327,0.8477946192164973
PTCHD4,ENSG00000244694,chr6,47846672,48121197,1790,0.42269668756581896,0.481520351477374,0.46962276585862583,0.44740233054899553,0.46325673882048984,0.2860376094012097,0.3138720947640896,0.37081689336127627,0.34298240799839624
MMUT,ENSG00000146085,chr6,49420359,49473253,239,0.32344476096438707,0.327652823075867,0.24679235294150573,0.2476339556834385,0.25382231525520466,0.2521536452994954,0.19436061405360835,0.14482679424044748,0.2026198254863345
CENPQ,ENSG00000031691,chr6,49453369,49503107,105,0.32726028275820285,0.307015456579215,0.2260076157276448,0.2675241919636793,0.24224858910722785,0.25347555659076637,0.20033632400960608,0.11327202731631336,0.16641125989747366
GLYATL3,ENSG00000203972,chr6,49489922,49538078,149,0.47274958635145636,0.5394800632622647,0.48188108738992924,0.521750495996513,0.4901831552821382,0.3789641517937452,0.41965904627384704,0.3964349787543107,0.35574008427420883
C6orf141,ENSG00000197261,chr6,49540645,49571907,240,0.5682292258850181,0.6431133921920918,0.6077821583320758,0.5885725905176887,0.5884659690984294,0.4671298724386959,0.515298144642618,0.5632073004052982,0.5150390282013759
RHAG,ENSG00000112077,chr6,49595174,49646839,313,0.33955108727583555,0.4602200622706199,0.4168210817076483,0.3714286494783165,0.4047714717298044,0.24608400115607443,0.28104480572894525,0.37050974405106424,0.33554893947819353
CRISP2,ENSG00000124490,chr6,49682357,49723590,259,0.37835702329761783,0.5788711340367723,0.5447936329724051,0.4114513734937502,0.5251815955216059,0.2766006658717163,0.3250446353117299,0.5882157313410018,0.5397717619009882
CRISP3,ENSG00000096006,chr6,49717375,49754437,199,0.393064606511828,0.4291325357676941,0.356920859960413,0.4301973447606469,0.40585141142593073,0.309221827180473,0.30121878156896265,0.2513763807649608,0.2593794263764711
PGK2,ENSG00000170950,chr6,49775659,49797285,86,0.3837523519771893,0.3562341196218747,0.24840634455988958,0.43422039566710297,0.3226583480796231,0.3194835380524821,0.3101956746803426,0.12093662070742847,0.13022448407956794
CRISP1,ENSG00000124812,chr6,49824256,49887096,272,0.4884842140176311,0.6282191254851434,0.5870075960451067,0.47371330226645764,0.5858818600754084,0.3877506993240965,0.37487791177329766,0.6016999459443121,0.6145727334951108
DEFB114,ENSG00000177684,chr6,49950248,49974164,128,0.33620241814184887,0.21464521556569707,0.18768705838538036,0.24518439909090367,0.13234321005808397,0.2217640570989092,0.19047122978523792,0.01985565150820018,0.05114847882187146
DEFB113,ENSG00000214642,chr6,49958676,49979625,117,0.26983683442717027,0.18748077212723682,0.1323573667192186,0.2508813578383058,0.12256724493491708,0.1900637967035823,0.1828593241300806,0.017551903280505543,0.02475637585400725
DEFB110,ENSG00000203970,chr6,49999137,50031994,215,0.2892261614043718,0.5061519258489761,0.5342349415225258,0.2985673047946836,0.5603077225015736,0.1414272009536542,0.11923875669487083,0.5641001503457674,0.5862885946045509
DEFB112,ENSG00000180872,chr6,50032098,50059929,210,0.08181964956811746,0.08716543209876544,0.011355167482425927,0.10950309076062205,0.07333558634673876,0.08257096441331864,0.06550623288282545,0.00862964655699032,0.025694378087483517
TFAP2D,ENSG00000008197,chr6,50703525,50783033,343,0.2733685907228736,0.1968824288378094,0.22932513833050597,0.28246519932982944,0.2031893517018277,0.13905069449170243,0.1620248908657404,0.0802034663644128,0.057229269990374865
TFAP2B,ENSG00000008196,chr6,50808722,50857619,214,0.4692715063375134,0.5617865922874843,0.4775428337099108,0.44822009059143025,0.5083840388173749,0.4046708390115851,0.3547989240521387,0.42037841603282716,0.47025033099227365
PKHD1,ENSG00000170927,chr6,51605298,52097613,3029,0.4255561270037063,0.4233852834183952,0.4056002569760388,0.3787678316378817,0.3675512094893308,0.29236531838122054,0.28423767530618826,0.25821565268797425,0.2663432957630065
IL17A,ENSG00000112115,chr6,52176374,52200638,199,0.47198076928966076,0.5548775408995755,0.34936247850958957,0.5290070440976873,0.3470837266325988,0.5091129126755792,0.5680058050148303,0.3002929330081445,0.24140004066889342
IL17F,ENSG00000112116,chr6,52226680,52254500,194,0.3790622589875405,0.31859401817619093,0.2928720162489644,0.4283739664036772,0.3026812374137022,0.25678892369294415,0.29117732313250755,0.12680807137498773,0.09241967193542433
MCM3,ENSG00000112118,chr6,52254013,52294881,306,0.3137421035503974,0.2613595941509997,0.2733690664510426,0.3816851404080526,0.3034020840898282,0.18005463226531634,0.21107731446586844,0.122889439798196,0.09186675759764398
PAQR8,ENSG00000170915,chr6,52351420,52417777,383,0.375393273292108,0.40366750265640233,0.41116417592930415,0.3443976894667523,0.43374974184084686,0.22899103984241764,0.18521932378318706,0.2879658461833833,0.33173756224261375
EFHC1,ENSG00000096093,chr6,52352122,52539886,1125,0.3938521297662126,0.4518810062835609,0.4007226034419365,0.404920563525029,0.415332031298792,0.29493174877220374,0.2918060408515914,0.30633112501547083,0.3094568329360831
TRAM2,ENSG00000065308,chr6,52487407,52587060,680,0.4368240224096017,0.482748352208631,0.41844492665763205,0.45682531915820446,0.4095618989224152,0.34566965137599676,0.3713298090960103,0.3135561253086766,0.28789596758866315
TMEM14A,ENSG00000096092,chr6,52661112,52696588,256,0.489568675557648,0.4105757653159952,0.35081451289932203,0.4630927466619017,0.3693829935986509,0.38453573491280546,0.34474122016212044,0.1440733570609815,0.18386787181166647
GSTA2,ENSG00000244067,chr6,52740086,52773475,0,,,,,,,,,
GSTA1,ENSG00000243955,chr6,52781370,52813860,0,,,,,,,,,
GSTA5,ENSG00000182793,chr6,52821654,52850843,0,,,,,,,,,
GSTA3,ENSG00000174156,chr6,52886638,52919698,6,0.07688597584868022,0.017886316581968757,0.03696716152186657,0.015294117647058824,0.04476058292852187,0.030191479085130004,0.0,0.0,0.024214601261007593
GSTA4,ENSG00000170899,chr6,52967947,53005304,137,0.4656292520080498,0.500768566033488,0.5123988414523099,0.3989219775244292,0.32220415826973203,0.30154669308309723,0.4074034361148411,0.39313880214334945,0.28728205911160565
CILK1,ENSG00000112144,chr6,52991278,53071824,291,0.5671111642455856,0.6747719297459196,0.6969570419572516,0.44760245555266925,0.6336794374140542,0.383311097317799,0.35623470799130585,0.7399174908213052,0.7669938801477985
RP3-341E18.2,ENSG00000288614,chr6,53031265,53051385,72,0.6010218943913034,0.7327540372807744,0.7653360036214588,0.4341128205128205,0.6957268158385476,0.3944169910406613,0.349558518564831,0.9251688449073026,0.9700273173831331
FBXO9,ENSG00000112146,chr6,53041990,53110873,267,0.6972694338490733,0.7824606166489934,0.8046552317969896,0.5823578532683965,0.7919796123304894,0.5436491110783407,0.41419325347477065,0.9817262608885812,1.111182118492151
RP3-341E18.3,ENSG00000288646,chr6,53055601,53075673,68,0.386787969895454,0.513887321906415,0.5694220939977568,0.34806888585958345,0.5949482743375873,0.18386617123641052,0.1226953537376193,0.537448662788623,0.5986194802874143
GCM1,ENSG00000137270,chr6,53116960,53158841,268,0.5007983317654727,0.7329654420598593,0.840078227322438,0.407103096373279,0.7747712749240496,0.09102590725606896,0.1762365559727267,1.2293512912138032,1.1441406424971452
ELOVL5,ENSG00000012660,chr6,53257397,53359179,653,0.3966946417129669,0.43891831406735876,0.32320226096010235,0.3655362529495905,0.3469904456863962,0.34641888846189517,0.3033501938231034,0.23146988787425288,0.27453858251304464
GCLC,ENSG00000001084,chr6,53487340,53626970,871,0.30859920011002967,0.46529777315878396,0.44713036107935633,0.3571463002337308,0.45599816241355895,0.20122391369618375,0.22954036318882193,0.4248213586845888,0.3965049091919507
KLHL31,ENSG00000124743,chr6,53637915,53675756,370,0.44605734680199943,0.5343242071539841,0.48482351708053,0.552368658031847,0.558328240387064,0.3458569852127868,0.3754312975595407,0.41840862527801603,0.3888343129312622
LRRC1,ENSG00000137269,chr6,53784496,53934125,944,0.4460873507990426,0.5487963848443425,0.47518901716513795,0.43544252245504383,0.40867187822001183,0.37093386509648235,0.421082714387318,0.42490270142083314,0.37475385212999757
MLIP,ENSG00000146147,chr6,53919981,54276280,2216,0.5335074317155318,0.5687360279740813,0.501221823030211,0.5438461231991714,0.5108019329688743,0.4539771423401503,0.45548608153227743,0.3870577699205694,0.38554883072844204
TINAG,ENSG00000137251,chr6,54297858,54400142,740,0.37408010801156444,0.29530143408222564,0.21529156133892785,0.3593442683138421,0.30865641731686305,0.28803748595330847,0.21306491329050312,0.06194764772307593,0.13692022038588128
FAM83B,ENSG00000168143,chr6,54836770,54955099,824,0.3757812285063655,0.47528061942927546,0.33738369140845353,0.4338347721373383,0.3985956646455877,0.35229343640715804,0.3526365970849144,0.2925982360850796,0.29225507540732326
HCRTR2,ENSG00000137252,chr6,55096459,55292617,1377,0.329203650966054,0.45323035398134476,0.42746597017144206,0.3405262365944713,0.42152513222402105,0.22266713744490518,0.23634030040607484,0.381060550264397,0.3673873873032273
GFRAL,ENSG00000187871,chr6,55317468,55412493,756,0.3782276983287665,0.4554597942815364,0.42361621010178174,0.34069273790379717,0.4643392350923231,0.26600664455987777,0.20006243906365617,0.3418068550719301,0.4077510605681516
HMGCLL1,ENSG00000146151,chr6,55424372,55589197,1177,0.3678624846888879,0.48343950895759397,0.3893008149844638,0.4077265205569281,0.4191750201795114,0.3130302138936279,0.320521932624627,0.34753266616983974,0.3400409474388405
BMP5,ENSG00000112175,chr6,55743652,55885590,855,0.39785907009345706,0.581178689857974,0.5606767164328933,0.38353576476709855,0.5126887170951427,0.27752747390726007,0.3176068563211701,0.5927834435573068,0.5527040611433968
COL21A1,ENSG00000124749,chr6,56046589,56404094,2581,0.44416871394239626,0.5652059637140775,0.515735692518005,0.4085720664176209,0.4712476366087727,0.347524440732678,0.360431600332231,0.4853583990902082,0.47245123949065526
DST,ENSG00000151914,chr6,56447986,56964830,2514,0.35042230100354643,0.5974182595522677,0.5863091339678141,0.31551110493876894,0.6111271006880973,0.22932682874446297,0.17221862647974007,0.680530292139665,0.7376384944043879
BEND6,ENSG00000151917,chr6,56945106,57037346,515,0.6840945842914051,0.7807364227488811,0.8064009883352785,0.5681327199056213,0.6957516045534468,0.5139134710727825,0.5836034313873821,1.003567252685593,0.9338772923709934
KIAA1586,ENSG00000168116,chr6,57036531,57065239,47,0.6872380408343347,0.7637853813727831,0.8108542069231747,0.6402926616813462,0.7473978655438459,0.4700451042619346,0.5447696971805883,0.9729693819863409,0.8982447890676868
ZNF451,ENSG00000112200,chr6,57076843,57180305,261,0.22650399857993767,0.33142996646164424,0.3148629695012833,0.24272117627957487,0.3532656232656234,0.140656243979582,0.12240913852639726,0.2619578817362823,0.280204987189467
BAG2,ENSG00000112208,chr6,57162325,57199833,117,0.07455708336769193,0.1007034834324554,0.006255853664380653,0.10067586087258215,0.012908557411175206,0.08867489666575984,0.09963081350705158,0.017467572896632373,0.006511656055340639
RAB23,ENSG00000112210,chr6,57176991,57232307,161,0.4625647464395658,0.5918490096717428,0.612724443124195,0.3984371253963731,0.5638962701032769,0.28422313868795307,0.28723358336519095,0.611894960016675,0.6088845153394371
PRIM2,ENSG00000146143,chr6,57304804,57656850,403,0.31574784286166924,0.37305429405715407,0.25705681399854907,0.24511805380654816,0.2692557813811934,0.27459420556651937,0.21719872675696095,0.19230112992471146,0.24969660873426994
KHDRBS2,ENSG00000112232,chr6,61669960,62296225,3599,0.4229649735878503,0.4153315040383031,0.3892481187832639,0.40803817498662,0.3799764003341187,0.29674904361428517,0.2915128296010261,0.239961222325894,0.24519743633915309
FKBP1C,ENSG00000198225,chr6,63201445,63223024,155,0.4986945364308521,0.3676552321392989,0.308433031125365,0.4498219145267706,0.28462077754530574,0.39003244200969567,0.36044564018502045,0.06828807279992283,0.09787487462459799
LGSN,ENSG00000146166,chr6,63265950,63329983,325,0.3965025649521486,0.5211654680593752,0.33452798454579974,0.42123439072816604,0.35025336484703123,0.41707749109738956,0.42604255258960966,0.3193226949539975,0.31035763346177747
PTP4A1,ENSG00000112245,chr6,63511745,63593588,317,0.4015681857912022,0.40624098402364045,0.2788875960563761,0.4441460801450654,0.34416151420866636,0.3538820867188366,0.3433453806177621,0.1673996522274478,0.17793635832852234
RP5-1148A21.4,ENSG00000285976,chr6,63562471,63593587,111,0.3424608891424505,0.3943431850896379,0.3652134038021737,0.26014815109907136,0.33184082509166873,0.23311319615470524,0.1997591171662075,0.26832856920244635,0.30168264819094415
PHF3,ENSG00000118482,chr6,63625801,63789336,682,0.4313211353248934,0.5455352415023943,0.4330114253119338,0.47719099984980845,0.5520953545170594,0.3928290855743476,0.31699953770044276,0.39580582185573754,0.4716353697296423
EYS,ENSG00000188107,chr6,63709979,65717226,11935,0.3959820002556736,0.44556985193775583,0.4426161212734156,0.40285776355521796,0.43860111380501043,0.2547323234653545,0.2640453979475686,0.33508212949795435,0.3257690550157403
ADGRB3,ENSG00000135298,chr6,68625281,69400571,3960,0.42317293212685286,0.5464766678989783,0.4401293595675637,0.40115513206495074,0.47821868120369665,0.380435903542416,0.32647727645204117,0.41027265825313786,0.4642312853435129
RP11-442J1.2,ENSG00000288712,chr6,68625889,68645967,69,0.4163140362543715,0.5813664223565215,0.48959485507855194,0.4244756814046799,0.5282645624417777,0.3683004826530096,0.33594804454704746,0.5024587753835219,0.534811213489484
LMBRD1,ENSG00000168216,chr6,69662756,69877236,1298,0.36826007058714716,0.5759976496453191,0.48114030154590565,0.35627560646419093,0.46966554217612183,0.3305859956011846,0.3321267331676434,0.5274302848750169,0.5258895473085581
COL19A1,ENSG00000082293,chr6,69856555,70222468,2076,0.33244999444957557,0.6003431176334113,0.5334076507206239,0.34926898420990754,0.5401063540317045,0.27949527731600193,0.28502389088739244,0.6376536167575532,0.6321250031861627
COL9A1,ENSG00000112280,chr6,70206039,70313084,902,0.29181836991129756,0.35102195823564475,0.31007114727896323,0.28751459231824744,0.30769434485306246,0.20312213830685139,0.20181226080209802,0.22923425849680448,0.23054413600155782
FAM135A,ENSG00000082269,chr6,70402940,70571174,997,0.24359884280641042,0.19307156525346753,0.09675507756165602,0.23510475775789544,0.11977699323760643,0.19597108858970297,0.17747835059754946,0.0185492066663272,0.03704194465848071
SDHAF4,ENSG00000154079,chr6,70556916,70599569,319,0.16458932564663808,0.13107446173724613,0.11107691633561405,0.17648209142969706,0.09836577400689606,0.10129256313666264,0.11556073560130324,0.03920528094558112,0.024937108480940523
SMAP1,ENSG00000112305,chr6,70657775,70872011,808,0.3872856819948434,0.5259855045611672,0.45215841282314007,0.3814385296505442,0.4733213431427286,0.3173023795801502,0.2928557034345509,0.4292149970799186,0.45366167322551787
B3GAT2,ENSG00000112309,chr6,70846678,70967060,624,0.3571840805218984,0.22519259830525984,0.1674364547734149,0.3476760969270034,0.17203772725123273,0.25689597230456984,0.2467835805325817,0.0,0.008357213923185808
OGFRL1,ENSG00000119900,chr6,71278810,71319059,245,0.25401771868133777,0.47393075930914347,0.4270510261108629,0.2822186015930198,0.4697759319669648,0.18920862611018907,0.16972853102158925,0.4531138125031308,0.4725939075917307
RIMS1,ENSG00000079841,chr6,71876702,72413143,3050,0.4403828173431162,0.5153417207579216,0.4381748192571005,0.4531745636363356,0.4408629358691076,0.3641245014499848,0.3732881156144096,0.36018671380933565,0.351023099644911
KCNQ5,ENSG00000185760,chr6,72611791,73208853,3653,0.5265662152433925,0.5556656116056147,0.5164490294294715,0.5224328003580675,0.5178167827668544,0.4161612708016497,0.4103985756523818,0.3950166021917203,0.4007792973409881
RP11-257K9.8,ENSG00000243501,chr6,73199745,73273196,449,0.2514418894649298,0.42351693798029516,0.38421921282715255,0.25849851514436567,0.3408481820517582,0.17777575940209484,0.2165430202785126,0.37303356101425045,0.33426630013783265
KHDC1L,ENSG00000256980,chr6,73213543,73235770,119,0.20348576767959706,0.35459335346346016,0.3040755216144421,0.19927715128196616,0.2904476563102563,0.1514354248551638,0.15849704491802374,0.2864392762408813,0.2793776561780214
KHDC1,ENSG00000135314,chr6,73231313,73320365,585,0.3977796834597205,0.6848818769351657,0.7155372144986533,0.32605487439090874,0.6262375563333155,0.20239340112667625,0.28263972162352075,0.9524143154658349,0.8721679949689902
DPPA5,ENSG00000203909,chr6,73343062,73364276,111,0.5408646016279096,0.7293200017128423,0.6881025485905213,0.5721402414500064,0.7347204296023195,0.46007363711355465,0.4144033757569666,0.846744336832481,0.892414598189069
KHDC3L,ENSG00000203908,chr6,73352657,73374171,111,0.5107165129426355,0.627013039099067,0.7254363803974223,0.5196667817264545,0.7509516970373257,0.204226383592769,0.16468930749153432,0.7819854337267285,0.821522509827963
OOEP,ENSG00000203907,chr6,73358554,73405133,228,0.4151009591987926,0.5198106661050204,0.48811529837088236,0.4404327488687677,0.560506439167527,0.3001174811384773,0.24601707699072622,0.4334573261004027,0.4875577302481538
DDX43,ENSG00000080007,chr6,73384827,73427566,183,0.5190717022421845,0.5067189520900409,0.5856161916905241,0.5331391770303029,0.5456659176600525,0.2788753090807232,0.33973889622724807,0.4278008813943594,0.36693729424783444
CGAS,ENSG00000164430,chr6,73403514,73462297,207,0.5248107671333795,0.5938678619151704,0.5953128675266114,0.5182944155679131,0.5853116326453655,0.3702389277699311,0.37563545921806135,0.530837781299025,0.5254412498508949
MTO1,ENSG00000135297,chr6,73451577,73519236,285,0.5367917464911327,0.6721514342608228,0.631185191974855,0.5602976840467531,0.6779348957398702,0.4436606826306817,0.4019296179927596,0.6715427843984536,0.7132738490363757
EEF1A1,ENSG00000156508,chr6,73479307,73535587,266,0.5790342996407732,0.6603490399780725,0.6244897476979011,0.6143555463611517,0.6830397643759241,0.48278559610618216,0.4418486313789436,0.5970511807390981,0.6379881454663363
SLC17A5,ENSG00000119899,chr6,73583378,73663992,546,0.27549825237214287,0.31845289032909924,0.29156096671999787,0.297582579884863,0.2990190172687504,0.18048486743045408,0.19067140941310795,0.2029050363612237,0.19271849437856978
CD109,ENSG00000156535,chr6,73685784,73838316,905,0.30291729043144383,0.3074014644388507,0.24787048877891638,0.3505401168181632,0.30425177966330763,0.2216546120510157,0.21807576770553957,0.1456501493728473,0.1492289937183235
COL12A1,ENSG00000111799,chr6,75074325,75216267,682,0.4801506103364823,0.5938054047637329,0.6046313927163456,0.5786396426180371,0.6503353110065425,0.3136011569941701,0.3572045880443889,0.5873217786016289,0.5437183475514101
COX7A2,ENSG00000112695,chr6,75227674,75260323,186,0.6536257618342366,0.7782374485860722,0.7934653139883012,0.7533535557495971,0.7177763269439646,0.49454831165906654,0.8204460348826405,1.0115997460940318,0.685702022870458
TMEM30A,ENSG00000112697,chr6,75242923,75294948,258,0.6290079508874886,0.6987584142093056,0.7049985251202869,0.6663889836960118,0.6976533368897028,0.48532122502897923,0.5507206416322972,0.7145215005236174,0.6491220839202992
FILIP1,ENSG00000118407,chr6,75281858,75503800,1088,0.47688076401830837,0.3569685597145682,0.34177826352690516,0.4853229672718785,0.3007006122134939,0.33564704851296817,0.37405051795671584,0.10591461118209239,0.06751114173834477
SENP6,ENSG00000112701,chr6,75591508,75728281,647,0.4143007509923436,0.4891726002957439,0.4850094352076072,0.4319995418022358,0.47011372821594505,0.27153283215864465,0.3011318460340739,0.4001906833357977,0.3705916694603686
MYO6,ENSG00000196586,chr6,75739191,75929537,0,,,,,,,,,
IMPG1,ENSG00000112706,chr6,75911113,76082678,1030,0.46671845167241066,0.5880183750092881,0.5033498010466092,0.47935497762197654,0.49205763478380693,0.4078064827282729,0.4310380232383909,0.4789700474360338,0.4557385069259158
HTR1B,ENSG00000135312,chr6,77450923,77473491,143,0.49601702918259427,0.47524843746424306,0.37181120055433403,0.4395191677204815,0.28199462250121665,0.4325643102578386,0.4462561783967045,0.21226603235146346,0.19857416421259755
MEI4,ENSG00000269964,chr6,77640273,77937045,1907,0.3849539606207554,0.5283577202934275,0.4611790883799947,0.3878122784035773,0.4430796086102414,0.30961029609053675,0.3284588992073748,0.44192416662137946,0.4230755635045415
IRAK1BP1,ENSG00000146243,chr6,78857550,78956440,455,0.45609284936480443,0.7634538784423807,0.7135819236873814,0.4196989242754111,0.6586902911175199,0.40014303415441554,0.45542765512534733,1.0414690387521548,0.9861844177812231
PHIP,ENSG00000146247,chr6,78924418,79088254,761,0.41945869425304383,0.7579666300163195,0.7301551228290759,0.4041198268832768,0.660285285389423,0.32628299033163766,0.42837313275914635,1.0923966795055613,0.9903065370780528
HMGN3,ENSG00000118418,chr6,79191244,79244738,261,0.5998482444611087,0.6713241673238661,0.6961167875200351,0.6518850534323826,0.716345197602137,0.4187414595422574,0.4539543039257927,0.6939418654272913,0.6587290210437561
LCA5,ENSG00000135338,chr6,79474990,79547458,373,0.28996280506756755,0.3961430929262451,0.32550126887244973,0.25811140944692856,0.28457664889963713,0.22653522824123956,0.23404670022739105,0.2778827896916961,0.2703713177055447
SH3BGRL2,ENSG00000198478,chr6,79621328,79713655,459,0.40886579981112453,0.37019669686719964,0.37788306761305374,0.36935689269448585,0.39072167390648643,0.2567163650756099,0.2139414032191916,0.2056313605204248,0.2484063223768432
ELOVL4,ENSG00000118402,chr6,79904813,79957553,332,0.345982370667029,0.42598191743080366,0.4052450371614222,0.23289682637792508,0.4037749391774252,0.23005478336197527,0.15154564345737975,0.32503959706300467,0.4035487369676002
TTK,ENSG00000112742,chr6,79993886,80052527,314,0.40256820257629994,0.4107676499335856,0.3374052392608455,0.37836472131250015,0.33012882223786105,0.31622907141143314,0.3018332803228241,0.21270561942086486,0.22710141050947388
BCKDHB,ENSG00000083123,chr6,80096646,80356270,1799,0.47721620933500586,0.56154947828304,0.3878194002703492,0.5659058084754804,0.46970171959267154,0.4911838345009695,0.5123432042945877,0.3333244743444115,0.3121651045507934
TENT5A,ENSG00000112773,chr6,81481438,81762774,1812,0.47394801777156326,0.4602568900103596,0.5065976558691055,0.44205830626441683,0.4639376395747919,0.27629344826571883,0.288329003914392,0.34036852659123035,0.3283329709425571
IBTK,ENSG00000005700,chr6,82159985,82257754,516,0.4012588422314184,0.4415741127013854,0.3535235962944696,0.3446468232303324,0.3198860184099113,0.32967034352975144,0.3098597407242094,0.25296302530334813,0.2727736281088903
TPBG,ENSG00000146242,chr6,82353205,82377420,107,0.44170373643802363,0.5993561144706665,0.4767775968105223,0.5326055208408151,0.5542115568335525,0.424899585631446,0.43367659941803155,0.4897827266199962,0.4810057128334107
UBE3D,ENSG00000118420,chr6,82882389,83075841,1102,0.4165785425381104,0.35376951087014985,0.34285417243375493,0.40453377762421955,0.3425374243561727,0.2777975806818971,0.267821111020266,0.15880146383494131,0.1687779334965725
DOP1A,ENSG00000083097,chr6,83057665,83181350,538,0.5397392409480343,0.4496717369820587,0.48392377565332845,0.48225131348797123,0.42456367325771965,0.35585080836961636,0.3514394778680798,0.24138952857446183,0.24580085907599836
PGM3,ENSG00000013375,chr6,83151149,83203936,226,0.29426021455593976,0.29181601167929294,0.2302699592992315,0.30535616480520833,0.22790192341866614,0.21592230586357214,0.22538184291796798,0.12912904267586395,0.11966950562146814
RWDD2A,ENSG00000013392,chr6,83183356,83208935,158,0.2851861004621019,0.36993287702939537,0.19404583409407922,0.33315874196725265,0.18837359264370185,0.2909667835968047,0.3292085210314585,0.1709621372774201,0.1327203998427663
ME1,ENSG00000065833,chr6,83200401,83441051,1133,0.21759486168593553,0.27639648466438305,0.19053951594136348,0.23068768970047682,0.19545655925275038,0.17875346897973704,0.18414480862060456,0.14475819837308135,0.13936685873221386
PRSS35,ENSG00000146250,chr6,83502533,83535704,222,0.38477888786435505,0.560087747107848,0.5944154571281193,0.42870612645273265,0.5405636157965337,0.20226380217253953,0.30163837087597084,0.6189161950302581,0.5195416263268268
SNAP91,ENSG00000065609,chr6,83542879,83719691,921,0.4452540540864769,0.5767031244296786,0.4501182086376651,0.4811108211538631,0.45681368940482,0.42543729455177276,0.45272177749724424,0.4342442180544657,0.4069597351089942
RIPPLY2,ENSG00000203877,chr6,83843265,83867515,114,0.3608786170328795,0.31084414690362644,0.409051172238741,0.40264385274296505,0.42924231203012764,0.14696143271941514,0.16336954491934902,0.22532639894732256,0.20891828674738866
CYB5R4,ENSG00000065615,chr6,83849655,83977423,651,0.4067088582223511,0.32552603464629826,0.3481054799916868,0.4445573365377302,0.3719298121904338,0.2440098647507977,0.25835436955254554,0.1498123377662709,0.13546783296452303
MRAP2,ENSG00000135324,chr6,84023771,84100881,589,0.24919920873621879,0.2563084444279632,0.2086419274049868,0.22131245634914593,0.18204462596032958,0.17436954805859364,0.17266340999410415,0.12175935789481224,0.1234654959593017
CEP162,ENSG00000135315,chr6,84114240,84237643,577,0.3487565675527231,0.36297223019139685,0.30755744423448855,0.3336966009535406,0.2923150729433453,0.2561419019295206,0.2555979425577095,0.19480012775468736,0.19534408712649848
TBX18,ENSG00000112837,chr6,84677350,84774598,553,0.4076834350892396,0.2702157650339082,0.30778252072014617,0.40711884591565756,0.28303567765267185,0.23543265486996803,0.2525192362941266,0.07957370219832227,0.062487120774163685
NT5E,ENSG00000135318,chr6,85439583,85505791,315,0.40878279840892523,0.6826612618724558,0.5930747706098041,0.31802947097879636,0.5946439750897887,0.3871157464057792,0.31378240577914335,0.7606697546836136,0.8340030953102495
SNX14,ENSG00000135317,chr6,85494775,85604156,455,0.42727053880263144,0.7029324442138143,0.6462119924173356,0.39079375528213883,0.5967928576603017,0.3660400649443374,0.40054463228357784,0.8477556405407832,0.8132510732015426
RP11-321N4.5,ENSG00000271793,chr6,85494775,85688733,795,0.4132285316476235,0.686510472587375,0.5925133560090582,0.4025773356766551,0.56669102367867,0.39768102943197187,0.41940776311412237,0.7623082954175384,0.7405815617353877
SYNCRIP,ENSG00000135316,chr6,85597778,85654063,232,0.30722928767017615,0.2942082738944366,0.27883786114704606,0.36538961146531757,0.32028313413205506,0.19430000052212315,0.2085500895212649,0.1541350900056581,0.13988500100651638
HTR1E,ENSG00000168830,chr6,86927527,87026679,552,0.24364756681720526,0.257980707980708,0.14587319404001445,0.239466575849785,0.18994245891450015,0.20997612730688886,0.1807326293416656,0.08840390881986246,0.11764740678508573
CGA,ENSG00000135346,chr6,87075497,87105106,171,0.2790109943535001,0.5362745889562819,0.3782089378405453,0.2698408913208396,0.37316046662712204,0.31022146172156945,0.3079454006146374,0.4582412267527941,0.4605172878597261
ZNF292,ENSG00000188994,chr6,87142832,87275943,789,0.4805123032799583,0.6216182164416143,0.5582052276848581,0.42185756522802936,0.5530412969774081,0.4049269572763345,0.35724876089067276,0.5669246263888207,0.6146028227744824
GJB7,ENSG00000164411,chr6,87272979,87339278,387,0.40131926721727845,0.6514652930411796,0.5594594116634025,0.3927540804817506,0.5254115841277354,0.3736457955878151,0.4037657757242722,0.6803716686006018,0.6502516884641446
SMIM8,ENSG00000111850,chr6,87312582,87409749,613,0.38589194674128335,0.5639110421638732,0.5071748026438357,0.4147412503645156,0.49961895444827437,0.30494633572564733,0.336612433740029,0.5249626889848632,0.49329659097048156
C6orf163,ENSG00000203872,chr6,87334812,87375463,255,0.3403040127571614,0.6134978394172599,0.5162727985815452,0.42364603746688384,0.5417934373491803,0.3201799158595251,0.36060796159878084,0.630437904987241,0.5900098592479853
CFAP206,ENSG00000272514,chr6,87397971,87474465,445,0.2539632275266877,0.5782941973329148,0.5561400959552144,0.2870117786320018,0.5362448404672897,0.17209072375435486,0.21666959861281754,0.6913566343918847,0.646777759533422
RP3-382I10.7,ENSG00000213204,chr6,87398011,87521634,715,0.26962764682282125,0.5793149678974592,0.533842055734453,0.2862816223410937,0.5241192972689884,0.20842045175952834,0.23027480519721416,0.6574504158125695,0.6355960623748835
SLC35A1,ENSG00000164414,chr6,87460622,87522336,340,0.28713124685247804,0.6036991235365616,0.5262098075141135,0.29338923657237187,0.5239758674625176,0.2585244162261942,0.2652850756075035,0.6670571509459547,0.6602964915646455
RARS2,ENSG00000146282,chr6,87503937,87599987,589,0.32816653744409274,0.6745029494188993,0.6430248407971274,0.29859280090958706,0.5861045156458806,0.24502879481548,0.2974633828657721,0.8773730837538612,0.824938495703569
ORC3,ENSG00000135336,chr6,87580066,87677453,498,0.30824254177342775,0.6701431065532077,0.6111891174254053,0.31737725036269515,0.6104643790972863,0.266477018433487,0.2740546624940441,0.8426193563660181,0.8350417123054611
AKIRIN2,ENSG00000135334,chr6,87664859,87712233,292,0.23058661227116745,0.662748047502596,0.5715397981860462,0.230233570711265,0.5993540181017865,0.25074722993472565,0.21695803170810324,0.8361777645103183,0.8699669627369406
SPACA1,ENSG00000118434,chr6,88037840,88076838,193,0.5098690328307324,0.5550362525887469,0.5234934637322436,0.5401965838826849,0.5626796455430925,0.3907856357716292,0.37981471391948085,0.41897683085440857,0.4299477527065569
CNR1,ENSG00000118432,chr6,88129863,88176347,278,0.3061361512075399,0.3680107034381559,0.36003935774881235,0.33926587282770254,0.2654102919598348,0.18900687040729694,0.2824217065198755,0.2698759503912623,0.17646111427868372
RNGTT,ENSG00000111880,chr6,88599896,88973618,2094,0.3317157486034005,0.411009424501964,0.31666497318339404,0.30222388340093154,0.2876865676001911,0.27580837448567247,0.2749824117243026,0.25353672182512366,0.2543626845864936
PNRC1,ENSG00000146278,chr6,89070750,89095160,137,0.4418657509277125,0.3342697730820337,0.2083947756846623,0.46666148481609826,0.29244382027199184,0.37816702270419156,0.34476572602442834,0.028703732486155875,0.06210502916591909
SRSF12,ENSG00000154548,chr6,89085958,89128071,273,0.41534765001679885,0.2191201098713256,0.31404572550251264,0.4462766332019649,0.3351269348974474,0.2035637520109289,0.2151324247907316,0.04377017880644152,0.03220150602663885
PM20D2,ENSG00000146281,chr6,89136054,89175565,248,0.3583441037706638,0.5072929084680561,0.4138292528828329,0.3553392327363634,0.40000872541351123,0.3086996839916455,0.3180156464364761,0.3991407323394792,0.38982476989464854
GABRR1,ENSG00000146276,chr6,89167503,89241278,515,0.3957555827148298,0.4079056564221877,0.33812699178644373,0.3713996001288037,0.28264851304264665,0.3075921096129599,0.328079735770248,0.21649718303057908,0.19600955687329089
GABRR2,ENSG00000111886,chr6,89244463,89325299,530,0.4022313601978294,0.6625839866164949,0.5521884814422076,0.3773069814527143,0.523961956410936,0.39880364306443095,0.4089413865916378,0.6876350058072889,0.6774972622800819
UBE2J1,ENSG00000198833,chr6,89316624,89362722,278,0.30510771441499185,0.6110036734370938,0.6263800335839143,0.29135628362080834,0.5839078240936237,0.1618338390660884,0.2058696532812424,0.7823515396252081,0.7383157254100539
RRAGD,ENSG00000025039,chr6,89354615,89422273,396,0.3548107394149174,0.5335293202252368,0.5130907168783114,0.36826290214903806,0.5324587524920837,0.240547119963139,0.23078718189144015,0.5220129922078813,0.5317729302795802
ANKRD6,ENSG00000135299,chr6,89423151,89643834,987,0.3748040931991136,0.3973490290403774,0.3317088103179646,0.4162246479670922,0.35959286379629213,0.28653800527428375,0.29950247878318237,0.2198790655246739,0.2069145920157754
LYRM2,ENSG00000083099,chr6,89558143,89648749,402,0.4202156217643895,0.4712562777285407,0.4219690880621778,0.4559830616470427,0.4226803527109506,0.3171112484055852,0.34833356648460356,0.32014017305919984,0.2889178549801815
MDN1,ENSG00000112159,chr6,89632497,89829794,704,0.5306432132588328,0.5367390519766573,0.4826339463967547,0.5378970202605554,0.481025049034035,0.4334261102432199,0.4427663164361121,0.3360386707747928,0.3266984645819007
CASP8AP2,ENSG00000118412,chr6,89819893,89884436,226,0.30546547640996397,0.3497961024432498,0.33166459331471315,0.2573680189207543,0.29890879693024197,0.19600877956091084,0.18645332618286692,0.23446049717266335,0.24401595055070724
GJA10,ENSG00000135355,chr6,89884468,89931760,254,0.3531415187417255,0.36959490561558855,0.29164473088712173,0.2960849632242355,0.30064816920187215,0.27610543986962455,0.22744447343971666,0.1852872194079496,0.23394818583785754
BACH2,ENSG00000112182,chr6,89916527,90306908,2009,0.3362860976677138,0.45628515155933147,0.4080607282755764,0.32167679088724177,0.39131576751905583,0.2474416033233005,0.2505030464133025,0.3618887418915177,0.35882729880151576
MAP3K7,ENSG00000135341,chr6,90503572,90597072,479,0.39460654056041966,0.4728539309936812,0.3876460340666417,0.3659130213155839,0.40964323063494457,0.32585474812632703,0.2844092553296284,0.31442284992919617,0.35586834272589474
EPHA7,ENSG00000135333,chr6,93230019,93429687,1215,0.4044006223936937,0.4387646286982779,0.36088273357998724,0.3528936144495941,0.36896842551361264,0.32406730100140974,0.2762300474458515,0.25354760375976637,0.3013848573153246
MANEA,ENSG00000172469,chr6,95567484,95619470,310,0.4735343776386839,0.685613854954927,0.6321864030521686,0.3399427738516567,0.572944083894612,0.399261766172609,0.36086085274779905,0.7578715211482917,0.7962724345731017
FUT9,ENSG00000172461,chr6,96005973,96225612,1621,0.5803261878656076,0.5857317473806012,0.5266844870469629,0.5531324637623545,0.5135197149579094,0.5007630012828987,0.48308786367850315,0.380478560518001,0.3981536981223966
UFL1,ENSG00000014123,chr6,96511594,96565276,274,0.4326666510413723,0.4919726433456546,0.4891622811983337,0.43801882645740553,0.48874421261134277,0.2861624486001127,0.29131082912115963,0.39105753257170994,0.3859091520506631
FHL5,ENSG00000112214,chr6,96552547,96628626,546,0.23579240106893062,0.5854436126014148,0.43353128980083205,0.250574668501063,0.4050812349873927,0.290564321652968,0.3248322275905857,0.5899819548562498,0.5557140489186321
GPR63,ENSG00000112218,chr6,96784124,96847477,334,0.3984527178411594,0.4155727507563592,0.4246927202913786,0.38133028017206944,0.3428504323922661,0.2462610653049918,0.2987315288399134,0.2908619071606703,0.23839144362574854
NDUFAF4,ENSG00000123545,chr6,96879314,96907891,181,0.54856414171426,0.5815086177845584,0.5170565513697158,0.5284483685310389,0.4656226203910128,0.4692826226957057,0.4980863366542504,0.40181635864671905,0.3730126446881744
KLHL32,ENSG00000186231,chr6,96914619,97150754,1534,0.31714459078004414,0.3361981579153233,0.2605453838799364,0.29121818479747064,0.2798421765812756,0.244700688122891,0.2128471243066823,0.16507091651745015,0.19692448033365892
MMS22L,ENSG00000146263,chr6,97132160,97293217,710,0.4395248634335811,0.689790922132925,0.6377892132572628,0.47755643551862714,0.622728751775464,0.3669751040718825,0.42247810835631605,0.8035336600342001,0.7480306557497667
POU3F2,ENSG00000184486,chr6,98824573,98849458,119,0.3986197325347473,0.41494340082575365,0.46554255332058214,0.38547371363536537,0.43309409161355567,0.2090356703308715,0.22769416216422067,0.3270110153742512,0.30835252354090203
FBXL4,ENSG00000112234,chr6,98858534,98958006,384,0.2921150628970192,0.7059380064235674,0.6008723843308653,0.350430601333076,0.6427195812887881,0.32548215680949505,0.3130879758125553,0.8984825145574608,0.9108766955544005
FAXC,ENSG00000146267,chr6,99261167,99360062,551,0.5987159169571128,0.5924789593969143,0.5383087491583369,0.5193864665518209,0.45609921094601,0.5189447403543437,0.5106830445117788,0.37871797389802775,0.3869796697405926
COQ3,ENSG00000132423,chr6,99359400,99404195,218,0.5177852877043281,0.4838546480897031,0.47572457164544174,0.39561254828481407,0.4758527344351817,0.37249728011053823,0.2594620403916005,0.28886958330850676,0.40190482302744457
PNISR,ENSG00000132424,chr6,99387628,99435331,215,0.518938748730831,0.6485563686879765,0.5666225425237992,0.47007714181691945,0.5556673735898837,0.47066020886532517,0.4347739709409921,0.5750457378369982,0.6109319757613312
USP45,ENSG00000123552,chr6,99422324,99531728,506,0.5791480387077698,0.627300900233429,0.6204860162079945,0.45582387540895136,0.5505015329958867,0.4417970980360209,0.39792168924951615,0.5451867899009792,0.589062198687484
TSTD3,ENSG00000279170,chr6,99510975,99599899,507,0.6509646415436693,0.6778361391694724,0.6112653771975306,0.5244643451272583,0.5234027699523904,0.6202093274143874,0.567462433960447,0.5124856508943259,0.5652325443482662
CCNC,ENSG00000112237,chr6,99532386,99578825,251,0.6302669834761293,0.6751744518248697,0.5294086309975186,0.5008306397038588,0.48254500384394217,0.6828379915567016,0.5802220677309995,0.4416290240566424,0.5442449478823441
PRDM13,ENSG00000112238,chr6,99596773,99625578,195,0.5768371657599811,0.6474328154725262,0.4899900272199301,0.43177814298783723,0.49407491150944105,0.6145936522953187,0.4631953782809465,0.42792042819111986,0.5793187022054922
MCHR2,ENSG00000152034,chr6,99908518,100004247,466,0.4569386235161709,0.3880393116178618,0.38909376610360463,0.4544723163332558,0.3601907550614685,0.30440418575399963,0.3252518786001539,0.18668304744865483,0.16583535460250065
SIM1,ENSG00000112246,chr6,100375008,100474921,570,0.3391190129040299,0.5443365929220716,0.47483610868312137,0.2758364582991306,0.4890779163929708,0.2780687491763549,0.21860036575555153,0.5079321352255757,0.5674005186463791
ASCC3,ENSG00000112249,chr6,100498193,100891372,1959,0.45347986502465965,0.6384001944870129,0.6031206626693103,0.431615478077243,0.5827196527129707,0.34863916808368633,0.3540886574921306,0.6685780202318263,0.6631285308233823
GRIK2,ENSG00000164418,chr6,100952700,102091622,7097,0.35774862984143396,0.480202149679666,0.42410626785361744,0.3771182738663269,0.4354772963646914,0.2726293369432556,0.27796961954972876,0.3816859554300124,0.37634567282353926
HACE1,ENSG00000085382,chr6,104718093,104869919,684,0.33206229826080785,0.3517803283520993,0.2145062763839049,0.342616280891867,0.2086755604555696,0.29782159983103024,0.3094828963614684,0.13570404078952833,0.12404274425909007
LIN28B,ENSG00000187772,chr6,104926615,105093332,682,0.5704165292868885,0.7194044096434768,0.6783337857528099,0.5388876374042537,0.6282558919330598,0.4907695831062865,0.5277024062872746,0.7800712433825654,0.7431384202015772
BVES,ENSG00000112276,chr6,105086821,105147157,381,0.7001684933527977,0.8357216188297174,0.8523155275336212,0.6754137730261724,0.8385746821028658,0.5490251134049069,0.5538421142219497,1.2571677306262812,1.2523507298092382
POPDC3,ENSG00000132429,chr6,105147899,105190014,226,0.688950135881233,0.7993905111474464,0.8121321819878582,0.6172347167991077,0.7889792252762005,0.5510902439827354,0.505464862764981,1.0553048582345868,1.100930239452341
PREP,ENSG00000085377,chr6,105263217,105464062,1273,0.26742716043417064,0.3264323389454775,0.2309136298646145,0.27732478210955197,0.23147873947800396,0.2219036643856769,0.22833757359523132,0.17326316194415162,0.16682925273459717
PRDM1,ENSG00000057657,chr6,105983462,106119939,716,0.6550992030518005,0.7312328888042758,0.717963234958848,0.5845208309383084,0.6974667091360373,0.5563453181618249,0.49833443872510164,0.7575647138397752,0.8155755932764984
ATG5,ENSG00000057663,chr6,106035422,106335791,1521,0.45564013042145407,0.5463366716561436,0.49350479040615625,0.4284269923959493,0.4295752037238397,0.3591521181205526,0.394194520517809,0.43124780544198926,0.39620540304473284
CRYBG1,ENSG00000112297,chr6,106350716,106582017,2032,0.46604109317805,0.46859000910974036,0.43388307543258237,0.43790053980303567,0.40245512704186953,0.34535159982701713,0.34668600862804,0.28686984493301776,0.285535436131995
RTN4IP1,ENSG00000130347,chr6,106560770,106639498,594,0.4664844152799527,0.6628330774183445,0.7262653431096662,0.4727507570256935,0.7432195331669162,0.20992405058041197,0.18386263682879522,0.8772531014460434,0.9033145151976602
QRSL1,ENSG00000130348,chr6,106619577,106678417,376,0.3488509915029106,0.5581121356013315,0.5492372646915467,0.36856194541296344,0.4783962004244498,0.22445086855515617,0.3128037900575884,0.5922482609921886,0.5038953394897564
CD24,ENSG00000272398,chr6,106959830,106985627,0,,,,,,,,,
MTRES1,ENSG00000130349,chr6,107018198,107061586,277,0.5789551881026788,0.5166820197063065,0.4994560615784275,0.5960419304456797,0.526420960068357,0.4500183060133304,0.44304411949809086,0.2770621916364111,0.2840363781516507
BEND3,ENSG00000178409,chr6,107055181,107125515,455,0.44248148170277524,0.446243664462029,0.367757474504821,0.45428026944718913,0.3833014976425437,0.3584039302427058,0.35665262005202913,0.23262658629344318,0.23437789648411994
PDSS2,ENSG00000164494,chr6,107142561,107469564,1498,0.43374185040200813,0.6320938781741993,0.5857123947266158,0.47235560806289045,0.5607932936903972,0.343718919767028,0.40823753993092726,0.6562085573249077,0.5916899371610085
SOBP,ENSG00000112320,chr6,107480105,107671306,894,0.4355175396143798,0.47886601622529573,0.4885188337139057,0.5111948825813033,0.5249417839070621,0.27657477792490787,0.3116107916516318,0.3751733258113778,0.34013731208465375
SCML4,ENSG00000146285,chr6,107692153,107834317,963,0.5154784608124605,0.4979018995293907,0.4692789091638921,0.4772799537518218,0.47381230593598156,0.390017251416877,0.34778585234934384,0.29894250770122605,0.3411739067687592
SEC63,ENSG00000025796,chr6,107857755,107968208,603,0.6810998823308771,0.658401139001126,0.5901503518755842,0.7103131692569208,0.5770793678668913,0.6625152944684054,0.7262511182253059,0.41160285691730547,0.3478670331604048
OSTM1,ENSG00000081087,chr6,108031408,108175854,906,0.28644608578836256,0.3083418713959129,0.28775270073499903,0.31597723616005796,0.28039216626775326,0.1834153318529193,0.20968933498034326,0.18524814739558096,0.15897414426815704
NR2E1,ENSG00000112333,chr6,108156021,108198805,196,0.38946506788985336,0.38135709251988337,0.37461325793259587,0.42315521972737374,0.3913715760626874,0.2521308969029893,0.26693089021013283,0.2280961619961287,0.21329616868898515
SNX3,ENSG00000112335,chr6,108201221,108271246,329,0.29198214771636427,0.51362665052714,0.3806552782113546,0.25839250471773345,0.4619804486047789,0.29348572576530996,0.1999267602441278,0.42729301544578313,0.5208519809669654
AFG1L,ENSG00000135537,chr6,108284990,108536796,1030,0.41722440221715584,0.43797358846461026,0.4594903083042271,0.4441566115383447,0.4545546840651503,0.2504583998440998,0.27866120495837843,0.325748034734033,0.2975452296197544
FOXO3,ENSG00000118689,chr6,108549834,108694774,651,0.41332863201136577,0.6171101392088962,0.6011944640284718,0.48897465998877004,0.6452694830129725,0.28700850375476256,0.2974735584926431,0.6729993971388553,0.6625343424009746
ARMC2,ENSG00000118690,chr6,108838415,108984476,920,0.4566490491981246,0.48423457363204736,0.43474350691571234,0.5222154720283642,0.45212078127708083,0.3508136928613785,0.3994991116157484,0.3112895240632382,0.26260410530886824
SESN1,ENSG00000080546,chr6,108976436,109104819,689,0.1776532911143415,0.3961797774750892,0.3355144501366516,0.18419534807345686,0.31709489748829855,0.14566490456091435,0.16332987439555388,0.35881386561772755,0.341148895783088
CEP57L1,ENSG00000183137,chr6,109085109,109184418,615,0.2627444610279541,0.44620661430591924,0.36688663462240684,0.23762497132649105,0.32969238267251505,0.2193392747284671,0.23113087546887984,0.37162433708022224,0.35983273633980944
CD164,ENSG00000135535,chr6,109356513,109392467,244,0.36022771566567063,0.40528001417011145,0.2914946507751166,0.3536035199794576,0.31011834279976336,0.3108549490600655,0.2923858030789958,0.2088096471996556,0.22727879318072525
PPIL6,ENSG00000185250,chr6,109380214,109451171,401,0.37093067031155946,0.36265743902174014,0.26437071737061857,0.34648161196379385,0.2725950598497062,0.3034664113342384,0.2787803246127568,0.14698158428710015,0.17166767100858174
SMPD2,ENSG00000135587,chr6,109430723,109453919,128,0.295383042508862,0.339440708438326,0.3350759842822958,0.3353689062628986,0.29748957641009643,0.1783434154761835,0.2350482449179779,0.23632497587877432,0.17962014643697988
MICAL1,ENSG00000135596,chr6,109434061,109475968,243,0.39140510656845817,0.3824655194316595,0.33308003951767196,0.3941240870467399,0.33647438073535657,0.28676878287673585,0.2864563186976816,0.19525159018513702,0.19556405436419122
ZBTB24,ENSG00000112365,chr6,109452593,109493219,227,0.39319685020435535,0.432662866955613,0.3680584062680509,0.38148588876815187,0.4023462457861576,0.30369704882532106,0.2662465670774235,0.26310451222099024,0.30055499396888785
AK9,ENSG00000155085,chr6,109482854,109701217,1123,0.4985028726072516,0.5263214067278288,0.46219779577786896,0.4243229217832454,0.43543722349487624,0.40855961180508193,0.3638654849188371,0.3386666487430921,0.38336077562933696
FIG4,ENSG00000112367,chr6,109680608,109888098,1162,0.43479751293546703,0.5707026025621958,0.4843970008860267,0.47472912897654057,0.49215795955554587,0.37687920138778264,0.4059308734915403,0.4687261647213627,0.439674492617605
GPR6,ENSG00000146360,chr6,109968255,109990720,156,0.5151207549610578,0.4775374983696362,0.40424034323512836,0.4938503088825262,0.4661246133741625,0.42756975478484677,0.35126603024838965,0.2216323101483288,0.2979360346847859
WASF1,ENSG00000112290,chr6,110089818,110190004,551,0.19677300288331073,0.3289275517056073,0.28225198249455685,0.24805302103279148,0.3388574315784301,0.14317968689343358,0.13509093249632803,0.25569849031295294,0.26378724471005854
CDC40,ENSG00000168438,chr6,110170140,110264275,532,0.21736610179161525,0.3709324140984343,0.32432694266633944,0.28679448742025276,0.37194912460307816,0.15828043532275435,0.16818406896803278,0.3052361429672391,0.29533250932196065
METTL24,ENSG00000053328,chr6,110233939,110368349,925,0.3029266811482494,0.3950358025363012,0.36373688070682886,0.35052096497443175,0.41934564375140687,0.20565379527332167,0.1952855557622038,0.29693220517499824,0.30730044468611617
DDO,ENSG00000203797,chr6,110381770,110425575,373,0.3788766994202118,0.6777096157365465,0.565271380088137,0.35221172312523086,0.5594953870002987,0.38774734279820466,0.3733296665556723,0.7445549825471226,0.758972658789655
SLC22A16,ENSG00000004809,chr6,110414686,110486641,628,0.36974391408506774,0.44557656312726146,0.4193531823590661,0.3690352859132604,0.42298033118736095,0.2539215101597318,0.2502264856673754,0.3359050475387683,0.33960007203112486
CDK19,ENSG00000155111,chr6,110599977,110825958,932,0.3106139215049408,0.3427309003222709,0.3534793395002248,0.2956069251555638,0.32334232681861996,0.17773272537229368,0.1897453514644523,0.2419290304331487,0.22991640434099012
AMD1,ENSG00000123505,chr6,110864769,110908879,159,0.5610102416617838,0.5913909029359266,0.5824476235396319,0.6029227225557501,0.5793052309763377,0.4224651193033412,0.476386487071115,0.47253121355859645,0.4186098457908227
GTF3C6,ENSG00000155115,chr6,110948705,110977890,78,0.10758532543298291,0.232382232298725,0.1650431869019368,0.10193982761424622,0.21711040747914714,0.09895623217406006,0.06360898759633353,0.16550713585894727,0.2008543804366738
RPF2,ENSG00000197498,chr6,110972014,111038263,0,,,,,,,,,
SLC16A10,ENSG00000112394,chr6,111077502,111241194,780,0.5230229256143287,0.5121308064312692,0.47170226326198034,0.5409043902084221,0.4808513276132568,0.4099497737454292,0.42031988396023107,0.3077581812800169,0.2973880710652151
MFSD4B,ENSG00000173214,chr6,111249326,111455354,905,0.4616575734840461,0.4274705028546497,0.38250731427230644,0.5002904258848505,0.39220509942758475,0.3474317033663627,0.3767507170307501,0.21025931811667253,0.1809403044522851
REV3L,ENSG00000009413,chr6,111289027,111493715,892,0.4724415243862197,0.4626916865809741,0.41955445269515573,0.5183065322122167,0.4463424933159386,0.3583597444894894,0.3802107662882974,0.262823464294236,0.24097244249542799
TRAF3IP2,ENSG00000056972,chr6,111545380,111616906,387,0.5307852313943136,0.6491185889403129,0.5550296551192307,0.48173922163313976,0.5254538200738029,0.49712700981766333,0.4795936803848861,0.5501799630150456,0.5677132924478228
FYN,ENSG00000010810,chr6,111650331,111883452,1348,0.34642814114217657,0.33405067731534205,0.29410744577030756,0.3343173644150415,0.25069953200405615,0.2417761264105388,0.26243436576406476,0.16476557699143524,0.1441073376379093
CCN6,ENSG00000112761,chr6,112044074,112079686,307,0.23728200597014923,0.20254094159789496,0.13473926345601347,0.3055734460837604,0.1719600765559428,0.17623365633908106,0.20114987515438254,0.05009112672869462,0.025174907913393135
TUBE1,ENSG00000074935,chr6,112060662,112097529,273,0.10584297459082243,0.14403485217804388,0.11115321171430059,0.20603645277884547,0.0905599586692007,0.07478454723581839,0.14565856992662046,0.08074107159472746,0.009867048903925368
FAM229B,ENSG00000203778,chr6,112077590,112112790,254,0.1480905587723724,0.16241644121899196,0.07455599121471733,0.22143987788180403,0.05403225806451613,0.13001382444102394,0.18599825058549294,0.04722042413993886,0.0
LAMA4,ENSG00000112769,chr6,112097930,112264939,1181,0.31156310308517365,0.3539535647146936,0.30892688196482043,0.30471235244969325,0.28745617980819804,0.22035293427100733,0.23069983375230374,0.2165309622652566,0.20618406278396018
RP11-506B6.7,ENSG00000281613,chr6,112226805,112360094,761,0.3648217080976123,0.508674419523629,0.4258277318608933,0.35175714814053266,0.3995967246693288,0.30483600505788716,0.3169922158534155,0.40581226918798263,0.3936560583924542
RFPL4B,ENSG00000251258,chr6,112337329,112361294,98,0.4252799621597045,0.45273680367638236,0.34341606896251703,0.40459589553796965,0.4347986865071147,0.36799646462595914,0.2753835307784752,0.23482896435884665,0.3274418982063307
MARCKS,ENSG00000277443,chr6,113847344,113873475,0,,,,,,,,,
HDAC2,ENSG00000196591,chr6,113923027,114021308,477,0.5313000212615421,0.6973846498721453,0.5814362681936682,0.5160640296594986,0.5855088285053025,0.5410795282522203,0.5201959106797092,0.6542132232073488,0.6750968407798599
HS3ST5,ENSG00000249853,chr6,114045595,114353023,1486,0.4338124633659917,0.47669079947999127,0.44919940882310216,0.40582593787486243,0.4389885173329011,0.3100151320272833,0.29507592361770574,0.3375676519999114,0.35250686040948886
FRK,ENSG00000111816,chr6,115921148,116070891,607,0.48702968686121073,0.3894772182314921,0.4053693980689438,0.40426430339978114,0.3097893584840697,0.3205810354190952,0.3203196957448054,0.1728586341343959,0.17311997380868577
NT5DC1,ENSG00000178425,chr6,116090850,116259497,828,0.3465177564752123,0.4189457416649905,0.34771789542413833,0.3305722981132452,0.36050729869443227,0.27053646069089615,0.24858158769885813,0.27237467795975495,0.2943295509517929
COL10A1,ENSG00000123500,chr6,116108908,116168747,299,0.33274245686280807,0.34306859401733136,0.3117653429157858,0.30069709195080996,0.2610966751863742,0.2255647144676802,0.23762938554700214,0.1946109563774205,0.18254628529809863
TSPYL4,ENSG00000187189,chr6,116239963,116264075,129,0.4246996795375382,0.4788771865508824,0.4547260423895351,0.3702287932813972,0.34892907642640925,0.2990828402964352,0.3425157654935663,0.3526866983215739,0.3092537731244428
DSE,ENSG00000111817,chr6,116244172,116454861,1125,0.4033420538558752,0.43239640206910385,0.4091806624161404,0.37776151579793793,0.4045659814835431,0.27824914075708584,0.2611495715065068,0.28808285410989504,0.30518242336047396
TSPYL1,ENSG00000189241,chr6,116257759,116289930,154,0.28900925738810773,0.29928646843923146,0.23591392657911206,0.1210493640371754,0.18851451020756227,0.21383858359340832,0.13789695078962655,0.14181754870909657,0.2177591815128784
RP1-93H18.7,ENSG00000285446,chr6,116389394,116473696,516,0.39555030775130784,0.4111378251253298,0.3784836237498302,0.43187432817271815,0.37850360969161095,0.27870346844185845,0.30967528833224856,0.2508596527856073,0.21988783289521718
CALHM6,ENSG00000188820,chr6,116451369,116473771,155,0.3099174520239452,0.2934308537127907,0.2819850574211328,0.32859064468183596,0.3051628000677017,0.1935066825417061,0.1908163824866076,0.1538275275024008,0.1565178275574993
TRAPPC3L,ENSG00000173626,chr6,116484988,116555684,364,0.41904326897852345,0.35023388244864756,0.29206983995537905,0.4036302809555977,0.2899813205745659,0.3144059820121132,0.3027866350144842,0.1167368179825502,0.1283561649801792
CALHM5,ENSG00000178033,chr6,116501638,116534788,147,0.3459941290566259,0.3559941470687028,0.2318446440953885,0.37204883857708865,0.2234896989170747,0.3004615675732926,0.32619748902583157,0.13958589694315465,0.1138499754906157
CALHM4,ENSG00000164451,chr6,116519012,116568868,266,0.3215917565387086,0.28698950435990256,0.2597693710071917,0.3563987157928818,0.24842344027713695,0.2127358504970445,0.24667640385004266,0.125523287786297,0.09158273443329881
RWDD1,ENSG00000111832,chr6,116561408,116607675,250,0.32660271263309004,0.26319568730899734,0.24538379940907343,0.33924386285951036,0.21652406712298528,0.20965336937082826,0.23789422153738182,0.09577957141507998,0.06753871924852645
RSPH4A,ENSG00000111834,chr6,116606478,116642985,185,0.24681466631314256,0.26710492914542033,0.25743924408625,0.22515884219300367,0.20210304770606274,0.14827305324751744,0.17003707178928051,0.16247968436154897,0.1407156658197859
ZUP1,ENSG00000153975,chr6,116625617,116678794,266,0.2847462206769918,0.3303653716932511,0.279968575509576,0.26869181341035386,0.23210642744731227,0.20384024328881514,0.22491961279202483,0.19718280294072688,0.1761034334375172
KPNA5,ENSG00000196911,chr6,116671186,116751867,396,0.29932722777610016,0.2723550448620281,0.22901200910341027,0.25497420023255596,0.22639353629580242,0.2067869347557664,0.1777932499282646,0.1111551139798182,0.14014879880731998
FAM162B,ENSG00000183807,chr6,116742196,116775719,181,0.33427408262884195,0.42422915259641997,0.3393224219690883,0.3041079657669519,0.22280538091784896,0.2722167116137161,0.3312709003760762,0.2798288201984017,0.22077463143604154
GPRC6A,ENSG00000173612,chr6,116782084,116839083,275,0.43143392674378245,0.4362124860312669,0.4041088883401294,0.44705022624550655,0.43418783994979115,0.31000913414394476,0.2980364124059802,0.2630687126099857,0.27504143434795025
RFX6,ENSG00000185002,chr6,116867211,116942161,456,0.39942767761055925,0.4203844371881241,0.34897299441693813,0.40864363646242435,0.39319427995656286,0.31302913565144885,0.2855900361358481,0.23236108229247449,0.25980018180807524
VGLL2,ENSG00000170162,chr6,117255557,117283565,196,0.3336525026702242,0.39028765439813357,0.32185653911701084,0.3525796276257544,0.2771506949191159,0.2561577775871387,0.30248647951707963,0.23861022003629223,0.19228151810635133
ROS1,ENSG00000047936,chr6,117277352,117435942,971,0.3840905395302844,0.5184478878964173,0.4446534361082304,0.30776460311372905,0.4301365948127557,0.3136166051341379,0.26810572516809983,0.4171242197982417,0.46263509976427986
RP1-179P9.3,ENSG00000282218,chr6,117308210,117583571,1567,0.3665796129882627,0.5087195531331906,0.44700630335310937,0.30929655932881855,0.4299854550427874,0.2874762110681046,0.25934572991368476,0.42326392829631204,0.45139440945073195
DCBLD1,ENSG00000164465,chr6,117443816,117579858,694,0.3535288871558749,0.45822901357631207,0.450366861445642,0.34778639858418875,0.4337489928115775,0.225317210564923,0.2357886193979658,0.3875946905439662,0.37712328171092346
GOPC,ENSG00000047932,chr6,117550268,117612542,228,0.4644798940085256,0.43671000275298977,0.3700296215619822,0.47424089011519416,0.3486212578881044,0.3681975275992106,0.39410440348533693,0.20576316305691172,0.17985628717078533
NUS1,ENSG00000153989,chr6,117665468,117720727,284,0.30924573860875343,0.39730866648411833,0.36559595406906714,0.37046333177574275,0.4028957099907857,0.2106260064461206,0.22672889237476607,0.29572409158315294,0.27962120565450743
SLC35F1,ENSG00000196376,chr6,117897263,118327676,2719,0.48373690030507727,0.473756852309713,0.45907153417122754,0.4880013691830044,0.421458152676106,0.344331220350217,0.3820904229460266,0.2976606947361848,0.25990149214037517
CEP85L,ENSG00000111860,chr6,118450771,118720075,1809,0.37840541195577904,0.3675197977803322,0.3178849791017308,0.396616131762717,0.3173716067944834,0.27550828157630036,0.29075169969731296,0.1825980781325127,0.16735466001150012
PLN,ENSG00000198523,chr6,118538295,118571716,231,0.3589118785293104,0.3379809403778759,0.28423423549906573,0.40820979938629587,0.3611552612319568,0.2613234894549529,0.24448510040124022,0.15113744303465212,0.16797583208836475
MCM9,ENSG00000111877,chr6,118803441,118945162,961,0.4731200602367912,0.492121094709864,0.43334531553506883,0.5817487452467426,0.45322826768542657,0.3751448135113782,0.4727306511521142,0.30236742172132974,0.2047815840805936
ASF1A,ENSG00000111875,chr6,118884151,118919171,205,0.3768884255043998,0.48328739757540146,0.4128281641809354,0.3843932088190643,0.5063599110469306,0.30043018567822644,0.21973335342095845,0.3598382680922251,0.4405351003494931
FAM184A,ENSG00000111879,chr6,118949762,119159387,1190,0.4935282865895728,0.5371017210554551,0.49597335094289485,0.4809926097168319,0.4615106798496197,0.3827043078804233,0.40354874510804556,0.3875436410568296,0.3666992038292073
MAN1A1,ENSG00000111885,chr6,119167204,119359761,1170,0.3715010170750254,0.3593489848510601,0.36374487047780574,0.409472839606084,0.3927097972881471,0.22876781432267207,0.23663077426979826,0.21650259414423617,0.20863963419711
TBC1D32,ENSG00000146350,chr6,121069493,121344745,1676,0.4862247922196852,0.39447692211059787,0.4622522367120764,0.6049818434399614,0.5476579003668692,0.27363319042287637,0.3185848121392137,0.2280294125196719,0.18307779080333458
GJA1,ENSG00000152661,chr6,121425594,121459727,201,0.24508614565175324,0.1626209079090778,0.15521045016031282,0.2080695045084174,0.14087997914672087,0.14498114685675584,0.12945669871730303,0.032497246500802546,0.04802169464025538
HSF2,ENSG00000025156,chr6,122389550,122443119,251,0.4472529421208951,0.40553831810298147,0.3705127415471368,0.41779931325044306,0.3638222580873228,0.3250520673881389,0.3043809005448417,0.19504695187681753,0.21571811872011493
SERINC1,ENSG00000111897,chr6,122433350,122481807,228,0.4219435052109631,0.3663182986617359,0.39256415390126587,0.4378446327790543,0.3831871982577329,0.25289172986944597,0.27449790514343153,0.20331676910630042,0.18171059383231497
PKIB,ENSG00000135549,chr6,122461916,122736373,1385,0.4905932801552778,0.513546306046813,0.48539372215769266,0.4871052759310149,0.44007840494494604,0.36538445449175644,0.4041698605597759,0.3552291094022531,0.3164437033342337
FABP7,ENSG00000164434,chr6,122769715,122794074,143,0.4301106732606471,0.4711899343579511,0.45796609050070214,0.5347309911092184,0.41593487833732884,0.2935061702618866,0.43226134500098506,0.3436197854886533,0.20486461074955487
SMPDL3A,ENSG00000172594,chr6,122779048,122819720,214,0.5075377611582117,0.45201444867970825,0.5081282106969832,0.47215111894235096,0.4376969343377773,0.3001533325002225,0.3323686466256407,0.3013530260853404,0.26913771195992225
CLVS2,ENSG00000146352,chr6,122986234,123082925,529,0.5572480247769996,0.5504287832111553,0.5158503136817703,0.45868034978168865,0.45130988592072063,0.4444226961458805,0.4064924369608641,0.3550383059038825,0.3929685650888989
TRDN,ENSG00000186439,chr6,123206338,123647093,2659,0.4338203696132115,0.5636326592703086,0.530987620696056,0.4440045409773039,0.5201280429569959,0.3204943164617734,0.3410150254561301,0.5087765492865752,0.48825584029221847
NKAIN2,ENSG00000188580,chr6,123793864,124835640,6793,0.4277295967045733,0.4803177564630768,0.4548377130772225,0.44894717784018373,0.47146560316851777,0.3030048180521263,0.30640747041735,0.35153290625527966,0.3481302538900561
RNF217,ENSG00000146373,chr6,124952436,125102633,815,0.43182908294916444,0.576991953234691,0.5225046984321471,0.4142216443013698,0.49047744467053844,0.3432480567486823,0.36044835640937467,0.5171160202822764,0.49991572062158407
TPD52L1,ENSG00000111907,chr6,125109048,125274407,1142,0.34660026546135847,0.3146888346098475,0.318531312768537,0.27386962600476883,0.28652648430634803,0.20997174908714294,0.18014901398946903,0.167910538731793,0.19773327382946695
HDDC2,ENSG00000111906,chr6,125209961,125312078,651,0.38324500815938495,0.32199979070602275,0.31253613734793534,0.32555613347637885,0.18464520900847406,0.2485725489665101,0.28917128869985065,0.14003513338209733,0.0994363936487567
HEY2,ENSG00000135547,chr6,125737663,125771269,164,0.432611999996668,0.7232704790755718,0.5561786424449265,0.45366690217066097,0.5712637606552633,0.5195467345808296,0.5211638763636652,0.765167974016967,0.7635508322341313
NCOA7,ENSG00000111912,chr6,125771160,125942034,869,0.4176604289800367,0.6622105827168385,0.6456980195932726,0.37593124409380657,0.5973000143616258,0.294214235994807,0.3236319437986698,0.7911183674549906,0.761700659651128
HINT3,ENSG00000111911,chr6,125946769,125990244,263,0.6858323657459271,0.8804994803304546,0.7612310955260813,0.45913651003933403,0.7029748113723717,0.925002002843277,0.7625422932041773,1.1994325560776256,1.3618922657167252
TRMT11,ENSG00000066651,chr6,125976478,126213817,1177,0.5650280006910715,0.6736870327099518,0.6618090912658572,0.4335789866270208,0.5810622920334554,0.4341136154704809,0.4091414673696849,0.6857847203095848,0.710756868410381
CENPW,ENSG00000203760,chr6,126330114,126358875,82,0.5132181386971951,0.28551110838846694,0.36688384449578476,0.31714836464911833,0.28151085967480316,0.29951281739874963,0.19353040441789582,0.03667501141405222,0.14265742439490603
RSPO3,ENSG00000146374,chr6,127108670,127209481,460,0.3402830522079675,0.5924979898206898,0.5105665384035654,0.39104243250623866,0.5045247553669,0.2995735293371573,0.3457391079642442,0.5981358840208668,0.55197030539378
RNF146,ENSG00000118518,chr6,127256725,127298567,215,0.39728897054642687,0.6262295769798216,0.5887091403861319,0.5517134015938063,0.5690459667558903,0.3009881518362268,0.4723410943935315,0.6831253604016677,0.511772417844363
ECHDC1,ENSG00000093144,chr6,127278711,127353609,359,0.44649771656775045,0.6381033457441306,0.5514248925409378,0.5499807609286426,0.5741544889137824,0.4031034234844867,0.4805914442586765,0.6132931699116408,0.5358051491374509
KIAA0408,ENSG00000189367,chr6,127428405,127469389,227,0.2842007340648437,0.27773891787712124,0.23490350003919494,0.4370078159322816,0.439961482544637,0.1959853963309051,0.16005420650362978,0.129383199534921,0.16531438936219633
RP3-403A15.5,ENSG00000255330,chr6,127428405,127529001,594,0.31255010691390794,0.3220088566879158,0.2491009915954306,0.3907016063643225,0.367449241231406,0.23845163827509303,0.21303670082320744,0.15016941581349738,0.175584353265383
SOGA3,ENSG00000214338,chr6,127462793,127529191,395,0.3282746704103391,0.3385037287137253,0.2624263143399307,0.29355715794208853,0.29383462349219747,0.2533837034713192,0.20642904535777226,0.1598672287271368,0.20682188684068378
C6orf58,ENSG00000184530,chr6,127509454,127601820,617,0.5317808797409451,0.6321081032378497,0.5417782794301115,0.3791913064615055,0.5065170851744237,0.48919146188120893,0.38521570404470995,0.5107746808860694,0.6147504387225684
THEMIS,ENSG00000172673,chr6,127698071,127928631,1122,0.3502106006565345,0.40671511313162445,0.35493318515395494,0.33848486792464755,0.3671415212348648,0.25739308500132474,0.2388972726248379,0.2646874940418782,0.28318330641836503
PTPRK,ENSG00000152894,chr6,127958784,128530616,3110,0.45922532697739815,0.48970837176614207,0.5616414751848355,0.48835718955257174,0.5760007483265189,0.23140366538714102,0.2424389206000112,0.44136923123703325,0.43033397602416307
LAMA2,ENSG00000196569,chr6,128873137,129526566,3838,0.3997356484164293,0.46298017511421646,0.4102049371094285,0.4389441711444178,0.4612135925779481,0.3020626243356635,0.2906095333862355,0.3196576429684348,0.33111073391786267
ARHGAP18,ENSG00000146376,chr6,129566131,129720177,961,0.26883120722190806,0.3329578107419392,0.26952669396463086,0.2754085918884631,0.26145162862392746,0.20197516575740987,0.21199033057899158,0.20292681704848264,0.19291165222690093
TMEM244,ENSG00000203756,chr6,129821243,129871547,384,0.36600995537932984,0.25899217328051,0.24749312326664952,0.32593273410316287,0.26630802955001326,0.2355604873209113,0.19225173307329602,0.06418360404644002,0.10749235829405529
L3MBTL3,ENSG00000198945,chr6,130003698,130151449,750,0.4092987656218926,0.41573417218781494,0.4119944711414873,0.4245384843820053,0.40652561191639536,0.26641260089305624,0.2841104597417575,0.2709866142160361,0.2532887553673348
SAMD3,ENSG00000164483,chr6,130134314,130375425,1787,0.3611447337346338,0.5077589932900463,0.410739873461755,0.3567057995675408,0.4512009469479014,0.3139883150872897,0.2749585096379216,0.3947985163039006,0.4338283217532687
TMEM200A,ENSG00000164484,chr6,130356016,130453067,618,0.29694202019407256,0.464257809589721,0.37446476291956,0.3158359228677966,0.46480771542466076,0.25363526050241647,0.18926527335199467,0.37046696116129585,0.4348369483117176
SMLR1,ENSG00000256162,chr6,130817405,130847135,223,0.34871968534777537,0.4944967680061468,0.4096084024541457,0.31271446773967015,0.47407456177721324,0.29202337393798977,0.20730523467446926,0.39017747294658617,0.4748956122101067
EPB41L2,ENSG00000079819,chr6,130829346,131073322,1426,0.40088403690671853,0.5506492932111159,0.47028018830066304,0.39875761546433963,0.45349389157644815,0.33842232384680804,0.3522494707928093,0.4615292881182322,0.44770214117223095
AKAP7,ENSG00000118507,chr6,131125466,131293535,914,0.39386238208562424,0.5195870945256746,0.4590100492600866,0.350261240021784,0.37312868368382524,0.3097014879475501,0.3486401165876414,0.4234078371714271,0.38446920853133587
ARG1,ENSG00000118520,chr6,131460831,131594332,887,0.44321241042857407,0.6376013336073623,0.4620460350964932,0.4227467540098995,0.43626708726892904,0.4902997771157845,0.4956549468415338,0.5247106076363143,0.519355437910565
MED23,ENSG00000112282,chr6,131563965,131638242,347,0.3313171503818652,0.5393260260152055,0.3125716383794923,0.3082538685110923,0.33749616432277296,0.4013562212064215,0.36593601110567936,0.3737084797569358,0.4091286898576779
ENPP3,ENSG00000154269,chr6,131618441,131757418,676,0.24448297983042086,0.3283525624162251,0.2835131846754641,0.2323052849308174,0.24923858712837776,0.17248962918708366,0.18785874179709325,0.2255320933997259,0.21016298078971635
OR2A4,ENSG00000180658,chr6,131689643,131711401,65,0.2663891598409029,0.13813341485472633,0.06334019508799812,0.2735902792786303,0.040611028315946346,0.19649812216586482,0.21341858932549995,0.0,0.0
CTAGE9,ENSG00000236761,chr6,131698440,131721017,36,0.25833313910925854,0.23671607880080905,0.05085264940025368,0.2583370151160316,0.033927823328744985,0.25839454666802364,0.26723440600222065,0.011730658582609188,0.002890799248412179
ENPP1,ENSG00000197594,chr6,131798015,131905155,755,0.30444173011456654,0.5049378306389553,0.40443405014327466,0.2749852810474244,0.40461067071456686,0.27393463509173555,0.2530477497371216,0.42913729453928395,0.4500241798938981
CCN2,ENSG00000118523,chr6,131938175,131961372,123,0.4032228400903657,0.7581035807367642,0.644946982260415,0.3932732640153723,0.5815392236756959,0.4499845054334184,0.5238751616340154,0.969261158591962,0.895370502391365
MOXD1,ENSG00000079931,chr6,132286054,132411475,782,0.4089447086508119,0.5508568126893183,0.45988386418879174,0.36503767833140227,0.4611725405118615,0.3551440767608205,0.3181216428000439,0.4452694626213232,0.4822918965820998
STX7,ENSG00000079950,chr6,132435866,132523198,604,0.3960045933147713,0.524360030052592,0.41860288513433,0.36670760640243455,0.4832784120738387,0.3524807546186204,0.2698330293474938,0.3906133219776238,0.4732610472487505
TAAR9,ENSG00000237110,chr6,132528289,132549336,168,0.2867125142651154,0.2551604913022236,0.31754853363358565,0.23982051311604108,0.2872673876027705,0.12519668820404722,0.11506913421424153,0.16938982017247844,0.17951737416228408
TAAR8,ENSG00000146385,chr6,132542692,132563721,177,0.3428422207645298,0.3339413320043745,0.3088100722602631,0.28854141277667217,0.3265337631018145,0.22843401339475275,0.17574908753515922,0.17794350884317697,0.23062843470277045
TAAR6,ENSG00000146383,chr6,132560321,132581359,213,0.3787539036269711,0.4847332155510923,0.33194635110036275,0.30217831468332906,0.3903029559889032,0.36785583677066197,0.26403453203171573,0.2952146476218208,0.39903595236076694
TAAR5,ENSG00000135569,chr6,132578672,132599686,167,0.2961347320574818,0.39427265276298934,0.2511460411982351,0.24615941897765536,0.2782507263356975,0.2816411710315404,0.22891110687489502,0.2196841451777153,0.27241420933436067
TAAR2,ENSG00000146378,chr6,132607021,132634275,262,0.3568329141519266,0.39789642658533364,0.27500730736972945,0.35117593112239437,0.35038877495609,0.3135414156140785,0.2542691342987131,0.19378438399637346,0.25305666531173887
TAAR1,ENSG00000146399,chr6,132633311,132669182,319,0.26955399572323013,0.3930402684987959,0.3114262032813768,0.2671270422818252,0.37004180972970513,0.22013000758907159,0.1739869571214569,0.27916282272988524,0.3253058731975
VNN1,ENSG00000112299,chr6,132670848,132724055,471,0.2696773918133769,0.5152310715006089,0.38081143386140137,0.2688254636312037,0.43295946241571015,0.27950321434168335,0.23493076929862777,0.4445797233184329,0.48915216836148834
VNN3,ENSG00000093134,chr6,132712786,132746935,305,0.34630799321568206,0.3870157292570512,0.29280213161007346,0.35256743536433466,0.30264620069922166,0.2840450985600469,0.28184712348343144,0.20537090428825538,0.2075688793648709
VNN2,ENSG00000112303,chr6,132733869,132773459,319,0.30517283325441036,0.2664647004182302,0.17708085930948497,0.33972299277921325,0.19744846986708967,0.2395371851948887,0.25250808388473917,0.07034237250632047,0.05737147381647004
SLC18B1,ENSG00000146409,chr6,132759369,132823339,446,0.24395979657614458,0.2158803306118058,0.12682044323835368,0.20283913706951598,0.0908409314924415,0.19362014469787348,0.18732860425462383,0.049573486056324945,0.05586502649957459
RPS12,ENSG00000112306,chr6,132804568,132827564,186,0.243339810206059,0.2092638751629488,0.1609656820922933,0.22469470907303749,0.13070478014319187,0.16906415536975192,0.17460843972747464,0.06572680841958653,0.06018252406186378
EYA4,ENSG00000112319,chr6,133230513,133542128,2017,0.33420880076850534,0.3684921313311701,0.29935464615312934,0.39913471467344375,0.34742088218386513,0.2553353073296224,0.2711032518258304,0.20430956965641486,0.18854162516020678
TCF21,ENSG00000118526,chr6,133879112,133905553,143,0.5800622027389735,0.3699748610427778,0.36970032882899223,0.5422231711096529,0.41374068057257674,0.4340421667763682,0.35468799070257717,0.027953390509596276,0.1073075665833873
TBPL1,ENSG00000028839,chr6,133942169,134000432,267,0.27218177680410505,0.35810971985408085,0.326701884194182,0.3786409490160808,0.38934901276615347,0.1827373832960113,0.2129771883085707,0.26060050980128335,0.2303607047887239
RP1-73H22.5,ENSG00000288529,chr6,133943303,133990088,203,0.2714853605902917,0.2904801163371824,0.3037610982828193,0.33717381627748744,0.35438445971106675,0.14892594410023788,0.15842907807116374,0.1942408137797525,0.18473767980882663
SLC2A12,ENSG00000146411,chr6,133977580,134062624,446,0.3292431072796915,0.33018501266632255,0.27898762079468187,0.34630468568689876,0.28324110320723883,0.23650164213899108,0.24642594888236746,0.16425210089928122,0.1543277941559048
SGK1,ENSG00000118515,chr6,134159247,134328112,1015,0.48782331630694503,0.4308255285138792,0.443072437864803,0.4941033297541117,0.45620050860011685,0.32366689708999935,0.31790821053971724,0.2399013664957847,0.24566005304606686
ALDH8A1,ENSG00000118514,chr6,134907392,134960115,358,0.30401847659774756,0.3524094657694905,0.281486321270483,0.26075275521504193,0.2489984704517576,0.23317915203324213,0.2251359653682872,0.20131752194385572,0.20936070860881065
HBS1L,ENSG00000112339,chr6,134950377,135113056,1016,0.27324800933116794,0.7423418161497924,0.5917696644569513,0.28659484670528584,0.5826294807286663,0.3896838628528574,0.4100231537559927,0.9664375784199145,0.9460982875167793
MYB,ENSG00000118513,chr6,135171307,135229173,281,0.3230968248921093,0.6444956113900877,0.5178320117315047,0.27925340460893505,0.5520197424656024,0.3474910097330322,0.2793396177783992,0.6867266751877386,0.7548780671423717
AHI1,ENSG00000135541,chr6,135273406,135508434,1307,0.5788241529216905,0.3853887777107137,0.4393342710393125,0.5460512594147775,0.43203743203346395,0.3864199069171293,0.3554182997833385,0.10034546303437214,0.13134707016816288
PDE7B,ENSG00000171408,chr6,135841700,136205574,1985,0.30657234976961856,0.323808114979228,0.3085382482825384,0.3014332301102869,0.29836326210177544,0.19421965920022782,0.1978317139135162,0.19705873043672723,0.1934466757234388
MTFR2,ENSG00000146410,chr6,136221023,136260335,220,0.41675162935293103,0.34682235365913505,0.31109196062780337,0.4303552062611149,0.2671782529686616,0.29620040765848826,0.3388978160430633,0.1297057325813416,0.08700832419676657
BCLAF1,ENSG00000029363,chr6,136246626,136299851,205,0.1339362463205378,0.4172214486033855,0.42210968510459873,0.20513788945336134,0.3945831671982989,0.06768678382404847,0.13384827744700317,0.4722612241968162,0.4060997305738614
MAP7,ENSG00000135525,chr6,136332280,136560819,969,0.46878561298853044,0.4079189736803752,0.4784018878942693,0.49437592391196244,0.4893565891747991,0.25292174703972986,0.2669949222863277,0.27119003764092897,0.25711686239433096
MAP3K5,ENSG00000197442,chr6,136547045,136802477,1376,0.2855974582713247,0.39176207617542524,0.3849758148078249,0.343210946941695,0.3782040850449086,0.1737020783123831,0.22121909423149463,0.3234870731702104,0.275970057251099
PEX7,ENSG00000112357,chr6,136812563,136923934,559,0.4891075751336788,0.4420794639966542,0.38120824506244505,0.40557993363271705,0.35405575910330794,0.38757424024127624,0.3333328345652331,0.19596449509677127,0.25020590077281457
SLC35D3,ENSG00000182747,chr6,136912300,136935660,140,0.464880541655763,0.375632067852711,0.3691948541317084,0.37481130553639735,0.350632270224107,0.3177612268365807,0.25448055014048876,0.1532542226910305,0.21653489938712256
IL20RA,ENSG00000016402,chr6,136989970,137055180,449,0.5874220779357149,0.5392027310135671,0.6143822586544871,0.5864658059963294,0.5385510089913939,0.3536092888895903,0.442214205155112,0.42118780740717615,0.33258289114165446
IL22RA2,ENSG00000164485,chr6,137133819,137183648,300,0.3821271744198424,0.5435581154457705,0.479133820051747,0.3911399742655496,0.45808122094609593,0.3067521988189475,0.33391081559432184,0.477541694794811,0.45038307801943667
IFNGR1,ENSG00000027697,chr6,137187484,137229449,186,0.3660241392436416,0.5719046592406277,0.4525899516669067,0.34174496000331,0.48148759509074945,0.350798311569456,0.30489042320386667,0.4976110378543581,0.5435189262199475
OLIG3,ENSG00000177468,chr6,137482198,137504394,145,0.33443392395109395,0.5130717745619188,0.5184898892675797,0.32903516941275585,0.52016771874856,0.1979639282409471,0.19217922720436492,0.5216746195508855,0.5274593205874677
TNFAIP3,ENSG00000118503,chr6,137857213,137893312,121,0.3694617425882974,0.4718816456414144,0.5083939247184002,0.3217931688612725,0.47840442605682804,0.1947693843758238,0.18793754367775495,0.4436654800370803,0.45049732073514925
PERP,ENSG00000112378,chr6,138078504,138117419,295,0.3723887299376045,0.5349175191842221,0.4948988854788471,0.29645626446017853,0.43773821174072947,0.27418908446923856,0.2706890123735664,0.49135142655673014,0.4948514986524023
ARFGEF3,ENSG00000112379,chr6,138151938,138354663,1288,0.2566481920247014,0.2587421871219958,0.28832924210314886,0.2584425362505837,0.25631709437604533,0.1279263725552211,0.1511344376243279,0.1714804160315675,0.14827235096246075
PBOV1,ENSG00000254440,chr6,138205985,138228491,138,0.20370240648850885,0.19806231842696467,0.1370848729602933,0.18799947130868658,0.14665899660918438,0.15053387028262083,0.13519131188178013,0.07019050762636654,0.08553306602720721
SMIM28,ENSG00000262543,chr6,138367904,138393486,204,0.3791816562043747,0.30939897501136204,0.1195732760367216,0.42186445556940544,0.12786330078018152,0.3597805981445712,0.3906654197473403,0.010412411682604567,0.0
HEBP2,ENSG00000051620,chr6,138393530,138432197,293,0.3001315934422539,0.2512203796072432,0.2514827368795967,0.36445592854563924,0.22296333304755803,0.1782562555103145,0.24515833636488624,0.11105431503463889,0.04415223418006714
NHSL1,ENSG00000135540,chr6,138412042,138702571,1755,0.32820042701506025,0.3484767611684564,0.3218984426864369,0.32631141950642223,0.3369505902221446,0.21888961902049034,0.20626188394505438,0.20955259429913825,0.22218032937457424
CCDC28A,ENSG00000024862,chr6,138763768,138803319,251,0.47423431716150655,0.45238134897581816,0.385247287370365,0.3822898119268353,0.3879398536579671,0.37927028831682785,0.29649364323173594,0.22290583825436439,0.3056824833394563
ECT2L,ENSG00000203734,chr6,138785910,138914070,889,0.36190601967070324,0.3836326971311978,0.31800814513035136,0.3835771698412141,0.3469982944243089,0.27522217996720677,0.2707794113908236,0.20869004228935137,0.21313281086573452
REPS1,ENSG00000135597,chr6,138893492,138998261,527,0.34001777084096546,0.3652188896021594,0.29937421797307906,0.3225156113668307,0.28968809230147113,0.2571180242094892,0.2508963589277087,0.19735702334032426,0.20357868862210485
ABRACL,ENSG00000146386,chr6,139018744,139053302,223,0.42616976731304035,0.4864225331339601,0.45818660388939886,0.43517263813053886,0.391206687419925,0.3044712321647285,0.3706565460729685,0.3618831683284791,0.29569785442023916
HECA,ENSG00000112406,chr6,139125079,139190802,329,0.44196911509365633,0.3993189729060271,0.3418216790972757,0.4962018256504547,0.3739216007554953,0.3373764055818365,0.3634955419013317,0.17231481670426446,0.14619568038476927
TXLNB,ENSG00000164440,chr6,139230060,139301998,510,0.348491792518967,0.3971584286488292,0.3161125189730191,0.32465222279136785,0.3260592772737081,0.2773021296069367,0.2520076128684202,0.22879872124631975,0.2540932379848362
CITED2,ENSG00000164442,chr6,139361806,139384648,143,0.33090795357257397,0.31472330727299497,0.1608723824366167,0.3670865316711827,0.13770379457675871,0.3021868770966719,0.34359885840561366,0.07574571419307108,0.03433373288412936
NMBR,ENSG00000135577,chr6,142048329,142157122,613,0.3534698231222923,0.35074900799909825,0.22375628749943147,0.37995476019496593,0.2669799918752229,0.3073912797356393,0.2996582277228065,0.12454462078659118,0.13227767279942396
GJE1,ENSG00000203733,chr6,142123089,142145151,117,0.24110129552516718,0.3337884453102936,0.2092300187971417,0.22063208579265783,0.24290755848678616,0.22364341521868913,0.18857507301314222,0.1825045939787947,0.2175729361843416
VTA1,ENSG00000009844,chr6,142137161,142234685,535,0.38179558509404055,0.42663443878586893,0.30093314086258455,0.366897355431336,0.34479942376063116,0.3395795020679939,0.2952703176560979,0.21665228593456076,0.2609614703464568
ADGRG6,ENSG00000112414,chr6,142291853,142456266,941,0.2549568939148254,0.25738554361264604,0.2327071063298428,0.2895793568655886,0.28941223582371906,0.16350239530572674,0.14890674244097402,0.13407587486281025,0.1486715277275629
HIVEP2,ENSG00000010818,chr6,142741468,142966698,1150,0.42420632656143326,0.4580309690392764,0.39317230223176075,0.4228223793844548,0.4081463450595301,0.33252095949867133,0.3188278818147915,0.28002545812513235,0.2937185358090122
AIG1,ENSG00000146416,chr6,143050495,143351058,1748,0.3299117183735408,0.5285811806083776,0.5200335216612814,0.3086767588969275,0.5478024842468536,0.2091575821390957,0.16375996563541795,0.5428507847967269,0.5882484013004045
ADAT2,ENSG00000189007,chr6,143412831,143460695,312,0.1678524745644218,0.2643287029580462,0.22559291135448242,0.2251374219634606,0.20451122018059634,0.11752990880510034,0.16662145771919928,0.18944195848684894,0.14035040957274997
PEX3,ENSG00000034693,chr6,143440804,143500616,349,0.243412937016178,0.4068165795789707,0.30858239253467573,0.2952037930190547,0.2753919860627178,0.216088999445159,0.2749868818984106,0.30616261905517944,0.2472647366019278
FUCA2,ENSG00000001036,chr6,143484811,143521720,259,0.3251984165378738,0.4070936299210787,0.29313352057621456,0.36372260529454553,0.24898725737343042,0.2845709400448966,0.3442533900539866,0.23814784434687075,0.17846539433778075
PHACTR2,ENSG00000112419,chr6,143526844,143841185,2256,0.3538122771570477,0.5617498966774124,0.4512644534639237,0.35564574150771167,0.4248832882351069,0.3307460451851331,0.3556449254577047,0.4942194742339363,0.4693205939613646
RP3-468K18.5,ENSG00000257065,chr6,143797091,143854617,387,0.33518861529632415,0.5687692082878805,0.445837243914792,0.29925192292009734,0.4571115209437811,0.32953345566723374,0.29293366310192115,0.5115783969187156,0.5481781894840282
LTV1,ENSG00000135521,chr6,143833337,143873812,284,0.27748440283437736,0.5514083323608352,0.49798052286645245,0.15422619784018524,0.5270343325567562,0.21877107084799036,0.1102065409305335,0.5828711603641765,0.6914356902816333
RP3-468K18.7,ENSG00000280148,chr6,143847317,143948471,611,0.4119755342994519,0.5534699857159135,0.5433363956454988,0.30962744108999757,0.5283650390366899,0.2767135643275493,0.21261128296801124,0.5295350953563253,0.5936373767158633
ZC2HC1B,ENSG00000118491,chr6,143854435,143948343,574,0.4069540478600788,0.5814360573638394,0.5330784502279092,0.3118178254626987,0.5295254663438117,0.31590748981702427,0.2453069253249362,0.5550181208562308,0.6256186853483188
PLAGL1,ENSG00000118495,chr6,143930299,144074599,752,0.43597135770679796,0.4877106747450794,0.44721421374263587,0.41416675565304495,0.4491452522896189,0.32436562529666757,0.3036508503331798,0.34450009985976493,0.3652148748232526
SF3B5,ENSG00000169976,chr6,144084883,144105573,137,0.34928836680953473,0.3306719200866622,0.2727029610543873,0.35126695087904025,0.2698075133435882,0.2563746635777704,0.259883904862238,0.14510627202671098,0.1415970307422434
STX11,ENSG00000135604,chr6,144140516,144201939,391,0.19046563094394076,0.1407596743615479,0.16171450246554556,0.20016738184551702,0.15456121140668777,0.09330306233842614,0.10357995647190842,0.0584035600537275,0.048126665920245226
UTRN,ENSG00000152818,chr6,144275700,144863034,3525,0.3085324156407012,0.38532491155483817,0.34942611938690177,0.2726300589799068,0.33553826767318,0.21285002807421838,0.1981017711206456,0.27381143417836007,0.2885596911319328
EPM2A,ENSG00000112425,chr6,145372534,145746023,2178,0.3224570039411737,0.596977305728681,0.5172665791573531,0.3200441293399251,0.48872950248308417,0.2848769846502025,0.3118166524062018,0.6238854206424526,0.5969457528864532
FBXO30,ENSG00000118496,chr6,145783501,145824795,197,0.31901903252995656,0.6147931313770313,0.5357163029668568,0.329813089467547,0.5852499974542317,0.2854680957320845,0.23704702934292216,0.6685066721689399,0.7169277385581021
SHPRH,ENSG00000146414,chr6,145854244,145974423,542,0.3646921315980673,0.5366033938259139,0.4546070558640178,0.3480980286678287,0.4023017014967006,0.30828440525791817,0.3411819499707646,0.46088758550311565,0.42799004079026914
GRM1,ENSG00000152822,chr6,146017645,146447601,2357,0.31880290121077043,0.4247938814830374,0.3583709751464434,0.29995837375097706,0.3502523304158076,0.2465927196955055,0.23923556148395397,0.30643411573719914,0.3137912739487507
RAB32,ENSG00000118508,chr6,146533832,146564953,142,0.4055542478315251,0.28032116213902486,0.1832423703070469,0.6363484571331229,0.5147207237796211,0.3233315772583292,0.3087393340834477,0.005618647753828587,0.02021089092870998
ADGB,ENSG00000118492,chr6,146588966,146825462,1494,0.38041821699695616,0.3944643937272076,0.3434524317492654,0.38880098407554814,0.2899096533354272,0.27979617727663264,0.32580574797845974,0.22184573569679267,0.17583616499496563
STXBP5,ENSG00000164506,chr6,147194424,147400476,949,0.39334312281436,0.398485918294011,0.38469465275884734,0.40925699589163506,0.33948164389722835,0.2612303111320279,0.30997458702538033,0.24707502172688314,0.19833074583353066
SAMD5,ENSG00000203727,chr6,147498689,147747547,1897,0.37577711457755086,0.5129984716310095,0.4553380916326963,0.38162452979158773,0.4657058819975493,0.2915728876729035,0.2866693288698662,0.42791512989688574,0.4328186886999229
SASH1,ENSG00000111961,chr6,148262303,148562048,1909,0.41907253557163887,0.42881316814168513,0.3972823652394219,0.39363642107711116,0.3805349624170425,0.2984309191863866,0.2907077066392314,0.2616080025054478,0.269331215052603
UST,ENSG00000111962,chr6,148737029,149086990,2393,0.3705814102028041,0.4337232994284066,0.37162916634840915,0.3743180236703673,0.3670986284984523,0.28350321083423036,0.2900724158902491,0.2851692391350289,0.2786000340790099
TAB2,ENSG00000055208,chr6,149208640,149421613,1488,0.32567591109437877,0.554927918271889,0.458594898294555,0.3328333267549898,0.4657382815299842,0.2949879947062767,0.2936824786437607,0.5145310338157072,0.5158365498782231
SUMO4,ENSG00000177688,chr6,149390261,149411278,126,0.3041863907009576,0.714765724833724,0.5972081572979592,0.23963142157716708,0.6143703643893195,0.3538912528376503,0.2877592732746913,0.9005531654204173,0.9666851449833764
ZC3H12D,ENSG00000178199,chr6,149436794,149495014,440,0.30385927669143226,0.49518080095723366,0.47010150151809854,0.2867542470618097,0.4233925530935102,0.20534429142880156,0.23544530013935505,0.47821064408053704,0.4481096353699835
PPIL4,ENSG00000131013,chr6,149494494,149556043,279,0.3863936557718763,0.46358047008760134,0.38608382260541274,0.3360063972623899,0.4530362804210955,0.31167176478829683,0.21447433902359142,0.3111669542164571,0.4083643799811627
GINM1,ENSG00000055211,chr6,149556293,149601748,197,0.41318487967122064,0.4799033816425121,0.3850728831861171,0.3047394057004986,0.35116637983764587,0.3502673091511359,0.2923151347353453,0.30347337098142213,0.36142554539721256
KATNA1,ENSG00000186625,chr6,149584872,149658972,334,0.3666975494031387,0.41080953751627036,0.28421649544939587,0.3158316851683947,0.26828294783613016,0.3257177109827056,0.29809785928213384,0.20328807077257235,0.23090792247314404
LATS1,ENSG00000131023,chr6,149648152,149728105,304,0.3254063290917045,0.378042902822777,0.315157853957053,0.30299215247725825,0.2828108775442626,0.24498099580129143,0.25171353472924474,0.22990316841991212,0.22317062949195887
NUP43,ENSG00000120253,chr6,149714314,149759665,180,0.2516406152460379,0.35818781106112224,0.2748180664868556,0.21526441282213968,0.21883883018421624,0.20599940067180506,0.21944711060650712,0.23746015801236572,0.22401244807766368
PCMT1,ENSG00000120265,chr6,149739442,149821420,365,0.38296142079983253,0.5366773091757031,0.3545974219424307,0.3669203323172988,0.3455789297617858,0.4071371181685235,0.40124311112840233,0.3621943930647511,0.3680884001048723
RP11-350J20.15,ENSG00000285991,chr6,149807936,149906011,642,0.3428130382320303,0.39294709117937127,0.2424885887109078,0.3505565376731778,0.2590946570781451,0.3206046910233086,0.3154482088683292,0.17853463624878893,0.18369111840376834
LRP11,ENSG00000120256,chr6,149808756,149874359,367,0.40865467038770464,0.4379585624701916,0.3059259890621495,0.4356459954560051,0.305831244702443,0.36817906877229534,0.39160653575957527,0.2080006307747947,0.18457316378751465
RAET1E,ENSG00000164520,chr6,149873374,149908102,282,0.27389421655281077,0.3333616709891954,0.16045027692852976,0.2786958734403459,0.18909319919669373,0.27533880410460826,0.2612999418245356,0.13016881139077524,0.14420767367084794
RAET1G,ENSG00000203722,chr6,149906877,149933121,155,0.49320654359014116,0.47692162915346387,0.31172450989650136,0.4802726323000168,0.35279104953018,0.47705481007781597,0.4336943957313881,0.1709691674106416,0.21432958175706956
ULBP2,ENSG00000131015,chr6,149932013,149959235,50,0.059096648601754634,0.2419967917705282,0.11455208560098193,0.04487404254234478,0.1966800867583083,0.10816043494055816,0.05198873430766045,0.16890722591545743,0.2250789265483551
ULBP1,ENSG00000111981,chr6,149953942,149983715,0,,,,,,,,,
RAET1L,ENSG00000155918,chr6,150008333,150035532,0,,,,,,,,,
ULBP3,ENSG00000131019,chr6,150051052,150079121,199,0.4578571262205933,0.34743471361754247,0.3746389942814719,0.47241193252857383,0.37019559522371076,0.2848218048524987,0.3019687938177359,0.1420222841794777,0.12487529521424051
PPP1R14C,ENSG00000198729,chr6,150133043,150260392,950,0.36858548839475286,0.39581768544044765,0.37238547227338237,0.36375580148983894,0.3298936091162789,0.24892144543688566,0.27786666193538345,0.254957835859291,0.22601261936079317
IYD,ENSG00000009765,chr6,150358891,150415969,530,0.3395249974726566,0.3741797713594327,0.28340866243898166,0.4554665575085834,0.41429491250176126,0.275119281705129,0.2707895819293291,0.19357284211503795,0.19790254189083772
PLEKHG1,ENSG00000120278,chr6,150589882,150853665,1889,0.3421020667258748,0.3574312668831897,0.33380681851871724,0.3569536733216237,0.34937964726833887,0.22740568919829654,0.2269955087676507,0.21487580112244997,0.21528598155309583
MTHFD1L,ENSG00000120254,chr6,150855678,151111887,1989,0.35286675142343726,0.4736828744755413,0.39210056918390257,0.35615768658842356,0.38546934798271876,0.2896542922421488,0.2976281577510217,0.3521970554369964,0.3442231899281235
AKAP12,ENSG00000131016,chr6,151229966,151368559,1002,0.39406904909826335,0.49335925037621786,0.4167718146963789,0.4268032766274804,0.4009993450837085,0.32088278912105855,0.3619934095402283,0.3590703180555021,0.31795969763633225
ZBTB2,ENSG00000181472,chr6,151354114,151401559,245,0.3338912244804175,0.4525291903932681,0.4014295474494786,0.4207630458970619,0.4243258021125137,0.2477686919826323,0.298138182745074,0.35467744251697697,0.3043079517545353
RMND1,ENSG00000155906,chr6,151388897,151462158,481,0.3649705482794748,0.5028014864950654,0.3414889631535124,0.3354378344901436,0.4487117888290316,0.3675379061165485,0.25594761233550395,0.3312280029661352,0.4428182967471799
ARMT1,ENSG00000146476,chr6,151442257,151480101,202,0.2839082864788311,0.3873573385728263,0.33057703058476395,0.27775299221808797,0.3473178182083228,0.21129064921348845,0.1943482783397887,0.2786827978548365,0.2956251687285362
CCDC170,ENSG00000120262,chr6,151484016,151631193,1171,0.40143127034143194,0.43534349505175146,0.3594650183025502,0.44816152386062114,0.4057578444751569,0.3196500348556164,0.3227846031571085,0.251887653703978,0.24875308540248575
ESR1,ENSG00000091831,chr6,151646690,152139619,2971,0.33505159144887603,0.337826383173745,0.2925859682534852,0.3544718164948942,0.31743945517532035,0.2370670760390473,0.23400492950446605,0.175160420323653,0.17822256685823432
SYNE1,ENSG00000131018,chr6,152111686,152647801,3630,0.3811148482954081,0.46670657732502135,0.3967662272546555,0.3574324335115356,0.3980286127531147,0.30153429105203877,0.28171071815295456,0.32714920365484057,0.3469727765539247
MYCT1,ENSG00000120279,chr6,152687894,152734567,362,0.3545230794583394,0.46299541261602745,0.37689535800078794,0.36145725220488945,0.4316768558468581,0.29323682800293116,0.2526250955157709,0.32851181389235484,0.3691235463795153
VIP,ENSG00000146469,chr6,152740796,152769765,190,0.39083878916743814,0.45652122457877853,0.3259252293497669,0.3866406345863828,0.24459147503872275,0.3555113592992161,0.40903615788901887,0.25425326554707883,0.200728466957276
FBXO5,ENSG00000112029,chr6,152960518,152993579,193,0.3576906304331991,0.28508981320369225,0.23387958021871663,0.3280766947568705,0.17908858194959687,0.2559338243673182,0.26793468029298123,0.07966453268306575,0.0676636767574027
MTRF1L,ENSG00000112031,chr6,152977361,153012709,199,0.39664509205013787,0.3196007697701897,0.28592953725104986,0.4050530883639879,0.23923332678190348,0.2767758003094912,0.3154650388700647,0.10829974950106419,0.06961051094049076
RGS17,ENSG00000091844,chr6,152994458,153141282,925,0.37100430029195675,0.33379375006684747,0.307119098472658,0.3113934251150192,0.276500515372082,0.2514448384937066,0.2277928532442316,0.1547111333061014,0.17836311855557638
OPRM1,ENSG00000112038,chr6,154000495,154256867,1765,0.4794370131253909,0.5326867076556451,0.5002671969872511,0.3895046019719227,0.452022501160269,0.35995902665839846,0.3263594273989735,0.40079635803077934,0.43439595729020436
IPCEF1,ENSG00000074706,chr6,154144495,154366792,1435,0.41367347741886434,0.5304757037670165,0.4467805717087628,0.4078966508392172,0.4984763107231685,0.34895655567429157,0.29500243985239055,0.40707867683343557,0.4610327926553366
RP3-402L9.3,ENSG00000288520,chr6,154149827,154520114,2485,0.4011226525887139,0.454885955392116,0.37814913150850277,0.3754032526993872,0.40155664014558284,0.3222018689378144,0.28199294827505417,0.28455838111084036,0.3247673017736007
CNKSR3,ENSG00000153721,chr6,154377514,154520685,1012,0.37624985046585174,0.27726771759420515,0.29024184669159525,0.37115476679055504,0.342190775064032,0.22694540429533705,0.184873097905416,0.09777100823015702,0.139843314620078
SCAF8,ENSG00000213079,chr6,154723377,154844244,602,0.5069655661793754,0.630785696479451,0.5758817348446648,0.4056397200326374,0.5543311482101864,0.4229056808422461,0.3542342796056746,0.5734723543316621,0.6421437555682337
TIAM2,ENSG00000146426,chr6,154822696,155267723,3056,0.36970551578186545,0.41885803082204215,0.35722251290354456,0.3824900924430324,0.35600290640824334,0.28118583172970946,0.2923796494355855,0.2615743671036571,0.25038054939778104
TFB1M,ENSG00000029639,chr6,155246133,155324493,509,0.46912645968360106,0.6386185953918524,0.5789942969621292,0.41945903125815054,0.5438868596828877,0.39297194843294364,0.3883009379082905,0.6248494074831249,0.6295204180077779
CLDN20,ENSG00000171217,chr6,155254012,155286548,219,0.5005595220112488,0.6736871331318305,0.6138953441515373,0.39274880197753487,0.6224242542255952,0.4312593387909379,0.32236365120048055,0.6886393047363039,0.7975349923267612
NOX3,ENSG00000074771,chr6,155385367,155465839,564,0.3218052905404295,0.41103333399273684,0.3724336748725839,0.27659792256332166,0.3887048634017372,0.22590031258826648,0.18050019051706176,0.30348537855896973,0.34888550063017454
ARID1B,ENSG00000049618,chr6,156766019,157220779,2729,0.3263012734013889,0.33214388150027546,0.28042975522344415,0.3232747767250241,0.28499441801506104,0.23477682692964538,0.22935377663266188,0.16890569318339788,0.1743287434803813
TMEM242,ENSG00000215712,chr6,157279024,157333601,106,0.41348093467253777,0.5223897001974687,0.44069444426425064,0.3112492196924038,0.40919111567984096,0.34572545600991084,0.2927866231549135,0.39323469537567757,0.4461735282306749
ZDHHC14,ENSG00000175048,chr6,157371132,157688157,2253,0.44129473136983344,0.40318746702098535,0.3586521966286206,0.4003028242101688,0.3564555928795963,0.32705102408264797,0.2933592213053474,0.18910120593048374,0.22279300870778435
SNX9,ENSG00000130340,chr6,157690386,157955077,1757,0.3225835906647006,0.4658495690672883,0.3380268887188018,0.3228705238883734,0.3387706175111025,0.3020082737261529,0.30165803624531007,0.3250695001009353,0.3254197375817782
SYNJ2,ENSG00000078269,chr6,157971862,158109176,1033,0.3728291393694609,0.3067644771818998,0.2702450293598526,0.3595047255317481,0.2598778855885113,0.25893764520091983,0.2554794631969521,0.1074478325641843,0.110906014568152
SERAC1,ENSG00000122335,chr6,158099518,158178280,473,0.38686099021352865,0.386750595577212,0.2701709853970968,0.37754365325117684,0.23099816917064647,0.3316010836491464,0.35020170857286737,0.15738248337661964,0.13878185845289875
GTF2H5,ENSG00000272047,chr6,158158349,158209344,296,0.38101394077711104,0.5552766162729426,0.4766532919636019,0.30903926086372213,0.4617535584062847,0.32123210741039737,0.28026816007941047,0.48907069228696676,0.5300346396179537
TULP4,ENSG00000130338,chr6,158222235,158521828,1867,0.5147386520838807,0.5556367471409289,0.4723677864921032,0.44618492747265015,0.4657235925480195,0.44741239107560965,0.38759770452281295,0.36370052289602783,0.4235152094488244
TMEM181,ENSG00000146433,chr6,158526435,158645429,695,0.33104615031445794,0.6690310583975194,0.5655650799268662,0.32027818534657776,0.5640854771235507,0.3370309093003381,0.3307466486675781,0.7686998307239101,0.7749840913566701
DYNLT1,ENSG00000146425,chr6,158626473,158654743,178,0.1916410322285511,0.5051425777367027,0.4647482548964701,0.18094206791128406,0.4055685247395093,0.14560827732228904,0.19146811111498696,0.5578773164131677,0.5120174826204698
SYTL3,ENSG00000164674,chr6,158640013,158774876,876,0.26415191063746984,0.47156467159679494,0.4229052290563106,0.28824719824111855,0.3985550280858201,0.19740882650974928,0.2347196166217041,0.4404260228555513,0.4031152327435964
EZR,ENSG00000092820,chr6,158755740,158829368,588,0.2815888487319396,0.456599252829752,0.3170447456102436,0.42441439194969527,0.3585770303788941,0.27964775592586705,0.35910466699946164,0.33026045107371294,0.25080354000011823
RSPH3,ENSG00000130363,chr6,158962870,159010202,371,0.31560929709692515,0.37435437370804464,0.24745842279911068,0.3777533346348938,0.34078086249153655,0.28194922496307206,0.2633452938542774,0.18702193539501813,0.20562586650381276
TAGAP,ENSG00000164691,chr6,159024467,159055152,205,0.28564852378836225,0.4015557129263058,0.3782467975058678,0.3387377067377068,0.4693742888115324,0.1872949872693724,0.14666408465892572,0.32612685864382285,0.3667577612542695
FNDC1,ENSG00000164694,chr6,159159399,159282108,890,0.42790155461764107,0.5714738103770325,0.4189172025967249,0.45423630024837625,0.4891785392926606,0.43149279738013624,0.39061873148305587,0.4159106261250663,0.4567846920221467
SOD2,ENSG00000112096,chr6,159659068,159772529,634,0.45207144729728616,0.21093876518526358,0.37863708995553996,0.4023284835698418,0.31788760409912653,0.18134087888090686,0.1845322493608586,0.055570471601842586,0.05237910112189087
WTAP,ENSG00000146457,chr6,159715584,159766319,309,0.4530595119977468,0.2945153370058293,0.3732066390269675,0.43199867524970736,0.32215092488946623,0.24257358309049146,0.26283557808972596,0.10629666403540178,0.08603466903616724
ACAT2,ENSG00000120437,chr6,159752044,159789112,236,0.4881137231623999,0.2514559740535532,0.4230557962197678,0.5091306813745827,0.37822038913777545,0.20463416720698263,0.2630165128373404,0.08499109074550643,0.026608745115148547
TCP1,ENSG00000120438,chr6,159768497,159799703,228,0.5364766801967525,0.26209678566200306,0.4721915750781802,0.515916035579264,0.4194193131250844,0.2169096494960523,0.24285651197177938,0.0870329593694587,0.06108609689373151
MRPL18,ENSG00000112110,chr6,159779811,159808436,240,0.4942695941659036,0.2825154816792448,0.49365114738108706,0.47725911190754106,0.44623828257584197,0.1666130200591997,0.1948262413322306,0.16539088877525632,0.13717766750222538
PNLDC1,ENSG00000146453,chr6,159790248,159830704,378,0.4338982752365347,0.32716968943581654,0.4882506723253087,0.38802039221365686,0.4381645027852927,0.1476616214716327,0.15538612804071011,0.24860049849291088,0.24087599192383347
MAS1,ENSG00000130368,chr6,159880987,159927447,216,0.28576874885119813,0.5208863404763645,0.4425998406294432,0.3483436206943731,0.505347146227378,0.2439470173021016,0.23007811916747245,0.49187040739872945,0.5057393055333586
IGF2R,ENSG00000197081,chr6,159959081,160123507,958,0.2581424794118539,0.5463896578732074,0.46913543252890505,0.2246613960072079,0.5075402844486028,0.22793322981709457,0.1683147729214205,0.5625834969082603,0.6222019538039343
SLC22A1,ENSG00000175003,chr6,160111814,160168718,349,0.286382529135363,0.5568903114135914,0.4871363586461634,0.3164548535897884,0.46989000460638414,0.24180043769174903,0.2798648766274937,0.5721374978615468,0.5340730589258019
SLC22A2,ENSG00000112499,chr6,160161060,160287638,760,0.46573979437012736,0.717272350576193,0.7060512191562357,0.46364710040448287,0.6531858849282656,0.33289687742266694,0.41363391001307903,0.9303743368182854,0.8496373042278735
SLC22A3,ENSG00000146477,chr6,160338377,160462577,697,0.4295241545148249,0.6303264432235408,0.5394417619998815,0.4091669176111749,0.48444227741993356,0.39055171357155716,0.42942533395541516,0.6045832281920324,0.5657096078081744
LPA,ENSG00000198670,chr6,160521481,160674275,0,,,,,,,,,
PLG,ENSG00000122194,chr6,160692237,160764097,153,0.24409017762342547,0.2885849524410585,0.2594599411137043,0.24825544277033354,0.2633477633477633,0.15997845524165638,0.1601093016713645,0.1805208124130803,0.1803899659833722
MAP3K4,ENSG00000085511,chr6,160981726,161127385,897,0.6320869887612696,0.7003182408192511,0.702501874904071,0.5800141237599092,0.6788873124222999,0.49629778257537416,0.4683026002818743,0.7087363875308403,0.7367315698243404
AGPAT4,ENSG00000026652,chr6,161119966,161284061,1013,0.3434025247601002,0.369609153084872,0.42167561120359043,0.32680634509622786,0.3925977300915951,0.16723951885453991,0.17928675636513164,0.29417574117676043,0.2821285036661686
PRKN,ENSG00000185345,chr6,161337416,162737775,10862,0.39098248174389066,0.43410820825691615,0.40024742836620364,0.40255706914368106,0.3899691878143098,0.27701127818511334,0.29510155068046484,0.2923411215371233,0.2742508490417718
PACRG,ENSG00000112530,chr6,162717131,163325492,4330,0.3749794746477988,0.43686040228433426,0.37888679390828156,0.36149075023230015,0.3684466526885974,0.283978300133402,0.281636990769823,0.29024942813059385,0.29259073749417264
QKI,ENSG00000112531,chr6,163403999,163588592,963,0.5949322978679403,0.7667707311352578,0.6917861813648702,0.5881624203193747,0.685353486946912,0.5912364311202594,0.5932770515243728,0.864496891549638,0.8624562711455246
C6orf118,ENSG00000112539,chr6,165269663,165319605,315,0.3144312779303003,0.42233749663141334,0.37604411410238686,0.359496117078816,0.33479838151499686,0.2272982051286413,0.2933002409021658,0.32146727992616553,0.25546524415264105
PDE10A,ENSG00000112541,chr6,165317286,165998078,4131,0.4192342137580605,0.5353286601919698,0.485137603721597,0.42839319378702656,0.4874971576487061,0.32298851944206364,0.32863991158391426,0.44343639996261014,0.4377850078207597
TBXT,ENSG00000164458,chr6,166147655,166178700,280,0.3644689075121132,0.43242973985625044,0.3832959067571158,0.3305631983810978,0.29484148059940773,0.2681595173604857,0.3091882971657529,0.2982312135087719,0.2572024337035047
PRR18,ENSG00000176381,chr6,166295299,166318448,280,0.4292325949996887,0.47801570001071253,0.44609051448828496,0.3337140163598244,0.42922892502246424,0.310068639069152,0.2476934973752195,0.34004912913153257,0.4024242708254649
SFT2D1,ENSG00000198818,chr6,166309727,166352576,293,0.42805799360074287,0.42587897629914434,0.4542172361273512,0.33609024771911106,0.35550735718356324,0.25404924579283117,0.26261612209084884,0.300865816409517,0.2922989401114994
MPC1,ENSG00000060762,chr6,166354918,166393013,241,0.7798012340050356,0.8663121650711071,0.809809919393942,0.5690444269772386,0.6971150073944028,0.9328705814445596,0.8297979759865046,1.0793772053861292,1.1824498108441843
RPS6KA2,ENSG00000071242,chr6,166399363,166916451,4667,0.372904238223678,0.3854751727336354,0.34756421090607437,0.37979203683586427,0.33547226878621217,0.263259708082455,0.27796385594219464,0.2236462403234742,0.20894209246373457
RAMACL,ENSG00000235272,chr6,166575603,166597594,184,0.38707123870139215,0.3797262027655844,0.2998260724479684,0.30748673465590604,0.2588783513639006,0.3053371730627902,0.2727158381964814,0.1722571169179143,0.20487845178422304
RP11-514O12.4,ENSG00000249141,chr6,166848093,166966124,869,0.4696215637237527,0.4383005262688431,0.46293805549618117,0.5270049433847649,0.526175184324789,0.29465548732903984,0.2892705226284087,0.28213282903671416,0.28751779373734526
RNASET2,ENSG00000026297,chr6,166912112,166967191,385,0.4069183046275943,0.36444578469024114,0.3814872630915988,0.3740773744292563,0.3358245780297708,0.24762175491653474,0.25628871144381504,0.205636125808553,0.19696916928127273
CEP43,ENSG00000213066,chr6,166989316,167104789,909,0.19753992359441416,0.18619029954370112,0.17492606618765905,0.26730568353060696,0.16203919911580464,0.11690980892830347,0.17013573088346143,0.08911891460607099,0.03589299265091303
CCR6,ENSG00000112486,chr6,167101806,167149696,431,0.3798834514523578,0.42196484540817003,0.3731005094125917,0.43009187058720205,0.42540386144314063,0.27949968742729814,0.27815642299551874,0.2686209036388577,0.2699641680706371
TCP10L2,ENSG00000166984,chr6,167136413,167206913,275,0.36186057564836727,0.4268945350776645,0.48642743888522105,0.4085784767012617,0.45562279811412915,0.16976002756965952,0.23689945678859292,0.38692549417815053,0.3197860649592171
GPR31,ENSG00000120436,chr6,167145246,167167980,146,0.41220550121778526,0.3313936181160566,0.5301579722740395,0.4318838481778146,0.4727080672765145,0.08928944596813815,0.16399410832008587,0.31327031392856064,0.2385656515766129
UNC93A,ENSG00000112494,chr6,167261168,167326014,441,0.34160039255433694,0.4566165905571394,0.3375464287656355,0.2838050376676573,0.3954442433116889,0.3080392672942428,0.2202407958333908,0.3019008461833315,0.3896993176441835
TTLL2,ENSG00000120440,chr6,167315070,167369503,293,0.49481493212437655,0.5870149661194437,0.5369471960686505,0.4338324918551047,0.47115752698344243,0.39863009301210595,0.40807227199274626,0.4857138312429408,0.4762716522623004
AFDN,ENSG00000130396,chr6,167816910,167982023,933,0.4250518829653175,0.5116522549622438,0.4333024082069179,0.33628693004483035,0.43682095370129453,0.3511367713846037,0.2762376007578002,0.3655907632272376,0.44048993385404106
KIF25,ENSG00000125337,chr6,167986240,168055091,630,0.4154672028851476,0.32500478481338757,0.2953827980832044,0.3605935037516809,0.27183040667556463,0.28994573267471735,0.26152162959478154,0.10310394407244028,0.131528047152376
FRMD1,ENSG00000153303,chr6,168043165,168111511,686,0.5642067077259417,0.48123295359138546,0.5212235308353865,0.4994859920176133,0.4701426441676564,0.3751830719150616,0.35663629573626127,0.2811172755153366,0.29966405169413696
DACT2,ENSG00000164488,chr6,168282829,168329777,394,0.34567602599731645,0.46946261261014177,0.3683356183041856,0.3428169778621412,0.389967063445785,0.29931022861673817,0.2797076227575921,0.3345546190362097,0.3541572248953557
SMOC2,ENSG00000112562,chr6,168431150,168683445,1863,0.45140717278760767,0.604574425079989,0.5488607467295166,0.46777870301194385,0.5411400000187324,0.3661061214551269,0.3897392335870306,0.5616865677491704,0.5380534556172667
THBS2,ENSG00000186340,chr6,169205779,169264050,345,0.3273022114884787,0.48344268404352736,0.4338735013483022,0.30933670526470236,0.4352025761701718,0.2440451991053615,0.22969185953729404,0.41652382756774087,0.4308771671358085
RP1-137D17.4,ENSG00000285733,chr6,169409968,169712047,2020,0.4537140871368795,0.5442663185032042,0.4553579484935355,0.5721607264866501,0.5039413050936933,0.39141648796173284,0.46689666611787684,0.39443018392429746,0.31895000576815336
WDR27,ENSG00000184465,chr6,169447211,169712067,1768,0.4450054811878803,0.5450100423108959,0.4739772875411222,0.5548207349587214,0.5155767803502417,0.36693304249467973,0.4359809164244656,0.42054688879303326,0.35149901486324725
C6orf120,ENSG00000185127,chr6,169692189,169714856,125,0.3622396977916235,0.46907885013664485,0.3999865051491862,0.3033223143297903,0.4181984010613043,0.2860656989651503,0.22647419191720125,0.34707606346732167,0.4066675705152708
PHF10,ENSG00000130024,chr6,169693901,169735566,195,0.32927748031946663,0.5017771735065186,0.3709670742043897,0.34760612133799124,0.44073509701168456,0.31626797096690457,0.2713413097760111,0.38043988830524555,0.42536654949613895
DYNLT2,ENSG00000184786,chr6,169730108,169761587,160,0.3105368711907015,0.27391115580018865,0.2858864643166244,0.27032572897098583,0.3210143674922403,0.17760581971451875,0.12404231688608813,0.14247707699915357,0.19604057982758424
ERMARD,ENSG00000130023,chr6,169741621,169791600,264,0.35884924564673265,0.37732461671201967,0.35507206423411775,0.3224684446734173,0.34307609845013115,0.2398019588473504,0.22142100345644994,0.23392799125559208,0.2523089466464925
DLL1,ENSG00000198719,chr6,170272205,170316565,330,0.48973574494065863,0.5223462014863749,0.5030430202389352,0.45472487832203057,0.4624320711809552,0.3562219018025581,0.362316866650397,0.3826471779909952,0.3765522131431564
FAM120B,ENSG00000112584,chr6,170280702,170417067,900,0.3993039471355432,0.45964049198977935,0.3918858370336889,0.4701478249766347,0.4197716035805138,0.3138970834007929,0.3531721828656386,0.30162352196547204,0.2623484225006263
PSMB1,ENSG00000008018,chr6,170525119,170563307,224,0.3269460951432764,0.48966553627235837,0.47439171006403713,0.30989589508112886,0.42186991012284436,0.21270988677563207,0.24782270320925048,0.45997907020767603,0.4248662537740576
TBP,ENSG00000112592,chr6,170544301,170582870,204,0.3357921642734188,0.5540158733118291,0.3954718686439827,0.34153843060424244,0.45452362396386586,0.35666250870456195,0.30961262833537506,0.4508094092761309,0.4978592896453177
PDCD2,ENSG00000071994,chr6,170565294,170594692,76,0.3835733859526349,0.5769045305285088,0.4677081298638675,0.41694030362061624,0.3662108307716936,0.35670505856377305,0.4717921057324559,0.503452370687533,0.3883653235188503
