gene_name,gene_id,chrom,start,end,n_snps,fst_afr_sas,fst_afr_mel,fst_mel_sas,fst_afr_eur,fst_eur_mel,pbs1_african,pbs2_african,pbs3_melanesian,pbs4_melanesian
GOLGA6L6,ENSG00000277322,chr15,20521855,20551800,0,,,,,,,,,
POTEB2,ENSG00000230031,chr15,20825371,20876314,0,,,,,,,,,
POTEB3,ENSG00000278522,chr15,21395400,21450499,0,,,,,,,,,
LINC02203,ENSG00000280709,chr15,21542794,21663276,0,,,,,,,,,
OR4M2B,ENSG00000182974,chr15,21627908,21648992,0,,,,,,,,,
OR4N4C,ENSG00000279408,chr15,21641843,21662968,0,,,,,,,,,
POTEB,ENSG00000233917,chr15,21836328,21887735,0,,,,,,,,,
RP11-69H14.10,ENSG00000285472,chr15,22005232,22105857,0,,,,,,,,,
OR4M2,ENSG00000274102,chr15,22060240,22093221,0,,,,,,,,,
OR4N4,ENSG00000183706,chr15,22084521,22105472,0,,,,,,,,,
GOLGA6L22,ENSG00000277865,chr15,22448902,22479230,0,,,,,,,,,
NIPA1,ENSG00000170113,chr15,22763062,22839789,350,0.4813764460159426,0.4358690888967442,0.3661446738714298,0.4365916933634427,0.2878052828946937,0.38655569411358676,0.40340784826955123,0.18591324841908213,0.16906109426311777
NIPA2,ENSG00000140157,chr15,22828643,22879362,351,0.4123438874525321,0.34444180975451,0.32838261835019444,0.40281438750812043,0.3123532403458397,0.27790753951653024,0.281657754497186,0.14436066789754753,0.14061045291689173
CYFIP1,ENSG00000273749,chr15,22857051,22991063,1004,0.39374555831754,0.4603993229471277,0.4456030359156713,0.36246485009467605,0.45886058608031977,0.2637535515146116,0.2264967148284468,0.3531723484036661,0.39042918508983077
TUBGCP5,ENSG00000275835,chr15,22973191,23049572,303,0.17982089993019146,0.1645898701262742,0.18774077059246955,0.20735561905290312,0.19147433911435138,0.0850646536695875,0.09983512264634072,0.09476784754644613,0.07999737856969294
GOLGA6L1,ENSG00000273976,chr15,23117065,23146822,0,,,,,,,,,
GOLGA8S,ENSG00000261739,chr15,23344747,23377231,0,,,,,,,,,
GOLGA6L2,ENSG00000174450,chr15,23429037,23457243,0,,,,,,,,,
MKRN3,ENSG00000179455,chr15,23555673,23640075,558,0.5536577716917314,0.6850932502295018,0.6883361041037137,0.5432896262397987,0.7244892937503685,0.39815904052311735,0.3250278854586308,0.7573196759342584,0.830450830998745
MAGEL2,ENSG00000254585,chr15,23633548,23657867,162,0.5308883777212099,0.3982820557155874,0.37685980063742275,0.4056956467463595,0.3077291765180924,0.3959486332047325,0.33027607483467236,0.11201784135258619,0.17769039972264628
NDN,ENSG00000182636,chr15,23675399,23697305,107,0.4783292835958908,0.5312782366484728,0.4625353659613433,0.4641834278397659,0.5085142596720539,0.39378616252202225,0.3356934909607712,0.3639597791732953,0.4220524507345463
NPAP1,ENSG00000185823,chr15,24665774,24693393,0,,,,,,,,,
SNRPN,ENSG00000128739,chr15,24813636,24988723,480,0.4139091892721483,0.5132223802201644,0.3711059210970487,0.369568290693959,0.4533108269138072,0.3952179974499902,0.2887117285461134,0.32472989563372145,0.4312361645375984
SNURF,ENSG00000273173,chr15,24944985,24987850,261,0.40120695225172853,0.4449144336701596,0.489845376497525,0.3513708417182066,0.4572913899428758,0.2142154122432386,0.20517220056702296,0.37441759130870705,0.38346080298492263
RP11-701H24.9,ENSG00000214265,chr15,24945033,25010276,412,0.3452231042929966,0.38469568655194647,0.4060507075413995,0.3437900082058119,0.3924049528617373,0.19406885202994012,0.20433304347614345,0.29156946291331876,0.2813052714671155
UBE3A,ENSG00000114062,chr15,25323727,25449051,617,0.5421407213922017,0.6804502968463451,0.702358048871749,0.5744011349063345,0.6712098569750921,0.35508591235992515,0.44138243225737117,0.7857565394775183,0.6994600195800723
ATP10A,ENSG00000206190,chr15,25667270,25875184,1760,0.49345920010698074,0.5781483154445662,0.5635893986975841,0.5077974257636276,0.5497588008307398,0.3570400791828136,0.3869972772195694,0.5060614059387358,0.4761042079019801
GABRB3,ENSG00000166206,chr15,26533545,26949539,3063,0.48851664837341674,0.5938918416305204,0.5500113358802702,0.46412315865349557,0.525305888376548,0.3865215549067031,0.38995100746798234,0.5146142000270341,0.5111847474657547
GABRA5,ENSG00000186297,chr15,26856910,26959208,763,0.4180864264750046,0.34388884610228276,0.3082097123760712,0.4276279012593842,0.3396942880128721,0.29719299099471563,0.2821693440378619,0.12423207147974075,0.1392557184365944
GABRG3,ENSG00000182256,chr15,26961180,27551984,4100,0.3300696374665701,0.3559838172369532,0.3111958859556891,0.3283604643923226,0.288699193990179,0.23390729003982647,0.24870252415399005,0.2061241346396249,0.19132890052546137
OCA2,ENSG00000104044,chr15,27744874,28109315,2735,0.3804421381124927,0.49800583770642626,0.383461191606552,0.36936807030891744,0.41963636712063174,0.34214098038289775,0.303049634463605,0.3470258078723897,0.3861171537916825
HERC2,ENSG00000128731,chr15,28101039,28332179,749,0.5217252831842334,0.4956939830718559,0.46720832881534957,0.634743657070768,0.5189003214377926,0.3962586084459269,0.4800235414117564,0.28831341027714796,0.20454847731131853
GOLGA8F,ENSG00000153684,chr15,28368620,28402018,0,,,,,,,,,
GOLGA8G,ENSG00000183629,chr15,28509610,28543014,0,,,,,,,,,
GOLGA8M,ENSG00000188626,chr15,28691953,28748384,0,,,,,,,,,
GOLGA6L7,ENSG00000261649,chr15,28831832,28858675,0,,,,,,,,,
APBA2,ENSG00000034053,chr15,28874482,29128315,1364,0.46615393566664043,0.4212209786449195,0.34839510438782684,0.4885326529110506,0.4391673104677778,0.3730826957507555,0.3194867045333569,0.1737518341981627,0.2273478254155613
FAM189A1,ENSG00000104059,chr15,29110251,29580979,3890,0.3504780933973433,0.36342396186191434,0.3424666790128678,0.3649055184587375,0.3691262160213774,0.23195514116955482,0.22249172235297818,0.21969626404673304,0.22915968286330973
NSMCE3,ENSG00000185115,chr15,29254988,29279822,206,0.42477581202954723,0.4841537092882368,0.33478905767723455,0.4701614985507474,0.35942297840867404,0.40364539201010696,0.42587178231337636,0.25830105208489307,0.23607466178162373
TJP1,ENSG00000104067,chr15,29689366,29978915,1543,0.45059639449305294,0.47763534525033086,0.4998655391657161,0.4561425265308971,0.48089735228350516,0.2777165051709771,0.3014018954257947,0.37167285749921297,0.3479874672443953
GOLGA8J,ENSG00000179938,chr15,30073052,30103499,0,,,,,,,,,
GOLGA8T,ENSG00000261247,chr15,30125148,30155567,0,,,,,,,,,
CHRFAM7A,ENSG00000166664,chr15,30350565,30403849,0,,,,,,,,,
GOLGA8R,ENSG00000186399,chr15,30393739,30424162,0,,,,,,,,,
GOLGA8Q,ENSG00000178115,chr15,30542077,30572501,0,,,,,,,,,
GOLGA8H,ENSG00000261794,chr15,30594027,30627752,0,,,,,,,,,
ARHGAP11B,ENSG00000285077,chr15,30614493,30659529,0,,,,,,,,,
RP11-736I24.5,ENSG00000284906,chr15,30614547,30695606,0,,,,,,,,,
FAN1,ENSG00000198690,chr15,30880558,30953108,416,0.47072776313365844,0.538450153935361,0.5537049812942055,0.3913753961988227,0.4250852305701198,0.30132125369175605,0.35809268063372196,0.47184396837255366,0.4150725414305877
MTMR10,ENSG00000166912,chr15,30928940,31001628,484,0.4002826110790589,0.5464571029136616,0.5248829059560782,0.3958970725698944,0.44952584012870483,0.27888409219780125,0.34885042268130323,0.5117813305530167,0.4418150000695146
TRPM1,ENSG00000134160,chr15,30991060,31171273,1345,0.4021829030786287,0.5562119076077516,0.48427886929738245,0.3773789102473329,0.4684309054414433,0.3323447128522985,0.32715157862765193,0.48006338701372697,0.4852565212383735
KLF13,ENSG00000169926,chr15,31316834,31445665,773,0.5414025682015513,0.41424669436732936,0.4004582415418409,0.48494988717248577,0.40729499291814847,0.4014247076959431,0.3376445862388783,0.13343185049522754,0.19721197195229234
OTUD7A,ENSG00000169918,chr15,31465397,31880789,1761,0.44956956334929854,0.4150880129586402,0.42827344596872613,0.4125492464496072,0.39096387803227334,0.2871270665083968,0.28618952666840913,0.24916682606249446,0.25010436590248203
CHRNA7,ENSG00000175344,chr15,31913437,32183018,1387,0.5299479058483696,0.616688526470052,0.600346729990482,0.5462436520916343,0.5828640549223126,0.3983305962661653,0.437379587090804,0.5605767772268543,0.5215277864022156
GOLGA8K,ENSG00000249931,chr15,32382781,32413292,0,,,,,,,,,
GOLGA8O,ENSG00000206127,chr15,32431913,32465634,0,,,,,,,,,
GOLGA8N,ENSG00000232653,chr15,32583455,32617310,0,,,,,,,,,
ARHGAP11A,ENSG00000198826,chr15,32605143,32649941,63,0.42619865995716855,0.4467815151285912,0.33924694146758794,0.48208467684205,0.40184268498338366,0.3665496043649792,0.36802214657893,0.2254526609390189,0.22398011872506807
SCG5,ENSG00000166922,chr15,32631675,32707098,504,0.46318841428616775,0.46704860606060605,0.4488255049703129,0.4874314206671563,0.4204362409860498,0.32786466544860593,0.37608310892591507,0.3014603868855398,0.25324194340823064
GREM1,ENSG00000166923,chr15,32708003,32755106,340,0.44135735284244637,0.500845976187632,0.44162837237397257,0.44306635734090843,0.4706806926598709,0.3471776544167973,0.3219931609295651,0.34766291148640266,0.3728474049736349
FMN1,ENSG00000248905,chr15,32755543,33204714,3998,0.3767764733411861,0.49632564599892076,0.48290901869370334,0.40356650981457926,0.4711497394696608,0.24956946793581358,0.28278146897418394,0.43625587481611783,0.40304387377774736
RYR3,ENSG00000198838,chr15,33300961,33876121,4382,0.43048118171889027,0.46891976027352844,0.4058722367549851,0.4372980994945319,0.4366289014647405,0.3375723592887034,0.3170153552366105,0.2952697992715593,0.3158268033236521
AVEN,ENSG00000169857,chr15,33848781,34085155,1734,0.5610045912607626,0.6347172217906076,0.5949658470273547,0.5860790054109499,0.6707736345847481,0.46328296392120355,0.38907696209650766,0.5438005266102977,0.6180065284349935
CHRM5,ENSG00000184984,chr15,33958496,34077458,862,0.5878603300322484,0.6336082152348611,0.6409846262340902,0.6383725531448818,0.6506586645115282,0.43302749134070084,0.48474351062913135,0.5710245765853513,0.5193085572969207
EMC7,ENSG00000134153,chr15,34074016,34111862,226,0.5634066101518201,0.6191698555929667,0.5821336156181899,0.6206880082059509,0.5997677780002756,0.46078062068153613,0.5095438441642759,0.5046211977836805,0.4558579743009408
PGBD4,ENSG00000182405,chr15,34092082,34118686,183,0.6206872205341912,0.6216382879260535,0.536339832499549,0.7108288651113811,0.6203030402984226,0.5863476882796984,0.6221297078309136,0.38555694238106286,0.3497749228298477
KATNBL1,ENSG00000134152,chr15,34130673,34220096,586,0.47436014986913866,0.6058878748330864,0.5707196731996083,0.5231064816174325,0.6207642960564175,0.36430684691132603,0.3509922581898913,0.5668129816166392,0.5801275703380737
EMC4,ENSG00000128463,chr15,34215012,34240156,152,0.459209909562547,0.6038740436182459,0.6052038820987526,0.5386354119169582,0.6219963421295726,0.3056806601995518,0.3633691625798547,0.6203423864310789,0.5626538840507758
SLC12A6,ENSG00000140199,chr15,34219783,34348060,865,0.4131611978461718,0.3865113619099722,0.3767427725324222,0.4066343723604049,0.3988092979980677,0.2744013422443283,0.2508474725538323,0.2141921925789924,0.23774606226948836
NOP10,ENSG00000182117,chr15,34331718,34353136,151,0.3462403068113222,0.35716951309233363,0.26518754087500307,0.3796196554182869,0.30631173737105805,0.27937484231204,0.27678206964588914,0.16249937563698497,0.16509214830313576
NUTM1,ENSG00000184507,chr15,34333314,34367737,205,0.36494559615936184,0.382632735274438,0.2950142076657426,0.3999648488224368,0.36543357689027867,0.29337908441291816,0.2691224590638592,0.1889121050834406,0.21316873043249956
LPCAT4,ENSG00000176454,chr15,34348632,34377196,104,0.49860699489114907,0.5101110565110564,0.46135679307747207,0.4794364916465423,0.3955316366217835,0.3926198612795992,0.43150699913157115,0.32095669822686973,0.2820695603748978
GOLGA8A,ENSG00000175265,chr15,34369067,34447808,0,,,,,,,,,
GOLGA8B,ENSG00000215252,chr15,34515094,34598503,80,0.27798187278605546,0.28524500322372653,0.1962334346453952,0.28718771610324445,0.14144382095264676,0.22153704838112132,0.2609247321799736,0.11427840848036108,0.0748907246815087
GJD2,ENSG00000159248,chr15,34741031,34764998,208,0.46640486338420917,0.5353368104714137,0.5176594756146703,0.44778759361301274,0.5120805865382287,0.3327277129517409,0.3213299744319883,0.4337147464865523,0.4451124850063048
ACTC1,ENSG00000159251,chr15,34780229,34805549,218,0.41629587313223987,0.4703836873509006,0.42589237020689835,0.3784524992534792,0.44478184782233565,0.3095125688625892,0.2613756196391579,0.3260899041412456,0.37422685336467687
AQR,ENSG00000021776,chr15,34841781,34979742,759,0.5329328304604892,0.6232599259674363,0.6228261295003323,0.5926249589330084,0.5959904139730436,0.38121649244644523,0.4839520778111608,0.5949832956732668,0.4922477103085514
ZNF770,ENSG00000198146,chr15,34968340,34998287,175,0.4020857085531519,0.5728602981430558,0.5949180933376746,0.4419533229677164,0.6188576751654192,0.23064300781479902,0.23468720026350465,0.6200011408221898,0.6159569483734842
NANOGP8,ENSG00000255192,chr15,35073409,35095295,151,0.3620102700029054,0.4506603389205985,0.3942100564668471,0.3328870944318147,0.3974122933778354,0.27362472520343983,0.2486561294567815,0.32541361308851147,0.35038220883516974
DPH6,ENSG00000134146,chr15,35207344,35556193,2033,0.4469112332396823,0.5607297631936179,0.4995852723087548,0.49111277593180097,0.5131702351557133,0.3612795922529811,0.38916427827511246,0.4613608894508424,0.43347620342871107
CDIN1,ENSG00000186073,chr15,36569625,36820248,1504,0.5529679563111118,0.4969225582412618,0.48695726726307154,0.5407180719567203,0.48408579794113943,0.4123700121042948,0.4016436968654626,0.2746411488697675,0.2853674641085996
MEIS2,ENSG00000134138,chr15,36879203,37111299,1163,0.4947054085511747,0.49940794878594486,0.5167825797025453,0.4922383413957652,0.5132225969785962,0.32364443397109516,0.3248792788644628,0.3683193446571015,0.367084499763734
TMCO5A,ENSG00000166069,chr15,37911938,37977724,533,0.4508611285925407,0.4827771074070288,0.45477844391697325,0.49384229172736765,0.4935342064600582,0.3260611222908513,0.3299449298989558,0.3332202482190593,0.3293364406109549
SPRED1,ENSG00000166068,chr15,38242835,38367249,777,0.5748185327741455,0.47160212562348647,0.5390947374313914,0.5800963906231159,0.5424737553858434,0.3592910936416073,0.3618573969946809,0.27861463545496723,0.27604833210189356
FAM98B,ENSG00000171262,chr15,38444126,38497710,302,0.40383617933901594,0.6537190806706258,0.5675049618647385,0.30176989324484044,0.5683987735984625,0.36978014268725495,0.2897291441978955,0.6907247850779725,0.7707757835673319
RASGRP1,ENSG00000172575,chr15,38478102,38575575,494,0.3822936566118609,0.5372955041059404,0.42143141350643665,0.3281520573098657,0.47493443812920694,0.3526052966248334,0.2620788809273264,0.41806136984132997,0.508587785538837
THBS1,ENSG00000137801,chr15,39571078,39609466,259,0.27948815463571675,0.3190052089749786,0.13978076218327284,0.2812979175131551,0.14171364487478597,0.28071302527063186,0.2808457454324072,0.10348759660002585,0.10335487643825053
FSIP1,ENSG00000150667,chr15,39578356,39792841,1623,0.32892873522795685,0.43544859738902836,0.3942974988174955,0.3697461604310941,0.43056251697352443,0.23461872306160209,0.2351250921816913,0.3371051178210087,0.33659874870091955
GPR176,ENSG00000166073,chr15,39789007,39930266,880,0.43779944829801976,0.41027669895963076,0.4149551506911064,0.43165265981911616,0.3896270658414474,0.28396585167782623,0.2997196124910315,0.24413598169817452,0.22838222088496923
EIF2AK4,ENSG00000128829,chr15,39924114,40045591,720,0.4840203522953267,0.49674605312854875,0.4734476075581043,0.4668035794217816,0.45702998427842245,0.3534719434455752,0.35241229764191195,0.33318842828248496,0.3342480740861482
SRP14,ENSG00000140319,chr15,40025689,40049181,130,0.4773106530615813,0.43346150658821586,0.39593073132167284,0.5597430493836545,0.3968179377013963,0.35645591060539,0.4415353974167475,0.21175434068178656,0.12667485387042898
BMF,ENSG00000104081,chr15,40077889,40118892,241,0.454513325779019,0.4416132554499295,0.3790900109382167,0.4925513946386156,0.36799625680931136,0.356105607973941,0.4011016737105816,0.2265978581117215,0.1816017923750809
BUB1B,ENSG00000156970,chr15,40151022,40231123,391,0.3509635401687725,0.36982735419637996,0.33005261779653644,0.34178730203289737,0.29370351418483936,0.24673586892728144,0.2661342144084609,0.21502558725351492,0.19562724177233545
PAK6,ENSG00000137843,chr15,40207427,40287487,498,0.4088001338265088,0.4067734489805236,0.4060906104655967,0.44220466761752436,0.4441315302318544,0.26337576616911695,0.2593592522994207,0.25880314458347103,0.2628196584531672
BUB1B-PAK6,ENSG00000259288,chr15,40208499,40274890,439,0.3931570697495657,0.3747711211343484,0.378639242326986,0.4142672209781994,0.41068992957170386,0.24663967000760278,0.23786314675737458,0.2229978200902094,0.23177434334043762
PLCB2,ENSG00000137841,chr15,40268175,40317935,298,0.5598424416689418,0.5823403652519501,0.5547595372367572,0.5113718410595324,0.5293103699070505,0.4422851005722943,0.4178427886934992,0.43080334852142,0.4552456604002151
ANKRD63,ENSG00000230778,chr15,40268371,40293064,142,0.560234323086937,0.5428595562197459,0.487897628897387,0.556021579462713,0.5027651672532559,0.46752356726097427,0.448025537318278,0.3152410512332875,0.33473908117598383
INAFM2,ENSG00000259330,chr15,40313691,40336715,141,0.39087684104073983,0.5846465202458048,0.4879248965144616,0.32576204611945303,0.5375502584721422,0.35253809245059353,0.25079007551134186,0.5260872703973747,0.6278352873366264
CCDC9B,ENSG00000188549,chr15,40321451,40350967,181,0.4524962667146546,0.5629721681665529,0.4600782967559663,0.3498580715381066,0.5079134901216045,0.40690662605411393,0.2746111205479293,0.42085177145439606,0.5531472769605807
PHGR1,ENSG00000233041,chr15,40341032,40366434,142,0.34165790098696586,0.5634537631938118,0.4832466230607556,0.32057760874106334,0.45844913256275005,0.2933510065148346,0.301027485264677,0.5355099765518714,0.5278334978020288
DISP2,ENSG00000140323,chr15,40348218,40388621,208,0.3931334287422582,0.5159878235212843,0.4367387165256012,0.3359616465638612,0.38131739463564784,0.3255399381459966,0.327448846444056,0.4001052764220908,0.3981963681240314
KNSTRN,ENSG00000128944,chr15,40372720,40404246,172,0.3754801349216901,0.46615878531161997,0.39036299101912536,0.3899449887053908,0.2533132435076205,0.3017687045888529,0.41487673064726205,0.3258881304214194,0.21278010436301026
IVD,ENSG00000128928,chr15,40395484,40445947,299,0.4420933722428267,0.6944500787380697,0.5471816057463691,0.46583207774887303,0.49377399964450697,0.4884708200693687,0.5659575326269457,0.6971712852647906,0.6196845727072136
BAHD1,ENSG00000140320,chr15,40429720,40478236,216,0.381330826670092,0.37336758414362065,0.33499505803509033,0.3441298176338914,0.2860254009190179,0.2698094823171213,0.27613983921601637,0.19758568655113018,0.19125532965223516
CHST14,ENSG00000169105,chr15,40460983,40483158,84,0.38905372424963564,0.37696994156266367,0.2684199642753419,0.2911435356530456,0.2905256601156373,0.3266790570939061,0.2370158924636447,0.14648145637167434,0.2361446210019357
CCDC32,ENSG00000128891,chr15,40518682,40575057,319,0.5116923431049145,0.5184171154344628,0.49204217743488604,0.5309130124113175,0.40419731010049187,0.3850648451665812,0.4848991267496786,0.3456120791452803,0.24577779756218288
RPUSD2,ENSG00000166133,chr15,40559298,40584949,151,0.516379083065226,0.5304048186950876,0.4724152691042831,0.5405589970103448,0.4430768293298494,0.4214461905897835,0.4741505142108138,0.33443808120685437,0.2817337575858241
KNL1,ENSG00000137812,chr15,40584019,40674342,406,0.4612321436705024,0.5092970644620277,0.45130386194195354,0.5299194240993182,0.4825832158847621,0.3650881871901046,0.4039304720134558,0.34682816636645875,0.3079858815431076
RAD51,ENSG00000051180,chr15,40684773,40742340,264,0.4723019856302085,0.4152015556155023,0.360081280552537,0.4171700604820314,0.2901190286843874,0.3646525102265532,0.36684494786005917,0.17183552040478145,0.1696430827712755
RMDN3,ENSG00000137824,chr15,40725883,40765851,188,0.4341932757787962,0.3897001426170014,0.4077259918904856,0.383861773593457,0.35925795336017213,0.269760854603496,0.2664802469124214,0.2240440185116559,0.22732462620273045
GCHFR,ENSG00000137880,chr15,40754067,40777708,125,0.45508608760746766,0.4316396477253604,0.4839481118780276,0.4988040442237215,0.43345585158238337,0.2552895669658241,0.34377874691034416,0.3097100714376368,0.2212208914931167
DNAJC17,ENSG00000104129,chr15,40755160,40817478,318,0.37700128709304637,0.393152348349001,0.4907738270686151,0.40294834655968087,0.34400550415109116,0.1489126589053133,0.2968131361410225,0.35056484626746165,0.20266436903175244
C15orf62,ENSG00000188277,chr15,40759979,40782449,127,0.5045709949610184,0.4125743403212988,0.4777867957178409,0.4487142697499181,0.3717332505148823,0.292328727718372,0.33135858642816457,0.2396768499690013,0.2006469912592086
ZFYVE19,ENSG00000166140,chr15,40797085,40825084,131,0.3282122924078108,0.4305890913293825,0.36581122227055235,0.33401960307669243,0.27645455949231124,0.25277861681631375,0.3230280303422926,0.3103743293202639,0.24012491579428516
PPP1R14D,ENSG00000166143,chr15,40805450,40838709,155,0.35770968048260054,0.3752230035226334,0.31109744962732033,0.3169006151019254,0.3024976780881428,0.27020995533953374,0.245612989933664,0.200150543212692,0.22474750861856171
SPINT1,ENSG00000166145,chr15,40834017,40868207,211,0.5561026092335691,0.6025259617752915,0.6824344919178623,0.641688600618635,0.6600719015522973,0.2938581737675917,0.4349786703819457,0.6287674858953651,0.48764698928101113
RHOV,ENSG00000104140,chr15,40862213,40884234,121,0.5693670329201911,0.6461420895522387,0.5926824154758744,0.6817116754810966,0.5576251672905947,0.49159843683008125,0.684029868485228,0.5472613925098945,0.35482996085474783
VPS18,ENSG00000104142,chr15,40884449,40913975,155,0.5257540675114094,0.6955025431621178,0.7008448326658014,0.6817460004555637,0.800352438019044,0.3641644524082106,0.36139818055111583,0.8249280913869896,0.8276943632440844
DLL4,ENSG00000128917,chr15,40919339,40949073,166,0.5906997708551364,0.6274474933945346,0.7278335076436598,0.5754237456532538,0.6692717955710081,0.28967116685493555,0.36879128711337505,0.6977061269110298,0.6185860066525906
CHAC1,ENSG00000128965,chr15,40942961,40966512,197,0.5314832791693612,0.5508176580221963,0.5986593167394051,0.5266120105670181,0.5400243588632925,0.32278261322383056,0.3857922874802546,0.4775437536003256,0.41453407934390163
INO80,ENSG00000128908,chr15,40968879,41126280,833,0.49367387214188874,0.5747133758922024,0.6328936484294548,0.528458719793273,0.6357359284489212,0.2667312684716404,0.2984321772786853,0.5882606592326769,0.5565597504256319
EXD1,ENSG00000178997,chr15,41172724,41240757,368,0.32791204735150725,0.4829936831731956,0.43688420048089155,0.3190161808228245,0.42841817240215785,0.24139813120535186,0.24228464710879954,0.4183020551093339,0.41741553920588603
CHP1,ENSG00000187446,chr15,41220838,41291887,383,0.2951779165812231,0.43402455620780234,0.3832312830485323,0.2675256903290884,0.41489733454164635,0.21787664144464286,0.17228182371793943,0.35132794580164295,0.39692276352834643
RP11-16O9.3,ENSG00000285920,chr15,41274006,41390996,622,0.25738952869326415,0.31863282356273004,0.25107053240258514,0.24469766880186683,0.2248810691355555,0.19606355674619633,0.20477615733866772,0.18759038893939972,0.17887778834692827
OIP5,ENSG00000104147,chr15,41299272,41342591,242,0.28722327691390487,0.33395567798179326,0.38613908689586635,0.2664715933387359,0.33659460721978557,0.12849960882807918,0.15295949608691736,0.27789945225110657,0.25343956499226844
NUSAP1,ENSG00000137804,chr15,41310793,41391050,425,0.30688014456895607,0.3821981937984791,0.2571884521709694,0.26205964228194417,0.271740610045968,0.27541350740609377,0.23419092964110216,0.20617406749350328,0.24739664525849492
NDUFAF1,ENSG00000137806,chr15,41377217,41419403,187,0.2432333905191593,0.24644736205311152,0.13925474159276052,0.2695336543000094,0.18522544758491158,0.20585005142905893,0.19609234884827415,0.07710635400094717,0.08686405658173191
RTF1,ENSG00000137815,chr15,41398407,41493563,528,0.19938037472317877,0.2771541358350951,0.2350866976731556,0.2744847822305482,0.21066877133557854,0.13946790322745553,0.20443163104532985,0.18509136558413658,0.12012763776626226
ITPKA,ENSG00000137825,chr15,41483392,41513551,164,0.33318608383810383,0.3407577044146531,0.24829900779470676,0.336225882690205,0.266510502299976,0.2682458739281002,0.2582677565216294,0.14841826652473292,0.15839638393120364
LTK,ENSG00000062524,chr15,41493636,41523887,156,0.38775132466813095,0.3741105859637015,0.2961905158800743,0.3581281034139326,0.31214770884710313,0.30397537327216595,0.26888347721076955,0.16460620510927806,0.19969810117067452
RPAP1,ENSG00000103932,chr15,41507175,41554269,264,0.41000147832135836,0.4195747924249189,0.38219105613088644,0.43033752094306993,0.3646300300144581,0.2950267768046291,0.32657887161096905,0.24896755072692212,0.2174154559205821
TYRO3,ENSG00000092445,chr15,41547674,41593589,215,0.44203548525363834,0.4871430634240551,0.44255104724298155,0.4231815818802217,0.4151637523741739,0.3334169583203791,0.3407813606099328,0.3343413904544338,0.32697698816487997
MGA,ENSG00000174197,chr15,41611133,41783081,691,0.5175317522525955,0.5847523339455156,0.5094114668572425,0.49417368876803713,0.4905444823087212,0.4477853993347191,0.44301467110104265,0.43109475174901596,0.43586547998269237
MAPKBP1,ENSG00000137802,chr15,41764433,41837855,127,0.49380291515650593,0.49642232788788976,0.4350162893669518,0.4904290355352617,0.44321291735084833,0.39794406257423875,0.38731554915434213,0.288073251773201,0.2987017651930977
JMJD7,ENSG00000243789,chr15,41818091,41847581,0,,,,,,,,,
JMJD7-PLA2G4B,ENSG00000168970,chr15,41818094,41858155,0,,,,,,,,,
PLA2G4B,ENSG00000243708,chr15,41827774,41858147,0,,,,,,,,,
SPTBN5,ENSG00000137877,chr15,41838145,41904053,127,0.3633979578742412,0.4536801014835603,0.4591258899318254,0.4347573874358315,0.36403338063049745,0.22079620528477045,0.3612208075172633,0.38375437480300717,0.2433297725705143
EHD4,ENSG00000103966,chr15,41885932,41982557,645,0.32938590076844154,0.3312624070129395,0.2715374613629817,0.36561699319250346,0.295979842265256,0.24255293829461005,0.25325881933091565,0.15981059519212454,0.14910471415581894
PLA2G4E,ENSG00000188089,chr15,41971581,42061190,833,0.4497809761971172,0.6112774290354646,0.5585857668354345,0.45884143686127343,0.5907006874575353,0.36227834486749516,0.33281187515246874,0.582611030114871,0.6120774998298973
PLA2G4D,ENSG00000159337,chr15,42057008,42104562,430,0.26101843164926114,0.5225920221832332,0.36911618862708856,0.3032927809165852,0.4291716575083062,0.29061629320989435,0.27005356439509565,0.4487675610377916,0.46933028985259034
PLA2G4F,ENSG00000168907,chr15,42129033,42166636,271,0.2980103845642189,0.3033406525570805,0.2790266976153147,0.37985130671158784,0.2723086618068428,0.19407111286310252,0.2606882119653045,0.1673876159462716,0.1007705168440696
VPS39,ENSG00000166887,chr15,42148700,42218307,386,0.34601326525473786,0.3176086643697073,0.29249895273833265,0.3980250948330297,0.33032055439225727,0.23040201077512704,0.24436768981348145,0.1517499690176901,0.13778428997933567
TMEM87A,ENSG00000103978,chr15,42200446,42283584,503,0.6940525310627962,0.7796044770101936,0.7741846437429131,0.780166967039788,0.8046830265946987,0.6043178777875792,0.6970434707029192,0.9080136372355138,0.815288044320174
GANC,ENSG00000214013,chr15,42263232,42366935,853,0.612360139411766,0.7951235178704334,0.7455339202179114,0.7033986272099005,0.8048042499385525,0.5822194193587051,0.5834809255165151,1.0031285882741157,1.0018670821163056
RP11-164J13.1,ENSG00000258461,chr15,42338102,42422317,676,0.1720363097072498,0.16584396690367362,0.14244244561408737,0.19544100208290727,0.16971147328030065,0.10822689928191717,0.10640688419279032,0.07310790479707593,0.07492791988620284
CAPN3,ENSG00000092529,chr15,42349497,42422949,559,0.23826587464569224,0.2958054809630342,0.16166139001959898,0.2562659512985852,0.21935541094419608,0.22326258282659142,0.19956856033257755,0.12743807271258856,0.15113209520660242
ZNF106,ENSG00000103994,chr15,42402822,42501141,420,0.3754991317152557,0.51269245010835,0.5483690091042823,0.39983103009996784,0.5638693811531891,0.19738628529299568,0.19979519343155383,0.521473550646239,0.5190646425076808
SNAP23,ENSG00000092531,chr15,42481232,42555356,321,0.38157908672522217,0.6634169516362562,0.6297408173052225,0.4802570814330557,0.6452856727033729,0.2879721494873717,0.35344440579352265,0.8009382103736044,0.7354659540674533
RP11-265N6.5,ENSG00000285942,chr15,42487394,42558786,317,0.44420211495482276,0.6112675188438754,0.6826432531481949,0.4154085603897364,0.6054212164286791,0.19224284724750895,0.2758847484297285,0.7526210338067835,0.6689791326245639
LRRC57,ENSG00000180979,chr15,42527819,42558802,141,0.4643054154677284,0.627705970049518,0.6611868623788626,0.48793614974246297,0.7025428867584419,0.26497793953758053,0.22244603322235346,0.7230933942827404,0.7656253005979674
HAUS2,ENSG00000137814,chr15,42538827,42579994,203,0.4075943586165984,0.6617925984738212,0.6362463470553593,0.41397794244944636,0.6258863314061307,0.2981906066587251,0.31764910296014787,0.785905351041698,0.7664468547402752
STARD9,ENSG00000159433,chr15,42565605,42730998,823,0.3154993401810866,0.43541078061923877,0.42265248833646507,0.44779483561704,0.4738233601092248,0.20070580369778435,0.26168708971083043,0.3709510539073372,0.3099697678942911
CDAN1,ENSG00000140326,chr15,42713543,42747128,180,0.48595243193407595,0.48023913105712623,0.08695323989296735,0.599309608911169,0.04075403492868938,0.614428864860032,0.7636724631673847,0.039957575735631745,0.0
TTBK2,ENSG00000128881,chr15,42728729,42930809,819,0.392010260701463,0.3668575070338978,0.3009470150926446,0.463421658189719,0.317692702308087,0.29831415475119255,0.3486636694994729,0.15874562004822138,0.10839610529994109
UBR1,ENSG00000159459,chr15,42932896,43116113,619,0.49153106888333575,0.36180425865182186,0.4428001753032303,0.6194119959718732,0.5289029068293283,0.27031502541131047,0.33122850883582905,0.17879521265998144,0.11788172923546275
TMEM62,ENSG00000137842,chr15,43113278,43195144,283,0.5116798528493108,0.4315607915711176,0.41329933405074937,0.6282407143832528,0.5244385096520288,0.37420221290130107,0.4055552662536229,0.19065869189054502,0.15930563853822327
CCNDBP1,ENSG00000166946,chr15,43175117,43207177,119,0.5003867195511631,0.3234251751732877,0.4688277714358464,0.6542528130877381,0.5018802877015185,0.2259820939263814,0.37792241581981945,0.16473013775683126,0.012789815863393117
EPB42,ENSG00000166947,chr15,43187226,43231018,186,0.44229417985910235,0.2594711386304903,0.38112948749031667,0.5917546734173154,0.38151401230348597,0.20222755690832964,0.3578984612239604,0.09816311360959884,0.0
TGM5,ENSG00000104055,chr15,43222589,43276928,234,0.33079789869607895,0.31829573083756474,0.31158534964688267,0.349554422312011,0.2982252495182447,0.2057322874167305,0.22955709510591069,0.1774270506925339,0.15360224300335373
TGM7,ENSG00000159495,chr15,43266270,43312255,171,0.4201923880036255,0.2577377815612037,0.20732748293701286,0.4495896013193711,0.16408447528969444,0.305383264133979,0.3579580428554321,0.0,0.0
LCMT2,ENSG00000168806,chr15,43313648,43340582,108,0.4171610049637205,0.3324409198577294,0.1352766312653603,0.39121216800387526,0.13172611570374892,0.39931302600468543,0.3795823816796302,0.00481435704335309,0.024545001368408342
ADAL,ENSG00000168803,chr15,43320671,43364569,184,0.4068063633758147,0.34400306748466264,0.14477869496349144,0.47490059320756206,0.18282688531529379,0.3937192774160869,0.4319312691233904,0.027879888676586806,0.0
ZSCAN29,ENSG00000140265,chr15,43348171,43381043,119,0.42641056111827086,0.3777920228401338,0.15000229974932733,0.45917685779924045,0.11595040775975526,0.433900320238078,0.48295085912330865,0.04058055346932099,0.0
TUBGCP4,ENSG00000137822,chr15,43359220,43419771,228,0.4272733548279017,0.35509132435166857,0.13644765391095995,0.45245180951007097,0.14542514061085532,0.42464626654285326,0.4419000940836664,0.014000293810180364,0.0
TP53BP1,ENSG00000067369,chr15,43393060,43520728,458,0.48969262857992985,0.43585071309715046,0.16534460070362222,0.5143718510744825,0.18343536220424422,0.532221040200472,0.5460496188993417,0.040215329218482976,0.026386750519613367
MAP1A,ENSG00000166963,chr15,43500957,43541620,127,0.4179256326402916,0.3993064501613505,0.2096357052833523,0.42041561704560915,0.15112425055557915,0.40778306405654813,0.44563596783311377,0.10188731086867558,0.06403440709210995
PPIP5K1,ENSG00000168781,chr15,43523461,43600253,118,0.35969927997608553,0.4344812392242102,0.22837022472108265,0.5228182399947813,0.25038966432238857,0.3782893683416806,0.5108339304858779,0.19172244008057301,0.05917787793637569
CKMT1B,ENSG00000237289,chr15,43583053,43614901,0,,,,,,,,,
STRC,ENSG00000242866,chr15,43589562,43628800,0,,,,,,,,,
RP11-315A19.1,ENSG00000284772,chr15,43604207,43642283,0,,,,,,,,,
CATSPER2,ENSG00000166762,chr15,43618502,43678118,0,,,,,,,,,
CKMT1A,ENSG00000223572,chr15,43682885,43709222,0,,,,,,,,,
PDIA3,ENSG00000167004,chr15,43736409,43783278,126,0.5404029170816556,0.5736562649984278,0.49013271314710266,0.5084059418605664,0.5419631347720476,0.4781548197212191,0.3909028750986757,0.3743545486769611,0.46160649329950443
ELL3,ENSG00000128886,chr15,43762604,43787315,88,0.5045400480726844,0.5515024233646207,0.5382784551946301,0.5612318562417885,0.4541471861471862,0.36566373316032014,0.510115120624571,0.4361882676031619,0.29173688013891114
RP11-296A16.1,ENSG00000262560,chr15,43762616,43809133,179,0.49855038592822654,0.5677834679439816,0.5572466922209274,0.5210971624280918,0.5240682728246883,0.35716910020659065,0.4163026329120581,0.4816594844948868,0.42252595178941943
SERF2,ENSG00000140264,chr15,43767086,43814427,181,0.532440159492647,0.5144955958118664,0.5552586152007183,0.49859839175561876,0.5070268051037281,0.33626626684764016,0.3528071638871007,0.38630065299599575,0.3697597559565354
SERINC4,ENSG00000184716,chr15,43784161,43810220,102,0.5381636717024207,0.5254310097138419,0.5977562662918472,0.5093571639112899,0.5630252455288414,0.30359796141682743,0.31475362869795376,0.44175031432840023,0.43059464704727396
HYPK,ENSG00000242028,chr15,43786141,43814427,112,0.5967231236718322,0.5571750924855158,0.6063683054842983,0.5372244863844408,0.5926886123332163,0.3951865761190144,0.3434583590859133,0.419394253577904,0.4711224706110051
MFAP1,ENSG00000140259,chr15,43794491,43834690,168,0.48969514353730986,0.5949033785821132,0.47687243176579425,0.5186841148480674,0.4580320207897432,0.4642233573323334,0.5111564046151574,0.43940631159470633,0.39247326431188234
WDR76,ENSG00000092470,chr15,43816979,43878412,234,0.4224491550073436,0.4950097432243293,0.49965070999867384,0.4176201072424995,0.4733724738791878,0.2698630480700711,0.2912933445086406,0.41335309533635156,0.39192279889778214
FRMD5,ENSG00000171877,chr15,43860760,44205271,1536,0.5978405819735668,0.596205365536842,0.679190226469644,0.6522197738330506,0.6775216137080642,0.34042431509151916,0.4156571146358803,0.5664245457099737,0.49119174616561245
GOLM2,ENSG00000166734,chr15,44278718,44425758,504,0.13971939821400997,0.22167865036207998,0.28120544549497634,0.2115406963588559,0.31773471035606077,0.03546637808376768,0.052976785768497014,0.21514941619281983,0.19763900850809055
CTDSPL2,ENSG00000137770,chr15,44417621,44539038,467,0.296721152528562,0.32742986217959213,0.3862671411047992,0.3699435616155438,0.39961496939868724,0.13022758113747432,0.1742053228747923,0.26642129765018574,0.22244355591286774
EIF3J,ENSG00000104131,chr15,44527124,44573029,193,0.41163615797395137,0.3494211180919651,0.38002827002034195,0.47229530483414417,0.416221736006109,0.24111053479113131,0.26543855644007114,0.1887821900882946,0.1644541684393548
SPG11,ENSG00000104133,chr15,44544817,44673688,549,0.32189416001306476,0.31926881761245013,0.3535403435286997,0.43509280283878327,0.3949559263170534,0.16839760081537458,0.2266138149392639,0.216190189466419,0.15797397534252966
PATL2,ENSG00000229474,chr15,44655731,44721323,254,0.42305050863506943,0.46978779313210584,0.4597083785632032,0.5975169900981149,0.506238679445907,0.28441613484691264,0.41943866068359326,0.35006182740708885,0.21503930157040824
B2M,ENSG00000166710,chr15,44701486,44728851,135,0.6366635041455709,0.5425521770061469,0.5935749077738749,0.7281856006762724,0.6737280589812643,0.44708134760418633,0.4823520897267948,0.33501110126722133,0.29974035914461283
TRIM69,ENSG00000185880,chr15,44718987,44777829,404,0.571258748315133,0.5433301034317469,0.5379604953355315,0.6904563807427068,0.6439438010306116,0.42929563869767573,0.4618920199763946,0.35449883737821586,0.3219024560994971
TERB2,ENSG00000167014,chr15,44946686,44989229,37,0.22837655439802043,0.544427518017026,0.40329753602292123,0.2526792029000289,0.582351164567307,0.2645611931692993,0.10217344067925477,0.5216392555745272,0.6840270080645717
SORD,ENSG00000140263,chr15,45013146,45087185,33,0.5434817153993886,0.295074383610969,0.4398248692554291,0.5105549334830443,0.43118282862304425,0.27714185279627845,0.24997491260287225,0.07252113760806217,0.09968807780146843
DUOX2,ENSG00000140279,chr15,45082649,45124172,252,0.6951922120910297,0.4660138914889429,0.5833708263968485,0.6885193210538366,0.5561357807907563,0.4699503171215425,0.49078342350298193,0.15743513726300795,0.13660203088156853
DUOXA2,ENSG00000140274,chr15,45104325,45128421,130,0.7559165327060942,0.5142476134636704,0.6379795405650172,0.6934654265647269,0.5696445637585934,0.5581233798873911,0.5306685955070074,0.1639328977533736,0.19138768213375734
DUOXA1,ENSG00000140254,chr15,45107365,45139938,159,0.6214687697057014,0.5397127975779662,0.688264031714378,0.6580608715562047,0.5452321922910158,0.2908813125572618,0.5305294364949581,0.4850233186776582,0.24537519473996194
DUOX1,ENSG00000137857,chr15,45119932,45175576,308,0.4850193983901324,0.5408531680397752,0.49129395866385417,0.55689261574536,0.514519939424533,0.3830631596746135,0.4348556493502241,0.39532206506440243,0.3435295753887918
SHF,ENSG00000138606,chr15,45157213,45211175,316,0.506128013614471,0.5426194659170765,0.43694228705148525,0.538046244089825,0.5238523868791947,0.4566726709413733,0.40625134158484183,0.3255668851125577,0.3759882144690892
SLC28A2,ENSG00000137860,chr15,45242233,45287846,307,0.25718226173270703,0.31758680056695937,0.3077682724558152,0.41131476200399664,0.4864737297561915,0.15579499840883543,0.1227647437278977,0.22632494192017832,0.25935519660111606
GATM,ENSG00000171766,chr15,45351123,45412327,284,0.31754452323364374,0.5919561609246005,0.45783171208152645,0.256737924134185,0.5175207747755989,0.33312990988636654,0.23213490791561792,0.5632507517495939,0.6642457537203424
SPATA5L1,ENSG00000171763,chr15,45392335,45431415,182,0.3366537181220989,0.5213771612504214,0.4841218354645014,0.3068753179264291,0.4523428690276929,0.24270792890844717,0.2506409515203108,0.4941344558266122,0.4862014332147485
C15orf48,ENSG00000166920,chr15,45420578,45458761,261,0.28193091462147235,0.4531899487523335,0.4482253936022439,0.34419220414598156,0.4888548389975602,0.17011382494715188,0.17721983137133734,0.43353996740887946,0.426433960984694
SLC30A4,ENSG00000104154,chr15,45469605,45532755,218,0.3840712294884488,0.47392714673592673,0.49809993059368735,0.2635307099841245,0.4914678878985969,0.21879264095890244,0.13598819891460412,0.4235229305720386,0.5063273726163369
BLOC1S6,ENSG00000104164,chr15,45577213,45625945,283,0.1819551582211041,0.25714920440740463,0.19656075182323254,0.17235342600699444,0.2707648616739526,0.1396222436637567,0.08533503839287254,0.15763782423526163,0.21192502950614578
RP11-96O20.4,ENSG00000260170,chr15,45577350,45686314,751,0.3218046477121096,0.6420623341762254,0.4549389520330469,0.28222663891689226,0.5493418812476095,0.4044294259518711,0.2809757799550963,0.6229669996005168,0.7464206455972917
SQOR,ENSG00000137767,chr15,45621147,45701281,641,0.2647049511657732,0.5563823132013612,0.44076018797976874,0.2303416281228225,0.4834557559120411,0.26954934529306107,0.2070031779910506,0.5432428079557573,0.6057889752577679
SEMA6D,ENSG00000137872,chr15,47174100,47784228,4113,0.4504591199467304,0.5580316137431102,0.4815154778014896,0.4646406857562936,0.5146898983603161,0.3791719669011924,0.35918342916909135,0.4373449568669106,0.45733349459901185
SLC24A5,ENSG00000188467,chr15,48110989,48152672,167,0.45122102748962345,0.5432801556601793,0.5232569061909301,0.6879260133805589,0.7318961790741819,0.3214835531313474,0.3159095544293311,0.4622015550167464,0.46777555371876267
MYEF2,ENSG00000104177,chr15,48124631,48188353,255,0.6660684825566175,0.6168807345185093,0.7032230935088424,0.8168260780736274,0.791556166328416,0.4207268528703354,0.5443212338431572,0.538682087281492,0.4150877063086702
CTXN2,ENSG00000233932,chr15,48168121,48213758,186,0.7062980278865495,0.6470759215805011,0.6150457802935673,0.8781862361726289,0.8004878276824463,0.6560305924705394,0.7674421083356264,0.3854717280091796,0.2740602121440927
SLC12A1,ENSG00000074803,chr15,48168437,48314078,827,0.5480763907532354,0.5140415887840464,0.5236298553330572,0.6438916524070635,0.6117090850017235,0.3871571199036482,0.404076020127689,0.334475112469352,0.3175562122453113
DUT,ENSG00000128951,chr15,48321010,48353373,164,0.5016953649079481,0.32155375786834006,0.36860870942563756,0.58462579728216,0.3989345138918326,0.31233210422507285,0.37873705828606796,0.07561792908285209,0.009212975021856973
FBN1,ENSG00000166147,chr15,48398312,48655721,1519,0.39920980276829227,0.49226422359849825,0.4966285129200464,0.4255606254377976,0.4369241559057906,0.2504383740993108,0.328906930380946,0.42735571781026865,0.3488871615286334
CEP152,ENSG00000103995,chr15,48702927,48821146,597,0.4415142667368688,0.5308558834480356,0.47713484339294077,0.45020299623173304,0.4600637684924985,0.3454699018010864,0.36937359486143795,0.4113753711780774,0.3874716781177259
SHC4,ENSG00000185634,chr15,48813740,48973919,924,0.45684973175905574,0.5197044951443819,0.4642227468203913,0.45490564235297637,0.4779799012856625,0.35984310645958323,0.3450504534203845,0.37351062293030335,0.3883032759695021
EID1,ENSG00000255302,chr15,48868133,48890173,128,0.37119107080345665,0.47323000823957617,0.4475711657909282,0.41690838854108525,0.3460171659687353,0.2557442254141563,0.37786403271227575,0.3852470485703279,0.2631272412722083
SECISBP2L,ENSG00000138593,chr15,48978475,49056447,344,0.43351399328241674,0.471484887161339,0.4382300430700296,0.45880819756011465,0.45672549963984166,0.3146619681394316,0.3207624234542686,0.3230219102200502,0.3169214549052133
COPS2,ENSG00000166200,chr15,49096067,49165661,368,0.4655558145701991,0.4355809430818502,0.40199295227925,0.4764146778811824,0.36818899543260086,0.3421667664524912,0.3799242998282421,0.22979152820578963,0.1920339948300387
GALK2,ENSG00000156958,chr15,49145655,49377869,1260,0.33380200752391065,0.3476246660361276,0.3213197061905786,0.33238877214929163,0.32149095648103787,0.22284923641324147,0.22166350755101016,0.2042859806853537,0.20547170954758498
FAM227B,ENSG00000166262,chr15,49316961,49630929,1751,0.34927213568245646,0.31274560620400754,0.2677121727289871,0.36142489776954223,0.271254417637519,0.24656643716887489,0.2535680714475447,0.12848432148751834,0.12148268720884856
FGF7,ENSG00000140285,chr15,49413236,49498775,443,0.3822807318379223,0.3012410879933915,0.25796383466918615,0.413114671030334,0.2768416339327187,0.2709066935424186,0.28362414450073836,0.08754280683835072,0.07482535588003086
DTWD1,ENSG00000104047,chr15,49611036,49666232,325,0.2297131785263973,0.11963406911210459,0.11061559671521906,0.24110094351294267,0.1745671481639151,0.13559211409088318,0.10572838594004698,0.0,0.02168924144897602
ATP8B4,ENSG00000104043,chr15,49848237,50192817,2150,0.4514428175634251,0.5526390069185435,0.4868021726119086,0.3995301619847467,0.4625018740554989,0.36887964605388024,0.34680114037419657,0.43550977345440617,0.45758827913408984
SLC27A2,ENSG00000140284,chr15,50172195,50246385,524,0.48164298257157606,0.6321247997618686,0.6654007894621948,0.4781260019406452,0.6281244535214807,0.2811403647791303,0.33057229911113795,0.7188711633392733,0.6694392290072655
HDC,ENSG00000140287,chr15,50231946,50275965,343,0.22678192867495697,0.17984652468064793,0.28008977717761685,0.2569822933693339,0.2536530390175656,0.06341459287054654,0.10136725137242036,0.13484919834287956,0.09689653984100571
GABPB1,ENSG00000104064,chr15,50265388,50365408,593,0.30520745593057524,0.2791350400781415,0.18589489314873775,0.37276049404373585,0.2801519605148654,0.24288981653480884,0.23250756668453235,0.08441363823578046,0.09479588808605702
USP8,ENSG00000138592,chr15,50414379,50524421,637,0.28670502033230577,0.32199523021327503,0.30212176008617536,0.2908020683461079,0.23080581549369605,0.18337527553150543,0.23490487573925842,0.205225680451317,0.15369608024356396
USP50,ENSG00000170236,chr15,50484017,50556708,444,0.24731056743909743,0.23690554503044176,0.16201403554113686,0.2942699575060159,0.18524795686421677,0.18886105504365508,0.2070122491334781,0.08151240612250163,0.06336121203267864
TRPM7,ENSG00000092439,chr15,50542472,50696797,1006,0.2248201561694394,0.20625507302674229,0.15004869724853873,0.27166399231714716,0.1822842040792771,0.1615385589925224,0.1733727338811919,0.06945456101793057,0.057620386129261125
RP11-120K9.3,ENSG00000288645,chr15,50638801,50696717,406,0.27163567456833476,0.24874329152228872,0.20983565821628472,0.3085380624998799,0.2353835371333235,0.18372372239143164,0.19328705479418182,0.10228414102713307,0.09272080862438287
SPPL2A,ENSG00000138600,chr15,50692265,50775709,421,0.18044000799277388,0.19368374171895755,0.10876631624424472,0.20243219876537713,0.10940348687211224,0.14955914836157352,0.1628019314266696,0.06572008507354328,0.05247730200844716
AP4E1,ENSG00000081014,chr15,50898671,51015895,601,0.36977363063694274,0.4083277454699054,0.24665234078333406,0.3738074074074074,0.28324863024720376,0.35162508514481516,0.32993672882454117,0.17317733636429625,0.19486569268457019
TNFAIP8L3,ENSG00000183578,chr15,51046597,51115276,298,0.32703130044238704,0.4200309378287144,0.37415329013600424,0.323343047475503,0.35044440821466527,0.23609358345355402,0.2519522573350146,0.30868693449479456,0.292828260613334
CYP19A1,ENSG00000137869,chr15,51198056,51348601,1043,0.29987862777688423,0.47309712704243045,0.3582964222795346,0.3288221022547555,0.3733605081815404,0.2768059102154153,0.2860381130809341,0.3639331389993141,0.3547009361337954
GLDN,ENSG00000186417,chr15,51331654,51418005,712,0.2687750869847842,0.43556863551018443,0.36211408064049805,0.31072748122177785,0.42123835216707334,0.21768742788376796,0.19859524970617826,0.3542490612785269,0.37334123945611664
DMXL2,ENSG00000104093,chr15,51437710,51632833,853,0.3804458225892202,0.45148966464065565,0.3490159785777591,0.41361139443846606,0.3059482668829669,0.32501705152007887,0.38455646920196973,0.2755321049719852,0.21599268729009435
SCG3,ENSG00000104112,chr15,51671491,51731026,370,0.47340869489959575,0.5355222732614038,0.4599701806939398,0.4776826698688177,0.33874674447913494,0.3960206481815608,0.5013516320304173,0.37082102474352696,0.2654900408946702
LYSMD2,ENSG00000140280,chr15,51713010,51761585,279,0.2117332673954731,0.2625598250440305,0.2639571621999385,0.29465667772863774,0.2973876848606101,0.11801105379754576,0.15034545708627806,0.18655925896468661,0.1542248556759543
TMOD2,ENSG00000128872,chr15,51741596,51826363,474,0.2741504541383563,0.3329603495815118,0.2512968245287956,0.34391640129768647,0.30616172318621815,0.217952821613193,0.23042823694048187,0.18695296731537833,0.17447755198808948
TMOD3,ENSG00000138594,chr15,51819627,51957295,639,0.3242181429787069,0.4072617367416384,0.3099369386877073,0.35942813165380416,0.3332861316549839,0.27195750704748667,0.28150100196909145,0.2510448476771771,0.24150135275557225
LEO1,ENSG00000166477,chr15,51928024,51981778,167,0.2571445114717368,0.4005626002653746,0.3182457677765935,0.288797598846931,0.3268754006012547,0.2129657159087112,0.22836856157012775,0.2987980148510393,0.2833951691896227
MAPK6,ENSG00000069956,chr15,51942105,52077375,611,0.35607939089509055,0.3139203668030503,0.3245717216557363,0.40666284833950267,0.3650191648972695,0.21226655500268624,0.22229680106620472,0.16449501961324187,0.15446477354972338
BCL2L10,ENSG00000137875,chr15,52099262,52122775,169,0.2955797399708405,0.331431923879016,0.2639242323238038,0.2774418896205587,0.22525233419880672,0.22328748690652842,0.23617829548303437,0.17932956658075697,0.166438758004251
GNB5,ENSG00000069966,chr15,52105099,52201392,624,0.32931524829428604,0.3405051339669364,0.26355838374230683,0.38978946626619976,0.3068179325525185,0.25490592220760955,0.27188487243706505,0.16137516928269194,0.14439621905323646
MYO5C,ENSG00000128833,chr15,52182321,52305804,657,0.4642153921706017,0.4266365294175186,0.43056675786374154,0.6420543063189882,0.4916570175246885,0.30857237957156347,0.45350526755054366,0.24766305468322986,0.10273016670424961
MYO5A,ENSG00000197535,chr15,52297282,52539050,1684,0.45290373885095975,0.4757324864854704,0.47539921056490164,0.5079197970797779,0.5344088543712531,0.30188300406041135,0.2952096824011845,0.34387019889839754,0.3505435205576244
ARPP19,ENSG00000128989,chr15,52537044,52579883,188,0.4915657772230824,0.48630972548406376,0.495551066840475,0.4759002644882655,0.4781645412912183,0.32913276709477174,0.3309025488742675,0.3370020068185183,0.3352322250390226
FAM214A,ENSG00000047346,chr15,52571316,52719817,864,0.5433307220569425,0.5103386631530216,0.5302792164460471,0.5806455873455878,0.5146693233639098,0.371110134243634,0.43007766312624685,0.34293114187949153,0.28396361299687867
ONECUT1,ENSG00000169856,chr15,52745052,52801078,377,0.4371512821085685,0.5010889117716036,0.43788169191045917,0.4322138932509997,0.4071450057639095,0.34701441722598453,0.36926622190872793,0.3483129617835718,0.3260611571008285
WDR72,ENSG00000166415,chr15,53503740,53772878,2055,0.3784179320953142,0.4037688912570908,0.4314647044904181,0.41322191854770196,0.4466126504307515,0.21396118348694415,0.22926921772671277,0.3031657372446205,0.2878577030048518
UNC13C,ENSG00000137766,chr15,53968200,54638707,5465,0.3786671125748727,0.45602542908723337,0.3928398350542828,0.3870252567150564,0.3974029685147503,0.29288920418845565,0.29588887255114255,0.3159635736759534,0.31296390531326646
RSL24D1,ENSG00000137876,chr15,55170805,55207049,272,0.42214919999982675,0.34066420959218424,0.42122048455095973,0.33679676213976273,0.3860270880724579,0.20906411386157564,0.16969582633770147,0.20745821500858574,0.24682650253245988
RAB27A,ENSG00000069974,chr15,55192965,55329113,952,0.39590760890721627,0.32575638866531265,0.21794217646663402,0.381808264389429,0.2069919386593328,0.3261826607756505,0.321599259148098,0.06798113144890872,0.07256453307646124
PIGBOS1,ENSG00000225973,chr15,55307183,55329161,128,0.31722446619847955,0.3094780158709644,0.11384374011678987,0.35958927227553344,0.08561179291679256,0.315517305573188,0.3632264757894307,0.05479016308085094,0.00708099286460831
PIGB,ENSG00000069943,chr15,55308959,55365648,320,0.32534758644787476,0.29986256277091705,0.23514250109123558,0.30472080621031716,0.18458212062028567,0.24098527474629788,0.2579329295016774,0.11549334956570362,0.0985456948103241
CCPG1,ENSG00000260916,chr15,55330031,55418510,578,0.4036532783729568,0.3533931575867303,0.33705131331483934,0.37710591633241286,0.32501328087814035,0.27094608876730286,0.25816667636932417,0.16507074283710144,0.17785015523508013
C15orf65,ENSG00000261652,chr15,55398494,55428798,214,0.5114855195296663,0.48874088197853804,0.46120893926597906,0.5029266544008546,0.5581123142201491,0.38441873829491857,0.2765984451870203,0.28645999872843864,0.3942802918363369
DNAAF4,ENSG00000256061,chr15,55400524,55518234,789,0.46292073503858855,0.4352301631092901,0.466426745699381,0.47937667786887433,0.42783256937854236,0.28239383938383095,0.33287093423709463,0.28894315978391294,0.23846606493064937
PYGO1,ENSG00000171016,chr15,55528883,55598947,513,0.5354114788851543,0.48909813884169,0.4289652025330648,0.5618763821257253,0.48003264651555727,0.4389378979098526,0.4214213422242947,0.23263986184079738,0.25015641752635515
PRTG,ENSG00000166450,chr15,55601543,55753152,938,0.47109431809690694,0.4568298315177757,0.4335166890798891,0.5241197141439493,0.43265860417812474,0.3394850607629087,0.3930637658125557,0.2708475615935767,0.21726885654392963
NEDD4,ENSG00000069869,chr15,55816921,56003660,1075,0.337743370789619,0.3871343634523568,0.3546444117127764,0.34585864401532285,0.3626816913372469,0.2318789416820253,0.23177765934134276,0.25773061536075115,0.25783189770143367
RFX7,ENSG00000181827,chr15,56077279,56255082,1016,0.36768169122985034,0.3477648175577486,0.2837487021431182,0.3595805627041872,0.270910790084407,0.27599411619927483,0.27851141894057824,0.15135595662890028,0.14883865388759693
TEX9,ENSG00000151575,chr15,56234008,56455997,1222,0.3762465347669912,0.3741116684568391,0.332934971850733,0.42499298856437295,0.3202436263498058,0.26785782000863034,0.31796776665873905,0.20072548790210337,0.15061554125199467
MNS1,ENSG00000138587,chr15,56411543,56475137,304,0.3208364411415061,0.288187450036929,0.2758283018985775,0.33249167389181444,0.25165992603749904,0.2020536052885324,0.22712316498962887,0.1378870694677004,0.11281750976660396
ZNF280D,ENSG00000137871,chr15,56620175,56744086,536,0.516917124381299,0.4007025093229581,0.43375008370774015,0.522392638434964,0.40720386003311226,0.3354222317601061,0.36402937271436375,0.17657492685652576,0.14796778590226806
RP11-566D24.2,ENSG00000285253,chr15,56642487,56928571,1254,0.5510282475742093,0.4802291041329474,0.45799498936301686,0.5703368037800403,0.49046396504937695,0.4213412109535736,0.4124330442299656,0.23302593841017483,0.24193410513378288
TCF12,ENSG00000140262,chr15,56908622,57309281,2032,0.4443468212343353,0.45114518421204436,0.4500590841234615,0.45560855774559156,0.4642782445853267,0.29479392545944144,0.2919338433766262,0.3051273991034485,0.30798748118626373
CGNL1,ENSG00000128849,chr15,57365966,57560717,1795,0.4264520258243279,0.46276537439422066,0.4359978116156087,0.44412220523459967,0.4583362663762823,0.3022684538333313,0.29770863771539885,0.31905190686994217,0.32361172298787455
MYZAP,ENSG00000263155,chr15,57581903,57695364,869,0.4982119652436159,0.37576612293412587,0.3685704420883888,0.45953098930014263,0.36457671344177467,0.3505193885803794,0.3165421233683666,0.12071078926324214,0.15468805447525502
GCOM1,ENSG00000137878,chr15,57581907,57724745,1020,0.4819553937614024,0.3708754055651436,0.377998867518593,0.4471496498405692,0.35913615892801526,0.3231532605003986,0.3055778130542019,0.1402726980349649,0.15784814548116155
POLR2M,ENSG00000255529,chr15,57696694,57792762,666,0.35368117223390605,0.36163699235790797,0.38611912272846904,0.3288356434359158,0.3847474448014383,0.1986780774248609,0.18093348631017742,0.2501701025233661,0.2679146936380496
ALDH1A2,ENSG00000128918,chr15,57943423,58507866,4800,0.4045662689958993,0.4679986078091966,0.4507864201664774,0.4347256612317871,0.4421750307752842,0.2751532366250117,0.3089216210248869,0.3559559361188988,0.3221875517190236
AQP9,ENSG00000103569,chr15,58128168,58195911,556,0.44408427303826215,0.64060744020543,0.5771889295664735,0.5139431210303627,0.5330154736921806,0.37482436565406163,0.49165523874661243,0.6485156409331068,0.5316847678405558
LIPC,ENSG00000166035,chr15,58400568,58579844,1590,0.5693592807834871,0.6760649645697377,0.6181103922351681,0.5665467484236897,0.5999632213436401,0.5035348643984852,0.5234924149215314,0.6236774268270144,0.6037198763039682
ADAM10,ENSG00000137845,chr15,58578808,58759791,1126,0.37893867467260817,0.4947262043180927,0.3670114046939272,0.3289810011996579,0.4203420213195102,0.3508387012252428,0.2681478069523929,0.3318161257352636,0.4145070200081134
MINDY2,ENSG00000128923,chr15,58761191,58871900,559,0.3964666633083223,0.470919988295194,0.384612085385645,0.37984895315363465,0.4174310080963525,0.32803357709901915,0.2870500774252651,0.3085820306023298,0.34956553027608384
RNF111,ENSG00000157450,chr15,58855174,59107419,1244,0.40657197516922144,0.4067168295354943,0.40702754464461616,0.4146864984885344,0.3786260022489279,0.26065774303422146,0.2909345099254603,0.2614257290648991,0.2311489621736602
SLTM,ENSG00000137776,chr15,58869049,58943679,305,0.47657165906483384,0.5725014644690297,0.5457755916213175,0.5655135020329644,0.5630473824473016,0.3539978236933776,0.427732154742872,0.4958065925763613,0.4220722615268668
CCNB2,ENSG00000157456,chr15,59095125,59135045,247,0.16722229506119332,0.235870437752634,0.2875812827741922,0.18705499773629308,0.21386744405139566,0.05645849945652048,0.11773994259378197,0.2125594206434419,0.15127797750618044
MYO1E,ENSG00000157483,chr15,59122433,59382871,2110,0.4899360596605973,0.5116648770856735,0.47849134107858426,0.5426704205913567,0.49329255222991675,0.36947158431981864,0.40964144059698515,0.3472817972149995,0.3071119409378331
LDHAL6B,ENSG00000171989,chr15,59196842,59218588,195,0.33808330819641624,0.48175408000739584,0.3801107510665806,0.32118213587499017,0.38570038262075224,0.2958532634344868,0.2787176677225147,0.3614521369253574,0.3785877326373294
FAM81A,ENSG00000157470,chr15,59362692,59533555,1168,0.45851932745724727,0.5683890913432742,0.5094396905859212,0.5377399033696966,0.5529653231516586,0.3707358120260692,0.4033696135269225,0.46949495896858867,0.43686115746773535
GCNT3,ENSG00000140297,chr15,59584874,59650239,547,0.4368660609142741,0.41552522764484223,0.3455927636715556,0.41617753862661283,0.32177867085464623,0.34362700047515016,0.3434592033974561,0.19341465959534965,0.1935824566730437
GTF2A2,ENSG00000140307,chr15,59628061,59667541,268,0.48568395724774616,0.4917082054946132,0.42987460879243594,0.5287214773056558,0.4207739881551664,0.3898589866082936,0.44147154257448795,0.2868406110664608,0.23522805510026656
BNIP2,ENSG00000140299,chr15,59649145,59699534,409,0.40394113194736087,0.35708169868420586,0.25506213126515415,0.4395794134366377,0.3028133985156707,0.3323495022831514,0.3300515840046606,0.10938811914084678,0.11168603741933758
FOXB1,ENSG00000171956,chr15,59994233,60071730,556,0.5301305714871942,0.5409539579387491,0.4492896387793669,0.5251683985584052,0.5302048606607694,0.4686794653733584,0.38397063624613875,0.3099252990772592,0.3946341282044789
ANXA2,ENSG00000182718,chr15,60337133,60412883,472,0.5995519382264688,0.5873403500587966,0.5094489024788593,0.5738332944769384,0.5152533695956486,0.5440387456107465,0.5069639317898621,0.3410933723130151,0.3781681861338995
ICE2,ENSG00000128915,chr15,60409608,60489160,459,0.6096138537448157,0.7755063580427776,0.7028747826596214,0.540154178631581,0.7029543625704104,0.6104625911897574,0.5284512095593068,0.8834453019143556,0.9654566835448062
RORA,ENSG00000069667,chr15,60478283,61239302,5198,0.46177859248594094,0.5708480859265842,0.5209088328538768,0.47561040247373343,0.4993301248587223,0.3647826022082012,0.39982817396575737,0.4811617084695524,0.44611613671199624
VPS13C,ENSG00000129003,chr15,61842388,62070473,1112,0.31948551481697485,0.404861080978167,0.3474812103029634,0.3561267527699865,0.37274673880899445,0.2384756253200463,0.24640446105044603,0.2804847980204367,0.272555962290037
C2CD4A,ENSG00000198535,chr15,62056976,62080917,134,0.3620093368060431,0.3121302856732443,0.283503865832102,0.43612812189284167,0.3380880343904611,0.24510251538076896,0.267230666554185,0.12905331231165365,0.10692516113823763
C2CD4B,ENSG00000205502,chr15,62153534,62175285,111,0.40835247702025673,0.5418117882513708,0.45288580733658734,0.43550736377428206,0.4625726598539304,0.35111086088370075,0.36567073380392057,0.42936437571547365,0.4148045027952539
TLN2,ENSG00000171914,chr15,62380525,62854631,3280,0.523561752923555,0.5212449244584828,0.5201341137784953,0.535311552756638,0.5395618780382079,0.3718673401260281,0.3636887185167969,0.3646987967641506,0.3728774183733819
TPM1,ENSG00000140416,chr15,63032631,63081915,330,0.39981854280596135,0.5442691693562417,0.43038490275786234,0.44934132259596,0.4490736351507967,0.36679087700769536,0.39316946578929207,0.41906205042202205,0.39268346164042545
LACTB,ENSG00000103642,chr15,63111832,63152061,226,0.48680929392991357,0.5289088099707567,0.43762214432747853,0.41862225073115944,0.41000488641375665,0.4221150182571541,0.3837085663344721,0.3305885760445335,0.3689950279672155
RPS27L,ENSG00000185088,chr15,63115871,63168021,293,0.4000185262949957,0.4680549216291247,0.42583020470188615,0.3844890808842301,0.36513097559742347,0.2936207083668462,0.3310905311226822,0.33759432274783535,0.3001244999919994
RAB8B,ENSG00000166128,chr15,63179559,63277776,534,0.5143482855420077,0.4998929769479783,0.4435606485016876,0.50768194200003,0.45405418279345927,0.41449980501387335,0.3981639626593689,0.2784333523466275,0.2947691947011321
APH1B,ENSG00000138613,chr15,63266017,63319126,244,0.4717313661625535,0.546412515847865,0.481486659732935,0.562569329358908,0.5652873245305036,0.3859639722955239,0.39216709488090645,0.40460314691094207,0.3984000243255595
CA12,ENSG00000074410,chr15,63311377,63391846,416,0.4185358597113079,0.5477923067517791,0.5116277402223511,0.46303338769799546,0.47054381019030994,0.3095711731788322,0.3897641055424496,0.48404253317133455,0.4038496008077172
USP3,ENSG00000140455,chr15,63494510,63604640,509,0.40577841169225404,0.4259495750108424,0.3254476206373521,0.500405020683091,0.35801304776005166,0.34091753661582636,0.4029041445911378,0.2141205014920236,0.15213389351671214
FBXL22,ENSG00000197361,chr15,63587352,63612428,123,0.2551648784386533,0.32470287693063493,0.2625962144502928,0.35239664314675895,0.23160596209598025,0.19128762076123842,0.28181338453865135,0.20131488187520252,0.11078911809778966
HERC1,ENSG00000103657,chr15,63598617,63843948,1324,0.3816252634518068,0.39468792482272275,0.31112311209263693,0.4643360865607955,0.3126051804300993,0.3049895282307908,0.37570650904179004,0.1970215989740838,0.12630461816308453
DAPK2,ENSG00000035664,chr15,63897035,64082033,1299,0.48914468215077156,0.7505414461332134,0.7026749686454528,0.504280695172717,0.6897383916933517,0.4236010008178578,0.45993424243539227,0.9648614935380105,0.928528251920476
CIAO2A,ENSG00000166797,chr15,64062564,64103857,208,0.5481676275564831,0.7053548318659171,0.6180174383236348,0.5721383937116495,0.6110407343703846,0.5270235851880798,0.5633291477630445,0.6949598813071333,0.6586543187321685
SNX1,ENSG00000028528,chr15,64084122,64156090,354,0.3939333184051191,0.6487747242893824,0.5103142001465031,0.4795566736743207,0.5830286705967286,0.41655069761999625,0.41233195813359047,0.629776752627602,0.6339954921140079
SNX22,ENSG00000157734,chr15,64141714,64167481,127,0.2434960279490509,0.5978028164349992,0.47504674079056036,0.41004402269821305,0.5464402664231138,0.2727071245073614,0.32394593128367943,0.6381056797340867,0.5868668729577686
PPIB,ENSG00000166794,chr15,64145739,64173134,119,0.3000468960537018,0.6050956142428869,0.4380175776644296,0.4369643560705767,0.40363197538133383,0.35478441937091487,0.49331331768952535,0.5743271853860807,0.4357982870674702
CSNK1G1,ENSG00000169118,chr15,64155524,64366173,903,0.3469333765492317,0.7633413333543172,0.7489478340516341,0.45693705647344807,0.7538648729124922,0.24255900014847387,0.32489592600333606,1.1985774009433086,1.1162404750884465
CTD-2116N17.1,ENSG00000259316,chr15,64171179,64391440,946,0.36506342471323494,0.7864309540300528,0.763934843528278,0.49443636384405804,0.7714647222036387,0.27718891973383497,0.37490588360266763,1.2666061785346157,1.1688892146657828
PCLAF,ENSG00000166803,chr15,64354303,64397687,186,0.4455213530265798,0.8707720063615152,0.8240647778442673,0.7069418716203714,0.8928603541031833,0.44913230799766457,0.5199695738780872,1.5970447340767946,1.526207468196372
TRIP4,ENSG00000103671,chr15,64377747,64465303,363,0.4024055710845554,0.8450005136770175,0.7668047188699199,0.6510117983013072,0.8363629535753262,0.46164869187475,0.5534731020880058,1.4026847842389059,1.3108603740256501
ZNF609,ENSG00000180357,chr15,64450741,64696068,945,0.37873196332280995,0.8298710719045364,0.7393171682635096,0.5771072766996996,0.7985009144451372,0.4513702916146414,0.5149325171675048,1.3198284371960685,1.2562662116432048
OAZ2,ENSG00000180304,chr15,64677572,64713281,150,0.2587179127919013,0.8151727445815948,0.7983879483609748,0.4167788695280311,0.768964529672352,0.19314886081983562,0.3811692412846319,1.495184783799382,1.3071644033345857
RBPMS2,ENSG00000166831,chr15,64729890,64785589,303,0.43927396888245834,0.8784239777505517,0.8184215141091699,0.6697271780940877,0.8476866269472807,0.4898355377847171,0.6666182658707296,1.6173799765575758,1.4405972484715632
PIF1,ENSG00000140451,chr15,64805631,64835668,223,0.4344444287071058,0.7599230899183652,0.6343470807754851,0.4859067185717301,0.5867454295626806,0.49533598180544924,0.6042275071573084,0.9314599664971319,0.8225684411452727
PLEKHO2,ENSG00000241839,chr15,64831882,64878002,288,0.48734615812461407,0.6712848296484659,0.612449826957914,0.40820467869243665,0.554070668782516,0.41640406039738187,0.41478165100739073,0.6961595864041784,0.6977819957941696
AC069368.3,ENSG00000249240,chr15,64831882,64940920,756,0.46299419476497805,0.6245344087828376,0.5461331118780371,0.4059242982355858,0.5123311152234272,0.40569174934433627,0.39110917600848505,0.5738966972071161,0.5884792705429673
ANKDD1A,ENSG00000166839,chr15,64901901,64968691,0,,,,,,,,,
SPG21,ENSG00000090487,chr15,64953021,65000310,259,0.44695140932109545,0.5108117494415015,0.49605142767486926,0.5552095476605461,0.5309630753375305,0.3110181259376774,0.3840430557255387,0.4039897671844285,0.33096483739656735
MTFMT,ENSG00000103707,chr15,64991511,65039639,283,0.4041729931856582,0.49305264276315247,0.40009616529303194,0.42340583808010673,0.4311350771314524,0.3430835558172013,0.3329262322787292,0.3362645568446407,0.3464218803831127
SLC51B,ENSG00000186198,chr15,65035386,65063397,137,0.546664148596441,0.6644979772536447,0.6168186713566933,0.5366585407169001,0.500957912595106,0.46200118449995875,0.5831767269530028,0.6301261090383772,0.5089505665853328
RASL12,ENSG00000103710,chr15,65043336,65086690,221,0.47078004147240726,0.5809327367662313,0.548304753484736,0.47116861042349223,0.5231927727173332,0.3556637060857266,0.38308323295122293,0.5140601330807892,0.4866406062152927
KBTBD13,ENSG00000234438,chr15,65066745,65089948,114,0.5121290345425895,0.6655708357459951,0.6983079259460578,0.5481209713065176,0.5198175202980586,0.30734305346083124,0.5780409386107744,0.7879871344354066,0.5172892492854633
UBAP1L,ENSG00000246922,chr15,65082759,65125200,160,0.5318832771686551,0.7886531127762852,0.7708092258578441,0.5958630650658339,0.7735122207038184,0.4200457695790878,0.4875958503393494,1.1342087105625147,1.066658629802253
PDCD7,ENSG00000090470,chr15,65107378,65143808,132,0.28707773671658166,0.6981264195889424,0.7035859615828579,0.5195023618373734,0.7142275942622412,0.16006591286108807,0.3390601770081838,1.037681044297335,0.858686780150239
CLPX,ENSG00000166855,chr15,65138218,65195342,217,0.6155041142565278,0.8528870133276114,0.78634006494703,0.6294825008204973,0.7293612011547085,0.6645034722758115,0.8012193910031042,1.2520508983432548,1.115334979615962
CILP,ENSG00000138615,chr15,65184759,65221473,206,0.475164855700207,0.5481189746323692,0.5113428546011198,0.5899856603218531,0.5706803256094074,0.36145662950025187,0.42017301064104323,0.4328797225108543,0.374163341370063
PARP16,ENSG00000138617,chr15,65224459,65310618,498,0.4766063297849689,0.5440557974438878,0.44811635204465544,0.42459175725311094,0.3892724826924819,0.41919409235347754,0.4224779806781724,0.36619074741675683,0.3629068590920621
IGDCC3,ENSG00000174498,chr15,65317126,65388002,354,0.43699938613054623,0.5396195334208249,0.5460225069406828,0.39856993117303324,0.48445737106985176,0.28023446682978903,0.31080587855976244,0.4954675632698887,0.4648961515399153
IGDCC4,ENSG00000103742,chr15,65371483,65432947,323,0.3598550901613963,0.39504732120390484,0.4361212900102703,0.2739391352035435,0.35538655267256525,0.1878748218452132,0.19181101221428223,0.3147302190311395,0.3107940286620704
DPP8,ENSG00000074603,chr15,65432462,65527704,484,0.548275138757787,0.6514635728255825,0.6338823213035096,0.5171386040373971,0.609601569381813,0.4219470282135658,0.42072535782214815,0.6320655004223287,0.6332871708137464
HACD3,ENSG00000074696,chr15,65520417,65588349,335,0.5856959454381311,0.7139874551855224,0.6764641548286305,0.601537291304176,0.6106014395510553,0.5022146913034288,0.6143545437773621,0.7495049148331244,0.6373650623591913
INTS14,ENSG00000138614,chr15,65568752,65621289,229,0.33029947350625516,0.4582215557378956,0.46377088884777284,0.17019073366318888,0.4469023373539562,0.19531450718983046,0.10361842591262987,0.4175836283478621,0.5092797096250627
SLC24A1,ENSG00000074621,chr15,65601365,65670995,280,0.26583583601264427,0.5260925452390047,0.5142186755388353,0.22538988949010816,0.45191705131831966,0.16688456608925395,0.20040502080950473,0.579858653380489,0.5463381986602383
DENND4A,ENSG00000174485,chr15,65648045,65802293,691,0.3544419651601993,0.5355346514568847,0.44745683122575836,0.2667563656705948,0.4297059953366626,0.3056423869046351,0.25777116105988657,0.46122593608289675,0.5090971619276453
RAB11A,ENSG00000103769,chr15,65716053,65901989,869,0.36227041422353656,0.514276485531914,0.3824015857139762,0.4034393769215934,0.39497839379812993,0.3450199008262137,0.3680995098372772,0.3770958164120175,0.354016207400954
MEGF11,ENSG00000157890,chr15,65885078,66263750,2297,0.5236647914757384,0.5448831276370713,0.5759330958297031,0.5274937957553413,0.5668411172660942,0.33548522017153387,0.3501273742865949,0.4517158105070275,0.43707365639196644
DIS3L,ENSG00000166938,chr15,66283216,66343898,273,0.4110993131035102,0.3634090863291033,0.3358715439756514,0.4148906261406552,0.31062063467921774,0.2859230348648599,0.30781048305430736,0.16570500258683019,0.1438175543973828
TIPIN,ENSG00000075131,chr15,66326190,66396746,305,0.5411071735917028,0.3597094683221209,0.38257279768486213,0.5005920174405863,0.3974232821352704,0.3712888656602343,0.3168124388424172,0.07454438422823667,0.12902081104605367
MAP2K1,ENSG00000169032,chr15,66376836,66501544,667,0.5148206302702023,0.4969408958251646,0.5169649943718451,0.5136770191699783,0.49944236575714646,0.34130904092132786,0.3579486925663489,0.3457385715343529,0.3290989198893318
SNAPC5,ENSG00000174446,chr15,66480134,66507780,159,0.46874809394477496,0.4814671306669209,0.4471610392317176,0.3189380990280797,0.43943536719714377,0.3482911505143751,0.23102160481976325,0.3084607096867464,0.4257302553813582
RPL4,ENSG00000174444,chr15,66488014,66534532,269,0.4579631602931151,0.45308800834372226,0.4068826954942606,0.3985111394473889,0.41324933059011937,0.34676280399681614,0.2893296710419408,0.2567045782752864,0.31413771123016176
ZWILCH,ENSG00000174442,chr15,66494958,66560130,388,0.43651077073140776,0.4361753929742724,0.38873347293731186,0.373917428020587,0.3547356404014671,0.32719845777582923,0.30159494122311864,0.24581359852353413,0.27141711507624466
LCTL,ENSG00000188501,chr15,66537178,66575979,252,0.32806755265792176,0.3587846832522758,0.34683763115644467,0.31031230892939027,0.2774493654436308,0.2080289545960453,0.2454692986872518,0.23636101630698417,0.19892067221577764
SMAD6,ENSG00000137834,chr15,66692235,66792849,663,0.2974327439764257,0.35048254660981726,0.3320588306617674,0.28659666611177653,0.307725742804897,0.1904922681301955,0.20073041378397966,0.24103330306202195,0.23079515740823783
SMAD3,ENSG00000166949,chr15,67053762,67205173,992,0.4742287693289575,0.47248670261572295,0.45060808474206065,0.487861795527961,0.41396978260989536,0.3417635340769724,0.38717902008682425,0.29781767156124145,0.2524021855513897
AAGAB,ENSG00000103591,chr15,67190666,67265195,351,0.35941046806646554,0.4558037945103389,0.35653881409147636,0.3759831287743569,0.3781364068346503,0.3064591186739036,0.30249439258404665,0.3019863066227552,0.30595103271261204
IQCH,ENSG00000103599,chr15,67244785,67512260,1066,0.5428777239023191,0.5112659301236858,0.48232901213520274,0.5278396369804171,0.4944644620319336,0.4201628630165758,0.3921182101855327,0.2957738988006179,0.3238185516316611
C15orf61,ENSG00000189227,chr15,67511130,67540146,148,0.4933510991085845,0.36652041871389457,0.3266109342167409,0.5409222984998007,0.3759957087774284,0.3705162600363303,0.3817326382951316,0.08601125129663434,0.074794873037833
MAP2K5,ENSG00000137764,chr15,67532702,67817117,1489,0.5864436589947819,0.5888816839530573,0.5811871954319012,0.5812112072138249,0.5709736310096752,0.45075226307345073,0.45651294859955277,0.4381219692465697,0.43236128372046767
SKOR1,ENSG00000188779,chr15,67809703,67844582,218,0.38241826591343653,0.42690279375954393,0.37825403769259924,0.32834160671530704,0.31860380242013664,0.28171004910279424,0.2855469946079974,0.2749898831538854,0.27115293764868237
PIAS1,ENSG00000033800,chr15,68044308,68208603,813,0.48938699450107254,0.37936376977386443,0.4038632423342915,0.519361262684876,0.38711296387859434,0.3159341368691423,0.36003743292155843,0.16107601245026482,0.11697271639784862
RP11-315D16.2,ENSG00000260007,chr15,68174031,68239718,346,0.31369895543989884,0.32231908304830853,0.2719552586550997,0.4186777031941584,0.3293945181195508,0.2240624290271995,0.2659772018030281,0.16501629675781487,0.12310152398198626
CALML4,ENSG00000129007,chr15,68180704,68216079,183,0.32032029364451253,0.29306386165864046,0.30523691326116453,0.4250989553872363,0.33853092744601393,0.18438209137537406,0.2435401220607465,0.16243285345425165,0.10327482276887923
CLN6,ENSG00000128973,chr15,68196991,68267211,388,0.5043204610528119,0.4238395669544397,0.3440375209543244,0.5153598100560975,0.4239417940179548,0.4157715455604968,0.36208554795569264,0.13559758191492832,0.18928357951973257
FEM1B,ENSG00000169018,chr15,68267744,68305862,204,0.4733655825779926,0.29611375254372113,0.3907521669670278,0.40039148572536964,0.35178142489654773,0.24842852459162365,0.2145447484404064,0.10270999160576266,0.1365937677569799
ITGA11,ENSG00000137809,chr15,68286531,68442163,0,,,,,,,,,
CORO2B,ENSG00000103647,chr15,68568992,68737806,1229,0.5850210528018903,0.7395301100766635,0.7034092063642965,0.5563881408541603,0.6891485587132301,0.5046968052168341,0.4948165692441787,0.8405712049593854,0.8504514409320407
ANP32A,ENSG00000140350,chr15,68768534,68830897,366,0.6601614606988185,0.5227546032415193,0.5736567330735253,0.7279961316279323,0.5602560825948106,0.4832493270309376,0.6100503626009643,0.2564751347381543,0.12967409916812733
SPESP1,ENSG00000258484,chr15,68808220,68956811,796,0.5724431675252413,0.40599004408228534,0.46311509828223857,0.6651380058880351,0.5423817592284317,0.3742778568839902,0.41658800549022384,0.14658134207172924,0.10427119346549563
NOX5,ENSG00000255346,chr15,68920524,69072762,0,,,,,,,,,
GLCE,ENSG00000138604,chr15,69150583,69282217,581,0.3694731934380776,0.43099091429712394,0.3554801063506067,0.4729048479344128,0.44178230593812434,0.29290444749074507,0.3106134048595305,0.27095442964917826,0.25324547228039285
PAQR5,ENSG00000137819,chr15,69288911,69417780,914,0.5363456751636465,0.5973087507532744,0.588534181463493,0.6325534702260782,0.6468752500683793,0.3950859038502236,0.43491436222701263,0.5144992377149162,0.4746707793381272
KIF23,ENSG00000137807,chr15,69404245,69458427,244,0.7422019024881246,0.7781409453224607,0.8366346842934931,0.779164333347093,0.8377640895804505,0.52476258526053,0.5986728327850912,0.9809504023165052,0.907040154791944
RPLP1,ENSG00000137818,chr15,69442813,69466205,117,0.6956304175576461,0.7646430520793563,0.8002700632548748,0.774318391110158,0.8238376761830921,0.5126877164867071,0.5994663292877183,0.9339642734326905,0.8471856606316794
TLE3,ENSG00000140332,chr15,70037789,70108176,486,0.46265420437508636,0.5391944342706414,0.5019478146781815,0.47863897140266226,0.5173340864148475,0.34942106281262836,0.3488305301790965,0.4253580284550444,0.4259485610885762
UACA,ENSG00000137831,chr15,70644553,70773558,618,0.43028465033706975,0.4685911829595562,0.455857958978972,0.43065076868832824,0.5073203701247692,0.29314856087581365,0.24379438469099968,0.3390750928210731,0.38842926900588715
LARP6,ENSG00000166173,chr15,70819129,70864157,200,0.40042376148880315,0.3248324847570557,0.3142493949384607,0.39771712607681675,0.2781067026982762,0.2635426618893847,0.2869722816430852,0.1292517862791963,0.10582216652549586
LRRC49,ENSG00000137821,chr15,70843238,71063658,834,0.46644182510577353,0.3428221872502733,0.3421712403334712,0.5190589950834593,0.3785764855472533,0.31458859940045714,0.33803443965493707,0.10521205425971952,0.08176621400523959
THAP10,ENSG00000129028,chr15,70871341,70902433,115,0.4112925677903058,0.44808789190607373,0.4153112555930205,0.4473367585598712,0.33415740156920737,0.293758386953596,0.39033546219658555,0.3006080828965319,0.20403100765354237
THSD4,ENSG00000187720,chr15,71086951,71793383,4846,0.48369241748667285,0.5117454593436055,0.4687992228206817,0.4820680088995214,0.46076626417275124,0.37267789630061193,0.3786117955834958,0.34424051310849324,0.3383066138256095
NR2E3,ENSG00000278570,chr15,71782637,71828259,0,,,,,,,,,
MYO9A,ENSG00000066933,chr15,71812290,72128577,0,,,,,,,,,
SENP8,ENSG00000166192,chr15,72104257,72153692,199,0.55195681032778,0.5753862974672884,0.5477631041813626,0.5468466359802757,0.5063877854823093,0.43294598682527446,0.47104752828308416,0.42362947178168986,0.38552793032388016
GRAMD2A,ENSG00000175318,chr15,72149805,72207787,232,0.6443358644009481,0.6258824663546304,0.6384211505856245,0.6224274905167066,0.6368856712847607,0.499839279396201,0.472070190661406,0.4833459904571997,0.5111150791919947
PKM,ENSG00000067225,chr15,72189028,72241822,214,0.6510710017215293,0.541582427793043,0.5663512228416413,0.6392302140368343,0.5977161109094714,0.4986706297997892,0.44444638439362705,0.28130415073172865,0.33552839613789076
PARP6,ENSG00000137817,chr15,72231180,72282999,213,0.692576145674269,0.5861484523081479,0.5736619599922906,0.6749240455858965,0.5821898264841482,0.6046265371433845,0.5666081440169001,0.2776214127732458,0.3156398058997303
RP11-106M3.5,ENSG00000273025,chr15,72256745,72329946,309,0.6723435562371429,0.4642180647764962,0.5181369720611713,0.6558734774151136,0.5132449270056536,0.5048611526649966,0.4853898581859611,0.11916688529665587,0.13863817977569126
CELF6,ENSG00000140488,chr15,72274726,72330157,241,0.6802602776244784,0.4045149087138728,0.540383879446683,0.6709650045581533,0.5726120535694431,0.44063162470508915,0.38995347614869225,0.07774730141872155,0.1284254499751185
RP11-106M3.2,ENSG00000260729,chr15,72274726,72385981,449,0.6503907074219534,0.45013484227877676,0.5753370569343096,0.6664743714606239,0.6265575014929933,0.3962808768496049,0.3555632642949241,0.20180132174414278,0.24251893429882365
HEXA,ENSG00000213614,chr15,72330923,72386420,206,0.6338033453719294,0.5226551087265374,0.6463273925022085,0.6862451774128564,0.6885104032066719,0.3523585788308162,0.3661350431375867,0.38715742803025976,0.3733809637234895
TMEM202,ENSG00000187806,chr15,72388301,72418367,114,0.517776963614259,0.47782395411824874,0.505786191301235,0.5758360873564785,0.5372725352213021,0.3371559959391638,0.36838439007388085,0.3125944993701924,0.2813661052354753
ARIH1,ENSG00000166233,chr15,72464329,72612987,512,0.7486053336163674,0.6397802359920405,0.7104622585111621,0.7822777216142944,0.7207895866724467,0.5811512771431072,0.6348931735774499,0.43988970106341974,0.38614780462907716
GOLGA6B,ENSG00000215186,chr15,72644737,72676394,8,0.16560913208718958,0.03033390202291008,0.0306186668206357,0.21971214282302043,0.09004639884352633,0.09037980183679999,0.09226710342020793,0.0,0.0
HIGD2B,ENSG00000175202,chr15,72665797,72696182,89,0.6414972550929112,0.6491360220914179,0.48425354598097453,0.6310006953739545,0.5381656533000239,0.7055178089179401,0.6358840841261264,0.3418388490324271,0.4114725738242408
BBS4,ENSG00000140463,chr15,72676178,72748475,301,0.595128324846203,0.5948801990770612,0.6014678268978065,0.5745010746209177,0.5985032397208407,0.44389525796389695,0.4227547463593022,0.4596771929053027,0.4808177045098976
ADPGK,ENSG00000159322,chr15,72741293,72795846,247,0.4985147665273658,0.5555756764159844,0.5542316361593882,0.5156552205352674,0.5380582226254803,0.3466003902235958,0.3818086709698294,0.4643750989535029,0.4291668182072692
NEO1,ENSG00000067141,chr15,73041709,73315205,1367,0.38719227838664394,0.3850985052192227,0.3284318473601965,0.4161315101222054,0.34336980898651137,0.2889287400746269,0.30186920551483687,0.19736445501791774,0.18442398957770773
HCN4,ENSG00000138622,chr15,73309858,73378958,402,0.43363618169671875,0.4963980810524095,0.421050790486035,0.4646787676664541,0.42434995447512464,0.35397362940654803,0.3793010407937583,0.33199553695278683,0.3066681255655766
REC114,ENSG00000183324,chr15,73433163,73570013,684,0.2703351834781415,0.27898880462260744,0.25806920830551383,0.3259795537231869,0.2939457154477707,0.17188565358401497,0.18676614645600992,0.15521496066452536,0.1403344677925304
NPTN,ENSG00000156642,chr15,73550013,73644134,448,0.29017648021384396,0.25145176706817635,0.2835029150309945,0.33496950455567237,0.2637446060293946,0.14948872055789428,0.19568190077165035,0.14013091718601803,0.09393773697226201
CD276,ENSG00000103855,chr15,73673965,73724514,345,0.3073595571188154,0.27834423628591737,0.21797798975834734,0.32660427053946023,0.2248834041499665,0.22378944923984645,0.23344366734567396,0.10241758610537488,0.0927633679995474
INSYN1,ENSG00000205363,chr15,73725457,73763351,275,0.4919522778351488,0.44239905429172793,0.3978279835449227,0.522520088942118,0.43839675299672287,0.3770397425901474,0.37319263497342586,0.20707198091362738,0.2109190885303489
TBC1D21,ENSG00000167139,chr15,73863563,73899214,283,0.4880225534820031,0.5452478773219055,0.5042419945819759,0.5830544757529466,0.46593277093542956,0.3779050674340637,0.5177844729981029,0.410097726369434,0.2702183208053947
LOXL1,ENSG00000129038,chr15,73915988,73962137,356,0.44082712579511735,0.3919185792375048,0.4042718562938252,0.4677947732124922,0.3733325374973305,0.28038611850571943,0.3304166738842354,0.21706037174837323,0.16702981636985725
STOML1,ENSG00000067221,chr15,73968925,74004622,215,0.2953304601821585,0.3325788923719957,0.26768639482050355,0.3442462423994428,0.3115518498587621,0.22140698801499387,0.22649437222218183,0.18292709849729302,0.17783971429010503
PML,ENSG00000140464,chr15,73984672,74057827,328,0.4516400881042655,0.4630700880832254,0.2919041826801077,0.42069522050690933,0.38247005525066685,0.4387676428363114,0.3428932715767722,0.1831200680010136,0.27899443926055284
GOLGA6A,ENSG00000159289,chr15,74059856,74092550,15,0.022901032029932974,0.01904163587090418,0.06064260881085847,0.01340480355742466,0.07332870691649318,0.0,0.0,0.029308596116785414,0.04094308601988283
ISLR2,ENSG00000167178,chr15,74090310,74148540,139,0.2728346227921201,0.45933927831017834,0.46361417826232204,0.3247004385277366,0.47234729198657077,0.15533155842455543,0.1841226293988274,0.4596317702522993,0.43084069927802726
ISLR,ENSG00000129009,chr15,74163709,74186872,173,0.47508897192467026,0.8205738491788112,0.7711752758612487,0.4151272422827019,0.7569372261184588,0.4438595537819571,0.419958497529316,1.2741320179645894,1.2980330742172304
STRA6,ENSG00000137868,chr15,74169465,74222267,334,0.4919445628760272,0.6637265045419627,0.6395825687600932,0.4472690727403493,0.5454048094452176,0.3732513983264337,0.4471832467166001,0.7165790772126556,0.6426472288224894
CCDC33,ENSG00000140481,chr15,74192704,74346472,805,0.44904533472717806,0.7060055473894882,0.6307613291139887,0.5382880831146839,0.6240588511930475,0.4119925457143961,0.509342926219014,0.8122018347788035,0.7148514542741857
CYP11A1,ENSG00000140459,chr15,74327758,74377646,43,0.38196736074447474,0.4845773204985888,0.3718632463239031,0.3178243696783023,0.37214393006418867,0.33949230552147025,0.28989589154352513,0.3232756725213408,0.3728720864992861
SEMA7A,ENSG00000138623,chr15,74399288,74443958,241,0.29814573347478257,0.5390208240794813,0.5278782758985953,0.290150863713546,0.5368124194081544,0.18895673299785382,0.17374102944824515,0.5854456755469044,0.6006613790965131
UBL7,ENSG00000138629,chr15,74435976,74471182,160,0.22705216012061685,0.41741329821663736,0.4076096131687644,0.2881128613524083,0.5153198942395132,0.13711577316360674,0.07792348610664956,0.40316148719159955,0.4623537742485567
ARID3B,ENSG00000179361,chr15,74531205,74608131,297,0.23635446786674125,0.48389017392863537,0.4354437329772725,0.2510024255943417,0.48456328591659664,0.17968601554025898,0.1438572398461439,0.4817496793842203,0.5175784550783354
CLK3,ENSG00000179335,chr15,74588499,74655414,221,0.20556600046166906,0.5061562421914845,0.45086190972014234,0.18992144386181975,0.4996173057711519,0.168128060587668,0.1118890299149865,0.5374080309733793,0.5936470616460607
EDC3,ENSG00000179151,chr15,74620557,74706292,187,0.21289980749023066,0.4852499051641942,0.4662908679384891,0.25131129836430716,0.4804495803829952,0.1377845965766502,0.1493571651553734,0.526289152260974,0.5147165836822508
CYP1A1,ENSG00000140465,chr15,74709541,74735536,0,,,,,,,,,
CYP1A2,ENSG00000140505,chr15,74738844,74766607,0,,,,,,,,,
CSK,ENSG00000103653,chr15,74772079,74813197,175,0.2847890740726937,0.5212376987857047,0.4567428675273286,0.42674960172264237,0.4352319152833452,0.23077814610136504,0.3608218026095694,0.5057728982736205,0.3757292417654161
LMAN1L,ENSG00000140506,chr15,74802715,74835757,164,0.26271942213612964,0.4184872095511664,0.3856397117438092,0.3528868475891925,0.47524631769503545,0.17986766699611503,0.16626506028405524,0.36225464465641943,0.37585725136847925
CPLX3,ENSG00000213578,chr15,74816626,74841802,115,0.27738646534941486,0.34249340655930993,0.3028722648749594,0.3488507072122463,0.34090130252012174,0.19169729802268667,0.2157174172322679,0.22760318891113435,0.20358306970155313
ULK3,ENSG00000140474,chr15,74826117,74853346,136,0.29077582941982855,0.34045594577942084,0.32465219454709304,0.39935182510333056,0.24742385374742112,0.1836313400224945,0.3208496642761569,0.23257516960857136,0.0953568453549089
SCAMP2,ENSG00000140497,chr15,74833729,74883365,213,0.25653017991910354,0.2562103651889618,0.23310925219220804,0.34440729528159153,0.22933835093273772,0.1635066049716909,0.22885337212525614,0.13249042806825884,0.06714366091469356
MPI,ENSG00000178802,chr15,74880004,74912219,107,0.24538387691723312,0.24551928815999913,0.21855214323722846,0.3473630844334839,0.2430029309804327,0.15833240860359676,0.2150319986924508,0.12339315665910078,0.06669356657024669
FAM219B,ENSG00000178761,chr15,74889991,74916883,81,0.2154893812383929,0.20168854636100408,0.2707135484087378,0.2652347652347652,0.1873269142723141,0.07613147482401161,0.16301717264604226,0.1491249900720356,0.06223929225000496
COX5A,ENSG00000178741,chr15,74909790,74948083,122,0.2837006269793679,0.31947631966613305,0.2097882887412328,0.36973201180926013,0.1428387046889451,0.24154767961954607,0.3461868310819973,0.14334497944321234,0.038705827980761054
RPP25,ENSG00000178718,chr15,74944417,74966772,96,0.46306930761036735,0.3077783278007494,0.3441825035789553,0.4530733690711445,0.2925920804464819,0.28393128047354743,0.3125709238112052,0.08391775863934714,0.05527811530168941
SCAMP5,ENSG00000198794,chr15,74947218,75031495,446,0.4226121072783675,0.3075671326866736,0.31892798507462683,0.3969041828864928,0.32208817396484957,0.26634886954071324,0.24224256636282276,0.10119511858699076,0.12530142176488118
PPCDC,ENSG00000138621,chr15,75013585,75127462,589,0.4261886404036628,0.33242732966385347,0.32479898997794465,0.38455383953177324,0.316175861078886,0.2834083819478609,0.25473016699000556,0.12069864326826851,0.14937685822612384
C15orf39,ENSG00000167173,chr15,75185642,75222169,206,0.7470371978858412,0.5990727562224,0.6811054515738105,0.7612414342467252,0.5970143673089994,0.5727966666687727,0.7187116796516542,0.3411786384320632,0.19526362544918174
GOLGA6C,ENSG00000167195,chr15,75248598,75280199,15,0.03561633368931954,0.0,0.0,0.06209755095519595,0.0,0.018133034726009262,0.03205466713515397,0.0,0.0
GOLGA6D,ENSG00000140478,chr15,75272834,75305807,32,0.5530800034280094,0.5099124724097817,0.25937999771873127,0.6196586991243682,0.2511136206788382,0.6091396762057951,0.6953447708945543,0.10403159988856442,0.017826505199805387
COMMD4,ENSG00000140365,chr15,75326019,75353224,126,0.48308873865891644,0.2087879225594088,0.5013809858361803,0.40555383092139413,0.4626216489166361,0.09908016063804953,0.06663074054757412,0.13510907343951234,0.16755849352998775
NEIL1,ENSG00000140398,chr15,75336954,75367115,111,0.5801828919110958,0.4980073014712014,0.5267185998214426,0.5369675662894949,0.5163438770314936,0.40452034131366077,0.3663733828904358,0.2846493628458726,0.32279632126909763
MAN2C1,ENSG00000140400,chr15,75345206,75378612,115,0.46600508123960627,0.3424710380642583,0.5288331402497926,0.44844429936908825,0.44250116475452816,0.1470462210540866,0.21499202469873047,0.27222024627477054,0.20427444263012662
SIN3A,ENSG00000169375,chr15,75359378,75465842,396,0.3498749495425874,0.7776613275125284,0.7075215712612742,0.349167365930429,0.6631631557260849,0.352389847090971,0.42244983035088224,1.151163660745459,1.0811036774855478
PTPN9,ENSG00000169410,chr15,75453250,75589315,404,0.3144978622197614,0.7656724558249697,0.6952955192950447,0.3100686553220081,0.652862660655407,0.3201130772804618,0.3820818905160923,1.1309223036650127,1.0689534904293825
SNUPN,ENSG00000169371,chr15,75588082,75636469,123,0.27768081585157345,0.7709271776820491,0.7451408013822661,0.2873743377121163,0.6289040095085436,0.21597971522881343,0.41060991174791484,1.2577356093623768,1.0631054128432753
IMP3,ENSG00000177971,chr15,75629084,75658706,128,0.2985391574849361,0.6251472826168842,0.5546027362225691,0.25302844930048957,0.5233931969609532,0.26351180849123845,0.2659434114028674,0.7177102753134259,0.715278672401797
SNX33,ENSG00000173548,chr15,75637911,75672301,177,0.34401884388604886,0.5633215614586498,0.4410523251798863,0.38038413246538777,0.4428082610289624,0.3342409970161214,0.3611839458102765,0.49431719631065996,0.4673742475165049
CSPG4,ENSG00000173546,chr15,75664321,75722848,99,0.2563128271927004,0.30025936314139584,0.24856910437803212,0.287320303322175,0.2544129484143982,0.18370215066027318,0.20109267097414596,0.17334338071092278,0.15595286039705003
ODF3L1,ENSG00000182950,chr15,75714040,75737688,0,,,,,,,,,
UBE2Q2,ENSG00000140367,chr15,75833306,75911078,351,0.6861716847133051,0.6898590142849725,0.7334121139648401,0.6888948328510337,0.6718025790463954,0.5037930952355245,0.6121062998395194,0.6669351970251222,0.5586219924211275
FBXO22,ENSG00000167196,chr15,75893875,75952511,275,0.7442142906226015,0.7657946495757546,0.7905573715583708,0.751900571001252,0.7655279344027996,0.625833406644262,0.697531925441844,0.8257235759004337,0.7540250571028516
NRG4,ENSG00000169752,chr15,75925968,76069795,784,0.6057773075680579,0.6586785502956927,0.6695792467695999,0.6274728759623264,0.5996258501714337,0.4491907356228314,0.5735101055441585,0.6257398423534416,0.5014204724321145
TMEM266,ENSG00000169758,chr15,76049957,76239121,1228,0.4429343108056298,0.45161940191096195,0.46125310012771337,0.4168752709097094,0.3900667169870441,0.28367421562569656,0.32286709154980864,0.31711149541697065,0.27791861949285857
ETFA,ENSG00000140374,chr15,76205352,76321472,617,0.5499702756676997,0.5376768521268226,0.48500739226876916,0.5577507023682573,0.5142306950020047,0.4531650450598457,0.43267563169740186,0.3183261330737379,0.33881554643618184
ISL2,ENSG00000159556,chr15,76326772,76352475,127,0.5613298939604604,0.5411796886903095,0.5595076007427754,0.5779677040105451,0.5202525205765647,0.3916210754575508,0.4536373316227526,0.387475548739929,0.3254592925747273
SCAPER,ENSG00000140386,chr15,76337903,76915444,2990,0.5546261075155827,0.5777523760837945,0.5445290495697392,0.5665411356624925,0.5660235913139531,0.44229057641398983,0.4316783127501864,0.41987277409274176,0.43048503775654523
RCN2,ENSG00000117906,chr15,76921737,76964393,225,0.6181752339950212,0.665334641442979,0.6401058399516673,0.6335374158881575,0.6200080545076475,0.5177361944175949,0.565438903071988,0.5768879816827768,0.5291852730283836
PSTPIP1,ENSG00000140368,chr15,76983358,77047475,0,,,,,,,,,
TSPAN3,ENSG00000140391,chr15,77031403,77093984,0,,,,,,,,,
PEAK1,ENSG00000173517,chr15,77090655,77430144,1462,0.3351814365625125,0.4548984114650781,0.4151321324982316,0.40796472599616057,0.42482807927772137,0.2393274442082574,0.28894293590074466,0.36745565649963174,0.31784016480714455
HMG20A,ENSG00000140382,chr15,77410411,77495607,378,0.3195875115728169,0.4825084183937721,0.45157791096562755,0.41592243959131386,0.45096679457256045,0.22155401622251525,0.2984435808142449,0.4372080051799926,0.36031844058826307
LINGO1,ENSG00000169783,chr15,77603026,77830900,1517,0.40603368811700763,0.42208399919126816,0.33090438630062063,0.42993988309039455,0.35805899125675433,0.3337155573413475,0.3335406687185062,0.21461119084998354,0.21478607947282485
TBC1D2B,ENSG00000167202,chr15,77974035,78087724,634,0.5327894368244933,0.6185800918385187,0.5490984024309182,0.5673655073453822,0.6369711716707844,0.46416173863972415,0.39422169693759446,0.4996926509466229,0.5696326926487525
SH2D7,ENSG00000183476,chr15,78067807,78114370,271,0.491126654636362,0.5247970270587806,0.5108268500460965,0.4603749660295033,0.49778260087553877,0.3522653080943419,0.3360859149334281,0.39174794666949514,0.40792733983040896
CIB2,ENSG00000136425,chr15,78094605,78141535,272,0.40238086990549476,0.37246216588834974,0.37801002316959886,0.3650766110860747,0.37101068346093924,0.2529608248671383,0.2282806219379106,0.21299049152161387,0.23767069445084157
IDH3A,ENSG00000166411,chr15,78121497,78181945,291,0.34123032458228547,0.40786629390404566,0.37831787720826493,0.3962616334567412,0.40901667938942515,0.23303887649584668,0.2513348366413362,0.2909839382118463,0.27268797806635675
ACSBG1,ENSG00000103740,chr15,78157467,78255688,583,0.3929576167237767,0.5211455378502315,0.43885763675082823,0.40940675924597275,0.4542219934275701,0.32886729602438014,0.32872167587613577,0.4074912685626913,0.4076368887109356
DNAJA4,ENSG00000140403,chr15,78254085,78292196,197,0.411555215777481,0.497293668664313,0.4465638877284626,0.37224909433045666,0.39508578403187367,0.31320616825393666,0.3253461645659923,0.37454294544877414,0.3624029491367184
WDR61,ENSG00000140395,chr15,78267834,78309703,227,0.43924000634683746,0.4927839243725767,0.48163637937462894,0.4565851212864636,0.4419389365464686,0.30010107632156113,0.3527067466128211,0.3787171051908101,0.3261114348995502
CRABP1,ENSG00000166426,chr15,78330352,78358225,161,0.5083332086499901,0.47069219602150114,0.4437712519931687,0.5646936914498171,0.4521673435175545,0.37978177474357544,0.43305254216179967,0.2564033815224212,0.20313261410419714
IREB2,ENSG00000136381,chr15,78427430,78511453,463,0.5113883418049742,0.5231762235743668,0.45141874121240433,0.5536353532752274,0.4763704956816193,0.4281878474471332,0.45012823384888245,0.31242045036266547,0.2904800639609162
HYKK,ENSG00000188266,chr15,78497563,78547372,256,0.3927366944898648,0.4343036370570695,0.305928707375122,0.3951031037275168,0.3198300689888845,0.35165500478990536,0.3434912236651614,0.21804280116743022,0.22620658229217427
PSMA4,ENSG00000041357,chr15,78530404,78562417,185,0.34427630998213116,0.35429857371094176,0.2585351209083377,0.39363107204893977,0.2419252520095001,0.2801531851278604,0.3303557352623215,0.15726488532068922,0.1070623351862281
CHRNA5,ENSG00000169684,chr15,78555519,78605269,288,0.42886313484059885,0.8057670233986992,0.6949132514572594,0.42087125430249045,0.6573217559043073,0.5058321065021956,0.5569820307969839,1.132864823616631,1.0817148993218426
CHRNA3,ENSG00000080644,chr15,78583051,78631295,220,0.3935676302321771,0.7826804717265884,0.6191361991429716,0.39734414307220595,0.6211795052714808,0.5306175739893122,0.5310513382731019,0.9957689539661396,0.9953351896823498
CHRNB4,ENSG00000117971,chr15,78614110,78737754,443,0.3818359944975756,0.6811182738799424,0.6325098189948939,0.4628105786234099,0.65616710884655,0.31143890304081234,0.34836999748482067,0.8314961064205625,0.7945650119765542
ADAMTS7,ENSG00000136378,chr15,78749205,78821464,320,0.43225556616522876,0.7529432678620358,0.6490507650870465,0.4165261130314696,0.6369789592199637,0.45855374502553614,0.4617991909050936,0.9395835389330462,0.9363380930534889
MORF4L1,ENSG00000185787,chr15,78800486,78908139,818,0.4950334304084513,0.7287158080749606,0.6655524459121822,0.47314100754328503,0.6484761605491539,0.44628808946830134,0.44996645682502456,0.8583002394233323,0.854621872066609
CTSH,ENSG00000103811,chr15,78911057,78959574,352,0.4398687292929474,0.6707301136869791,0.6244498404790355,0.5108910273720002,0.6616601253509979,0.3555492080101581,0.37117158267942474,0.7553283333478593,0.7397059586785926
RASGRF1,ENSG00000058335,chr15,78949905,79100780,1000,0.422691651960396,0.4926792813740118,0.4948637016712803,0.39092376408435575,0.5147360133496918,0.2725318311798691,0.2256807487486936,0.40608006308983385,0.4529311455210092
ANKRD34C,ENSG00000235711,chr15,79272721,79308239,194,0.35954306926326507,0.42939085043540426,0.4150089268944941,0.33711936835565165,0.3064849143154663,0.23523275846174213,0.30311443331153465,0.32581804688077803,0.2579363720309855
TMED3,ENSG00000166557,chr15,79301111,79437432,983,0.4304887353587362,0.5143611105474567,0.4267832832621347,0.4619876216791383,0.45129739872192653,0.36438762696050814,0.3709824870036147,0.35790233011944483,0.3513074700763384
MINAR1,ENSG00000169330,chr15,79422335,79482304,381,0.3208356661686395,0.4536536872618658,0.38259410043924685,0.3288119504792912,0.3990678022882721,0.25458288890585673,0.24696749696259768,0.3499193429829419,0.35753473492620097
MTHFS,ENSG00000136371,chr15,79823584,79907379,532,0.2554148983391293,0.21109496938365122,0.195725782233135,0.2510151530205473,0.1966206331193444,0.15711122866586522,0.15360880959443804,0.07999810348774744,0.08350052255917462
ST20-MTHFS,ENSG00000259332,chr15,79835149,79933754,648,0.26108995600841667,0.22308674617631066,0.21308975834292293,0.27614570555867524,0.19079185614408659,0.15768229053452903,0.18194631262649968,0.09474428675299595,0.07048026466102533
ST20,ENSG00000180953,chr15,79888839,79933702,341,0.25538624221229805,0.21480856501430254,0.2015463232847466,0.2861999336462234,0.18775809574337515,0.15581951989058002,0.18551151406639724,0.08600820481586438,0.05631621064004716
BCL2A1,ENSG00000140379,chr15,79950891,79981196,154,0.33266932752293243,0.29052976413826503,0.2620401869766608,0.36535934931630737,0.25566342741669745,0.22192020972212473,0.25133555744828384,0.1213165244042394,0.09190117667808018
ZFAND6,ENSG00000086666,chr15,80049567,80148393,561,0.4388554308781817,0.5820064543985614,0.5151131161561726,0.5603281407306175,0.5828457101025375,0.3631131754877142,0.4098583832724384,0.5091761122337659,0.4624309044490417
FAH,ENSG00000103876,chr15,80142489,80196946,417,0.41557655454651793,0.29304246564707703,0.33900663075028,0.3329507503064286,0.24533716323763893,0.23495134497274817,0.23509593716161073,0.11183333448122978,0.11168874229236717
CTXND1,ENSG00000259417,chr15,80185480,80262213,532,0.35028904088448065,0.3900372972224693,0.2754345293665489,0.3416606501605479,0.28892604981378733,0.3017010026431638,0.2857066860725936,0.19265646402857958,0.20865078059914977
ARNT2,ENSG00000172379,chr15,80394349,80607933,1377,0.3635308082009335,0.4148775989588758,0.3764289441729226,0.42680687003275425,0.4130570732241023,0.25773046411878275,0.2798195485238646,0.27820375696864447,0.2561146725635625
ABHD17C,ENSG00000136379,chr15,80669683,80765621,625,0.3675541824189212,0.44886200198595666,0.37058869312145915,0.4139563478726366,0.3755454767185781,0.29548022352289416,0.3296271392451724,0.3002898275474921,0.2661429118252138
CEMIP,ENSG00000103888,chr15,80769342,80961776,1367,0.4650173777443846,0.5335787369098476,0.491090805823094,0.4895768842182572,0.4995776045648673,0.3563506953814091,0.3714392836402607,0.40631535978769373,0.39122677152884205
MESD,ENSG00000117899,chr15,80936288,80999828,405,0.3411645431931858,0.3412115163981725,0.2829806008367562,0.31853919414599596,0.29973096926590803,0.25099092040370863,0.22228930731714025,0.16636184129927833,0.1950634543858467
TLNRD1,ENSG00000140406,chr15,80990922,81015788,164,0.44337991258130605,0.47535685093231056,0.3960149007686126,0.42812487224590967,0.3656627630055715,0.36335177655079265,0.37434851835330074,0.2816851870129594,0.2706884452104513
RP11-775C24.6,ENSG00000288625,chr15,80992141,81012279,133,0.5060392813787291,0.5175615740839237,0.41316273854322527,0.47594766751979894,0.4037323220996691,0.45059676381543634,0.4290000603908884,0.27830521721281365,0.29990192063736143
CFAP161,ENSG00000156206,chr15,80997032,81159179,1075,0.34640178989343917,0.30552173706854335,0.20813753838610158,0.4427883432291573,0.324328913002454,0.27824466414040283,0.278677827070705,0.08634975201194822,0.08591658908164607
IL16,ENSG00000172349,chr15,81149574,81324058,1127,0.3462757014308578,0.342956284783662,0.299577431160787,0.31454585729728385,0.2834197936753334,0.24450142350765874,0.23220665364731718,0.17550330158340008,0.18779807144374167
STARD5,ENSG00000172345,chr15,81299052,81334183,245,0.3182098734282922,0.35962218024810394,0.33481473760597624,0.3044936809401594,0.353931681313401,0.2105203235943056,0.18598104558176565,0.23517660985587005,0.25971588786841004
TMC3,ENSG00000188869,chr15,81321087,81384213,377,0.36550894349159246,0.3961642618097789,0.32262025107041264,0.3725961339197607,0.39478894026272415,0.2849309638003149,0.2342199365664212,0.2195221108726267,0.27023313810652044
MEX3B,ENSG00000183496,chr15,82031777,82056119,142,0.2900576540021615,0.23510850330632396,0.24437923184818394,0.26970733178893713,0.2816432728098708,0.16518857328834902,0.12577110032044497,0.10283271631405164,0.14225018928195568
EFL1,ENSG00000140598,chr15,82120232,82272734,622,0.41622165270010747,0.4168694780349068,0.29496974457530395,0.43234674175289367,0.33422754851326275,0.36403179335791025,0.3493907070307234,0.17531244445957817,0.18995353078676502
SAXO2,ENSG00000188659,chr15,82252809,82294930,120,0.41972213652394313,0.4349214909002607,0.2968341369400296,0.3568583824803787,0.39432535246767714,0.38143816980337,0.2553843075006933,0.1893524335267306,0.3154062958294073
GOLGA6L10,ENSG00000278662,chr15,82329992,82359475,0,,,,,,,,,
GOLGA6L9,ENSG00000197978,chr15,82420017,82449153,0,,,,,,,,,
RPS17,ENSG00000182774,chr15,82526749,82550459,20,0.21139603874162596,0.18382778466723904,0.10738974138527412,0.20314172783738008,0.23600705652728773,0.16350784929371986,0.08050580729236398,0.03962204878993601,0.12262409079129191
RP11-152F13.10,ENSG00000260836,chr15,82526787,82583194,202,0.3455650857208869,0.29072275507683726,0.2688262890627193,0.35316493638252183,0.2718387847525259,0.22719386076041495,0.23096996418651985,0.11631493156147202,0.1125388281353672
CPEB1,ENSG00000214575,chr15,82533200,82658861,0,,,,,,,,,
AP3B2,ENSG00000103723,chr15,82649280,82720112,0,,,,,,,,,
FSD2,ENSG00000186628,chr15,82745361,82816070,254,0.4003173172830391,0.5041615784287011,0.4050040555852864,0.36721662461098753,0.43435292738200837,0.34682955226120726,0.2946736803986026,0.35467561602937303,0.40683148789197776
WHAMM,ENSG00000156232,chr15,82799627,82846108,199,0.3480853953318733,0.4714559357380087,0.36574831869730884,0.36479078142187715,0.4680449754619552,0.30508068573731484,0.2301168118919043,0.33254841532310037,0.40751228916851084
HOMER2,ENSG00000103942,chr15,82826945,82996153,702,0.4167637039156793,0.4779439893723927,0.41069402820199585,0.4024651428274271,0.4072270116519326,0.3301667537339327,0.320989641531953,0.3198136430689169,0.3289907552708967
RAMAC,ENSG00000169612,chr15,82976209,83001057,109,0.22826469593778678,0.16933954700340742,0.08757946221382806,0.30291730314309717,0.20920101710805428,0.17649677352657075,0.15583696132777075,0.009037394585490743,0.02969720678429072
C15orf40,ENSG00000169609,chr15,82978440,83021641,198,0.15572179027299907,0.20150782961644295,0.16661899253649906,0.2800328622958539,0.2027584475312619,0.10601948681587109,0.16349112894335024,0.11901062996496153,0.06153898783748238
BTBD1,ENSG00000064726,chr15,83006422,83077252,299,0.09981151232276735,0.2496113686469992,0.22652691829213417,0.21519405615771214,0.20085908626741572,0.0677253640714559,0.15263242121517479,0.21943866744936746,0.13453161030564856
TM6SF1,ENSG00000136404,chr15,83097571,83154854,183,0.32405799296461146,0.2480347492988576,0.22542338174267224,0.32980920514766693,0.197339698850643,0.2106372311875558,0.23271715612944163,0.07442793408643097,0.052348009144545155
HDGFL3,ENSG00000166503,chr15,83102737,83217823,422,0.2793794419165401,0.2620855283195524,0.17326945070028815,0.2305810158006337,0.12990387155953814,0.22064672549348224,0.21344769354499085,0.08328062763609662,0.09047965958458801
BNC1,ENSG00000169594,chr15,83245883,83294664,193,0.3141876463032152,0.27257759168299467,0.1295123963440461,0.26563239377417913,0.11202909030727437,0.27834870302797177,0.25408859739782175,0.03989923783094862,0.06415934346109861
SH3GL3,ENSG00000140600,chr15,83437227,83628743,791,0.4173439391342498,0.3760196792492471,0.35658221442994337,0.42433679409606007,0.3445838513087046,0.2854168203421579,0.3006920230301402,0.18621962802627023,0.17094442533828796
ADAMTSL3,ENSG00000156218,chr15,83644087,84049842,1974,0.5035295384642173,0.4379972980931223,0.37947726535606696,0.404147002624617,0.3284541608576511,0.3996434381547167,0.3479184554636879,0.17660518328180275,0.22833016597283157
GOLGA6L4,ENSG00000184206,chr15,84225772,84255368,0,,,,,,,,,
ZSCAN2,ENSG00000176371,chr15,84590985,84637796,170,0.6295598050949222,0.3547730816863132,0.381599759584456,0.5051843965245439,0.32836493534896977,0.47529854215755496,0.37184158612085455,0.0,0.06631162659755907
WDR73,ENSG00000177082,chr15,84629284,84664343,176,0.6191600803881713,0.41356362924221196,0.3200081546600615,0.5202768212246767,0.2787421044396314,0.5566963920727177,0.47073932234412186,0.0,0.06295178418646658
NMB,ENSG00000197696,chr15,84645128,84668563,113,0.5562288188010346,0.35333798246348114,0.3152345057876097,0.549768484325099,0.2921457854893416,0.43484943424948835,0.44420386801764145,0.001082070745745456,0.0
SEC11A,ENSG00000140612,chr15,84659537,84726460,311,0.5459221923091343,0.41693749764804244,0.38993919519267733,0.43388486153675954,0.2987232974279606,0.41737547825138255,0.37678297125566385,0.12208541197577455,0.16267791897149325
ZNF592,ENSG00000166716,chr15,84738591,84816445,380,0.56575957895318,0.3214193882624761,0.3251014553082098,0.4509652329635936,0.2537528858283574,0.41435801358253543,0.34732351408327367,0.0,0.040428483930183834
ALPK3,ENSG00000136383,chr15,84807355,84883479,383,0.5418992235204596,0.3775746267574801,0.36272558571817426,0.4549157909450063,0.28835397615250863,0.40212134936951016,0.37038593784335105,0.07201019080156001,0.10374560232771912
SLC28A1,ENSG00000156222,chr15,84874653,84955798,621,0.47322724906295605,0.597605513445662,0.511051583596543,0.42606029213136354,0.47929938587439025,0.417905057390029,0.40648662452060297,0.49241730430616454,0.5038357371755905
PDE8A,ENSG00000073417,chr15,84970439,85149145,1052,0.3917369520914897,0.4836315447200116,0.4078336876521586,0.37982030420468454,0.3814510232657594,0.31705740158064805,0.3291509073682146,0.34387730611978096,0.3317838003322142
AKAP13,ENSG00000170776,chr15,85370570,85759358,2307,0.3722596619166385,0.35976335069971577,0.2561333400024327,0.4171073720182922,0.3039976137732054,0.3078262991030273,0.3116337487136164,0.13809110733975516,0.134283657729166
KLHL25,ENSG00000183655,chr15,85749325,85804925,372,0.3656661615506355,0.39884020885569327,0.37079454106858584,0.3484704732009995,0.3485887574399742,0.2503884882747568,0.2543564696542129,0.2585060160626883,0.2545380346832323
AGBL1,ENSG00000273540,chr15,86069870,87059169,7964,0.4061619967621834,0.5148041615075297,0.4636748255346797,0.4120429757589793,0.43160030712914255,0.31066838219745213,0.34468683876048245,0.4125342966426056,0.3785158400795752
NTRK3,ENSG00000140538,chr15,87849750,88266768,2697,0.43559322370928694,0.49099846292905075,0.45168302938662386,0.42399589781428376,0.4516977372068296,0.32319127490922955,0.31300808472826236,0.35211296774118933,0.3622961579221565
MRPL46,ENSG00000259494,chr15,88449476,88477390,253,0.15078248525344498,0.13683628611935586,0.0,0.22682964636675737,0.0411866434107666,0.1552954135189038,0.1811739657444635,0.0,0.0
RP11-97O12.7,ENSG00000173867,chr15,88449500,88556585,800,0.3665371833520713,0.3722094530065645,0.4189862094558568,0.3723811156987297,0.35827091067642486,0.1895609407795002,0.2438909086555339,0.27598775126170594,0.22165778338567227
MRPS11,ENSG00000181991,chr15,88457452,88490776,297,0.12507388715829834,0.11103721561781246,0.0,0.13530315557747577,0.0,0.12565787266917328,0.1315381045181265,0.0,0.0
DET1,ENSG00000140543,chr15,88484439,88556681,493,0.468952477088872,0.4510507618809218,0.4016208522766848,0.41919373004352706,0.37968659668955557,0.3595611846394775,0.33277844244549093,0.2401881195505246,0.2669708617445112
AEN,ENSG00000181026,chr15,88611336,88642281,303,0.42603373354438645,0.34760167021460053,0.3797520105102195,0.5134337802826346,0.3985210285253231,0.25232436205527586,0.3195592680591292,0.17477560629149613,0.10754070028764273
ISG20,ENSG00000172183,chr15,88625669,88666483,351,0.45630809243038434,0.4464058155065578,0.45421483026888776,0.5306610044767315,0.4802666228058874,0.2975830379342378,0.3466570056183921,0.29374034168862945,0.2446663740044751
ACAN,ENSG00000157766,chr15,88793435,88885353,746,0.34351906780750946,0.5143321876431103,0.4071742867980096,0.4097477122039761,0.43166714591219163,0.310118601330777,0.34219380415916395,0.4121118011217837,0.38003659829339675
HAPLN3,ENSG00000140511,chr15,88867293,88905597,281,0.2695949606154326,0.340352123471133,0.2374351023659598,0.2580783762834234,0.2465750647810055,0.22956874725657864,0.21571744460034065,0.18648035948855046,0.20033166214478848
MFGE8,ENSG00000140545,chr15,88888682,88923381,253,0.2624734472722554,0.2392219835082766,0.2295642234581872,0.3075134481961423,0.22675909091918797,0.1585339352397665,0.19185775002814115,0.11487972818139539,0.08155591339302065
ABHD2,ENSG00000140526,chr15,89077458,89212355,961,0.33456224582459726,0.4406901321007961,0.34335249691978975,0.34466415556204183,0.3018199958533794,0.28387694123846313,0.32219037264542455,0.2971746927690661,0.25886126136210474
RLBP1,ENSG00000140522,chr15,89199868,89231614,297,0.4106071258541352,0.47685005179297235,0.37159805521554096,0.3901642601109043,0.3368276049984483,0.35598708456825934,0.3658662425674436,0.2919000635889717,0.28202090558978743
FANCI,ENSG00000140525,chr15,89233944,89327261,593,0.3183605502767251,0.3124440838770014,0.18251707957874408,0.31370682588910603,0.21130836450434973,0.2781706391764542,0.25684131559136314,0.096441481029725,0.11777080461481604
POLG,ENSG00000140521,chr15,89295197,89344861,326,0.36405409216234574,0.326147790451621,0.24132777893840718,0.3572814262461849,0.25040588372080264,0.28560039221875955,0.2742846979985523,0.10914407356214939,0.12045976778235659
RHCG,ENSG00000140519,chr15,89461397,89506589,308,0.268316663869398,0.333041926999986,0.29574987287709076,0.30954954088745734,0.29404454833436827,0.18340693096464372,0.21361800305666132,0.22162116314802763,0.19141009105601003
TICRR,ENSG00000140534,chr15,89565468,89641056,418,0.42144164653287913,0.33745371933463464,0.28929081663622547,0.49222637193036645,0.33801522987123134,0.30869438771717816,0.3384358407756454,0.10297047823641209,0.07322902517794477
KIF7,ENSG00000166813,chr15,89598788,89665467,333,0.4564914601557072,0.3784772418545235,0.26758242828214346,0.5336090872320799,0.34761176508366415,0.3869440679830609,0.40559921828796097,0.08863868262464702,0.06998353231974697
PLIN1,ENSG00000166819,chr15,89654366,89689427,198,0.4772797362262098,0.36202060114284496,0.342394974209107,0.5893498259478068,0.39560963158342555,0.3395036601098351,0.41796394340722826,0.10994562624139848,0.031485342944005346
PEX11A,ENSG00000166821,chr15,89667763,89700783,195,0.46573593934768326,0.3565604043369009,0.2908269024832881,0.6005316181350918,0.3647191151584012,0.362068276180571,0.4524298732011256,0.07885884860471415,0.0
WDR93,ENSG00000140527,chr15,89680810,89753638,515,0.31726804684825066,0.2369146020137657,0.1240680883784419,0.3211429934850322,0.17558397124417022,0.25978568201617985,0.2323250553053109,0.010599647978288912,0.03806027468915782
MESP1,ENSG00000166823,chr15,89738660,89761310,252,0.23676592519792936,0.13844396914302132,0.13254490953075798,0.2176489704603771,0.1307055743885303,0.1385070807820433,0.12719676863310725,0.010508105627384995,0.021818417776321014
MESP2,ENSG00000188095,chr15,89750590,89788754,329,0.21152277493115496,0.1570511951544191,0.08427285139899868,0.18441402774623422,0.06672730734911565,0.16023198901174326,0.15281982325685367,0.0106170635332071,0.018029229288096693
ANPEP,ENSG00000166825,chr15,89774894,89825401,394,0.3406272906920718,0.27138602008982843,0.22136180275209116,0.33743048341202536,0.2203705214506498,0.24143437873361775,0.23965225174966298,0.0751768284985761,0.07695895548253096
AP3S2,ENSG00000157823,chr15,89820598,89904638,454,0.3827381370320228,0.5543451155333423,0.4543455025785647,0.4513156132331384,0.47781383564561974,0.3424515339419256,0.37935560021808307,0.4657588942034374,0.42885482792727997
ARPIN-AP3S2,ENSG00000250021,chr15,89824307,89922882,551,0.4487484532802301,0.5390349503656093,0.44580961806170455,0.47780828325030633,0.44842600246993225,0.389875048962513,0.4145871319526445,0.3845580041391231,0.35984592114899167
ARPIN,ENSG00000242498,chr15,89885005,89922952,234,0.40234020948247645,0.37775642429107775,0.31781709755477283,0.475340866547209,0.342262780563139,0.3033498947457238,0.3502401844850678,0.17107376733461976,0.12418347759527576
ZNF710,ENSG00000140548,chr15,89991323,90092206,680,0.35879292540180807,0.5888243393714588,0.4750726020850614,0.37790962243740056,0.48098232482214076,0.3443211334838763,0.3537936563726722,0.544413624187617,0.5349411012988211
IDH2,ENSG00000182054,chr15,90073044,90112477,272,0.29658532815517324,0.43732559634247326,0.2865826899215312,0.4273907516257035,0.3209325135372978,0.2945870502762339,0.37278555575789407,0.28046709173647566,0.20226858625481542
SEMA4B,ENSG00000185033,chr15,90150603,90239679,745,0.3742902296515671,0.311768216844093,0.33189383407016493,0.2922710747989321,0.25047724028770113,0.21959502882651627,0.21550257045148624,0.1540345748364016,0.15812703321143157
CIB1,ENSG00000185043,chr15,90219974,90244047,224,0.43635577024622274,0.44920434103529755,0.39150879847341785,0.3112862766466102,0.3654563429649935,0.33647529618735983,0.2572358974374448,0.2599160972990358,0.3391554960489509
GDPGP1,ENSG00000183208,chr15,90223807,90255811,270,0.32711406197276566,0.3877596633470888,0.326866485285208,0.262985816236462,0.23998665860624127,0.24549911578065034,0.2606796084640187,0.2451312508291516,0.22995075814578322
RP11-697E2.13,ENSG00000284626,chr15,90224199,90275462,397,0.31089273490629443,0.3749114090380212,0.3129987523359436,0.2565670973435581,0.2692136349265657,0.2334005304483163,0.22635227198435892,0.23646136330320294,0.24350962176716034
TTLL13P,ENSG00000213471,chr15,90239529,90275482,245,0.3112521841563674,0.29252216421481236,0.23260632402423448,0.23360410694440784,0.209824554410974,0.22708686256428318,0.18830255670077978,0.11896211490328018,0.15774642076678358
RP11-697E2.6,ENSG00000261147,chr15,90239555,90282208,283,0.32156640734089126,0.3301277222623006,0.2677561699354387,0.25278065820568696,0.28960874601319553,0.2384975869777014,0.17506266147135696,0.16217062803391769,0.22560555354026213
NGRN,ENSG00000182768,chr15,90255658,90285778,186,0.3302787669554742,0.40425130390155983,0.33769164425554865,0.3071762173341609,0.32247047323206385,0.25340301881074334,0.2478069002201077,0.26453333286729963,0.2701294514579353
RP11-697E2.12,ENSG00000275674,chr15,90256316,90324499,486,0.3325226797033077,0.3919157030603281,0.32790955425731605,0.33470595707302697,0.31716178373706666,0.25216463553801405,0.2617353034389227,0.24527712480610833,0.23570645690519973
ZNF774,ENSG00000196391,chr15,90342283,90379146,271,0.20411406035803775,0.31218793820818985,0.19688781194394636,0.21930939514030656,0.2526953012506785,0.19163908801848634,0.16526686205731336,0.18260055634721067,0.20897278230838368
IQGAP1,ENSG00000140575,chr15,90378241,90512239,819,0.3318429327566281,0.4667836087218993,0.3327314463124112,0.3403454969052993,0.3764647203456927,0.3137486337078473,0.2862585393934836,0.31507931611046947,0.34256941042483313
CRTC3,ENSG00000140577,chr15,90519922,90655345,933,0.4820025676308557,0.45772657260638944,0.4268257219361581,0.45385568075563554,0.4275695605768389,0.3566022307006412,0.32949644461984273,0.255382695462394,0.28248848154319256
BLM,ENSG00000197299,chr15,90707345,90826166,763,0.27988151904944936,0.2611438627572377,0.2716795536978736,0.2100073247993517,0.20536380234677235,0.15698870933989525,0.15425638628476931,0.14566333984707824,0.14839566290220418
FURIN,ENSG00000140564,chr15,90858587,90893564,245,0.4307919036052899,0.49517350478288225,0.409163492933883,0.44722590450619976,0.4023551138571997,0.3604168668172869,0.3807939067159529,0.32312361575198967,0.3027465758533236
FES,ENSG00000182511,chr15,90873694,90905776,230,0.37077786739758073,0.5621054180719729,0.5235383252301989,0.37399497218847644,0.4849556593644157,0.27384001045575457,0.3153358353334406,0.5519370676477616,0.5104412427700756
MAN2A2,ENSG00000196547,chr15,90892217,90932584,265,0.26073901361845403,0.6104296836308167,0.5421091389546353,0.28503431053899864,0.5696560471260466,0.23184537052226334,0.21753056235470036,0.7108655296115973,0.7251803377791604
HDDC3,ENSG00000184508,chr15,90919967,90945196,134,0.22228118922220316,0.6259727763549862,0.5918603366862979,0.2672528436000407,0.6805864322471374,0.1693355442406374,0.0765563543080996,0.8140911494813777,0.9068703394139157
UNC45A,ENSG00000140553,chr15,90920179,90964093,271,0.28015034737301353,0.7422990562000761,0.6066828979581519,0.26524692297249647,0.741413643648996,0.375764643234161,0.15582535553418275,0.980190855698521,1.2001301433984994
RCCD1,ENSG00000166965,chr15,90944869,90973125,222,0.34658399658835387,0.7355623645069291,0.6277095926004488,0.30421268395999057,0.7070911057414844,0.38380503074969347,0.2324837122272433,0.946344807370078,1.0976661258925282
PRC1,ENSG00000198901,chr15,90956039,91005629,363,0.40464945580381056,0.7728680120569682,0.6504855913252,0.3971723557182353,0.7573449002096901,0.4748091955890672,0.2861168764965497,1.0074147902021715,1.1961071092946889
AC068831.18,ENSG00000284946,chr15,90956189,91032566,540,0.4140239006106329,0.7908366784303377,0.6600146451633705,0.3853906539802207,0.7559586293641066,0.5101317146100701,0.32049539786189374,1.0545081746577571,1.2441444914059336
VPS33B,ENSG00000184056,chr15,90988672,91032603,293,0.32085213719913386,0.7577256550076023,0.6267430602761848,0.3039749469621571,0.7283394367007304,0.4095563487442081,0.23842612022131537,1.008128189191715,1.1792584177146077
SV2B,ENSG00000185518,chr15,91089949,91312565,1641,0.29554807498176855,0.36968139120996635,0.299281362035429,0.3064794301507576,0.27228400852878465,0.2281081020667301,0.25482990471652295,0.23342175712910648,0.2066999544793137
SLCO3A1,ENSG00000176463,chr15,91843707,92182435,2629,0.40529921389554185,0.47014816673657317,0.41057672677270474,0.37342840297483676,0.3836131582020432,0.31312201433293957,0.3093847894950278,0.3220358570675046,0.3257730819054162
ST8SIA2,ENSG00000140557,chr15,92383880,92478728,768,0.371988524270649,0.34231917694718944,0.32540064523645523,0.381818576178003,0.34713948416384866,0.2452980315445548,0.2368085287839517,0.17373750514574238,0.18222700790634547
FAM174B,ENSG00000185442,chr15,92607447,92819884,1847,0.4245322167646875,0.4563633580814111,0.4175930894557382,0.43529405255814124,0.4154350519767087,0.31073015463615405,0.32201846812867113,0.29874403830942614,0.28745572481690906
RP11-437B10.1,ENSG00000279765,chr15,92873412,92959230,421,0.35981973813850926,0.40050530033217013,0.35758218388757257,0.3801900921783726,0.38561947171787936,0.25757862293844086,0.2514349020752263,0.25408952286987385,0.2602332437330884
CHD2,ENSG00000173575,chr15,92890188,93037996,797,0.4212282036182331,0.4535368216046159,0.40922950239164585,0.38979314053802466,0.43763568444180545,0.31240384900602186,0.2613201127067324,0.29188450176508224,0.34296823806437166
RGMA,ENSG00000182175,chr15,93025272,93099204,615,0.3813436601499009,0.5053188214869946,0.43451039934559293,0.4028237317026929,0.4407352559607153,0.30699189049513337,0.3191262225587478,0.39684991724151,0.38471558517789556
MCTP2,ENSG00000140563,chr15,94221537,94493952,2090,0.3722236268810262,0.46586011837498065,0.39162667074932384,0.3697282005314218,0.3630568698271381,0.29785111816244964,0.3188133718170618,0.3292464055539124,0.30828415189930025
NR2F2,ENSG00000185551,chr15,96315937,96350263,156,0.339230716114217,0.411908147285855,0.3702619681674615,0.3324155945994801,0.3567909780216446,0.24138565185058367,0.24683802166999225,0.28948647933387983,0.2840341095144713
ARRDC4,ENSG00000140450,chr15,97950702,97983833,298,0.5554288100479599,0.507397983670299,0.5520367980092336,0.38593566970908416,0.47793345137725174,0.3578272955950751,0.27287453624243524,0.3502264044696573,0.4351791638222973
IGF1R,ENSG00000140443,chr15,98638538,98974530,2476,0.49253006474297323,0.6376112456762876,0.6314683769102173,0.4963338146941946,0.6443088188303464,0.347563395890642,0.33359345213909,0.6674743405197294,0.6814442842712813
PGPEP1L,ENSG00000183571,chr15,98958228,99017792,498,0.5947376269107459,0.747458977977721,0.7420246779336931,0.6265774988071052,0.7422063017594114,0.4622554086542253,0.5028153681286763,0.9139261713536848,0.8733662118792338
SYNM,ENSG00000182253,chr15,99088216,99145593,452,0.37647251306150437,0.34679053824082595,0.3462642482197896,0.36981712518024223,0.3648672437519605,0.23658390211896776,0.2168407099972097,0.1892735306311477,0.20901672275290573
TTC23,ENSG00000103852,chr15,99126322,99261223,823,0.424355546101285,0.33856837734541867,0.3237846773649804,0.44079051763511634,0.3599840852401899,0.28718500762250987,0.27415878147264894,0.12616366026062076,0.1391898864104817
LRRC28,ENSG00000168904,chr15,99241361,99400729,936,0.32655580659092776,0.28646569690314744,0.24676398583258916,0.32136637154429526,0.24655939581061928,0.2247491223341571,0.22104677382156476,0.11277564366622514,0.11647799217881746
MEF2A,ENSG00000068305,chr15,99555416,99726466,1008,0.6044750383819139,0.46515871072599413,0.4905875514873383,0.5114772498445969,0.4415427804269224,0.43941466610511953,0.3797886032937986,0.18637056555458253,0.24599662836590347
LYSMD4,ENSG00000183060,chr15,99705696,99743561,324,0.580757483704796,0.5162302560558635,0.5909141051713389,0.532992946471092,0.5164810954454706,0.35081090829589767,0.38044613658148935,0.3753353128203267,0.34570008453473505
ADAMTS17,ENSG00000140470,chr15,99961436,100352005,4522,0.3801558881047799,0.36037107988331507,0.38830287942795905,0.3775483105634678,0.40957199668124655,0.21681816404346968,0.19702438418138563,0.23004891905879396,0.24984269892087801
CERS3,ENSG00000154227,chr15,100390394,100554995,1240,0.4975637284942539,0.42172120294629517,0.43234707568734404,0.4945397086699431,0.4389347768041754,0.33487027647568524,0.32603342889161935,0.2128289022826214,0.2216657498666872
LINS1,ENSG00000140471,chr15,100549368,100613230,442,0.42861832359987295,0.6101465471460882,0.5092256367559177,0.4599868921610068,0.5337755598328174,0.3949557139259237,0.39752905439332314,0.5470286584617661,0.5444553179943665
ASB7,ENSG00000183475,chr15,100592588,100661701,476,0.48973285080204904,0.5419020033476305,0.4884146391223437,0.4898037844090476,0.49590394329902293,0.3916260978208933,0.38432180084528256,0.3890460534447337,0.39635035042034455
ALDH1A3,ENSG00000184254,chr15,100867713,100926626,446,0.4500999692531723,0.45212444028501625,0.40001899521399314,0.38524965725662924,0.397049198912553,0.34443429761535027,0.2911632315829906,0.25727280101759614,0.3105438670499557
LRRK1,ENSG00000154237,chr15,100909326,101088257,1521,0.4983610873646006,0.4879703243781379,0.4686214186698501,0.47602317245246545,0.46531291678189896,0.3634834292434894,0.3448034594584704,0.30588926617981793,0.32456923596483694
CHSY1,ENSG00000131873,chr15,101165726,101262048,743,0.39308269709271854,0.3725762916866424,0.2860659760480064,0.3745549147102986,0.24425711616929213,0.31426560382036095,0.3276854402864312,0.15186759192444974,0.13844775545837948
SELENOS,ENSG00000131871,chr15,101260816,101287500,237,0.3466783478464535,0.24636519067176005,0.19906890479292477,0.34175233285983786,0.19184580323451345,0.2432763509655284,0.24400949481128043,0.039571015099027246,0.038837871253275175
SNRPA1,ENSG00000131876,chr15,101271509,101305282,265,0.2832939214284956,0.15995042059071,0.18881972410454456,0.32418698112592736,0.25418247677030215,0.14905942964997076,0.13642944532428392,0.02523493613030431,0.037864920455991186
PCSK6,ENSG00000140479,chr15,101279783,101535202,2536,0.35798441926036845,0.34607848905216615,0.2988007600384553,0.37485502963490297,0.3122190357429829,0.2564737226217466,0.2601273972416774,0.16829422594666177,0.16464055132673097
TM2D3,ENSG00000184277,chr15,101611443,101662391,325,0.36367986309186107,0.5237571704562342,0.554776875017399,0.3425119410790552,0.5060746267357837,0.19235058653774634,0.22789262284505696,0.5494768221929061,0.5139347858855955
TARS3,ENSG00000185418,chr15,101643595,101734473,418,0.4301972293319437,0.5819283262476064,0.4438110861513037,0.41767353146089303,0.4271543077400786,0.4239600589599395,0.4278437711759983,0.44814233388928937,0.4442586216732306
OR4F6,ENSG00000184140,chr15,101793508,101816887,0,,,,,,,,,
OR4F15,ENSG00000182854,chr15,101802201,101830197,0,,,,,,,,,
OR4F4,ENSG00000177693,chr15,101912041,101933113,0,,,,,,,,,
