gene_name,gene_id,chrom,start,end,n_snps,fst_afr_sas,fst_afr_mel,fst_mel_sas,fst_afr_eur,fst_eur_mel,pbs1_african,pbs2_african,pbs3_melanesian,pbs4_melanesian
OR4F17,ENSG00000176695,chr19,97103,127102,0,,,,,,,,,
PLPP2,ENSG00000141934,chr19,271039,301403,0,,,,,,,,,
MIER2,ENSG00000105556,chr19,295572,354815,107,0.4871511855602148,0.27994283368285566,0.30124989452947815,0.403107886265781,0.23526105285915036,0.3188683774154607,0.2881114097169203,0.009556295045702545,0.04031326274424296
THEG,ENSG00000105549,chr19,351746,386026,250,0.4007150230038893,0.40405345784656127,0.40170678759418227,0.4248585749588962,0.38323801761498755,0.2579740131397219,0.29373576332734785,0.2596302971732712,0.2238685469856454
C2CD4C,ENSG00000183186,chr19,395444,419147,38,0.23127108446452324,0.35330710703992735,0.24181318075966426,0.2721096784247154,0.23978806425368837,0.21103759357278024,0.23966531892547038,0.22484616671864643,0.19621844136595626
SHC2,ENSG00000129946,chr19,406588,471033,5,0.06019465107758964,0.2918481700548403,0.08750206921677285,0.07358809951269556,0.12089481199428842,0.15780489940851386,0.14634118242762023,0.18729185979573518,0.1987555767766288
ODF3L2,ENSG00000181781,chr19,453345,484983,0,,,,,,,,,
MADCAM1,ENSG00000099866,chr19,479175,515343,0,,,,,,,,,
TPGS1,ENSG00000141933,chr19,497496,529654,0,,,,,,,,,
CDC34,ENSG00000099804,chr19,521759,552092,49,0.1562920905291381,0.42015665691734444,0.2003717154876662,0.30449969882660155,0.24577752778242304,0.2456689647574662,0.313026623071092,0.29932834530062874,0.2319706869870029
GZMM,ENSG00000197540,chr19,534033,559924,98,0.3046651409890774,0.5013334479356003,0.3927880752502725,0.4355442828879833,0.43294678270238834,0.2801509813401516,0.3502044308130206,0.4156666575930793,0.3456132081202103
BSG,ENSG00000172270,chr19,561276,593494,157,0.3184357646739513,0.43385663522385604,0.4415073431006435,0.33254615815667615,0.4887884530686369,0.18487945311414217,0.15111059590519882,0.3840284850809894,0.4177973422899328
HCN2,ENSG00000099822,chr19,579880,627159,14,0.1002175643227023,0.26641652553752393,0.40421564821841094,0.12099133403361341,0.3868578601568121,0.0,0.0,0.36104405258492356,0.3350059283169992
POLRMT,ENSG00000099821,chr19,607220,643537,0,,,,,,,,,
FGF22,ENSG00000070388,chr19,629878,654371,16,0.07746956962759022,0.3354606996036728,0.27423609226594303,0.1365456590653441,0.28282549979753446,0.08438283176171074,0.11151971338306027,0.3242784280073745,0.29714154638602497
RNF126,ENSG00000070423,chr19,637525,673233,135,0.4689681283346209,0.6555545706213136,0.5259720780834269,0.5404102785095657,0.6303753262681893,0.476131895955212,0.42398676007143987,0.5896877104074862,0.6418328462912584
FSTL3,ENSG00000070404,chr19,666391,693392,259,0.3931835523558962,0.5402284265096626,0.47090661874738593,0.42414546111280427,0.42791771857515815,0.3199820399699664,0.3852266148673154,0.45704345223422904,0.39179887733688007
PRSS57,ENSG00000185198,chr19,675545,705498,307,0.3254931870102998,0.479380155906239,0.43954458350595854,0.34235505246136294,0.3900754392114272,0.23375154498972994,0.2887026279031863,0.4189836244216373,0.3640325415081809
PALM,ENSG00000099864,chr19,698934,758329,366,0.31640152991172243,0.462513387547111,0.4128681580434971,0.3170006983334757,0.41206770703180245,0.23436505536937757,0.23548469124506533,0.38648637098552036,0.38536673510983255
MISP,ENSG00000099812,chr19,741111,774318,255,0.36603036390375177,0.4452098685091966,0.41271002328031287,0.33468720380932626,0.41923279696800675,0.2563415065898921,0.22662903561828435,0.332823871617332,0.36253634258893974
PTBP1,ENSG00000011304,chr19,787074,822327,295,0.3308529742249809,0.3632135359944441,0.25494716452499966,0.3261579143188655,0.2893739731184538,0.2793861157321208,0.252235710637416,0.1719347852184432,0.19908519031314803
PLPPR3,ENSG00000129951,chr19,802487,831955,180,0.34173484365883056,0.3469294870603397,0.34492804114271075,0.36574436020788276,0.24422802078304467,0.2106037198043472,0.3006788989303805,0.21546645266884296,0.1253912735428097
AZU1,ENSG00000172232,chr19,815096,842018,116,0.34961665407915177,0.3238090630218361,0.2062633861072352,0.35005269123809224,0.25180023158234627,0.2952347626722393,0.2660292539519521,0.09604502899762041,0.12525053771790765
PRTN3,ENSG00000196415,chr19,830998,858175,101,0.2691232302217895,0.3036699470255827,0.2865645247004733,0.32309124031831105,0.28013656298716666,0.16888932391656344,0.21172827395095656,0.19304219309139628,0.15020324305700317
ELANE,ENSG00000197561,chr19,841013,866247,133,0.27925509098160745,0.2975930093009301,0.26780440707437847,0.31062244944597883,0.31005534600021534,0.18450234639827864,0.1770322885466666,0.1687399377226861,0.17620999557429817
CFD,ENSG00000197766,chr19,849663,873641,123,0.21384399053016145,0.3232304473619746,0.2840703639983321,0.2788220190855412,0.28876952332885714,0.1484255446328174,0.1882675174988548,0.24199891430622233,0.20215694144018487
MED16,ENSG00000175221,chr19,857629,903218,327,0.30907736609231684,0.4615022614936026,0.4326186441120598,0.3482951803687518,0.39172105130889223,0.21098789500134163,0.2750069135825941,0.4079840870098886,0.34396506842863617
R3HDM4,ENSG00000198858,chr19,886502,923245,235,0.275819410429386,0.3554430412655908,0.3334272907752489,0.2706888691501772,0.29410912973666015,0.17815025713556812,0.20327615124133616,0.26104182674793636,0.23591593264216834
KISS1R,ENSG00000116014,chr19,907286,931005,59,0.28712030377166375,0.5089404360667571,0.284570919668627,0.3703857829804865,0.47187360763652314,0.35737982246849265,0.2677091018625277,0.35381002460376576,0.4434807452097307
ARID3A,ENSG00000116017,chr19,915780,985939,16,0.4436270533399208,0.8369016782576105,0.26960299603413146,0.5145975160387887,0.11627435064935068,1.0427757248785123,1.2062851557906522,0.7706263342758288,0.607116903363689
WDR18,ENSG00000065268,chr19,974331,1008438,0,,,,,,,,,
GRIN3B,ENSG00000116032,chr19,990418,1019732,70,0.3140476174067328,0.6677892965269965,0.41632781996164875,0.34204501660486325,0.513966461289717,0.4702585699187186,0.3995634894373118,0.6317272924363778,0.7024223729177846
TMEM259,ENSG00000182087,chr19,999647,1031179,151,0.33858101779502464,0.6538444040443842,0.5433873119731482,0.411891871366749,0.6025418163109029,0.34515746365410177,0.3345229063917222,0.7157094420610469,0.7263439993234265
CNN2,ENSG00000064666,chr19,1016585,1049068,185,0.3710721348969235,0.7798226808366282,0.7765903456698058,0.40367553486333085,0.7693745130151896,0.2391562969828147,0.28166613196514834,1.2741657640903234,1.2316559291079898
ABCA7,ENSG00000064687,chr19,1029996,1075572,257,0.3577908835737755,0.6189300858975754,0.6628531716733609,0.40757965614201735,0.612113252815664,0.16018848488267456,0.27063470209931856,0.8045839342259504,0.6941377170093064
ARHGAP45,ENSG00000180448,chr19,1055922,1096628,333,0.37125104974915013,0.4516673978624563,0.38685013668695695,0.4219237221928488,0.4497709623727054,0.2878752836951149,0.27575101652101325,0.3129979542443111,0.32512222141841257
POLR2E,ENSG00000099817,chr19,1076573,1105380,278,0.3733877521726268,0.5148017610894499,0.43915926652549253,0.38124785185309096,0.4689377816431146,0.3061533871943757,0.2851860661647952,0.4170443443399725,0.43801166536955305
GPX4,ENSG00000167468,chr19,1093925,1116791,208,0.35917185279748254,0.49404410670597715,0.3855776167541455,0.34379799820470247,0.38966225401008003,0.31961353662206926,0.3044247978401622,0.3616922442750179,0.37688098305692497
SBNO2,ENSG00000064932,chr19,1097636,1184268,567,0.33387278924897706,0.41846274807202233,0.3442807099993206,0.33079779868302395,0.37123787724500534,0.26316618681761966,0.23987349532964897,0.2789140604726665,0.3022067519606372
STK11,ENSG00000118046,chr19,1167557,1238431,326,0.3343598802754784,0.5272355055650766,0.43788612645859964,0.339688254817343,0.4194137294304374,0.29005659984623966,0.3102421258680773,0.459101312236718,0.4389157862148805
CBARP,ENSG00000099625,chr19,1218286,1248027,108,0.29258087438777464,0.4730768345765182,0.3307395050694173,0.23757815326459927,0.4024616068342304,0.29262529412137045,0.19850953408619,0.3480752431090736,0.4421910031442541
ATP5F1D,ENSG00000099624,chr19,1231745,1254825,67,0.2689768017106075,0.38109961120504887,0.34463597792785183,0.22340395809783564,0.35674578230758,0.18527829396442122,0.14571531471915916,0.2945326480694125,0.33409562731467457
MIDN,ENSG00000167470,chr19,1238552,1269143,121,0.3334443487109098,0.47085387333719814,0.4134941196526115,0.4434194016198301,0.4075150930279794,0.2542748568310035,0.34950203075576425,0.3822157965610825,0.2869886226363215
CIRBP,ENSG00000099622,chr19,1249383,1284880,148,0.5709408931368053,0.610286860975214,0.5242574436379601,0.6252886192184901,0.655289895236276,0.5228132618658203,0.4294460304151808,0.41953108959768604,0.5128983210483256
FAM174C,ENSG00000228300,chr19,1265529,1289244,127,0.5577937596124509,0.61416688232467,0.44980056462285845,0.5870104929945138,0.6225275377485786,0.5854273912224448,0.4312128865544296,0.3669229494083983,0.5211374540764135
EFNA2,ENSG00000099617,chr19,1275872,1311431,241,0.4174906800755743,0.42688278209125563,0.33027140300441477,0.40129233601882647,0.2934945126416463,0.34809619021884464,0.3611112722908266,0.20856882419372358,0.1955537421217416
PWWP3A,ENSG00000160953,chr19,1344710,1388431,250,0.412297862109244,0.41606161019954113,0.37992780626126066,0.4270406807767418,0.40474380526419373,0.29578773003698344,0.28806848641126587,0.2421720685991402,0.24989131222485772
NDUFS7,ENSG00000115286,chr19,1373526,1405589,191,0.3829886627100557,0.5313033965509004,0.45578412278010777,0.40094765863476167,0.4798520488925119,0.3161291117462805,0.3082819688767038,0.4416705090816947,0.44951765195127136
GAMT,ENSG00000130005,chr19,1387025,1411570,144,0.38632109371021356,0.5271901734640747,0.518372065576377,0.4966888850905117,0.5718740220791307,0.253381043825487,0.29363551250339753,0.49568098557531404,0.4554265168974036
DAZAP1,ENSG00000071626,chr19,1397568,1445687,232,0.2456446045584892,0.6679409732504196,0.696898214676893,0.26066358264022704,0.7191775785405983,0.09532380250690264,0.06720600066278237,1.0071187319473673,1.0352365337914877
RPS15,ENSG00000115268,chr19,1428357,1450495,117,0.18050983967998105,0.6928661118765947,0.6331414760164987,0.1453960159231116,0.631310510737155,0.1883826990600057,0.1698940604780042,0.9920888097407875,1.010577448322789
APC2,ENSG00000115266,chr19,1436301,1483244,312,0.3424542029848983,0.5065456018920506,0.5423363481769877,0.3649623528010668,0.5139057839062247,0.17197247210128241,0.21952150537624493,0.534352357326676,0.48680332405171334
C19orf25,ENSG00000119559,chr19,1451142,1489219,257,0.38240601875944075,0.4896235980187165,0.488072665490563,0.41430589024139164,0.5066416361360464,0.24247910965081632,0.25052247022895613,0.4301276727322707,0.4220843121541309
PCSK4,ENSG00000115257,chr19,1471427,1500752,116,0.39916385152427164,0.5728688865061194,0.6732369476862281,0.35133391334443725,0.5792873461447735,0.12078864361277686,0.2088481219227361,0.7298756119104817,0.6418161336005224
REEP6,ENSG00000115255,chr19,1481165,1507927,49,0.4026142098237005,0.679867925153171,0.7137408115798374,0.2727156457505533,0.6137939158347323,0.20167808434722967,0.2530376117041417,0.9373435500959999,0.8859840227390878
ADAMTSL5,ENSG00000185761,chr19,1495021,1523604,0,,,,,,,,,
PLK5,ENSG00000185988,chr19,1498022,1546046,147,0.40470390091687347,0.39426879481841326,0.2772251292249756,0.3201243760932644,0.32822378231566784,0.3476789057275671,0.24466717368117588,0.15364004139119275,0.256651773437584
MEX3D,ENSG00000181588,chr19,1544671,1578325,175,0.34516147843272615,0.2700836611824387,0.21889426443188248,0.2455856319222656,0.24730994603082312,0.24557360400511033,0.15626855353758115,0.06925175176167633,0.15855680222920543
MBD3,ENSG00000071655,chr19,1563595,1602865,241,0.2946288078229377,0.23986973315493168,0.3948055149409029,0.3436049411573436,0.3164994228208355,0.060545573973811495,0.15736506286536056,0.21371988267238112,0.11690039378083206
AC005943.2,ENSG00000267059,chr19,1568338,1615445,291,0.3224444298293107,0.284497670442119,0.29856085277093436,0.29571764150095436,0.30659170435528266,0.18470650074901987,0.15960503394230607,0.1500639233958167,0.17516539020253052
UQCR11,ENSG00000127540,chr19,1587168,1615473,168,0.2176117220562783,0.15523494256392598,0.33146957086129497,0.25732909138765897,0.34834273470637117,0.0057137532150427495,0.018981230835568186,0.16298297560699126,0.14971549798646577
TCF3,ENSG00000071564,chr19,1599289,1662615,399,0.2288902097113029,0.2947299004653169,0.1496582130000404,0.21807908657677508,0.2005877250539762,0.2234910186844538,0.18564881464570582,0.12568341094975483,0.16352561498850282
ONECUT3,ENSG00000205922,chr19,1743505,1790988,266,0.3855609231676197,0.6851600463267287,0.6143899515484985,0.37520284429975553,0.6305516232749437,0.3449038465422484,0.3151374130685102,0.8107870063093697,0.8405534397831078
ATP8B3,ENSG00000130270,chr19,1772074,1822276,226,0.32910370775511155,0.6317304193147707,0.5268027681032408,0.34555437323878824,0.5355154206631639,0.32491888355555765,0.3280399530884649,0.6740211692361192,0.6709000997032121
REXO1,ENSG00000079313,chr19,1805247,1858483,245,0.37353479457308136,0.45755559504568155,0.3197703241200934,0.4280001952043295,0.38935724641572267,0.34700347159353484,0.3385215624369299,0.26466620657223305,0.2731481157288379
KLF16,ENSG00000129911,chr19,1842398,1873579,166,0.29281423778387794,0.32094031112841087,0.3143383785509606,0.3023983669404639,0.28536397131629715,0.1780685562947979,0.2055856984954501,0.20897769196486207,0.1814605497642098
ABHD17A,ENSG00000129968,chr19,1866809,1895496,48,0.38468118515465544,0.3335489656409302,0.3981437513215132,0.4173976899210929,0.3373571229797161,0.19183335225329284,0.26725999864401895,0.21395525663700274,0.1385286102462766
SCAMP4,ENSG00000227500,chr19,1895371,1936013,0,,,,,,,,,
ADAT3,ENSG00000213638,chr19,1895398,1923447,0,,,,,,,,,
CSNK1G2,ENSG00000133275,chr19,1931171,1991338,74,0.20741794351505313,0.13320471392262673,0.08838495513454055,0.19842109788945234,0.19212241941325606,0.1414371034895378,0.07538978762264503,0.0015153441500129206,0.0675626600169057
BTBD2,ENSG00000133243,chr19,1975437,2044881,407,0.27814998765476234,0.4081748818025018,0.4060892185159621,0.2951928907151065,0.3895352055430662,0.16472791328583802,0.1904202799080214,0.3598161829041363,0.33412381628195287
MKNK2,ENSG00000099875,chr19,2027464,2061244,180,0.2909463222262114,0.5430703540975487,0.415839272171828,0.31127042133586086,0.5210332261246745,0.29473538934262183,0.21000418343063565,0.48849045829351667,0.5732216642055028
MOB3A,ENSG00000172081,chr19,2061035,2106673,338,0.3540569999370505,0.558927227060704,0.4867598042333587,0.3322597230025054,0.5286365551852276,0.29428904395651645,0.2351377747990414,0.5242563551898087,0.5834076243472838
IZUMO4,ENSG00000099840,chr19,2086428,2109593,159,0.20696668126925488,0.37373390425252345,0.2785214840225716,0.20639583610411177,0.3429635217585985,0.18670864460019648,0.1395673308500984,0.2812712805207736,0.32841259427087166
AP3D1,ENSG00000065000,chr19,2090987,2174468,639,0.31553951882520176,0.36431549271040115,0.3308891955538041,0.3062872597286351,0.3214212268339983,0.21518583031193397,0.21549775603328927,0.23786706612817252,0.23755514040681722
DOT1L,ENSG00000104885,chr19,2153932,2242578,607,0.32541464061881165,0.25800364475176163,0.23660057084121033,0.3315355636243108,0.25011394869416576,0.21104706035743787,0.2066745076492561,0.08736388753375177,0.0917364402419335
PLEKHJ1,ENSG00000104886,chr19,2220083,2247704,206,0.4426064757077148,0.18521026480461467,0.18711042912518502,0.4346379488106437,0.19574041791753033,0.29107448325766094,0.2786404742605973,0.0,0.0
SF3A2,ENSG00000104897,chr19,2226823,2258655,232,0.4952370524808024,0.48384979796572386,0.34072242827190136,0.514048081063381,0.48384424890076894,0.46420660283051174,0.3608281715097678,0.19715086381459457,0.3005292951353385
AMH,ENSG00000104899,chr19,2239308,2262073,167,0.49942272678590555,0.4941606915499565,0.497691113749636,0.5661026413677614,0.5152877676345374,0.34249474760570225,0.3961418032988551,0.33904148475882506,0.2853944290656722
JSRP1,ENSG00000167476,chr19,2242251,2279759,272,0.5222563139960866,0.5815698591949882,0.4843645447153026,0.4593832073274935,0.5549448377641799,0.473785498724141,0.33836643437518565,0.3974598318490168,0.5328788961979722
OAZ1,ENSG00000104904,chr19,2259508,2283490,176,0.45541823003554405,0.632004849313791,0.5112270234952372,0.44678619427661226,0.5901652627382602,0.44578276691225655,0.34984748068917126,0.553902751470901,0.6498380376939863
LLfos-48D6.2,ENSG00000273734,chr19,2259524,2351172,416,0.40632621986362244,0.5669477796406596,0.4795024397014447,0.42202496896163344,0.5169387939660378,0.3526760904825034,0.3287548271536548,0.4842208664771157,0.5081421298059643
PEAK3,ENSG00000188305,chr19,2264630,2292175,193,0.44798769581247583,0.6019184991311956,0.48420276645766996,0.43935074341103586,0.5596951338675005,0.4266209561938281,0.3397351921205584,0.49447756241535273,0.5813633264886224
LINGO3,ENSG00000220008,chr19,2279783,2302024,126,0.4045259482771967,0.61651247721589,0.6197847391684856,0.3679565238777269,0.5868861814413385,0.25491397405518545,0.2666065777136337,0.7035342197620611,0.6918416161036127
LSM7,ENSG00000130332,chr19,2311519,2338611,71,0.30491736692842686,0.48521668664041556,0.40536387565151044,0.3054760626713863,0.49236925681088933,0.2539640726831175,0.17526844440262324,0.4100451449338085,0.48874077321430276
SPPL2B,ENSG00000005206,chr19,2318614,2365095,30,0.23141884146687175,0.4905960264900662,0.4538016882799121,0.3075471808526202,0.48660622225445127,0.16647493517589484,0.18765848010584213,0.5080389809184503,0.48685543598850295
TMPRSS9,ENSG00000178297,chr19,2350237,2436239,474,0.286834343314412,0.35613400943507545,0.3206600205583346,0.28917323975278714,0.33252900059919316,0.19583632053378663,0.18866593140788268,0.244428343182455,0.25159873230835894
TIMM13,ENSG00000099800,chr19,2415624,2437586,145,0.24802429201745024,0.28492776917407947,0.22476368280068096,0.2266631327855818,0.2313537204105749,0.18291780366724894,0.1646439313797753,0.152453915589118,0.17072778787659168
LMNB2,ENSG00000176619,chr19,2417637,2466959,343,0.2583810544500048,0.336059335293785,0.266614426820942,0.2723938238571735,0.2957797044868722,0.19919925869585128,0.18844689293402925,0.21036323518493522,0.22111560094675717
GADD45B,ENSG00000099860,chr19,2466121,2488259,168,0.3762775434075493,0.4897027363369574,0.4000187017948152,0.3137418054017397,0.4487771576736007,0.3169774249440673,0.2268235395930564,0.35578442819486134,0.44593831354587227
GNG7,ENSG00000176533,chr19,2501218,2712694,1553,0.35666301090472,0.41752373645016777,0.3633983193064135,0.3637232946010115,0.39783077604991507,0.2649711614254238,0.24268590612554047,0.27549568221780607,0.2977809375176893
DIRAS1,ENSG00000176490,chr19,2704566,2731372,247,0.27759012018609325,0.2945292642498945,0.1557718779522823,0.20936655691495445,0.21299067055273194,0.25236002759086346,0.17214782031829276,0.09652996111449855,0.1767421683870692
AC006538.4,ENSG00000267001,chr19,2707768,2750048,336,0.27424326279837685,0.3636481877012339,0.25850211209592105,0.2403393103633084,0.317247399343109,0.23673056590137698,0.17263220072199384,0.21527313868767062,0.2793715038670538
SLC39A3,ENSG00000141873,chr19,2722203,2750028,199,0.34874645595696147,0.46754390973484455,0.41934385910147964,0.3539788936289464,0.44254483671424305,0.25775727548631433,0.24140237212255478,0.3724975689081743,0.38885247227193387
SGTA,ENSG00000104969,chr19,2744714,2793362,428,0.34379034094437655,0.4264702066536929,0.35972157067388155,0.30397478930166955,0.36270981800142876,0.2656840905972897,0.23389230418034018,0.2902613031276258,0.32205308954457523
THOP1,ENSG00000172009,chr19,2775502,2825807,345,0.29077466686677106,0.3921292205129843,0.307472698456827,0.2461909974441938,0.2648396863597547,0.23698366047912733,0.23637125945493864,0.2608092928637993,0.26142169388798797
ZNF554,ENSG00000172006,chr19,2809867,2846735,227,0.4926316561046276,0.5198645863083783,0.3846034680256607,0.40841080504292465,0.4356099875243802,0.4633583370576343,0.3433100802184662,0.27032876595108857,0.39037702279025666
ZNF555,ENSG00000186300,chr19,2831436,2870471,272,0.6007398853347867,0.6831125242771577,0.5643998730494965,0.47944122133182715,0.6205924773766686,0.6181600479262342,0.4164583051435388,0.5310484863680263,0.7327502291507217
ZNF556,ENSG00000172000,chr19,2857334,2893445,279,0.5447873012041694,0.5560542465785787,0.5592157089042863,0.5226071477997645,0.5399024558117738,0.3899218706672607,0.3875758395681362,0.4221310303256476,0.4244770614247721
ZNF57,ENSG00000171970,chr19,2890897,2928473,360,0.4251212445154629,0.30348540576792804,0.25692205880769614,0.5569314293100643,0.35560308122701845,0.30915415682639324,0.3681284284402305,0.052512375484092044,0.0
ZNF77,ENSG00000175691,chr19,2923217,2954971,231,0.5001729158571454,0.3642244204337312,0.32504143695377363,0.6042183313004049,0.45312547874764064,0.37664936712198793,0.3881331521874558,0.076260273107771,0.06477648804230313
TLE6,ENSG00000104953,chr19,2967537,3005179,248,0.4365505832906293,0.5936353834893784,0.548869767121443,0.4118031331903664,0.49298332269653933,0.3390914757557819,0.3759933249791771,0.5614129764252016,0.5245111272018066
TLE2,ENSG00000065717,chr19,2987638,3057635,360,0.3403068898396279,0.3997576015740685,0.34316570247184497,0.347067517062002,0.2831910343749066,0.25303937080429,0.3018786743340609,0.2573823371701155,0.20854303364034468
TLE5,ENSG00000104964,chr19,3042909,3073107,57,0.1847162518491113,0.1582277140335393,0.19786841530803112,0.1853167741885994,0.24286158539294223,0.07799110037244103,0.04949623540258277,0.09425464516435769,0.12274951013421595
GNA11,ENSG00000088256,chr19,3084361,3133999,101,0.3791306664776663,0.653693006453423,0.5403520992691927,0.3814702707576255,0.594736571408844,0.37988487456756004,0.3188108359970657,0.6805447581579176,0.7416187967284119
GNA15,ENSG00000060558,chr19,3126032,3173749,55,0.32294049738176067,0.6271127177199182,0.526088020268372,0.3253582435560765,0.5546190171736646,0.31487077215565595,0.28561366778235814,0.671608325130554,0.7008654295038519
S1PR4,ENSG00000125910,chr19,3162345,3190332,91,0.3894565480117356,0.4306775259061712,0.41986275603602824,0.26150050694931676,0.33395362938530576,0.2561117523580342,0.23002357262023448,0.3071965147312882,0.3332846944690878
NCLN,ENSG00000125912,chr19,3175562,3219575,350,0.34942243042874144,0.4252527881385809,0.36629619257122703,0.25936080075933626,0.30914982267196356,0.2637730470207643,0.2421171752348957,0.290051919375661,0.3117077911615297
CELF5,ENSG00000161082,chr19,3214660,3307076,508,0.27154204568445095,0.2847728463487805,0.24135245280965634,0.31671824929968995,0.25879878402311096,0.18788124281125357,0.20825996522772558,0.14727384651772019,0.12689512410124817
NFIC,ENSG00000141905,chr19,3304402,3479217,1039,0.47846622204746775,0.5327034791695743,0.5046736656767868,0.5060905176725186,0.5218546972707996,0.3546170190337271,0.3641768376113512,0.40617425552883873,0.39661443695121457
SMIM24,ENSG00000095932,chr19,3463985,3490525,115,0.2184423006272394,0.23357637257930514,0.243984569154247,0.1850536188633457,0.19505649516602416,0.11639651606921109,0.12683499863391184,0.1496237076334982,0.13918522506879744
AC005787.5,ENSG00000284638,chr19,3472803,3493446,103,0.2382082755233906,0.24330999232950537,0.19298362752164677,0.1693252562329371,0.20257511214004614,0.16823618789149103,0.11897547070130178,0.1105654226174477,0.15982613980763694
DOHH,ENSG00000129932,chr19,3480820,3510674,189,0.2777229095850377,0.301289364722287,0.25486177202336474,0.30393996558233144,0.27720625130877635,0.19483974354437172,0.19810329449836983,0.16367884847278913,0.16041529751879102
FZR1,ENSG00000105325,chr19,3496310,3548334,310,0.36476859090691416,0.3802617811887474,0.36107561634436214,0.3125562583108977,0.28802615579593127,0.24212743674652565,0.25675964848836086,0.2363306810834847,0.22169846934164947
MFSD12,ENSG00000161091,chr19,3528260,3584290,390,0.364753011654296,0.4239354565421441,0.35636332322695724,0.3424961170457964,0.3489936039225098,0.2823280445288846,0.2708021837227201,0.2692075254206773,0.2807333862268418
C19orf71,ENSG00000183397,chr19,3529170,3554030,178,0.4080935946764051,0.4192248375710979,0.35708192879077616,0.3475959321410563,0.330690701465916,0.3130301785890591,0.28448687889179913,0.23036140220996243,0.2589047019072225
HMG20B,ENSG00000064961,chr19,3562776,3589088,182,0.2500129696833263,0.36965553849135935,0.2876343518802646,0.25475330673367824,0.2561161020947793,0.20501213078421499,0.22982926035142356,0.2564767139340507,0.2316595843668421
GIPC3,ENSG00000179855,chr19,3575477,3603541,191,0.2379201138952105,0.27906869328846245,0.19430661038915858,0.2877028682156371,0.2876810698028827,0.1914316469378392,0.1636210118817849,0.13577977431697366,0.1635904093730279
TBXA2R,ENSG00000006638,chr19,3584506,3616875,228,0.3031107561000864,0.2519641710495084,0.15775032018184632,0.3140794886922517,0.2106857892521484,0.23987720525388156,0.2153535674996576,0.050427197234497984,0.07495083498872201
CACTIN,ENSG00000105298,chr19,3600644,3636815,289,0.3304497811354325,0.24620585252825583,0.17852803377107046,0.39836420896430874,0.26853078893895216,0.24356380109059855,0.23901941385040307,0.03907216112188297,0.043616548362078456
PIP5K1C,ENSG00000186111,chr19,3620182,3710468,676,0.3780743927636902,0.44216779618927765,0.31243593597084235,0.43178012270201843,0.367294014900074,0.3420157990046465,0.3455972279160372,0.24168127283512925,0.23809984392373862
TJP3,ENSG00000105289,chr19,3698361,3760813,411,0.4333993057739598,0.5806862344228954,0.5060173513818749,0.3700433035245601,0.4647274595208582,0.3659906875579407,0.35313037640780737,0.5031451078862861,0.5160054190364194
APBA3,ENSG00000011132,chr19,3740771,3771692,194,0.4186090284107685,0.5613989391820838,0.46083845024321796,0.27840684551167083,0.4854892624104212,0.3743784061755214,0.24295998361655097,0.4497866181802529,0.5812050407392235
MRPL54,ENSG00000183617,chr19,3752681,3778575,124,0.4490520687588213,0.448908540262737,0.4077844710320146,0.39086334367396625,0.387144583424057,0.33404241338336293,0.300970451947827,0.2618120815865777,0.2948840430221136
RAX2,ENSG00000173976,chr19,3759088,3782228,123,0.46831130492884127,0.5880667027796366,0.4566359823639091,0.44668281035919655,0.4823413184068922,0.454307580988549,0.4101392675085408,0.4325862617018476,0.4767545751818558
MATK,ENSG00000007264,chr19,3767969,3812129,286,0.4448313594411613,0.6252107804112722,0.5439410469007198,0.4099429909192659,0.5294097934440997,0.3923708259758459,0.37757999993556973,0.5890206661594044,0.6038114921996808
ZFR2,ENSG00000105278,chr19,3794023,3879038,602,0.36119675950603286,0.3617749270949613,0.3481184544156018,0.3448778650609397,0.3312991035138205,0.2346653283797185,0.23478973244598655,0.2143989506214325,0.21427454655516442
ATCAY,ENSG00000167654,chr19,3869863,3938082,349,0.4021183297602594,0.40393370838429143,0.4006006445196618,0.3200065952083038,0.32524775407275436,0.2599693058244524,0.25483293584829336,0.2574340847345243,0.2625704547106833
NMRK2,ENSG00000077009,chr19,3923102,3952416,137,0.5531823157212357,0.36986223349742114,0.5521928549569939,0.40124538654536074,0.46323671917290954,0.23201441008305984,0.176261066084627,0.22980239643160583,0.2855557404300387
DAPK3,ENSG00000167657,chr19,3948452,3981123,132,0.34952398315687644,0.3632296460736008,0.3434211781745076,0.3881465611941564,0.3209519526665767,0.23034226103800137,0.27777265625118064,0.22100393926148953,0.17357354404831019
EEF2,ENSG00000167658,chr19,3966055,3995463,27,0.37210788436420855,0.28872831991622494,0.14621228508314815,0.5392190094585495,0.19974775880287693,0.3240075182637389,0.4463524682217817,0.016693294078055337,0.0
PIAS4,ENSG00000105229,chr19,3997735,4049386,0,,,,,,,,,
ZBTB7A,ENSG00000178951,chr19,4033302,4076899,106,0.5847739302488354,0.5755184170952113,0.6450773060003975,0.6244881617880614,0.642927616682414,0.3499817718183703,0.40326758896845816,0.5069048877368388,0.453619070586751
MAP2K2,ENSG00000126934,chr19,4080320,4134122,43,0.4786180515337378,0.4959132050845534,0.39776410336354995,0.5449213697266161,0.3568481623308487,0.41458657870604115,0.5154587158055859,0.27042023489771194,0.16954809779816732
CREB3L3,ENSG00000060566,chr19,4143630,4183054,79,0.6372076134954016,0.5792197539930237,0.5627002542499772,0.6694186962472839,0.6398807428048326,0.5262163534641808,0.4756135889118013,0.3394282090961267,0.39003097364850625
SIRT6,ENSG00000077463,chr19,4164108,4192566,129,0.5332409177135903,0.48453455985923516,0.41463620554203573,0.5500095799793171,0.47089122471609784,0.44455265161252333,0.4123263802936998,0.2181323675939924,0.250358638912816
ANKRD24,ENSG00000089847,chr19,4173353,4234814,152,0.41855709267298086,0.41170122997627556,0.3719958283526671,0.4090876342526683,0.3496719499721,0.3037771858132525,0.3131647753328012,0.22674316203034806,0.21735557251079946
EBI3,ENSG00000105246,chr19,4219522,4247528,0,,,,,,,,,
YJU2,ENSG00000105248,chr19,4237079,4279088,121,0.40979877491156935,0.37847697672894853,0.39012314206747994,0.293000460647007,0.18401667739941957,0.2541879251780592,0.30947311322731796,0.22139439885553713,0.16610921080627836
SHD,ENSG00000105251,chr19,4269265,4300722,222,0.38945792750952274,0.43942968191688,0.35822893986725995,0.3167084415343658,0.30928606223898825,0.3143425091499914,0.29480234788902626,0.26445807919758213,0.28399824045854727
TMIGD2,ENSG00000167664,chr19,4282231,4312431,174,0.31448777005921474,0.534413506275016,0.47188657857132044,0.2951598661854095,0.4082776175038775,0.2518010627542747,0.29476197558187794,0.5126563285540128,0.46969541572640955
FSD1,ENSG00000105255,chr19,4294597,4333843,83,0.2790509799337395,0.7364395387629542,0.6571178347341641,0.2844414924486663,0.6241731342703668,0.2951454510141319,0.34476884477835923,1.0383270318971842,0.9887036381329569
STAP2,ENSG00000178078,chr19,4314042,4352786,0,,,,,,,,,
MPND,ENSG00000008382,chr19,4333526,4370086,10,0.41609346574268613,0.582844971453667,0.4535237495585584,0.2674141487104024,0.2756963431305536,0.40402363917374495,0.431463769025343,0.47027371600501694,0.44283358615341895
SH3GL1,ENSG00000141985,chr19,4350369,4410547,230,0.45365715173319215,0.4481618757614411,0.4758519768009391,0.3760387145843977,0.37760553614763054,0.27651397722185483,0.295993141523782,0.3179865516813288,0.2985073873794016
CHAF1A,ENSG00000167670,chr19,4392639,4455018,311,0.42507112745975695,0.44320106923232166,0.38953215778801836,0.3753550211096633,0.3970458499980821,0.32276518735926485,0.27510439653350316,0.26278590292117576,0.31044669374693734
UBXN6,ENSG00000167671,chr19,4434998,4467794,174,0.3730080410165951,0.40176122265299946,0.33313851510327686,0.3304893560376975,0.35738008855454695,0.28770697553578517,0.23638584004040897,0.22605833596963576,0.27737947146501196
HDGFL2,ENSG00000167674,chr19,4462296,4512208,317,0.3361304603874566,0.4325389256353723,0.3275647980165149,0.42927022117935965,0.42930438007685195,0.289701611313767,0.2832616351769719,0.2768815120932806,0.28332148823007564
PLIN4,ENSG00000167676,chr19,4492179,4528465,196,0.3864992122316917,0.46085043386309227,0.41901539398625864,0.4507536802548625,0.41847489515504016,0.28165248549632116,0.33743469561378986,0.33610977287491317,0.2803275627574444
PLIN5,ENSG00000214456,chr19,4512530,4545224,67,0.6301248519879501,0.501769351904977,0.032370245775402574,0.622053700628124,0.02884387585880124,0.829188089154893,0.8202136411742984,0.0,0.0
CTB-50L17.14,ENSG00000267385,chr19,4518426,4550067,57,0.2596284283561254,0.32815168087600743,0.5369136292806506,0.2543157473938847,0.5438579651439963,0.0,0.0,0.43348064051316265,0.4446103476456402
LRG1,ENSG00000171236,chr19,4526401,4550036,0,,,,,,,,,
SEMA6B,ENSG00000167680,chr19,4532592,4591776,218,0.3180347114896479,0.5162133640473606,0.37274095647990513,0.34131358323521865,0.3725627558819589,0.32124607360273016,0.33875369337221195,0.4048652306676018,0.38735761089812004
TNFAIP8L1,ENSG00000185361,chr19,4629515,4665568,208,0.2378366145025154,0.3451413963891995,0.2679096795700137,0.2643575164601646,0.30144768063178107,0.1915394422748383,0.18580088635062977,0.23179649672575925,0.2375350526499678
MYDGF,ENSG00000074842,chr19,4631373,4680362,285,0.2829553687871323,0.34083372354163993,0.2463233543503604,0.26960625930320237,0.27579415199050883,0.23330239913035883,0.20413568642918062,0.1834770608504007,0.21264377355157887
DPP9,ENSG00000142002,chr19,4665223,4734673,448,0.3980982738184309,0.3377632452599038,0.31543165955251473,0.35841129621024326,0.30049748580511004,0.2704132223412498,0.24927704485561833,0.1417189290811744,0.16285510656680585
FEM1A,ENSG00000141965,chr19,4781733,4811273,209,0.2687495112475631,0.43889484773588006,0.36447296536280377,0.27278519121558537,0.3989912616816754,0.2187727586836241,0.19361726056120532,0.3590741951490275,0.3842296932714463
TICAM1,ENSG00000127666,chr19,4805931,4841712,227,0.3426378621693923,0.44721363415547977,0.4013917917585617,0.3204606341252494,0.37249351733003844,0.2495779563021358,0.2565612535211531,0.34320571434307084,0.33622241712405354
PLIN3,ENSG00000105355,chr19,4828340,4877694,276,0.4056321766988449,0.4360201499012217,0.35920851111002033,0.4212129438910984,0.39527062065695706,0.32397125484584005,0.30829158740054113,0.24876550005167025,0.2644451674969693
ARRDC5,ENSG00000205784,chr19,4880436,4912896,151,0.3738728464136754,0.5362943297279582,0.43412267862292625,0.3611634250214321,0.3498166053232133,0.33366454807358625,0.39305552881483563,0.4348407112657763,0.37544973052452685
UHRF1,ENSG00000276043,chr19,4893079,4972154,488,0.30733156399918254,0.4445891024249093,0.3755882751968981,0.2999710489892351,0.3385537915835747,0.24215280599060143,0.2656770265298895,0.34589427718224897,0.3223700566429608
KDM4B,ENSG00000127663,chr19,4959112,5163598,1329,0.36373231659964966,0.5209206497097719,0.47909241412837006,0.3570969734978106,0.48182438741939215,0.267921162038765,0.26010467179049784,0.46796787502631965,0.4757843652745868
PTPRS,ENSG00000105426,chr19,5148494,5350803,1197,0.42408082151565374,0.4405088155177059,0.3937315901216978,0.4244865022068964,0.38968104348288674,0.3160414901494226,0.319723262776481,0.2646860172686801,0.2610042446416218
ZNRF4,ENSG00000105428,chr19,5445416,5466856,143,0.37178387602443935,0.5421659998905508,0.4765881015791202,0.3846811752418961,0.40480166473795354,0.29936653739974156,0.3740013723010308,0.4818820683432139,0.4072472334419246
TINCR,ENSG00000223573,chr19,5548166,5588349,61,0.4536007804219534,0.6495102780381131,0.5154948398503353,0.5514429985389938,0.5358071275416298,0.4641010493247052,0.5413441345736325,0.5843228475445912,0.5070797622956636
SAFB2,ENSG00000130254,chr19,5576998,5634046,182,0.5629350035701457,0.5252410671922334,0.4805039841443191,0.5496197495483494,0.5248410631975049,0.458862668843636,0.3992526192794679,0.28608544480897335,0.34569549437314145
SAFB,ENSG00000160633,chr19,5613034,5678478,284,0.42518189067051065,0.44103986275430107,0.4464767512310979,0.3571658549621048,0.44317699857117615,0.2719636072548657,0.21901889286352916,0.3097135119455026,0.3626582263368392
RPL36,ENSG00000130255,chr19,5664946,5701875,201,0.23411480640723964,0.22170565911839527,0.196529448955592,0.28247485470640543,0.2654086587837707,0.14927937456893847,0.13707842484433885,0.10137112160161352,0.11357207132621314
MICOS13,ENSG00000174917,chr19,5668420,5690516,107,0.2682401547619962,0.28238612680686964,0.27304939806181305,0.32304948094241354,0.3503399402560396,0.1626148916061826,0.14533734751708235,0.16920874405189704,0.18648628814099727
HSD11B1L,ENSG00000167733,chr19,5670603,5698523,157,0.24104455232755095,0.3156637617538261,0.2901941620685726,0.3054911275306441,0.3183986078899814,0.15617714687019948,0.18027299312084677,0.2231287588901807,0.1990329126395335
LONP1,ENSG00000196365,chr19,5681833,5730572,225,0.3281957892211842,0.3407878907661502,0.2773977697827558,0.3610774159162699,0.25505192990153797,0.2448009454944891,0.28512057349012265,0.17190898547091998,0.13158935747528647
CATSPERD,ENSG00000174898,chr19,5710636,5788734,400,0.41450545723439924,0.46709829096997235,0.43108554740669514,0.4942547502773074,0.4450622812691778,0.3003457480897717,0.3611205440653117,0.32907253455775204,0.268297738582212
PRR22,ENSG00000212123,chr19,5772959,5794746,165,0.319659754441414,0.3427973080213132,0.29066383481564056,0.34471271951551125,0.3435192258721671,0.23074965830204688,0.2107912344789785,0.18901313839224568,0.20897156221531404
CTB-54O9.9,ENSG00000267157,chr19,5774004,5795619,166,0.2912870382755865,0.297703328546467,0.20708589166658534,0.2990471215219372,0.24554562320796078,0.23283183184413014,0.21347674961108798,0.12056752347802258,0.13992260571106482
DUS3L,ENSG00000141994,chr19,5774831,5801225,194,0.3185291854596057,0.24306810560331682,0.20842269202328004,0.30086055039532883,0.24355158582798198,0.21412805988273204,0.17863305854432374,0.06435393748118384,0.09984893881959211
NRTN,ENSG00000171119,chr19,5795066,5838324,271,0.3247681253424334,0.3791688580347696,0.3291473645043042,0.34739923426115893,0.41354472712555695,0.23509474542432734,0.184913496850118,0.24160140169886865,0.2917826502730779
FUT6,ENSG00000156413,chr19,5820407,5849722,210,0.30031139096831566,0.41864141525361526,0.33554568954624214,0.274939688228632,0.3522158669784365,0.24535912661888346,0.2148450999078755,0.29702840044206513,0.3275424271530731
FUT3,ENSG00000171124,chr19,5832887,5861474,144,0.42932805196956025,0.44935732805789746,0.48623412159979323,0.38439519867518107,0.3964456844500465,0.2458111689756391,0.2884500122576971,0.3508580194980763,0.30821917621601824
FUT5,ENSG00000130383,chr19,5855825,5880540,181,0.41715604318595684,0.46224600803318333,0.4820023864172281,0.4419029536642394,0.4472928031188129,0.25120261384579784,0.3053248010230055,0.36915147355381894,0.3150292863766113
AC024592.12,ENSG00000267740,chr19,5856170,5913787,375,0.38261186351728294,0.43057512326905334,0.4181041351126743,0.40988586451833015,0.43007738065745027,0.2519610122649852,0.26415652181501864,0.31116740345112465,0.2989718939010913
NDUFA11,ENSG00000174886,chr19,5881275,5914006,192,0.3577178632923681,0.42601482465525564,0.3882593232186177,0.39886963479228144,0.39161854929110845,0.25321624972763446,0.28357097818092325,0.3019354601939895,0.2715807317407007
AC104532.2,ENSG00000267314,chr19,5894840,5924707,173,0.46002726275463457,0.43547488251498956,0.4039416124874413,0.48420826920938603,0.4148204520179042,0.335295188735688,0.3489930297721647,0.23647521254473142,0.22277737150825472
VMAC,ENSG00000187650,chr19,5894871,5920853,153,0.4458666743197843,0.4453219616570402,0.4110581163915038,0.47654315137411063,0.41208999150951653,0.325144817990733,0.35274336787528304,0.2642226266682792,0.2366240767837292
CAPS,ENSG00000105519,chr19,5902338,5926211,147,0.45991399961092116,0.5384754879046062,0.41451599478937834,0.5008302982714501,0.34020610492970144,0.4269652950595776,0.526100748488672,0.3462548174239655,0.2471193639948711
RANBP3,ENSG00000031823,chr19,5906138,5988142,432,0.4080506005825498,0.5591782352827832,0.5371989425072189,0.46135652175791336,0.5168688282328072,0.2864953849506641,0.3551744695705327,0.5326192619189191,0.4639401772990505
RFX2,ENSG00000087903,chr19,5983163,6209572,1427,0.3658362426643011,0.39946492989734367,0.38821397715385336,0.3810686010747724,0.3524598684877627,0.23700480487713174,0.27756028379481146,0.2729294327870938,0.2323739538694141
ACSBG2,ENSG00000130377,chr19,6125246,6203094,606,0.3850351278652195,0.4771998001224601,0.4881756070830298,0.4719098009743052,0.4665953146565764,0.23248617541961702,0.3292846049684467,0.41606973949129467,0.31927130994246494
MLLT1,ENSG00000130382,chr19,6200380,6289975,707,0.3158945804486439,0.3895561753127689,0.34598925746882614,0.3573931386514996,0.35063082702148846,0.2242903771161274,0.25201863467574237,0.2692786278032444,0.2415503702436294
ACER1,ENSG00000167769,chr19,6296141,6343612,391,0.36895194796604663,0.3134351462705881,0.26432763540372406,0.3457307791118015,0.3313398223611052,0.2647287195556608,0.19890582201017107,0.11132586857207707,0.17714876611756675
CLPP,ENSG00000125656,chr19,6351530,6380242,192,0.2572207968380613,0.22519210805448656,0.09302140324769113,0.3473749355047779,0.19571204531725422,0.22743009125845,0.23204736440508264,0.027710070458630304,0.023092797311997704
ALKBH7,ENSG00000125652,chr19,6362793,6385250,161,0.23436299064138585,0.3343180502184555,0.09038614000168652,0.4602097188401424,0.16575378841228214,0.2896276379347249,0.4211455780036417,0.11731563745227969,0.0
PSPN,ENSG00000125650,chr19,6365147,6389058,168,0.39968002192987184,0.306450767111957,0.06281854227452191,0.47285886288351303,0.1546035598895061,0.4056735808362101,0.4191352010090772,0.0,0.0
GTF2F1,ENSG00000125651,chr19,6369571,6403981,216,0.3817270433339825,0.36593285552621646,0.16106100047420413,0.40177360779540233,0.23243346499633363,0.3804041921496782,0.3524281628582937,0.0751962318928204,0.10317226118420492
KHSRP,ENSG00000088247,chr19,6403101,6434811,152,0.4073158007726661,0.36926563401483675,0.3079909352435218,0.444488450108939,0.2626826325518012,0.3079039117907819,0.37199974879944514,0.15296656636633604,0.08887072935767293
SLC25A41,ENSG00000181240,chr19,6416036,6443779,163,0.3057573447578127,0.25123033531547667,0.217973990146104,0.3824095606371414,0.2428089994700884,0.2041951602515972,0.2465569411651041,0.0851287062941394,0.04276692538063254
SLC25A23,ENSG00000125648,chr19,6426078,6475203,275,0.28475064809588246,0.37527180586911146,0.2971560321660966,0.3312992257945719,0.30822480183452544,0.22647115135644763,0.25218148554470016,0.24396746187168292,0.21825712768343045
CRB3,ENSG00000130545,chr19,6453776,6477221,117,0.336640550364395,0.35861086074419407,0.3709970171548926,0.38938423361267377,0.36227130889826115,0.1954689620222547,0.24378198373817317,0.24864996271633585,0.20033694100041743
DENND1C,ENSG00000205744,chr19,6457206,6492557,195,0.32940590539521497,0.3373450375004204,0.2988103532319724,0.3500360111909676,0.29709347232443145,0.22805760143754614,0.24490390210337676,0.18344324137613452,0.16659694071030393
TUBB4A,ENSG00000104833,chr19,6484318,6512848,118,0.4361645216964118,0.4645906576706803,0.34654843685868025,0.44373726388389906,0.3880651188434207,0.3861148030821999,0.3600544213509177,0.238608895714297,0.2646692774455791
TNFSF9,ENSG00000125657,chr19,6521025,6545924,92,0.43362875362421094,0.5479278751331154,0.4804622116059359,0.4456016297475146,0.45959759486306234,0.3538016579516326,0.38417204605764793,0.4401118856383708,0.4097414975323555
CD70,ENSG00000125726,chr19,6573182,6614103,0,,,,,,,,,
TNFSF14,ENSG00000125735,chr19,6651252,6680588,0,,,,,,,,,
C3,ENSG00000125730,chr19,6667703,6740562,196,0.332942605887845,0.3432154789568529,0.27966756461071074,0.4675133354264464,0.35182912306927056,0.24861800963233555,0.3084978973466339,0.17178127871958213,0.11190139100528373
GPR108,ENSG00000125734,chr19,6719913,6747603,203,0.37979908331162415,0.3592852816314306,0.28809140455443766,0.4912203340430044,0.3676297330140057,0.29153850977286455,0.331315509917408,0.15363246850324705,0.11385546835870358
TRIP10,ENSG00000125733,chr19,6727924,6761530,265,0.36772495037814296,0.38153077931571994,0.34296116348456956,0.4484396716050963,0.3443814779212735,0.25946323845305863,0.32666786452535523,0.2210446143903163,0.15383998831801982
SH2D3A,ENSG00000125731,chr19,6742159,6777463,240,0.32457777428090034,0.38688211656338084,0.3563450623456981,0.30293273510288504,0.3153423646174505,0.2205114061374418,0.23561752715518935,0.26868664962750577,0.2535805286097582
VAV1,ENSG00000141968,chr19,6762707,6867366,784,0.35381659781663327,0.3295804708641297,0.3581742857083733,0.3895675175365804,0.3712809205191905,0.19654251281820537,0.2146842242536086,0.20330908684774637,0.18516737541234315
ADGRE1,ENSG00000174837,chr19,6877565,6950459,594,0.34546050342970497,0.33021450563503985,0.2616122759038828,0.32600827328415305,0.2967370951552806,0.26066745193282903,0.22165536854218304,0.1401303235899413,0.17914240698058728
MBD3L2B,ENSG00000196589,chr19,7008968,7031432,0,,,,,,,,,
MBD3L5,ENSG00000237247,chr19,7020577,7043011,0,,,,,,,,,
MBD3L4,ENSG00000205718,chr19,7027748,7050179,0,,,,,,,,,
MBD3L2,ENSG00000230522,chr19,7039320,7061735,0,,,,,,,,,
MBD3L3,ENSG00000182315,chr19,7046208,7068640,0,,,,,,,,,
ZNF557,ENSG00000130544,chr19,7059702,7097968,73,0.4397639256162306,0.4412581996071601,0.41218554473068325,0.34241893983316,0.43439969156590685,0.3150604488079537,0.2156937130502964,0.2670073592662257,0.3663740950238831
INSR,ENSG00000171105,chr19,7102254,7304414,1170,0.3664860424469322,0.5132675428190936,0.4454226207791481,0.4028332115713629,0.5026467931845777,0.29348249446356184,0.26857233775099587,0.42655818163294124,0.45146833834550715
ARHGEF18,ENSG00000104880,chr19,7338936,7482485,833,0.3831260482585188,0.30593883309822256,0.3197572993492528,0.31001035360538254,0.26726058244039136,0.23149006097250155,0.21265436537884608,0.13370512464056877,0.1525408202342243
PEX11G,ENSG00000104883,chr19,7466874,7507449,360,0.241904737493684,0.31338135153907715,0.2495408573011697,0.29548951933709006,0.2094189464453332,0.18292619667279492,0.2456206078521918,0.1930500410648418,0.1303556298854449
TEX45,ENSG00000198723,chr19,7482975,7518450,249,0.19982123483036326,0.23860502531585676,0.16284128544683352,0.21161807732341567,0.19003614876185507,0.15889077581159922,0.14980500391781548,0.11371225934354959,0.12279803123733332
CTD-2207O23.12,ENSG00000267952,chr19,7497051,7529622,173,0.24335633839353496,0.29041833439580306,0.24005366309086584,0.2756944563965571,0.1652434026634535,0.17371754462255526,0.24250327160947283,0.1693621413471123,0.1005764143601948
ZNF358,ENSG00000198816,chr19,7505291,7531025,128,0.15617378162720802,0.210210243890648,0.20736114767636266,0.19222500327954875,0.19695909090909094,0.0867048139189572,0.1150553040396842,0.1492836865285359,0.12093319640780888
MCOLN1,ENSG00000090674,chr19,7512623,7544009,148,0.17785574960295258,0.3941475216504446,0.35895238891086134,0.22302863558881977,0.287068068950513,0.12615331064298463,0.20755060472447132,0.37496544697170375,0.2935681528902171
CTD-2207O23.10,ENSG00000268614,chr19,7523594,7550059,117,0.1809907465300347,0.34349892694103695,0.34511231660526737,0.23629428133696032,0.2867839545422647,0.0985996568184167,0.17621640216578927,0.32223129390740995,0.24461454856003745
PNPLA6,ENSG00000032444,chr19,7524003,7571764,117,0.16515617481029665,0.34349892694103695,0.3247776575349239,0.21354136002355023,0.31212638857148295,0.10431415597366883,0.14344796689570768,0.3165167947521578,0.277382983830119
CAMSAP3,ENSG00000076826,chr19,7585862,7628304,73,0.33625166354377967,0.4223026834045198,0.15129480624176808,0.31077964426335936,0.31365873118358917,0.39725702076640024,0.27225958104509973,0.15144820041856724,0.2764456401398678
XAB2,ENSG00000076924,chr19,7609524,7639545,200,0.2339614472186466,0.25864045064853597,0.12229935131554749,0.26488661191456003,0.2227455929650287,0.21767131988313837,0.17750625585542246,0.08159822968809397,0.1217632937158099
PET100,ENSG00000229833,chr19,7619792,7641956,195,0.2267157000789615,0.25344518817097345,0.17402573344275,0.23651267973140477,0.24062232353225427,0.179101544824183,0.14344448677676866,0.11318469478508084,0.14884175283249523
CTD-3214H19.4,ENSG00000268400,chr19,7619795,7653048,272,0.21874233131928028,0.26733603841973297,0.20798539138066197,0.2312631794034533,0.2473020783330667,0.16237147238056815,0.14499171531797847,0.14869665242357333,0.16607640948616306
PCP2,ENSG00000174788,chr19,7621610,7643719,188,0.24617171715486294,0.25505779000186163,0.12670656830667748,0.2169987799918666,0.24905237138283226,0.22077782586995137,0.1263251468882859,0.07367080821366831,0.16812348719533377
STXBP2,ENSG00000076944,chr19,7626880,7657873,257,0.1387066937394821,0.20718771296326421,0.19017006411479853,0.21552774826449841,0.20901844708843653,0.08527898181831609,0.12021612158329023,0.14688981598769613,0.11195267622272198
RETN,ENSG00000104918,chr19,7659048,7680455,139,0.29163199196750517,0.39300361512574855,0.3780671672425428,0.3524703713540283,0.2610340549898025,0.18455040032277087,0.3156598649846366,0.31468204334371297,0.1835725786818472
MCEMP1,ENSG00000183019,chr19,7666627,7689826,167,0.40162600355122946,0.48893679673336843,0.44027861613696706,0.32504225825167726,0.3452740612861459,0.30224258574727353,0.32041433038819145,0.3690194252262834,0.3508476805853653
CTD-3214H19.16,ENSG00000269711,chr19,7668500,7692854,181,0.29131242828735887,0.3195108189123151,0.3530035832699354,0.25323293797009916,0.30518050922926615,0.14693467138527663,0.15642106829729926,0.2380086841068357,0.22852228719481305
TRAPPC5,ENSG00000181029,chr19,7670832,7697703,230,0.313023942399219,0.317775521714608,0.31675550457003154,0.28967454792897096,0.23868011051243354,0.188474927806688,0.2258634518508684,0.1939216004429631,0.15653307639878275
FCER2,ENSG00000104921,chr19,7678757,7712146,286,0.28831654827209074,0.34412409479864475,0.26495237455158016,0.26374419635566126,0.2625048687647959,0.22704287409629004,0.2117327728334065,0.19474080273682434,0.2100509039997079
CLEC4G,ENSG00000182566,chr19,7718957,7743906,177,0.5691371700983302,0.7642728032201717,0.684022628366289,0.6621369811061362,0.7086916255895951,0.5674804556674513,0.6484109782941706,0.8775996327579718,0.7966691101312525
CTD-3214H19.17,ENSG00000288669,chr19,7718957,7755662,290,0.526342062916762,0.6685260600620135,0.6227605670217439,0.588964180114883,0.6105618140927133,0.4383003810702027,0.5251154364387427,0.6659057039312397,0.5790906485626997
CD209,ENSG00000090659,chr19,7729992,7757564,251,0.49367577720645445,0.6533809350127036,0.5651084905887725,0.5682489533968502,0.6196576844895533,0.45372413660506333,0.4663757169337634,0.6058047608746395,0.5931531805459394
CLEC4M,ENSG00000104938,chr19,7753209,7779605,184,0.32082031486431617,0.2417838749937597,0.1274562012426596,0.46985283884278684,0.3471008713804871,0.2636569680232726,0.24252741081861443,0.013129840618949312,0.03425939782360743
EVI5L,ENSG00000142459,chr19,7820232,7874976,249,0.49739372501500256,0.49511053684467027,0.5031284338994597,0.4466431546774916,0.4628026605648566,0.3359701114096413,0.3268890935822462,0.3474456470968501,0.35652666492424523
PRR36,ENSG00000183248,chr19,7858718,7884390,101,0.44965989558276404,0.3229249571183534,0.3465640294947882,0.354939815959557,0.3694019413130437,0.2808406280776472,0.18364910678140628,0.10913253792892907,0.20632405922516997
LRRC8E,ENSG00000171017,chr19,7878504,7912021,157,0.32164338726963726,0.3073988294390017,0.34928328091354777,0.30764458822321317,0.26770434567380974,0.16285111497461346,0.21169293204187084,0.20444984194389584,0.15560802487663847
MAP2K7,ENSG00000076984,chr19,7893842,7924478,144,0.33798668363517437,0.3204827980598001,0.29880031212100405,0.27509111051377355,0.26930199343992445,0.22193988347978622,0.1971635017562588,0.16443284664630342,0.18920922836983084
TGFBR3L,ENSG00000260001,chr19,7904829,7929097,117,0.311898786351574,0.350090668611642,0.3259634695078097,0.36469589536123664,0.30521548185932834,0.20513539250317586,0.26021018922325023,0.22578702349069427,0.17071222677061992
SNAPC2,ENSG00000104976,chr19,7910337,7933250,120,0.2708358472736269,0.4764364437244604,0.4460971550766189,0.2750611130482651,0.3137559751416719,0.18609363445912658,0.2961213889952413,0.4610032151335631,0.35097546059744833
CTXN1,ENSG00000178531,chr19,7914490,7936135,133,0.10762288860806567,0.3823448256542779,0.3429047207880315,0.11628637307802364,0.3127312120117875,0.08788258165366292,0.11520867672473212,0.3939423659085134,0.3666162708374442
TIMM44,ENSG00000104980,chr19,7916717,7953667,192,0.12368858809035457,0.40130684183494175,0.29671988030595287,0.1386052077367867,0.33253898733580345,0.14651991193015632,0.12896706128694554,0.366486157004482,0.3840390076476927
ELAVL1,ENSG00000066044,chr19,7948572,8015659,331,0.31162130124856985,0.30038701571824605,0.3042908919774591,0.33685155382356446,0.30680296059423656,0.18391024021251157,0.20077169875561315,0.17331773621799706,0.15645627767489553
CCL25,ENSG00000131142,chr19,8042317,8072660,189,0.45723592433352683,0.48890009317342176,0.44419154939158517,0.3795941803116051,0.4115609634303479,0.34746958735288586,0.30914485691297255,0.3237206081548222,0.3620453385947354
FBN3,ENSG00000142449,chr19,8055401,8159592,634,0.464926226275196,0.41058564958621907,0.37939422537520756,0.42492416384671056,0.34810507622458303,0.3384586430773199,0.32700366475094816,0.1901672184022315,0.2016221967286032
CERS4,ENSG00000090661,chr19,8196735,8272421,452,0.45366540350183676,0.5289821632100841,0.48877052454937675,0.3822721689039305,0.4874056338716375,0.3432231371117798,0.28314809051979334,0.40963617852870704,0.4697112251206935
CD320,ENSG00000167775,chr19,8292126,8318358,164,0.2931127237454549,0.3660280285879635,0.4624979447621125,0.31945235304955455,0.46511246894708036,0.09090595234320836,0.10745459995748485,0.3648445823082352,0.3482959346939587
CTD-2550O8.5,ENSG00000167774,chr19,8298282,8331379,268,0.2796249958588725,0.3038280720329144,0.3802272182572427,0.31169863243332635,0.4114143039133912,0.10586982025735822,0.10282719192585771,0.25628880595428744,0.259331434285788
NDUFA7,ENSG00000267855,chr19,8298767,8331375,268,0.2796249958588725,0.3038280720329144,0.3802272182572427,0.31169863243332635,0.4114143039133912,0.10586982025735822,0.10282719192585771,0.25628880595428744,0.259331434285788
RPS28,ENSG00000233927,chr19,8311157,8333340,171,0.25918223541370233,0.25881019859888504,0.2528041553354357,0.2677432275571266,0.249018185558984,0.15403560330785,0.16237437305574381,0.145462940935303,0.13712417118740913
KANK3,ENSG00000186994,chr19,8312583,8353262,239,0.27138585559757517,0.2795644459678933,0.23289166758796556,0.3367020672384048,0.21865399724782683,0.1896915246681498,0.2458465654050235,0.1382077890483006,0.08205274831142687
ANGPTL4,ENSG00000167772,chr19,8353288,8384370,126,0.32493683565900355,0.5659758142819314,0.4662719793393266,0.4311629950081538,0.5122109560138509,0.2998675701411854,0.34047205503733136,0.5347874488322766,0.4941829639361306
RAB11B,ENSG00000185236,chr19,8379980,8414434,206,0.46343338645911386,0.495363201279383,0.4450331441360178,0.45528368875189246,0.4531392393229066,0.3588169970913046,0.34392270437509936,0.32509932182560897,0.33999361454181426
MARCHF2,ENSG00000099785,chr19,8403269,8449017,210,0.5365360809919433,0.6860485285446661,0.6464537199502438,0.5584458662986007,0.6060350673364675,0.4439013567379845,0.5222390654001012,0.7146154977852108,0.6362777891230941
HNRNPM,ENSG00000099783,chr19,8434766,8499114,381,0.6082854463681592,0.6324964957523097,0.6087743561892534,0.5978198566967104,0.5991353877899483,0.4998867588270866,0.49887303198980987,0.5011356661797555,0.5021493930170322
PRAM1,ENSG00000133246,chr19,8480055,8512640,231,0.43997630866215387,0.5865957815772,0.5704777299996492,0.4332452397253672,0.5854718994172556,0.3090119649232156,0.28527175258669263,0.5743174626475447,0.5980576749840676
ZNF414,ENSG00000133250,chr19,8499677,8524167,199,0.2848226493101047,0.3789376122838406,0.38100009784356953,0.2941324925294317,0.3180770661037989,0.16594914927088122,0.22090641834028796,0.3103745895128318,0.2554173204434251
MYO1F,ENSG00000142347,chr19,8510777,8587577,479,0.315217945864052,0.3946048857603645,0.41281583580903086,0.2952154201104837,0.4068062023048537,0.17405592141712728,0.16475145579314515,0.3278180313111865,0.3371224969351685
ADAMTS10,ENSG00000142303,chr19,8570239,8620735,0,,,,,,,,,
NFILZ,ENSG00000268480,chr19,8620634,8687708,0,,,,,,,,,
ACTL9,ENSG00000181786,chr19,8687399,8708795,0,,,,,,,,,
OR2Z1,ENSG00000181733,chr19,8711633,8742160,173,0.5253846545938986,0.5904778853048057,0.5237932974624995,0.5147132107753355,0.5006476925564062,0.4480558525916672,0.46066810620672205,0.4447085204158482,0.4320962668007934
ZNF558,ENSG00000167785,chr19,8796169,8842314,269,0.6046240024446717,0.6426971413102066,0.5626432621678706,0.5482608792635093,0.4950239476037321,0.5650417521391424,0.5702888368159198,0.46412976103457226,0.45888267635779495
MBD3L1,ENSG00000170948,chr19,8822397,8853340,182,0.57833879456316,0.5940855445484494,0.5560746312293305,0.6241924683037045,0.47529995508348327,0.4765335707560956,0.6176812350949161,0.42507927168310305,0.28393160734428236
MUC16,ENSG00000181143,chr19,8838843,8991342,391,0.4968021668496235,0.5063635160428513,0.4765493405870386,0.5045048474480189,0.4514473014039119,0.37270763519014377,0.4038408385442384,0.333248259918649,0.3021150565645543
OR1M1,ENSG00000170929,chr19,9077060,9105669,0,,,,,,,,,
OR7G2,ENSG00000170923,chr19,9090406,9117475,0,,,,,,,,,
OR7G1,ENSG00000161807,chr19,9104827,9125763,0,,,,,,,,,
OR7G3,ENSG00000170920,chr19,9116011,9136950,116,0.3713242295058077,0.2732114633226627,0.2925349131501564,0.3101020631500541,0.2363711093674102,0.21859617020397712,0.21032898588615626,0.10052354470119795,0.10879072901901879
ZNF317,ENSG00000130803,chr19,9130396,9173424,417,0.25992357159597984,0.23760285524727626,0.17725070733898146,0.22731474351115266,0.15365088670373353,0.18859286866630398,0.18117390771781533,0.08269480306060298,0.09011376400909168
OR7D2,ENSG00000188000,chr19,9168978,9198818,177,0.23526940295337384,0.18557886654984349,0.12389600152472074,0.25156862931157187,0.1453048734591312,0.17061943816758532,0.1690215007393301,0.03465824563720579,0.03625618306546105
OR7D4,ENSG00000174667,chr19,9200275,9229589,201,0.3597188819733989,0.31418045707251413,0.12869871281801856,0.3939447671217472,0.13228205753773317,0.3426106212687081,0.36801816415566285,0.03453012155011173,0.009122578663156966
OR7E24,ENSG00000237521,chr19,9237343,9262625,34,0.17028275710269997,0.12397256160311498,0.10912532457206348,0.1853671423177653,0.02410108428398098,0.10173832805845015,0.15648967343975506,0.03061953810695736,0.0
ZNF699,ENSG00000196110,chr19,9281139,9319838,206,0.41777404022211273,0.2945089022927756,0.26838042067590767,0.3432838503568426,0.2334134682384146,0.28863159262726457,0.2517784125853813,0.06022953355802435,0.09708271359990758
ZNF559,ENSG00000188321,chr19,9313771,9361162,292,0.35200452831641565,0.23508700638728705,0.18717524136428493,0.3318379814483089,0.16331383925993231,0.2473125072791766,0.24645577073451175,0.020680678184199136,0.021537414728863974
ZNF559-ZNF177,ENSG00000270011,chr19,9314173,9392617,503,0.38584483366789457,0.2686968597181755,0.1782944112403692,0.3507181804837854,0.1841014085593425,0.30203088443160925,0.270675212829106,0.010896328173961106,0.04225199977646432
ZNF177,ENSG00000188629,chr19,9353019,9392617,253,0.370408597052114,0.2450363222281234,0.16575843984203487,0.40480459926705986,0.17811567424286548,0.28126879923711384,0.30189777290328507,0.0,0.0
ZNF266,ENSG00000174652,chr19,9402428,9445573,113,0.37462461612256615,0.26958394842713246,0.1833712323124636,0.40070275127192045,0.15782223738234047,0.2904867483827893,0.32718718417121834,0.023654225145954777,0.0
ZNF560,ENSG00000198028,chr19,9456354,9508616,0,,,,,,,,,
ZNF426,ENSG00000130818,chr19,9513222,9548645,149,0.27609368441248167,0.2007619114731058,0.14758581387079184,0.32386710056800655,0.20947843652058504,0.19375347573609558,0.19019983775477717,0.030342918730384555,0.033896556711702996
ZNF121,ENSG00000197961,chr19,9550328,9594504,301,0.2787619298399368,0.18102803775746004,0.17443900827811148,0.3205768500974291,0.20313949772160247,0.16739964894190434,0.17957046781375685,0.03230578090925751,0.020134962037405058
ZNF561,ENSG00000171469,chr19,9594679,9631236,130,0.30304106222526545,0.2999702062243289,0.17386855087103562,0.2636130426135145,0.1543765691888084,0.263329893164472,0.247475393844992,0.09330248914334657,0.10915698846282645
ZNF562,ENSG00000171466,chr19,9631806,9685100,0,,,,,,,,,
ZNF846,ENSG00000196605,chr19,9741992,9803180,132,0.15017445350533198,0.12930658202977408,0.006897195348755291,0.19749155464669857,0.02647129656058228,0.1471342258432803,0.16582514152779004,0.0,0.0
FBXL12,ENSG00000127452,chr19,9800266,9837816,196,0.37730697869880964,0.2873086638974327,0.17349751269879427,0.4539374475034235,0.170807312379897,0.31092806651607463,0.37821294436183006,0.02777879447583842,0.0
UBL5,ENSG00000198258,chr19,9817891,9840115,100,0.27044448216400546,0.3163870844828407,0.21911758489061858,0.41651469316724277,0.2567011920004878,0.2241762735894339,0.3112211461439398,0.1561871609459544,0.06914228839144854
PIN1,ENSG00000127445,chr19,9825256,9859689,172,0.41563248644719986,0.22841067332847173,0.27251376194214255,0.4920835931612769,0.30696454819502234,0.23918391197399075,0.28503355254231943,0.020118918794474083,0.0
OLFM2,ENSG00000105088,chr19,9843717,9946515,573,0.41859717093913384,0.45057131862571315,0.4118002924962507,0.49750248922111767,0.4891543360074068,0.30524948828357407,0.30767656635246426,0.29362681349596487,0.2911997354270747
COL5A3,ENSG00000080573,chr19,9949560,10020504,557,0.2976201333403867,0.3704317344493329,0.3001240995898663,0.31900186268752007,0.29163291243440526,0.22957482161063436,0.2510619304803583,0.2331461656830704,0.21165905681334649
RDH8,ENSG00000080511,chr19,10003248,10032279,196,0.3633036876517363,0.5706541157478024,0.43072240762972874,0.32154729621731043,0.46137771756315177,0.36678390396738814,0.3073461043197247,0.4787085239391789,0.5381463235868423
SHFL,ENSG00000130813,chr19,10076121,10103252,100,0.3835575101463777,0.5027375630570873,0.46393625258425336,0.42121702716610177,0.4417712960430254,0.2794627012563481,0.331239257983795,0.41917464885569466,0.36739809212824776
ANGPTL6,ENSG00000130812,chr19,10082337,10112678,149,0.48711694231720126,0.5794087644722701,0.5415351698122803,0.48007877965965035,0.5999570495001886,0.3769647875068937,0.30199423539672754,0.4891290664462741,0.5640996185564404
PPAN-P2RY11,ENSG00000243207,chr19,10096222,10124780,176,0.3859187209452309,0.4312400303150602,0.4012070245870884,0.4177441315586721,0.4359994927651503,0.2695427027133313,0.2662209714938511,0.29475407704090095,0.2980758082603812
PPAN,ENSG00000130810,chr19,10096361,10122012,160,0.382496672171021,0.44218421506756067,0.43833765089595317,0.3886835283178832,0.39152557777257724,0.24447145749313248,0.2895333005194647,0.3392550481437727,0.2941932051174405
P2RY11,ENSG00000244165,chr19,10101692,10125372,153,0.3567240991558588,0.39045406279853945,0.37640800070205294,0.3855253949246608,0.43134876236202546,0.2319817777641662,0.20877033465998218,0.26305918647148513,0.2862706295756692
EIF3G,ENSG00000130811,chr19,10105013,10129918,135,0.2971689548594796,0.2913019074954751,0.28826785378967196,0.3295969478061149,0.30481369396214403,0.17845538867777944,0.19031321932068054,0.1658702760332892,0.15401244539038814
DNMT1,ENSG00000130816,chr19,10123341,10241286,245,0.3511597250842575,0.4361285339467225,0.44858110728842887,0.3600206041972431,0.43743708012099275,0.2051185674060061,0.2219979770667983,0.367810383119212,0.3509309734584197
S1PR2,ENSG00000267534,chr19,10211432,10241331,47,0.4906504328808425,0.4943645957724771,0.5032845921270792,0.5389108016152112,0.3879718066408626,0.3284110516817496,0.4825631251321205,0.3535283627351356,0.19937628928476486
MRPL4,ENSG00000105364,chr19,10241900,10270055,114,0.3064894753665126,0.4223363275360473,0.3604415010249725,0.3621653650889533,0.3697358525550951,0.23388756920836395,0.2684117087849231,0.31487589201042065,0.28035175243386146
ICAM1,ENSG00000090339,chr19,10261092,10296615,148,0.43536117307662564,0.5094829877194319,0.41503239696554445,0.381989218227109,0.41322413322413326,0.37383275047023545,0.33021616604113235,0.3384625665593853,0.38207915098848855
ICAM4,ENSG00000105371,chr19,10276954,10298522,115,0.38048107446455975,0.5289842720345319,0.361486190747144,0.4338821250850385,0.3262544898827493,0.39153192270238624,0.4634569674550414,0.36133187011285695,0.28940682536020174
ICAM5,ENSG00000105376,chr19,10279951,10306778,141,0.32645982905093557,0.42926498852735223,0.37079499274824684,0.4232672671867,0.32096947571453255,0.24636987258411192,0.36205868925226226,0.31446038244088137,0.19877156577273103
ZGLP1,ENSG00000220201,chr19,10294802,10319880,122,0.2867752228517677,0.4868169087743685,0.37499798635495574,0.3027204663240387,0.390877085124471,0.26754041993816335,0.26597814477135195,0.39958217457398015,0.40114444974079155
CTD-2369P2.10,ENSG00000167807,chr19,10295426,10326009,150,0.34505682385327857,0.5253397742463559,0.39639003785675625,0.41529799558491454,0.3773824471362898,0.3317678992572426,0.4039930861389222,0.41338814585238026,0.3411629589707007
FDX2,ENSG00000267673,chr19,10300044,10326015,124,0.40894805069926293,0.5613660651441903,0.45942772060854214,0.4466486350803665,0.46702484032521124,0.3674072579801231,0.39328585706271646,0.45668281715891684,0.4308042180763236
CTD-2369P2.12,ENSG00000267303,chr19,10305470,10330678,113,0.39552098017591336,0.5811885216233043,0.42746458993852915,0.46349223319704336,0.47973637212655446,0.4080210074719266,0.41979450680274627,0.46231338511315956,0.4505398857823399
RAVER1,ENSG00000161847,chr19,10306211,10343638,192,0.37681340890599674,0.5419371730753227,0.40626680953758076,0.42218739915684705,0.4538528715921181,0.3661664968117859,0.3621938684355954,0.41458243077259294,0.4185550591487835
ICAM3,ENSG00000076662,chr19,10323775,10349661,136,0.3683537506455775,0.49579711319498415,0.2740108961347791,0.40019259800208185,0.28803791628219105,0.411991019793403,0.4280962942510531,0.2727855189356053,0.2566802444779553
TYK2,ENSG00000105397,chr19,10340528,10390572,272,0.2107048752767916,0.47792831267599545,0.3920852319228614,0.20641144301824244,0.3936802523680389,0.19442237828018052,0.19039635751201428,0.4555279902101761,0.45955401097834236
CDC37,ENSG00000105401,chr19,10381132,10430121,225,0.2777669667646001,0.5222936777270406,0.4111713861256535,0.19258131101479642,0.49773233463198957,0.2672732197457629,0.1320249720599157,0.4714859041091985,0.6067341517950456
PDE4A,ENSG00000065989,chr19,10406772,10479630,310,0.32177711450812724,0.5089339625967694,0.345745009260434,0.2794014700118464,0.39863637402246593,0.33759893024316173,0.26514714632637565,0.37357773425860064,0.4460295181753867
KEAP1,ENSG00000079999,chr19,10476124,10513558,166,0.3080928145766353,0.45148015655198664,0.3799435585884511,0.3046161787553144,0.3960136718371774,0.24544525458883037,0.22980971526823607,0.3550865676696766,0.3707221069902709
S1PR5,ENSG00000180739,chr19,10502741,10527931,133,0.315087613248762,0.3642482507986826,0.4039226677460686,0.32746675204816267,0.4103425275630713,0.15701330325437918,0.16071869340941752,0.2959338200312528,0.29222842987621445
ATG4D,ENSG00000130734,chr19,10533894,10563418,150,0.29135241692433794,0.45380802735154707,0.3661993175224095,0.3381205520682759,0.4187690754587608,0.24658047491590798,0.23742473430677247,0.3582042918602669,0.36736003246940246
KRI1,ENSG00000129347,chr19,10543084,10576031,119,0.3311242123144466,0.48197884250740824,0.48461173891145953,0.3373717017421046,0.3908099129971006,0.19853067018232512,0.28682767242536933,0.45920852279415314,0.3709115205511091
CDKN2D,ENSG00000129355,chr19,10556459,10579059,57,0.3080745479595556,0.46599890124683013,0.45999233082443863,0.33041419422001944,0.4246935338072044,0.1897312512594897,0.23780047251821335,0.4376261311743638,0.38955690991564
AP1M2,ENSG00000129354,chr19,10562670,10597315,85,0.353733467273601,0.5148611092740294,0.40965094701015337,0.3606063886053063,0.2939562959236083,0.3164110127806632,0.41123847538293123,0.4069090436299385,0.3120815810276705
SLC44A2,ENSG00000129353,chr19,10592456,10654557,308,0.5149499234394461,0.5474419059221796,0.4652987584561558,0.5183574777818482,0.4986659466524611,0.4451475835146478,0.4164548038401474,0.3476915558657533,0.37638433554025386
ILF3,ENSG00000129351,chr19,10644260,10702417,261,0.6003020214386378,0.49431602619056497,0.5223190667529867,0.5078064086904616,0.4589970950997665,0.43003858006522044,0.3881979467314512,0.2518047824357137,0.293645415769483
QTRT1,ENSG00000213339,chr19,10691429,10723437,150,0.6913115674233462,0.5295845439297092,0.5891422423951315,0.6013364520767317,0.5197919109764839,0.5200268161436685,0.4701203657635526,0.23411220950155553,0.2840186598816714
DNM2,ENSG00000079805,chr19,10708054,10843488,686,0.555363361182483,0.472943959831426,0.510376909651808,0.5212006914738768,0.4777186312825933,0.36841344156363454,0.3636866658532102,0.2720349564498476,0.27676173216027183
TMED1,ENSG00000099203,chr19,10822066,10846318,89,0.16830255135623157,0.2689472102642019,0.22806822924476997,0.12000275652952931,0.26209852882630147,0.11934852054868567,0.06858056940215163,0.19392108551026127,0.2446890366567953
C19orf38,ENSG00000214212,chr19,10826574,10879790,197,0.2084753148022835,0.2944323535026753,0.29424676902772495,0.24763796460856025,0.27374163700753723,0.11702860314991975,0.15672040653853117,0.2317240246606705,0.19203222127205902
CARM1,ENSG00000142453,chr19,10861552,10933075,291,0.26841440388183546,0.3193134376773985,0.242320904939156,0.25202758926794017,0.265627759554885,0.20984952506173216,0.1831516430396515,0.1748038146300611,0.20150169665214182
YIPF2,ENSG00000130733,chr19,10912184,10938681,95,0.2344528209032119,0.18137304176586427,0.36371856586700335,0.3023676643919431,0.2062554834656586,0.007588455184149578,0.16459810052769452,0.19253832816107566,0.03552868281753069
TIMM29,ENSG00000142444,chr19,10918810,10943535,92,0.23736167929141075,0.2743091797605687,0.2923980350796504,0.25109679423764014,0.3093804022720412,0.12286453261374755,0.11980532040518502,0.19776668968968475,0.20082590189824726
SMARCA4,ENSG00000127616,chr19,10950931,11089426,845,0.2229416715044641,0.31745883641589157,0.30194771230077483,0.2109246250586925,0.28064610093442666,0.13735551754982933,0.14471201950027976,0.24457692324819674,0.23722042129774634
LDLR,ENSG00000130164,chr19,11079461,11143820,387,0.29933850945371016,0.36419871638124224,0.28441461650203975,0.3402673227385891,0.2760620544020589,0.2369726310953566,0.27287008564846826,0.21589658050875374,0.17999912595564208
SPC24,ENSG00000161888,chr19,11121519,11165808,299,0.3485368162778657,0.3829142307026131,0.3701807460631605,0.4052746313314811,0.4036791093873207,0.22447962464614188,0.24271322502361586,0.2582676298851691,0.24003402950769515
KANK2,ENSG00000197256,chr19,11154269,11207791,349,0.33269069372497173,0.34500115368216006,0.33858479831228666,0.3303495354340934,0.3213871574413627,0.2071249615544069,0.2182083501840474,0.21599684314083853,0.20491345451119802
DOCK6,ENSG00000130158,chr19,11189294,11272524,455,0.4251385686139323,0.3616647019840362,0.3166274269492023,0.4269103555328758,0.3541722909091819,0.31090138556990105,0.28419110008033854,0.13799020263853878,0.16470048812810134
ANGPTL8,ENSG00000130173,chr19,11227449,11251943,132,0.3522934328937497,0.282085355944477,0.2748274484967003,0.32920686868540333,0.24615355511204012,0.2221882302508436,0.22406625003272748,0.10921636689538489,0.10733834711350096
TSPAN16,ENSG00000130167,chr19,11286138,11336996,353,0.34049134168793416,0.3061887954374815,0.22968147941386163,0.36476834826672294,0.18122983301305043,0.2604321933799745,0.3096845374271241,0.10512320164010067,0.055870857592951045
RAB3D,ENSG00000105514,chr19,11312067,11356270,238,0.3569526910198567,0.3398088137514579,0.3188743029898022,0.3181036818276352,0.26466195359952205,0.23637718953619868,0.24533925509186524,0.17884862023934306,0.16988655468367647
TMEM205,ENSG00000105518,chr19,11332775,11356518,96,0.16047673350508057,0.1691324323804764,0.10485051494356606,0.20306178890391874,0.16530493531580093,0.12472069890219883,0.11578708956662359,0.060564163003245755,0.06949777233882098
CCDC159,ENSG00000183401,chr19,11334683,11364944,117,0.12150826973959772,0.14372319642471587,0.08058735818269674,0.19082032888802775,0.14586019307568945,0.10034506284753636,0.10461774620441057,0.05481652360252098,0.05054384024564676
PLPPR2,ENSG00000105520,chr19,11345385,11375698,110,0.18743391144367175,0.14207801980813783,0.15387048550726645,0.23167836634546662,0.1876036847151015,0.09685865172723414,0.10451098530539783,0.0563834640788385,0.04873113050067482
SWSAP1,ENSG00000173928,chr19,11364665,11386951,86,0.3022012171586106,0.21855094373579892,0.23243026335261877,0.25275115204655213,0.22677182883584845,0.17095193565556477,0.14039062005063083,0.07565338271175728,0.10621469831669123
EPOR,ENSG00000187266,chr19,11367206,11394342,100,0.2952869996065781,0.2701332280295978,0.3745348466368472,0.30224727979214405,0.39282633143843115,0.09779912783124817,0.08792167724460798,0.217094137814495,0.22697158840113527
RGL3,ENSG00000205517,chr19,11374340,11429328,229,0.3666404637388077,0.35483813916390694,0.30160518470655295,0.37114399254428887,0.2905385021322981,0.26800018938339165,0.27942898383114256,0.17025385725221034,0.1588250628044595
ODAD3,ENSG00000198003,chr19,11410603,11445782,169,0.29918844177274195,0.4057422579029527,0.35729695525785504,0.3115669678244476,0.3522265739838962,0.2169429509379241,0.22978254065266435,0.3034991935386772,0.29065960382393696
PRKCSH,ENSG00000130175,chr19,11425283,11460968,178,0.2446796418725937,0.3513587907406323,0.31416124253567473,0.29199331463376405,0.37582203099745426,0.16818806471854772,0.15342877480213737,0.26468748670197617,0.27944677661838646
ELAVL3,ENSG00000196361,chr19,11441325,11491046,241,0.337066955536844,0.294595963998806,0.20883597894797748,0.2930267203723227,0.21558819637422266,0.262907924326167,0.22646290531645474,0.0860766152922835,0.12252163430199578
CTC-398G3.6,ENSG00000267477,chr19,11456239,11515698,295,0.2365124694667166,0.21164626215419474,0.06641528088942181,0.2751435502849013,0.06137855077784406,0.21947165227234758,0.24812350227785296,0.018336731684326257,0.0
ZNF653,ENSG00000161914,chr19,11473426,11515839,214,0.16986793302462883,0.19286819500371857,0.057236823737652924,0.21741340106526816,0.05712140577935486,0.17074930219885118,0.20030062060308482,0.04351899471682252,0.013967676312588884
ECSIT,ENSG00000130159,chr19,11495928,11539172,198,0.2823303494662995,0.19230444656069154,0.07624693627902339,0.3464121822268445,0.09538657947427397,0.23300275210515847,0.26930043492463784,0.0,0.0
CNN1,ENSG00000130176,chr19,11528766,11560323,94,0.3270435462738202,0.2799874152711324,0.13263852038188895,0.3814459939354848,0.15105968543768353,0.2911308934484329,0.32254548273846895,0.03735569488626139,0.005941105596225377
ELOF1,ENSG00000130165,chr19,11541146,11569236,44,0.2721921958928041,0.18589908949810352,0.19054087472709977,0.17429676320889712,0.2518967619563745,0.15600011102071262,0.05348825387022338,0.049670840966816926,0.15218269811730611
ZNF627,ENSG00000198551,chr19,11549373,11629161,0,,,,,,,,,
ACP5,ENSG00000102575,chr19,11564659,11589008,0,,,,,,,,,
ZNF823,ENSG00000197933,chr19,11711264,11749009,0,,,,,,,,,
ZNF441,ENSG00000197044,chr19,11756999,11794078,0,,,,,,,,,
ZNF491,ENSG00000177599,chr19,11787666,11819622,0,,,,,,,,,
ZNF440,ENSG00000171295,chr19,11804272,11845216,0,,,,,,,,,
ZNF439,ENSG00000171291,chr19,11838725,11893750,0,,,,,,,,,
ZNF69,ENSG00000198429,chr19,11877781,11924329,0,,,,,,,,,
ZNF700,ENSG00000196757,chr19,11915067,11960773,0,,,,,,,,,
CTD-2006C1.13,ENSG00000267179,chr19,11915074,11989290,0,,,,,,,,,
ZNF763,ENSG00000197054,chr19,11955036,11990617,0,,,,,,,,,
CTC-359D24.6,ENSG00000286098,chr19,11977640,12088106,387,0.34774032848534175,0.35093605497491687,0.388333500561967,0.3650361052260519,0.3727915253671516,0.183984242588523,0.20996744036545234,0.24823979599910045,0.22225659822217114
ZNF433,ENSG00000197647,chr19,12004715,12045741,176,0.4412368583244588,0.2895877934939702,0.3648163566922048,0.43262113431231075,0.3728454446922801,0.23504919929150925,0.22103782039084408,0.10686070557860017,0.12087208447926534
CTD-2006C1.10,ENSG00000257355,chr19,12007887,12062967,256,0.3757928560073638,0.2920652692370308,0.3492999460358925,0.3732848737302018,0.36323532898303157,0.19348494617509074,0.18065571923317644,0.15191843155081533,0.1647476584927296
ZNF878,ENSG00000257446,chr19,12033804,12062961,148,0.32444219364126875,0.31542107422592,0.33168468150131686,0.2863970159967974,0.31272675452861315,0.1840863515369051,0.1706782620603001,0.19486498509190692,0.20827307456851193
ZNF844,ENSG00000223547,chr19,12054730,12091565,183,0.3159834385767048,0.34531342365842,0.3651823150486581,0.3371099209803919,0.3514106193939923,0.17447719234520634,0.20089465255499594,0.2491214749260055,0.22270401471621581
CTC-359D24.5,ENSG00000286132,chr19,12065326,12123325,345,0.36360955750791435,0.2949264608919134,0.37131995092765185,0.4233305980797313,0.3698023591592346,0.16863167690725456,0.21910875729941434,0.1808214939109939,0.13034441351883402
ZNF20,ENSG00000132010,chr19,12082842,12150355,361,0.37634962503232483,0.37537480063795864,0.3731544323632086,0.3349761596168639,0.3795697075661203,0.2378568910070806,0.20059692865341425,0.23274659913996973,0.27000656149363605
ZNF625-ZNF20,ENSG00000213297,chr19,12122116,12166731,184,0.32457126583211054,0.3772286701920656,0.32007860107745306,0.28972938784783875,0.3703629952695025,0.24010271256328464,0.17653665174813396,0.2334731618668328,0.29703922268198346
ZNF625,ENSG00000257591,chr19,12132089,12166734,147,0.37117921080644495,0.39823893019449436,0.4611324171614518,0.3331196334122441,0.39113564867117884,0.17675918650869588,0.20843981997910385,0.33113561995868246,0.2994549864882745
ZNF136,ENSG00000196646,chr19,12153063,12199871,222,0.3105177601149581,0.25924260798624127,0.34330038827225023,0.2137616919161051,0.26478931140801654,0.12568393824713006,0.11648964267183465,0.1743981752372877,0.18359247081258306
ZNF44,ENSG00000197857,chr19,12214685,12304883,531,0.2220216190077398,0.2816597016965369,0.31572138124123966,0.18587250121808585,0.2476079970834326,0.10123915266525266,0.12597617580132706,0.22957271648005034,0.20483569334397592
ZNF563,ENSG00000188868,chr19,12307476,12343720,213,0.16640168993273363,0.1584687195445142,0.14972589019620053,0.2374376488254726,0.14639344207578595,0.09616961483874975,0.1426590996188756,0.0763624789449478,0.029872994164821948
ZNF442,ENSG00000198342,chr19,12335943,12375905,335,0.21967740620515788,0.21201981158911032,0.2661658528855392,0.20208424948337053,0.32211165939398884,0.08842898027642968,0.03763094998710584,0.14985335077442996,0.2006513810637538
ZNF799,ENSG00000196466,chr19,12380015,12411271,84,0.3243593208395097,0.6467799690945758,0.5008870752566069,0.317771276518961,0.5053457395246937,0.36891753821773027,0.3595790903843384,0.6717465609999391,0.681085008833331
CTD-3105H18.16,ENSG00000268870,chr19,12381948,12451082,356,0.23707750105318,0.7630045278137129,0.6530917006395293,0.2497360006621527,0.7411734059773178,0.3258091343861207,0.18772370767030067,1.1139051083425926,1.2519905350584126
ZNF443,ENSG00000180855,chr19,12419705,12451021,196,0.22907152165396358,0.7072095169466885,0.6392892689265186,0.24875068343177162,0.7445676185255962,0.23438936717150394,0.07475907369365575,0.9939086334849441,1.153538926962792
CTD-3105H18.18,ENSG00000269755,chr19,12423102,12494816,325,0.32690910823435854,0.6746214141990863,0.5904401262201302,0.36758041471567465,0.6814130894992875,0.31298431228861856,0.21855406639213348,0.8097815829219156,0.9042118288184008
ZNF709,ENSG00000242852,chr19,12451183,12523854,333,0.5107137442494197,0.8568280214811669,0.7261260774317712,0.5440243465335823,0.7924865293686383,0.6817144399672393,0.5782327820194794,1.2619942843707308,1.3654759423184908
CTD-2192J16.17,ENSG00000196826,chr19,12451558,12561474,510,0.5401232327217786,0.838569536060427,0.7094272880455247,0.5529008715544882,0.747235697620415,0.6822880404042729,0.6266789511763836,1.1413927524760321,1.1970018417039214
ZNF564,ENSG00000249709,chr19,12515372,12561542,217,0.41503685130111573,0.7899311259942297,0.7625937612049571,0.5441263171696868,0.7871282851606114,0.32927187025752325,0.3993968886474253,1.2310479603219773,1.1609229419320752
CTD-2192J16.20,ENSG00000269693,chr19,12515719,12590975,321,0.3664207184481114,0.7989491153092686,0.7434417594399125,0.5068556901812408,0.7511039264555502,0.350083901226361,0.4602154152091388,1.2541133440703642,1.1439818300875868
ZNF490,ENSG00000188033,chr19,12566099,12650098,349,0.309564734381356,0.768565654867865,0.6489577813260666,0.4916363609867752,0.6917341453682306,0.39352166546502765,0.4816123053717076,1.0699373865553736,0.9818467466486938
ZNF791,ENSG00000173875,chr19,12600917,12643840,189,0.2721623106554116,0.7250941997050198,0.6101206371644621,0.4367612595076712,0.6775943813365435,0.3335430402236339,0.36671681680614665,0.9577837441555497,0.9246099675730368
CTD-2192J16.22,ENSG00000269242,chr19,12633830,12658397,104,0.30300831846597914,0.6304939299621378,0.6025509676949161,0.49920632989112934,0.6975793501104705,0.2169406701304336,0.24560642976005154,0.7786474408910402,0.7499816812614222
MAN2B1,ENSG00000104774,chr19,12636510,12676742,187,0.3093040009778086,0.624625695665393,0.5125349584394266,0.43383536144760015,0.5890185389388667,0.3156752003729739,0.3297473978831529,0.6641564055618465,0.6500842080516673
CTD-2192J16.24,ENSG00000269590,chr19,12654827,12679397,125,0.27972788160747003,0.4310729566406422,0.37346510977229985,0.32132966724950285,0.3929789943712463,0.21228922640048184,0.2262154886793414,0.35171384572818487,0.33778758344932536
WDR83,ENSG00000123154,chr19,12656801,12685832,145,0.25316293504618653,0.3762159167096084,0.3247475456554879,0.23237603427415454,0.4103749357986646,0.18559528805455414,0.10406892803467988,0.28635570280497824,0.3678820628248525
CTD-2192J16.27,ENSG00000285589,chr19,12658070,12691834,177,0.25353404045361216,0.3931100169978313,0.15589826639417398,0.25562614026454145,0.24771638791279837,0.31116538018756473,0.25498886988920955,0.188242371275713,0.24441888157406816
WDR83OS,ENSG00000105583,chr19,12658072,12679415,110,0.2610850775690026,0.3910848110406804,0.16968651226264891,0.25174766281483035,0.2713562414310544,0.30634841012752895,0.23476047734820585,0.18972787363525281,0.26131580641457586
DHPS,ENSG00000095059,chr19,12665716,12691880,135,0.22473286188349778,0.2810033080691764,0.3662297019302315,0.31634280758740446,0.427986804192592,0.06418872040177592,0.07580198580162739,0.2657098018006031,0.25409653640075164
GNG14,ENSG00000283980,chr19,12677997,12698422,104,0.313155557697615,0.2363107263107263,0.005407800723131587,0.29619831956166764,0.0026623376623376603,0.31990962469248374,0.3090935304110571,0.0,0.0
FBXW9,ENSG00000132004,chr19,12678052,12706631,146,0.3280009469923319,0.26224128073184677,0.42364827471900807,0.3068275758924722,0.40691475415566936,0.07529981184726026,0.0740989061092463,0.228838634651539,0.2300395403895529
TNPO2,ENSG00000105576,chr19,12689200,12734011,201,0.4337070881937767,0.4014094683489702,0.5421165078810284,0.4540654629975946,0.5413823869003884,0.1503404062729754,0.16944760207134646,0.36283709490475236,0.3437298991063813
TRIR,ENSG00000123144,chr19,12720639,12744684,75,0.17094382464641872,0.22407625672237783,0.0,0.17318183794896128,0.0,0.22058419797579654,0.22193575866776827,0.03311683462396996,0.03176527393199825
GET3,ENSG00000198356,chr19,12727138,12758323,128,0.11604363261348766,0.0032858546987189095,0.0,0.02200524299022532,0.0,0.06331942034840395,0.012771117433248262,0.0,0.0
BEST2,ENSG00000039987,chr19,12741701,12768458,102,0.18501250750663595,0.28061543013536505,0.32998148186027887,0.24583737208737202,0.2971514334721882,0.06674589054821323,0.12944631159620415,0.26261330601983557,0.19991288497184465
HOOK2,ENSG00000095066,chr19,12753002,12882740,525,0.2648519710368464,0.4333121286785489,0.4979796318590965,0.24814317531413907,0.4717493422396291,0.09325771614852513,0.10748580343662134,0.4746889021784926,0.4604608148903965
JUNB,ENSG00000171223,chr19,12781485,12803315,85,0.07884465946635803,0.4630286171871707,0.6048716344265913,0.16912645014194075,0.5776271813671636,0.0,0.0,0.7341142378045389,0.6491998566459389
PRDX2,ENSG00000167815,chr19,12786819,12811800,123,0.22015498551179918,0.5008471734805642,0.6379898539437632,0.28579721149272796,0.6253270171353633,0.0,0.02486481242098254,0.7311329629519364,0.6699781521293504
THSD8,ENSG00000284491,chr19,12792030,12823581,180,0.24779382500076225,0.5895393057494916,0.6513006134439541,0.26675119487159393,0.6354565484152438,0.060837422390360385,0.09581789018344544,0.8296376831959867,0.7946572154029017
RNASEH2A,ENSG00000104889,chr19,12796583,12823640,163,0.24357750355433827,0.5727105132037867,0.6494007793544594,0.29157736080855895,0.6713320986889008,0.04066860609711587,0.041150249642708636,0.8096249343378298,0.809143290792237
RTBDN,ENSG00000132026,chr19,12815477,12845428,143,0.282147164053659,0.5214356029532404,0.568834648636202,0.27704827081496713,0.6876561058902708,0.11359578713666935,0.0,0.6233687089277224,0.7881010729325648
MAST1,ENSG00000105613,chr19,12823950,12884952,249,0.29388005694979824,0.27547575622475307,0.4036582021306945,0.2649829669034168,0.40574620587930277,0.07663446499346777,0.054826436364723174,0.24560559002003152,0.2674136186487761
DNASE2,ENSG00000105612,chr19,12865208,12891466,89,0.34198007316974177,0.377522331167191,0.42899747107393904,0.27400997544524147,0.3951539849956967,0.16610297421643672,0.1457425775904555,0.3079445504312516,0.32830494705723273
KLF1,ENSG00000105610,chr19,12874421,12897201,101,0.3129229333877007,0.5219591154167748,0.41310735502659596,0.2801246136753363,0.49975664452496216,0.29022723431732217,0.18703779301625606,0.44783178323017364,0.5510212245312398
GCDH,ENSG00000105607,chr19,12881159,12924207,198,0.4180146327187591,0.46434858640351506,0.434267433562452,0.38758419697968133,0.35122305496754835,0.2979739205204668,0.34097458806004094,0.3262977567264632,0.283297089186889
SYCE2,ENSG00000161860,chr19,12888785,12929293,184,0.41168997286338144,0.45373873669225995,0.3854848795057606,0.3950081867070336,0.3131621419890346,0.32411869117628883,0.36577061854578685,0.2805392222809532,0.23888729491145505
FARSA,ENSG00000179115,chr19,12912478,12944037,145,0.4451624304854518,0.2669610263287819,0.2348397130200036,0.4457962015216615,0.1896225391714867,0.31598317119952946,0.34526203108995446,0.0,0.0
CALR,ENSG00000179218,chr19,12928577,12954489,109,0.4321542950729936,0.43420825389908674,0.3293197509267028,0.43948411596139303,0.31343027849258004,0.36798598355844325,0.38618970397572133,0.2015432246779863,0.18333950426070822
RAD23A,ENSG00000179262,chr19,12935854,12963642,101,0.33297024256800895,0.30600857803791787,0.40050722405818096,0.37373154356839583,0.23795376736553203,0.12927247216579935,0.2807618910595035,0.23602320667110635,0.08453378777740214
GADD45GIP1,ENSG00000179271,chr19,12943118,12967223,81,0.28886642760851833,0.3047800003287256,0.32189335228462823,0.3381758734455074,0.3489367775082062,0.15798561630772587,0.173566919945313,0.20554132091022198,0.18996001727263484
DAND5,ENSG00000179284,chr19,12955158,12984760,78,0.5307175567134998,0.46453537593227184,0.5590065246159772,0.5489835089869071,0.6185912324882034,0.28122286069557095,0.22849411455563468,0.3433975920790929,0.3961263382190293
NFIX,ENSG00000008441,chr19,12985474,13108796,458,0.41423022783353836,0.49923144506789047,0.5599864735896374,0.3218279219652932,0.48159883577057017,0.20274494350204775,0.21147979176965498,0.48886630733785985,0.4801314590702527
LYL1,ENSG00000104903,chr19,13089032,13113161,80,0.45533966511733276,0.714602458842047,0.7201458474775944,0.4146102123899549,0.7151678567267523,0.2939892056961898,0.26674714811481115,0.9598829837044551,0.9871250412858339
TRMT1,ENSG00000104907,chr19,13094901,13127567,118,0.4705556328021855,0.741471929324594,0.6094809857051159,0.41217103801453636,0.7217944656969046,0.5241997838642996,0.30233757412304374,0.8285512164443625,1.0504134261856182
NACC1,ENSG00000160877,chr19,13106861,13151147,151,0.3314866615589325,0.5098223824015352,0.5530128583412426,0.3369370081023819,0.5138211648147843,0.1552304739328969,0.2013470012175203,0.5577569947315193,0.511640467446896
STX10,ENSG00000104915,chr19,13134057,13160383,94,0.42708855978843974,0.39977413890457364,0.4196325766227047,0.46877063296676125,0.4919836389161836,0.2616897504141823,0.23288451619996037,0.24875950902670324,0.27756474324092517
IER2,ENSG00000160888,chr19,13140410,13164911,89,0.41712355458203865,0.4520653771760155,0.47825699070502964,0.3235957613872823,0.5003631372705968,0.24539960646468695,0.14934498857453182,0.35619969410250113,0.4522543119926564
CACNA1A,ENSG00000141837,chr19,13196441,13643025,2729,0.3744786801094672,0.5057549915852233,0.4954951204801299,0.36686398122292846,0.4904462725799944,0.24485800707517352,0.24378696800929872,0.4598659092197765,0.46093694828565135
CCDC130,ENSG00000104957,chr19,13721759,13773296,307,0.3906531074899915,0.45580593116647794,0.2899562238954677,0.35040416452747025,0.30806504360336234,0.3806941303042004,0.3357954656010549,0.22775522126080053,0.27265388596394596
MRI1,ENSG00000037757,chr19,13754521,13784282,263,0.3239011017856727,0.2625763738488899,0.24987316806090465,0.2737826722667666,0.13282643522081444,0.2042478454505299,0.24099129058513682,0.10034490844131397,0.0636014633067071
C19orf53,ENSG00000104979,chr19,13764455,13788773,212,0.363878517353758,0.3284536034317656,0.2681377245975965,0.3089281948931459,0.12241591272235995,0.26918748191805014,0.3185506075253457,0.12898468956624828,0.07962156395895278
ZSWIM4,ENSG00000132003,chr19,13785459,13842230,355,0.3407605497327325,0.2684837160068826,0.23824054798191233,0.32009702827397235,0.23288297238227684,0.2285899006389126,0.21666253321478215,0.08404589703291512,0.0959732644570456
NANOS3,ENSG00000187556,chr19,13852062,13890757,233,0.23825158539836058,0.836969683086101,0.8065880980766774,0.25850644595924904,0.7820337612202918,0.22151244355240451,0.29474640827016185,1.5923066585807826,1.519072693863025
BRME1,ENSG00000132016,chr19,13872347,13916452,265,0.3671561967259968,0.8319554546412589,0.7423065087608742,0.33614289476959414,0.7683005713819957,0.4425367042909635,0.3654501129113027,1.340989479489326,1.418076070868987
CC2D1A,ENSG00000132024,chr19,13896200,13940879,155,0.41938251327096576,0.8073542885523827,0.7196210243510337,0.4810198209287476,0.7582310921341839,0.4594762359941873,0.44150956046664025,1.18742623301164,1.2053929085391868
PODNL1,ENSG00000132000,chr19,13921186,13963392,26,0.589940232051642,0.8838457385630121,0.9215474922552438,0.6111634743741655,0.6946036721898792,0.24951332580982166,0.9556437435929828,1.903322805545947,1.197192387762786
DCAF15,ENSG00000132017,chr19,13942491,13971449,49,0.09671427977502065,0.041422294695837296,0.008867616107009691,0.07312163446309787,0.03776558169863608,0.06755692304200812,0.03987020259559387,0.0,0.002434447490243831
RFX1,ENSG00000132005,chr19,13951529,14017039,326,0.29053086641173576,0.6977959710832002,0.8059598140110174,0.40314968472945123,0.6386231138065407,0.0,0.34745398166299124,1.2465523032949066,0.8491989156143805
RLN3,ENSG00000171136,chr19,14018147,14041551,110,0.3726729394153843,0.5708511868632479,0.5824380337377659,0.37580074335787017,0.6366534733881674,0.21945822976951035,0.15241944758410575,0.6264933066662215,0.6935320888516261
IL27RA,ENSG00000104998,chr19,14021761,14063218,101,0.41465411190902995,0.5611551945572564,0.5971813308941313,0.37660287138471693,0.6118626050877872,0.22494651033010826,0.17489253649333197,0.5986629364328608,0.648716910269637
PALM3,ENSG00000187867,chr19,14043362,14072076,0,,,,,,,,,
MISP3,ENSG00000141854,chr19,14062535,14085062,37,0.18707614632545208,0.5543671394518852,0.5594663454257798,0.1931735023164715,0.5844099132308739,0.09780462382671257,0.07242530311680256,0.7104552247637774,0.7358345454736874
C19orf67,ENSG00000188032,chr19,14071623,14095875,76,0.21913268875881364,0.6297841838978417,0.6660357963806415,0.27712504916686104,0.6432518427986302,0.07214886481993876,0.14373149949479325,0.9215202918069416,0.8499376571320871
SAMD1,ENSG00000141858,chr19,14077850,14101036,85,0.17375306285457304,0.7624399372208136,0.8000153915347821,0.2762170307106114,0.6575552581123613,0.009340756627997937,0.3444767587137588,1.4279940349398603,1.0928580328540995
PRKACA,ENSG00000072062,chr19,14081687,14128084,179,0.17522546948619805,0.6900819761722593,0.652090839713173,0.16463119274400476,0.6038178128425236,0.15413940757185962,0.21272415855013527,1.017308048166666,0.9587232971883903
ASF1B,ENSG00000105011,chr19,14109511,14146613,135,0.15158576001843915,0.6158043020002016,0.6253561900235595,0.11522521151729824,0.557605309819332,0.06960497673205157,0.13173626875168093,0.8869982492719208,0.8248669572522914
ADGRL1,ENSG00000072071,chr19,14137742,14216187,145,0.10616046398353288,0.0828344513840697,0.002764262820135968,0.07898098073211422,0.006584678971574446,0.09796410478067376,0.08106771441917274,0.0,0.00539957575879229
ADGRE5,ENSG00000123146,chr19,14370500,14418725,248,0.45459358278828765,0.5867371193507558,0.6661084756214374,0.4248954163823146,0.5482355147151909,0.1964781500649977,0.3211402292971227,0.687193223556577,0.562531144324452
DDX39A,ENSG00000123136,chr19,14398797,14429383,146,0.41016387557597367,0.49688233249620317,0.5954833614347322,0.33692144059449486,0.508223085325889,0.15488966551398026,0.19403145952585077,0.5320415393070265,0.49289974529515584
PKN1,ENSG00000123143,chr19,14423052,14481867,379,0.39134384178789444,0.5851558930518741,0.5598453701626919,0.3324293582841874,0.5303724924692326,0.27786253211466616,0.2640735517917199,0.6019899431175011,0.6157789234404475
PTGER1,ENSG00000160951,chr19,14462465,14485354,217,0.2881194242360731,0.5614018675639275,0.5326932179576689,0.3101256062479694,0.5227400233734424,0.20162374859824728,0.22786176241505346,0.6225479524208579,0.5963099386040517
GIPC1,ENSG00000123159,chr19,14467759,14506149,314,0.35900292459277217,0.5024191992571335,0.4471098716996987,0.3335904630132639,0.4140153095673416,0.27506586321779825,0.284693291878512,0.4229314587998442,0.4133040301391304
DNAJB1,ENSG00000132002,chr19,14504768,14570391,68,0.32691781836711237,0.41872313764801694,0.3077185308194441,0.40997222654328513,0.39425136376832476,0.28532664703356797,0.284411803612292,0.2572014613157633,0.25811630473703934
TECR,ENSG00000099797,chr19,14507084,14575980,68,0.23968651386250162,0.2424861943367407,0.14416699642508052,0.31963890374258536,0.12207924480883232,0.19802897715067402,0.2663230844235671,0.0796845393159854,0.011390432043092369
NDUFB7,ENSG00000099795,chr19,14556077,14582066,62,0.3026459132705168,0.2587072063645226,0.1445495417118338,0.4393796005787666,0.19062896588696054,0.25184724172959067,0.33328650846939495,0.047512356889683804,0.0
CLEC17A,ENSG00000187912,chr19,14573083,14622035,33,0.0921430905252412,0.0434297895977361,0.1190447562259267,0.27596962182546736,0.1131884328580566,0.007160567435890899,0.12360013018882614,0.03724052190739494,0.0
ADGRE3,ENSG00000131355,chr19,14609116,14700027,336,0.5036489351120317,0.45540883945470084,0.5096398861893424,0.350120949847823,0.4074653783870148,0.297788254410853,0.2576714827438931,0.3099316755590187,0.35004844722597867
ZNF333,ENSG00000160961,chr19,14679800,14743746,440,0.5374608933934226,0.5782893143160006,0.5635787270547177,0.35715747395503233,0.4780738399342968,0.4026563350080012,0.3275310559467408,0.46077944400270654,0.5359047230639669
ADGRE2,ENSG00000127507,chr19,14722391,14788560,526,0.34575461309762495,0.5514217709227951,0.5695287750527541,0.3166829147608021,0.4690669367854039,0.19153508955041687,0.2746745693618216,0.6101370993364559,0.5269976195250512
OR7C1,ENSG00000127530,chr19,14779259,14845376,108,0.2246959501289799,0.37889626142010796,0.30557330918918907,0.19467272228663798,0.37868504612421183,0.18304424257627946,0.10842326732602003,0.29321291757053053,0.36783389282078993
OR7A5,ENSG00000188269,chr19,14816240,14845185,0,,,,,,,,,
OR7A10,ENSG00000127515,chr19,14830465,14858922,0,,,,,,,,,
OR7A17,ENSG00000185385,chr19,14868202,14896132,0,,,,,,,,,
OR7C2,ENSG00000127529,chr19,14931488,14952448,0,,,,,,,,,
SLC1A6,ENSG00000105143,chr19,14940032,15032990,520,0.3878453648368681,0.5040809793239709,0.49416059472659013,0.38061553980428214,0.4316636702527901,0.2552884729749853,0.30766491246287997,0.44605415737743737,0.39367771788954264
CCDC105,ENSG00000160994,chr19,15000725,15033276,308,0.3994747932356695,0.5911029414099084,0.5067222105104081,0.3941808471034682,0.5148762061627956,0.34877985552688856,0.33605721726659205,0.5455119895805871,0.5582346278408836
CASP14,ENSG00000105141,chr19,15039479,15068293,0,,,,,,,,,
OR1I1,ENSG00000094661,chr19,15072210,15102970,57,0.2702313609626036,0.4346054189208626,0.3796735940743177,0.42282104546449034,0.45471094002949963,0.20387483379402974,0.25669754619401514,0.36635658419963046,0.31353387179964504
SYDE1,ENSG00000105137,chr19,15097400,15124985,144,0.40769434500356294,0.5015664322586267,0.4790907660501731,0.4794754326271008,0.5385491175396913,0.2839189817608179,0.28791174716984397,0.41236598101008737,0.40837321560106127
ILVBL,ENSG00000105135,chr19,15104983,15135786,168,0.37949001428960066,0.43902988836693696,0.3379299343154765,0.4666232410404415,0.41634883881306345,0.32145867202134093,0.3340815450768513,0.2566289798037785,0.24400610674826817
NOTCH3,ENSG00000074181,chr19,15149037,15210995,285,0.6167075140253214,0.6167836459481281,0.5942328240163114,0.6616857214164792,0.5530692476177996,0.5080683622333185,0.618791970342685,0.4510871939743831,0.3403635858650168
EPHX3,ENSG00000105131,chr19,15216918,15243435,89,0.5416955960662083,0.6906657045625187,0.5772616446264957,0.5225945822850223,0.5633927244640184,0.5462762831598914,0.5420003852277031,0.6270564414585136,0.6313323393907015
BRD4,ENSG00000141867,chr19,15225518,15342545,400,0.3894914816324217,0.6216621584296542,0.5935751837292702,0.39673051094258877,0.6005286222048136,0.2825372166327825,0.2798729142907254,0.6894305051279899,0.692094807470047
AKAP8,ENSG00000105127,chr19,15343384,15389815,171,0.5095922243667839,0.8465881210700377,0.7956284782853753,0.4843748630680623,0.7630756206417691,0.4996656188072731,0.5484949742808052,1.37496333662601,1.326133981152478
AKAP8L,ENSG00000011243,chr19,15370049,15429141,211,0.6158751164271576,0.8365376235785539,0.7271447729798153,0.5812073663146937,0.7352594839718962,0.7345730309852532,0.6762733502423586,1.0765993977700785,1.1348990785129731
WIZ,ENSG00000011451,chr19,15409977,15459956,163,0.5305544513710807,0.6321525107094066,0.6436705690502548,0.5002863982325456,0.5756839887997888,0.36219510711372005,0.418265103601938,0.6378917508754225,0.5818217543872046
RASAL3,ENSG00000105122,chr19,15441623,15474544,97,0.24106473325265063,0.4428918968355588,0.43392907103671824,0.2990228855339638,0.4081237365908899,0.14589943856837312,0.2079091679032528,0.43909653823260464,0.37708680889772495
PGLYRP2,ENSG00000161031,chr19,15458644,15508956,197,0.305909143200469,0.41044240052550296,0.3243812980276909,0.30440346125534445,0.3332263126380774,0.25070442589959496,0.24303186861941703,0.2776784288461074,0.2853509861262853
CYP4F22,ENSG00000171954,chr19,15498524,15562317,409,0.4652581692739044,0.5861049192971816,0.5447506319066973,0.4576559438933562,0.5312680302021735,0.3606020125282301,0.3681366438661761,0.521540753001021,0.5140061216630748
CYP4F8,ENSG00000186526,chr19,15605217,15640639,125,0.29791354061374614,0.4047735637284332,0.2942196625253975,0.30075743604134536,0.28334835563264016,0.2620304375342371,0.271702776920694,0.25678294313652733,0.2471106037500704
CYP4F3,ENSG00000186529,chr19,15630896,15672825,0,,,,,,,,,
CYP4F12,ENSG00000186204,chr19,15663017,15707174,0,,,,,,,,,
OR10H2,ENSG00000171942,chr19,15718023,15739052,0,,,,,,,,,
OR10H3,ENSG00000171936,chr19,15727984,15752343,0,,,,,,,,,
OR10H5,ENSG00000172519,chr19,15777660,15810357,0,,,,,,,,,
OR10H1,ENSG00000186723,chr19,15794548,15825664,0,,,,,,,,,
CYP4F2,ENSG00000186115,chr19,15868022,15908077,0,,,,,,,,,
CYP4F11,ENSG00000171903,chr19,15902366,15944867,0,,,,,,,,,
OR10H4,ENSG00000176231,chr19,15934298,15960350,98,0.1606697451810407,0.24076492389296272,0.16393085787451983,0.15104710133509183,0.14107737147239593,0.13577544439212172,0.14355948577250843,0.1396683869560735,0.13188434557568673
TPM4,ENSG00000167460,chr19,16057020,16113002,344,0.29996969309485544,0.32636269561005066,0.2831015843321938,0.29303725832438243,0.22252851644683014,0.20943697907796618,0.24506621895885278,0.1856264578830949,0.14999721800220828
RAB8A,ENSG00000167461,chr19,16101888,16144234,273,0.21842504624189105,0.4929185789781981,0.40500319672097984,0.231715757760674,0.3765683518680905,0.20316433603134276,0.23508152790756667,0.4759193585220392,0.44400216664581516
HSH2D,ENSG00000196684,chr19,16124027,16168575,0,,,,,,,,,
CIB3,ENSG00000141977,chr19,16151367,16183525,0,,,,,,,,,
FAM32A,ENSG00000105058,chr19,16175379,16202046,158,0.47881271458828334,0.6547489760654175,0.6176253491490431,0.5362320842921731,0.6533218670911737,0.3768874800833119,0.3862480270546328,0.6865960408366092,0.6772354938652884
AP1M1,ENSG00000072958,chr19,16187853,16255906,355,0.36424975533399195,0.666054307242706,0.5217502925299924,0.5943887539374478,0.5945951123662722,0.4060520516324877,0.5481340035793183,0.6907248441282465,0.5486428921814159
KLF2,ENSG00000127528,chr19,16314825,16338685,169,0.3740626070543474,0.18762939416698907,0.18917772671730154,0.38345013551579893,0.10518232224035849,0.23329858096951367,0.29013970741135103,0.0,0.0
EPS15L1,ENSG00000127527,chr19,16345238,16482085,598,0.46806686916408297,0.3827962188737931,0.45147345179994963,0.47729272216014035,0.4523957870695406,0.25663696236640243,0.26454360495572954,0.22591906988786808,0.21801242729854098
CALR3,ENSG00000269058,chr19,16469060,16506167,159,0.4727869545779995,0.34675236652166114,0.4689576277270307,0.4412898777510391,0.40894776621337625,0.21651804242341793,0.24103630950767102,0.20928095485366932,0.18476268776941623
CTD-3222D19.2,ENSG00000141979,chr19,16469066,16638204,718,0.3828624886050695,0.3632627209414139,0.42942535704409934,0.35426294864817504,0.3562520074419282,0.1864751358587669,0.22415654859619163,0.2649230073847061,0.22724159464728136
C19orf44,ENSG00000105072,chr19,16486393,16531352,197,0.4676125661204126,0.3838825508726321,0.35738185777533565,0.47785778064783585,0.3335662573757811,0.3362484324038775,0.3641591957874142,0.14806923705103725,0.12015847366750043
CHERP,ENSG00000085872,chr19,16507893,16552437,192,0.3604114403443474,0.4101284302249968,0.18864595184303062,0.3728482394294595,0.2354225207155543,0.38286493321233817,0.36299262849315,0.1449855109128562,0.16485781563204435
SLC35E1,ENSG00000127526,chr19,16539830,16582415,163,0.2825712577094747,0.3566836243846744,0.3203746477770446,0.3249864999815068,0.33869562574710793,0.19349335507577572,0.21030008191589167,0.24762529017011045,0.23081856332999448
MED26,ENSG00000105085,chr19,16564906,16639062,305,0.13401300793546306,0.05841928450233724,0.041862869027048125,0.10203376666886634,0.04617804340987733,0.08065811338963105,0.06026988200900632,0.0,0.0
CTC-429P9.4,ENSG00000268790,chr19,16567641,16670115,428,0.13963856506378786,0.11465826994648023,0.18471728435576953,0.11184293832755461,0.1765953448072653,0.0339819710809358,0.023040368594467522,0.0877996017707631,0.09874120425723137
SMIM7,ENSG00000214046,chr19,16620750,16670442,186,0.18332449121848626,0.22359117136746967,0.1968275142414664,0.19686835144241302,0.17000808292563457,0.11820185359508588,0.14298668618963342,0.13487420291453694,0.11008937031998943
TMEM38A,ENSG00000072954,chr19,16651138,16700023,234,0.47270278415777506,0.44187464949430477,0.505647610351668,0.5135003017311827,0.5206695965227917,0.25932796755045157,0.28416277758292513,0.3238437317953942,0.29900892176292065
NWD1,ENSG00000188039,chr19,16709846,16827963,356,0.2682602511407926,0.408662243123756,0.3905662356771336,0.30032729571005473,0.39994303986848695,0.17123663932417088,0.1858899240229442,0.35413128485954093,0.33947800016076757
SIN3B,ENSG00000127511,chr19,16819397,16890353,404,0.3354225367947729,0.48650005908943184,0.38950554341878196,0.3318895062736393,0.3876252976888637,0.2908115665172747,0.28969807444713547,0.37569379816817783,0.37680729023831705
F2RL3,ENSG00000127533,chr19,16878998,16902606,142,0.3035668425410772,0.4102299554471854,0.32077217364883137,0.36731866926765555,0.2652939775241934,0.25150367854470246,0.33876307720786325,0.27651889450711853,0.1892594958439577
CPAMD8,ENSG00000160111,chr19,16882950,17036815,963,0.2912012642785462,0.3471227266487646,0.340116893856763,0.2994353752474568,0.32595965355024686,0.17742860099962932,0.19388473189575828,0.2489375091700965,0.23248137827396745
HAUS8,ENSG00000131351,chr19,17039728,17085625,325,0.4127975083949661,0.6581476526987363,0.5921140318745494,0.37668644531106094,0.522152618241627,0.3544971465717042,0.40380903721679007,0.7188792216086088,0.6695673309635229
MYO9B,ENSG00000099331,chr19,17065776,17224537,1066,0.3979996758197614,0.4990017143460704,0.415390625644727,0.3719041405964778,0.39637283922169086,0.33091925199473393,0.3257082632135216,0.36023334775683646,0.36544433653804886
USE1,ENSG00000053501,chr19,17205345,17229829,155,0.35420209555028187,0.46583957509434604,0.40448894834906685,0.3534026657622164,0.4521725477986637,0.2729961988851106,0.23064784527173532,0.3540628650825992,0.3964112186959745
OCEL1,ENSG00000099330,chr19,17216212,17239219,147,0.31018221673012536,0.475562267190174,0.4417412614162695,0.36208649238827206,0.4905231253583945,0.2169118195299931,0.21030516628772233,0.42851675589903493,0.43512340914130576
NR2F6,ENSG00000160113,chr19,17221882,17255919,199,0.34145280401192246,0.37878314581286315,0.39825834131359483,0.3610997272910471,0.4558471971763852,0.1929335403224844,0.15777838846200176,0.2831415160932664,0.318296667953749
AC010646.3,ENSG00000269095,chr19,17225939,17265448,228,0.349115708285528,0.34998430088989385,0.37361866788500386,0.30557110838084905,0.33345685967022426,0.196193109585261,0.19488692951621983,0.2345656543217733,0.2358718343908144
USHBP1,ENSG00000130307,chr19,17239170,17292786,300,0.35569075135246997,0.4162549956370827,0.39202772543656317,0.4317736457729187,0.36683438134870955,0.24012074857151597,0.32325160316688817,0.2981702793006767,0.21503942470530446
BABAM1,ENSG00000105393,chr19,17257375,17291249,199,0.2803980691746149,0.4138603071981132,0.41381970666756834,0.4699185719383041,0.3567953360975691,0.16456317949370863,0.3638147352631178,0.3696339546993092,0.1703823989299001
CTD-2278I10.6,ENSG00000269307,chr19,17257417,17292966,203,0.2895964454659444,0.4081307303392907,0.4085839797681922,0.46502365712279936,0.353615998236269,0.1705779986180862,0.3568203634584077,0.35389149814202797,0.1676491333017064
ANKLE1,ENSG00000160117,chr19,17271644,17297646,166,0.34721157644766043,0.47970562435500524,0.3803121106909338,0.48157572888155886,0.4319647903985798,0.3006616987799176,0.372374981440407,0.35269882179526524,0.28098553913477586
ABHD8,ENSG00000127220,chr19,17282130,17320236,220,0.35810226508081466,0.48932169132685055,0.41224077034296686,0.4431849962572165,0.35474656603260474,0.2919519055086341,0.4097127627073601,0.38006351443811354,0.2623026572393875
MRPL34,ENSG00000130312,chr19,17282608,17316843,188,0.34330329472915494,0.4837501333911648,0.40715391420273783,0.43143676533602776,0.35555732421782793,0.27943846526991845,0.3932188650430175,0.38172592782183234,0.2679455280487333
DDA1,ENSG00000130311,chr19,17299517,17333298,180,0.3902273221992242,0.5611818425686121,0.3924796189841047,0.4459771209391069,0.4042925004105667,0.40998483348675285,0.44810698097578866,0.41368533820706355,0.37556319071802763
ANO8,ENSG00000074855,chr19,17313222,17344855,151,0.43987791862799286,0.5405250158862545,0.35819998924082025,0.4466540724677222,0.3688348354870236,0.4568963816125476,0.4546275029443718,0.32077439859284845,0.3230432772610241
GTPBP3,ENSG00000130299,chr19,17324919,17352731,134,0.47511891061415673,0.522189268411839,0.4221541799770276,0.5232121867506702,0.41864209424594023,0.4173379645590437,0.46841780596969873,0.3212026193646934,0.27012277795403833
PLVAP,ENSG00000130300,chr19,17341449,17387342,259,0.5212658387325335,0.49491112929876296,0.41300057360129055,0.4825337168223891,0.3834182200074114,0.4434496349116587,0.4291337398645658,0.23957124869145346,0.2538871437385462
CCDC194,ENSG00000269720,chr19,17380508,17404158,139,0.4552078696618557,0.482807825913617,0.4770660806854838,0.5845182687582292,0.5348665870360465,0.30919578030235734,0.38611319617364287,0.35014498320672116,0.2732275673354357
BST2,ENSG00000130303,chr19,17392938,17415630,147,0.4431601182035396,0.5134947853614896,0.5019261623475452,0.5514771392933671,0.5471326907730666,0.30448912994987776,0.36507358700904186,0.41601852878222506,0.3554340717230611
MVB12A,ENSG00000141971,chr19,17395721,17443724,141,0.4825252373599813,0.4709062941971983,0.48830484242198874,0.5020190574449501,0.5601359697127242,0.31267901072415544,0.2562467869687577,0.3239107144632549,0.38034293821865267
TMEM221,ENSG00000188051,chr19,17425508,17458668,0,,,,,,,,,
CTD-2521M24.10,ENSG00000269035,chr19,17426610,17470804,8,0.49543733528738726,0.556071419590092,0.014268069426633225,0.7564435633594512,0.051231589639410866,0.7408919913855057,1.0859538147418353,0.07119959303558832,0.0
NXNL1,ENSG00000171773,chr19,17445424,17470926,8,0.49543733528738726,0.556071419590092,0.014268069426633225,0.7564435633594512,0.051231589639410866,0.7408919913855057,1.0859538147418353,0.07119959303558832,0.0
SLC27A1,ENSG00000130304,chr19,17458768,17516168,357,0.3700189978344041,0.44251695172598376,0.3455138947881323,0.5324289789287863,0.38177718062493754,0.31124193732856476,0.43181043524957674,0.2730812454649699,0.152512747543958
PGLS,ENSG00000130313,chr19,17501635,17531288,222,0.32555901220786243,0.401173320515868,0.33779429412786793,0.3554480532038065,0.33923354842571335,0.2472375663039832,0.2688140523702963,0.26554550620850137,0.24396902014218827
NIBAN3,ENSG00000167483,chr19,17513300,17563839,267,0.37528804165065477,0.618242773630059,0.5268736006177996,0.4983731138236169,0.5386212348432858,0.3425211552710168,0.4396665694048041,0.6204492502042689,0.5233038360704817
COLGALT1,ENSG00000130309,chr19,17545648,17593162,270,0.4772816714164084,0.6433143644082868,0.5954767803275968,0.5133150868731842,0.5861456631028855,0.3872834228197406,0.4343988041595051,0.6436170348867682,0.5965016535470038
UNC13A,ENSG00000130477,chr19,17591335,17698365,622,0.4061554109102579,0.31838953935174724,0.25999208849949557,0.39717990904631933,0.24092418027439003,0.30167009157312374,0.30688991372508406,0.08162686481646786,0.07640704266450765
MAP1S,ENSG00000130479,chr19,17709241,17744513,193,0.2713253569752077,0.3149103326630685,0.14867274859994184,0.3222147191288374,0.21224505639535532,0.26688741271719424,0.2642810306909392,0.11131813534773702,0.11392451737399201
FCHO1,ENSG00000130475,chr19,17737717,17798568,359,0.3902096394640493,0.5961552008352439,0.534631798529249,0.4062025800950867,0.5607703063499556,0.31821916592043537,0.30260445722638774,0.5885054693923704,0.604120178086418
B3GNT3,ENSG00000179913,chr19,17784827,17823576,253,0.2908813376158612,0.5462501336328576,0.4444002584428994,0.3259752369982565,0.4761978714860328,0.27311722762889734,0.2690281664903158,0.5170919602818975,0.5211810214204791
INSL3,ENSG00000248099,chr19,17806511,17831574,195,0.29450679797631935,0.5716203040715513,0.5094173512755006,0.2916375356228809,0.5502773467458575,0.2422209824178893,0.19671024264398607,0.6055243542388414,0.6510350940127447
JAK3,ENSG00000105639,chr19,17814779,17858071,307,0.22767320836177005,0.4550758288235025,0.3823714428004247,0.2810652052319191,0.3963590350144971,0.1917940501991815,0.21615877849263826,0.41531457925591486,0.39094985096245816
RPL18A,ENSG00000105640,chr19,17849909,17874153,170,0.15450155610612373,0.27417616804948064,0.1597598085322161,0.1254002191781293,0.17807939816912902,0.1571047073127529,0.12916267994395053,0.16334324200578781,0.1912852693745902
SLC5A5,ENSG00000105641,chr19,17861944,17905174,322,0.19439091306493558,0.293752610766464,0.2170786309664903,0.20372421304146804,0.27747693802500245,0.1596116701975166,0.12529672024367355,0.18817802299128233,0.22249297294512538
CCDC124,ENSG00000007080,chr19,17923014,17953991,149,0.3085524433866924,0.334039409250508,0.28182582436357134,0.3403083222330084,0.3011459995253513,0.22222479956618285,0.23209703177642876,0.1842999836751698,0.1744277514649239
KCNN1,ENSG00000105642,chr19,17941292,18010085,335,0.2030270913885983,0.3884213057145923,0.2992391182921954,0.22248399214340708,0.28326912208611343,0.18152883681865103,0.20515391718322312,0.31018280474315063,0.2865577243785785
ARRDC2,ENSG00000105643,chr19,17991131,18024102,206,0.2487951392900097,0.5417680644366333,0.4492608182779152,0.24556976902423425,0.4796262579752631,0.23498137886756526,0.20448214910274953,0.5453984346554166,0.5758976644202323
IL12RB1,ENSG00000096996,chr19,18048994,18108944,375,0.29589629186558175,0.3863097207322559,0.30034555684821984,0.25678159861628513,0.29073422264075655,0.24096290589010072,0.2207526404884189,0.24730200337311786,0.2675122687747997
MAST3,ENSG00000099308,chr19,18087792,18161692,387,0.4869299401917171,0.5826660107913516,0.5429340148192617,0.4498233434062039,0.4914117744306424,0.37914190395369357,0.3976338629968814,0.494726540451526,0.4762345814083382
AC007192.4,ENSG00000268173,chr19,18143157,18188117,156,0.6406701724971072,0.5884838265811494,0.4952820325139223,0.6525923398863974,0.6232651550581543,0.6138330214208474,0.48447483179783607,0.2740739346470269,0.40343212427003816
PIK3R2,ENSG00000105647,chr19,18143162,18180532,156,0.6406701724971072,0.5884838265811494,0.4952820325139223,0.6525923398863974,0.6232651550581543,0.6138330214208474,0.48447483179783607,0.2740739346470269,0.40343212427003816
IFI30,ENSG00000216490,chr19,18163161,18188117,63,0.4702634765816778,0.37954325495974556,0.47166491488925033,0.39573657441996,0.28486482826130377,0.23732517130308328,0.32288036245039675,0.23997421531072366,0.15441902416341013
MPV17L2,ENSG00000254858,chr19,18183217,18206948,0,,,,,,,,,
RAB3A,ENSG00000105649,chr19,18186783,18214042,0,,,,,,,,,
LLNLR-225F10.1,ENSG00000285188,chr19,18197960,18265419,305,0.37447393212764474,0.42768256976707075,0.3128119745051058,0.3306946339337325,0.28003343321389573,0.32603821736389826,0.31551293098850075,0.23202327620544846,0.242548562580846
PDE4C,ENSG00000105650,chr19,18198651,18258200,245,0.42276180439353905,0.3690111867845736,0.30855489421590376,0.3794754033317613,0.2987740790608766,0.32049795514356294,0.2913660101135773,0.1399691901146955,0.16910113514468114
CTC-251H24.14,ENSG00000284797,chr19,18239949,18265419,217,0.3719032508031859,0.4471798075451886,0.3193697379692835,0.30268773206466537,0.275481616628841,0.33652374529965756,0.31549814367881834,0.25619873430060136,0.2772243359214406
IQCN,ENSG00000130518,chr19,18247096,18284509,257,0.22882225581915253,0.44725392970823774,0.36994849291626175,0.2451935185133697,0.3676245763812056,0.19536962888659484,0.2079392053307977,0.3974869397604409,0.3849173633162381
JUND,ENSG00000130522,chr19,18269693,18291622,90,0.2635441895049927,0.5353984509914695,0.4059397679680566,0.2310969633971535,0.43623880619049404,0.2758533023782922,0.22812049993557326,0.49072182220393684,0.5384546246466557
LSM4,ENSG00000130520,chr19,18296235,18333112,148,0.5554769017395337,0.3702244233008747,0.3458173868800925,0.48669500057192905,0.3621209418962228,0.4243881348815852,0.3398351212500245,0.038003615640753774,0.12255662927231448
PGPEP1,ENSG00000130517,chr19,18330597,18379950,297,0.43428140595416365,0.5163034310664264,0.5041701028746931,0.3868065617678407,0.45357917756568217,0.2972168201068545,0.30550323120725303,0.42908067244844417,0.4207942613480456
GDF15,ENSG00000130513,chr19,18364730,18399176,188,0.3891819437346522,0.389234004448165,0.3295116360771961,0.43846291481772576,0.3530131266387535,0.29312429642077786,0.3173447831862154,0.1999170827511774,0.17569659598573983
LRRC25,ENSG00000175489,chr19,18381136,18407622,146,0.45996452376918684,0.477489017011109,0.37432997351833486,0.4699407443740728,0.37589206672332237,0.39814877952277405,0.40622189766585926,0.25096049576688295,0.24288737762379797
SSBP4,ENSG00000130511,chr19,18408863,18444562,28,0.15535619354229158,0.4787813051146385,0.49352801666843454,0.3078824649579305,0.6107387308334884,0.07006978284249998,0.03804026859676046,0.5815157826040531,0.6135452968497926
ISYNA1,ENSG00000105655,chr19,18424387,18448167,0,,,,,,,,,
ELL,ENSG00000105656,chr19,18432662,18532116,454,0.34688979672744613,0.6199176478659654,0.5874846441347348,0.37298139273569253,0.6194927295794551,0.25394744270044056,0.23394820070611388,0.7134198908986196,0.7334191328929462
FKBP8,ENSG00000105701,chr19,18521750,18554077,162,0.49978029494410237,0.6694913456048683,0.5993419143917625,0.49015748880141286,0.6009245430256175,0.44259171574687617,0.43108553602237215,0.6645307185219687,0.6760368982464727
KXD1,ENSG00000105700,chr19,18547761,18579387,219,0.40903127866220135,0.8281744302561799,0.7736879486386049,0.37062430840881627,0.7337636499373508,0.40071358012674985,0.45046576607758515,1.360561866015473,1.3108096800646378
UBA52,ENSG00000221983,chr19,18561729,18587550,202,0.319863026002282,0.8137981343941678,0.6603050875274568,0.2725586928923831,0.6742171729026807,0.49333879155639015,0.4388107806870004,1.1875851032676024,1.242113114136992
CRLF1,ENSG00000006016,chr19,18562219,18617741,389,0.30570542218131613,0.7563028520679873,0.5948555817689466,0.26421120829704264,0.6373194829195137,0.43658813960875015,0.3522041201794175,0.9752408820031068,1.0596249014324395
REX1BD,ENSG00000006015,chr19,18578684,18602337,147,0.3409691733954142,0.6744037838077898,0.6068255073742309,0.2960913728737055,0.6385531788240268,0.30279023480697215,0.22778181699783062,0.8193070311455998,0.8943154489547412
TMEM59L,ENSG00000105696,chr19,18597429,18631039,203,0.34292674861528094,0.6116759752183069,0.5940512942796652,0.3320697498952898,0.6159826423422426,0.23217323874043394,0.19620958709143327,0.7137419337165544,0.7497055853655551
KLHL26,ENSG00000167487,chr19,18627024,18681721,204,0.4519694401096518,0.7192211623731969,0.6989840877108846,0.2912504456737676,0.7262364734687463,0.3355100253652603,0.15947521995928904,0.9346779488821851,1.1107127542881563
CRTC1,ENSG00000105662,chr19,18673677,18792333,695,0.4352169400968881,0.6433547654583448,0.594029680971229,0.37797043415928044,0.5860910469951848,0.3504260452594833,0.31183606815775144,0.6805876868104177,0.7191776639121497
COMP,ENSG00000105664,chr19,18772772,18801305,157,0.22008619761597378,0.4561833786718964,0.4128742642938211,0.197194376662595,0.41051689872771685,0.16259938785042705,0.1501383069551901,0.446543794251302,0.4590048751465389
UPF1,ENSG00000005007,chr19,18821958,18878230,243,0.5501764060472246,0.6947637301447745,0.6389623091535235,0.5781048119729014,0.7103274177104633,0.4833980070966485,0.40533174599056987,0.7032711399055662,0.7813374010116447
GDF1,ENSG00000130283,chr19,18858544,18906158,242,0.5653945113304326,0.665470061847372,0.6303566166515963,0.563985041118477,0.6254989341949323,0.46656445864842144,0.47147349949403194,0.628464443566755,0.6235554027211445
CERS1,ENSG00000223802,chr19,18858544,18906727,246,0.5633640275501377,0.6623249697162741,0.6291240402422043,0.5617044668548976,0.6358198974847262,0.46121956416155413,0.4502132055988737,0.6244517306907031,0.6354580892533837
COPE,ENSG00000105669,chr19,18889513,18929387,263,0.3309596801600008,0.5170436399291982,0.2869587678162531,0.3871697134090124,0.36575647486229923,0.3957619509962622,0.3810869652373985,0.33206703023555995,0.3467420159944237
AC002985.3,ENSG00000268193,chr19,18897012,18944397,317,0.2950642726274931,0.30210466207911113,0.18988592475744578,0.3284803390755339,0.28900558001946103,0.24937728635457543,0.20840371006541522,0.11030884678024427,0.15128242306940454
DDX49,ENSG00000105671,chr19,18909704,18939189,197,0.24720455554865653,0.29211319200589586,0.19144866288130857,0.38027571241663205,0.2978606172949372,0.20846085537553363,0.23516416363891535,0.13701021840891028,0.11030691014552862
HOMER3,ENSG00000051128,chr19,18919200,18951261,204,0.248889840944329,0.303404052876623,0.21670049535060987,0.2476232954887481,0.3559441977972329,0.2017562734816079,0.10304898775546487,0.15979346566856092,0.25850075139470396
SUGP2,ENSG00000064607,chr19,18980887,19044023,309,0.5741871013583796,0.6523163893519879,0.6116861550106076,0.46313429262256245,0.6032720915244969,0.482138112162496,0.37698253516306723,0.5743242653907208,0.6794798423901495
ARMC6,ENSG00000105676,chr19,19023574,19070311,252,0.5826472714686031,0.641041702182931,0.638271842931538,0.5476647254857111,0.5766315891258521,0.44075515284036404,0.47918407217709996,0.5837939064702756,0.5453649871335398
SLC25A42,ENSG00000181035,chr19,19053993,19123030,363,0.5924468641660519,0.7222047866325095,0.6650429957208043,0.5588479939086637,0.6527032667312417,0.5423509692984899,0.5208305659323651,0.738520110010445,0.7600405133765699
TMEM161A,ENSG00000064545,chr19,19109168,19148513,210,0.5340034679024651,0.6735234571601307,0.5759114894917364,0.49024633713086424,0.5985821147973985,0.5125805847664497,0.44023628725691494,0.6068165923684286,0.6791608898779633
MEF2B,ENSG00000213999,chr19,19135566,19202131,425,0.28089686692453614,0.17991761958906022,0.2095865305287022,0.2680194440841738,0.19029220649735656,0.14645094021949392,0.14963498151052917,0.05189953963472527,0.04871549834368999
BORCS8-MEF2B,ENSG00000064489,chr19,19135568,19202158,425,0.28089686692453614,0.17991761958906022,0.2095865305287022,0.2680194440841738,0.19029220649735656,0.14645094021949392,0.14963498151052917,0.05189953963472527,0.04871549834368999
BORCS8,ENSG00000254901,chr19,19166902,19202591,226,0.2854972077695465,0.15210249481931826,0.18287133341173487,0.29902145162629745,0.21255669454157292,0.14960259040964377,0.1406548034822938,0.015392926617753072,0.024340713545103032
RFXANK,ENSG00000064490,chr19,19182228,19211869,151,0.2561163713064519,0.18310109305807387,0.26944281033442213,0.29263582515923453,0.24755656714419608,0.09208141782510637,0.13201005907038185,0.11015851086625833,0.07022986962098285
NR2C2AP,ENSG00000184162,chr19,19191408,19213414,95,0.20353215472453237,0.14734404167085835,0.1377628805985344,0.25496425376201953,0.21052437257128093,0.11937134953611762,0.10866795390170612,0.040027794698679675,0.050731190333091175
NCAN,ENSG00000130287,chr19,19201957,19262233,261,0.23096420373024296,0.2583705229569941,0.22994120307553143,0.26326332695632476,0.2568411643108554,0.15011743582844314,0.15379239152217716,0.14878808179148204,0.14511312609774796
HAPLN4,ENSG00000187664,chr19,19244755,19272804,130,0.21516209395981797,0.3271681423570636,0.23838513016422827,0.2505571646823414,0.2538825488626682,0.18311181051184677,0.19590640270562446,0.21314801009586049,0.2003534179020829
TM6SF2,ENSG00000213996,chr19,19254363,19283391,127,0.28903814963375646,0.3504778206451847,0.36969479420609147,0.26177109893620853,0.4370177901944039,0.1555518393808658,0.08025619163284775,0.2759664557213641,0.35126210346938214
SUGP1,ENSG00000105705,chr19,19266017,19330509,281,0.4162260649007844,0.4996346683881687,0.4609875695212849,0.40819913287991916,0.47050566329988064,0.3063208032212953,0.2905845241867142,0.3860959809194059,0.4018322599539868
MAU2,ENSG00000129933,chr19,19310828,19368754,275,0.41871384728790306,0.5197411377646017,0.4860708136544203,0.536070194007112,0.5405338458060286,0.305136178575558,0.361881022355339,0.42829384554889655,0.3715490017691156
GATAD2A,ENSG00000167491,chr19,19375825,19518932,519,0.31984907716992494,0.4917047041899913,0.4702223737056574,0.3522315083721853,0.4782019411918312,0.21341766795608896,0.23021999766208057,0.46327504136713105,0.4464727116611394
TSSK6,ENSG00000178093,chr19,19502417,19525548,36,0.22843571492445386,0.19951825383635266,0.4421798026429704,0.16667119251827656,0.36120612510958783,0.0,0.0,0.27346242973727797,0.24419400658380588
NDUFA13,ENSG00000186010,chr19,19505735,19539054,97,0.22705205042043222,0.4045190558341153,0.41210988980218205,0.17582985939376808,0.4325634097446178,0.12235711135818689,0.07256895419337223,0.3960287790620337,0.44581693622684826
CTC-260F20.3,ENSG00000258674,chr19,19506226,19546076,117,0.23646816054284545,0.4188739499760333,0.43735965997371906,0.17223518105448815,0.4442747018067952,0.11873668133436965,0.07216630865142287,0.42405091075722817,0.47062128344017506
YJEFN3,ENSG00000250067,chr19,19518860,19547581,118,0.22569966691113647,0.45051471220952627,0.4834560848640484,0.22466425515009666,0.4435012441512986,0.09698688157262692,0.13357102982390023,0.5017863977359538,0.4652022494846805
CILP2,ENSG00000160161,chr19,19528247,19556659,128,0.2665665704608776,0.481998851998852,0.45029969872087117,0.27495255938877605,0.49360538108801744,0.18470710363126308,0.1494284885396553,0.47307071687541447,0.5083493319670223
PBX4,ENSG00000105717,chr19,19551706,19628693,345,0.3762844794060298,0.4210952945034499,0.43021517473278426,0.4127536512327979,0.42560601584830066,0.22809091084140498,0.2622442689926827,0.31852648874790257,0.2843731305966247
LPAR2,ENSG00000064547,chr19,19613654,19638930,111,0.4553962589999602,0.573005765468959,0.5449144009471534,0.4543964161654126,0.48759800305374934,0.3357059248395743,0.3941007801251728,0.5152788432743194,0.456883987988721
GMIP,ENSG00000089639,chr19,19619475,19653657,148,0.4529309061569237,0.5458045013326431,0.5155767808457252,0.46557709541599945,0.5404382743693089,0.3338056977988239,0.3191566715431159,0.45542186202473134,0.47007088828043947
ATP13A1,ENSG00000105726,chr19,19635197,19673676,150,0.36916134636042003,0.37586231747164567,0.33940948819814737,0.4131193761303762,0.3549441430345676,0.25873415467204225,0.28294988510566377,0.21265013520172124,0.18843440476809975
ZNF101,ENSG00000181896,chr19,19658795,19693509,127,0.279884143810939,0.30634700377015617,0.2643547326131955,0.27903894787058353,0.34937225265859,0.19355968369814439,0.13156799717177814,0.1722237652540897,0.23421545178045597
ZNF14,ENSG00000105708,chr19,19700471,19743112,55,0.25802304933672227,0.4267088145802287,0.3684039493539895,0.2584591238862707,0.3566448743283941,0.1976466824427636,0.20716404739903663,0.3587148319049809,0.3491974669487079
ZNF506,ENSG00000081665,chr19,19775838,19831751,0,,,,,,,,,
ZNF253,ENSG00000256771,chr19,19855881,19904674,0,,,,,,,,,
ZNF93,ENSG00000184635,chr19,19890912,19973464,0,,,,,,,,,
ZNF682,ENSG00000197124,chr19,19987057,20049505,0,,,,,,,,,
ZNF90,ENSG00000213988,chr19,20067993,20137076,0,,,,,,,,,
ZNF486,ENSG00000256229,chr19,20157213,20210488,0,,,,,,,,,
ZNF737,ENSG00000237440,chr19,20525824,20575809,0,,,,,,,,,
ZNF626,ENSG00000188171,chr19,20609938,20671596,0,,,,,,,,,
ZNF66,ENSG00000160229,chr19,20766303,20819995,0,,,,,,,,,
ZNF85,ENSG00000105750,chr19,20913221,20960697,0,,,,,,,,,
ZNF430,ENSG00000118620,chr19,21010633,21070050,0,,,,,,,,,
ZNF714,ENSG00000160352,chr19,21072158,21135270,0,,,,,,,,,
ZNF431,ENSG00000196705,chr19,21132023,21206053,0,,,,,,,,,
ZNF708,ENSG00000182141,chr19,21281159,21339425,0,,,,,,,,,
ZNF738,ENSG00000172687,chr19,21348929,21398582,0,,,,,,,,,
ZNF493,ENSG00000196268,chr19,21387118,21437577,0,,,,,,,,,
CTD-2561J22.3,ENSG00000269237,chr19,21395158,21501266,0,,,,,,,,,
ZNF429,ENSG00000197013,chr19,21486681,21566270,0,,,,,,,,,
ZNF100,ENSG00000197020,chr19,21712770,21777579,163,0.4812937821036004,0.44708747366003215,0.4267110434484854,0.4939199581109085,0.5174900779119324,0.346303839110772,0.2724310561701769,0.24625163107789638,0.3201244140184916
ZNF43,ENSG00000198521,chr19,21794945,21862125,295,0.3658177339352357,0.4801481694568302,0.4128387498451742,0.3733419661924335,0.45250614473532275,0.2885872672438502,0.25958084820903865,0.3656241820294238,0.3946306010642352
ZNF208,ENSG00000160321,chr19,21922957,22020949,588,0.3097867216888216,0.22654924213383407,0.10819629770919509,0.4237391920267082,0.25706542060834686,0.25656933364123446,0.2554704570908094,0.0003239388071786531,0.0014228153576038016
ZNF257,ENSG00000197134,chr19,22042429,22101480,461,0.30905375670545204,0.3211081100901399,0.27588188475921877,0.27570662562193504,0.3171202553899947,0.21709294006535051,0.16420781740932458,0.1702004436079795,0.22308556626400547
ZNF676,ENSG00000196109,chr19,22169088,22225801,0,,,,,,,,,
ZNF729,ENSG00000196350,chr19,22276440,22327176,0,,,,,,,,,
ZNF98,ENSG00000197360,chr19,22381018,22542485,325,0.3614336168468734,0.36196729933773275,0.27939724976696373,0.34089808269335475,0.27872396431505303,0.2851140597350155,0.26975474006859623,0.16425168225929038,0.17961100192570967
ZNF492,ENSG00000229676,chr19,22624323,22677671,0,,,,,,,,,
ZNF99,ENSG00000213973,chr19,22742182,22794151,322,0.1898385709445192,0.3002583041487289,0.2249311559498608,0.20271429337776853,0.265933070160574,0.15638117573269947,0.13721556768426074,0.20066284223222872,0.21982845028066744
ZNF723,ENSG00000268696,chr19,22822290,22868667,254,0.2210314787867225,0.30481021658392726,0.26733146929915536,0.25387094054096,0.2951453494474373,0.151146577835932,0.15333171298082046,0.21242382319473352,0.21023868804984502
ZNF728,ENSG00000269067,chr19,22964882,23013176,194,0.40337161664916865,0.33436801188898935,0.28497538339099426,0.3555638761602064,0.21320456179314515,0.2940204281838409,0.30330545616413207,0.11299790338508342,0.10371287540479224
ZNF730,ENSG00000183850,chr19,23065209,23157221,381,0.4585825027239903,0.3658794497846355,0.40708263317136756,0.43187550110385126,0.3835983624113517,0.27319027335243334,0.26853718878209953,0.1823259269717053,0.18697901154203905
ZNF724,ENSG00000196081,chr19,23211598,23260394,281,0.42952963581721365,0.44187160790136515,0.38308005353520547,0.5307713303542603,0.4142609189424433,0.3307221489600234,0.4024752338955416,0.25244410074149237,0.1806910158059743
RP11-15H20.8,ENSG00000283201,chr19,23212754,23284221,392,0.37760108454681063,0.3765288488467786,0.3544047833634679,0.44558235346286806,0.3270990651505358,0.25452213077385677,0.3330663131344044,0.21793065335956968,0.13938647099902213
ZNF91,ENSG00000167232,chr19,23294990,23405471,491,0.2603119222758839,0.2663629510749958,0.24262251993247594,0.2697697435910401,0.20964633061200133,0.1666870287445092,0.19443074016134665,0.14305382767392152,0.11531011625708412
ZNF675,ENSG00000197372,chr19,23515630,23697220,0,,,,,,,,,
ZNF681,ENSG00000196172,chr19,23729194,23768891,0,,,,,,,,,
ZNF726,ENSG00000213967,chr19,23904875,23955159,0,,,,,,,,,
ZNF254,ENSG00000213096,chr19,24023404,24139968,479,0.2003344157558169,0.3158133501045707,0.24505942409829035,0.1981646791204037,0.22869224455922277,0.16098496838919302,0.1703543626570941,0.2185395502312812,0.20917015596338007
UQCRFS1,ENSG00000169021,chr19,29195319,29223151,155,0.6899577163544544,0.7967075944791823,0.7542950146159203,0.6508279842063767,0.6434902557733867,0.6802663989438055,0.8069534024378773,0.9128435161233397,0.786156512629268
VSTM2B,ENSG00000187135,chr19,29516498,29574479,440,0.34087900937000465,0.292355023110611,0.29305543274723034,0.2985425224500492,0.2555694479877904,0.20792894920023144,0.20263602063881286,0.13788380692529495,0.14317673548671356
POP4,ENSG00000105171,chr19,29596282,29627237,297,0.3317683603419735,0.43478635676435096,0.3757540889772318,0.3375414577421743,0.3193565037536669,0.25123049461015,0.29881609010632637,0.31932099507791656,0.2717353995817402
PLEKHF1,ENSG00000166289,chr19,29655458,29685477,230,0.5284053301472278,0.6833673646043894,0.5046890344550551,0.580764200217537,0.5316263716656258,0.5995394841067765,0.6304229274721369,0.5504735718956499,0.5195901285302896
C19orf12,ENSG00000131943,chr19,29688936,29725789,341,0.4564592711505165,0.5617815278274342,0.4177561393264084,0.4629099577495918,0.45418540328566037,0.44691121038812176,0.4205756463865967,0.37812648765986806,0.40446205166139315
CCNE1,ENSG00000105173,chr19,29801990,29834312,186,0.446566686304333,0.7378291727940506,0.6848665306205409,0.3128629570481957,0.5963219402100108,0.3878069865452989,0.40342145070921026,0.950951988906922,0.9353375247430106
URI1,ENSG00000105176,chr19,29913643,30026612,637,0.649214616807471,0.7593935481049531,0.776455691515864,0.6739291267211457,0.8127824905065798,0.48701385501951433,0.4348744963994321,0.9375788049251952,0.9897181635452773
ZNF536,ENSG00000198597,chr19,30218289,30723538,2893,0.408350158550972,0.5517061184365362,0.48999179415254474,0.40201140042758116,0.5096933391639077,0.3269090578176698,0.30188281014034,0.47539721818127767,0.5004234658586075
TSHZ3,ENSG00000121297,chr19,31139978,31359436,1297,0.44103694734862053,0.3861825869637099,0.35333350143065406,0.4117069670602688,0.3173959614214606,0.3169025479370924,0.3183737708915206,0.17115522002705708,0.16968399707262882
ZNF507,ENSG00000168813,chr19,32335593,32397667,323,0.3106556857589983,0.5979414639756195,0.544383774919639,0.3903929201027331,0.5474928651595319,0.24853377793690645,0.30657325063589413,0.6626238110256616,0.6045843383266738
DPY19L3,ENSG00000178904,chr19,32395542,32495895,475,0.4389012292904183,0.6819866177209764,0.6046116434089783,0.5146153397209142,0.6402601033973947,0.3978166628452665,0.4230506923799491,0.7478451516037039,0.7226111220690213
PDCD5,ENSG00000105185,chr19,32571189,32597453,108,0.5146250175693275,0.7980556658874371,0.7336159018510418,0.525559387611033,0.7177874834890426,0.4998903433278513,0.5401435665530551,1.099872849930674,1.0596196267054705
ANKRD27,ENSG00000105186,chr19,32587005,32686597,727,0.36521045875903363,0.5331104808876003,0.5268308236590055,0.4218963673883183,0.5106295970984147,0.23391105173239657,0.29751457509342466,0.5277515733457525,0.4641480499847245
RGS9BP,ENSG00000186326,chr19,32665847,32688300,162,0.3482389298336876,0.21829423892325045,0.5232494617985815,0.41643211716054596,0.4922995687758515,0.0,0.053503831434121074,0.27948076921912623,0.19277304241573123
NUDT19,ENSG00000213965,chr19,32681820,32723792,255,0.24369476566933002,0.5016879393008425,0.45799326794619866,0.265581520321981,0.4861648460084594,0.18168107430668246,0.169676135142094,0.5148476959901365,0.5268526351547249
TDRD12,ENSG00000173809,chr19,32709752,32839580,712,0.4176560718271836,0.6287302945952535,0.527360102164717,0.3771062301942479,0.5618470806465724,0.3910495399281095,0.319509250919008,0.5997769718144299,0.6713172608235314
SLC7A9,ENSG00000021488,chr19,32820508,32879767,423,0.37730504702614465,0.5484438169611671,0.45833161870129807,0.36705694803893707,0.467696745866465,0.3278263461227289,0.3109441890858107,0.46722913133456057,0.4841112883714789
CEP89,ENSG00000121289,chr19,32865924,32981991,778,0.3445562047975302,0.47378229723261844,0.4331955363776761,0.35776921509150683,0.41323751574436984,0.24837104753309475,0.2758563313011454,0.3936692207493414,0.3661839369812908
FAAP24,ENSG00000131944,chr19,32962208,32988229,167,0.47891424321940645,0.5839481534246794,0.45756978048536673,0.4146660248425627,0.40611853265247755,0.4585451081298763,0.44572128139457806,0.41840028716614447,0.4312241139014427
RHPN2,ENSG00000131941,chr19,32968591,33074888,564,0.39188885773989607,0.5464034939677322,0.38368532207051154,0.35957185760927485,0.4564031724678946,0.4019736191060824,0.313309075199211,0.38857361024291104,0.4772381541497826
GPATCH1,ENSG00000076650,chr19,33070898,33140542,349,0.4382664455111635,0.4630265670561101,0.3165883392419025,0.4069553643068031,0.34960701645535835,0.40893821302805844,0.35705688095933763,0.2128684457716742,0.264749777840395
WDR88,ENSG00000166359,chr19,33122089,33185799,378,0.42679961522737053,0.4879036629695643,0.37594149630095375,0.3769031031970431,0.38043219426426783,0.3771256330286134,0.3317813107673606,0.2921168803509918,0.33746120261224455
LRP3,ENSG00000130881,chr19,33167602,33218864,358,0.3715422813879303,0.3382467480192448,0.33158471911298,0.4381301777369253,0.3711232641325463,0.23725171487244034,0.26276380133833377,0.17561080880110377,0.15009872233521032
SLC7A10,ENSG00000130876,chr19,33198663,33235850,240,0.35475245427364394,0.4018768777967987,0.34380450744422886,0.4710987341912105,0.43272925829413433,0.26539168637765204,0.2919967866291372,0.24856696987437615,0.221961869622891
CEBPA,ENSG00000245848,chr19,33289933,33312534,146,0.21391428355060677,0.4956632329148661,0.48726136325887953,0.2528456814903626,0.5015219705054067,0.12860572010162014,0.13989940622055658,0.555905325286818,0.5446116391678815
CEBPG,ENSG00000153879,chr19,33363684,33392686,201,0.2527930890836749,0.36724963530482296,0.2625726892721808,0.27315631719671657,0.27508206079634645,0.22225234443314842,0.2275131633487991,0.23542695875856828,0.23016613984291767
PEPD,ENSG00000124299,chr19,33376949,33531791,1044,0.2978492672472495,0.46156511525930916,0.37092038974220987,0.31366822294996416,0.42080922085235384,0.25459921223992354,0.22467973976958866,0.36448949715874235,0.39440896962907723
CHST8,ENSG00000124302,chr19,33611952,33783509,1202,0.27983890616414725,0.4057504304361262,0.38695746791448665,0.3002885880131098,0.36211074534533205,0.17970764284204552,0.21397630093085196,0.34074825423513866,0.30647959614633224
KCTD15,ENSG00000153885,chr19,33785932,33825763,217,0.3008049597347214,0.5103799402783571,0.41993554262805427,0.3924661881923537,0.4224108175487442,0.2636675384305532,0.33179030248367153,0.45045803853910044,0.38233527448598204
LSM14A,ENSG00000257103,chr19,34162503,34239288,360,0.29930839252961855,0.22149771188089518,0.11974273781882515,0.3075686612360731,0.16529723037061655,0.2392648493780242,0.21862498109623935,0.011118499196158427,0.03175836747794322
GARRE1,ENSG00000166398,chr19,34244551,34365566,400,0.4168315689513858,0.4445533100794366,0.3708831747515104,0.4583697164775854,0.4395663909713356,0.3319117823811017,0.31105489661919467,0.2560708598663085,0.27692774562821554
GPI,ENSG00000105220,chr19,34349479,34412413,224,0.3556495972118224,0.3820695257318113,0.23860846270521618,0.3615069630497109,0.30681086960760695,0.32414218820897706,0.2817857181665688,0.15723714082836276,0.19959361087077102
RP11-618P17.4,ENSG00000266953,chr19,34386314,34419364,102,0.39640409527631476,0.6655447322098559,0.5915754659920113,0.5962226875806516,0.6844343226141227,0.3523271763901597,0.42437772367766036,0.7429249605456971,0.6708744132581967
PDCD2L,ENSG00000126249,chr19,34394398,34436168,147,0.4014237695725829,0.6480287527604296,0.6166984342839641,0.6193353045154283,0.7482276841518032,0.2992369809431838,0.3154060189818755,0.7449688097556673,0.7287997717169754
UBA2,ENSG00000126261,chr19,34418351,34481251,242,0.4316069662727656,0.7745015148016763,0.669091056501695,0.6619314843443626,0.7579109184133608,0.47423596986606964,0.5777495088788368,1.0152058677199605,0.9116923287071935
WTIP,ENSG00000142279,chr19,34471757,34522304,142,0.3841399494798045,0.5952372990660901,0.4719064380058855,0.602595740775649,0.5641818535565216,0.37535401448127936,0.4983626602284926,0.5291002927346182,0.40609164698740513
SCGB2B2,ENSG00000205209,chr19,34580643,34687159,25,0.12523022410715093,0.056292945002120745,0.09807360952973372,0.17855270264131518,0.10127548058582542,0.04425582766774719,0.0739241301631493,0.013683656424531634,0.0
ZNF302,ENSG00000089335,chr19,34667638,34696397,90,0.38213651075427885,0.3019814977991922,0.28150861389185894,0.38368461459602926,0.3696334456979153,0.2551979219913063,0.19102616486427615,0.1043117471287604,0.16848350425579056
ZNF181,ENSG00000197841,chr19,34724154,34755378,178,0.3381158317944158,0.3276940819460505,0.317052465582941,0.4454236641751905,0.32723425996912936,0.21418463948317112,0.29511726468418686,0.18285716736459343,0.10192454216357766
ZNF599,ENSG00000153896,chr19,34748072,34783229,200,0.3349027886609054,0.351894771894772,0.23393901621554175,0.3695798775574058,0.24102326761516346,0.28751538709623764,0.3096434349579917,0.14618681966602182,0.12405877180426775
ZNF30,ENSG00000168661,chr19,34916902,34955170,179,0.2839867232352277,0.3686818959359621,0.1877555592897552,0.2292559519103266,0.1885270095952701,0.2930240185233024,0.2557200874694875,0.16692139806251777,0.2042253291163327
ZNF792,ENSG00000180884,chr19,34946353,34974229,0,,,,,,,,,
GRAMD1A,ENSG00000089351,chr19,34984783,35036471,175,0.14246448897653546,0.18069540820160826,0.09730894474497612,0.19992935581670432,0.08773222996681992,0.1253085651164031,0.16526644139290692,0.07399079219517186,0.034032915918668055
SCN1B,ENSG00000105711,chr19,35020469,35050449,157,0.13423642346834383,0.17318031361797456,0.1943198880283441,0.1563340898615154,0.13135548995459326,0.05912177823466039,0.10967301409237577,0.13104686289189602,0.08049562703418063
HPN,ENSG00000105707,chr19,35030505,35076573,274,0.34688607447682535,0.46316014038212094,0.4040903550381753,0.5194796224725585,0.42233705429794666,0.2651964581182714,0.4030881825447155,0.3568589838314278,0.21896725940498374
CTD-2527I21.16,ENSG00000285526,chr19,35096509,35134297,244,0.5283419154278666,0.4547513770399976,0.3055828602993962,0.48374630513078865,0.3091464660609585,0.4966659596119066,0.4489214684407874,0.10984743981208012,0.1575919309831993
FXYD3,ENSG00000089356,chr19,35105822,35134324,193,0.4947829468848998,0.33448741840215335,0.33336449901291193,0.44687209083671664,0.2563507463504338,0.3422265060115822,0.3515889754992453,0.0649712298327324,0.05560876034506945
LGI4,ENSG00000153902,chr19,35114512,35152451,172,0.4364799889336344,0.2866025726888218,0.3489843579959341,0.3298636671446018,0.14563076463788438,0.2410237184650433,0.2902994494987885,0.09669289383488822,0.047417162801143053
FXYD1,ENSG00000266964,chr19,35128823,35153109,71,0.41035878877547965,0.31535499914024573,0.32379852149513766,0.36968027097472006,0.3209073325127483,0.2579158316924621,0.2266926098015134,0.12093899028386645,0.1521622121748152
FXYD7,ENSG00000221946,chr19,35133249,35164302,52,0.34645816099300647,0.19384092817342183,0.21826205451765326,0.16054289837146984,0.1665537361189535,0.19729360934415585,0.10414402536020764,0.018180587017868705,0.11133017100181693
FXYD5,ENSG00000089327,chr19,35144729,35179881,159,0.354995250865544,0.5945183959124193,0.5289946272264452,0.3235292586582706,0.5378980551526704,0.2941457969001882,0.2607880512052973,0.6085339755541171,0.6418917212490082
FAM187B,ENSG00000177558,chr19,35214799,35238729,185,0.3486627281435847,0.41438304746647514,0.3748728697096432,0.36983257163305655,0.40926798358530436,0.24700840724651188,0.23523314900655107,0.288080960509032,0.2998562187489928
LSR,ENSG00000105699,chr19,35238329,35277964,254,0.2052109322109623,0.2856648254426296,0.1553277757155039,0.25152877271009305,0.2482161735651563,0.19863744528676835,0.17040952489420602,0.13776554935140745,0.16599346974396978
USF2,ENSG00000105698,chr19,35258961,35289821,165,0.23742981178654085,0.3247486901951753,0.20334034757175035,0.3104714920689845,0.27169100023561715,0.21820167197610624,0.22369385638283554,0.1744686746020146,0.16897649019528535
HAMP,ENSG00000105697,chr19,35270715,35295143,156,0.23790921302771564,0.3486358441018665,0.2880490712731678,0.2779709795558853,0.26547176761654867,0.1803148555097347,0.22292475686565907,0.2483715583982857,0.20576165704236135
MAG,ENSG00000105695,chr19,35282124,35323807,188,0.30752119799672734,0.42058154067585135,0.3561671535829811,0.3243812159063958,0.39805174447634617,0.23644592258453567,0.21513641699534514,0.3092844121909264,0.33059391778011693
CD22,ENSG00000012124,chr19,35309260,35357361,310,0.4400424940546245,0.5015611126128205,0.39873455335626273,0.41071720269066025,0.41274160858661,0.38372495173198257,0.34641650159683357,0.3125493383680532,0.3498577885032022
FFAR1,ENSG00000126266,chr19,35341551,35363862,168,0.3901701514994616,0.4664573044326565,0.4122798584577119,0.41443584563254604,0.3985277509161448,0.2956435428652766,0.327510415728728,0.332572639397566,0.30070576653411457
FFAR3,ENSG00000185897,chr19,35348459,35370489,185,0.4090263487278518,0.4971224169769624,0.3592593130425707,0.45287743516325557,0.36502593757972623,0.38413095482006493,0.4181599095122864,0.3032775573941755,0.26924860270195394
GPR42,ENSG00000126251,chr19,35360928,35382962,146,0.37885402359232606,0.41387290275679234,0.3142234530911567,0.38844174505814605,0.3092410897186044,0.3166021718671385,0.32799963517229475,0.2176164515615833,0.20621898825642715
FFAR2,ENSG00000126262,chr19,35433906,35461767,198,0.24858588447146548,0.37002847398079625,0.3747569980435507,0.257156880487506,0.3518142793071781,0.13913205805681972,0.16288652047612623,0.32294859935605946,0.29919413693675295
KRTDAP,ENSG00000188508,chr19,35477323,35505558,167,0.3138943829275496,0.3653337018322809,0.2302272694031985,0.31959209671882305,0.22949511058812028,0.28485983625342326,0.28950472866416327,0.16979609666377105,0.16515120425303104
DMKN,ENSG00000161249,chr19,35487219,35523658,247,0.34898467721961823,0.3977565030309023,0.32044126509125387,0.3368472341762827,0.3152159148138521,0.2750019622443246,0.26959582011873773,0.23209147319386875,0.23749761531945562
SBSN,ENSG00000189001,chr19,35513366,35538351,186,0.35111030543243493,0.42131622655790096,0.3588106821429342,0.35050280872030676,0.29880346834669697,0.2675305656693261,0.31179440276677167,0.2794685447976435,0.2352047077001979
GAPDHS,ENSG00000105679,chr19,35523454,35555319,186,0.33628803880752456,0.2402292774667285,0.20324356829135898,0.28040569010967104,0.18615445491298152,0.22871966790636922,0.1989107886597805,0.04601890418749546,0.07582778343408417
TMEM147,ENSG00000105677,chr19,35535599,35557526,109,0.3665129907235966,0.18754056695992183,0.17222750655248414,0.3131608991807284,0.17070080178888472,0.23759407578730868,0.19808511996632572,0.0,0.009604174624448764
ATP4A,ENSG00000105675,chr19,35540030,35573658,173,0.28480975313039253,0.16151200897867568,0.19595015857269546,0.3380744819912147,0.16045364014945765,0.14663384602155027,0.2069318394575793,0.02952117377803004,0.0
PMIS2,ENSG00000283758,chr19,35576160,35597296,19,0.2060915209449789,0.19938986161021482,0.13388846551798914,0.40009515634580006,0.0974522459431916,0.1547133365291189,0.31541586108730973,0.06766783248511192,0.0
HAUS5,ENSG00000249115,chr19,35602734,35635355,136,0.42434953061633807,0.3752137413540503,0.26388976834967576,0.35275992219386654,0.18684493930121754,0.3581124500820647,0.3492751015438085,0.11223322382075601,0.12107057235901225
RBM42,ENSG00000126254,chr19,35619029,35647686,119,0.4200279322667382,0.3109147168446538,0.23199866604038466,0.3738763802181905,0.22833451596292145,0.32660088211820254,0.29069677772771585,0.045789355345652594,0.08169345973613917
ETV2,ENSG00000105672,chr19,35631744,35654871,90,0.4460316907361075,0.40526387278957066,0.26815196446040435,0.3960337180121866,0.2041932757325319,0.39905143227766693,0.397737715641857,0.12058602320676232,0.12189973984257241
COX6B1,ENSG00000126267,chr19,35638322,35668782,164,0.2947277065638125,0.3552957996894727,0.25621593848937135,0.258604048245352,0.19602616220532118,0.24606523213953854,0.25999778485508024,0.19289843940760548,0.17896588669206373
UPK1A,ENSG00000105668,chr19,35656515,35688483,205,0.2003920841955833,0.3604803079915064,0.27422543843069713,0.15989778112243308,0.2825489100641655,0.1750779043416174,0.14460953500841572,0.27195996127554944,0.30242833060875113
ZBTB32,ENSG00000011590,chr19,35694557,35727038,147,0.28048548737572243,0.3540291383961109,0.32838109386310943,0.24048195863652227,0.2630875148947438,0.18405763061761585,0.20339297322256994,0.25294325147555274,0.23360790887059862
KMT2B,ENSG00000272333,chr19,35707972,35748878,193,0.2696507193651457,0.3304648103943825,0.28099702082086975,0.23969989336273742,0.24607862579666376,0.19275708454368495,0.19637320302130198,0.2084144696644334,0.20479835118681633
IGFLR1,ENSG00000126246,chr19,35728800,35752453,111,0.27587566015700876,0.3620740215537281,0.29882263559285777,0.28158826322982394,0.3431055850496596,0.20866538858088104,0.18000673355724847,0.24086763503153924,0.2695262900551719
AD000671.6,ENSG00000267120,chr19,35729251,35755432,121,0.2948188069453957,0.3992547114909907,0.3120909560905683,0.2493388442031188,0.3595201562430834,0.24239304571807352,0.17542376955578864,0.2671912013598716,0.3341604775221565
U2AF1L4,ENSG00000161265,chr19,35732463,35755445,104,0.2910648854877021,0.4147202095791765,0.32059924057953226,0.2667613532123881,0.3454943217162504,0.24655621996697777,0.21103715430444422,0.2891090518963345,0.324628117558868
PSENEN,ENSG00000205155,chr19,35735599,35757519,85,0.3056386267794092,0.3577237430794111,0.35153887709207254,0.3276046819369169,0.42366618537475853,0.18717313907265085,0.14428867736931145,0.25556362204502625,0.29844808374836557
AC002398.9,ENSG00000188223,chr19,35735677,35764519,113,0.36945157491347763,0.4466401413881362,0.41263933216138154,0.34201420349185635,0.4393839621752553,0.26039792512352433,0.21579982580113205,0.3313488250747304,0.37594692439712285
LIN37,ENSG00000267796,chr19,35738360,35764519,99,0.33002614522436885,0.49479192031145486,0.4245950211835073,0.30927171612815557,0.4581074522256316,0.2653101552778077,0.22005305059933794,0.4174747403065039,0.4627318449849736
HSPB6,ENSG00000004776,chr19,35744565,35768079,0,,,,,,,,,
PROSER3,ENSG00000167595,chr19,35748142,35781028,0,,,,,,,,,
ARHGAP33,ENSG00000004777,chr19,35764531,35798822,0,,,,,,,,,
PRODH2,ENSG00000250799,chr19,35789987,35823299,200,0.28033852208187765,0.27594424315897265,0.1516214542859962,0.28419485452383614,0.20418160123153903,0.24371643994813225,0.21442495409119813,0.07917043740221283,0.108461923259147
NPHS1,ENSG00000161270,chr19,35815371,35879287,350,0.25233148549197754,0.5029226530147457,0.4717540126936804,0.275228073376614,0.4833759419368641,0.1758059900980612,0.18023403272094646,0.5232036471592568,0.5187756045363717
KIRREL2,ENSG00000126259,chr19,35845860,35877136,175,0.22128717266639678,0.13774797261399974,0.21263163564441762,0.3120567100518738,0.26469321494831705,0.07963077052317574,0.10739453775749477,0.06857690537078248,0.04081313813646342
APLP1,ENSG00000105290,chr19,35857898,35889792,180,0.15886582251159126,0.2720912303244459,0.27021512074638643,0.21298925183475267,0.2777381348809921,0.08778908368024524,0.1158627083823345,0.2297904713376927,0.20171684663560346
NFKBID,ENSG00000167604,chr19,35877652,35912303,222,0.209068951792448,0.31291272829734357,0.3731676188380009,0.3610261702748729,0.5833821233411401,0.07138116922202783,0.0,0.30391279255969483,0.4014940107603001
HCST,ENSG00000126264,chr19,35892528,35914377,148,0.2863405064200237,0.516083622171884,0.3280803492868596,0.3731820973991923,0.44089377757215203,0.33278798870966886,0.30576328281667625,0.3930551715652297,0.4200798774582224
TYROBP,ENSG00000011600,chr19,35894400,35918295,163,0.25560056707011536,0.5282889953674594,0.47000378940677445,0.34273526791173853,0.5987431922915795,0.20584042647327117,0.12895176084440824,0.5455483327631168,0.6224369983919796
LRFN3,ENSG00000126243,chr19,35925357,35956624,211,0.3127743450539451,0.3347527008348734,0.2849088381067414,0.33016580210495916,0.3365388702843891,0.22367188009063732,0.19901824071857788,0.18392454892149668,0.20857818829355615
SDHAF1,ENSG00000205138,chr19,35985187,36006312,105,0.11045849296999805,0.07558884568593308,0.07417419013410059,0.08788145012065927,0.08416412744430969,0.05928913571008095,0.04133276688383304,0.019309198399772375,0.037265567226020285
SYNE4,ENSG00000181392,chr19,35993306,36018813,128,0.22810444794974727,0.3915669630525506,0.2633736815234138,0.2939649187745381,0.23949125892676285,0.22504995307815295,0.2855955489075738,0.27181846563307016,0.2112728698036493
ALKBH6,ENSG00000239382,chr19,35999119,36024239,114,0.3502303490927181,0.4060956745918075,0.43971285553111233,0.3706910821401532,0.4392745185848634,0.18643426718056066,0.20282311361721733,0.3346027737482052,0.3182139273115485
CLIP3,ENSG00000105270,chr19,36004659,36043343,125,0.445096947426527,0.6149712628679135,0.4991651287022892,0.4880997861247253,0.5474182281929773,0.42596016784268553,0.41563802614881135,0.528477137735712,0.5387992794295862
THAP8,ENSG00000161277,chr19,36024983,36064739,131,0.4174575338535038,0.6163346133925611,0.500158111014487,0.3825345208620662,0.5148398235951522,0.4024371178319139,0.3584202148251505,0.5555473774857547,0.5995642804925181
WDR62,ENSG00000075702,chr19,36044648,36115108,400,0.3810328642669262,0.574494898162039,0.5143319389173565,0.40565888528687066,0.4597539582097951,0.3059757753615427,0.37952479391396376,0.5485025654605729,0.4749535469081519
OVOL3,ENSG00000105261,chr19,36101150,36123711,169,0.3083860078803989,0.5555654475089105,0.5140989173245462,0.33911738614079634,0.5006105104465761,0.22896477891458572,0.2653812847345329,0.5819876944444798,0.5455711886245327
POLR2I,ENSG00000105258,chr19,36103708,36125213,158,0.3778490303258558,0.5287037304596355,0.5179830338805776,0.3651120304426757,0.49370941558441567,0.24853244669073832,0.2629652924296223,0.5037359136479418,0.48930306790905764
TBCB,ENSG00000105254,chr19,36104288,36135947,219,0.33997518887999595,0.6324318926891148,0.6191801537711664,0.43976537418790473,0.5022833613935308,0.22544782166037308,0.4412609485684627,0.7753988298236032,0.5595857029155136
CAPNS1,ENSG00000126247,chr19,36129952,36160353,53,0.4569386432685137,0.615254357655191,0.6239940835075397,0.49816402418503014,0.5565647300188596,0.2937777007562207,0.4157256728883103,0.6613951315104845,0.5394471593783947
COX7A1,ENSG00000161281,chr19,36140921,36162449,0,,,,,,,,,
ZNF565,ENSG00000196357,chr19,36172275,36256257,248,0.46837793853373666,0.433887834887962,0.2891208800054449,0.4237117130244759,0.31196625088404484,0.42976631200526494,0.37309645290216364,0.13919673683104328,0.19586659593414452
ZNF146,ENSG00000167635,chr19,36204601,36248771,188,0.4065182670551184,0.3156639601259424,0.25131009596795767,0.2871899710315378,0.25014059544806105,0.30581232253358664,0.21498848905847606,0.07349387310205363,0.16431770657716424
ZFP14,ENSG00000142065,chr19,36324452,36389201,151,0.41574408217462777,0.5720362909274445,0.33159088389815483,0.4689178336691608,0.469599353583301,0.491639105954024,0.42371639418163287,0.35707777292790394,0.42500048470029506
ZFP82,ENSG00000181007,chr19,36373119,36428644,311,0.3780369862706716,0.576302394926579,0.3888404130607186,0.43431557966565915,0.45974804134410474,0.4206063805420085,0.4063672665789212,0.43812889323468035,0.4523680071977677
ZNF566,ENSG00000186017,chr19,36435118,36499902,309,0.2719737101238981,0.1895506756028705,0.16199710692354527,0.24928855516451612,0.18749301156028778,0.17542542823082044,0.14463481447403115,0.03474103540797838,0.0655316491647677
ZNF260,ENSG00000254004,chr19,36500686,36538271,150,0.2639641230027994,0.2544594375910273,0.16600180827195551,0.34891945952125014,0.21194290607770053,0.20929905364558693,0.24229146269369667,0.08434668294192593,0.051354273893816194
ZNF529,ENSG00000186020,chr19,36524773,36615276,374,0.39042615147849163,0.39988215793032017,0.31611129222553397,0.4062261003657422,0.33910362722447507,0.31283216600400615,0.3088638435987757,0.1977970735971507,0.2017653960023812
ZNF382,ENSG00000161298,chr19,36594816,36644114,167,0.3324451449881783,0.3330048702560949,0.23479761974932523,0.3545727811408543,0.2819136004965583,0.27074565816121987,0.25582498892470396,0.13422687666522676,0.14914754590174273
ZNF461,ENSG00000197808,chr19,36626617,36676853,169,0.37478515355018654,0.3306511871198823,0.17885586521213437,0.38288285088053947,0.2013808094519449,0.3370266346922546,0.3296376550378572,0.06442332560086816,0.07181230525526547
ZNF567,ENSG00000189042,chr19,36677611,36737701,223,0.3714598411427313,0.3210777285617193,0.22267244850348492,0.41637391412732133,0.25502571461889767,0.29985526571166,0.3156689103460315,0.08739336731862843,0.07157972268425689
ZNF850,ENSG00000267041,chr19,36704382,36782825,306,0.3772804714635077,0.35303744946382754,0.29530574390957215,0.4035637562665936,0.3125800477505552,0.2795673374252943,0.2887199528205649,0.15589953043722318,0.14674691504195253
ZNF790,ENSG00000197863,chr19,36807427,36860787,207,0.22953179454581768,0.25934300116753806,0.2099081700514673,0.25058625372573695,0.23345237412664732,0.16268422023901413,0.16141162588964145,0.1375334301783114,0.1388060245276841
ZNF345,ENSG00000251247,chr19,36840360,36923029,396,0.2802977998863494,0.2550865782720926,0.18838593129742573,0.3213955267384743,0.24832946739227407,0.20733735331714057,0.19837347099503969,0.08714992648438827,0.09611380880648923
ZNF829,ENSG00000185869,chr19,36878123,36926291,251,0.2850561187325874,0.24341519809395507,0.17076493042457616,0.32678121028255663,0.22453991337935597,0.21362013769904564,0.21016339736449716,0.06532051664245209,0.06877725697700057
ZNF568,ENSG00000198453,chr19,36906328,37008700,666,0.3059255985691945,0.24697970414591666,0.17329989995338044,0.27842440492776643,0.15768922816721365,0.22926296503233545,0.21918749222665285,0.05440013318766648,0.06447560599334906
ZNF420,ENSG00000197050,chr19,36997856,37140368,547,0.31096456540451056,0.31997773522211126,0.15410222895325812,0.3157965688854112,0.19228536110770575,0.2953677773069123,0.2757916390838995,0.0902619617206658,0.10983809994367869
CTC-454I21.3,ENSG00000267360,chr19,37083018,37220512,672,0.3700587329342272,0.3666776609859367,0.19784608503762344,0.37635767659908625,0.22720048207251775,0.34922483865474174,0.3356092084232384,0.10755092344312919,0.12116655367463253
ZNF585A,ENSG00000196967,chr19,37096733,37182741,516,0.3774231056130526,0.35563282816306296,0.20448000505325517,0.41572085894437777,0.2357101516519441,0.34230770472184024,0.3540274113629144,0.09717886802154718,0.08545916138047305
ZNF585B,ENSG00000245680,chr19,37171578,37228153,256,0.2429879518420683,0.37066930206643006,0.2539455381753326,0.26726963003230064,0.2798169079672149,0.22425892112493528,0.2229130465177042,0.2388394874341897,0.24018536204142074
ZNF383,ENSG00000188283,chr19,37207925,37258740,138,0.3021974420058459,0.4133159511814841,0.3115593873557989,0.28292529811946227,0.32910746417192766,0.2598808575740647,0.2333488991949828,0.27338799381498,0.299919952194062
ZNF875,ENSG00000181666,chr19,37302836,37379365,201,0.3094956911298589,0.28860679897143987,0.21737669727139716,0.2761788601414187,0.2617599883448121,0.23287962450487687,0.1801273249933161,0.10765035217956193,0.16040265169112267
ZNF527,ENSG00000189164,chr19,37361060,37403066,180,0.3739687758902762,0.3514547940813729,0.265129882821741,0.398685659866797,0.2891217792977734,0.2966585464360798,0.30020343957232076,0.13636502278634596,0.13282012965010503
ZNF569,ENSG00000196437,chr19,37401154,37479275,322,0.30931132542014533,0.33298896650531695,0.22910103786503447,0.25048772137766556,0.2509622273923293,0.2574084147253843,0.202157702184628,0.14754027650690688,0.20279098904766316
ZNF570,ENSG00000171827,chr19,37457584,37498652,161,0.39033080269162135,0.34806946171977554,0.30763066816743384,0.4142155366654629,0.29373102984364485,0.27751013914914113,0.30743074485010446,0.15030711996176993,0.12038651426080665
ZNF793,ENSG00000188227,chr19,37496938,37558762,256,0.39040088650606386,0.3321600408723696,0.3484789515596866,0.3490209829012643,0.3664398973119902,0.2351074349338715,0.18829208783968435,0.16859928136027244,0.21541462845445963
ZNF540,ENSG00000171817,chr19,37541405,37624179,373,0.41640130969331873,0.38570011146672034,0.352262312532273,0.37934209009456227,0.35897455497690944,0.2957721454443974,0.2597805718953251,0.1914999068211063,0.22749148037017858
ZNF571,ENSG00000180479,chr19,37544781,37604792,289,0.4071910734348582,0.3623400950248332,0.3007764370310173,0.36666222699073514,0.3061137477568073,0.30752429678201854,0.2706271804994944,0.14242590528686183,0.179323021569386
ZFP30,ENSG00000120784,chr19,37603748,37702337,440,0.4582240074408784,0.3948947590564513,0.34218578200772126,0.498333943243148,0.38471004113020074,0.34821140697067265,0.3532559229460801,0.1541414771357053,0.14909696116029791
ZNF781,ENSG00000196381,chr19,37657750,37702315,212,0.371640483747365,0.28973200189904025,0.2646770877302459,0.4928904671891636,0.3372344163668514,0.24965508821676136,0.30490362761686507,0.092457829836889,0.037209290436785336
CTD-2528L19.4,ENSG00000267552,chr19,37679864,37729188,231,0.42084494513104165,0.34353190757864904,0.26256827186129195,0.5508187903440663,0.361441934575394,0.33124223073413894,0.38633370468952444,0.08963895824325702,0.03454748428787152
ZNF607,ENSG00000198182,chr19,37686370,37729761,204,0.4130909761054246,0.34072040234307455,0.2741925070545679,0.574516180434972,0.3632717363673604,0.31451127713276084,0.4098618076206815,0.10209628167090956,0.006745751182988868
ZNF573,ENSG00000189144,chr19,37725832,37827300,0,,,,,,,,,
WDR87,ENSG00000171804,chr19,37874822,37916677,164,0.5269409371837326,0.4797811933974958,0.434589970549954,0.4824762922410986,0.4146927380458726,0.4159183542678208,0.3882936906261518,0.2375874197148396,0.2652120833565086
SIPA1L3,ENSG00000105738,chr19,37897207,38218369,1764,0.3963251069924436,0.4706006420475194,0.3762352569333392,0.39029595206495615,0.3711148700689699,0.3343748442629719,0.3334935732794554,0.3016373577102759,0.3025186286937923
DPF1,ENSG00000011332,chr19,38201005,38239714,172,0.4646853879185597,0.615595937369292,0.4887539284600925,0.3633160778125842,0.4438147961719337,0.4550287112298303,0.41044451873059584,0.5010323219536728,0.5456165144529073
SPINT2,ENSG00000167642,chr19,38234034,38302615,124,0.3628141636995201,0.3660794019742884,0.29629069807710284,0.2644815469159144,0.2995721245002814,0.27756778490556766,0.2034736711093235,0.1782637871895699,0.25235790098581407
PPP1R14A,ENSG00000167641,chr19,38241236,38266532,34,0.12449676830601916,0.26879314770531887,0.2864615796513195,0.168501898947166,0.21022542040342135,0.0542481638996935,0.13078871758842026,0.2588107236862481,0.18227016999752133
CTB-102L5.4,ENSG00000267748,chr19,38279150,38314910,128,0.17507750042307774,0.12330899908172638,0.1778009820597324,0.1025844204649165,0.10236536426649334,0.06414686159037102,0.065922376047165,0.06745382357185063,0.06567830911505665
YIF1B,ENSG00000167645,chr19,38293557,38327273,173,0.22011847076056232,0.1410548459804658,0.17469509915860806,0.16163072449827484,0.11041593909655613,0.104330539976424,0.10567277377604599,0.04771966769836214,0.04637743389874015
C19orf33,ENSG00000167644,chr19,38294163,38315006,109,0.18783065398495372,0.056592330532566806,0.14769204484090892,0.08489286084041234,0.07413582916310263,0.05324790858920565,0.0349715841445961,0.005008869972854407,0.02328519441746397
KCNK6,ENSG00000099337,chr19,38309844,38342076,153,0.2677684903990072,0.15451040064021282,0.1952976242480248,0.27140065937755614,0.18042505322011992,0.13110758373888198,0.14275064029392093,0.03673182815143661,0.025088771596397663
CATSPERG,ENSG00000099338,chr19,38325774,38380943,248,0.2528178979875566,0.3044684260784124,0.2835685118657363,0.2511635152198987,0.2847491951851074,0.16052628024735305,0.15859574002434776,0.20255259095874634,0.2044831311817516
PSMD8,ENSG00000099341,chr19,38364549,38393824,140,0.20701237151849414,0.2762795184442043,0.217602221735402,0.09467378326004149,0.27041780593619164,0.1549528474049608,0.053763365251140754,0.16839718893685446,0.2695866710906744
GGN,ENSG00000179168,chr19,38374266,38398082,103,0.10621536099874944,0.022577108513308235,0.07985462264176163,0.07818800654393651,0.06580118748054843,0.025951349934527426,0.01809192972982982,0.0,0.0047439438938181935
SPRED3,ENSG00000188766,chr19,38378420,38409587,148,0.09431128971380491,0.03201516293302276,0.060665953605403077,0.07147703513152016,0.0688118889269083,0.03450717939838335,0.01770252590311175,0.0,0.014836330112139924
FAM98C,ENSG00000130244,chr19,38393134,38419088,141,0.05401004370269705,0.1143571744379825,0.07349099133699447,0.038227621912442306,0.1088798402334314,0.05031667905415199,0.02257150472336345,0.0711248620220647,0.09887003635285325
RASGRP4,ENSG00000171777,chr19,38399050,38436305,224,0.3541327815575354,0.2853380214806058,0.2384108998532359,0.3615217276413383,0.31549856331122417,0.2503794192662528,0.20277435165238888,0.08556618612238182,0.1331712537362456
RYR1,ENSG00000196218,chr19,38423690,38597564,960,0.3404783376673945,0.43017508380684405,0.3597053502939168,0.3573875437464693,0.45473471573869706,0.26641988613315043,0.19907836780808819,0.2960062437785017,0.36334776210356384
MAP4K1,ENSG00000104814,chr19,38577640,38628882,88,0.21348385033234693,0.27858148544266187,0.2929376767570796,0.28063291139240515,0.3735188336919176,0.11002070195255087,0.09414138819201423,0.21651514413021067,0.23239445789074742
EIF3K,ENSG00000178982,chr19,38609081,38646955,53,0.31511872949662173,0.4285591178388185,0.5434263666628767,0.29831182143380125,0.4200508690122934,0.07704936782941346,0.1845227618092068,0.4825448765560056,0.37507148257621237
ACTN4,ENSG00000130402,chr19,38637648,38741589,657,0.34463588526630856,0.4316128359310373,0.37180665977529187,0.365299034606256,0.39523091409055217,0.2613047348656443,0.2583226036186742,0.30364773071545703,0.3066298619624271
CAPN12,ENSG00000182472,chr19,38720186,38779904,256,0.32434527085581305,0.3845651267600767,0.3058462194522779,0.36206628743686897,0.2948193050694838,0.2562187410032575,0.2928229228981303,0.2292074090983004,0.1926032272034276
LGALS7,ENSG00000205076,chr19,38760967,38783517,79,0.3242500101847463,0.29434952688838695,0.19653042308345758,0.37446434679292157,0.32222765524873254,0.2608756979166692,0.21441918684912414,0.08775954674353095,0.13421605781107598
LGALS7B,ENSG00000178934,chr19,38779199,38801754,72,0.4101780887889579,0.5616903804580103,0.48772260516934535,0.4324339178902313,0.4368862528411521,0.3419376717902225,0.4084770914492345,0.4828920526158181,0.4163526329568061
LGALS4,ENSG00000171747,chr19,38791670,38822945,192,0.38075488475935115,0.5209486671027381,0.41596943905566075,0.39904030142406893,0.4426253551585704,0.3386998261020726,0.33032863562654874,0.3972476944109713,0.40561888488649517
ECH1,ENSG00000104823,chr19,38805421,38841841,205,0.42979813979980463,0.47855553130409717,0.3996211219997211,0.4318256045995487,0.39028052208578606,0.35136148721944954,0.3608615336930342,0.29979100679626003,0.2902909603226753
AC104534.3,ENSG00000268083,chr19,38807470,38850178,247,0.40881757405230096,0.4552755123664215,0.38528110102962226,0.41431370133099954,0.3752812615708875,0.3232577923835692,0.335996174808888,0.28421734703515594,0.271478964609837
HNRNPL,ENSG00000104824,chr19,38826369,38862347,197,0.4608436058750472,0.4621858196216298,0.42639549790868825,0.3954806675608598,0.37436393464335915,0.34108831065168105,0.3272886772451907,0.27915385746069016,0.29295349086718053
RINL,ENSG00000187994,chr19,38857829,38888275,173,0.4220366860339085,0.47114229440791044,0.41344104945563603,0.3383441113593786,0.4097469707369124,0.32589932515726455,0.2614207819278484,0.311136545688793,0.37561508891820905
SIRT2,ENSG00000068903,chr19,38868554,38909862,257,0.42521047151025776,0.4644048340522619,0.41860851706324553,0.3970388138940144,0.34931391697111797,0.3178985465506169,0.3502755913018962,0.3064781441448928,0.27410109939361343
NFKBIB,ENSG00000104825,chr19,38889699,38918893,171,0.4513568863443081,0.4099085199597345,0.32982101361377936,0.4037011734520661,0.28662276494646427,0.3637871799151679,0.353373068434515,0.16369052327065076,0.17410463475130367
CCER2,ENSG00000262484,chr19,38898979,38922186,123,0.4141822405127468,0.3997902899281162,0.3473739337954751,0.3420552682703138,0.2614522263149867,0.3092358714596519,0.3130205123110473,0.20124029658662912,0.19745565573523371
SARS2,ENSG00000104835,chr19,38905265,38940763,193,0.4688065844770534,0.4269522672145214,0.3629960167569452,0.41481343463624104,0.3380408325350764,0.36921798425939667,0.3400297121867676,0.18756827818698857,0.21675655025961776
CTC-360G5.8,ENSG00000269547,chr19,38905403,38959855,222,0.4825075755350065,0.4486650802257165,0.3848354942989464,0.4278363281036199,0.3323894033002512,0.38415382463673386,0.37484639448453194,0.21125898997159143,0.22056642012379335
MRPS12,ENSG00000128626,chr19,38920943,38943168,120,0.49331462557648426,0.4796012071173256,0.42155303019232837,0.44564032992521174,0.3625495350570879,0.3928082391195297,0.3964113619253215,0.2603516128221159,0.2567484900163241
FBXO17,ENSG00000269190,chr19,38931400,38985742,71,0.6087372058986551,0.5660965118230661,0.41345937652065123,0.4406843731589135,0.4855282673180945,0.619897817562415,0.37567990903777293,0.21503532952135607,0.4592532380459981
FBXO27,ENSG00000161243,chr19,38980713,39042785,0,,,,,,,,,
ACP7,ENSG00000183760,chr19,39073912,39121493,162,0.31701458984108927,0.3906499111600021,0.21389006624179896,0.381089049708568,0.2886956526390592,0.31799273373190834,0.31725065487567583,0.17736958418603221,0.17811166304226475
PAK4,ENSG00000130669,chr19,39115769,39192816,183,0.29538362964559944,0.344166642800546,0.23324581909728467,0.287421125412472,0.25462239190189595,0.25318065376304333,0.2334244451277558,0.1686678972051187,0.1884241058404063
NCCRP1,ENSG00000188505,chr19,39186963,39211884,149,0.24574841539407682,0.2915672575380952,0.22627704848007027,0.2002750789104474,0.21860870595547827,0.18509402031987332,0.1607541875071574,0.15960613351975567,0.18394596633247157
SYCN,ENSG00000179751,chr19,39192824,39214263,136,0.16318542269207614,0.23877140484522077,0.16798162480103238,0.19556346141486797,0.165460068165289,0.13353679553482642,0.1547800456370293,0.13928478284180137,0.1180415327395985
IFNL3,ENSG00000197110,chr19,39233552,39255129,42,0.2554929974587193,0.2475082811924917,0.14519347602833835,0.237862390943884,0.13637880810778003,0.2112590925636797,0.2046861979925207,0.07310619476294664,0.0796790893341057
IFNL2,ENSG00000183709,chr19,39258395,39280188,64,0.3383632469437828,0.2577501074575543,0.07341745953925438,0.24887525839450272,0.025093723340255652,0.31742787319332877,0.2794194556707653,0.0,0.01864985444023695
IFNL1,ENSG00000182393,chr19,39286406,39308673,139,0.43370733461243116,0.25211704176592203,0.23825445481843857,0.41538931096570203,0.3823564294958331,0.29350516734497045,0.1727370968263006,0.0,0.11777168937362181
LRFN1,ENSG00000128011,chr19,39296565,39330863,133,0.43316543025269655,0.3153781979461053,0.328127901918408,0.41833906370886537,0.2993237663243369,0.27444460105544743,0.2825234647683511,0.10444410592534092,0.09636524221243731
GMFG,ENSG00000130755,chr19,39318352,39352372,127,0.40019515339017303,0.3211098313066615,0.2940290118257655,0.4719936996235416,0.2816028325692619,0.27513285788065955,0.34760513846842717,0.11216306112816232,0.0396907805403946
SAMD4B,ENSG00000179134,chr19,39332395,39395710,247,0.31900081541492714,0.2607076381795483,0.21888710642704598,0.3613587476556819,0.20986603702653084,0.21961019938127957,0.2574607231442482,0.0824516187285999,0.04460109496563128
PAF1,ENSG00000006712,chr19,39375628,39401154,87,0.33343331177669444,0.33221452217250536,0.3810000996101742,0.3299561223263294,0.35845446249988483,0.16487660889995356,0.1801626331000465,0.23891168909914826,0.22362566489905528
MED29,ENSG00000063322,chr19,39381302,39410641,80,0.42368366749736175,0.41807329608344584,0.35929430863049355,0.5570130990334554,0.41749584479276136,0.3236621454020283,0.40760344780150454,0.21774863206727074,0.13380732966779446
ZFP36,ENSG00000128016,chr19,39396846,39419412,92,0.24043297099309568,0.3088344777602605,0.15241131250177267,0.3229522999928999,0.30197555717404495,0.2395114256425927,0.1999441679682959,0.12986451811269334,0.16943177578699012
PLEKHG2,ENSG00000090924,chr19,39402668,39438415,199,0.2914131333192288,0.45205309556255757,0.39697036088655424,0.22944511671362547,0.38526000138995287,0.2201352883190737,0.18783270770191351,0.38144159812185546,0.4137441787390157
RPS16,ENSG00000105193,chr19,39423136,39445949,172,0.401756301962903,0.5643424982635324,0.3751854926037737,0.3366108766993923,0.41390667993601077,0.4371777577975523,0.35350809298724584,0.39372113301485306,0.47739079782515953
SUPT5H,ENSG00000196235,chr19,39426155,39486670,376,0.43288718558125977,0.5780159159053632,0.36184160581600877,0.38310536773048226,0.3996806572253487,0.49040797459273694,0.41777559880809273,0.37237970648018504,0.4450120822648292
TIMM50,ENSG00000105197,chr19,39470411,39503785,170,0.44565501930911,0.6083301852616778,0.376119104869421,0.37085067951893946,0.3525701664064835,0.5277541893321321,0.482988952045541,0.4095819141423981,0.45434715142898924
DLL3,ENSG00000090932,chr19,39488894,39518481,151,0.3094499179658083,0.5329011995678661,0.4231413681564597,0.3247180988131025,0.3410894037147582,0.2906616051473893,0.3683360520447605,0.4705528744478723,0.39287842755050106
SELENOV,ENSG00000186838,chr19,39505112,39530686,127,0.32225791864654074,0.4878088882349312,0.42156912854215145,0.29283939280348625,0.40362149151702154,0.25530484857495317,0.24933759898901386,0.4137526098476377,0.41971985943357704
EID2B,ENSG00000176401,chr19,39520986,39542852,69,0.4496587971023711,0.6053055063954212,0.5775017714936924,0.3607442787751983,0.5605970645828928,0.3326450231848496,0.27737776182756557,0.5969982240629452,0.6522654854202292
EID2,ENSG00000176396,chr19,39528706,39550161,24,0.3779207935855888,0.6590444279475399,0.42471387343047085,0.40914738218435764,0.47032317116102235,0.4989015998719149,0.4833517762081701,0.5771014975510119,0.5926513212147567
LGALS13,ENSG00000105198,chr19,39592500,39617474,0,,,,,,,,,
LGALS16,ENSG00000249861,chr19,39645912,39670647,0,,,,,,,,,
LGALS14,ENSG00000006659,chr19,39694480,39719444,0,,,,,,,,,
CLC,ENSG00000105205,chr19,39721254,39748029,0,,,,,,,,,
LEUTX,ENSG00000213921,chr19,39766594,39796291,0,,,,,,,,,
DYRK1B,ENSG00000105204,chr19,39815349,39844201,137,0.43825338936564295,0.49111340829018535,0.47393355547087035,0.4431120241714758,0.42566382808877046,0.3049533705108367,0.35319044222903573,0.3705767228168289,0.32233965109862983
FBL,ENSG00000105202,chr19,39824457,39856379,189,0.45519139641489653,0.7083869459135983,0.600184357606486,0.4329282999967459,0.6213387367424512,0.46144825634819486,0.4142419014645842,0.7708792564013127,0.8180856112849235
FCGBP,ENSG00000275395,chr19,39853322,39944626,0,,,,,,,,,
PSMC4,ENSG00000013275,chr19,39961164,39991764,0,,,,,,,,,
ZNF546,ENSG00000187187,chr19,39974133,40031038,27,0.33760826891666107,0.009594536918480591,0.0,0.4322848612316337,0.031228313671061776,0.2107695101442344,0.2720250253347775,0.0,0.0
ZNF780B,ENSG00000128000,chr19,40018259,40066231,150,0.3388139511762728,0.4160987497351134,0.3842372055804892,0.2199120442615974,0.4667669076423047,0.23342497595065378,0.07878768771778755,0.3045984265131028,0.459235714745969
ZNF780A,ENSG00000197782,chr19,40059151,40100943,222,0.35409718721807265,0.5916568870936927,0.3873506086437201,0.3945924654972267,0.6033117810613446,0.42139563203157715,0.23644814119924873,0.4742518629520082,0.6591993537843366
MAP3K10,ENSG00000130758,chr19,40181425,40225575,119,0.596421163935093,0.6060399700724152,0.5382734472430862,0.5046244975499005,0.46640547208482913,0.533053405605244,0.5029129977197427,0.39845241610934506,0.4285928239948462
TTC9B,ENSG00000174521,chr19,40206057,40228399,80,0.6053796199632123,0.6627530337968464,0.6139383130715356,0.512354054875155,0.5538473029486689,0.5325063537160462,0.49900571143581257,0.5544334259098549,0.5879340681900885
CCNP,ENSG00000105219,chr19,40212207,40236697,94,0.549669273311038,0.5805406097873431,0.5631628414157313,0.4659369599134976,0.5094996700944658,0.41918339639323043,0.391850314990732,0.4496051665817401,0.47693824798423856
AKT2,ENSG00000105221,chr19,40220316,40295536,300,0.5160830746173979,0.5792010353207574,0.5792153916447521,0.45353003417809606,0.5615402591000324,0.36290395568183004,0.3226943628970695,0.5026961222428502,0.5429057150276109
C19orf47,ENSG00000160392,chr19,40309535,40358527,200,0.5544870018662363,0.602910993090245,0.539065174448031,0.5198794280707281,0.5277807934940666,0.4788125292128367,0.4535004295598921,0.44478229544577136,0.4700943950987159
PLD3,ENSG00000105223,chr19,40338455,40390439,217,0.5634776240029867,0.670769853762724,0.6028510425737407,0.46117015857613014,0.6080788616333639,0.5082350109020011,0.39632952703934,0.6027632292375764,0.7146687131002377
HIPK4,ENSG00000160396,chr19,40369270,40400181,127,0.4636953159125703,0.711808850473719,0.5486014129248736,0.47172087707349913,0.4893845423646749,0.5358897998129832,0.6050616486326605,0.7082415055607708,0.6390696567410936
PRX,ENSG00000105227,chr19,40383765,40424793,179,0.4663665631602769,0.6069711867941957,0.6708686678678079,0.42799696833385803,0.693608153099347,0.22531002764890662,0.1547964452270032,0.7085623261061555,0.7790759085280589
SERTAD1,ENSG00000197019,chr19,40411588,40435992,113,0.28706386765360187,0.4042482331300224,0.21127165157015895,0.3850778868132608,0.4089676146638172,0.30948065987991585,0.23915319804155094,0.20845053733678534,0.27877799917515034
SERTAD3,ENSG00000167565,chr19,40430843,40454335,102,0.24996131416206413,0.22425465335851086,0.17832024421400874,0.28714656416013556,0.1989073586728406,0.17257845776364839,0.1853158661081332,0.08135251643652505,0.06861510809204019
BLVRB,ENSG00000090013,chr19,40437764,40475764,178,0.28750684022121126,0.3531716825198815,0.1704200950710339,0.2866991143262417,0.20921521803133888,0.2939117467900073,0.269398443837387,0.14176262455681193,0.16627592750943232
SPTBN4,ENSG00000160460,chr19,40456240,40586464,511,0.2972361389390158,0.2520704877349073,0.14051401472630917,0.2938262067917911,0.18204726248601932,0.2458800628918718,0.21869486200218713,0.044566477495894624,0.07175167838557933
SHKBP1,ENSG00000160410,chr19,40566852,40601399,161,0.40121416247496994,0.23645734721783954,0.29870263032752475,0.29836124021638893,0.21136540736801257,0.21390714756339346,0.19333534652842438,0.05587914351079637,0.07645094454576543
LTBP4,ENSG00000090006,chr19,40582882,40639818,347,0.42439063309456027,0.25831439083284374,0.3025866753092009,0.32287044286988803,0.18624451566440514,0.24538941252663873,0.24131357096852918,0.053440420399320954,0.05751626195743045
NUMBL,ENSG00000105245,chr19,40655904,40700972,260,0.4140344999566948,0.2873305235880302,0.21801122609967147,0.3684549089024085,0.1958174105631201,0.31365850205576207,0.2901972678867015,0.025079031437327093,0.048540265606387634
COQ8B,ENSG00000123815,chr19,40681513,40735784,300,0.3799543491388268,0.3985548669124778,0.30420062285224997,0.35341983888584727,0.3143840873370618,0.3118441131738824,0.2835201792106116,0.1965758513661271,0.22489978532939786
ITPKC,ENSG00000086544,chr19,40707111,40750860,256,0.412201988764891,0.43769734688234047,0.451383640650563,0.40643515653210044,0.43382060897918084,0.2533655365126536,0.2642397772407554,0.3223495088512128,0.311475268123111
C19orf54,ENSG00000188493,chr19,40730855,40761553,198,0.5190046288528422,0.43884185052981683,0.3399642647926775,0.4418092090100923,0.2963348434617663,0.44709441898353985,0.4046771483198076,0.13065808784007077,0.173075358503803
SNRPA,ENSG00000077312,chr19,40740636,40775389,225,0.4852353085280773,0.4198852041045184,0.4801877590961444,0.40392699881874833,0.3808936804019505,0.2771435278850702,0.29122157224551914,0.26738574318323743,0.2533076988227885
MIA,ENSG00000261857,chr19,40761647,40787490,137,0.33626973310578134,0.5021171852942128,0.34179885667308046,0.3577795984041244,0.4872408118922598,0.3445126363270482,0.23613265405424566,0.3528779051563785,0.46125788742918106
MIA-RAB4B,ENSG00000268975,chr19,40761647,40806943,212,0.3355002852319816,0.43737551672483616,0.4020530790519619,0.3566410419450854,0.4830411558970006,0.23480520296589563,0.17820165414970324,0.34033766282140443,0.39694121163759677
RAB4B,ENSG00000167578,chr19,40768215,40806942,165,0.3686339289128824,0.4456875686109821,0.5025529526518557,0.36958604816561313,0.4624944545393773,0.1758150351943356,0.2152946013455398,0.414211760427856,0.37473219427665183
RAB4B-EGLN2,ENSG00000171570,chr19,40768241,40818418,218,0.3417683471677281,0.4072209600314708,0.4078640677495718,0.3540527802624577,0.3912645495534227,0.2085564308866812,0.23179976972931018,0.3143771324165959,0.29113379357396685
EGLN2,ENSG00000269858,chr19,40788995,40818434,127,0.3537413232493579,0.3829230655749797,0.3868863981085396,0.32019813671812947,0.33421343655715385,0.2150559798220441,0.23096466870246968,0.2677055919015464,0.25179690302112084
CTC-490E21.12,ENSG00000268797,chr19,40791296,40908282,372,0.40456956519153714,0.45269845440481576,0.4006705348344892,0.3342732594427752,0.36824253327546014,0.3046411325874877,0.2751908176150673,0.29811422421225037,0.32756453918467066
CYP2A6,ENSG00000255974,chr19,40833540,40860447,25,0.34201232949642923,0.2082962548015365,0.17397692151083147,0.4824748597595031,0.15556988506887404,0.23050226805752932,0.3615859458687057,0.003065748180584471,0.0
CYP2A7,ENSG00000198077,chr19,40865438,40892752,88,0.401180674571942,0.4662298662298661,0.33725966963602655,0.40678400403833975,0.402286436642889,0.3646066615371478,0.3176715332559321,0.26318333226439006,0.3101184605456057
CYP2B6,ENSG00000197408,chr19,40981281,41028398,459,0.381274639439269,0.649531296091844,0.4500419217388887,0.3101551590125188,0.4464793641298383,0.46533221427323934,0.4141580980685601,0.5831516520691711,0.6343257682738505
CYP2A13,ENSG00000197838,chr19,41078450,41106195,0,,,,,,,,,
CYP2F1,ENSG00000197446,chr19,41104431,41138381,0,,,,,,,,,
CYP2S1,ENSG00000167600,chr19,41183209,41217539,142,0.3667349251651877,0.3957474728765708,0.3035079800244712,0.3005868221735216,0.3126541199251738,0.2994651594451633,0.24317952053215094,0.20429791771400266,0.26058355662701493
AXL,ENSG00000167601,chr19,41209222,41271766,306,0.3639696960153145,0.37672684749838004,0.26273302368083457,0.34882113482885685,0.19743870299398175,0.31023713662273655,0.3408971424714791,0.16253327262866404,0.13187326677992156
HNRNPUL1,ENSG00000105323,chr19,41252495,41317787,285,0.21019073840148425,0.2756050283860503,0.13816926595468054,0.21685747318153364,0.19209720181065496,0.20484295315835443,0.1767727702232036,0.11757554128816107,0.14564572422331196
TGFB1,ENSG00000105329,chr19,41291586,41363922,320,0.3182397689401546,0.3033954121806559,0.22021770435658836,0.32534906182862716,0.24592998017524317,0.24793703948153129,0.23641356738002484,0.11360029557353349,0.12512376767503997
CCDC97,ENSG00000142039,chr19,41300171,41334873,162,0.31308774022711144,0.42055565541247025,0.3573280637297297,0.31477843791221166,0.3484120324659552,0.23955673912059583,0.2476779187371868,0.30612892209506615,0.29800774247847517
CTC-435M10.3,ENSG00000255730,chr19,41340852,41435001,555,0.46489795051949934,0.34567835035234756,0.25379835871086986,0.4563235778704049,0.22840536933422312,0.3783473071554535,0.3871306470388344,0.04580892223971772,0.037025582356336795
TMEM91,ENSG00000142046,chr19,41340910,41394083,265,0.4511309033325931,0.3395941133992381,0.2297753374730601,0.4239429371201659,0.23438753140785734,0.37686146080016936,0.3496850280216717,0.038039192485894324,0.06521562526439206
B9D2,ENSG00000123810,chr19,41344416,41374165,143,0.3864368596055102,0.30685851716931994,0.21741283955846347,0.4623480108878996,0.24716919893480788,0.304921633437247,0.35157507650039505,0.06159950726395766,0.014946064200809628
EXOSC5,ENSG00000077348,chr19,41376373,41407359,180,0.45290237225802665,0.29948681098598073,0.2501451452857638,0.4313059272688108,0.2031095301519936,0.3355972405675393,0.3466583474563028,0.020344844814753127,0.009283737925989632
BCKDHA,ENSG00000248098,chr19,41387807,41435002,322,0.48027508119145634,0.29159715608079945,0.2465518924550853,0.40589314379181446,0.22436638761601113,0.35805141817147174,0.3056817112102021,0.0,0.039060647304402785
B3GNT8,ENSG00000177191,chr19,41415358,41438730,167,0.45559162130504594,0.34903357079732106,0.24310440343531087,0.46819135020459524,0.25210258223202414,0.3794114356837467,0.3851396444456202,0.049885770464538626,0.04415756170266505
DMAC2,ENSG00000105341,chr19,41421317,41450717,140,0.4393720231096603,0.3374589681722281,0.24679048720307054,0.39011830990027113,0.31496900418289814,0.35347933600106923,0.2639359435557457,0.058193452204200524,0.14773684464952408
ERICH4,ENSG00000204978,chr19,41433155,41454765,55,0.29024940869423377,0.4456182173990394,0.29605936519031417,0.34938203252003075,0.31252358269989267,0.29084104494481133,0.322503293856899,0.29906064636789986,0.26739839745581223
CEACAM21,ENSG00000007129,chr19,41539517,41596844,0,,,,,,,,,
CEACAM4,ENSG00000105352,chr19,41608970,41637074,0,,,,,,,,,
CEACAM7,ENSG00000007306,chr19,41663302,41716976,8,0.2672700201712076,0.0,0.2572923820850851,0.05672413667941895,0.013331566392790867,0.0067625972134845724,0.022487635814088122,0.0,0.0
CEACAM5,ENSG00000105388,chr19,41698584,41740433,160,0.30243590855966357,0.14248298461465994,0.22582918575263866,0.17280657293501872,0.105918791055444,0.128956199881716,0.11573615409978202,0.024758057242222187,0.037978103024156204
AC011513.3,ENSG00000267881,chr19,41698656,41766737,341,0.3212004612698099,0.20219290509530066,0.24759473396060452,0.25704405169010536,0.22520667222359123,0.16441884451614375,0.1339240062032097,0.06146960194736725,0.09196444026030126
CEACAM6,ENSG00000086548,chr19,41740976,41782211,235,0.35164010095858245,0.30036120757471063,0.2088752900132245,0.32551836087763264,0.16327855458290239,0.2781003812605236,0.28636892402532554,0.0790907066786243,0.07082216391382237
CEACAM3,ENSG00000170956,chr19,41786586,41821554,0,,,,,,,,,
LYPD4,ENSG00000273111,chr19,41827073,41854697,132,0.40116999960429245,0.24755134671339873,0.27662357879914173,0.44791522263771844,0.2899927776079261,0.23668724597165053,0.26799802261325456,0.04773527355063939,0.016424496909035358
DMRTC2,ENSG00000142025,chr19,41834742,41862333,0,,,,,,,,,
RPS19,ENSG00000105372,chr19,41850254,41882925,0,,,,,,,,,
CD79A,ENSG00000105369,chr19,41867278,41891372,0,,,,,,,,,
ARHGEF1,ENSG00000076928,chr19,41873172,41940150,0,,,,,,,,,
ERFL,ENSG00000268041,chr19,41897703,41938449,0,,,,,,,,,
RABAC1,ENSG00000105404,chr19,41946680,41969321,104,0.5008532593531991,0.7011026099725542,0.5655886549114085,0.4666425815006227,0.601557291108328,0.534373352333517,0.458013442213826,0.6732815893224262,0.7496414994421169
CTD-2575K13.8,ENSG00000285505,chr19,41946878,42004232,188,0.5790779814060268,0.664728383401675,0.6026225003808763,0.6430339631291258,0.6427604203399394,0.517626700932688,0.546790142801595,0.5751875789258529,0.5460241370569456
ATP1A3,ENSG00000105409,chr19,41956581,42007497,155,0.5987156178617987,0.6375681046809839,0.6231298275625785,0.6431777755825848,0.6752605502605502,0.47607454846075725,0.46035208904064706,0.5388441488593902,0.5545666082795002
GRIK5,ENSG00000105737,chr19,41988320,42079498,210,0.4840108410438892,0.40341985312737394,0.36051026679312104,0.5710941321089921,0.5455940386891237,0.36556324778426164,0.28714759914404187,0.15097843678686973,0.22939408542708944
ZNF574,ENSG00000105732,chr19,42058476,42091552,68,0.3318909344328938,0.2780832849828483,0.44357990579883727,0.3460739738797444,0.448818512605888,0.07145882097675249,0.07745769894173177,0.25438667892808575,0.2483878009631065
POU2F2,ENSG00000028277,chr19,42076109,42206585,416,0.26111584820081674,0.29072357864357856,0.21093438006696452,0.2764438629578337,0.2997157600557033,0.2046091470669678,0.15540906457403159,0.138900806390745,0.1881008888836813
DEDD2,ENSG00000160570,chr19,42188597,42230140,119,0.0853657055557529,0.10676411923673124,0.06332837748039491,0.13775657322685367,0.05555546965238595,0.06835652310288676,0.10198195822331005,0.04454806569089585,0.010922630570472575
AC006486.14,ENSG00000288671,chr19,42205132,42242149,125,0.23062741031250183,0.13502265981640862,0.23511139315779486,0.2792213978875524,0.20636991294780296,0.06960340792554148,0.12066870826354993,0.07544856078739332,0.024383260449384908
ZNF526,ENSG00000167625,chr19,42210311,42238201,101,0.14138495207699706,0.11728808865464588,0.1341995393170946,0.09053595681055965,0.1254626852428724,0.06654508908718013,0.04279794686106202,0.0582113037428066,0.08195844596892468
GSK3A,ENSG00000105723,chr19,42216224,42252625,114,0.20721673578647917,0.1726826405757604,0.18640115240926214,0.22364338777936846,0.2583152204603309,0.10774223250361274,0.07193963540571202,0.08182467727487622,0.11762727437277695
AC006486.9,ENSG00000268643,chr19,42224582,42265132,124,0.2178850097998703,0.19688314134422347,0.1586977757919973,0.2660571991150933,0.22398628266598938,0.14610211516691507,0.13749707370388922,0.07315293286531951,0.08175797432834536
ERF,ENSG00000105722,chr19,42237568,42265128,82,0.2560389898599978,0.2783386802260291,0.22217708235988434,0.3354166674569771,0.264001044062709,0.18535479728962184,0.21413387990941668,0.14084453904066782,0.11206545642087301
CIC,ENSG00000079432,chr19,42258536,42305797,165,0.2229201539190768,0.2507515651323414,0.16097434784556522,0.2791601721260107,0.23481748490813031,0.18269141765001054,0.17419104452236803,0.10599324406958965,0.11449361719723217
PAFAH1B3,ENSG00000079462,chr19,42287032,42313546,85,0.08278558545472153,0.15051107253249776,0.1680106063397938,0.16846641686977823,0.05781304953822504,0.03279939909573762,0.1440262009000506,0.13032097303534154,0.019094171231028537
PRR19,ENSG00000188368,chr19,42292097,42320814,76,0.105342586856076,0.0712735223959714,0.059603975345976314,0.10533157325284587,0.06903261488278585,0.06190061659473108,0.05685603902634483,0.01204039361665006,0.017084971185036317
TMEM145,ENSG00000167619,chr19,42303308,42335064,58,0.15554850948389976,0.06805971479500891,0.04099299123344174,0.11400134535472879,0.06254104785915553,0.09884881417511518,0.06347203918786191,0.0,0.007014498829825501
MEGF8,ENSG00000105429,chr19,42315608,42388769,184,0.13236073355155514,0.2448243846304976,0.2291552348713352,0.1556820198155243,0.23826488990538347,0.08125796402967603,0.08893732346547165,0.19954698961293835,0.19186763017714276
CNFN,ENSG00000105427,chr19,42377018,42400297,127,0.06530067946921078,0.3473444048411735,0.3316035269533628,0.08930041968209908,0.41418894393520217,0.04568116647277928,0.0,0.3810245417260522,0.4339607371380555
LIPE,ENSG00000079435,chr19,42391513,42437388,231,0.27343965120827673,0.3510252982491194,0.4127596668460014,0.23460017727080032,0.4269239658936781,0.10973707908751829,0.07149080234584654,0.3226244643033169,0.3608707410449886
CXCL17,ENSG00000189377,chr19,42418277,42452946,162,0.16032037438397725,0.34966175015337736,0.37476789594638665,0.1637826075432238,0.42357901255620684,0.06768259666914839,0.029106161836468247,0.36258007039688267,0.4011565052295628
CEACAM1,ENSG00000079385,chr19,42497303,42571234,51,0.4920228816175922,0.5281373792565128,0.5421024318902822,0.5488220653833668,0.579120967938512,0.32363824909223776,0.34077552795957694,0.42742914441672,0.4102918655493807
CEACAM8,ENSG00000124469,chr19,42570242,42605055,0,,,,,,,,,
PSG3,ENSG00000221826,chr19,42711637,42750481,0,,,,,,,,,
PSG8,ENSG00000124467,chr19,42742685,42865691,0,,,,,,,,,
PSG1,ENSG00000231924,chr19,42856463,42889822,0,,,,,,,,,
PSG6,ENSG00000170848,chr19,42892085,42929563,0,,,,,,,,,
PSG7,ENSG00000221878,chr19,42914131,42947207,0,,,,,,,,,
PSG11,ENSG00000243130,chr19,42997655,43036474,0,,,,,,,,,
PSG2,ENSG00000242221,chr19,43054208,43093045,0,,,,,,,,,
PSG5,ENSG00000204941,chr19,43156255,43196536,0,,,,,,,,,
PSG4,ENSG00000243137,chr19,43182701,43217299,0,,,,,,,,,
PSG9,ENSG00000183668,chr19,43201790,43279530,0,,,,,,,,,
CD177,ENSG00000204936,chr19,43343685,43373172,0,,,,,,,,,
TEX101,ENSG00000131126,chr19,43391495,43428597,150,0.2906057277024024,0.24525695240601186,0.20446674089966851,0.32071736255181355,0.2047125103099269,0.19798955481521718,0.21952214855702723,0.0833883671573592,0.06185577341554915
LYPD3,ENSG00000124466,chr19,43450786,43475608,124,0.360533947694787,0.5206699060872211,0.4841609632667012,0.3738869302191392,0.415393154506982,0.26026351260424224,0.33338718622051955,0.4751022749670307,0.40197860135075336
PHLDB3,ENSG00000176531,chr19,43464953,43514935,226,0.3712555227548872,0.5752035484352112,0.48226131554894985,0.3588795536478287,0.5353738324117275,0.33094543470481064,0.26708048038419996,0.5251997275747189,0.5890646818953296
ETHE1,ENSG00000105755,chr19,43496718,43537230,197,0.41562705212511497,0.6092139337501085,0.5351503409494451,0.35958050615790815,0.4960736514943268,0.3553848324688937,0.3499508582946085,0.5842101814073443,0.5896441555816294
ZNF575,ENSG00000176472,chr19,43515496,43546130,156,0.3465354581704168,0.5161236401892096,0.42840194399115344,0.3808325046498197,0.4341345676147064,0.2960368160989106,0.31795316574709503,0.4298890437371483,0.40797269408896397
XRCC1,ENSG00000073050,chr19,43533310,43590473,295,0.40318477993381724,0.3983553627018565,0.3224813083851227,0.41441216072536735,0.3228840732569258,0.317458950789493,0.3266573047536677,0.1906293606729808,0.18143100670880602
L34079.2,ENSG00000268361,chr19,43544691,43603036,299,0.42027964219122643,0.3581070991285959,0.384665652688292,0.4034526631666617,0.3392489252702275,0.2514768694813405,0.2727761971314999,0.19185694079959753,0.17055761314943813
PINLYP,ENSG00000234465,chr19,43565800,43593964,137,0.45977197346600335,0.36469114492988924,0.37826717446607855,0.4069587847285432,0.3173298678989038,0.2970815750656214,0.2971959433140736,0.15656243733394076,0.15644806908548858
IRGQ,ENSG00000167378,chr19,43574366,43606135,146,0.3740968415222755,0.28284138156109145,0.24082527810521207,0.34523533887330915,0.27787241799826506,0.2627472642516219,0.215192096131408,0.0697109734387037,0.11726614155891757
ZNF576,ENSG00000124444,chr19,43586391,43611157,115,0.4229930425503064,0.2853787049627983,0.28766492491719614,0.41175728936922973,0.23631412575694105,0.2733483106351279,0.2985097216167705,0.0626542232616003,0.03749281227995782
SRRM5,ENSG00000226763,chr19,43586616,43624498,178,0.40499909951176394,0.41312713258217343,0.3608459302149423,0.3467654906979385,0.2850396198828037,0.30226483996935155,0.3116190003556377,0.23068222284970125,0.22132806246341513
ZNF428,ENSG00000131116,chr19,43597223,43629629,145,0.3536056630560054,0.45741728776972307,0.30640746787763873,0.3638615820475182,0.2560173641661423,0.3409448262839778,0.3840081289629273,0.27046991396453984,0.22740661128559045
CADM4,ENSG00000105767,chr19,43612367,43649850,155,0.28266150846462074,0.388220921876604,0.3181457368930147,0.2594273974930298,0.2711317537657453,0.2203260831290717,0.23772667721667792,0.27105796196945514,0.2536573678818489
PLAUR,ENSG00000011422,chr19,43636094,43680547,267,0.252537453526361,0.33296164022929553,0.28140532798046713,0.38707673086343214,0.2965609558817394,0.18276049256211674,0.27132459730888175,0.22214723125747865,0.13358312651071363
IRGC,ENSG00000124449,chr19,43706075,43730021,179,0.2930419294802114,0.38632225337071147,0.13851414802868478,0.2890067060860169,0.07418570374175834,0.3429863032874879,0.37614800196090153,0.1452990279489149,0.11213732927550121
SMG9,ENSG00000105771,chr19,43717982,43764962,301,0.34378848786138205,0.5200779552094205,0.5946741641022493,0.26863710337063756,0.5957757518254199,0.12616985383189766,0.07059580673975863,0.6079617411239893,0.6635357882161284
KCNN4,ENSG00000104783,chr19,43756532,43791257,211,0.3927949822730327,0.47962731326367686,0.5263331450217651,0.39442601383489523,0.513107982021855,0.2024238830421805,0.2175378213138069,0.45078613581288995,0.4356721975412637
LYPD5,ENSG00000159871,chr19,43775873,43837206,380,0.35574273095984804,0.35965044985730177,0.28314973960059436,0.38983335188135737,0.28450097594712986,0.2762549620786082,0.30249460056133193,0.16948611754953935,0.1432464790668157
ZNF283,ENSG00000167637,chr19,43817320,43862017,313,0.34057417302559906,0.26143087097209555,0.2714131060513422,0.29136634929621863,0.24767314469410825,0.2013889866025712,0.1814363856355402,0.10165158743912159,0.12160418840615261
ZNF404,ENSG00000176222,chr19,43862364,43911385,294,0.3763136558549932,0.6097962466961909,0.5411925171873178,0.35199444389796264,0.46638977334065385,0.31703466909308964,0.37342631059526243,0.6240515628231585,0.5676599213209857
ZNF45,ENSG00000124459,chr19,43902623,43945282,303,0.38947232796268655,0.5086913170219725,0.4559441797272028,0.3894309097877138,0.3861528786531165,0.2977054497553098,0.35801855928542714,0.41297721673388704,0.3526641072037696
ZNF221,ENSG00000159905,chr19,43941222,43977709,187,0.46977838901485325,0.4443167221496812,0.448524566200485,0.4898343612056261,0.40231932334211506,0.31342951573733524,0.37293898103215223,0.27412727545719523,0.21461781016237824
ZNF155,ENSG00000204920,chr19,43957861,44008326,155,0.5651068438144227,0.5299797191905069,0.5672170215223179,0.5986989541270342,0.471097232571296,0.37505772475653254,0.5155360807751922,0.3799217097939671,0.2394433537753075
ZNF230,ENSG00000159882,chr19,43992956,44023924,183,0.5210077434955124,0.403524481533873,0.48084092865048944,0.5110135433149131,0.43572325055094924,0.29862149049880415,0.3299635543824347,0.21809558975554127,0.18675352587191085
ZNF222,ENSG00000159885,chr19,44015341,44043110,197,0.6246914136727839,0.5300851049294647,0.495535589833659,0.6304336962836852,0.4431895511157725,0.5254761915419089,0.5825491918896815,0.22972748345006738,0.17265448310229492
AC084219.2,ENSG00000267022,chr19,44015353,44097318,536,0.5826523171905061,0.47350438212325413,0.42547460740973997,0.575215517013074,0.41336255137207684,0.480568460103542,0.4821686618802697,0.16094381046029244,0.15934360868356495
ZNF223,ENSG00000178386,chr19,44041366,44077999,214,0.588905926042804,0.4885165214180923,0.41703161052260534,0.5146069728862198,0.4660528129098224,0.5098754398840886,0.38288899979339924,0.16056455416564086,0.2875509942563303
ZNF284,ENSG00000186026,chr19,44062158,44099613,238,0.6096868019015198,0.4345090710762592,0.38530910392951884,0.6116110307495808,0.37340040863333857,0.5121155344607389,0.5241807076048528,0.05794548990070253,0.04588031675658866
ZNF224,ENSG00000267680,chr19,44084338,44119886,280,0.6319892858851102,0.4201992580572147,0.39023207605835986,0.6547726116787602,0.3848559129370876,0.5250185814384636,0.5613620073045533,0.02005220140397862,0.0
ZNF225,ENSG00000256294,chr19,44102180,44144822,320,0.5366969620068892,0.35131714905299805,0.41662581957339195,0.6073349105327828,0.4495191310988557,0.33162940241847694,0.38532324979019417,0.101181952724608,0.04748810535289083
ZNF234,ENSG00000263002,chr19,44131553,44170313,230,0.30443692319073773,0.3959941170568644,0.30454541954638653,0.3293400359444664,0.30364223708988464,0.2520076727334154,0.27088632400574675,0.2521636683892611,0.23328501711692975
ZNF226,ENSG00000167380,chr19,44155072,44188381,187,0.3989323570472359,0.35703089432081286,0.34687647127461596,0.3733212318940478,0.332000972187686,0.2623587033317033,0.25275562172102195,0.17929989972234595,0.1889029813330273
ZNF227,ENSG00000131115,chr19,44197546,44247268,221,0.39462755265030064,0.3312911077359489,0.3486973112799425,0.30536556479419646,0.2535719770991448,0.23776853094063866,0.2371599652040696,0.16463792123230914,0.1652464869688782
ZNF235,ENSG00000159917,chr19,44218728,44315046,448,0.4462495434737688,0.3721970642072055,0.3290519053290302,0.4293672945440746,0.32722436221747536,0.32875329563790845,0.3150975506410324,0.13677566262874524,0.1504314076256213
ZNF233,ENSG00000159915,chr19,44249879,44285317,157,0.45566202209523293,0.4429360463385741,0.3187726138628716,0.40895506647024743,0.3191384816603491,0.4047005207474782,0.36327105921022945,0.18037470683486295,0.22180416837211164
ZNF112,ENSG00000062370,chr19,44316554,44377217,0,,,,,,,,,
CTC-512J12.6,ENSG00000267173,chr19,44319694,44411608,0,,,,,,,,,
ZNF285,ENSG00000267508,chr19,44372297,44411608,0,,,,,,,,,
ZNF229,ENSG00000278318,chr19,44407518,44458578,0,,,,,,,,,
ZNF180,ENSG00000167384,chr19,44464427,44510524,0,,,,,,,,,
CEACAM20,ENSG00000273777,chr19,44491676,44539788,0,,,,,,,,,
IGSF23,ENSG00000216588,chr19,44603562,44646781,0,,,,,,,,,
PVR,ENSG00000073008,chr19,44633797,44676162,0,,,,,,,,,
CEACAM19,ENSG00000186567,chr19,44652277,44694359,267,0.3165494801591158,0.1945300812700156,0.21950011615666853,0.33914973833100326,0.2825256657595266,0.17455487591248828,0.14926965832138353,0.04177454599168823,0.06705976358279298
CEACAM16,ENSG00000213892,chr19,44689150,44720718,199,0.5378861001494637,0.671328375548138,0.64291715932219,0.5165331440089367,0.5843663192509273,0.4274262665150639,0.48075883172849354,0.685269862107184,0.6319372968937544
BCL3,ENSG00000069399,chr19,44737704,44770044,180,0.26310276850987147,0.24986513295546658,0.25005474095647046,0.229119289855752,0.2283828095652754,0.1525270205094307,0.1442285924913851,0.13497524538247418,0.1432736734005198
CBLC,ENSG00000142273,chr19,44767868,44810652,41,0.359739863950461,0.2139733497967793,0.11509605820184587,0.36947649160029505,0.13519550661220792,0.28218456172255363,0.2783588015795285,0.0,0.0
BCAM,ENSG00000187244,chr19,44799070,44831421,74,0.3812098851521767,0.26495172403429285,0.22400056596206153,0.3218643008630127,0.22879045793802893,0.26710237366598133,0.21821590121607282,0.04071672667426396,0.08960319912417239
NECTIN2,ENSG00000130202,chr19,44836174,44899223,415,0.34044090237373714,0.449615334208112,0.3461916514657577,0.3399848305166424,0.3354173382426423,0.29419026921860847,0.3020171506941205,0.3029475836489774,0.29512070217346537
TOMM40,ENSG00000130204,chr19,44880568,44913689,164,0.29712834190033244,0.48125723166179957,0.404108643385941,0.31210351801484804,0.4053724143690102,0.24561559949515,0.2553220433936133,0.410731548592116,0.40102510469365277
APOE,ENSG00000130203,chr19,44895790,44919393,110,0.2760044079513292,0.4098800987145219,0.34165282989296664,0.27985528161715656,0.32612765165928786,0.21618832125261755,0.2305090247332632,0.31124121895889356,0.2969205154782478
APOC1,ENSG00000130208,chr19,44904246,44929349,108,0.2557896901136073,0.42912456898910856,0.3244296668909008,0.3091372653619603,0.31337191971512823,0.23190892753148382,0.27721793681560714,0.3286753249453085,0.2833663156611852
APOC4,ENSG00000267467,chr19,44932236,44955496,180,0.32898588003827933,0.47103066536555377,0.2988187775655021,0.29960596229045844,0.27427115889431514,0.3404005054744045,0.3361790888173568,0.29642431188459695,0.3006457285416447
APOC4-APOC2,ENSG00000224916,chr19,44932237,44959565,206,0.3333535037788612,0.47309224746732614,0.2866544353084819,0.33145139328492024,0.26148736727662175,0.35421791980582334,0.3701294460617953,0.2865118685891984,0.2706003423332264
APOC2,ENSG00000234906,chr19,44936034,44959565,186,0.36702703484138777,0.46983639183409914,0.25007676762396847,0.3537771695722953,0.23097586555227417,0.4020563788586513,0.4042737977913514,0.23251324656106617,0.2302958276283661
CLPTM1,ENSG00000104853,chr19,44944584,45003341,0,,,,,,,,,
RELB,ENSG00000104856,chr19,44991448,45048198,340,0.3316459024711463,0.3985316557386734,0.3665500064992875,0.43609977575288833,0.36897139747302615,0.22737215676151357,0.3104276174308452,0.28100921618526076,0.1979537555159292
CLASRP,ENSG00000104859,chr19,45029044,45080956,284,0.34403085924627563,0.4492960916490328,0.38843654946827555,0.3810571038411367,0.45417860508655755,0.2632314756159464,0.23541838785011987,0.33332651006289293,0.3611395978287195
ZNF296,ENSG00000170684,chr19,45061499,45086587,152,0.31811852668831225,0.7309015079978253,0.5568496317110938,0.4277509300258489,0.5418914200553544,0.4408655597172964,0.5451048608153888,0.871812265404335,0.7675729643062426
GEMIN7,ENSG00000142252,chr19,45069194,45101518,237,0.3588589055805615,0.7160460552771877,0.46883027381278414,0.40323940316122686,0.5026007896282012,0.5353876384081941,0.5384100708253694,0.7235555820321111,0.720533149614936
MARK4,ENSG00000007047,chr19,45069287,45315284,1499,0.27236573028657907,0.5504770960277958,0.43408662596058467,0.3036618583912758,0.42464726216501475,0.2741054719651695,0.30435820192561275,0.5254630000714868,0.49521027011104346
PPP1R37,ENSG00000104866,chr19,45081395,45158077,572,0.25161715748467733,0.5038220437270192,0.4012953444962288,0.2789442363828297,0.3552433144977683,0.23883718956747874,0.2944885856497175,0.46198344422846305,0.40633204814622426
NKPD1,ENSG00000179846,chr19,45139749,45170815,211,0.2851298986793607,0.43535471688385335,0.42934959127486433,0.262859904721914,0.3645290448739049,0.1731167455095926,0.21157299270259605,0.39844081697957656,0.3599845697865732
TRAPPC6A,ENSG00000007255,chr19,45152927,45188237,234,0.20902399609376832,0.5071746266674256,0.4412740987351665,0.18753132111378393,0.403251142078944,0.1799958821795637,0.199509683491235,0.5276044978150318,0.5080906965033605
BLOC1S3,ENSG00000189114,chr19,45168783,45226933,410,0.27436158645355735,0.6081095852880696,0.48435162395529396,0.25642751785345813,0.4619499512245602,0.2975731431062173,0.30662918348733825,0.6391998894743461,0.6301438490932252
EXOC3L2,ENSG00000283632,chr19,45202369,45255407,285,0.2800876789035893,0.510052665191719,0.44753296919417734,0.28073056596600987,0.5311899463537664,0.22436085207947126,0.14270951761736328,0.48909652155748073,0.5707478560195888
CKM,ENSG00000104879,chr19,45296412,45332875,151,0.37432644683525773,0.39806018061921067,0.38502018711535824,0.3518082160712126,0.3297879494703161,0.2451792473260378,0.2705026733494509,0.26241855915039014,0.23709513312697705
KLC3,ENSG00000104892,chr19,45323433,45361520,194,0.34981367741350994,0.44374130461892125,0.36589898172855895,0.329558798726102,0.31437636370686217,0.28073555904472247,0.30445732524029107,0.3057862544333858,0.28206448823781716
ERCC2,ENSG00000104884,chr19,45339836,45380918,219,0.41920644072121843,0.4884151093391105,0.37384947849974215,0.40550764434271364,0.3659408150503976,0.37271858051956924,0.36733809367119213,0.2975231626950004,0.30290364954337756
PPP1R13L,ENSG00000104881,chr19,45369637,45416349,243,0.35443802380455836,0.42405149950406634,0.28926873692442406,0.39866628740880233,0.25844099042229846,0.3239551003836208,0.3806708641330442,0.22778193076106176,0.17106616701163835
POLR1G,ENSG00000117877,chr19,45396643,45420737,129,0.2130106189443574,0.33099967797951707,0.2131650873391425,0.21997389144906473,0.2860020353668082,0.20088722031653522,0.15676172878254727,0.20108351719147582,0.24520900872546383
ERCC1,ENSG00000012061,chr19,45397333,45488828,553,0.32235752523998484,0.3366028525274956,0.30289072218367147,0.2809151555048172,0.3285694113850003,0.2193519042051661,0.1709063705339946,0.19102954813382345,0.23947508180499497
FOSB,ENSG00000125740,chr19,45457994,45485179,169,0.3507259827265305,0.4179394675513485,0.3735755510982635,0.34690766214631014,0.376070420544814,0.2526770807752208,0.24774990635217306,0.28850374824016733,0.293430922663215
RTN2,ENSG00000125744,chr19,45475293,45507055,180,0.36090153791740487,0.5109392321488198,0.3849908648832628,0.3583909393247476,0.3756251116270763,0.3384235594324555,0.3440201598809034,0.3768449681613255,0.37124836771287767
PPM1N,ENSG00000213889,chr19,45478776,45512513,170,0.4214983039395585,0.5612757899415001,0.45453614363688577,0.377016101985681,0.4163444263624916,0.38253967661722243,0.3793373257648882,0.4413446098059274,0.4445469606582615
VASP,ENSG00000125753,chr19,45496578,45536983,170,0.39301674260524944,0.4254456352657073,0.33780874815924683,0.3651752989693154,0.34829125092998625,0.32060688133069704,0.2902047076762288,0.2335536751890924,0.26395584884356066
OPA3,ENSG00000125741,chr19,45517426,45612212,489,0.38123358743015595,0.4772396595074369,0.44909701471144325,0.3547788509958771,0.4218746878200612,0.2662315222073636,0.26941484173359775,0.38240063770985244,0.37921731818361826
GPR4,ENSG00000177464,chr19,45579763,45612212,180,0.2948923118562881,0.43498138158432875,0.3314683179909289,0.2949728894485993,0.3289387894395938,0.25881492162297237,0.2607603471888684,0.31208167380756946,0.3101362482416734
EML2,ENSG00000125746,chr19,45596993,45655602,301,0.3235412420459883,0.40065991304155907,0.342732013876909,0.30263678645877146,0.2779958152002472,0.24157321559022837,0.2733253171360327,0.2703528685294717,0.23860076698366736
GIPR,ENSG00000010310,chr19,45658220,45693722,165,0.2539281504311389,0.3513379197853225,0.40105719012206975,0.2374797304027114,0.33147550520199776,0.10659379220632309,0.15064366080508163,0.32624958330671494,0.28219971470795635
SNRPD2,ENSG00000125743,chr19,45677459,45702569,109,0.35627676400867864,0.5124605478706918,0.5008280170026026,0.27574244697638783,0.4444753107854712,0.2320329400481574,0.22657502607479513,0.4863511243257922,0.49180903829915446
QPCTL,ENSG00000011478,chr19,45682402,45713989,155,0.24066552388306447,0.408211003679543,0.4134048770546619,0.26606778402028725,0.35302698187801473,0.13324880742449902,0.1992465238962514,0.391356325342531,0.3253586088707786
FBXO46,ENSG00000177051,chr19,45700628,45740896,182,0.32648802658633086,0.28829298249266194,0.26246277416429786,0.35843787358559165,0.26628782472938317,0.2154498667907018,0.23714986977045552,0.1246390777306087,0.10293907475085495
MEIOSIN,ENSG00000237452,chr19,45723438,45774541,119,0.4742327004717648,0.39471203423442236,0.37388180736562066,0.44120084005214133,0.28783074121586893,0.33836569930319005,0.3722882199123573,0.16368525841694553,0.12976273780777825
SIX5,ENSG00000177045,chr19,45754784,45779252,0,,,,,,,,,
DMPK,ENSG00000104936,chr19,45759708,45792552,60,0.4112171119860818,0.43983052329818767,0.2718623077431752,0.37814091784850373,0.16157434775454488,0.39597428379129446,0.4391641513956592,0.18354162027945525,0.14035175267509054
AC011530.4,ENSG00000268434,chr19,45769436,45795973,71,0.4180818313297283,0.4407429827406047,0.2798782177880988,0.3736850692272789,0.1849545678074078,0.3971183182735557,0.42226832943853887,0.1840278127918591,0.15887780162687595
DMWD,ENSG00000185800,chr19,45772946,45802845,109,0.4098418538626897,0.4274113582473565,0.3259898654960935,0.3517520509439212,0.21329942020532894,0.3452211623278789,0.37558109025837316,0.21236656045550817,0.18200663252501392
RSPH6A,ENSG00000104941,chr19,45785712,45825308,230,0.4775217711395409,0.6411400378665677,0.5189487620487696,0.47599521672591794,0.4934501538505987,0.47110675836907956,0.4954724816644256,0.5537162858475964,0.5293505625522503
SYMPK,ENSG00000125755,chr19,45805409,45873194,398,0.5021775480576393,0.6156531647659049,0.4646503054222189,0.49232340755177184,0.4735034242015087,0.5144432970685233,0.4963050646674128,0.441766620225236,0.4599048526263464
FOXA3,ENSG00000170608,chr19,45853988,45883797,155,0.22949200300422914,0.39467145110975094,0.3184761051692609,0.18810225680717968,0.29828552465687436,0.18963259564819768,0.17806805157052555,0.31235131668771354,0.3239158607653857
IRF2BP1,ENSG00000170604,chr19,45873607,45896141,125,0.2661217356127751,0.5870246159850575,0.48630902428651396,0.284102925487395,0.45538414618649486,0.26382299911440715,0.3054557877339189,0.6205442915524073,0.5789115029328956
MYPOP,ENSG00000176182,chr19,45880022,45912613,191,0.2823434822448193,0.4669473319136386,0.48541290440821333,0.2888529343991707,0.5122339047289608,0.1482544005866565,0.1260458857597071,0.4808806446905185,0.5030891595174678
NANOS2,ENSG00000188425,chr19,45903213,45924778,153,0.47346559231414276,0.5385996896411974,0.5198575402163603,0.4977288331917787,0.494249938634036,0.3406277152560869,0.39019585560282666,0.4328615453407571,0.3832934049940173
NOVA2,ENSG00000104967,chr19,45923733,45984044,288,0.44298968083058876,0.6730854901781013,0.6014717805811618,0.4580758029853091,0.5561076839048952,0.3916255619250693,0.45925622403325583,0.7264310181941682,0.6588003560859816
CCDC61,ENSG00000104983,chr19,45985460,46031318,123,0.251520810026855,0.6121347965902708,0.4666349736860578,0.3138985924351392,0.45378741735247824,0.3041300272901228,0.35954010892594557,0.6429673863233785,0.5875573046875557
PGLYRP1,ENSG00000008438,chr19,46009152,46033053,0,,,,,,,,,
IGFL4,ENSG00000204869,chr19,46029747,46087118,146,0.27589598841408464,0.3926120827529278,0.3673911729856264,0.28711398447926345,0.4422541743970316,0.1817524194956935,0.12658471323835296,0.3168351996523848,0.3720029059097253
IGFL3,ENSG00000188624,chr19,46110066,46134688,114,0.45614797955951397,0.587574354657688,0.6552077187326862,0.4545635120995917,0.6368436645652934,0.21498215349580152,0.23947319575096626,0.6707171896748607,0.6462261474196959
IGFL2,ENSG00000204866,chr19,46133105,46171299,17,0.24786982339355118,0.0,0.0,0.38854273025824765,0.0,0.14242293141209567,0.24595510203478516,0.0,0.0
IGFL1,ENSG00000188293,chr19,46219741,46241243,0,,,,,,,,,
HIF3A,ENSG00000124440,chr19,46287041,46353433,309,0.554378976400131,0.7402581714246497,0.6763644798609418,0.5793199270271909,0.6951995041912357,0.5141080925522734,0.5129259678337138,0.8339590157505616,0.835141140469121
PPP5C,ENSG00000011485,chr19,46337086,46402981,395,0.5379837566822816,0.5988525289050742,0.6015165348664526,0.5577993638719272,0.5571148294704379,0.38274605819300467,0.45748649083666443,0.5306801027476267,0.45593967010396685
CCDC8,ENSG00000169515,chr19,46400328,46423564,175,0.2997538077585178,0.5170743869617224,0.4902673173475294,0.33601757702021967,0.46679680599229756,0.20517355384583996,0.2542697741508173,0.5227190936172414,0.47362287331226405
PNMA8C,ENSG00000277531,chr19,46414696,46438936,195,0.29406247629033816,0.40424757045615867,0.3897600739065542,0.3214073287336634,0.3979669118036047,0.18612777296908112,0.1991107199787176,0.33180231191605525,0.3188193649064187
PNMA8A,ENSG00000182013,chr19,46456490,46481563,229,0.6259484870235837,0.5716661318669026,0.48309801360153753,0.5729222229051031,0.4630554867908242,0.5856560368511347,0.5383904695849986,0.262196284910811,0.30946185217694705
PNMA8B,ENSG00000204851,chr19,46476905,46505879,217,0.2699247926221492,0.25741959989870855,0.21001184917334645,0.3003385873140354,0.28745074421962974,0.18824726247830575,0.15793832500708832,0.10937686872445132,0.13968580619566878
CALM3,ENSG00000160014,chr19,46591073,46620782,199,0.4376573000795107,0.5866002196632896,0.5524316553066859,0.42044053981783275,0.4985887972210159,0.3275289821663043,0.36924921401971517,0.5558111809260455,0.5140909490726349
PTGIR,ENSG00000160013,chr19,46610467,46635089,161,0.2303537020077305,0.35072147724774677,0.24846946290647481,0.179273808978195,0.24139943546586004,0.20403714236144233,0.1765896619178415,0.22785635519490574,0.25530383563850656
GNG8,ENSG00000167414,chr19,46624075,46644685,97,0.300721156567172,0.5469619941983381,0.46739115997922426,0.3434484757991368,0.4998708402487617,0.2597584748868408,0.2598222348672608,0.5320207841145904,0.5319570241341702
DACT3,ENSG00000197380,chr19,46637550,46671182,161,0.5028163023495668,0.5460902897394103,0.46579902307994897,0.516566505922936,0.4707768947867198,0.43083476771974866,0.4401766571636871,0.35902220907750615,0.3496803196335677
PRKD2,ENSG00000105287,chr19,46664274,46727127,318,0.5096021042478581,0.517570002629017,0.43457623501671744,0.47336881335158737,0.38714034953475585,0.4356389173508246,0.44027746923193223,0.2932805345467999,0.28864198266569224
STRN4,ENSG00000090372,chr19,46709510,46756994,255,0.4353665324301311,0.5096271566796549,0.41035253407480143,0.3992355682542598,0.4102542815922386,0.37796866237666316,0.34703891676173365,0.3346206101066469,0.3655503557215763
FKRP,ENSG00000181027,chr19,46736045,46786988,225,0.34111511238659464,0.3958062396490757,0.35127695449635543,0.31797832995744657,0.33927256779635967,0.2441586902967342,0.23607015184804028,0.25970164691140574,0.2677901853600996
SLC1A5,ENSG00000105281,chr19,46764882,46798594,177,0.434210510070576,0.34565238744484017,0.27607910674030334,0.4140333893178508,0.3236172351858058,0.33528829546135763,0.28380643870328526,0.08882825560062324,0.14031011235869562
AP2S1,ENSG00000042753,chr19,46828135,46860846,168,0.3165722093973544,0.46607985748201464,0.45272193809507255,0.34323015677102614,0.38326946421167296,0.20267250305682766,0.2823037751255736,0.42483649399467904,0.345205221925933
ARHGAP35,ENSG00000160007,chr19,46850996,47015077,751,0.40704300372699986,0.3717867807124005,0.3635473021640951,0.44788829990698364,0.3784134886377822,0.26783193536632827,0.29170018344142984,0.19704371361327794,0.1731754655381763
NPAS1,ENSG00000130751,chr19,47009836,47055775,0,,,,,,,,,
TMEM160,ENSG00000130748,chr19,47035908,47058624,91,0.4329654664533156,0.6023948565882156,0.6015465751572593,0.4819002626237769,0.4832557520233844,0.28473313787939986,0.4598380842805374,0.6375627302576503,0.4624577838565128
ZC3H4,ENSG00000130749,chr19,47054186,47123776,353,0.26342747479957745,0.23910940464109734,0.20470608840314639,0.4808264311824975,0.32046366835008494,0.1749848691946101,0.27121906978151417,0.0982808265724805,0.0020466259855764224
SAE1,ENSG00000142230,chr19,47103273,47220636,525,0.3766805424711101,0.29809872323562564,0.3694426969060573,0.4110426068039705,0.36743148376360063,0.18275369619388843,0.21269860676438676,0.17120882004173862,0.14126390947124035
BBC3,ENSG00000105327,chr19,47210821,47242766,45,0.5201753539020367,0.5851174503124539,0.6264302003686769,0.3886751165789761,0.4420840641850192,0.3147219810320174,0.3941697840145935,0.5650378305761956,0.48559002759361936
CCDC9,ENSG00000105321,chr19,47245979,47283701,62,0.3567866866147192,0.38954064720433856,0.19997331595508586,0.22418167994040264,0.2543028929190079,0.3558561168406692,0.22697234688617998,0.13768745099455437,0.2665712209490435
INAFM1,ENSG00000257704,chr19,47264884,47285723,70,0.4115962792257559,0.42048447964372676,0.2898664348975686,0.2534381654381654,0.30714238557375806,0.36680129709525705,0.23545445177271623,0.17876153714255016,0.3101083824650911
C5AR1,ENSG00000197405,chr19,47280022,47332066,260,0.6414609384546579,0.6244424814706601,0.5456760382045063,0.5999505602618582,0.5731782878188676,0.6080582722092767,0.5220609461733973,0.37128536879240326,0.4572826948282827
C5AR2,ENSG00000134830,chr19,47322174,47357329,178,0.8112516633340708,0.8734195258606321,0.8562812309719171,0.7853343216380116,0.746760193618187,0.8971604176437196,1.1160660357316665,1.169716596229843,0.9508109781418966
DHX34,ENSG00000134815,chr19,47339314,47392704,296,0.26273313926787834,0.15912949127500123,0.17614187259004915,0.2854878583469676,0.22771771953330744,0.14218301312953058,0.12553387243283956,0.031134590713312787,0.047783731410003805
MEIS3,ENSG00000105419,chr19,47393123,47429527,153,0.4618152783599817,0.5613401167210508,0.5386534407878704,0.5568342502314941,0.5386509100592792,0.3349892927204952,0.43212103395635937,0.48904162681386426,0.39190988557800016
SLC8A2,ENSG00000118160,chr19,47418016,47481893,196,0.45761124573556233,0.6205267450559269,0.5989643268124281,0.5356709049321973,0.6558913044499824,0.33351926993995895,0.3346675922755201,0.6354518891456049,0.6343035668100436
KPTN,ENSG00000118162,chr19,47465149,47494265,19,0.41473094070108985,0.7140351204351203,0.7749242909462618,0.4194316653875364,0.8184247530638379,0.14812571639726135,0.04477445742940811,1.1037605580296006,1.207111816997454
NAPA,ENSG00000105402,chr19,47477636,47525091,173,0.5781581296792286,0.7693701903995711,0.7952523706378861,0.6348005453968977,0.7968587773189096,0.3720445126473858,0.44019958493534406,1.0948968971214086,1.0267418248334503
ZNF541,ENSG00000118156,chr19,47510684,47565856,250,0.4990134577951197,0.5515782735782736,0.575263212858995,0.5078689457030264,0.5807671542081762,0.31845577478743087,0.3208512838233931,0.483565360955252,0.48116985191928985
BICRA,ENSG00000063169,chr19,47598195,47713277,679,0.47065696130493684,0.5810287272415235,0.5384870767931377,0.4436140345001899,0.4665502564662229,0.36641314548743004,0.41392777587173846,0.503539777358629,0.4560251469743206
EHD2,ENSG00000024422,chr19,47703421,47753134,239,0.39720167376431237,0.37281055179274847,0.4554531968329387,0.33321135571055754,0.34327988548798116,0.18243891927314293,0.22564571778720477,0.2840677144634677,0.24086091594940587
NOP53,ENSG00000105373,chr19,47735545,47767058,65,0.5938706801562657,0.5744922804736792,0.5436591102549684,0.36935419955606,0.4713563268779332,0.48552032683786595,0.339021216791557,0.3689518620478883,0.5154509720941972
SELENOW,ENSG00000178980,chr19,47768584,47794686,0,,,,,,,,,
TPRX1,ENSG00000178928,chr19,47791242,47829051,0,,,,,,,,,
CRX,ENSG00000105392,chr19,47809778,47853330,169,0.18670981184056562,0.19983913575341744,0.18838373418450124,0.2076247083442798,0.262324829245395,0.1104410798844265,0.07570546910783363,0.1125014113354906,0.14723702211208345
SULT2A1,ENSG00000105398,chr19,47860466,47896315,202,0.616188010335039,0.6033143992249701,0.571642205683374,0.5772680692063716,0.5037211829817898,0.5172086207901033,0.5425054523535375,0.40740262884746004,0.382105797284026
BSPH1,ENSG00000188334,chr19,47958045,48002170,291,0.40196331790820616,0.34656165218883617,0.3020849695650464,0.43378774332854136,0.2799775545456787,0.2899761804939477,0.33291022898609185,0.13553091140279566,0.09259686291065145
ELSPBP1,ENSG00000169393,chr19,47984631,48035154,402,0.28577612007100484,0.28648969299350013,0.24580683128752676,0.30576578435850366,0.25179901453574444,0.19600522653934863,0.20621032270532078,0.14155316993086633,0.13134807376489419
CABP5,ENSG00000105507,chr19,48019382,48054079,294,0.3200951850945321,0.33907206738968904,0.3362453377979774,0.31814657677928326,0.31172214110904745,0.1950351295839874,0.2117441905919007,0.21907534331144038,0.20236628230352707
PLA2G4C,ENSG00000105499,chr19,48037842,48120817,676,0.38214909372566874,0.4860560928831382,0.4347031701430406,0.4062436323839196,0.448717425437978,0.2883724645034965,0.29570979354937227,0.37726868510143763,0.3699313560555618
LIG1,ENSG00000105486,chr19,48105444,48180603,518,0.3108061402395475,0.3993205716574155,0.323702327633999,0.35762671953648617,0.3534461110271277,0.24540230566222077,0.25809043253608444,0.2642915781920734,0.2516034513182097
ZSWIM9,ENSG00000185453,chr19,48160679,48207620,341,0.3777524085712973,0.3827691728071955,0.3650548004710565,0.4042574347905336,0.34123659808624285,0.2513564188073406,0.2915340104098094,0.23115579408797876,0.19097820248550978
CARD8,ENSG00000105483,chr19,48170769,48265946,717,0.38278730760668356,0.46227091727059033,0.40151334035172276,0.41725022650890875,0.44066613650092834,0.2947954798527883,0.2896945331682607,0.3256049294983263,0.33070587618285385
ZNF114,ENSG00000178150,chr19,48260080,48297608,226,0.22549805342247142,0.14153980250220566,0.1278157313775937,0.2990832768111493,0.23337255547972605,0.1356977540940454,0.12111341618419452,0.016917208470087097,0.03150154637993802
ODAD1,ENSG00000105479,chr19,48286456,48331971,317,0.2589755246938198,0.3199043429265706,0.22801864692856383,0.2954535304338626,0.30819001059605666,0.2132242796828422,0.18363943222152804,0.17229753885573607,0.20188238631705027
EMP3,ENSG00000142227,chr19,48311508,48340553,183,0.1936920397427906,0.1961075439549471,0.11174625038861292,0.3106881969924303,0.19769478076475816,0.1575407409549435,0.1850425875216053,0.060749038933039956,0.03324719236637813
TMEM143,ENSG00000161558,chr19,48322355,48374059,294,0.4595801237361998,0.6085042649205264,0.4982182350858358,0.4369899813527856,0.4921598547424876,0.4317997826332169,0.4173249788406387,0.5059808747718484,0.5204556785644265
SYNGR4,ENSG00000105467,chr19,48354366,48386377,186,0.5142603949564785,0.6415606549762302,0.5696201023028152,0.4443755314979271,0.6241391698072283,0.4524957188531499,0.31756105849070465,0.5735001054113409,0.708434765773786
KDELR1,ENSG00000105438,chr19,48372574,48401551,134,0.3486025616776371,0.5064342164621031,0.3750692420269507,0.3221291795517042,0.3916999720485104,0.33231001255533044,0.29890530840933355,0.37378911646144763,0.40719382060744447
GRIN2D,ENSG00000105464,chr19,48383667,48454931,287,0.42600931059859387,0.618815211041001,0.5243123985112089,0.42371756345866063,0.5978423014189796,0.38830958739515853,0.30235871301557127,0.5761614236487271,0.6621122980283144
GRWD1,ENSG00000105447,chr19,48435840,48467022,150,0.5173509341411261,0.5913597774170599,0.4483564041419923,0.6411068003880636,0.4626156729993513,0.5142662608335248,0.6493044212983683,0.3806539006125832,0.24561574014773968
KCNJ14,ENSG00000182324,chr19,48445573,48476980,167,0.2997138266980004,0.37902166713096225,0.35587428046354974,0.4832891012160778,0.41564018685298104,0.1964319707942307,0.2997462358723698,0.28002711757320686,0.17671285249506768
CTC-273B12.7,ENSG00000268465,chr19,48455836,48482431,135,0.35861367959370066,0.2663333961158546,0.28163476129430637,0.42621249563721103,0.38604697712340186,0.21152337054578582,0.18867993031251237,0.09817720115163484,0.12102064138490831
CYTH2,ENSG00000105443,chr19,48459207,48492314,158,0.3356181042506077,0.28509402328709565,0.3857214520972914,0.40668901458386136,0.4687609464676831,0.12859780202204854,0.11254883603349658,0.20700644401394178,0.22305541000249374
LMTK3,ENSG00000142235,chr19,48475270,48523935,213,0.32475093705973795,0.36529925669033925,0.33687059421998417,0.3762125188284753,0.36944243739562976,0.2182451049569521,0.2326981871144996,0.2363565565937665,0.221903474436219
SULT2B1,ENSG00000088002,chr19,48542171,48609425,540,0.326218562030353,0.4091684878591647,0.349234871093566,0.3730528887375567,0.3510653847329058,0.24573370068396508,0.2803470856885936,0.2804906909780046,0.245877305973376
FAM83E,ENSG00000105523,chr19,48589960,48625076,170,0.4645013285061769,0.4795541493457191,0.437099927384275,0.46487436109678676,0.47593744417911726,0.35148657106137127,0.3160894649001145,0.30158285860269274,0.3369799647639495
SPACA4,ENSG00000177202,chr19,48596741,48617714,96,0.4330056473634063,0.42513097015797924,0.4442269604648742,0.44591131276312823,0.45595190632333743,0.26681185167693067,0.26766296477951773,0.2868011866401261,0.28595007353753893
RPL18,ENSG00000063177,chr19,48605327,48629184,93,0.42993192174167033,0.5432723741815669,0.43158107368806625,0.41141633027510344,0.3310692558095568,0.3903854872483656,0.4558147563874176,0.39328258329468424,0.32785331415563224
SPHK2,ENSG00000063176,chr19,48609290,48640717,134,0.3679967090908863,0.4560891525914514,0.3762741730130222,0.41017147345895993,0.4253166613793049,0.2978931098570062,0.2914786204879136,0.31107681913971463,0.31749130850880736
DBP,ENSG00000105516,chr19,48620029,48647379,101,0.2677596676951255,0.36302804819466095,0.2752222829939403,0.35621455492069004,0.34551848513941713,0.22039294189861972,0.23375374355358222,0.23063671418354229,0.21727591252857978
CA11,ENSG00000063180,chr19,48627945,48656187,108,0.26668787396803756,0.3515078301104312,0.35535255844930164,0.37028426293776073,0.4919799813446223,0.15211874169014872,0.10917884827141033,0.28098660779563267,0.32392650121437105
NTN5,ENSG00000142233,chr19,48651406,48683081,154,0.33318056100766574,0.35433118276905545,0.38086856003118075,0.33949587737843556,0.26379734448398456,0.1816334314771155,0.2729853179344467,0.25583514200615126,0.16448325554882
FUT2,ENSG00000176920,chr19,48685970,48715951,212,0.3597688336793226,0.17608736572661327,0.3271907032844601,0.28849445809914875,0.1175666623601312,0.12166169952942887,0.20449541119613263,0.07202908153167822,0.0
MAMSTR,ENSG00000176909,chr19,48702724,48729725,164,0.16172195507406872,0.1788811967629208,0.16235924683640116,0.2955729126013453,0.1708066393226328,0.09816347311248817,0.18007800882419442,0.0989240013597714,0.01700946564806513
RASIP1,ENSG00000105538,chr19,48710584,48750610,229,0.3655015783054232,0.3604369279697747,0.260519392062569,0.41382816120313715,0.2520505904992978,0.30004164732662486,0.345346195099286,0.14692838840029898,0.1016238406276378
IZUMO1,ENSG00000182264,chr19,48730851,48756909,159,0.42446618336255154,0.4334951153210639,0.2005013938099965,0.4012359790023635,0.26300279375703123,0.44847818901549663,0.38799305594730055,0.11979138697805514,0.18027652004625122
FUT1,ENSG00000174951,chr19,48738010,48765390,167,0.3469677155273314,0.41518254045304087,0.3346857218777494,0.32663531426354825,0.3012945587108266,0.27754423740701495,0.2866988525244981,0.25891127799876723,0.249756662881284
FGF21,ENSG00000105550,chr19,48745523,48768333,122,0.3388581733804319,0.493201221108898,0.38057297077291086,0.3036607712848935,0.33266970633854853,0.3072338818874162,0.318544708528589,0.37240735809992553,0.36109653145875265
BCAT2,ENSG00000105552,chr19,48785061,48821029,200,0.28577636556644115,0.3791438075257551,0.32002096701726557,0.29190691996333046,0.3659694743949795,0.21376081751831674,0.18308867243550375,0.26289498046331505,0.293567125546128
HSD17B14,ENSG00000087076,chr19,48803017,48846510,148,0.35172515401999593,0.41192777978291684,0.3227465254996336,0.33557576617770535,0.2782522909052387,0.28731818746358073,0.3068301538728593,0.2435873276636769,0.22407536125439842
PLEKHA4,ENSG00000105559,chr19,48827096,48878617,279,0.23495472358993372,0.1592651590432313,0.14029808011672681,0.23190640110134558,0.1048419902137383,0.14506483318009364,0.16328380477879242,0.028414125725695988,0.010195154126997202
PPP1R15A,ENSG00000087074,chr19,48862420,48886058,157,0.3887110130085078,0.3704583179977917,0.13299748682301935,0.3739377556865958,0.11838610155738057,0.4061176337785987,0.40253380927913013,0.05664557945179169,0.06022940395126025
TULP2,ENSG00000104804,chr19,48870966,48908744,244,0.34285191127749437,0.3611735377347761,0.12896398900686099,0.37003137968039734,0.1593610181508449,0.3649481822350313,0.3683073623721914,0.08317425630302383,0.0798150761658637
NUCB1,ENSG00000104805,chr19,48890311,48933372,247,0.4915208002863369,0.4058417312923789,0.31181138209133535,0.4435986310640506,0.2980329890188196,0.4116240971518478,0.3765030195500818,0.10898545232225298,0.1441065299240189
DHDH,ENSG00000104808,chr19,48923698,48954969,199,0.4549323522993501,0.5599635649115918,0.4590400711479062,0.4739310413343563,0.5242013776650966,0.40666652236759393,0.3602300733015358,0.41423122611143864,0.4606676751774968
BAX,ENSG00000087088,chr19,48944814,48971798,175,0.5154723005336895,0.5902970308579791,0.5643799036068169,0.4659569148750828,0.5090817801098176,0.3929593856852469,0.4040619417683607,0.4993634616577527,0.48826090557463886
FTL,ENSG00000087086,chr19,48955308,48976879,139,0.5225523501036189,0.5220213179449207,0.4752952274396198,0.4877637875743626,0.41821240715249935,0.4162851959753615,0.43275434751361863,0.3219039497209805,0.3054347981827233
GYS1,ENSG00000104812,chr19,48958129,49003310,280,0.3253000927183921,0.4537294432869655,0.3751352425061064,0.3560665104851152,0.2957322054111609,0.2639540644767332,0.34710206555138357,0.3406868363770782,0.2575388353024278
RUVBL2,ENSG00000183207,chr19,48983561,49025970,258,0.311875604675584,0.1975392153110048,0.22003053250157512,0.2680674159094674,0.17062235596491093,0.17267871877027002,0.17252973659326132,0.047393572832857694,0.04754255500986643
LHB,ENSG00000104826,chr19,49005979,49027091,136,0.33621907834391535,0.2566382567664509,0.24263794087925777,0.2885504551438297,0.17761936972873127,0.21423087359507034,0.22073566240859274,0.08234161073465929,0.07583682192113692
CTB-60B18.10,ENSG00000268655,chr19,49007495,49030523,125,0.2844887951044113,0.24520862580243183,0.24466993815648935,0.29350366518388576,0.1800310827586427,0.1677357280512289,0.2151311564571039,0.11357816543296204,0.0661827370270871
CGB3,ENSG00000104827,chr19,49012868,49034333,80,0.3614557926260751,0.26913096389426183,0.19107643633890686,0.2666012202058468,0.1892016457118317,0.2750172565930006,0.2069253927122242,0.03850373586401437,0.10659559974479071
CTB-60B18.6,ENSG00000267335,chr19,49012952,49046895,112,0.33910312722677904,0.2520174553731437,0.19712394265222008,0.2566149799858774,0.2257724510795265,0.24248908958704363,0.16551367577826162,0.04788654775325882,0.1248619615620408
CGB2,ENSG00000104818,chr19,49021889,49043238,37,0.3840108538418121,0.4086091158800804,0.4137905400171417,0.33941102347505486,0.45874044827930394,0.23786295410002145,0.16302259334016062,0.2874151316509852,0.362255492410846
CGB1,ENSG00000267631,chr19,49025568,49046895,43,0.3751958861659606,0.4331646756474342,0.0733425070544635,0.3764260799748371,0.10280536932272652,0.48091614310110004,0.4657459770527558,0.0867703075778112,0.10194047362615544
CGB5,ENSG00000189052,chr19,49033847,49055311,104,0.15223961820152496,0.1933060572797125,0.18354542165317564,0.13990030446349105,0.1450466711202908,0.08859209485643504,0.10440475477581122,0.12621884092512342,0.11040618100574724
CGB8,ENSG00000213030,chr19,49037637,49059111,112,0.22647465023834898,0.18409324846308686,0.18825840999943805,0.192266229788182,0.18406668242230617,0.12583940697269816,0.10677766334046747,0.07761579865253831,0.096677542284769
CGB7,ENSG00000196337,chr19,49044273,49068860,139,0.232702666865893,0.20893219496448043,0.1629986924105088,0.256191785719656,0.1909224084453881,0.16066142171516778,0.15924159602426302,0.07371017252138912,0.07512999821229382
CTB-60B18.23,ENSG00000283663,chr19,49045792,49075076,172,0.236406345340946,0.24880149135963087,0.17142146442152958,0.24318311309533625,0.1806065366226076,0.1838805896057332,0.18276419654700266,0.10220474678734437,0.10332113984607486
NTF4,ENSG00000225950,chr19,49051065,49075054,133,0.23579791914272957,0.24748885236228763,0.17162275292273768,0.22800471571404762,0.17634413705679122,0.1824879367192377,0.17455691368881496,0.10185153161310187,0.10978255464352465
KCNA7,ENSG00000104848,chr19,49057396,49082699,117,0.1318649379919122,0.2268060382096851,0.19311517545271448,0.11073808141804599,0.22599090244043718,0.09202948734006887,0.05920857741487287,0.165195853714595,0.198016763639791
SNRNP70,ENSG00000104852,chr19,49075418,49118605,210,0.24371091892800006,0.27818259405525775,0.1801164643993976,0.20991821254079385,0.21922829524452425,0.20336084369144974,0.15706469977575327,0.12262222873609088,0.16891837265178736
LIN7B,ENSG00000104863,chr19,49104323,49128460,127,0.31639726999597617,0.28226684613239234,0.18081317252977036,0.25324604424400127,0.16772818637541473,0.25629633030673993,0.2200403815824179,0.07536110070186722,0.11161704942618927
C19orf73,ENSG00000221916,chr19,49108401,49129143,113,0.2581517227140686,0.27288634439055615,0.12028936961510775,0.2499828778470219,0.17099006281670281,0.24456037932973584,0.20940429239375996,0.07411209924929474,0.1092681861852707
PPFIA3,ENSG00000177380,chr19,49109543,49161026,274,0.35416535949057015,0.3225388585845679,0.24310159671268822,0.3711925920995744,0.25210206268819924,0.27404431095803117,0.281422291440202,0.1153587727595399,0.10798079227736906
HRC,ENSG00000130528,chr19,49141197,49165396,146,0.43173303554090897,0.3869955010580944,0.18790153576617294,0.42556710560295874,0.24316975855696496,0.4232066409410161,0.38256934845846435,0.06617636291176693,0.1068136553943187
TRPM4,ENSG00000130529,chr19,49147740,49221836,358,0.3128153946353806,0.31629024419980384,0.197165073013469,0.34082431539040203,0.21553048161959049,0.2678839695147911,0.27711970495875193,0.11233781552522903,0.10310208008126823
SLC6A16,ENSG00000063127,chr19,49279637,49335215,261,0.5618380039800128,0.5248158260762888,0.5194796448239727,0.5345503890872743,0.4676392028622252,0.4181668547994236,0.43918521073992395,0.3258859607214642,0.3048676047809639
CD37,ENSG00000104894,chr19,49325170,49353335,129,0.5660706430782603,0.5218902697737262,0.5113092808279568,0.537736498468432,0.4668082241498006,0.428381538078892,0.4403305488060169,0.3095334736140843,0.2975844628869594
TEAD2,ENSG00000074219,chr19,49330594,49372457,209,0.39808462404592454,0.43522740813667105,0.39059551855032265,0.34930431071276136,0.3950976054477175,0.29184873880429296,0.2491785765421083,0.2794833823304548,0.32215354459263945
DKKL1,ENSG00000104901,chr19,49351782,49385116,210,0.30440976331034153,0.36102876633411896,0.2629077844228397,0.22560447615252405,0.18658312290818171,0.2529240520234065,0.24852841482252713,0.19497179133179987,0.19936742853267927
KASH5,ENSG00000161609,chr19,49378218,49427990,269,0.30653589503884465,0.36549455561427174,0.3652857576142468,0.2571136401050183,0.3260095160768535,0.18319240886074778,0.17879115895397726,0.2717170024115956,0.27611825231836606
PTH2,ENSG00000142538,chr19,49412418,49433441,79,0.2540218366322331,0.3947671840354766,0.28977901717901566,0.33084854064400154,0.34003765945689735,0.22651095603400945,0.2441572088292866,0.2756311191653545,0.25798486637007734
GFY,ENSG00000261949,chr19,49413748,49438987,86,0.3152207272766942,0.31237817131889134,0.3445990758360439,0.3360590101539204,0.2652911983172287,0.1653334246959644,0.23789860874773933,0.20918283509012064,0.13661765103834572
SLC17A7,ENSG00000104888,chr19,49419400,49452360,149,0.38017559739896506,0.4424821144500065,0.359832932867036,0.5600041743623376,0.33824733141621194,0.3082768314143468,0.49619366424679,0.27598386304409905,0.0880670302116559
PIH1D1,ENSG00000104872,chr19,49436297,49463497,138,0.4051864440064759,0.35199323341807237,0.27288946689987587,0.5585915841422133,0.3153428407435207,0.3173423206315672,0.4364008980195794,0.11651181979675407,0.0
ALDH16A1,ENSG00000161618,chr19,49443224,49481050,205,0.3491844954590557,0.3424690465967177,0.25061414317292335,0.47279197968071657,0.25912925620414323,0.28014562662948017,0.37974720887737257,0.13911781198940346,0.03951622974151103
CTD-3148I10.9,ENSG00000269469,chr19,49452751,49496231,247,0.30269085058295375,0.2785813902986335,0.19270420440588662,0.379757288338672,0.20091868325229043,0.2364984986269995,0.2899437780404273,0.09003721557112077,0.036591936157692934
FLT3LG,ENSG00000090554,chr19,49464206,49496231,191,0.29454923531444743,0.3367548914384545,0.14947858927330654,0.33164254485619254,0.21016263942036364,0.2988116328598196,0.2888072848112183,0.11179902808598621,0.12180337613458744
RPL13A,ENSG00000142541,chr19,49477509,49503057,163,0.40572335099577284,0.3399801623892857,0.08582717887780658,0.44387690293774684,0.09483521464183192,0.4230800365970805,0.4513063652405894,0.0,0.0
RPS11,ENSG00000142534,chr19,49486364,49509708,134,0.40141351306654477,0.31482894210166934,0.08050343192584533,0.39553674405990163,0.09775327804357596,0.4036710216386544,0.38931693933722955,0.0,0.0
FCGRT,ENSG00000104870,chr19,49496815,49536428,155,0.38782705767473574,0.2730764395756636,0.23007588301251766,0.356590712985691,0.19351403157373306,0.274105541677626,0.27241970057498044,0.044828409144472614,0.04651425024711822
RCN3,ENSG00000142552,chr19,49518002,49556962,240,0.31695943339379173,0.21186700634067798,0.1664259443329399,0.20605768899026694,0.1135981811307195,0.21862836220752274,0.17412399760072406,0.019460067478067694,0.06396443208486641
NOSIP,ENSG00000142546,chr19,49545467,49600262,271,0.27353141955360544,0.2773834440501108,0.2350350816075242,0.20198997793237114,0.21282728924160368,0.1882556445595621,0.15560153573276206,0.13662090433312854,0.16927501315992857
PRRG2,ENSG00000126460,chr19,49570645,49601004,123,0.20851110413007518,0.27032063673573103,0.23398667290346623,0.19259944227680928,0.23091213686732553,0.14121689381094224,0.13326769493955437,0.17393317592291974,0.18188237479430763
PRR12,ENSG00000126464,chr19,49581181,49636439,263,0.2475709609242113,0.3280543709315025,0.2548196621604812,0.2498540621749041,0.292086656593284,0.19394870610622816,0.1698158846864317,0.2036291447503387,0.22776196617013522
RRAS,ENSG00000126458,chr19,49625291,49650143,109,0.34363880550219594,0.3977976866785947,0.3187673448669355,0.36287069431085206,0.38225140803664986,0.2721772340011732,0.23813538021214387,0.23498458749035114,0.2690264412793806
SCAF1,ENSG00000126461,chr19,49632208,49668642,114,0.3629180995795712,0.43002058033198154,0.24658575055036724,0.3007981054641395,0.3030433575864283,0.3649360069294175,0.2794693467780685,0.19721901772153702,0.2826856778728861
IRF3,ENSG00000126456,chr19,49649568,49675875,75,0.4262035387904747,0.31772811368746817,0.19366439487895246,0.289771297294763,0.183453490856361,0.36127617171451937,0.2609119390159611,0.02105086858574773,0.12141510128430605
BCL2L12,ENSG00000126453,chr19,49655141,49683916,93,0.4290216336432149,0.3889404344554899,0.2531871693940023,0.4013801481459474,0.20664138903358248,0.380512053299078,0.38710470866211183,0.11204878264695056,0.10545612728391668
PRMT1,ENSG00000126457,chr19,49665785,49699029,126,0.26472798973981726,0.40513682757720293,0.2297215108834827,0.37321650356620195,0.34839011115782126,0.2829677365485872,0.27913436739817155,0.23645612564793433,0.24028949479834993
ADM5,ENSG00000224420,chr19,49678663,49700575,101,0.29347356522093804,0.42193715127754605,0.2967426272223185,0.40944913185698933,0.40646108254161933,0.27171749731551165,0.2765598449971984,0.27635518409151516,0.27151283640982843
CPT1C,ENSG00000169169,chr19,49680897,49723731,180,0.38745108330042966,0.3848775935761109,0.2767704505618141,0.3474782621224929,0.243636529816952,0.3260159302241933,0.3168057920275273,0.15991806592063873,0.1691282041173048
TSKS,ENSG00000126467,chr19,49729752,49773306,181,0.32272467227428936,0.36334034471830107,0.31384201141536244,0.3386100921314314,0.35872879043048184,0.23227504321154968,0.21031449445837994,0.21924501610520725,0.241205564858377
AP2A1,ENSG00000196961,chr19,49757000,49817114,241,0.35153425458691273,0.3540704485631382,0.2650183347400232,0.3683614536180417,0.2691807448977621,0.28115060361253885,0.2914568482639436,0.1559142310370719,0.14560798638566716
FUZ,ENSG00000010361,chr19,49796865,49827376,101,0.26751443812261283,0.2712845560159233,0.23408070991353092,0.2550603886173819,0.230381820179308,0.18055256473145712,0.17453166279934548,0.13591939591392466,0.14194029784603635
MED25,ENSG00000104973,chr19,49808281,49850383,111,0.3205716983033586,0.3540081029213164,0.3171679194184328,0.3181610837126558,0.28643789246467816,0.2209827902112183,0.24122218055530287,0.21598552828883585,0.1957461379447513
PTOV1,ENSG00000104960,chr19,49840734,49870744,149,0.294977061878006,0.29179395208222,0.29347341391564113,0.2763998859303689,0.2794428261108942,0.17357534648971112,0.1704030268488856,0.17144485300672072,0.17461717264754623
PNKP,ENSG00000039650,chr19,49849881,49888351,200,0.2671264141994456,0.29937042173753875,0.20922217616632469,0.30896753078366035,0.24702885910573727,0.21590988660907656,0.2208080203984815,0.13986606402745277,0.1349679302380478
AKT1S1,ENSG00000204673,chr19,49859032,49888459,142,0.34236369535895594,0.3246132860639825,0.21943720883715487,0.35902999445923484,0.20953920906236004,0.2819164896295793,0.30105161755729043,0.11055335299520061,0.09141822506748948
TBC1D17,ENSG00000104946,chr19,49867424,49898750,158,0.3262830070378903,0.3016194129199784,0.2513268474453687,0.3737461769687563,0.2658716747936079,0.23224172498974055,0.2589595787070442,0.12674934613050182,0.10003149241319811
IL4I1,ENSG00000104951,chr19,49879653,49939539,334,0.3655082327951359,0.44185928463950985,0.379795242988552,0.37466602824652606,0.3519115525217343,0.28018476763348116,0.30944274428083535,0.3029594026934941,0.27370142604613995
NUP62,ENSG00000213024,chr19,49896824,49939763,265,0.36909684433634826,0.4863901836287787,0.39502539625168914,0.3743310286835466,0.3645942794017141,0.31216276029114215,0.3408668537171682,0.35412865362557655,0.32542456019955046
CTC-326K19.6,ENSG00000269179,chr19,49899500,49968391,386,0.31459718946925247,0.4193125308756698,0.3505517463322999,0.3556037550897412,0.35897144723051094,0.24482951882931803,0.26915138088085194,0.2987130669221768,0.2743912048706429
ATF5,ENSG00000169136,chr19,49918701,49943935,142,0.33537633606571926,0.34678114790101033,0.29874106861549893,0.2880066364942409,0.30760870706772936,0.23974964436210192,0.1989628573665643,0.18609341279661495,0.2268801997921526
SIGLEC11,ENSG00000161640,chr19,49938984,49971172,160,0.3660398863905775,0.38164115304445767,0.276327320385625,0.3195991688282558,0.2665541270383289,0.3065197407723129,0.27787902572853673,0.1741665907649381,0.20280730580871426
VRK3,ENSG00000105053,chr19,49966467,50035946,671,0.12259902601545797,0.08020629136263122,0.08020492782349425,0.12822557150225108,0.06500225911465875,0.0653963313046533,0.07680963470764449,0.018209532519635488,0.006796229116644306
ZNF473,ENSG00000142528,chr19,50015713,50063414,347,0.25139246590337827,0.21080026294848284,0.21591674207041953,0.24222668723050847,0.2296414772672603,0.14151809469979815,0.12660378859743882,0.09521774331751609,0.11013204941987542
IZUMO2,ENSG00000161652,chr19,50142547,50173195,135,0.4096387068033382,0.23904788879552613,0.24943222364689893,0.33512167025878176,0.2374912833838948,0.2566400481502607,0.20509736539776993,0.016544803722333523,0.06808748647482427
MYH14,ENSG00000105357,chr19,50178185,50320542,965,0.4636928001552462,0.4204857732637177,0.38943394543436693,0.4511734121929349,0.3807914789697404,0.337622210368905,0.33311231380518014,0.2079428561153035,0.21245275267902825
KCNC3,ENSG00000131398,chr19,50301936,50343515,188,0.45478811268796826,0.4118883986298499,0.4013664243134608,0.5206371485836159,0.3973113894647606,0.3121568659399698,0.37989069224938277,0.2186816849043946,0.15094785859498155
NR1H2,ENSG00000131408,chr19,50319652,50393388,491,0.3475330187787005,0.2774704635177421,0.25731195621771524,0.3966931180878051,0.26884121681026907,0.22725627034723,0.25860081810940794,0.0977407085396213,0.06639616077744326
NAPSA,ENSG00000131400,chr19,50348476,50375830,176,0.3425702282623748,0.25043459841129745,0.1876838092373546,0.3658494656173445,0.18255019966591737,0.24990670975498064,0.2710824186664398,0.03835499519966393,0.017179286288204726
POLD1,ENSG00000062822,chr19,50374203,50428018,325,0.2684139752553571,0.2986335086306822,0.2675572823185374,0.32534651189518454,0.26596377015273925,0.1779475195203954,0.21954194754807324,0.1767771968214282,0.1351827687937503
CTD-2545M3.6,ENSG00000142539,chr19,50405798,50438409,25,0.11482991400526452,0.2966126749488913,0.3609428893869311,0.6728462578413277,0.5387145549824974,0.013030794954581149,0.3477171983530327,0.33881678369636176,0.004130380297910241
SPIB,ENSG00000269404,chr19,50408937,50441314,3,0.11002012409860809,0.33461117196056955,0.3005216342529775,0.0,0.308359601563485,0.08325985985824522,0.019347295754776672,0.3241238455220197,0.3880364096254883
MYBPC2,ENSG00000086967,chr19,50422891,50476321,56,0.5383600504742478,0.42109703703017326,0.4910485353755152,0.5560100629011082,0.5065256653014181,0.3220939050254151,0.326144681241085,0.22452650460911971,0.22047572839344992
FAM71E1,ENSG00000142530,chr19,50456784,50486848,145,0.5086799201528703,0.4903987598162355,0.47507664590445964,0.5136558995074789,0.48629261536218504,0.37014159581693995,0.36443207738602923,0.3039851452685947,0.30969466369950527
EMC10,ENSG00000161671,chr19,50466399,50500871,158,0.49127175721487415,0.48860197984875536,0.48669956951578774,0.47996005520005286,0.48582700650863053,0.3397772129847293,0.3296306170282747,0.33082987457674645,0.3409764705332012
JOSD2,ENSG00000161677,chr19,50495997,50521220,121,0.46174333565094855,0.4978227388819315,0.41451487018866656,0.3578893315090998,0.46980623941708666,0.3864536897191734,0.2486419839511967,0.3023484221028775,0.4401601278708541
ASPDH,ENSG00000204653,chr19,50501599,50524690,157,0.46521707989571986,0.47498136499297855,0.4582406614919901,0.38801426657430244,0.4827857207003824,0.32864124598370564,0.238034903147757,0.3156802757852798,0.40628661862122845
LRRC4B,ENSG00000131409,chr19,50506891,50578435,341,0.4405776504030349,0.5177349576579585,0.41515804716160354,0.41001958782051456,0.44076548024648704,0.38684917377698275,0.33787050932386314,0.3424122619056901,0.3913909263588097
SYT3,ENSG00000213023,chr19,50611306,50649881,93,0.4264462068297295,0.4493724822020578,0.25512358095941545,0.5032026417512384,0.3856929626294123,0.42903165181025926,0.40450468031797815,0.16766505787360497,0.19219202936588603
C19orf81,ENSG00000235034,chr19,50639444,50669310,41,0.33861231704182565,0.3151477475497506,0.2522864955539451,0.31667495806945345,0.2209418734379045,0.2506159326522385,0.2548335820952998,0.1279362211857255,0.12371857174266426
SHANK1,ENSG00000161681,chr19,50649254,50729802,30,0.2790527324561086,0.3183264199786814,0.2678938986710474,0.23300081373147574,0.20733882311169385,0.19928190567202606,0.20805723989757224,0.18392245171218155,0.17514711748663533
CLEC11A,ENSG00000105472,chr19,50713363,50735718,0,,,,,,,,,
GPR32,ENSG00000142511,chr19,50760463,50781732,0,,,,,,,,,
CTD-2568A17.1,ENSG00000261341,chr19,50766140,50803142,0,,,,,,,,,
ACP4,ENSG00000142513,chr19,50780414,50805219,0,,,,,,,,,
KLK1,ENSG00000167748,chr19,50809145,50833787,50,0.47301782840554096,0.7329622217809075,0.48427161668031277,0.488156455805664,0.5260496641797539,0.6493893295654769,0.6217243389964904,0.6709758095681075,0.6986408001370941
KLK15,ENSG00000174562,chr19,50815288,50847213,157,0.3483400562524031,0.6771624329735213,0.48510146628251744,0.33336113143008395,0.46946809194647804,0.4475264814297433,0.4511188006154871,0.6830794892834635,0.6794871700977198
KLK3,ENSG00000142515,chr19,50844914,50870764,214,0.3299881671086653,0.6244546963436676,0.540854154863577,0.3673259003749409,0.5112550786742067,0.30072434894746186,0.3606307236084534,0.6786518172229373,0.6187454425619459
KLK2,ENSG00000167751,chr19,50851567,50890567,307,0.27328910148945185,0.5262447088526189,0.4464775276497155,0.3040516435733343,0.44942173510858985,0.23741898550163243,0.25637900678404135,0.5096453684974118,0.4906853472150029
KLK4,ENSG00000167749,chr19,50896351,50920738,164,0.4022011177177675,0.40372059790766757,0.35771324545772876,0.46725601209834206,0.39136239828389924,0.2944132041570163,0.32511397996678076,0.22263272215309743,0.19193194634333294
KLK5,ENSG00000167754,chr19,50933302,50963093,195,0.27878510537472856,0.33620835592232584,0.30433367823031104,0.23040845584964526,0.29062926279033086,0.18685997337140522,0.16415267362938984,0.22292699441602745,0.24563429415804286
KLK6,ENSG00000167755,chr19,50948630,50979673,123,0.354298277222851,0.3564987923178359,0.3861233140175738,0.42224148629938046,0.31668216726736864,0.1951438891583224,0.3043177448017328,0.24568748604943463,0.13651363040602427
KLK7,ENSG00000169035,chr19,50966467,50994099,157,0.35762487194715187,0.2853850996689931,0.28707452275151385,0.35915710971967885,0.2560637643964805,0.22010796631488658,0.24259124136791613,0.11590351600648358,0.09342024095345403
KLK8,ENSG00000129455,chr19,50986006,51012711,190,0.292149275965704,0.19732674878919937,0.12639420608686044,0.27615166461088814,0.09635895301999854,0.21510178270534586,0.22082893929914305,0.004705775214121438,0.0
CTC-518B2.8,ENSG00000269741,chr19,50986017,51019581,265,0.2903082403040615,0.19565972165703596,0.11305489771634475,0.30788427161735316,0.10597725220198728,0.22034261100959743,0.23685545410121348,0.0,0.0
KLK9,ENSG00000213022,chr19,50992507,51019634,213,0.30639553446794393,0.19955633723706015,0.12115943065017742,0.336873199606276,0.1669723554395325,0.22964538343604488,0.2253448652835543,0.0,0.0
KLK10,ENSG00000129451,chr19,51002738,51030175,201,0.3853032659484114,0.35830428727328323,0.21283472326146277,0.3772075553921993,0.22578303162854307,0.34547512973744526,0.3306399510049177,0.0981659256283268,0.11300110436085439
KLK11,ENSG00000167757,chr19,51012215,51038039,190,0.37935097817928065,0.36438567788654963,0.20318569050494503,0.38186597640765724,0.25099277384432656,0.3515096181317779,0.3226033209820366,0.10165369322352649,0.13055999037326782
KLK12,ENSG00000186474,chr19,51019091,51045230,181,0.3839486274164019,0.48436073311767275,0.42306449195506335,0.33571160036971925,0.3911735743664051,0.298373992585998,0.2875823364520347,0.3639738605848567,0.37476551671881997
KLK13,ENSG00000167759,chr19,51045625,51075114,147,0.37273084979768967,0.6190754633715798,0.47830885968461734,0.4139740541225233,0.5318142660398875,0.3904270012094404,0.370327504924872,0.5747269888558466,0.594826485140415
KLK14,ENSG00000129437,chr19,51067494,51094245,0,,,,,,,,,
CTU1,ENSG00000142544,chr19,51087605,51118409,0,,,,,,,,,
SIGLEC9,ENSG00000129450,chr19,51114905,51146651,0,,,,,,,,,
SIGLEC7,ENSG00000168995,chr19,51132298,51163526,0,,,,,,,,,
CD33,ENSG00000105383,chr19,51215063,51253860,117,0.1976332114483562,0.2640201350234513,0.2853981767525076,0.3341249634190157,0.2989875639339887,0.09535608467755621,0.17898806258236025,0.21119643331874388,0.1275644554139398
SIGLECL1,ENSG00000179213,chr19,51236347,51279330,303,0.3388030547158798,0.32401504810595716,0.24988828856265224,0.3977175026483696,0.2715543272065877,0.25887743087086723,0.29088545627279366,0.1327070328278456,0.10069900742591914
IGLON5,ENSG00000142549,chr19,51301643,51340891,212,0.30241263465798796,0.3595844371329179,0.3234022159395294,0.3143427318200869,0.31606170261123306,0.20754360838617933,0.22156390380436036,0.23809438797748556,0.22407409255930447
VSIG10L,ENSG00000186806,chr19,51321535,51352139,154,0.4431319952247851,0.49612433712372644,0.3911576940615067,0.44302141966902203,0.37948611006349314,0.3873284001235272,0.39672347384301276,0.29809734186516484,0.2887022681456794
ETFB,ENSG00000105379,chr19,51335168,51376388,242,0.44706629257851604,0.44438499571633566,0.31931222856547636,0.4453062539278364,0.441615562202001,0.3977726311308175,0.2971555960692114,0.1899070317856224,0.2905240668472286
CTD-2616J11.11,ENSG00000269403,chr19,51340372,51378099,228,0.3775110268916028,0.374948025331881,0.31458448406741646,0.41558391194388455,0.42280676894074254,0.2831099029480176,0.22874218209018987,0.1868105702862845,0.24117829114411216
CLDND2,ENSG00000160318,chr19,51357097,51379003,177,0.3803998481056015,0.40790693505550024,0.3914033887761869,0.43851190450798166,0.36542051674723747,0.2530863838803451,0.3232317139426147,0.2710050682749455,0.200859738212676
NKG7,ENSG00000105374,chr19,51361605,51382701,167,0.3254726911052594,0.4965306129453183,0.4517203480029418,0.35930621887695974,0.37436295394909674,0.23950283858255,0.33122557552635856,0.4467295303779988,0.3550067934341903
LIM2,ENSG00000105370,chr19,51369908,51397974,157,0.4055112708560547,0.5060544129778408,0.4975603967114765,0.35791775351935695,0.3584308159947468,0.2685517992169404,0.35226526790181945,0.4367781163724033,0.3530646476875243
C19orf84,ENSG00000262874,chr19,51378288,51400591,101,0.4327346089758726,0.5812929603691859,0.42057846792899756,0.4392003101504466,0.351890564746625,0.44589339219474394,0.507639787009605,0.4246904008374426,0.3629440060225816
SIGLEC10,ENSG00000142512,chr19,51400019,51427803,0,,,,,,,,,
SIGLEC8,ENSG00000105366,chr19,51440846,51468456,0,,,,,,,,,
CEACAM18,ENSG00000213822,chr19,51468621,51500952,0,,,,,,,,,
SIGLEC12,ENSG00000254521,chr19,51481226,51511800,0,,,,,,,,,
SIGLEC6,ENSG00000105492,chr19,51507818,51541856,134,0.4316420042782385,0.6649324944175523,0.5500754085330659,0.41947930130309746,0.58813029018299,0.42987587906020275,0.37510243105559987,0.6635473791957833,0.7183208272003863
ZNF175,ENSG00000105497,chr19,51561282,51602510,305,0.4271411211009819,0.592442455754322,0.5470402425284151,0.3838361318677678,0.5136737400290192,0.3313685137967967,0.33046995551356434,0.5662046296011927,0.567103187884425
SIGLEC5,ENSG00000268500,chr19,51600959,51656889,366,0.4321826428567647,0.4032210008669196,0.3342899880912425,0.3656674448957688,0.3047503200670135,0.3376313826549747,0.3039530504008907,0.17857703717693652,0.21225536943102044
SIGLEC5,ENSG00000105501,chr19,51601926,51655545,351,0.37948078876303154,0.4187962915132329,0.333817591691072,0.36212248102528094,0.31189065249010756,0.30683046044615686,0.3092277194087607,0.23582350611904063,0.2334262471564368
SIGLEC14,ENSG00000254415,chr19,51632552,51656801,183,0.35679617669217834,0.2972944143031479,0.32833060253472474,0.3400940099205119,0.30711884614204904,0.19806093063683725,0.2007891878178197,0.15475634127187798,0.15202808409089555
SPACA6,ENSG00000182310,chr19,51679127,51722387,65,0.5530708027679571,0.4141910577213856,0.43280107060831,0.5261921963177635,0.27104074468710987,0.3865357403520944,0.4827888284371341,0.14822583928188104,0.051972751196841305
HAS1,ENSG00000105509,chr19,51703111,51733991,0,,,,,,,,,
FPR1,ENSG00000171051,chr19,51735171,51814110,0,,,,,,,,,
FPR2,ENSG00000171049,chr19,51742025,51780531,0,,,,,,,,,
FPR3,ENSG00000187474,chr19,51785156,51836190,0,,,,,,,,,
ZNF577,ENSG00000161551,chr19,51794815,51900950,121,0.3368240391118972,0.5130478952286853,0.3676299510257758,0.26800061862823377,0.46650688164585274,0.33601194777123866,0.20162800549566234,0.38357756045690716,0.5179615027324835
ZNF649,ENSG00000198093,chr19,51879234,51915040,223,0.3425121444532551,0.4489995980833949,0.3279790403574316,0.2761659598284535,0.4231315639823489,0.3089414885746592,0.18453591362303362,0.28707825182360425,0.4114838267752299
ZNF613,ENSG00000176024,chr19,51917146,51958759,258,0.2604322529660442,0.31897195529600963,0.20125244355642033,0.24812547255521178,0.2436729367693141,0.2305654242954897,0.19502811987486926,0.15358636773457604,0.1891236721551965
ZNF350,ENSG00000256683,chr19,51954339,51996856,295,0.3535496232475093,0.42390820965096737,0.26050464080123575,0.3139613345538456,0.39727088706963215,0.342979920386422,0.21101107324005514,0.2085083523511518,0.3404771994975187
ZNF615,ENSG00000197619,chr19,51981331,52018230,240,0.3536551471581361,0.43668807713697166,0.31181584132737455,0.31256807454670194,0.43283017674583096,0.3183225262682076,0.1908088654434295,0.2555992409392155,0.3831129017639937
ZNF614,ENSG00000142556,chr19,52002764,52040240,232,0.4218071171919363,0.4355099138265662,0.333698651911455,0.33931166714175925,0.45350538094802617,0.3568334901056081,0.19103734946563444,0.21499896757843506,0.3807951082184088
ZNF432,ENSG00000256087,chr19,52021377,52105738,515,0.33323023794077705,0.41018880668839647,0.3434206778429236,0.2794162241166112,0.3383288771770396,0.25627575744995346,0.22132988024060285,0.2716770471832378,0.3066229243925884
ZNF841,ENSG00000197608,chr19,52054464,52105765,328,0.31414810649911107,0.39548862604890755,0.29419400415801833,0.2560384579831908,0.3284266926654338,0.2660067471055803,0.20048431525162644,0.23732804652958256,0.3028504783835364
ZNF616,ENSG00000204611,chr19,52103090,52149938,334,0.27791266494184586,0.2872943633939484,0.31492801113791025,0.28592242017353403,0.31654236075593895,0.14303231370367853,0.14742993102639465,0.19565448199588634,0.19125686467317024
ZNF836,ENSG00000196267,chr19,52143863,52181643,245,0.35466075575647266,0.36849247791357365,0.2714629959208102,0.332990991019993,0.3240536143618239,0.29045385322321576,0.2364778174869497,0.16919157258020887,0.22316760831647497
PPP2R1A,ENSG00000105568,chr19,52180047,52239518,588,0.19378316401155687,0.3142684341608419,0.2732567613471569,0.18132754637644585,0.3009492587526582,0.13674476676355213,0.1096541463708198,0.24052426451332973,0.26761488490606206
ZNF766,ENSG00000196214,chr19,52259586,52306046,333,0.27688604912031345,0.35153743450766484,0.36739866160721585,0.25195146748455116,0.3773389618773738,0.14971230503750815,0.12484271670175429,0.2834386966155096,0.3083082849512634
ZNF480,ENSG00000198464,chr19,52287168,52335922,351,0.3334432244377031,0.3509484371731745,0.3867376048320731,0.3459004425299593,0.38743304475834406,0.17445534517050185,0.18332089924176428,0.25778777060737634,0.248922216536114
ZNF610,ENSG00000167554,chr19,52326242,52377778,421,0.44283370902786734,0.28706892526786687,0.2655753589434579,0.44311625907273383,0.25036408167515223,0.30729709055186083,0.3178008422800388,0.03107344206866336,0.02056969034048539
ZNF880,ENSG00000221923,chr19,52359916,52395795,300,0.3663171703312635,0.221971021535042,0.18980637114418628,0.3769124777317199,0.1831295796511796,0.24835810729127394,0.2608924960338979,0.002633400821873272,0.0
ZNF528,ENSG00000167555,chr19,52387848,52428412,337,0.3133699961496995,0.3690878841792828,0.3385552026632513,0.4024461388261648,0.3983376918242819,0.21160982692913646,0.23372030891954088,0.24897887683350042,0.226868394843096
ZNF534,ENSG00000198633,chr19,52419147,52462315,419,0.46048799740861657,0.5843262135006482,0.45072294584354855,0.5738272842494653,0.6077389232564718,0.4478962139665774,0.39746871173836007,0.4299582794429855,0.48038578167120277
ZNF578,ENSG00000258405,chr19,52443552,52526882,462,0.4806351453779735,0.613839839704311,0.4447407561836094,0.598760491525135,0.6019008649948503,0.5091657757958008,0.47182280136247323,0.44233729673244215,0.4796802711657698
ZNF808,ENSG00000198482,chr19,52517651,52574464,0,,,,,,,,,
ZNF701,ENSG00000167562,chr19,52545456,52597174,0,,,,,,,,,
ZNF83,ENSG00000167766,chr19,52584059,52700496,0,,,,,,,,,
CTD-3099C6.13,ENSG00000269825,chr19,52640446,52700533,0,,,,,,,,,
ZNF611,ENSG00000213020,chr19,52692812,52745073,0,,,,,,,,,
ZNF600,ENSG00000189190,chr19,52739941,52796807,0,,,,,,,,,
ZNF28,ENSG00000198538,chr19,52787407,52867600,0,,,,,,,,,
ZNF468,ENSG00000204604,chr19,52828009,52867649,0,,,,,,,,,
ZNF320,ENSG00000182986,chr19,52850850,52907693,0,,,,,,,,,
ZNF888,ENSG00000213793,chr19,52894416,52933481,0,,,,,,,,,
ZNF816-ZNF321P,ENSG00000221874,chr19,52918474,52972823,0,,,,,,,,,
ZNF816,ENSG00000180257,chr19,52939378,52972911,0,,,,,,,,,
ERVV-1,ENSG00000269526,chr19,53003920,53026122,143,0.3558012294799741,0.29653269820484474,0.2130390463460053,0.3030198171193109,0.242342807216225,0.27595259374940434,0.21760396778971924,0.07578128908307008,0.13412991504275515
ERVV-2,ENSG00000268964,chr19,53034739,53061680,213,0.30328057513748974,0.3251683020536776,0.18778927324269062,0.36127118800703545,0.2202361197893264,0.2733344974440235,0.29640157091606495,0.1199574581308844,0.09689038465884295
ZNF160,ENSG00000170949,chr19,53056605,53113434,366,0.4013168568321309,0.39211674260405904,0.3178637628474003,0.4260866491653639,0.3887095274850028,0.31413467180919125,0.280433124712288,0.18363775450516362,0.21733930160206694
ZNF415,ENSG00000170954,chr19,53097878,53143077,300,0.35454095714290795,0.27828327845259787,0.3605656134541322,0.323902361767936,0.31971442606574224,0.15837241303467212,0.16614887015915664,0.1677501564724122,0.15997369934792766
ZNF347,ENSG00000197937,chr19,53114071,53169075,369,0.4510740432151567,0.3575170927009547,0.4502420454538278,0.3735027126366363,0.4007510253893775,0.22196480077058311,0.19897389184218323,0.220450265221667,0.24344117415006686
ZNF665,ENSG00000197497,chr19,53149212,53203386,380,0.5453760429748269,0.5234492449413889,0.5166266132478264,0.47732899086484354,0.4640471353903441,0.4012499242335098,0.3831375213568598,0.33993112093940653,0.3580435238160566
ZNF677,ENSG00000197928,chr19,53225380,53264898,315,0.44701255523036354,0.6645394027897877,0.4850320215243327,0.38043706469618604,0.49299559032907336,0.5105100990229312,0.4458780945910929,0.5817406754216834,0.6463726798535216
VN1R2,ENSG00000196131,chr19,53248291,53271837,181,0.35848119643263565,0.4673045206566992,0.23584708918407904,0.3321921305043409,0.2712791696405889,0.4023673850453885,0.3585477748330401,0.2274379663586068,0.2712575765709552
VN1R4,ENSG00000228567,chr19,53256675,53277723,164,0.35367971582578694,0.4331266678685877,0.3389187100395512,0.2924533925505502,0.31779522363448803,0.29510051802219006,0.2655728840534576,0.2725188823106849,0.30204651627941737
ZNF845,ENSG00000213799,chr19,53323748,53366906,306,0.4065659569347118,0.4589671666943805,0.43951159854204813,0.4168693573948148,0.4885221930244479,0.27857889266121466,0.24158413011425428,0.3356964192871345,0.37269118183409494
ZNF525,ENSG00000203326,chr19,53355692,53402217,368,0.38081171766233485,0.3905094337331087,0.29329109806519443,0.37785846117871574,0.36563689664118715,0.313670626940627,0.2572928477521049,0.18146118106295062,0.2378389602514727
ZNF765,ENSG00000196417,chr19,53379792,53440413,500,0.4434875191808157,0.4412157692920328,0.36661163100170013,0.46692717602168105,0.3859267213601706,0.3556930226180148,0.36172404703881456,0.22629884930082372,0.22026782488002383
ZNF761,ENSG00000160336,chr19,53421983,53471862,459,0.33729536301285823,0.37222075158602236,0.34932253981867756,0.34430854225961244,0.3029905525519048,0.22362567997590296,0.2633376575990647,0.24194100959837456,0.20222903197521283
ZNF813,ENSG00000198346,chr19,53457732,53506255,336,0.37185593652128524,0.3915459324314433,0.3151585243765477,0.38431361133828335,0.3606570671856959,0.29162585125916896,0.2672685555018648,0.20520800283051877,0.22956529858782293
ZNF331,ENSG00000130844,chr19,53509526,53590269,609,0.32278639086496363,0.3444267263197353,0.3470192224814128,0.3379308619477491,0.3233869913043995,0.19290307228037695,0.22198734662106492,0.22934212686154765,0.20025785252085962
DPRX,ENSG00000204595,chr19,53622055,53647009,175,0.4148362874719168,0.547248875623451,0.49778419558052167,0.5150920891557915,0.4005993729813258,0.31977547841248627,0.5021919506909607,0.47263722037122397,0.29022074809274945
NLRP12,ENSG00000142405,chr19,53783740,53834394,360,0.3742582328175582,0.3901399989385979,0.31344453316905685,0.42167566542977397,0.3697923784327037,0.2936375498000355,0.2902201669889285,0.20088830481209957,0.20430568762320656
MYADM,ENSG00000179820,chr19,53854762,53886435,180,0.6696867457457993,0.8258035420370005,0.8563134649481957,0.5603979150467655,0.8496835769472784,0.45758208765651853,0.3372220709221315,1.2899894602769715,1.410349477011358
PRKCG,ENSG00000126583,chr19,53869189,53917652,295,0.4036050598684375,0.5504958197775878,0.5728862791468149,0.4477777890843773,0.6275010249134564,0.23287866475729868,0.20294694524406448,0.5667314606402492,0.5966631801534834
CACNG7,ENSG00000105605,chr19,53899277,53953950,286,0.4237179191706474,0.3673886690181153,0.3141045015865625,0.4390720834214834,0.3802377276957895,0.3160135367360314,0.27882131146518674,0.14188551977100522,0.17907774504184987
CACNG8,ENSG00000142408,chr19,53952936,54000215,0,,,,,,,,,
CACNG6,ENSG00000130433,chr19,53981636,54022666,107,0.36802678077200984,0.4376257161826542,0.33654176866263935,0.26116263559172853,0.29256909282109894,0.3121032732415566,0.2660749054333196,0.26348439207666174,0.3095127598848988
VSTM1,ENSG00000189068,chr19,54030824,54073953,257,0.3756845539900899,0.3905321133949141,0.35531380767258536,0.44595439738153214,0.3628349998658984,0.2636384656695861,0.31747533495938984,0.23153055387595098,0.17769368458614726
TARM1,ENSG00000248385,chr19,54059894,54091365,79,0.40458986854985646,0.4417422613865843,0.3404166071011681,0.4400404591099663,0.3414645363013791,0.3426462371379816,0.3725441841927831,0.24028828894784005,0.21039034189303857
OSCAR,ENSG00000170909,chr19,54084667,54112692,36,0.3949525617526403,0.4840853567033825,0.41287615846365505,0.3800104891352074,0.4965839735933872,0.31587142655069206,0.22676415286820223,0.3459425206010697,0.4350497942835595
NDUFA3,ENSG00000170906,chr19,54092727,54119257,87,0.448992671639706,0.48638178484308486,0.4060039659992341,0.39407640383306664,0.5144835718161005,0.3706997974935752,0.22236714360883464,0.2955752640935026,0.4439079179782431
TFPT,ENSG00000105619,chr19,54097019,54125657,146,0.4186330821375728,0.48705586178527355,0.37894795767005246,0.37525109442192234,0.4578012008020105,0.3668105644605929,0.26293561827463,0.30077776764893355,0.40465271383489626
PRPF31,ENSG00000105618,chr19,54105409,54141719,256,0.3600224923923951,0.45807102335352134,0.3486082251242102,0.4059645568552313,0.3885731666207626,0.31514928003748066,0.3207383181312748,0.29747104548906295,0.29188200739526876
CNOT3,ENSG00000088038,chr19,54127748,54165681,0,,,,,,,,,
LENG1,ENSG00000105617,chr19,54145160,54169721,0,,,,,,,,,
TMC4,ENSG00000167608,chr19,54150107,54183250,0,,,,,,,,,
MBOAT7,ENSG00000125505,chr19,54163411,54199882,0,,,,,,,,,
TSEN34,ENSG00000170892,chr19,54179937,54204536,0,,,,,,,,,
RPS9,ENSG00000170889,chr19,54190808,54259003,0,,,,,,,,,
LILRB3,ENSG00000204577,chr19,54206277,54233506,0,,,,,,,,,
LILRA6,ENSG00000244482,chr19,54226591,54252791,0,,,,,,,,,
LILRB5,ENSG00000105609,chr19,54239420,54267301,155,0.31884244324084254,0.2738909284384145,0.23373812701061802,0.3861218072746296,0.22795309156404736,0.2188926904604264,0.27465191212468254,0.10116234867053522,0.04540312700627899
LILRB2,ENSG00000131042,chr19,54263811,54291184,0,,,,,,,,,
LILRA5,ENSG00000187116,chr19,54297069,54323166,0,,,,,,,,,
LILRA4,ENSG00000239961,chr19,54323184,54349162,54,0.40419618765543086,0.3406151499587555,0.3172735489343937,0.3752421121955171,0.2020430162722653,0.2763153767404328,0.3305692098495731,0.14013254723767404,0.08587871412853373
LAIR1,ENSG00000167613,chr19,54341383,54380558,0,,,,,,,,,
TTYH1,ENSG00000167614,chr19,54405218,54446904,0,,,,,,,,,
LENG8,ENSG00000167615,chr19,54438886,54472016,0,,,,,,,,,
LENG9,ENSG00000275183,chr19,54451731,54473778,0,,,,,,,,,
CDC42EP5,ENSG00000167617,chr19,54455025,54483296,0,,,,,,,,,
LAIR2,ENSG00000167618,chr19,54487878,54520687,246,0.3514034015545567,0.3939018510906186,0.3538181434429514,0.35944140610287856,0.3851282268590764,0.24849168529577273,0.22989324629667965,0.25222165883479286,0.2708200978338859
LILRA2,ENSG00000239998,chr19,54562919,54600287,331,0.20722230651963083,0.4210580271280778,0.30667615027056505,0.2575843967332674,0.3856931039873401,0.2062536927060996,0.17856923066344538,0.34029933329025963,0.3679837953329138
LILRA1,ENSG00000104974,chr19,54583581,54612381,0,,,,,,,,,
LILRB1,ENSG00000104972,chr19,54607157,54648022,0,,,,,,,,,
LILRB4,ENSG00000186818,chr19,54633888,54680359,440,0.23315979558936883,0.44957118155187226,0.4148924825725883,0.2591569645475269,0.4297261115620491,0.16328740711958933,0.1676928056153253,0.4337702275150342,0.42936482901929823
KIR3DL3,ENSG00000242019,chr19,54714478,54746536,22,0.33922920457045946,0.09127558525616776,0.19958668886650133,0.21409532582062837,0.17038897455054122,0.1437173062958545,0.07491742318604896,0.0,0.020795981684361725
KIR2DL3,ENSG00000243772,chr19,54728512,54763052,73,0.062115708758722486,0.14156965373415226,0.09938140496342555,0.07106261292789436,0.12547070660124748,0.056052503346559555,0.04614709451503288,0.09659723281692438,0.10650264164845105
KIR2DL1,ENSG00000125498,chr19,54759792,54794322,64,0.2254080973721844,0.31711201023810015,0.14601095107826934,0.2718624495712173,0.1957567669363542,0.2395032436510058,0.24041810457367946,0.1419211866297403,0.14100632570706656
KIR2DL4,ENSG00000189013,chr19,54793534,54824517,2,0.7720569464899362,0.13162147793726736,0.800689216016781,0.13779032561641258,0.3070690947785919,0.0034485383280044024,0.0,0.13767903572562468,0.17984788326460804
KIR3DL1,ENSG00000167633,chr19,54806467,54840778,42,0.29535423259150945,0.4225667857322535,0.36747025600629923,0.17510478114478112,0.32804066170393004,0.22059725808739128,0.1720519744737331,0.3285652314759613,0.37711051508961946
KIR3DL2,ENSG00000240403,chr19,54840442,54877207,150,0.2801654523783373,0.5565342824408747,0.5593267160462715,0.223205957834759,0.5396254467944558,0.1612085687540865,0.14499996850267344,0.6519262112201414,0.6681348114715544
FCAR,ENSG00000186431,chr19,54864234,54901420,286,0.3640658850622173,0.7245059633994068,0.6744064157382514,0.32033316215959673,0.6352996733614481,0.30987213041293393,0.33333127802548823,0.9793171659433801,0.955858018330826
NCR1,ENSG00000189430,chr19,54896147,54926140,69,0.4841846161190558,0.5339909508938452,0.4684819525081312,0.4459871154326633,0.4022357068855941,0.39676923052630075,0.4197794000609094,0.366780995835995,0.34377082630138633
NLRP7,ENSG00000167634,chr19,54913508,54976312,0,,,,,,,,,
NLRP2,ENSG00000022556,chr19,54943129,55011142,0,,,,,,,,,
GP6,ENSG00000088053,chr19,55003704,55048264,0,,,,,,,,,
RDH13,ENSG00000160439,chr19,55029107,55081291,292,0.391193798164062,0.4408013318095571,0.3639511523067456,0.3495234019903126,0.3595206115558897,0.3125129205796431,0.2828810440930659,0.2687375491194155,0.29836942560599267
EPS8L1,ENSG00000131037,chr19,55062019,55097923,206,0.39057949103089257,0.490448988595874,0.45563058548689206,0.3061305724495909,0.39583344478949717,0.28067243882586723,0.2678957131644486,0.39355287198681266,0.4063295976482313
PPP1R12C,ENSG00000125503,chr19,55080913,55127637,244,0.47200299951821717,0.5381219861449746,0.5456419864785472,0.42483853119834986,0.507800122192422,0.31112466128619976,0.30834426752783656,0.46132980075354196,0.4641101945119051
TNNT1,ENSG00000105048,chr19,55122697,55159206,78,0.33293938784695215,0.4472933716729337,0.43341826479757883,0.4420490822407846,0.42289200218479633,0.21483418204626564,0.3133431751635308,0.3780937455377233,0.2795847524204582
TNNI3,ENSG00000129991,chr19,55141766,55167773,98,0.27358036303909355,0.31422164509869754,0.24655001892675554,0.2928037949800398,0.28672096321697704,0.20686778741814912,0.19288267798116682,0.17033301385695873,0.1843181232939411
CTD-2587H24.4,ENSG00000267110,chr19,55144756,55170671,107,0.3175490036826494,0.32447084105801727,0.22352578245645063,0.3195268806220251,0.2873092203372443,0.26066583522941,0.21925913662883345,0.13159312082670485,0.1729998194272814
DNAAF3,ENSG00000167646,chr19,55148660,55176722,153,0.29179387570253956,0.31088621087307095,0.19059174599478554,0.32936026701457943,0.2704703809569434,0.2529585566075465,0.22825837863792892,0.11939031386925983,0.14409049183887743
SYT5,ENSG00000129990,chr19,55161195,55190289,237,0.27125473055831717,0.3012514784878932,0.26711635571338704,0.2663945669079902,0.30667196375682626,0.18206353717892054,0.1509981436998335,0.17640083324010777,0.20746622671919485
PTPRH,ENSG00000080031,chr19,55171246,55219506,247,0.23438719741956468,0.34258796443304357,0.30305382024749744,0.23339927370907185,0.32591753766304415,0.1627379692944814,0.14541533041767155,0.2567063407958615,0.2740289796726715
TMEM86B,ENSG00000180089,chr19,55216637,55238784,72,0.37289001112107806,0.7511099543965274,0.786637777105451,0.4555717930396858,0.7340007522290315,0.1563067080967414,0.33725073122390825,1.2344373558693766,1.0534933327422098
PPP6R1,ENSG00000105063,chr19,55219778,55269017,255,0.43899336842915104,0.7315666786276395,0.7640737269897308,0.4564825129350154,0.7714680694033966,0.2244696803456936,0.2243833965256944,1.0906830530615035,1.0907693368815026
HSPBP1,ENSG00000133265,chr19,55252222,55290381,144,0.34229452001875377,0.78646299488185,0.7447589599926444,0.3734939113916385,0.6393080374803612,0.2986981282795548,0.4959054735846572,1.245247006972805,1.0480396616677026
BRSK1,ENSG00000160469,chr19,55272071,55322562,55,0.3708497984697475,0.6576451861119432,0.7374557760344562,0.3944198920180942,0.6599799010513296,0.09897856497009783,0.24736274391782376,0.9729290472379796,0.8245448682902534
TMEM150B,ENSG00000180061,chr19,55302800,55344048,75,0.41675901585667385,0.541988069673109,0.4633606453630473,0.3668272934636475,0.5103605205148262,0.348792934836792,0.26189309377419695,0.43206711162175243,0.5189669526843474
KMT5C,ENSG00000133247,chr19,55329852,55358121,115,0.36133093536580335,0.3076982158979641,0.4419112654602721,0.35711525880187167,0.3501958934919829,0.1164324309728425,0.1892194002832532,0.25130088326372724,0.17851391395331656
COX6B2,ENSG00000160471,chr19,55339305,55364719,112,0.48851849296710564,0.262025974025974,0.36573632601786915,0.4391827596284094,0.27096183948137714,0.2594999886721628,0.28308882473967856,0.04434666148601224,0.020757825418496467
CTD-2105E13.6,ENSG00000267706,chr19,55342300,55369516,118,0.4122970034398747,0.18010851588937227,0.2950415227513387,0.4181641643806978,0.3519185689636005,0.19025023754596268,0.15320564950424215,0.008333046385570253,0.04537763442729076
FAM71E2,ENSG00000180043,chr19,55344907,55373260,127,0.4506897006211149,0.12419082840748936,0.2891930128575344,0.43868174214544237,0.3756360466037885,0.19517224422315155,0.11952623009619637,0.0,0.013080822328088493
IL11,ENSG00000095752,chr19,55354381,55380463,113,0.4127195442675193,0.23503411312705938,0.41532103647349944,0.450044630907898,0.41405361246631084,0.13174223548270175,0.16565760359273585,0.13618180299012006,0.10226643488008602
TMEM190,ENSG00000160472,chr19,55366825,55388246,132,0.4360223965642768,0.26637771738208427,0.377865398585024,0.47343491172354185,0.33584687443122774,0.20395145699282688,0.27094938472732477,0.10580952716549474,0.038811599430996824
TMEM238,ENSG00000233493,chr19,55369243,55394292,198,0.4529755864630286,0.342043350547367,0.3869517032855529,0.45422408698202166,0.3499884959215102,0.2662832596461787,0.29669890882500305,0.15233297247180594,0.12191732329298155
RPL28,ENSG00000108107,chr19,55375931,55413250,284,0.3941124916212582,0.3300416602573963,0.38153746631119045,0.4115798458776451,0.39744670109898644,0.21054101141378656,0.2121373159097188,0.18999873660521455,0.18840243210928231
UBE2S,ENSG00000108106,chr19,55389744,55417788,204,0.25205588604638024,0.397102787112464,0.35119709150518647,0.27533609024204625,0.35038088748091056,0.181904640399155,0.19834339605660264,0.32410391594200294,0.30766516028455526
SHISA7,ENSG00000187902,chr19,55418739,55453300,59,0.4081638795742288,0.6103578302619125,0.5093164222079322,0.5759236372546837,0.6074125574406843,0.3775480886015655,0.43268611534699614,0.5649783859221079,0.5098403591766772
ISOC2,ENSG00000063241,chr19,55442984,55472343,0,,,,,,,,,
C19orf85,ENSG00000283567,chr19,55453000,55474751,0,,,,,,,,,
ZNF628,ENSG00000197483,chr19,55466616,55494487,5,0.24543946932006636,0.06404958677685953,0.11641054768441089,0.14706204012705562,0.08041160117837433,0.1120249071656394,0.07071607270983865,0.0,0.0
NAT14,ENSG00000090971,chr19,55475187,55497568,22,0.28576342695512774,0.6194811075194614,0.6872105800280854,0.27051982761612897,0.6890057101423004,0.07026769670651045,0.056830907377722895,0.8959517544836574,0.9093885438124447
SSC5D,ENSG00000179954,chr19,55478403,55529099,245,0.5031743982277778,0.6938142975797261,0.6202928875458593,0.5612724372988952,0.6421986936006333,0.4573623133162647,0.48983133919256105,0.7262011771305296,0.6937321512542332
SBK2,ENSG00000187550,chr19,55518610,55547133,157,0.5220400115080451,0.6001953705420062,0.574122307488785,0.5475033939712715,0.532496206165627,0.4007022264545948,0.47470323938743775,0.5160770510935819,0.442076038160739
SBK3,ENSG00000231274,chr19,55530655,55555543,149,0.44950456869298094,0.6240573841534867,0.5381952895820624,0.4521823890851349,0.5995124650983465,0.4013211023521511,0.3325295010503762,0.576997662316802,0.645789263618577
ZNF579,ENSG00000218891,chr19,55566773,55590848,155,0.24841916634765976,0.2975662230697339,0.28400820013577016,0.19610684097206635,0.27142124577344034,0.15234704881930541,0.12741675039620198,0.20085710111333477,0.2257873995364382
FIZ1,ENSG00000179943,chr19,55581375,55611970,158,0.5203349750739901,0.7380839312849656,0.6185204045658135,0.5351728336157678,0.6111615175110211,0.5553502718048233,0.580614784471398,0.7843809031546308,0.7591163904880561
ZNF524,ENSG00000171443,chr19,55590021,55613138,119,0.5707961495631125,0.7989639783883958,0.6299238950965482,0.5161668770367326,0.7213801917066012,0.7280239332428731,0.5261896366019955,0.8762472417387093,1.0780815383795868
ZNF865,ENSG00000261221,chr19,55595646,55627269,169,0.5740369410309039,0.7430928038526827,0.7216572778561986,0.541894014389716,0.7121904033575956,0.4667704525893306,0.44711946777096456,0.892269911196658,0.9119208960150238
ZNF784,ENSG00000179922,chr19,55610740,55634566,116,0.5640201897896218,0.7985253620528739,0.7238866334809403,0.5891425407314238,0.7370079725673722,0.5726536830026596,0.5779845748239905,1.0294380887819277,1.0241071969605966
ZNF580,ENSG00000213015,chr19,55625015,55653470,137,0.5501074136989539,0.7828275982011975,0.7225488422643604,0.5814054403156214,0.8105988788578323,0.5218499074547627,0.3670140246196094,1.005213855082275,1.160049737917428
ZNF581,ENSG00000171425,chr19,55625458,55655623,149,0.596021996291323,0.7529446551557414,0.7163424130464541,0.6206371840296344,0.8057389141070309,0.5222751500243337,0.36442645593600553,0.8758677492339758,1.033716443322304
CCDC106,ENSG00000173581,chr19,55631061,55663161,153,0.5602270851687279,0.7078343539837013,0.6955816126376946,0.6102664161954491,0.7265055094234792,0.43128944753841136,0.43812622347589125,0.7991449091406801,0.7923081332032003
U2AF2,ENSG00000063244,chr19,55644145,55684716,233,0.6571101058945147,0.6755178660523239,0.687339167263039,0.705141671636478,0.699165830843951,0.5166172079365448,0.5727944916340358,0.6089075935891801,0.5527303098916888
EPN1,ENSG00000063245,chr19,55665225,55719858,374,0.39674307937916664,0.4201244631854529,0.37440894700053445,0.44326556126192745,0.40532718427007786,0.2906477505800254,0.30543239968596775,0.2542940395887963,0.2395093904828539
NLRP9,ENSG00000185792,chr19,55698437,55748402,364,0.3119045956504039,0.3768783087543401,0.3405836519271344,0.2832221292742578,0.3474395151650552,0.21522053673030223,0.18957564565596682,0.2577929114865843,0.28343780256091966
RFPL4A,ENSG00000223638,chr19,55749013,55773175,33,0.3731587773418522,0.3436676544755103,0.3610006608395269,0.18667286925813634,0.2047614616703665,0.22014906954457597,0.19929835423144984,0.2009389245090851,0.22178963982221123
RFPL4AL1,ENSG00000229292,chr19,55759117,55783420,61,0.2819642279104311,0.45097064047643926,0.42026337297832583,0.37930934381893877,0.34873435602298575,0.192828940063213,0.32384407766586604,0.40677442065430847,0.2757592830516554
NLRP11,ENSG00000179873,chr19,55775396,55846800,572,0.305673536540595,0.3990050749640794,0.39785372168032934,0.3012049425228849,0.3371148656445303,0.1833634666870882,0.228206503573146,0.32580532199529316,0.28096228510923527
NLRP4,ENSG00000160505,chr19,55826539,55891855,496,0.29601717315493814,0.3408505671104046,0.3011513079240592,0.2981148795172385,0.2897988036481907,0.20474265318089904,0.21429178679099062,0.21206235996386547,0.2025132263537739
NLRP13,ENSG00000173572,chr19,55881698,55942336,586,0.4116917734892306,0.544707057873407,0.4602729830245284,0.3741577685164168,0.4362926574663055,0.3503133603330369,0.34112557300316154,0.4365008780173725,0.44568866534724794
NLRP8,ENSG00000179709,chr19,55937831,55998629,523,0.4056369785513178,0.5251723485021749,0.4840213481458476,0.38103489444336136,0.4556891911440263,0.3016892460416061,0.30813745222068556,0.44311413369981656,0.4366659275207371
NLRP5,ENSG00000171487,chr19,55989725,56071810,905,0.30258236164151664,0.38035740740239504,0.34257249295542247,0.31008222682184283,0.3721840104382094,0.20978125386258345,0.19214356140578348,0.2688311768516624,0.2864688693084624
ZNF787,ENSG00000142409,chr19,56077365,56131295,479,0.7140172795176819,0.5909207550074791,0.5583157109443645,0.6919579759320756,0.4870699739060016,0.6642551731366524,0.7018748038574502,0.22959121553243012,0.19197158481163246
ZNF444,ENSG00000167685,chr19,56122598,56170893,94,0.8604178855714325,0.7171346349720975,0.6350955365854501,0.878056026059418,0.6607508833402901,1.1118833748808514,1.1429786110697346,0.1509008616100287,0.1198056254211457
GALP,ENSG00000197487,chr19,56166007,56195775,0,,,,,,,,,
ZSCAN5B,ENSG00000197213,chr19,56179569,56207920,0,,,,,,,,,
ZSCAN5C,ENSG00000204532,chr19,56192272,56219200,0,,,,,,,,,
ZSCAN5A,ENSG00000131848,chr19,56209669,56378383,378,0.30400417339316566,0.40101563011427105,0.3567763498704784,0.32562527000154745,0.3727752706923795,0.21683429874695598,0.22001936780596718,0.2956854761400961,0.2925004070810849
EDDM13,ENSG00000267710,chr19,56262747,56320454,180,0.3422750894442859,0.43567145534041224,0.3703797862972317,0.4034888978160294,0.34407405430759147,0.2642243492316606,0.33353435621307087,0.30789432186264437,0.238584314881234
ZNF582,ENSG00000018869,chr19,56365845,56403545,225,0.30051935092581533,0.5670979136213042,0.43552871101723584,0.28507479867687935,0.5190294333687903,0.3113975482749286,0.22043592875861068,0.5258461567312809,0.6168077762475987
ZNF583,ENSG00000198440,chr19,56387965,56446035,343,0.47094357769791284,0.7023839101170765,0.6150862666448049,0.4467949895391949,0.6165506731430241,0.44693753370218825,0.42271486687724946,0.7650133783156836,0.7892360451406224
ZNF667,ENSG00000198046,chr19,56429324,56488065,356,0.38694667494380647,0.4161910803608417,0.3849298162141986,0.40971707187137146,0.39523808147206246,0.2707330004537245,0.28120721920953073,0.2674485416379988,0.2569743228821924
ZNF471,ENSG00000196263,chr19,56497849,56540221,269,0.2842686103455437,0.24667096533395114,0.18369046242798617,0.29049355304225144,0.18292911768667464,0.20737092871567767,0.21220472438487697,0.07588225288002828,0.07104845721082895
ZFP28,ENSG00000196867,chr19,56528947,56566808,282,0.29964073416568654,0.2939207726092972,0.2212669714403336,0.28357621995449084,0.20352973618898798,0.22705133203939015,0.22697287966092303,0.12097649564556354,0.12105494802403069
ZNF470,ENSG00000197016,chr19,56557467,56598911,346,0.3603539811284109,0.34277050789256097,0.23488883679732714,0.36716366797502703,0.2295266572310149,0.29941411262662393,0.3082576228856822,0.12030790580754933,0.11146439554849105
ZNF71,ENSG00000197951,chr19,56585299,56636481,429,0.3966520575059743,0.4948343386745139,0.37265317994368,0.3190795748046933,0.37730839275850464,0.36093717081846594,0.2967373978292529,0.32193169045371356,0.3861314634429267
SMIM17,ENSG00000268182,chr19,56633158,56667247,259,0.4299908478647623,0.46659049563447025,0.3656992109865277,0.38889331757756485,0.2959863910854526,0.36766835220441296,0.3849959944188315,0.2607974967304959,0.2434698545160774
ZNF835,ENSG00000127903,chr19,56651979,56681783,247,0.2905424075631869,0.33416141713850755,0.2418067973372534,0.24057660007218692,0.248717469277428,0.23657276003918895,0.19796516595182626,0.1701352458542848,0.20874283994164755
ZIM2,ENSG00000269699,chr19,56764546,56850729,505,0.4743115212536048,0.6307935915663606,0.6041694574408031,0.43020433618981613,0.5201749436911584,0.3563384120802971,0.4122715891569328,0.6400610068028763,0.5841278297262404
PEG3,ENSG00000198300,chr19,56800076,56850728,294,0.5546162708760186,0.6751104488242847,0.6083115538751417,0.48592528942998126,0.557276115717674,0.49790025860659837,0.4874238402146116,0.6263697383416231,0.6368461567336099
USP29,ENSG00000131864,chr19,57109137,57141926,275,0.4421556785768895,0.6887713521665841,0.5401560402724004,0.4452161811832465,0.6162274252105505,0.4870173596285799,0.3993495183294381,0.6802100752662421,0.7678779165653837
ZIM3,ENSG00000141946,chr19,57124095,57155202,256,0.46130782346545407,0.6618211497831167,0.4825667490047782,0.4759708213440034,0.6149520564301327,0.5219583036544712,0.3880004344255608,0.5622220771377545,0.6961799463666649
DUXA,ENSG00000258873,chr19,57144020,57177485,266,0.4551101312142598,0.48961314411300927,0.477834452123143,0.42364983549633023,0.4805624033824967,0.31499364018269593,0.2843087903514001,0.35759265967297454,0.3882775095042703
ZNF264,ENSG00000083844,chr19,57181499,57232846,381,0.3737135342602158,0.38478467233336267,0.30925098492111885,0.39837367077449815,0.3341738924293514,0.29187580233435884,0.293587472929778,0.19390714383395036,0.19219547323853114
AURKC,ENSG00000105146,chr19,57220801,57245548,212,0.3932063854603766,0.31320027663325634,0.25841981430782157,0.38561262382144157,0.2677369282424201,0.28815356203469805,0.2756133773753292,0.08755899070995438,0.10009917536932322
ZNF805,ENSG00000204524,chr19,57230631,57272728,284,0.34181593347215833,0.34388331841500763,0.287638409655118,0.34567958848973557,0.2592875708068528,0.2502588215605017,0.2727159727288332,0.17115781602442606,0.14870066485609454
ZNF460,ENSG00000197714,chr19,57270050,57304069,220,0.3089297238578127,0.33186002684616633,0.21521544694918385,0.30961951145452044,0.25872196672568937,0.26521264573181774,0.23719523849022975,0.13804494101479753,0.16606234825638555
ZNF543,ENSG00000178229,chr19,57310471,57340770,180,0.36368873653246336,0.32022082813379854,0.24955563631735864,0.3164076293864577,0.24008772246680124,0.2754824726065549,0.24591424627535824,0.1105048082028248,0.14007303453402148
ZNF304,ENSG00000131845,chr19,57341270,57369898,161,0.4116850185100418,0.42265587815326033,0.3351050464419789,0.3639653989092289,0.35951768117960103,0.3358416841134101,0.2781426707445822,0.2134751077875402,0.2711741211563681
ZNF547,ENSG00000152433,chr19,57353476,57389565,171,0.5490548094600068,0.6558608202471371,0.6543451547884537,0.5356983207639622,0.6554862508099076,0.4004020138611686,0.38415429981439064,0.6663070972681331,0.6825548113149109
TRAPPC2B,ENSG00000256060,chr19,57353550,57375405,112,0.5650581647043128,0.6694049047835215,0.642097776453243,0.5220050525863403,0.6359599822701653,0.4559542250195624,0.41726228397596954,0.6509067046915178,0.6895986457351106
AC003002.4,ENSG00000268133,chr19,57353565,57408584,232,0.5424041005740214,0.5890344871307216,0.6196741030789964,0.5137839802507405,0.6340045971367967,0.35214400398367895,0.3026068704563414,0.5371019743166157,0.5866391078439532
ZNF548,ENSG00000188785,chr19,57379849,57412992,120,0.39626927769177217,0.38083068753597354,0.36310471436248537,0.4215072930303568,0.4673944620084656,0.2664267493405039,0.19836582475292458,0.21294976856836928,0.2810106931559487
AC003002.6,ENSG00000269533,chr19,57379883,57429994,184,0.3904463371916256,0.476989221516984,0.3927451329542153,0.42187265349046493,0.49486242509498335,0.32218739994600903,0.2565949284092112,0.32596580622942506,0.39155827776622293
AC004076.7,ENSG00000268533,chr19,57384182,57448457,250,0.4504548618869673,0.45688048612096666,0.4776429947850391,0.388854488016404,0.45872202150397634,0.27984312087626845,0.2445118848785312,0.33058276316547486,0.3659139991632121
ZNF17,ENSG00000186272,chr19,57401160,57431934,120,0.4388505018684664,0.5504011601425395,0.5802939714362194,0.4560639374294378,0.5184915619140218,0.2544833699545269,0.33874580427559464,0.5449161908396686,0.46065375651860085
ZNF749,ENSG00000186230,chr19,57425324,57457101,160,0.38395187695611854,0.4125295068006908,0.29978357404656747,0.3655758377873225,0.3271836924975783,0.3299968217253352,0.2953419244409494,0.2019324368413736,0.23658733412575936
AC004076.9,ENSG00000268163,chr19,57427969,57487536,348,0.38974824344720993,0.3165610469679381,0.28387112445301843,0.31118247327531773,0.27367464438876316,0.2703032494547224,0.216819803308739,0.11031469259429963,0.16379813874028298
VN1R1,ENSG00000178201,chr19,57444789,57467140,139,0.3166393152897458,0.25459189627228535,0.2033488676525847,0.3014929335982224,0.21329317398300407,0.22360873409980492,0.20636689161632865,0.07021468624653202,0.08745652873000825
ZNF772,ENSG00000197128,chr19,57456662,57487570,206,0.3711396558260023,0.2707773740917064,0.3035357856041267,0.30653323824003464,0.224589429996201,0.20894170863221823,0.21373277736246055,0.10683449962813424,0.10204343089789203
ZNF419,ENSG00000105136,chr19,57477710,57506098,181,0.4210392224921903,0.44394090404057074,0.3427179701643242,0.4499903022545078,0.3001487550957952,0.35687958235920825,0.4139062987640504,0.23000112032366832,0.17297440391882601
AC003005.4,ENSG00000268107,chr19,57477717,57527559,377,0.3280894377399874,0.29638248269000883,0.25388115947341244,0.3089058549458387,0.21476317428144165,0.22814001056038485,0.23961483584923501,0.12338035917981954,0.11190553389096947
ZNF773,ENSG00000152439,chr19,57489914,57528404,297,0.2957991436140845,0.22834218529330375,0.24321401092513087,0.258965212814217,0.18476285990686075,0.1656154768867798,0.1773227711556365,0.0935985955313513,0.08189130126249461
ZNF549,ENSG00000121406,chr19,57517324,57567542,297,0.2964849365917068,0.28944448846821735,0.3054826025111656,0.30092983562398606,0.3012375046089558,0.1644180640516711,0.1706339978233678,0.17729014021057865,0.1710742064388819
ZNF550,ENSG00000251369,chr19,57525256,57569863,246,0.43897943378733933,0.4056807899024111,0.35290147656903637,0.37551934145390703,0.34227805071930023,0.3315398543473217,0.28610031388903645,0.18879885887818065,0.23423839933646595
ZNF416,ENSG00000083817,chr19,57561565,57588911,130,0.17482933990083638,0.2218594084382763,0.17870072936506737,0.13081456395413893,0.19172320323898928,0.12307269959863018,0.08909806981509871,0.12777536258277955,0.161749992366311
ZIK1,ENSG00000171649,chr19,57568455,57603890,137,0.2283442562101257,0.31303578759540074,0.2731150533077987,0.25797240278809647,0.2631567572629838,0.15785138260744033,0.18423090917348453,0.21762169807893691,0.19124217151289272
ZNF530,ENSG00000183647,chr19,57589884,57622722,162,0.3575467903411619,0.3858826825077056,0.2750371163704847,0.4295994325450584,0.3472742330133634,0.30419788405949044,0.3111937583560766,0.18337141419285538,0.17637553989626914
ZNF134,ENSG00000213762,chr19,57604232,57634724,188,0.2711481684842525,0.2762142749116026,0.20093920507664498,0.3384046304564624,0.18779424999940628,0.2076132297297249,0.26417972008995955,0.11564666049410269,0.05908017013386804
ZNF211,ENSG00000121417,chr19,57620394,57654041,197,0.08545390027599235,0.14386343028004886,0.08228144544675221,0.08909917113083343,0.17926797688025653,0.07939412667083931,0.02554399647776949,0.07593124482999306,0.12978137502306286
ZSCAN4,ENSG00000180532,chr19,57641475,57689152,285,0.18370107133971206,0.2194009312859027,0.14859753146718363,0.2407826112032298,0.24178212661234202,0.1448989740114512,0.1231881211938565,0.10279464326344641,0.12450549608104111
ZNF551,ENSG00000204519,chr19,57671968,57727301,307,0.25793468632106475,0.3263192535992749,0.3054819165362594,0.27479825903852634,0.26133083226968545,0.1643899435780475,0.20669960794180178,0.23060900673746568,0.18829934237371132
AC003006.7,ENSG00000269026,chr19,57672044,57763575,457,0.2532674224725409,0.33308444775794854,0.2956938656843339,0.2728097655722939,0.2734821996813393,0.1732989175869223,0.2020833599138198,0.23179293182785898,0.2030084895009615
ZNF154,ENSG00000179909,chr19,57686274,57719204,193,0.3910667612347711,0.43474610295868915,0.3309837065506664,0.3581964314781012,0.28947037254870783,0.3322900254510467,0.336104315374503,0.2381902480291332,0.23437595810567677
ZNF671,ENSG00000083814,chr19,57709750,57737624,126,0.37898814906305106,0.4881768075296766,0.3338039209075737,0.35919069660821207,0.33205098016277135,0.37000495783174736,0.35562798987657185,0.2997710829564517,0.3141480509116271
ZNF776,ENSG00000152443,chr19,57736814,57768148,145,0.28387967225085986,0.4410653935623318,0.32642372897724253,0.35329126053371257,0.300399012442651,0.2602379113170783,0.33016846411501727,0.3214848844698909,0.2515543316719519
ZNF586,ENSG00000083828,chr19,57759654,57829939,327,0.3452196706233335,0.37111003271145615,0.310569798991832,0.3503566897141163,0.29709518166998655,0.25768231337986136,0.2712985002888477,0.20611665697296733,0.19250047006398094
ZNF552,ENSG00000178935,chr19,57793840,57824913,161,0.32875213460061525,0.4412128190155096,0.2945523551433101,0.3165387552614415,0.2938519877990791,0.31584034244758163,0.30732075163989825,0.26614624967169775,0.27466584047938114
CTD-2583A14.10,ENSG00000268750,chr19,57809718,57868941,133,0.16496665143045397,0.4200231960016883,0.31617054661070254,0.21784711673072618,0.30115532429551806,0.17250202813526075,0.21607272662893182,0.3722651412125159,0.32869444271884485
ZNF587B,ENSG00000269343,chr19,57809720,57856238,133,0.16496665143045397,0.4200231960016883,0.31617054661070254,0.21784711673072618,0.30115532429551806,0.17250202813526075,0.21607272662893182,0.3722651412125159,0.32869444271884485
ZNF814,ENSG00000204514,chr19,57838730,57899074,1,,,,,,,,,
ZNF587,ENSG00000198466,chr19,57839858,57875117,0,,,,,,,,,
CTD-2583A14.9,ENSG00000269476,chr19,57866764,57926591,0,,,,,,,,,
ZNF417,ENSG00000173480,chr19,57890295,57926610,0,,,,,,,,,
ZNF418,ENSG00000196724,chr19,57911881,57945402,2,0.012843826842797505,,,0.0,,,,,
ZNF256,ENSG00000152454,chr19,57930832,57957706,85,0.28809402384363636,0.41600155880178585,0.2631447560996304,0.29623339039282215,0.2908285051099079,0.2861512894432926,0.2727537823259332,0.2517056758953198,0.26510318301267916
C19orf18,ENSG00000177025,chr19,57948436,57984534,196,0.3687453287911634,0.4393487054223874,0.3593514626859842,0.3417837295408902,0.3500945617507203,0.29671388367014584,0.2829747309353461,0.2819422613421962,0.2956814140769959
ZNF606,ENSG00000166704,chr19,57967075,58013349,306,0.41706472311416737,0.3233380291718829,0.33573279450051546,0.2854089787995793,0.2188479204999226,0.2605958794556093,0.23982145476856115,0.12998755584576516,0.1507619805328133
ZSCAN1,ENSG00000152467,chr19,58024024,58064631,297,0.4272419119707508,0.23912405323687552,0.31627763169146317,0.4561371871135424,0.3612776253997627,0.22518672308525298,0.217028903213154,0.0480982247752082,0.05625604464730721
ZNF135,ENSG00000176293,chr19,58049238,58096310,266,0.3486289730117388,0.2561756767676768,0.24582896586980865,0.32458589033062063,0.25395181059224825,0.22124508046600705,0.19770729666499873,0.07470531625259899,0.09824310005360737
ZSCAN18,ENSG00000121413,chr19,58073837,58128427,416,0.4167787096903825,0.5145976220477076,0.37311661293437,0.49306808712247296,0.38152394913700705,0.3974854692479079,0.46082942803187155,0.3252916174996852,0.2619476587157216
ZNF329,ENSG00000181894,chr19,58116247,58165110,400,0.4096392261178231,0.4241402025421217,0.35512626110021067,0.44463324518868924,0.4478076298337297,0.3201058839589923,0.27307941118440154,0.23178517114677533,0.27881164392136615
ZNF274,ENSG00000171606,chr19,58173028,58223562,264,0.33480209085197726,0.4185804318391054,0.3191053416589393,0.37108150272223134,0.34353263757519076,0.28280281889793013,0.29257696961224033,0.25947981555833144,0.24970566484402135
ZNF544,ENSG00000198131,chr19,58218593,58287495,492,0.3014395196828926,0.4557116916270411,0.42002662034042687,0.28106659372948867,0.3833733208803932,0.21111831914695184,0.22738562150877117,0.3971578747415524,0.3808905723797331
CTD-3138B18.4,ENSG00000283515,chr19,58218913,58325183,734,0.3080375751417937,0.4537300235937935,0.3476980386845695,0.30359541602463536,0.3624725870765267,0.2728089469609937,0.2581542248362282,0.3318330162000007,0.3464877383247662
ZNF8,ENSG00000278129,chr19,58268954,58312791,306,0.29282509902700027,0.45266672203950803,0.32888306230876985,0.2783972115228114,0.33790956873668465,0.27518137718172897,0.25831234774606204,0.32751600162455613,0.34438503106022306
ERVK3-1,ENSG00000142396,chr19,58295318,58325663,196,0.4372098417719157,0.38230733293396474,0.3213832547585148,0.47665521114204007,0.3462668206417637,0.3344569689883655,0.35211151715364053,0.14730727871411503,0.12965273054884002
ZSCAN22,ENSG00000182318,chr19,58316993,58352332,176,0.343666894607459,0.3820051619827152,0.3771250093787391,0.4039211157116893,0.43649407009605395,0.214476286574928,0.21254000827722108,0.26679888770724247,0.26873516600494946
A1BG,ENSG00000121410,chr19,58335177,58363492,0,,,,,,,,,
ZNF497,ENSG00000174586,chr19,58344356,58372848,0,,,,,,,,,
ZNF837,ENSG00000152475,chr19,58357617,58391030,0,,,,,,,,,
RPS5,ENSG00000083845,chr19,58376399,58404806,189,0.3825268220740542,0.2609883433528408,0.23100643548495225,0.43155546182020016,0.2585072913593593,0.26094427722244024,0.2841015813149675,0.041497307394408656,0.018340003301881402
RNF225,ENSG00000269855,chr19,58385655,58407079,144,0.27221570277908935,0.20613556429840357,0.18003963810422935,0.33702631582133186,0.24398557037352567,0.1750469294381168,0.181083866824606,0.05579563876611207,0.049758701379622905
ZNF584,ENSG00000171574,chr19,58391503,58428327,204,0.25640580479664976,0.2274530553677617,0.18143844171577628,0.24801041493031745,0.1838922468014604,0.17705782773531842,0.16994321241411736,0.08100467457085425,0.08811928989205536
ZNF132,ENSG00000131849,chr19,58422813,58450153,165,0.310408089351591,0.23211594510798475,0.1703070747046917,0.3168112528907493,0.17597340882408252,0.22453610072658792,0.22577407808887512,0.03958042669771206,0.038342449335424855
ZNF324B,ENSG00000249471,chr19,58441610,58467833,129,0.3298332835931839,0.23326703802603735,0.15857276750427343,0.33693656186227094,0.1469981577030658,0.2465948608846897,0.25875386776607034,0.019021836446864643,0.006862829565484008
ZNF324,ENSG00000083812,chr19,58457044,58485436,144,0.4296315445718647,0.3470582842320636,0.304172458755948,0.481585510669726,0.3132429809392905,0.31254334441174425,0.3537364303293884,0.11372406537563079,0.0725309794579867
ZNF446,ENSG00000083838,chr19,58464016,58491230,143,0.46687304850490274,0.31678643859711253,0.27662293238298485,0.459347811290855,0.24332429462374502,0.3430594131678725,0.35855319318393775,0.03788837370832737,0.0223945936922621
SLC27A5,ENSG00000083807,chr19,58469511,58522413,166,0.36181918631581866,0.3011123244456578,0.19559981889517933,0.4037376537665491,0.21266637484426787,0.2948702377681272,0.31811828649623525,0.06339500494801625,0.040146956219908214
ZBTB45,ENSG00000119574,chr19,58503529,58548911,0,,,,,,,,,
TRIM28,ENSG00000130726,chr19,58534063,58560722,0,,,,,,,,,
CHMP2A,ENSG00000130724,chr19,58541565,58565105,0,,,,,,,,,
UBE2M,ENSG00000130725,chr19,58545711,58568954,0,,,,,,,,,
MZF1,ENSG00000099326,chr19,58551930,58583575,0,,,,,,,,,
