gene_name,gene_id,chrom,start,end,n_snps,fst_afr_sas,fst_afr_mel,fst_mel_sas,fst_afr_eur,fst_eur_mel,pbs1_african,pbs2_african,pbs3_melanesian,pbs4_melanesian
BET1L,ENSG00000177951,chr11,157783,217428,146,0.3950504344295778,0.42601169736885336,0.33698337100369125,0.45081820737880535,0.4053721518428116,0.3234006205064318,0.31732624267145687,0.23174564105516932,0.23782001889014437
SCGB1C1,ENSG00000188076,chr11,183077,204575,68,0.45705628715643776,0.3992342114103613,0.36418965562720473,0.4766218218769554,0.40381120015397537,0.3337223932359028,0.31990161086477126,0.17582773001077334,0.18964851238190494
ODF3,ENSG00000177947,chr11,186760,210261,102,0.4303080567154313,0.4391325707707127,0.3741779192129035,0.44263883051621733,0.43589492538171465,0.3361205316364914,0.2951489003024564,0.24215018128316673,0.2831218126172018
RIC8A,ENSG00000177963,chr11,197707,225113,206,0.3821817787610688,0.39404678377940405,0.36975217865553245,0.4203873911735678,0.4102661892081211,0.26043566614982994,0.2591318996118445,0.24051683069925217,0.24182059723723753
SIRT3,ENSG00000142082,chr11,205029,246931,338,0.5073656498757044,0.43674875578137423,0.34970315405040814,0.46308863183122634,0.352094433728664,0.42584560992413834,0.3809707072107348,0.1481838807491931,0.19305878346259664
PSMD13,ENSG00000185627,chr11,226965,262984,315,0.5641128125796021,0.4625350096806607,0.3897994689131033,0.5104539578728388,0.32415165217617364,0.4786479163010261,0.4716909258384574,0.14224373909022425,0.14920072955279307
NLRP6,ENSG00000174885,chr11,268406,295388,196,0.383371792655683,0.5215893898294844,0.4849920450957007,0.43562035222602696,0.4889975415043784,0.27860099205570954,0.3189665700419881,0.45868490608586954,0.4183193280995909
PGGHG,ENSG00000142102,chr11,279125,306107,218,0.4071912445032088,0.5222235088204805,0.4255592962653674,0.46287676589871435,0.489908837266321,0.35356864109363767,0.3434870766599735,0.38504360642676644,0.3951251708604304
IFITM5,ENSG00000206013,chr11,288199,309526,184,0.43162121847483803,0.5600161828286765,0.4517589259144966,0.36532998932329636,0.4880317523852368,0.39247218649236015,0.30308737152429116,0.4285451454099227,0.5179299603779917
IFITM2,ENSG00000185201,chr11,293654,319397,189,0.47388488407717266,0.6348411263877367,0.5285727880740005,0.37749263001737826,0.5141310223618953,0.4488337120879488,0.3798031382748975,0.5585890378436934,0.6276196116567446
RP11-326C3.17,ENSG00000288681,chr11,298407,325272,152,0.534657310198553,0.607494779509606,0.6258964800261531,0.41987001105024896,0.5466800364174491,0.35848194512460746,0.3442757207284843,0.57672349611105,0.5909297205071731
IFITM1,ENSG00000185885,chr11,300040,325272,134,0.5540622768127201,0.693231600515916,0.5943331137318967,0.49036006754261574,0.5714434914520408,0.5435076263323202,0.5041901790947405,0.6381545888394418,0.6774720360770213
IFITM3,ENSG00000142089,chr11,309675,339475,147,0.5134142541061959,0.5898389973686223,0.5208635200451576,0.405055454636738,0.4493203531758776,0.4378889270183821,0.40694527186938134,0.4533165800028597,0.4842602351518604
B4GALNT4,ENSG00000182272,chr11,359498,392117,106,0.4112862080035702,0.40306714531184507,0.3584533048925074,0.2683684421984127,0.2893903580949586,0.30094623569381806,0.24339842219595886,0.21500440743019839,0.27255222092805753
PKP3,ENSG00000184363,chr11,382613,414908,0,,,,,,,,,
SIGIRR,ENSG00000185187,chr11,395715,427455,0,,,,,,,,,
ANO9,ENSG00000185101,chr11,407932,452011,93,0.5139769165206206,0.662049318473069,0.42789544109465777,0.4822894502625137,0.4641944288610237,0.6239604785538748,0.5596051799245272,0.46089482823374456,0.5252501268630922
PTDSS2,ENSG00000174915,chr11,438267,501399,356,0.2542076883509196,0.2981369875114562,0.2835918898454298,0.23230752567933172,0.2746268232451543,0.15690993245290302,0.14865702649774767,0.1971071004507045,0.20536000640585983
RNH1,ENSG00000023191,chr11,484511,517300,220,0.19405448607276143,0.21929881973078516,0.2760512109980413,0.16877619031326216,0.20221710853075414,0.07013366543717697,0.10325011216168564,0.17742914861094913,0.14431270188644044
HRAS,ENSG00000174775,chr11,522241,547321,105,0.10412491218842028,0.1790607998247698,0.21159977821553658,0.10531248087260174,0.1972867340864206,0.0347555461720596,0.04441464151604911,0.16255068191571403,0.15289158657172455
LRRC56,ENSG00000161328,chr11,527526,564912,243,0.4820796865911499,0.461719265106249,0.46543744527902103,0.42733803501070466,0.48325555399263825,0.32550120262303534,0.2583139448628024,0.2938738402237238,0.36106109798395675
LMNTD2,ENSG00000185522,chr11,544849,570738,216,0.47229545341727147,0.49496598722424645,0.4841039482769879,0.4890013648442818,0.4797394955872274,0.3302491193800858,0.350546118414041,0.3528803805635425,0.3325833815295872
RASSF7,ENSG00000099849,chr11,550403,574025,195,0.4579655945849161,0.48323333302294696,0.45925505547544176,0.4198655428241257,0.4876195431346316,0.3288910326046791,0.2679856784970549,0.3312727948726197,0.3921781489802439
PHRF1,ENSG00000070047,chr11,566469,622222,469,0.3290742558914673,0.33407551124831897,0.365244015913635,0.3013789775283601,0.38451004450619614,0.1755805884012177,0.139944598572131,0.23099840672128802,0.2666343965503747
IRF7,ENSG00000185507,chr11,602552,625983,184,0.36810453508750063,0.311692558275327,0.4196898434209603,0.29253361308516906,0.3301161425971431,0.14417920718868193,0.15946695468069655,0.22934047070172656,0.214052723209712
CDHR5,ENSG00000099834,chr11,606576,636078,205,0.2475167316063793,0.30015472517564573,0.3564982406435518,0.29340365028038734,0.3214835935626787,0.10022100186405747,0.15817254741914155,0.2566750024719324,0.19872345691684837
SCT,ENSG00000070031,chr11,616308,637181,137,0.2812342158191238,0.2850981450387783,0.3833924804263562,0.3090150441129948,0.3507048112030318,0.09115358481391433,0.13668970456676277,0.24445642668452672,0.19892030693167828
DRD4,ENSG00000069696,chr11,627268,650706,172,0.34317192581082756,0.30290097147762146,0.2888909522462224,0.309586802035995,0.33212642902836953,0.22011564469119377,0.16381821735602362,0.14071215539821483,0.197009582733385
DEAF1,ENSG00000177030,chr11,634232,717118,594,0.3769609021173023,0.3509810557933283,0.33017765219138795,0.36326496373020223,0.32206726377349115,0.2523483116551403,0.24749391667923032,0.17994506120813333,0.18479945618404342
EPS8L2,ENSG00000177106,chr11,684437,737727,302,0.39020691158333565,0.40827341541072576,0.3751551790707432,0.42020681057328413,0.3840253279746775,0.27454711661275644,0.29262248849282885,0.25016348452705595,0.23208811264698348
TMEM80,ENSG00000177042,chr11,685590,715028,213,0.40006100794098876,0.40430736065179834,0.3858879218203009,0.38390832979296746,0.39186950491589584,0.27068996491336145,0.25251208600327407,0.24734048581700108,0.26551836472708845
TALDO1,ENSG00000177156,chr11,737414,775012,197,0.30557977736893116,0.5280632373372521,0.38562624371974774,0.4763497237812567,0.4626538891955924,0.3142182304703448,0.38836432180192243,0.43669204931144423,0.36254595797986655
GATD1,ENSG00000177225,chr11,757219,787488,209,0.300991928741721,0.514171239120463,0.40761678127641754,0.4750300994428333,0.3895485844235082,0.2781952631944697,0.4363784206906492,0.44370379784412484,0.2855206403479452
CEND1,ENSG00000184524,chr11,777114,800113,167,0.2925421432393512,0.5538837262815066,0.3904180892360583,0.4193920812302005,0.479031453364619,0.3291354630979494,0.349394817942306,0.47804019443665735,0.45778083959230076
SLC25A22,ENSG00000177542,chr11,780474,808281,218,0.3211649563377764,0.5267725840571759,0.3823689313724935,0.5340859907696284,0.4350538001964568,0.32684617808296157,0.4704543143531903,0.42133303314690573,0.27772489687667695
PANO1,ENSG00000288675,chr11,787510,809190,162,0.2598966497915862,0.4752064061399021,0.33227745905894973,0.4970894149507401,0.3570050287377485,0.2709165693685433,0.4452373803679217,0.3738336788796782,0.19951286788029998
PIDD1,ENSG00000177595,chr11,789178,819753,215,0.27641369724676007,0.38261247884535565,0.2688222968316982,0.4514866332185113,0.3708131172507971,0.2463475406047495,0.30973752669425425,0.2359108384432258,0.17252085235372105
RPLP2,ENSG00000177600,chr11,799964,822880,160,0.28304386759705097,0.3531965578798686,0.26532739229610114,0.4492711004199227,0.35127263319234336,0.23006157061176905,0.2997413516082,0.20565125891266617,0.13597147791623515
PNPLA2,ENSG00000177666,chr11,808913,835573,174,0.3667961103533319,0.4479367388699033,0.39020495654456716,0.5662274951296027,0.4239687898308588,0.2782115356598181,0.4388671324909104,0.3158811001151508,0.15522550328405843
CRACR2B,ENSG00000177685,chr11,816143,841991,200,0.40960994840456677,0.5426438362776331,0.458311528751318,0.5751254959243202,0.4858304291635829,0.34810023848380467,0.48652605727141723,0.4341926014508776,0.29576678266326517
CD151,ENSG00000177697,chr11,822886,849831,214,0.42323220266188133,0.5578880887999836,0.40913805314739937,0.5957807297931096,0.4745969717339047,0.420167439645337,0.5392001991989217,0.39602479654676137,0.27699203699317676
POLR2L,ENSG00000177700,chr11,827355,852529,203,0.39246236132473433,0.5469352345268752,0.4165997607444221,0.5804584136988173,0.5168018174654581,0.3755897655777628,0.46649221243467803,0.4161304280012482,0.3252279811443329
TSPAN4,ENSG00000214063,chr11,832811,877116,349,0.5558168223946597,0.5903957435755874,0.5522613167466008,0.6438411949119744,0.5532580751822234,0.4502682700228811,0.5595840895184232,0.4422955436267874,0.3329797241312453
CHID1,ENSG00000177830,chr11,857858,925058,410,0.6547112363171644,0.6187400367589334,0.6041394723387983,0.5934978572445339,0.556986940460825,0.5504773507619316,0.5251419337442725,0.413796467548725,0.4391318845663842
AP2A2,ENSG00000183020,chr11,914893,1022245,713,0.21993591927856604,0.3636226770479135,0.29126873459821373,0.4303688455614188,0.3786945502143763,0.17803198339753626,0.269398695599838,0.2739316330806679,0.1825649208783663
MUC6,ENSG00000184956,chr11,1002822,1046718,256,0.3385211138099372,0.44925785442829363,0.39825085771243696,0.34960087889175095,0.45344880740869686,0.25092557053298975,0.2112651622911576,0.3455629841998341,0.38522339244166626
MUC2,ENSG00000198788,chr11,1064874,1120511,0,,,,,,,,,
MUC5AC,ENSG00000215182,chr11,1147952,1211138,20,0.16884647243862408,0.15375539871484253,0.023446574213864518,0.2708288517092568,0.1202226345083488,0.1640808832555814,0.1773536201413889,0.002865951094828248,0.0
MUC5B,ENSG00000117983,chr11,1213065,1272172,332,0.37209965670618916,0.651611632042557,0.5937232307370844,0.2990607364028669,0.5595816855409446,0.30954529089252,0.29487058538889144,0.7448921307023744,0.759566836206003
TOLLIP,ENSG00000078902,chr11,1264370,1319654,311,0.43734852360444026,0.5654848694110418,0.5286256446015057,0.467634160280072,0.5457397659257127,0.3282583553915327,0.3374319134356183,0.5052661565019169,0.4960925984578313
BRSK2,ENSG00000174672,chr11,1379898,1472689,634,0.3654468338217793,0.3336157829058874,0.2895528770515607,0.4401897857089442,0.3280350914679826,0.2594311594062275,0.29424858435935364,0.14645771283610712,0.11164028788298097
MOB2,ENSG00000182208,chr11,1459456,1511247,374,0.5783998638910434,0.6010919148554299,0.4822695638531919,0.5776297262866059,0.5279463201890306,0.5622108224393574,0.5151173020120301,0.3568134292367486,0.40390694966407586
DUSP8,ENSG00000184545,chr11,1544050,1582271,191,0.3518259389572397,0.30909035256142703,0.22876085333522253,0.40705383879384394,0.27712970484992816,0.2717927248626979,0.2839362118028115,0.09795349514051399,0.08581000820040041
KRTAP5-1,ENSG00000205869,chr11,1574341,1595283,134,0.32031676956325117,0.2860906455417981,0.19946727082397045,0.4098011768544601,0.2644364005002673,0.2503249223592509,0.2785884090694496,0.08667435688304495,0.058410870172846296
KRTAP5-2,ENSG00000205867,chr11,1587176,1608294,122,0.431059262849547,0.4135620492972955,0.4323328727290896,0.4353043447600732,0.40020810980508514,0.2657236698577158,0.29699211752018195,0.2679647425309896,0.23669629486852356
KRTAP5-3,ENSG00000196224,chr11,1597564,1618463,147,0.400442395479408,0.4577588397137588,0.4028932476925598,0.40774243014931794,0.37685956227534934,0.30397414292870345,0.3314373609734169,0.3080702883949732,0.28060707035025967
KRTAP5-4,ENSG00000241598,chr11,1610957,1632138,183,0.32270086019787725,0.40716963215844093,0.4302424993330852,0.31825330927669304,0.3064194464826626,0.17497238760352163,0.2700280994659974,0.3478745909059374,0.25281887904346156
KRTAP5-5,ENSG00000185940,chr11,1619774,1640707,193,0.34454332651169794,0.37086056204765666,0.31967764050361636,0.3342765958277454,0.2701626370929812,0.2503184523422699,0.2776749042239385,0.21308391254803083,0.18572746066636234
KRTAP5-6,ENSG00000205864,chr11,1687194,1707755,138,0.29369004222320644,0.3945814683335906,0.2700934845933395,0.2390289585572688,0.2908183134675055,0.26734878113934213,0.2156758597796761,0.23448649110852604,0.28615941246819204
IFITM10,ENSG00000244242,chr11,1722405,1760595,73,0.26389697914292803,0.12550473532763967,0.08223868759842902,0.22045546463062002,0.07780541866485059,0.17733783252334434,0.15107741163569097,0.0,0.0
RP11-295K3.1,ENSG00000250644,chr11,1724820,1773954,54,0.2521917838266884,0.250956618902607,0.058072195668756196,0.24073928203571723,0.09352412692534888,0.25987022982335306,0.23308878624059273,0.02908814863067885,0.05586959221343918
CTSD,ENSG00000117984,chr11,1742751,1774573,0,,,,,,,,,
SYT8,ENSG00000149043,chr11,1818306,1847521,0,,,,,,,,,
TNNI2,ENSG00000130598,chr11,1828980,1851680,0,,,,,,,,,
LSP1,ENSG00000130592,chr11,1840903,1902267,0,,,,,,,,,
PRR33,ENSG00000283787,chr11,1878077,1901895,0,,,,,,,,,
TNNT3,ENSG00000130595,chr11,1909702,1948706,0,,,,,,,,,
MRPL23,ENSG00000214026,chr11,1937277,1994522,339,0.4070614621421845,0.49500693497488796,0.4272825084457128,0.4456074317914412,0.4621565562393479,0.32425619805181216,0.3264525304162963,0.358954384372799,0.3567580520083149
IGF2,ENSG00000167244,chr11,2119111,2151238,109,0.4639811600107944,0.4337550188769703,0.3928943444782581,0.48767361303422363,0.3604234548829723,0.3466309968119726,0.3952864391074373,0.22209746877108844,0.17344202647562357
RP11-889I17.2,ENSG00000284779,chr11,2119111,2168391,252,0.5492330538950536,0.57304090474847,0.5489221007056114,0.5626412526488621,0.5758915234879989,0.4258783297863764,0.41015126943890623,0.42518873621969805,0.4409157965671681
INS-IGF2,ENSG00000129965,chr11,2122537,2171209,244,0.5740573190409426,0.6134282954545455,0.5438710329283714,0.5248418226303245,0.5541375125086765,0.5094543559905849,0.44340036614179335,0.4409835494146199,0.5070375392634114
INS,ENSG00000254647,chr11,2149778,2171221,178,0.6394775443866432,0.7050903623832666,0.5738887064808478,0.591094410165437,0.601999648229019,0.694116301148004,0.5970274370816981,0.5269699815813884,0.6240588456476943
TH,ENSG00000180176,chr11,2153928,2181815,243,0.6390218387866754,0.6644353537536376,0.6034073267949522,0.5328968945634759,0.5944624614326413,0.593016467751623,0.47530204091876077,0.49892418710211583,0.616638613934978
ASCL2,ENSG00000183734,chr11,2258497,2280588,202,0.29545005220001064,0.25564351098555554,0.1811222618139944,0.29246327497647145,0.13358070500927643,0.22280538541926748,0.24890731820794432,0.07242982158525899,0.046327888796582145
C11orf21,ENSG00000110665,chr11,2285627,2313049,133,0.36692627157047086,0.37199734986512706,0.29805115673551874,0.40121471601991077,0.30363780714144495,0.28424226555847265,0.30808886659325985,0.18096862700438088,0.15712202596959368
TSPAN32,ENSG00000064201,chr11,2291996,2328204,111,0.2842703480999157,0.3795379291033348,0.3537284643230324,0.32358749298722617,0.41569950772663655,0.18760401885087077,0.16545154376689042,0.2896867840323287,0.31183925911630916
CD81,ENSG00000110651,chr11,2366176,2407397,192,0.3728597031666172,0.24573613331626637,0.3052552898006233,0.3527567957007037,0.2690405329161176,0.1921935982518947,0.20182445338759356,0.08981941812856936,0.08018856299287055
TSSC4,ENSG00000184281,chr11,2390487,2413878,242,0.39988391634785037,0.2635287930987815,0.3810320174813657,0.38254330161190697,0.33960953703484215,0.16840778795397088,0.18655373350438753,0.137477350389055,0.11933140483863836
TRPM5,ENSG00000070985,chr11,2394514,2433045,326,0.3984921459904063,0.3389322937830594,0.3560844482013629,0.3420285299722668,0.26162490098141067,0.24101350422613121,0.26459470118086986,0.17288551016966885,0.14930431321493015
KCNQ1,ENSG00000053918,chr11,2434683,2859105,2994,0.3955405315826598,0.4860229319175147,0.43283090351057363,0.42360507876760406,0.4667704583516411,0.3009497502557175,0.29386778372937844,0.3646268788920313,0.37170884541837035
CDKN1C,ENSG00000129757,chr11,2873212,2895775,141,0.384390809621345,0.3067292694439687,0.23848802968137212,0.360557956814104,0.24345247051928817,0.28951412605557514,0.2672520311487806,0.07682056544318072,0.09908266034997526
SLC22A18AS,ENSG00000254827,chr11,2877343,2913575,269,0.4298894136678672,0.3945995892444299,0.3293531096622707,0.40417641211856337,0.3692290455603477,0.332138802668692,0.2794316912903514,0.16972640123981614,0.22243351261815691
SLC22A18,ENSG00000110628,chr11,2889720,2935246,342,0.42255693337694755,0.4624281734693033,0.43959347038966906,0.44256642967184767,0.4439346474805553,0.29537275582109024,0.309117692563317,0.32532014133223836,0.3115752045900117
PHLDA2,ENSG00000181649,chr11,2918272,2939420,111,0.5167421960252189,0.5831982136672997,0.5196355737994,0.48095874705696257,0.4950785169886293,0.43456963645930324,0.42378203764024724,0.4405748662658448,0.4513624650849008
NAP1L4,ENSG00000205531,chr11,2934430,3002377,493,0.43302053180339534,0.4299764482315957,0.3817347573533546,0.4032260881798723,0.30294445041757534,0.3243360344687203,0.35870218565684253,0.2377415656464854,0.20337541445836327
CARS1,ENSG00000110619,chr11,2990921,3067613,488,0.4297071490786474,0.4796969756514666,0.3556512601741535,0.43759822153318306,0.3680460238917647,0.38771699828310713,0.38497198205528443,0.2656268997182754,0.26837191594609816
OSBPL5,ENSG00000021762,chr11,3077106,3176739,783,0.41061114038447477,0.4497390369949293,0.37032989282956474,0.4607184118176419,0.40669117572199637,0.3317362545122751,0.3464199099580143,0.2656263805814908,0.2509427251357516
MRGPRG,ENSG00000182170,chr11,3207943,3228813,165,0.3765529418229082,0.4233857401227503,0.3971694196466835,0.371762747744746,0.40510982418831465,0.2584770541399105,0.24802034390804373,0.2921047089738208,0.3025614192056877
MRGPRE,ENSG00000184350,chr11,3215029,3242417,278,0.3240531089874625,0.4508488465165672,0.3563661539510037,0.36441427397460446,0.39616342224633405,0.2751985216356794,0.2740690840116697,0.32418302862549375,0.3253124662495034
ZNF195,ENSG00000005801,chr11,3329260,3389222,379,0.5723583565828243,0.5953458356512817,0.5090327898756608,0.5487614235933116,0.47761682481970874,0.5214071362337349,0.5255638343202553,0.3833153556234705,0.37915865753695016
ART5,ENSG00000167311,chr11,3628511,3652316,0,,,,,,,,,
ART1,ENSG00000129744,chr11,3635127,3674416,94,0.4359042066271046,0.22898832822031803,0.3591461361450741,0.40986400363252057,0.3250738765852116,0.19381456649003587,0.19715099623614127,0.06623720054830956,0.06290077080220413
CHRNA10,ENSG00000129749,chr11,3655586,3681384,129,0.4050009552189663,0.2326936129201066,0.33611577726569175,0.401444650867883,0.2999106771829212,0.18720853326146755,0.2107790130939846,0.07766056247434933,0.05409008264183224
NUP98,ENSG00000110713,chr11,3661082,3807792,860,0.3820853638523095,0.3681712231449499,0.3862532775207116,0.39052720287756987,0.3531532522623065,0.22618443223578963,0.25932596414168485,0.23295241200337943,0.19981088009748418
PGAP2,ENSG00000148985,chr11,3787723,3836371,381,0.43226817102489584,0.3340127867520863,0.42375821245869366,0.4531885265392471,0.39961676912306654,0.21068148773099055,0.24997444492722098,0.19580332022252372,0.15651036302629334
RHOG,ENSG00000177105,chr11,3816977,3850959,236,0.42131463782437967,0.3597638001721613,0.32978866235062326,0.40628451310210895,0.33657742003111585,0.2963761432608644,0.2784650224108227,0.14954196522327057,0.16745308607331227
STIM1,ENSG00000167323,chr11,3844526,4103210,1338,0.48005029650103004,0.3591988223476773,0.3400865462332897,0.47092457505529617,0.3350704773326307,0.34170632917689464,0.33679304880143296,0.10332971626825815,0.10824299664371978
RRM1,ENSG00000167325,chr11,4084706,4148932,433,0.6524479722285585,0.28366447063853406,0.3563646388640307,0.612565118780139,0.35409782258387906,0.4749122938444198,0.4223534416611154,0.0,0.0
SSU72P5,ENSG00000284018,chr11,4223287,4243872,14,0.3511238530990528,0.3159996416960424,0.2212689220609498,0.5023824755900227,0.3939059243603841,0.281110373835201,0.288500146601582,0.09868646368832759,0.09129669092194659
SSU72P2,ENSG00000284306,chr11,4232055,4252640,10,0.1819276309744155,0.06162657261672895,0.2716959846717665,0.29260606518036186,0.3188256401659313,0.0,0.012918952265578126,0.08991976893372475,0.05068834671847364
SSU72P4,ENSG00000283873,chr11,4277498,4298083,1,,,,0.02368421052631579,,,,,
SSU72P3,ENSG00000284546,chr11,4319864,4340449,2,0.03251565516267248,0.0,0.08569354976852378,0.0031083670427932957,0.03856055838434697,0.0,0.0,0.028266721875195685,0.01810524556294832
SSU72P7,ENSG00000284438,chr11,4328659,4349244,3,0.08306174671575203,0.03972118594148832,0.09461361269761134,0.040474947937634516,0.03996003996003998,0.013926635417098793,0.020534044704811037,0.026604969959215657,0.01999756067150341
OR52B4,ENSG00000221996,chr11,4357262,4378386,125,0.47204158348758946,0.44231596201128087,0.4176265300154856,0.4210551819530538,0.42412977556945797,0.34102856803655435,0.289318940114527,0.24293414910236222,0.29464377702438965
TRIM21,ENSG00000132109,chr11,4374896,4403702,255,0.3830251725045331,0.4416318371854044,0.2912775054250564,0.3459647310390406,0.25816491141869247,0.3606862826283366,0.3543512159890079,0.22205046154789745,0.2283855281872262
OR52K2,ENSG00000181963,chr11,4439294,4460361,241,0.32488711772584616,0.32041023013604303,0.28325330758837647,0.27628400895808314,0.24179259376938925,0.2230542613153052,0.21641193791090121,0.1632116811548727,0.16985400455927668
OR52K1,ENSG00000196778,chr11,4472645,4503497,217,0.2588889878963392,0.42162083376757153,0.3151969092734544,0.25632509583713026,0.3163915799870248,0.23425326930213305,0.23165345709977292,0.3132723591376501,0.3158721713400102
OR52M1,ENSG00000197790,chr11,4535190,4556144,259,0.23821010282718283,0.29635913698633914,0.2490901513425201,0.20755198525370402,0.22405401219101073,0.16855100070254786,0.1652215990549681,0.18293619005077238,0.1862655916983522
OR52I2,ENSG00000226288,chr11,4571742,4603340,321,0.5914590212772369,0.6138909182873116,0.6388036101442064,0.5786812556849279,0.5796854683314274,0.4142324782901463,0.4746245053263294,0.5374028760390452,0.4770108490028622
OR52I1,ENSG00000232268,chr11,4583749,4605013,166,0.5515737058423625,0.5222948067139412,0.5332557212367951,0.5320110003626416,0.5534792218383812,0.38939934125584225,0.3459013157420801,0.3493621459512083,0.39286017146497043
TRIM68,ENSG00000167333,chr11,4588671,4618231,227,0.5559852404962168,0.568958145597181,0.5906716184863514,0.5651516665950941,0.49010825510528533,0.38010500114550483,0.5003756052154098,0.4614450824644149,0.34117447839451
OR51D1,ENSG00000197428,chr11,4627476,4653060,223,0.452869147106977,0.5448848654060382,0.4984306718339156,0.4908975537951195,0.43558107681657976,0.3501293477179424,0.4451761652514247,0.4370755012595881,0.3420286837261058
OR51E1,ENSG00000180785,chr11,4633419,4665488,303,0.3017416362001026,0.4288685497378668,0.3858568968063065,0.33214179087874013,0.3505196360628241,0.2158873351505347,0.2661162995314065,0.34424855005329447,0.2940195856724227
OR51E2,ENSG00000167332,chr11,4670170,4707854,292,0.42616345133408196,0.4395059140108841,0.42657949460485745,0.40758812182608695,0.40724721253661367,0.2891056521838658,0.28975594112031555,0.28983093565462875,0.289180646718179
OR51C1P,ENSG00000197674,chr11,4680422,4707831,197,0.5035478286070699,0.45514782880611987,0.44029840409765447,0.4874725226527556,0.43435539148935015,0.3635786982823206,0.3529262117752172,0.24366206834610726,0.25431455485321064
MMP26,ENSG00000167346,chr11,4694783,5002429,2466,0.3447758184859505,0.31604590057815957,0.2960709685468133,0.31407945187785613,0.24619998999632925,0.22578228713544854,0.23711488093466815,0.154082182584274,0.14274958878505442
OR51F1,ENSG00000280021,chr11,4758978,4779917,265,0.31667200627638176,0.1411078727053079,0.04322937498365144,0.27142558466801386,0.1285835510034172,0.24435032817990787,0.16557108259114273,0.0,0.0
OR52R1,ENSG00000279270,chr11,4793432,4814380,237,0.32328006656143005,0.2426157725960584,0.13996174940204792,0.3361031635464201,0.12790090227600576,0.2588019772252379,0.2753304397006355,0.01908261116415863,0.0025541486887610543
OR51F2,ENSG00000176925,chr11,4811320,4832456,203,0.27160691731475023,0.1485628434552663,0.21259862486177986,0.2754251105958871,0.20032025969357464,0.1193634292778105,0.12972789215114502,0.041466155560955925,0.03110169268762139
OR51S1,ENSG00000176922,chr11,4838236,4859208,160,0.22060911434520028,0.10906516636672316,0.09061329098191863,0.19875412775080706,0.06696139326992266,0.1348708600175384,0.1338813575927144,0.0,0.0
OR51T1,ENSG00000176900,chr11,4871818,4892883,169,0.44440684120515844,0.38896461907579055,0.30086306604350166,0.47027674930793245,0.4245139536921991,0.36120537006165043,0.2877303474492413,0.13139504483914533,0.2048700674515544
OR51A7,ENSG00000176895,chr11,4893782,4919462,152,0.38510308427979817,0.38319788829861695,0.3017058307963165,0.3601740773194239,0.3658006848072907,0.3051964279429597,0.2371870859302834,0.17801060515554357,0.2460199471682199
OR51G2,ENSG00000176893,chr11,4902587,4929350,53,0.15722455111274897,0.2677188541999097,0.23448001731124102,0.1734538560914448,0.1483471533465978,0.10772276378188278,0.1707570002060019,0.20386799601651462,0.14083375959239552
OR51G1,ENSG00000278870,chr11,4913373,4934339,0,,,,,,,,,
OR51A4,ENSG00000205497,chr11,4932830,4957605,14,0.5725800877656279,0.4799010454073898,0.2020693024919278,0.5452352208991932,0.6169457413221962,0.6389955028220481,0.2410662593315217,0.014740685395367936,0.41266992888589427
OR51A2,ENSG00000205496,chr11,4944771,4965713,96,0.41876377831780875,0.4221365211080529,0.41415240657856195,0.39648337246226506,0.40998318191578215,0.27816002908704346,0.26289754180808506,0.2702576048099837,0.28552009208894213
OR51L1,ENSG00000176798,chr11,4984850,5015536,298,0.2623414041615058,0.36341338726788797,0.23924799806576078,0.2527618691647162,0.2341203458406223,0.24123055184026626,0.23813796219017813,0.21040424183935827,0.2134968314894464
OR52J3,ENSG00000205495,chr11,5036525,5057461,287,0.25925800981402464,0.23745540290978692,0.15212817247958496,0.2390726053910016,0.14057337448079568,0.20308569425921522,0.19641089558413893,0.06800858996454615,0.0746833886396224
OR52E2,ENSG00000176787,chr11,5048649,5069627,263,0.26669876952220695,0.24819746364160877,0.17509277594788963,0.25695194040668634,0.13526348672262253,0.20149796268062398,0.21847284997576946,0.08378361146285235,0.06680872416770683
OR52A5,ENSG00000171944,chr11,5118775,5148356,196,0.31776456746695414,0.4841331470530899,0.3956935343043699,0.32713544377109316,0.33999846307538617,0.2703066196235958,0.3213023458847084,0.39159996409882647,0.3406042378377141
OR52A1,ENSG00000182070,chr11,5136823,5164757,148,0.2911106683471796,0.43278344724276746,0.408444679383336,0.28637790864518653,0.35228660722960675,0.19303495117093405,0.23505444295472774,0.3739791697376692,0.3319596779538755
OR51V1,ENSG00000176742,chr11,5189734,5210682,0,,,,,,,,,
HBB,ENSG00000244734,chr11,5215463,5239395,68,0.3577608820100191,0.49310759592567965,0.3061170741393951,0.3424192077171091,0.24238662258215177,0.37839953897576345,0.410531041758168,0.30105697969791206,0.26892547691550733
HBD,ENSG00000223609,chr11,5222677,5253657,199,0.3739828563575706,0.4515986010276976,0.4441971602220064,0.3767839768990202,0.3849891864112804,0.24089182510118023,0.29374721288892547,0.3598559551889352,0.30700056740118986
HBG1,ENSG00000213934,chr11,5238268,5259857,180,0.5069200414909912,0.580626599631537,0.4767573416454132,0.4524363606676208,0.4402957929417218,0.46418378371048374,0.4454616684633415,0.4048098018755736,0.42353191712271576
CTD-2643I7.4,ENSG00000284931,chr11,5238269,5264783,218,0.5076204031101809,0.5866101026902192,0.4740289342235559,0.457686730166262,0.4342440779281651,0.4746801579377803,0.4628414995495308,0.4086839121461475,0.42052257053439696
HBG2,ENSG00000196565,chr11,5243187,5515605,2629,0.4084831172949392,0.46940891346555325,0.38618069430847746,0.4409098949362764,0.43048162523730676,0.33538700274577093,0.326122016726368,0.2983766335158065,0.30764161953520935
CTD-2643I7.5,ENSG00000239920,chr11,5244391,5688434,4279,0.40369775929429835,0.4671363246860816,0.40624008166175124,0.41945047459090234,0.4298953982233161,0.3126085310738064,0.30566719973301804,0.3168811250986676,0.32382245643945595
HBE1,ENSG00000213931,chr11,5258344,5515652,2517,0.4051908558872384,0.45339731080917955,0.3939260302145899,0.44467924677492393,0.41144876133011754,0.31139726936457635,0.3310755972859862,0.2926358162842128,0.27295748836280287
OR51B4,ENSG00000183251,chr11,5291013,5311946,163,0.44212481950770366,0.5314042149871522,0.45051255425745035,0.5207491604114229,0.4277002848371038,0.37143271410270673,0.4677267228522205,0.3865820336971326,0.2902880249476189
OR51B5,ENSG00000167355,chr11,5293443,5515652,2235,0.40968079606855273,0.4469520124384498,0.38356054829863023,0.41377791455327395,0.4065103066627597,0.31780359751787246,0.30231582462680173,0.27450690692282037,0.2899946798138911
OR51B2,ENSG00000279012,chr11,5313358,5334297,223,0.3953783899586171,0.3888017367748494,0.3528584581669974,0.4619697146374773,0.3845622730024213,0.28014804761650347,0.3133763987451275,0.21218583509924727,0.17895748397062322
OR51B6,ENSG00000176239,chr11,5341507,5362446,249,0.17753982444437458,0.21996668113450246,0.14331831737056122,0.15464132714654288,0.17728877332602885,0.14459249922769946,0.11063145085952047,0.10382614448889603,0.13778719285707502
OR51M1,ENSG00000184698,chr11,5373811,5403263,304,0.39160356897531073,0.42682824896147675,0.37154768464548793,0.4215186810421728,0.4455569709350147,0.29450166377019926,0.25706383593051385,0.2620682033779404,0.29950603121762576
OR51Q1,ENSG00000167360,chr11,5412110,5433206,178,0.3592333191084946,0.4569989406621607,0.41575373571983093,0.37033862116109834,0.45630744738231294,0.2591505946082184,0.23192287681873636,0.35149341354347113,0.37872113133295315
OR51I1,ENSG00000167359,chr11,5430569,5451514,206,0.34229690116931144,0.2740218667024707,0.2986935483104072,0.45985511041889576,0.3666644049717315,0.1922133636186542,0.23969920700275746,0.1280220204171766,0.08053617703307336
OR51I2,ENSG00000187918,chr11,5439322,5466518,297,0.2633135567608273,0.22536358791754477,0.17370159953461692,0.38942883314029164,0.27503086242535607,0.18507756091425087,0.2135478661542732,0.07028394449787226,0.04181363925784995
OR52D1,ENSG00000181609,chr11,5478684,5499749,170,0.7626892090917211,0.7884990494980322,0.7391807833579089,0.7762492400598049,0.7340264621785821,0.823991330541816,0.8631949274177436,0.7295344558649483,0.6903308589890205
UBQLN3,ENSG00000175520,chr11,5497299,5519958,204,0.5733381889392185,0.49874356800930225,0.4544343233909277,0.5942071639519017,0.4906256908845261,0.468234487898531,0.45898891143043974,0.22240298064351377,0.23164855711160515
UBQLNL,ENSG00000175518,chr11,5504392,5528431,230,0.3752224853305389,0.3943464191478344,0.33538656058345834,0.35424090189296203,0.34381293247434985,0.28162853641034236,0.258733248121255,0.21981856871472963,0.242713857003817
OR52H1,ENSG00000181616,chr11,5534488,5558540,329,0.2913380854590919,0.4280973007135363,0.27450312677648997,0.2650695342544892,0.39680394183948015,0.2911323031115757,0.1806263998487579,0.26765410510300014,0.378160008365818
OR52B6,ENSG00000187747,chr11,5570876,5591884,223,0.36294894981702025,0.5835815500763054,0.46386809141171187,0.35542438351978645,0.4181273366195922,0.351797535009687,0.3868620630494577,0.5242671000391159,0.48920257199934536
TRIM6,ENSG00000121236,chr11,5586108,5622958,317,0.33075725205931733,0.4040078518368287,0.3035877846625817,0.34293145064062314,0.335502886757672,0.2786613442076349,0.2643849850742993,0.23886644201880003,0.2531428011521356
TRIM6-TRIM34,ENSG00000258588,chr11,5586724,5654398,529,0.35840301764482746,0.47707372950629207,0.38189181997234156,0.3644861408154835,0.4171295788216786,0.30550896827592977,0.28092289993199054,0.34280583077849214,0.3673918991224314
TRIM34,ENSG00000258659,chr11,5609763,5654398,328,0.3462227065739888,0.4593576830342622,0.38605001716539167,0.36204567582320446,0.39502727624678846,0.27607203527039326,0.28095702707688486,0.33892533515688233,0.33404034335039073
TRIM5,ENSG00000132256,chr11,5653194,5948619,2749,0.3839396275173288,0.40885231199648475,0.3764787785460437,0.4054586017089203,0.3948716026069755,0.26886361612053183,0.27166985556098433,0.25682578157507596,0.2540195421346234
TRIM22,ENSG00000132274,chr11,5679696,5747089,587,0.3748084007697149,0.4379580082719588,0.32293824066147,0.40323926595607623,0.36453106957789577,0.32794152287430944,0.31951283020050136,0.24823719062811786,0.2566658833019259
OR56B1,ENSG00000181023,chr11,5726447,5748523,190,0.48615379954913523,0.3640985968407609,0.4120981691443411,0.5031147041304083,0.35840673513650145,0.29367386700259757,0.3541535533940475,0.15903788713644773,0.09855820074499771
OR52N4,ENSG00000181074,chr11,5744242,5765958,230,0.3687872575612937,0.3550813854029695,0.3689557024652282,0.42290022243349107,0.39592926694727254,0.2191821271454909,0.24215363578234977,0.2194490219214358,0.1964775132845769
OR56B2P,ENSG00000181017,chr11,5751152,5777465,256,0.33806685099580913,0.33824261648512144,0.343232362332695,0.3920001572134853,0.37735771571123705,0.20251099855305715,0.21832691417301156,0.21034528182479653,0.19452936620484215
OR52N5,ENSG00000181009,chr11,5766164,5793355,224,0.5784356691615238,0.404586146731832,0.40246100018679837,0.6366700436229326,0.4624437228489922,0.43367286373189795,0.4551103137848569,0.08482569977738513,0.06338824972442614
OR52N1,ENSG00000181001,chr11,5776470,5801265,242,0.5051921786416753,0.34034738511227536,0.43731989432786944,0.5615294972440396,0.44799576229752197,0.27229187339695304,0.3231525529088525,0.14375005021000786,0.09288937069810832
OR52N2,ENSG00000180988,chr11,5798923,5831483,392,0.33854447647506825,0.3448343138586923,0.32554528496590357,0.41773297444227675,0.33252508942017467,0.221164454356287,0.27971988625179295,0.20170266503762996,0.14314723314212402
OR52E6,ENSG00000205409,chr11,5830927,5851952,245,0.2751185571524807,0.26332929770518426,0.2992559846895762,0.27173326308168233,0.3362260071480531,0.13587441507586653,0.10644431814768596,0.16973987984933037,0.199169976777511
OR52E8,ENSG00000183269,chr11,5846673,5867734,199,0.2966991640552191,0.33954876727598376,0.22697757375642932,0.28413911450058327,0.20514095542111974,0.254677659915452,0.2597554670264782,0.16015433170750115,0.15507652459647484
OR52E4,ENSG00000180974,chr11,5870628,5897079,279,0.4400844882257736,0.418692817320504,0.2519884516752569,0.44882733937543295,0.2634028102535101,0.41605423219648896,0.4162345091095249,0.12642171591952522,0.12624143900648932
OR52E5,ENSG00000277932,chr11,5883207,5912730,272,0.4206674594560739,0.3905175722036996,0.40576979761416465,0.45927991090137493,0.42583643483607897,0.2602676513421923,0.2775788619440739,0.23487750965711285,0.21756629905523128
OR56A3,ENSG00000184478,chr11,5928750,5961347,227,0.3116984820407152,0.3993664278108722,0.3661821774158489,0.276313666582598,0.3480326334530906,0.2136523997657859,0.20270333961824036,0.29611782747854676,0.30706688762609224
OR56A5,ENSG00000188691,chr11,5957176,5978494,138,0.2862881731393187,0.36162676944473915,0.3392972257744808,0.2848526714694102,0.2780834120251253,0.18582848336295407,0.229126596777365,0.2630036824503825,0.21970556903597155
OR52L1,ENSG00000183313,chr11,5975891,5996985,129,0.4693454392985798,0.6710217310762652,0.5555490340724475,0.4920667350706439,0.5894486042329294,0.4672460267847775,0.4494573177502594,0.6445175555170521,0.6623062645515703
OR56A4,ENSG00000183389,chr11,5989444,6016946,236,0.5238900264963717,0.8471299382569834,0.6728913755664019,0.45963760698387335,0.6796448884112862,0.7514052121532142,0.6776785398233112,1.1267617759237567,1.2004884482536595
OR56A1,ENSG00000180934,chr11,6009335,6044338,245,0.39938711740841015,0.5661819062506881,0.48896741305297126,0.3440389209141797,0.4640895918957448,0.3368063629098694,0.3164977565449758,0.4983236086615631,0.5186322150264566
OR56B4,ENSG00000180919,chr11,6097683,6118835,181,0.5642193798388141,0.8573316631073749,0.5356497151502457,0.40110464899797177,0.49978881786463214,1.0053664523269394,0.8835880808944772,0.9418662126187414,1.0636445840512034
OR52B2,ENSG00000255307,chr11,6159354,6180326,159,0.474298446269324,0.3220751539756868,0.36553344193228826,0.3933618215239588,0.23707549475288134,0.2883848800972796,0.30897269688609086,0.10033396366020653,0.07974614687139522
OR52W1,ENSG00000175485,chr11,6189223,6210186,115,0.49245202692951195,0.3241323611513388,0.39508198836557046,0.49310330286248083,0.42639347481198886,0.2836298594260096,0.2576972290257868,0.10812816320431962,0.13406079360454254
C11orf42,ENSG00000180878,chr11,6195556,6221135,137,0.4341596749697772,0.28047979422812286,0.23049927325435718,0.45090243940924635,0.352420693363256,0.318300320271913,0.24706790281240654,0.01087034970293721,0.08210276716244369
FAM160A2,ENSG00000051009,chr11,6201344,6244711,248,0.4435052041303794,0.24484442166599715,0.3574057364261273,0.4828315164230386,0.3023459842412206,0.21234359377482856,0.2900930394860085,0.06848789316801068,0.0
CNGA4,ENSG00000132259,chr11,6224764,6254479,169,0.44671341079180005,0.23082380389448764,0.2809738218130739,0.4180712370402926,0.34036966945641434,0.2622284332435184,0.19388337254298407,0.00020677880352665268,0.06855183950406091
CCKBR,ENSG00000110148,chr11,6249805,6282127,204,0.459009003140225,0.4222670237036464,0.4398709752630867,0.4280508702164388,0.37674132008070776,0.2917040086218195,0.3172775457367526,0.2569394871590207,0.2313659500440876
CAVIN3,ENSG00000170955,chr11,6308945,6330532,137,0.47957568253540434,0.3394649004664429,0.34704512327098386,0.5318724032568442,0.34234831809494154,0.32078428351181804,0.37731977328302313,0.09392073206663626,0.03738524229543111
SMPD1,ENSG00000166311,chr11,6380439,6404998,140,0.17882415139385316,0.2629434507890218,0.17819330127830366,0.18256140302941806,0.2133459718109831,0.15292929684224338,0.13335170748521538,0.15216136397822422,0.17173895333525224
APBB1,ENSG00000166313,chr11,6385123,6429414,240,0.20858695581114856,0.26006953083637824,0.23590384350200475,0.23428196032058865,0.29598442443416895,0.13303634354403837,0.10859276526043354,0.16816271424415638,0.1926062925277612
HPX,ENSG00000110169,chr11,6421048,6452617,165,0.1551521812234639,0.19065860203406673,0.12024960591766472,0.2271506897517936,0.17658631785043938,0.1260080800584525,0.1374545443553382,0.08552637092424217,0.0740799066273565
TRIM3,ENSG00000110171,chr11,6438612,6484459,275,0.21398732748017682,0.19416388276826121,0.17933255562754272,0.24347513220453207,0.20413062082426242,0.1295099681376235,0.1332872783278536,0.08636491750852855,0.08258760731829845
ARFIP2,ENSG00000132254,chr11,6464682,6491479,136,0.2456551225606372,0.23235808010653317,0.24527746911038126,0.3045046266549967,0.30483010295216867,0.1324662085395133,0.13198190875306112,0.13196569616206028,0.13244999594851245
CTD-2010I16.2,ENSG00000283977,chr11,6471484,6518978,234,0.25991872876179806,0.22671840354767175,0.21419917855058843,0.3094336783177002,0.27116045816178125,0.15852767634629641,0.15552679495713367,0.09858433002080641,0.10158521140996907
TIMM10B,ENSG00000132286,chr11,6471500,6494681,108,0.31162703416527826,0.31529061879795006,0.26291559827666744,0.3210939841686216,0.2933522627660266,0.22356620274889158,0.2094051905278523,0.15519458901409486,0.16935560123513416
DNHD1,ENSG00000179532,chr11,6487259,6603758,591,0.4887884946495208,0.6964643233050128,0.59843683425171,0.5157616061049797,0.5580672418017898,0.47541878027710344,0.5504182647045217,0.7168373442244662,0.6418378597970479
RRP8,ENSG00000132275,chr11,6585071,6613616,0,,,,,,,,,
ILK,ENSG00000166333,chr11,6593707,6620874,0,,,,,,,,,
TAF10,ENSG00000166337,chr11,6596293,6622539,0,,,,,,,,,
TPP1,ENSG00000166340,chr11,6602767,6629448,0,,,,,,,,,
DCHS1,ENSG00000166341,chr11,6611329,6665809,280,0.3536601188585946,0.37012312344669585,0.31857639276221467,0.33253720749385496,0.3037437665981574,0.2575447826707795,0.2522325048022156,0.2046861300678745,0.2099984079364384
MRPL17,ENSG00000158042,chr11,6670384,6693340,197,0.42203623097390597,0.5604277009714715,0.6074836341152878,0.499578903631257,0.6469828902533111,0.21751006099494175,0.23650983052932717,0.6044430114820312,0.5854432419476459
OR2AG2,ENSG00000188124,chr11,6755625,6781976,237,0.3283521899650057,0.29600588582976056,0.27110428410089055,0.31012951135526123,0.27133573324142135,0.21639092168336832,0.20284724377854352,0.13459436172931308,0.14813803963413785
OR2AG1,ENSG00000279486,chr11,6773019,6801558,310,0.32871726590415623,0.3527616957058582,0.2507886022628116,0.2958665141611817,0.2705985528579062,0.2724357517544307,0.23514852199786077,0.16260497860228448,0.1998922083588544
OR6A2,ENSG00000184933,chr11,6781735,6809689,273,0.32094815057083365,0.3368668267453322,0.2558080451415427,0.32024562069940965,0.25061968984150745,0.25119048181354814,0.25414726509706664,0.15958896251581875,0.15663217923230022
OR10A5,ENSG00000166363,chr11,6835682,6856636,153,0.4441624290208906,0.46472140968040027,0.3515714403537552,0.41289433576452605,0.40835583302788825,0.38952183011845853,0.3163342560353735,0.23544610793092025,0.30863368201400526
OR10A2,ENSG00000170790,chr11,6853056,6884717,39,0.33285755605994444,0.25827397395235335,0.23623246079750818,0.22745917641290567,0.2269310831177901,0.21701761684726179,0.14972934369469054,0.08175772428486139,0.14904599743743258
OR10A4,ENSG00000170782,chr11,6866624,6887619,39,0.33285755605994444,0.25827397395235335,0.23623246079750818,0.22745917641290567,0.2269310831177901,0.21701761684726179,0.14972934369469054,0.08175772428486139,0.14904599743743258
OR2D2,ENSG00000166368,chr11,6881573,6902500,0,,,,,,,,,
OR2D3,ENSG00000178358,chr11,6911001,6931994,149,0.341036877663893,0.3601306500290899,0.24038178090487633,0.35833771619722043,0.27254192332547883,0.2943198275029041,0.285992753683068,0.1521714366355113,0.16049851045534744
ZNF215,ENSG00000149054,chr11,6916403,7011004,651,0.5098157913855896,0.5633797585447482,0.5649811989647933,0.45124029560624807,0.5277634287239134,0.35464973445211484,0.3392554479800254,0.4740417399330664,0.48943602640515577
ZNF214,ENSG00000149050,chr11,6987084,7030346,311,0.5440195792365189,0.6430704166899549,0.5248645020241944,0.4624961929824007,0.4772688443853008,0.5356834564351064,0.5011741042929158,0.49453330585299515,0.5290426579951859
NLRP14,ENSG00000158077,chr11,7010478,7081526,549,0.5691077169128088,0.6554769859401262,0.627290251623802,0.432010877932705,0.575109128459601,0.460268106561481,0.3876622411903916,0.6053262799605867,0.677932145331676
RBMXL2,ENSG00000170748,chr11,7078997,7101148,204,0.6139324572228754,0.7065119678198525,0.6483270724157811,0.5860824818737377,0.6632537753107752,0.5663038209791157,0.5097906492870878,0.6596145957837981,0.716127767475826
SYT9,ENSG00000170743,chr11,7228777,7479043,1920,0.36392323943402455,0.4564064513283724,0.4159016093099507,0.3624390191654708,0.3766217339601267,0.26215183081838817,0.2935285195155252,0.34740163374300403,0.3160249450458669
OLFML1,ENSG00000183801,chr11,7475387,7521377,331,0.24658384741987655,0.6138146042104871,0.5557068921220396,0.2519002847011503,0.5293451445865837,0.2116522438740962,0.24401324043921552,0.7397854809774906,0.7074244844123712
PPFIBP2,ENSG00000166387,chr11,7503297,7667127,1323,0.3396318309174177,0.5327356382197717,0.4614842018324116,0.36106082557378183,0.4496555932922946,0.27843970919390737,0.3057975557019687,0.4824203871026054,0.4550625405945441
CYB5R2,ENSG00000166394,chr11,7655099,7687222,302,0.34003865719482534,0.3531058508053421,0.2962769603686115,0.3480639367598373,0.30155922364194143,0.2498881038433408,0.25223824697855485,0.18568449650345037,0.18333435336823628
OVCH2,ENSG00000183378,chr11,7679436,7716477,346,0.4216653623944579,0.39659440937338797,0.4041285376550429,0.41503193772730573,0.3681156244054164,0.2675190023776409,0.29115743157847024,0.2376466847142834,0.21400825551345415
OR5P2,ENSG00000183303,chr11,7785973,7806942,229,0.2972027903442347,0.20562003566778075,0.26176606103499644,0.22228801218832195,0.22857815438394652,0.13969288327933532,0.11103624624540284,0.0905005044225515,0.11915714145648401
OR5P3,ENSG00000182334,chr11,7814817,7840840,262,0.4863344205062672,0.6194035434364484,0.5432803786581538,0.49275587383936487,0.5178934383451155,0.42425644335763163,0.45759420365809766,0.5417591909383457,0.5084214306378796
OR10A6,ENSG00000279000,chr11,7914591,7941268,194,0.38844156682328285,0.5409742603502008,0.4075002707879146,0.38355887169602604,0.39543733889311006,0.3734944505651217,0.37959574531644674,0.40515454226035597,0.39905324750903093
OR10A3,ENSG00000170683,chr11,7927170,7951708,230,0.4341267526344207,0.4798458391991034,0.38732094426030256,0.415517249415492,0.33963789204561223,0.36655058766152937,0.3878455560876524,0.28707946060298234,0.2657844921768593
NLRP10,ENSG00000182261,chr11,7947536,7975426,173,0.4301057566062969,0.489616571786071,0.4848150195259912,0.4208980935691467,0.4220377959303385,0.28583411578078316,0.3353115125392413,0.38675889993077595,0.3372815031723179
EIF3F,ENSG00000175390,chr11,7960250,8011862,350,0.5492817479186539,0.5891938824434209,0.6209877436319995,0.5004191397100392,0.5979010007188744,0.3581800132128672,0.33628138347272524,0.5314538960132387,0.5533525257533806
TUB,ENSG00000166402,chr11,8009243,8116243,847,0.4976146298758255,0.5090321037873202,0.48712793378023567,0.4962104545159521,0.4996240409783886,0.3660177367744587,0.3522888296780829,0.3453588010463777,0.35908770814275337
RIC3,ENSG00000166405,chr11,8096055,8179055,553,0.4146817814470467,0.5105900921181095,0.48214692947885157,0.5285610015971478,0.5016987684078549,0.2960453874635624,0.3849849720573618,0.4185094957580632,0.3295699111642637
LMO1,ENSG00000166407,chr11,8214308,8278716,511,0.4767117650886462,0.43420831638495155,0.43100489858222735,0.49494147179520936,0.44864479728886003,0.32663435651273914,0.328617125577116,0.24289496216338585,0.24091219309900908
STK33,ENSG00000130413,chr11,8381867,8604289,1206,0.38381463664890647,0.4284644407582971,0.3750964081823433,0.32789260657122077,0.35176654850406713,0.2867390643675724,0.26163066675485486,0.2726895124199708,0.29779791003268835
TRIM66,ENSG00000166436,chr11,8602036,8692694,473,0.4638200829671013,0.5588914322099722,0.5520300550179046,0.4486615002877264,0.5136132799270009,0.31936031029318007,0.3465596592978766,0.49910393807586423,0.4719045890711677
RPL27A,ENSG00000166441,chr11,8672787,8724759,249,0.3884952645815323,0.5407320291986858,0.4461859741239841,0.4010514083075128,0.48135799902637716,0.3395138314410779,0.31707975649414555,0.43860759345188227,0.46104166839881466
DENND2B,ENSG00000166444,chr11,8683350,8920951,1231,0.47128911540631846,0.7487205504645336,0.675097411007489,0.4873399941627257,0.698055959752596,0.4471366375629583,0.42590922430469136,0.934052976833234,0.9552803900915011
AKIP1,ENSG00000166452,chr11,8901138,8930084,162,0.47165219912846695,0.5742667357911388,0.5576158476481138,0.47046137718936654,0.5050444912256713,0.3381830580654855,0.3932020210091292,0.5157592111098039,0.4607402481661603
C11orf16,ENSG00000176029,chr11,8910075,8943006,199,0.45481108115492397,0.565636574612207,0.5288945513515179,0.49063699056430016,0.5302545392543943,0.34391164318326506,0.37645187038314254,0.48996206642409545,0.45742183922421803
ASCL3,ENSG00000176009,chr11,8927578,8948211,123,0.442665943586243,0.5554943079860669,0.4701326603659491,0.4830416320191454,0.5155706942185988,0.3801271444743413,0.3729007912737338,0.43066527420515477,0.4378916274057622
TMEM9B,ENSG00000175348,chr11,8937201,8975011,202,0.40001390378329377,0.5770963328819279,0.4805083473453157,0.40156251263680814,0.4692305778512674,0.35827756178948783,0.3703082430912785,0.5023333013919722,0.49030262009018155
NRIP3,ENSG00000175352,chr11,8970575,9014049,193,0.5150448939416776,0.6408193874784394,0.6133041083883958,0.5402690653985104,0.6042439057360992,0.3987560852826251,0.437043311205471,0.6251738327772263,0.5868866068543803
SCUBE2,ENSG00000175356,chr11,9009475,9148114,827,0.4100494459546051,0.5759854524548427,0.5410164651155642,0.3915148959654479,0.5617442479347161,0.3034815625556771,0.2649088652837099,0.5545059515350726,0.5930786488070401
DENND5A,ENSG00000184014,chr11,9128824,9275959,805,0.38616435949321753,0.40296032753257416,0.24544199257310106,0.3386470074072045,0.26097255153928584,0.36108833305416455,0.3134095261406184,0.1546833816990117,0.20236218861255792
TMEM41B,ENSG00000166471,chr11,9270653,9324636,349,0.48321774104639953,0.6625784182490235,0.5809905050280486,0.48368006493167187,0.5874293867567411,0.4383470517509262,0.43105145911700576,0.6480750942836321,0.6553706869175524
IPO7,ENSG00000205339,chr11,9374651,9458127,378,0.4290135619296538,0.5258516692372333,0.44464434701672667,0.49346360602775025,0.4611308632692757,0.3592391693279469,0.4040558248121701,0.386995902814112,0.3421792473298888
ZNF143,ENSG00000166478,chr11,9450318,9538524,471,0.34921497770862603,0.519913823171003,0.44198263618525513,0.392371961337925,0.42759908632816523,0.29000018760115936,0.33703319189522246,0.44378946853312085,0.3967564642390578
WEE1,ENSG00000166483,chr11,9563669,9603457,207,0.3391771395414308,0.4409129906475039,0.3121953986443421,0.4151702934543141,0.3194162192270044,0.31073456867515614,0.36654019610979394,0.2707155974709912,0.21490997003635337
SWAP70,ENSG00000133789,chr11,9654076,9762993,692,0.26846731044080296,0.43279985638421403,0.3584458151759261,0.29766142776386284,0.3760889468345186,0.21789739450907103,0.2243176406886309,0.34914565605386505,0.3427254098743052
SBF2,ENSG00000133812,chr11,9768666,10304219,3271,0.29358285076260593,0.3767379756332514,0.325011949091902,0.3298241885067732,0.343264668243727,0.21363866308493956,0.22626463715218753,0.25914960067241993,0.24652362660517194
ADM,ENSG00000148926,chr11,10295072,10317397,109,0.28941238525672397,0.3611935196791472,0.3276949673696478,0.2775036350653046,0.31011284647285703,0.1963868095841854,0.2009846840160874,0.25176690858623774,0.24716903415433572
AMPD3,ENSG00000133805,chr11,10298312,10517579,1463,0.42960281206339473,0.4713122784486703,0.46753875064847505,0.454538068758122,0.4597641583699253,0.2842672622603076,0.3138650559507572,0.35309007759854266,0.3234922839080932
MTRNR2L8,ENSG00000255823,chr11,10497893,10519186,124,0.44482118639792345,0.517924545816075,0.43726002221521076,0.5054415007812272,0.46730223357235257,0.37159102748969225,0.40197170520979003,0.35806360574351825,0.3276829280234205
RNF141,ENSG00000110315,chr11,10501672,10551230,282,0.45102517067854697,0.47415415225733104,0.40916050324421027,0.4771054697189177,0.3893055600455464,0.3581194917624227,0.3989820646726015,0.28462768256198695,0.24376510965180814
LYVE1,ENSG00000133800,chr11,10546965,10621689,469,0.3249090720982992,0.35709738973486344,0.28375713602215386,0.4038177007693737,0.33890908629790784,0.25046697142244057,0.27255345312320844,0.19129505627853938,0.1692085745777715
IRAG1,ENSG00000072952,chr11,10563090,10703988,968,0.35405048084761054,0.3541614277384382,0.3067340996886239,0.36321458531127615,0.29238272116776115,0.25394897884774786,0.2713381726409487,0.18325671571902807,0.16586752192582724
CTR9,ENSG00000198730,chr11,10741245,10811625,430,0.5331400522641848,0.6361609119775264,0.5958656724416924,0.5089269725996762,0.6348507134517113,0.4333807883512762,0.3573785002256762,0.5776627866063695,0.6536650747319696
EIF4G2,ENSG00000110321,chr11,10787049,10818940,202,0.6164058797842464,0.6442050908527917,0.5367754877983253,0.5230082418246061,0.5486891774891774,0.6110138205859148,0.4890289435251755,0.42238699145344877,0.5443718685141881
ZBED5,ENSG00000236287,chr11,10802073,10868796,425,0.5760138926577025,0.5765777085854622,0.5675889808418006,0.4763487495367146,0.5498788247077502,0.4395305766177924,0.35403809391233043,0.4198546964558506,0.5053471791613127
GALNT18,ENSG00000110328,chr11,11260876,11632005,3420,0.4076015418684022,0.4988055707663557,0.44075001595507046,0.4124177293570966,0.4393972744483682,0.31658913153922336,0.3218787000470573,0.37417203933982546,0.3688824708319915
CSNK2A3,ENSG00000254598,chr11,11341941,11363250,192,0.5778439665366639,0.6432128511168201,0.6199955991241556,0.5810409085387829,0.6209003530667327,0.46271186864746755,0.4653208532052912,0.5679040279815606,0.5652950434237369
USP47,ENSG00000170242,chr11,11831422,11971887,784,0.46657917459245757,0.5457578208665633,0.44061394272110815,0.4584092797556732,0.43831703045128223,0.418326995621651,0.4127758905328209,0.3707977933299742,0.3763488984188043
DKK3,ENSG00000050165,chr11,11946206,12019769,539,0.4186552837612646,0.4788929853190468,0.4294828050059866,0.40240763878639707,0.38065933856015804,0.31649963431630446,0.3437732337254924,0.335300221546019,0.3080266221368311
MICAL2,ENSG00000133816,chr11,12084007,12369144,2394,0.4346305381461905,0.4752028825794904,0.44338824292941953,0.4571035407784188,0.44153693086612,0.31456603687452755,0.33650670319791354,0.3301774972128808,0.30823683088949483
PARVA,ENSG00000197702,chr11,12367562,12545356,1306,0.4473619616738433,0.5769236391634692,0.6202212536922055,0.45542333453794204,0.6291886210576281,0.24254409271794852,0.23794369135760185,0.6176585014378824,0.622258902798229
TEAD1,ENSG00000187079,chr11,12664420,12954737,1880,0.4576907531385144,0.6976395767587423,0.6175807256340652,0.44987215724189505,0.6385267041705256,0.4234083487282589,0.3880864972922248,0.7727271700383906,0.8080490214744248
RASSF10,ENSG00000189431,chr11,12999315,13022119,180,0.4868035897614066,0.5704226571394155,0.274799983851637,0.531608361217227,0.3865538613291374,0.5953711702752074,0.5573705815288554,0.24958230698552014,0.2875828957318721
ARNTL,ENSG00000133794,chr11,13266651,13397266,784,0.482185553208146,0.6762089963605474,0.6080712523991881,0.5014039085648161,0.6346211349106745,0.4245600557521424,0.4083977458166359,0.7030969660677625,0.7192592760032692
BTBD10,ENSG00000148925,chr11,13378007,13473297,455,0.45427186916391804,0.4132672137313072,0.4225441489751469,0.44464553650544103,0.3889321430531486,0.2948484251339271,0.31439360554728785,0.2383373569676358,0.21879217655427496
PTH,ENSG00000152266,chr11,13482053,13506181,135,0.36863689846336334,0.3854273237156835,0.2870105135865463,0.3704145879993047,0.3526339789882816,0.30420681372324637,0.2573392081167521,0.182621274272361,0.22948887987885522
FAR1,ENSG00000197601,chr11,13658667,13742346,432,0.34082854133852764,0.3442308655531796,0.34981170474179385,0.35396630138219526,0.3300519369661495,0.20411240320190518,0.22914750261595446,0.21783407797467597,0.1927989785606266
SPON1,ENSG00000262655,chr11,13952722,14278133,1974,0.4022033417885298,0.5659986301985477,0.42782083188975245,0.39237858550929233,0.4139941559504393,0.395454551133948,0.3992426682404024,0.4392530375282206,0.43546492042176616
RRAS2,ENSG00000133818,chr11,14267921,14374506,317,0.5024871932715081,0.5382513241640088,0.4812934918352605,0.4976176534484712,0.49432020261895765,0.40722572876357094,0.38963835439459493,0.3655087988509817,0.3830961732199578
COPB1,ENSG00000129083,chr11,14433439,14510027,246,0.33364373898381383,0.25236255927715534,0.20666035690854803,0.4663502535439511,0.29038394913904714,0.23263205045223906,0.287910727756693,0.058205072978804145,0.002926395674350102
RP11-140L24.4,ENSG00000256206,chr11,14483782,14530344,131,0.3767180165304605,0.3675597837856382,0.2884619350843145,0.46940399289529333,0.3778017303256801,0.29529972998470033,0.30871373485847897,0.16286985268223175,0.14945584780845317
PSMA1,ENSG00000129084,chr11,14494873,14653635,466,0.4258995466378116,0.48887192365645404,0.4460641725423865,0.5154929317042151,0.48533595937263374,0.31768976990226017,0.36575870048570275,0.35344531164371207,0.30537638106026954
PDE3B,ENSG00000152270,chr11,14633803,14882044,895,0.3270641130644813,0.4715259531524979,0.40418627011500224,0.41149121028871133,0.4382748424693603,0.25801980300771876,0.2955912032143805,0.379741779064811,0.3421703788581493
CYP2R1,ENSG00000186104,chr11,14867439,14902231,113,0.4343749101067058,0.5425508424429287,0.4334991562322028,0.5195868920080348,0.46937934745444465,0.39181831399516714,0.44074526000106845,0.3902712174696986,0.3413442714637973
CALCB,ENSG00000175868,chr11,14894996,15092342,1186,0.3739048743344503,0.4014229070603739,0.3678680813977402,0.4177016682078355,0.34648982684928453,0.2613978694321025,0.3142875690814058,0.2518020825889794,0.19891238293967622
CALCA,ENSG00000110680,chr11,14956667,14982351,151,0.42390309051289865,0.4670728409952937,0.5005599216763458,0.43558932797677063,0.44778015338762994,0.24329113091522508,0.3037673189275085,0.3860793955203086,0.3256032075080251
INSC,ENSG00000188487,chr11,15102423,15257208,1098,0.45431534350193997,0.564368029083792,0.5452494127629396,0.44384109478799577,0.5142207684681604,0.3243326737669866,0.3478288529607194,0.506624821725191,0.4831286425314582
SOX6,ENSG00000110693,chr11,15956448,16749591,0,,,,,,,,,
C11orf58,ENSG00000110696,chr11,16603131,16768340,751,0.45573692504224284,0.7341917822239682,0.6808542757776668,0.5266592912164597,0.7046688453205717,0.3955976533129122,0.42663102863751845,0.9293825627271778,0.8983491874025717
PLEKHA7,ENSG00000166689,chr11,16767296,17024414,1733,0.4615344447211272,0.5297642276148351,0.47767082438854425,0.4553665621343036,0.42369554179594965,0.3620477650446735,0.4055220918536016,0.3924733016416416,0.3489989748327136
RPS13,ENSG00000110700,chr11,17064387,17087715,108,0.3211139903164203,0.26437044903193757,0.19505991245624887,0.309617447039039,0.13133478119991943,0.23867161496316408,0.2683702740823065,0.06835699949094315,0.038658340371800715
PIK3C2A,ENSG00000011405,chr11,17067729,17217983,404,0.3453771133901266,0.37980675265871067,0.34323633100467876,0.44076898107658025,0.329768791903308,0.24049453874413676,0.32939212012832664,0.2372296215037252,0.14833204011953527
NUCB2,ENSG00000070081,chr11,17198152,17359980,341,0.2614958845021427,0.32482375226354476,0.22516848225347297,0.3695517410537308,0.24170628750931472,0.22040022448106938,0.28871061000546094,0.17238128995352425,0.10407090442913275
NCR3LG1,ENSG00000188211,chr11,17341799,17387341,281,0.3475982859461085,0.3643825160192749,0.28117630370728536,0.36117515649627036,0.26655201012512697,0.27505697982043054,0.2956423593341649,0.1781013570412218,0.1575159775274875
KCNJ11,ENSG00000187486,chr11,17355171,17399331,299,0.3793020448171399,0.39141327667882625,0.3545814807376619,0.3201627987748394,0.31532767647589816,0.26783512563821227,0.2518514306603881,0.22878073123373982,0.24476442621156394
ABCC8,ENSG00000006071,chr11,17382497,17486894,847,0.3515895533895632,0.385952698495743,0.28255018852535657,0.36703285131621416,0.29211355287387486,0.2944312052229263,0.29977424397687713,0.1932521102988154,0.1879090715448645
USH1C,ENSG00000006611,chr11,17483894,17554416,579,0.35253658967440327,0.37708762526333417,0.29864881774268387,0.3623640031076231,0.3063337501150274,0.2766479363074087,0.2787863873683359,0.1967014842824289,0.1945630332215017
OTOG,ENSG00000188162,chr11,17537258,17657150,862,0.2765052917798499,0.25822569361999814,0.2007564316714526,0.29681908419952285,0.22221622506607364,0.19914138012573995,0.19977230287938572,0.0995688712570694,0.09893794850342366
MYOD1,ENSG00000129152,chr11,17709570,17732136,113,0.5500406114428937,0.5200493362569634,0.5747789012081302,0.5198650076367595,0.46745294011030264,0.33876194964622947,0.41883796741839513,0.3953100145852684,0.3152339968131028
KCNC1,ENSG00000129159,chr11,17724773,17866804,774,0.45517079447289166,0.6111769750669271,0.5767731132008859,0.41218252971470004,0.5767348367418371,0.34603351855414444,0.3081066793821503,0.5985974690882989,0.636524308260293
SERGEF,ENSG00000129158,chr11,17778047,18023047,1242,0.42190818296466803,0.562056880811653,0.4740712410660802,0.4017920062270529,0.44990942608458706,0.365549648561313,0.37090533863476405,0.4601165933443374,0.45476090327088636
TPH1,ENSG00000129167,chr11,18007554,18056269,248,0.3172136305918108,0.30824209247815415,0.2566635051062126,0.36916741966903754,0.26437012103943197,0.2267430151302747,0.2611029183052398,0.1417762140657088,0.10741631089074372
SAAL1,ENSG00000166788,chr11,18059934,18116087,366,0.3281800839208036,0.2921259238491312,0.22409449850563004,0.30759271297799484,0.1850633623113187,0.24476473670481813,0.254212538580248,0.10072432294627623,0.09127652107084636
MRGPRX3,ENSG00000179826,chr11,18110954,18148488,222,0.5106688569647937,0.5206353685976889,0.5474199026748099,0.5276288815119151,0.5070642410293212,0.32860952511580765,0.3889538255427688,0.4066842113872051,0.346339910960244
MRGPRX4,ENSG00000179817,chr11,18162836,18184280,153,0.2712602786776625,0.4915203444118722,0.30857085984426685,0.27264181031815893,0.3376271306566498,0.31188705656558574,0.2913698326565901,0.36444301640455334,0.38496024031354903
SAA4,ENSG00000148965,chr11,18221354,18246802,191,0.42221875251314783,0.3703278880274799,0.3233327427830206,0.40970503783393797,0.29247008086731807,0.31027018794435435,0.32185681078488115,0.1522858643235332,0.14069924148300633
SAA2-SAA4,ENSG00000255071,chr11,18221422,18258635,262,0.382793306925863,0.37984490554364203,0.28657180302940144,0.36422648501651583,0.3192589456273203,0.31133175605252483,0.27306263955091575,0.1664539238243925,0.20472304032600158
SAA2,ENSG00000134339,chr11,18229222,18258668,189,0.35555087762932025,0.38680915303639957,0.3181270342479717,0.38614599173486436,0.34293183635343855,0.27276327700726277,0.2785548466976997,0.21631578176246047,0.21052421207202351
SAA1,ENSG00000173432,chr11,18256259,18279977,141,0.24788754825825762,0.5061944538303773,0.448147303256445,0.28983762389297135,0.44741642319302305,0.19800438890091993,0.22736226004170723,0.5076090816219876,0.47825121048120023
HPS5,ENSG00000110756,chr11,18268667,18332198,405,0.3595506077282499,0.6168359844351115,0.48694446241474293,0.3435784203572169,0.5726100930144358,0.36875306836974914,0.26509281783117106,0.5905390740271079,0.694199324565686
GTF2H1,ENSG00000110768,chr11,18312294,18377045,366,0.4591855868418433,0.6078800723199944,0.5044494568928011,0.39846261914545,0.5330544640821553,0.42439036245956585,0.3414557469515679,0.5117971855623853,0.5947318010703833
LDHA,ENSG00000134333,chr11,18384559,18418425,253,0.376231432977356,0.25129792421189107,0.3162530349983428,0.4810762557972256,0.40223693624044854,0.19061131940279322,0.21542582708084024,0.09880281782336237,0.07398831014531537
LDHC,ENSG00000166796,chr11,18402317,18462063,484,0.32061872422461374,0.3780459586454206,0.37505064412186273,0.37185136096945015,0.41570358741625135,0.1956885989619497,0.2012603312564848,0.27920047850835816,0.27362874621382305
LDHAL6A,ENSG00000166800,chr11,18445823,18489601,265,0.4591274334339911,0.5235785878180144,0.5309759467339964,0.4495858609325657,0.5096473036998421,0.29946142532590325,0.3129532211260617,0.4419910713791061,0.4284992755789477
TSG101,ENSG00000074319,chr11,18458335,18536951,440,0.36833860742467583,0.6135517509500339,0.517489508856197,0.3614722404787793,0.4936704176883896,0.34070325040735466,0.35938998565740327,0.6100540658900626,0.5913673306400141
UEVLD,ENSG00000151116,chr11,18519608,18598747,409,0.31332724183761734,0.5764665035648249,0.4978813002321021,0.30523656553266065,0.5128453748703484,0.2730506874976571,0.252066423123854,0.5860719862222257,0.6070562505960289
SPTY2D1OS,ENSG00000247595,chr11,18578780,18620255,172,0.41671595814379525,0.45176360164586665,0.40603077502366325,0.45645956884498096,0.477809605482969,0.3096009672038649,0.28048843444325566,0.291447733991615,0.3205602667522243
SPTY2D1,ENSG00000179119,chr11,18596402,18644791,251,0.41571189327606256,0.411374173530224,0.409527490470749,0.4582720478293644,0.3989701990245743,0.27024672586440285,0.3169225715710097,0.2597178404865774,0.2130419947799705
TMEM86A,ENSG00000151117,chr11,18683121,18714785,207,0.38790916530331837,0.4988111176234693,0.3919251532843148,0.42669297914165594,0.38804220398593203,0.3420947607754973,0.37800708567747543,0.3486774774408653,0.3127651525388872
IGSF22,ENSG00000179057,chr11,18694311,18736230,239,0.4518038009775721,0.4736365298827962,0.4222406116338565,0.49544761036955803,0.38191637112628896,0.347143772833648,0.42235769404826756,0.29461952421937787,0.2194056030047582
PTPN5,ENSG00000110786,chr11,18717927,18802721,503,0.4206485083470173,0.5854826995465539,0.534370077619016,0.4407066367338015,0.4691778809425868,0.33106118382250316,0.4141967021488568,0.5495793833287669,0.46644386500241325
MRGPRX1,ENSG00000170255,chr11,18923812,18949507,0,,,,,,,,,
MRGPRX2,ENSG00000183695,chr11,19044454,19070717,0,,,,,,,,,
ZDHHC13,ENSG00000177054,chr11,19107098,19186422,584,0.40906552995079537,0.3393097943392384,0.3329090497236836,0.4421809525590105,0.35919178012563824,0.26784574331003447,0.27658291269207624,0.1466244809314582,0.13788731154941647
CSRP3,ENSG00000129170,chr11,19172029,19220571,344,0.4768086118790892,0.5340326088262507,0.4710377287256801,0.44612357832839433,0.4908150066962325,0.3873046959026521,0.33975471108118377,0.37633492742427244,0.42388491224574065
E2F8,ENSG00000129173,chr11,19214062,19251620,257,0.46321885448256195,0.5468138692427117,0.46607515572797875,0.4590788908325461,0.44196734862789255,0.39305849000797294,0.4112981923824699,0.3983938632071966,0.3801541608326996
NAV2,ENSG00000166833,chr11,19340723,20131601,5998,0.5116178498898005,0.5297578494287348,0.5192802181936345,0.5219527050827959,0.5112186819114438,0.36934691761367516,0.388356509606338,0.38516058536009606,0.36615099336743334
DBX1,ENSG00000109851,chr11,20146154,20170475,139,0.4922695638927,0.3541075010165919,0.4046996125934668,0.46909956657247537,0.4453657748403698,0.2981188305338034,0.24042827300376324,0.1390033687558549,0.19669392628589505
HTATIP2,ENSG00000109854,chr11,20353684,20393782,309,0.6365639843437062,0.6962316714985654,0.6223502650032178,0.6490123142211466,0.6491655179022949,0.6149269129595942,0.5955266785369321,0.5765630324427504,0.5959632668654125
PRMT3,ENSG00000185238,chr11,20377557,20519338,892,0.5621410258318714,0.5960519098852534,0.5932901586826181,0.6742308388859347,0.657481400101804,0.4163360139717716,0.47830291289213056,0.49013288511972236,0.4281659861993635
SLC6A5,ENSG00000165970,chr11,20589593,20669285,635,0.47737300610623373,0.6586174349410848,0.6687992886524251,0.4117996087495446,0.6570615517098183,0.3093040521782121,0.267617413804349,0.7654474867022025,0.8071341250760655
NELL1,ENSG00000165973,chr11,20659550,21585686,7235,0.41986083217898096,0.5473203028328315,0.5105576205621493,0.4399773192340278,0.5384963938095713,0.31128459826370064,0.2995415287808172,0.48128587559863306,0.4930289450815166
ANO5,ENSG00000171714,chr11,21772658,22293567,3873,0.4343711276010805,0.4878706323113387,0.4627591543775981,0.46873840204685585,0.4677922381038265,0.3088431749914152,0.3354787030674544,0.36033483960030593,0.3336993115242668
SLC17A6,ENSG00000091664,chr11,22328380,22389503,438,0.2939282239732668,0.6004959930153803,0.5254573979141881,0.2833597240302904,0.5088617926455764,0.26008299143557606,0.26984152291972213,0.6574484923914836,0.6476899609073375
FANCF,ENSG00000183161,chr11,22612532,22635823,166,0.7113180360118946,0.7176712200423485,0.7287117716175759,0.7484940585441867,0.7420653061894894,0.6012696091598007,0.6449614077811189,0.6634133916272931,0.6197215930059751
GAS2,ENSG00000148935,chr11,22615508,22823055,1512,0.5180192682714946,0.5731575002887276,0.4981988238597789,0.5489687077494153,0.5414357505723257,0.44582001355969453,0.4339519385904695,0.40552017337206164,0.4173882483412865
SVIP,ENSG00000198168,chr11,22803798,22840299,214,0.47908378329127077,0.5606662361094025,0.5540350214301081,0.49265073677096943,0.5526057060063733,0.33357354087639884,0.34836825965363605,0.4889223316877538,0.47412761291051647
CCDC179,ENSG00000255359,chr11,22836921,22870474,228,0.40519061206450807,0.3304745534486244,0.3995536706835456,0.36370776077069783,0.31064387821839007,0.20530918466939074,0.24064307896233403,0.19587692161199277,0.16054302731904954
LUZP2,ENSG00000187398,chr11,24486969,25092638,5214,0.41845352104054684,0.4615291680979562,0.42254361695831216,0.4215588418441262,0.4251736536518279,0.30598198173204955,0.3063765555957256,0.31303996757646024,0.3126453937127841
ANO3,ENSG00000134343,chr11,26178841,26673289,3855,0.41685865497160385,0.6332644562844347,0.616872101747611,0.40075178433957487,0.6220361977652404,0.29152677508555075,0.27111840703473433,0.7115875049221818,0.7319958729729983
MUC15,ENSG00000169550,chr11,26549031,26582263,221,0.49298684553865035,0.5437890590509963,0.5257190482070163,0.46052258841275434,0.5089700863929858,0.35903145454785795,0.3453520608755031,0.425768532081123,0.4394479257534779
SLC5A12,ENSG00000148942,chr11,26657019,26733427,532,0.46162583802343965,0.5550670571733806,0.5475331547347466,0.500343620985334,0.5371767919145546,0.3179962009889903,0.3666281097170558,0.49183549745908683,0.44320358873102134
FIBIN,ENSG00000176971,chr11,26984111,27007087,149,0.25389604977215147,0.3324553925733086,0.32095371761173197,0.28811538350266175,0.3825364669045288,0.15498670859012098,0.13092661578960244,0.2491623547449462,0.27322244754546465
BBOX1,ENSG00000129151,chr11,27030724,27137809,648,0.3576637098571579,0.4628377791208692,0.42507360799991456,0.4009191589347214,0.4380081696996612,0.2552925892581658,0.2787729533493937,0.3661625535360922,0.3426821894448642
CCDC34,ENSG00000109881,chr11,27320826,27373234,279,0.4216151768825425,0.499805866361552,0.5014057991682863,0.41654858323576893,0.43490223153487106,0.2721560488405939,0.33039827992238396,0.42060293979868957,0.3623607087168996
LGR4,ENSG00000205213,chr11,27355960,27482790,620,0.5222199582255086,0.6090599030748556,0.576877263524328,0.47705570808995634,0.5280635618958069,0.4088563833542965,0.4182851525227565,0.5303445521745552,0.5209157830060953
LIN7C,ENSG00000148943,chr11,27484417,27516769,129,0.41563342966935857,0.4429401950780747,0.30317022840343744,0.5010039182886966,0.4295066570437128,0.3805476755407423,0.3594929660636777,0.2045349995795741,0.22558970905663867
BDNF,ENSG00000176697,chr11,27644892,27732058,299,0.3880190656342703,0.482647260850683,0.4328772267985294,0.47065644653886907,0.4466101575391733,0.2914525194231317,0.35172770413343174,0.3675778369452436,0.30730265223494346
KIF18A,ENSG00000121621,chr11,28010618,28118156,429,0.38739158646074884,0.6668049991101859,0.5622322211782245,0.4290017690115706,0.5996057999829477,0.38149501406065733,0.3720454112203757,0.7175323580732337,0.7269819609135153
METTL15,ENSG00000169519,chr11,28098247,28537041,1950,0.5016884337972082,0.8053331500437434,0.7079490967083353,0.5386021171737521,0.7232024771372517,0.5510841201704065,0.5627455803158965,1.0853815230959438,1.0737200629504535
KCNA4,ENSG00000182255,chr11,29999729,30027030,104,0.16809993810905913,0.1325950660249677,0.06449683184149048,0.17276884814784085,0.12128331032924672,0.12981078798867282,0.10131386641816605,0.012438571373384083,0.04093549294389086
FSHB,ENSG00000131808,chr11,30221013,30245261,141,0.40682245997661015,0.3778554649418485,0.21895235864491994,0.43360920159154903,0.20478121666980365,0.37486262152468564,0.406957910606307,0.09972022023621396,0.06762493115459262
ARL14EP,ENSG00000152219,chr11,30313103,30348223,215,0.3305860467868819,0.2739815233171558,0.1659297879424241,0.3410176063272311,0.16704625044692933,0.27004738376081344,0.27723055748623593,0.050132430744003365,0.04294925701858085
MPPED2,ENSG00000066382,chr11,30374492,30596872,1310,0.429686393316798,0.5593247467722603,0.44602619513908576,0.450339457198398,0.4800497748483535,0.3951890336652069,0.3819396276974015,0.42425802837503174,0.43750743434283723
DCDC1,ENSG00000170959,chr11,30820368,31379810,2518,0.3894361339613496,0.6954069379017391,0.6153328003804153,0.4075808768254339,0.6291052340366338,0.3633871295037805,0.3602413129133624,0.8253914863671077,0.8285373029575257
DNAJC24,ENSG00000170946,chr11,31359839,31442835,345,0.3102412760466995,0.6454670057438096,0.5882739064732895,0.3699109471935452,0.5180947504690466,0.26048515519797494,0.38442010930944426,0.7764687094879905,0.6525337553765213
IMMP1L,ENSG00000148950,chr11,31422400,31519645,375,0.36306435024004297,0.7798545188883614,0.7120893081958963,0.39495835103268756,0.7560128783420065,0.3597241889282089,0.3026424101389138,1.1537424844692008,1.2108242632584958
ELP4,ENSG00000109911,chr11,31499754,31800324,1185,0.48177597659786825,0.7039150715810171,0.6512287842127827,0.5196950704681998,0.6895918987223557,0.4105587420914505,0.39028783043074633,0.8065502033859919,0.826821115046696
PAX6,ENSG00000007372,chr11,31774778,31827961,279,0.3793830228130264,0.7010106033136337,0.6587995837778107,0.39046235057745055,0.5822786650236279,0.3045515482878972,0.4147304991338399,0.9027956205197698,0.7926166696738269
RP1-65P5.6,ENSG00000285283,chr11,31802390,32114665,1830,0.4279168246178798,0.6795195193607223,0.6220554752400315,0.39576983339523625,0.605520116782073,0.36169846997844884,0.35577342865467576,0.7762354373391841,0.782160478662957
RCN1,ENSG00000049449,chr11,32081073,32115722,22,0.5885465654869516,0.8305019444523682,0.7365872303017563,0.5176203437281283,0.5847788575061302,0.6644701194757351,0.8124968015448744,1.1104437044470852,0.9624170223779461
WT1,ENSG00000184937,chr11,32377774,32445564,497,0.2940050356563838,0.7132737346306763,0.6270307615744003,0.1969220083462106,0.6721202063760422,0.30555756914215915,0.17671126067090115,0.9436697284181248,1.0725160368893827
EIF3M,ENSG00000149100,chr11,32573797,32616264,203,0.33362902240357317,0.3161591024639913,0.1766121660751902,0.33168513554249807,0.2270811423353796,0.29580539464652833,0.26272232514672644,0.08422459971152396,0.11730766921132582
CCDC73,ENSG00000186714,chr11,32592720,32804662,889,0.38152735955086936,0.7649609799998106,0.732261731667884,0.34333459426720325,0.6968458078264649,0.30538033657852526,0.33753534217087544,1.1426233994889945,1.1104683938966442
PRRG4,ENSG00000135378,chr11,32819926,32868120,237,0.5568071832681825,0.7014743590876398,0.7091250563375343,0.5219942353544922,0.7070637644548982,0.3938939755037629,0.359615808747638,0.8150054751309558,0.8492836418870808
QSER1,ENSG00000060749,chr11,32882810,33003316,357,0.5066887432771671,0.7691504060148248,0.7782995470789908,0.4938137673264503,0.7728755369129402,0.3330878605878662,0.3322912006183153,1.1329010282248198,1.1336976881943708
DEPDC7,ENSG00000121690,chr11,33005875,33043582,238,0.14791417398463813,0.29187624806230406,0.22680266138057886,0.22448162242598094,0.24064770981760328,0.12399172923438964,0.16203527489674463,0.22114468045572044,0.1831011347933655
TCP11L1,ENSG00000176148,chr11,33029416,33115943,524,0.2429033037474936,0.37385548872190477,0.33025386056522643,0.3154626741181391,0.3395296773901308,0.17279092432171383,0.21619155185130784,0.29538316151472976,0.2519825339851358
CSTF3,ENSG00000176102,chr11,33067187,33172371,461,0.32728340474773676,0.728786042839348,0.5890256389495586,0.47140052520664044,0.6091829264973362,0.4060269780579227,0.5014279295014425,0.8988202817255422,0.8034193302820222
HIPK3,ENSG00000110422,chr11,33246671,33367023,434,0.4078706951494237,0.6837279396666793,0.5812854706669015,0.4714911417970933,0.6176471579842262,0.40230841373519977,0.41371838583279197,0.7488440716433538,0.7374340995457616
KIAA1549L,ENSG00000110427,chr11,33366107,33684102,1919,0.36781513724942244,0.35794778867827143,0.2948254350110907,0.34430450420403924,0.318014834605461,0.276174589450007,0.2411985302993999,0.16691106310264622,0.2018871222532533
C11orf91,ENSG00000205177,chr11,33688260,33710801,144,0.4885717903012205,0.6887633683464802,0.5391838606143972,0.49734027386530166,0.6445895311631576,0.531496846533388,0.4102808510169109,0.635704936103011,0.7569209316194883
RP4-541C22.8,ENSG00000284969,chr11,33688260,33732467,274,0.4319845080068354,0.6835677844973587,0.5940708435736771,0.4516499527351744,0.623863114261136,0.40733809459691334,0.3868427544577836,0.7433081347664436,0.7638034749055734
CD59,ENSG00000085063,chr11,33693009,33746479,303,0.402476481837836,0.6813649021688618,0.6282129071711582,0.3955844085188644,0.6322576841809142,0.33461822012080755,0.3234145811694512,0.8090905047687947,0.8202941437201511
FBXO3,ENSG00000110429,chr11,33730938,33784543,292,0.3976791931951161,0.6211422838951736,0.5696378796648784,0.4284624652331581,0.5288873323497671,0.31721567659994504,0.3886808398920307,0.6533788870356929,0.5819137237436072
LMO2,ENSG00000135363,chr11,33848575,33902076,0,,,,,,,,,
CAPRIN1,ENSG00000135387,chr11,34041730,34112610,448,0.5147769590114356,0.6612366886680827,0.7736865759589364,0.4470737364992575,0.7210091484758383,0.15988290955585982,0.19920397479485608,0.9225707025596381,0.8832496373206419
NAT10,ENSG00000135372,chr11,34095616,34157670,352,0.623225437295552,0.8098651563782006,0.8515705015578049,0.5690480766262309,0.8025962285969632,0.3642424055682798,0.43963822514300255,1.2957793497010193,1.2203835301262964
ABTB2,ENSG00000166016,chr11,34140986,34368010,1568,0.4743291304238395,0.5692704264779868,0.5349366554976694,0.47540899779314444,0.5275433784077288,0.35988657640946276,0.36880092321322105,0.48238824901564237,0.473473902211884
CAT,ENSG00000121691,chr11,34428933,34482060,306,0.4220414778176195,0.4441690957287021,0.4131287281652209,0.38511170227342,0.4036996388102878,0.3012972761002348,0.2782975201233219,0.2859938838963827,0.3089936398732956
ELF5,ENSG00000135374,chr11,34468790,34535193,467,0.32309538433084645,0.5342358606842137,0.45366679105377283,0.3032198576385201,0.44358761571141797,0.27488730193442223,0.2695578513426291,0.4891886098608773,0.4945180604526705
EHF,ENSG00000135373,chr11,34611092,34673288,397,0.4076284561381102,0.47619622757248414,0.42921585507396953,0.43892581479111187,0.4187340522993478,0.30475760364194887,0.3409967020484367,0.3418805412544894,0.3056414428480016
APIP,ENSG00000149089,chr11,34843093,34926379,707,0.4773919569364051,0.20384854345153017,0.2871179989065261,0.36236171608144213,0.196092779738328,0.269225003050679,0.22983926728331205,0.0,0.0
PDHX,ENSG00000110435,chr11,34905828,35030591,951,0.439198025819864,0.24666497608028998,0.3360961444603033,0.3402588572210899,0.21776043197026018,0.22600735917845388,0.22677936383858063,0.057237872066771334,0.05646586740664458
CD44,ENSG00000026508,chr11,35128881,35242402,829,0.39306790629049004,0.546096784496036,0.5437504168380636,0.3446206925987516,0.4890554027446914,0.2522471819157808,0.27045914308249364,0.5376241034607893,0.5194121422940765
SLC1A2,ENSG00000110436,chr11,35241204,35430063,1404,0.4188358185043097,0.6250575447725761,0.5503867694164893,0.36548091814345735,0.5279654590335913,0.3621685709260945,0.3425837599425323,0.6188141465875758,0.638398957571138
PAMR1,ENSG00000149090,chr11,35421822,35540300,0,,,,,,,,,
FJX1,ENSG00000179431,chr11,35608459,35630865,129,0.2083853498737297,0.3138079066527343,0.18927604729626138,0.26649873310267663,0.18491211599645335,0.20022528386124086,0.24103214339097093,0.17637238713648618,0.1355655276067561
TRIM44,ENSG00000166326,chr11,35652774,35828007,0,,,,,,,,,
LDLRAD3,ENSG00000179241,chr11,35933980,36242136,2178,0.4063811523999189,0.5112462637636895,0.48986718575023314,0.45528271592879926,0.5038591647673856,0.28216509622704194,0.31124471820783095,0.43373142701146883,0.4046518050306799
COMMD9,ENSG00000110442,chr11,36259283,36299449,261,0.3184614799786559,0.4570952531720985,0.427830602673489,0.3661870022999159,0.43530520275198226,0.21795185970169667,0.24767642167813336,0.3928695349408717,0.36314497296443493
PRR5L,ENSG00000135362,chr11,36286287,36475204,1438,0.39062982762333637,0.6045468576212569,0.5654020902967132,0.41909986236094704,0.5464884665326778,0.2948591571765226,0.3400824075630671,0.6328638185353255,0.5876405681487811
TRAF6,ENSG00000175104,chr11,36473768,36520272,234,0.5747310191136973,0.7635772366251798,0.6922020261433539,0.6163532127544776,0.739137811198494,0.5594277400511454,0.5282018287634415,0.8827059662631446,0.9139318775508485
RAG1,ENSG00000166349,chr11,36500708,36603156,563,0.4864624436209301,0.5713322427055044,0.612676539209031,0.5226088127990609,0.6118965647632548,0.2825050569125099,0.32000437731784637,0.5645680617105264,0.52706874130519
RAG2,ENSG00000175097,chr11,36565573,36608279,269,0.14491412052091218,0.44998035999919006,0.4145392997524096,0.13201728509711144,0.4067541613316262,0.10949922183150951,0.10861918618544902,0.48830207046928364,0.4891821061153441
IFTAP,ENSG00000166352,chr11,36584368,36685695,657,0.2106606548121394,0.514547634246213,0.49824592278370256,0.2074442435943255,0.4614785825017435,0.13479394990757704,0.16811925990626392,0.5878801599490592,0.5545548499503723
LRRC4C,ENSG00000148948,chr11,40104202,41469773,8770,0.4169665061479892,0.5238444373716696,0.5050957166530048,0.431069006488921,0.49490772453377924,0.2890652036157984,0.31149632609347394,0.4529454622820163,0.4305143398043408
API5,ENSG00000166181,chr11,43301962,43354529,176,0.33022662456254,0.37118330902179203,0.384897682996729,0.31690838757734535,0.38566578327558315,0.18938235378564192,0.1789128090221732,0.2745331402572493,0.28500268502071796
TTC17,ENSG00000052841,chr11,43348919,43504933,661,0.4268989962465479,0.4306612717801178,0.4263996772599678,0.43109271159277834,0.4117448327796654,0.28207529824553607,0.2983615230484038,0.2812044193050447,0.264918194502177
HSD17B12,ENSG00000149084,chr11,43670679,43866617,937,0.43084063460655375,0.4435996133140979,0.3641336290543597,0.41504260384173375,0.3721319081848811,0.34854754097706087,0.3285291029900921,0.23771958297777307,0.2577380209647418
ALKBH3,ENSG00000166199,chr11,43870810,43930274,435,0.4647322089980104,0.5223717840917238,0.4447471674213521,0.4301072164745776,0.4360411692524281,0.38778951936407446,0.3642278248808615,0.3511331207498215,0.37469481523303444
C11orf96,ENSG00000187479,chr11,43915341,43953878,222,0.4830441044236517,0.5802307918728261,0.5091674366316412,0.42870239253795894,0.5400608393394631,0.40809785942869403,0.3256170833306345,0.45995236376804544,0.5424331398661051
ACCSL,ENSG00000205126,chr11,44037980,44069977,232,0.33724077977058914,0.4688521572822244,0.6166007020838103,0.29501908635803276,0.6018569641490159,0.042690057775422896,0.03067773548936248,0.5900248155200034,0.6020371378060637
ACCS,ENSG00000110455,chr11,44055924,44094237,281,0.3638039540491205,0.606215529194688,0.5664905503515575,0.30827269075816405,0.5659005414405507,0.2741791890299715,0.23301670331968416,0.6577723587417744,0.6989348444520618
EXT2,ENSG00000151348,chr11,44085647,44261962,939,0.44205359456280513,0.683458796731773,0.5955480465185122,0.5235517748039255,0.6168513925679489,0.414285950513522,0.4661828619628648,0.7360159112557759,0.6841189998064332
ALX4,ENSG00000052850,chr11,44250439,44320139,558,0.5513780620998309,0.6493386573236924,0.6566929744966594,0.5180040179211697,0.5996505019302931,0.39018949894981436,0.4311682448295883,0.657744858000045,0.6167661121202712
CD82,ENSG00000085117,chr11,44554426,44630358,618,0.4528397404500619,0.7150552541061589,0.6154792731391432,0.4637569846380466,0.6334699238706307,0.45135797324475896,0.43747656372166965,0.8041020183214298,0.817983427844519
TSPAN18,ENSG00000157570,chr11,44716464,44942423,0,,,,,,,,,
TP53I11,ENSG00000175274,chr11,44875902,44961306,493,0.48020151176235054,0.4763602494061009,0.41478500454309486,0.4390424965202749,0.41656898177821433,0.38274470471548316,0.34311620136071874,0.26420662524793476,0.30383512860269907
PRDM11,ENSG00000019485,chr11,45085805,45245110,970,0.41995307716750196,0.7052078869327646,0.5898047791564068,0.5203791001165893,0.6041283145623166,0.437504532799665,0.5147895023298279,0.7839803397284437,0.706695370198281
SYT13,ENSG00000019505,chr11,45230301,45296341,494,0.42179138948693584,0.8858500404997222,0.7590345988891725,0.5164470445738352,0.7829852365775176,0.6474804493646508,0.6845234060761115,1.5227618114356316,1.4857188547241709
CHST1,ENSG00000175264,chr11,45637688,45675622,275,0.6246029548186025,0.7304723664167294,0.6788548371741135,0.6323186779754327,0.6422921443680725,0.5774966729759757,0.6417921873485906,0.7335876844265263,0.6692921700539118
SLC35C1,ENSG00000181830,chr11,45794071,45823016,174,0.3610847658810782,0.7719052963497407,0.75259219515583,0.39500376403699267,0.7374428354464653,0.26463029234773316,0.3216204804849222,1.213364077033806,1.156373888896617
CRY2,ENSG00000121671,chr11,45837117,45893248,271,0.4442797180929189,0.6515349359159124,0.5745695225172837,0.5210551796758695,0.5974227864121046,0.39352688363398586,0.44025941033840427,0.660690416703187,0.6139578899987685
MAPK8IP1,ENSG00000121653,chr11,45875650,45916465,210,0.5058647062730912,0.729943192006129,0.7127666300454875,0.5687771546516645,0.7077830232002792,0.38330430478944844,0.45999727032102866,0.9258186373479849,0.8491256718164046
C11orf94,ENSG00000234776,chr11,45896512,45917272,103,0.5298191674065728,0.7838193463585056,0.7523750012856026,0.6346585853119944,0.7876117412622515,0.4452194951608811,0.49461228556804193,1.0864213662394056,1.037028575832245
PEX16,ENSG00000121680,chr11,45899662,45928812,149,0.4906580999763089,0.7748489892372035,0.6792886142530328,0.618986913812277,0.7090956228712624,0.514203025744523,0.6105724168551679,0.976780917213872,0.8804115261032273
LARGE2,ENSG00000165905,chr11,45911620,45939096,116,0.6011837449154207,0.7829514528602712,0.7375164961334175,0.6683375623920407,0.8072716510009327,0.5546608356603966,0.4923991063640225,0.9729733952648444,1.0352351245612184
PHF21A,ENSG00000135365,chr11,45919318,46131454,786,0.5722244438206977,0.7352203371745627,0.7404563511455567,0.6022539961222659,0.7140892787037619,0.4145917477208557,0.4993616191629636,0.9142655121665955,0.8294956407244876
CREB3L1,ENSG00000157613,chr11,46267661,46331409,352,0.3478766455430946,0.29896814296814306,0.2746276334087641,0.3293409232747697,0.1664279052652282,0.23082667098311405,0.2863306086057773,0.12437527687312686,0.06887133925046365
DGKZ,ENSG00000149091,chr11,46322904,46390554,278,0.24455549118606532,0.19766754642127204,0.0695997566904724,0.2538936808728109,0.07062771404007319,0.214270379840166,0.21993675715085403,0.0059618465227558315,0.00029546921206782817
MDK,ENSG00000110492,chr11,46370755,46393837,55,0.22556007061466857,0.32696842194738407,0.08887381275440977,0.2788109972873314,0.1330243076678922,0.2792521677642881,0.2900363631782476,0.11671086134756836,0.10592666593360883
CHRM4,ENSG00000180720,chr11,46373788,46401776,67,0.1616273331967918,0.23424999999999999,0.052512458386314916,0.20755951693280297,0.06555725643178116,0.19462530501484288,0.2158662429986425,0.07227422825440949,0.05103329027060989
AMBRA1,ENSG00000110497,chr11,46386413,46604125,683,0.5358512650424447,0.6793339583404916,0.7241373192457505,0.46562455905747824,0.730776234585973,0.3085266120708342,0.22589963836402704,0.8288284540023778,0.9114554277091849
HARBI1,ENSG00000180423,chr11,46592860,46627909,121,0.028977447542797345,0.021019836923451385,0.02702280697343134,0.06056089398973119,0.044589246211494196,0.01162742356013542,0.019051127172257497,0.009616475531354609,0.0021927719192325335
ATG13,ENSG00000175224,chr11,46607526,46684818,276,0.2586776719745873,0.43225761825626424,0.46020047796049507,0.2184374036836138,0.3766287681100037,0.12442490512814247,0.16996724563182608,0.44166261128730844,0.3961202707836249
ARHGAP1,ENSG00000175220,chr11,46667079,46710619,195,0.21697860507349184,0.577042197020939,0.5339259698237433,0.23745994722840782,0.5299972999544497,0.170833663046492,0.18828313280044046,0.6896491984160658,0.6721997286621173
ZNF408,ENSG00000175213,chr11,46691029,46715912,112,0.35419871794871804,0.6529787563808351,0.6371409208169944,0.39920784092284106,0.6851984123008041,0.2409459919212522,0.2060313952956282,0.8174232881834329,0.8523378848090569
F2,ENSG00000180210,chr11,46709195,46749506,135,0.4167713949240878,0.7523288934177643,0.6700296591847896,0.44165241166488456,0.6416780331778289,0.4130385711202945,0.4760519201975394,0.9826150249921164,0.9196016759148713
CKAP5,ENSG00000175216,chr11,46733047,46856308,494,0.5203730062972126,0.8267227884244421,0.7556296981319911,0.5687328252946704,0.8051528191414418,0.5392692939916226,0.4791751791666048,1.2135932938827905,1.2736874087078083
LRP4,ENSG00000134569,chr11,46846716,46928642,291,0.608379151066487,0.8749639113107068,0.7967395504502263,0.6315374093815532,0.8081073158654751,0.7116734418092443,0.7133749821595372,1.3674794320248183,1.3657778916745253
C11orf49,ENSG00000149179,chr11,46926688,47174385,671,0.49391790201464175,0.6706343842735841,0.6504442599964986,0.5323941245610228,0.6683154524485042,0.3702754900410943,0.3835727079416319,0.740311361204493,0.7270141433039556
ARFGAP2,ENSG00000149182,chr11,47154298,47187125,130,0.2989269185098489,0.5330208204879612,0.44370716006078487,0.3114035707526339,0.42407908135290523,0.26507665856640855,0.2913927988410251,0.4963939472267026,0.470077806952086
PACSIN3,ENSG00000165912,chr11,47167521,47196443,103,0.3298129261006306,0.5584326764993836,0.5394575673604869,0.36259887199355423,0.543341395115487,0.22113644521382358,0.24198084361633143,0.5962883372393122,0.5754439388368044
DDB2,ENSG00000134574,chr11,47204464,47249217,192,0.4268397286358145,0.6434147730962458,0.5856850864078167,0.5526020876058418,0.6375138886359084,0.35332148213492537,0.4103598895858359,0.6778605199158204,0.62082211246491
ACP2,ENSG00000134575,chr11,47229301,47258906,129,0.33520732117404306,0.46772166525063713,0.4221542865466644,0.4344363295017478,0.4400109208143669,0.24521020562456414,0.3103415710965041,0.3853785352107041,0.32024716973876416
NR1H3,ENSG00000025434,chr11,47238299,47279033,169,0.2650039600712544,0.22555993043298356,0.22073547685090636,0.33539448908889946,0.3126902581448035,0.1570502230511552,0.14460320289793138,0.09856477858122067,0.11101179873444456
MADD,ENSG00000110514,chr11,47259160,47340031,359,0.2888212706324015,0.3392009075402557,0.30394199660724497,0.28488344818740324,0.3316348425467944,0.1964073247892063,0.1733472791554716,0.21789810538337637,0.2409581510171111
MYBPC3,ENSG00000134571,chr11,47321405,47362702,201,0.3942482835782497,0.5410476994904908,0.4636383001806667,0.47443418438975876,0.5364108579804532,0.3285737740610875,0.3266661293495742,0.4502352207191951,0.4521428654307083
SPI1,ENSG00000066336,chr11,47344859,47388547,168,0.4642529627789413,0.5719313447868223,0.49177483639538616,0.5000012317748646,0.5009564953518221,0.3978670837612032,0.4232796638167321,0.4506046031267619,0.42519202307123305
SLC39A13,ENSG00000165915,chr11,47397131,47426496,134,0.4353206774014231,0.5794136981311672,0.4862174583469074,0.4588090385829259,0.4977353803971284,0.3858238450712425,0.3957302503261371,0.4802817392448459,0.47037533398995124
PSMC3,ENSG00000165916,chr11,47408768,47436473,132,0.4478597794912772,0.5689659673659674,0.48061258567525694,0.4052722519575581,0.4856943878108638,0.390208130521321,0.3481410802305063,0.4513600994464872,0.49342714973730195
RAPSN,ENSG00000165917,chr11,47427763,47459143,142,0.3851708514268117,0.6189159211939772,0.6186766172347892,0.3661753595105007,0.5556010775466357,0.24351930784587295,0.30484277903504575,0.7212159410747542,0.6598924698855814
CELF1,ENSG00000149187,chr11,47455932,47575569,402,0.33037992704125557,0.5102795669062852,0.5279308956440609,0.3157130636388542,0.5665255809565735,0.18216774077331022,0.12868802617183284,0.5317528546334248,0.5852325692349023
NDUFS3,ENSG00000213619,chr11,47555335,47594562,105,0.6547280528229906,0.7642707464679297,0.7441737587308458,0.6780910656513054,0.744963164116672,0.5726187365504835,0.606105329766222,0.8724526267753443,0.8389660335596055
PTPMT1,ENSG00000110536,chr11,47555429,47583461,64,0.6631727345253556,0.7339908343298175,0.7193966164447329,0.6659438148689604,0.7278302406255163,0.5707982528405561,0.5596706512835352,0.7534262605468236,0.7645538621038445
KBTBD4,ENSG00000123444,chr11,47562196,47588976,82,0.695984315255709,0.7755893412378343,0.6579123707936763,0.6787517552697759,0.7807290802848827,0.8061326214422618,0.5561857383972902,0.6881449860792406,0.9380918691242118
FAM180B,ENSG00000196666,chr11,47576677,47599194,75,0.7163584531636834,0.8076761451982918,0.6502917457276362,0.7335358974086128,0.7825717307880715,0.9289812749337338,0.7226020242467537,0.7195933092163456,0.9259725599033256
C1QTNF4,ENSG00000172247,chr11,47579666,47604411,75,0.6477532789460263,0.7624751968348887,0.7446797195376306,0.7011862721640232,0.7578982032230844,0.5578350716415129,0.6135105583495655,0.8796481549394024,0.8239726682313497
MTCH2,ENSG00000109919,chr11,47607314,47652607,153,0.5826131852407975,0.7352803894494193,0.6981621444516637,0.5608453504125267,0.7023891066937016,0.5024803262076897,0.47000968234038054,0.826603760337072,0.8590744042043812
AGBL2,ENSG00000165923,chr11,47649590,47725389,244,0.4128103342934451,0.5701982541871988,0.47958327826226577,0.3582822059327534,0.4852228305339612,0.3618566167919308,0.31200836264976106,0.4825746160710109,0.5324228702131806
FNBP4,ENSG00000109920,chr11,47706493,47777443,298,0.3850150414001087,0.6322428072191106,0.5512906104936317,0.3782946089713034,0.54615659184088,0.34255499482185553,0.34280912536532615,0.6577773659824767,0.6575232354390061
NUP160,ENSG00000030066,chr11,47768086,47858555,378,0.427837471749341,0.6341129171876503,0.5528361915268026,0.39965985741063065,0.5472520295774032,0.37946620408081483,0.36163486258102656,0.6259643060072357,0.6437956475070239
PTPRJ,ENSG00000149177,chr11,47970557,48180841,935,0.5570966804069197,0.608458018036024,0.6306154957907,0.48984571332280225,0.5935644607395447,0.37807457399503597,0.355187337110205,0.5595879616808976,0.5824751985657284
OR4B1,ENSG00000175619,chr11,48206809,48227739,191,0.4772190563118848,0.541334025974026,0.45587422603877276,0.5202136412222053,0.457176786831115,0.40972547546970595,0.4514379164910887,0.3697075838061814,0.3279951427847986
OR4X2,ENSG00000172208,chr11,48235103,48256015,162,0.43465130120105644,0.4284821084453438,0.3773295099298182,0.4696892645522685,0.4093856766268552,0.3280171268038973,0.3335797915725095,0.23144236312604682,0.2258796983574346
OR4X1,ENSG00000176567,chr11,48253860,48274778,161,0.48748438143956596,0.5282705513892479,0.34829446477184833,0.5539684166603772,0.5269326381986903,0.4958056504357772,0.4050988439841008,0.25554400939979444,0.3462508158514708
OR4S1,ENSG00000176555,chr11,48296222,48317152,157,0.30567509578858515,0.24376101726091937,0.13473856294813943,0.26514429507031273,0.23035129690254344,0.24974476300697573,0.1628289294528976,0.029653075015130176,0.11656890856920826
OR4C3,ENSG00000176547,chr11,48314919,48338471,183,0.3752756939977575,0.35059067261884164,0.35329818311766703,0.34264960809935086,0.2817026560910677,0.23313346611730415,0.2601792351719229,0.19855859022384523,0.17151282116922648
OR4C5,ENSG00000176540,chr11,48355484,48376465,112,0.5011729432123913,0.5784775314675821,0.27809860777854595,0.43935526745587455,0.5209794217244076,0.6167556472170809,0.35326916231747324,0.24712654961713426,0.5106130345167418
OR4A47,ENSG00000237388,chr11,48478792,48499722,0,,,,,,,,,
TRIM51GP,ENSG00000220948,chr11,48965323,48993826,96,0.4794665855708571,0.5573528168301207,0.38428231993829887,0.47376386495656886,0.3586107603997014,0.49145835830504614,0.5064343626297554,0.32352389420092803,0.30854788987621884
TRIM49B,ENSG00000182053,chr11,49017500,49048451,0,,,,,,,,,
TRIM64C,ENSG00000214891,chr11,49043713,49069112,0,,,,,,,,,
FOLH1,ENSG00000086205,chr11,49135091,49218638,70,0.4800553766999206,0.4911295347141045,0.46164467629233424,0.42062899156921296,0.42247752918177733,0.3551791331740748,0.3361830443711607,0.3203826502780849,0.33937873908099897
OR4C13,ENSG00000258817,chr11,49942390,49963419,0,,,,,,,,,
OR4C12,ENSG00000221954,chr11,49971472,49992535,0,,,,,,,,,
OR4C46,ENSG00000185926,chr11,54593068,54613998,0,,,,,,,,,
OR4A5,ENSG00000221840,chr11,54696831,54717902,0,,,,,,,,,
TRIM48,ENSG00000150244,chr11,55252154,55281114,0,,,,,,,,,
OR4A16,ENSG00000181961,chr11,55333200,55354187,42,0.07276013281387712,0.4118673527730132,0.546071205845024,0.025835494030197907,0.5221384491901209,0.0,0.0,0.622537354914374,0.6215309524019796
OR4A15,ENSG00000181958,chr11,55357973,55378918,18,0.476770000294703,0.6036957066530337,0.7121065261670646,0.5590455098174498,0.5676088617265089,0.16407116853448578,0.4529809316425602,0.7615017767319323,0.472592013623858
OR4C15,ENSG00000181939,chr11,55544306,55565419,176,0.35259448065197285,0.5643044639508987,0.5584878826435341,0.27298495553259855,0.4932200115105288,0.22402209503333065,0.234970690907073,0.6067894963470224,0.59584090047328
OR4C16,ENSG00000279514,chr11,55562127,55583060,176,0.30779015713281244,0.5922436992008744,0.5169446667431827,0.26946449613411394,0.48834620159095093,0.2686638214545362,0.2704779870956349,0.6284217635422489,0.6266075979011503
OR4C11,ENSG00000172188,chr11,55592359,55617645,153,0.3528104768025752,0.5517115190837819,0.44870060448336113,0.2589618758831306,0.4206581717736899,0.3209785872939955,0.27807946496656105,0.48133973589095935,0.5242388582183939
OR4P4,ENSG00000181927,chr11,55625112,55650309,210,0.46050287685345925,0.5342721985697194,0.5736249894223894,0.3524689540005763,0.43884756351321613,0.2644178729643374,0.3104898920568143,0.499736059657412,0.45366404056493503
OR4S2,ENSG00000174982,chr11,55638326,55662854,181,0.4015485228797777,0.5775902342182516,0.571719158062055,0.29188651424309364,0.5089629011788307,0.26360656634800606,0.24784736913200323,0.5981728607608792,0.613932057976882
OR4C6,ENSG00000181903,chr11,55652200,55676096,175,0.435248263748789,0.5291888979736711,0.5789339691933435,0.33417250647599245,0.5049331542997256,0.22985087855995529,0.2284802498466072,0.5234474441196806,0.5248180728330287
OR5D3P,ENSG00000186886,chr11,55713775,55739621,120,0.19367209246931444,0.10204367663056714,0.2187734391103622,0.13287226059474053,0.1378305269088779,0.03800427756911222,0.05094970225383469,0.06962957196691255,0.056684147282190095
OR5D13,ENSG00000279761,chr11,55763437,55784382,0,,,,,,,,,
OR5D14,ENSG00000186113,chr11,55785555,55806500,136,0.43805541691497624,0.52464010960059,0.5928300457347424,0.49267125295495556,0.5361661064652371,0.2107552678691038,0.32702519408510056,0.5329278299621039,0.4166579037461071
OR5L1,ENSG00000279395,chr11,55801366,55822476,119,0.4121503971452308,0.4784256789676979,0.4090787526574864,0.36116990797250703,0.4445180074821104,0.3280575591533682,0.25555058511296946,0.32284594157794616,0.39535291561834474
OR5D18,ENSG00000186119,chr11,55809629,55830571,65,0.3241628854955586,0.37201763508404595,0.4367101382643508,0.26179260225213413,0.35559439377377383,0.14154272493671438,0.16467336677765052,0.32370046931553453,0.30056982747459837
OR5L2,ENSG00000205030,chr11,55817218,55838154,18,0.4255946611492438,0.6959768125497953,0.604469827704932,0.5388408896052425,0.7046116682192632,0.40877153345831635,0.3725995251324177,0.781879772519099,0.8180517808449976
OR5D16,ENSG00000205029,chr11,55828751,55849738,0,,,,,,,,,
TRIM51,ENSG00000124900,chr11,55873296,55901810,0,,,,,,,,,
OR5W2,ENSG00000187612,chr11,55903649,55924582,127,0.5220502593523164,0.6171222009025525,0.6080245508273155,0.4211492274344084,0.555340286223034,0.3808665147071564,0.34815199665808727,0.5791728884143279,0.611887406463397
OR5I1,ENSG00000167825,chr11,55925455,55946400,214,0.2514089202569742,0.09215338920123049,0.08784843730541898,0.18641309780783186,0.0393423534357364,0.14714656472059529,0.13142259894821298,0.0,0.0
OR10AG1,ENSG00000174970,chr11,55955754,55979945,263,0.23936305053948273,0.19604741100461964,0.17017057937455948,0.21543958552328152,0.08488253637371988,0.15263948456507054,0.18607191683059948,0.0655754958880532,0.032143063622524226
OR5F1,ENSG00000149133,chr11,55983680,56004625,182,0.5079135318652624,0.6308239781997933,0.6160369867832555,0.36087463225135324,0.4822121276896572,0.37418675187070344,0.39297337075518124,0.6222949729618142,0.6035083540773365
OR5AS1,ENSG00000181785,chr11,56017653,56048191,344,0.469581676228147,0.5952048034846568,0.619181171821445,0.3379139898272649,0.48923991154460855,0.2865158937400826,0.32243927045286014,0.6178581336550556,0.581934756942278
OR8I2,ENSG00000172154,chr11,56083307,56104240,199,0.4839693266676269,0.6600914643657079,0.6038623773944082,0.38610524837271365,0.5032621809418057,0.40733709247844013,0.4336587855479306,0.6717416179242519,0.6454199248547614
OR8H2,ENSG00000181767,chr11,56093686,56117658,233,0.6024652768882229,0.725779649724671,0.7233064371414244,0.4729838619766308,0.6156335332773973,0.4657258181161382,0.48909428255653487,0.8280974795868035,0.8047290151464066
OR8H3,ENSG00000181761,chr11,56112372,56133311,214,0.6284016969504538,0.8427241435931752,0.802845285510669,0.48295200598200216,0.7466703523062663,0.60796465059085,0.5681549311156012,1.2417893176673944,1.2815990371426431
OR8J3,ENSG00000167822,chr11,56124720,56150201,103,0.6597724079782759,0.8345724928579991,0.7864907867988677,0.5974174379774054,0.6642937010593863,0.6666437031859755,0.8087793359926968,1.13257850025045,0.9904428674437289
OR8K5,ENSG00000181752,chr11,56149393,56170317,0,,,,,,,,,
OR5J2,ENSG00000174957,chr11,56166617,56187556,0,,,,,,,,,
OR5T2,ENSG00000181718,chr11,56221281,56244255,0,,,,,,,,,
OR5T3,ENSG00000172489,chr11,56242253,56263222,0,,,,,,,,,
OR5T1,ENSG00000181698,chr11,56264153,56286819,0,,,,,,,,,
OR8H1,ENSG00000181693,chr11,56278461,56302254,0,,,,,,,,,
OR8K3,ENSG00000280314,chr11,56305143,56330639,0,,,,,,,,,
OR8K1,ENSG00000150261,chr11,56336038,56356998,0,,,,,,,,,
OR8J1,ENSG00000172487,chr11,56344290,56371511,79,0.5574724702242633,0.7200763391664726,0.4706981159162896,0.5221581135866848,0.48235764562128497,0.7261473073023983,0.6766215124469233,0.5470910455637572,0.5966168404192324
OR8U1,ENSG00000172199,chr11,56365623,56386553,153,0.3934550693753154,0.6604504645306938,0.6327947416975123,0.39314893750544755,0.5523156301937341,0.28913880333940256,0.38797024677389547,0.790996632161307,0.6921651887268141
OR8U3,ENSG00000279961,chr11,56407257,56428232,172,0.42009626393184407,0.5659134576366859,0.5350356162742754,0.38033914591582635,0.49519758345231224,0.3068050247199242,0.31475306895733113,0.5277063336735318,0.5197582894361249
CTD-3051L14.15,ENSG00000284732,chr11,56449220,56483352,211,0.18222636495888506,0.3531807281447568,0.3899116694380968,0.1985166626736194,0.3364148715778219,0.0713532691925895,0.12344066058365818,0.3643350868359158,0.3122476954448471
OR5M9,ENSG00000150269,chr11,56452468,56473401,125,0.20675861483958685,0.4273570974225886,0.47749001793962387,0.2126742545329293,0.45680096525350117,0.07000474053438444,0.09316334593093589,0.48748822267819436,0.464329617281643
OR5M3,ENSG00000174937,chr11,56459273,56483352,149,0.1992915009036139,0.40598256877888406,0.31924374087185736,0.21923517507302168,0.307868321717721,0.17927699046292703,0.200174427284365,0.34156962409704134,0.32067218727560337
OR5M8,ENSG00000181371,chr11,56480434,56501370,147,0.30980480979856756,0.33911570424865234,0.2170389489205688,0.25442941711222494,0.302484830693312,0.2701425041623002,0.17377547597946846,0.14403399453927898,0.24040102272211067
OR5M11,ENSG00000255223,chr11,56532339,56553257,135,0.5013586904303314,0.7443983925050233,0.6944304894981492,0.43520951578072387,0.6245440172722744,0.43721276581471713,0.47791083532444856,0.9269225015798386,0.8862244320701073
OR5M10,ENSG00000254834,chr11,56566773,56587721,112,0.3190431323379727,0.7302526066860152,0.7035583238662331,0.2806247877639322,0.6704818321256678,0.23931043106496985,0.26475887692770284,1.0709589071658,1.0455104613030668
OR5M1,ENSG00000255012,chr11,56599235,56624874,195,0.4459663271308974,0.7863865995245036,0.6636319018124157,0.3476148846081896,0.5868862472037075,0.5222840309655327,0.5433376838809973,1.021303406589901,1.0002497536744364
OR5AP2,ENSG00000172464,chr11,56631488,56652439,96,0.19186600540237428,0.4848317337968211,0.43232787113384125,0.14282195398292485,0.3866556270737456,0.15503891783251494,0.1642713051510039,0.5082227833590598,0.4989903960405708
OR5AR1,ENSG00000172459,chr11,56653685,56674618,121,0.35859463613535014,0.3600138844523947,0.46406795850542787,0.29950664910169705,0.3617997556199155,0.1333272560638064,0.1765880101451367,0.31298154125680794,0.26972078717547765
OR9G1,ENSG00000174914,chr11,56689094,56713884,164,0.46503236290340777,0.593751247742768,0.42399830201190586,0.3725597825276511,0.38151607381978353,0.4873469858195872,0.44320621215333333,0.4134426308901328,0.4575834045563867
OR9G4,ENSG00000172457,chr11,56731222,56758697,174,0.38622027716034407,0.5187711397902558,0.44184356349665843,0.4230488271015141,0.44771535560687287,0.3182077451201294,0.3438591270583205,0.41320457606172056,0.38755319412352934
OR5AK2,ENSG00000181273,chr11,56978913,56999843,133,0.32702100669560363,0.29001958939875155,0.16577935322145307,0.3955301362810713,0.24659573510567495,0.278650858118858,0.2813840202793474,0.06386704191101544,0.06113387975052598
LRRC55,ENSG00000183908,chr11,57171746,57201717,203,0.3168633772947093,0.4932462875668189,0.44721511471242614,0.3240755318791349,0.43168490484497274,0.23400211244061925,0.2531624206790125,0.4457280552704195,0.4265677470320262
APLNR,ENSG00000134817,chr11,57223576,57247235,139,0.47687977142395516,0.6038065842998772,0.594242363979092,0.45221659421237786,0.6242985494845219,0.33589873451056473,0.2743838064921095,0.5899540289718589,0.651468956990314
TNKS1BP1,ENSG00000149115,chr11,57289637,57334952,226,0.2304345574032622,0.43659430494422624,0.3869967397775647,0.28666129729764556,0.439742760784785,0.17314978717039553,0.1660975013737782,0.4006055280503531,0.4076578138469704
SSRP1,ENSG00000149136,chr11,57315985,57345892,154,0.21071639886083304,0.5973414737051101,0.5579875685294853,0.23891449609185642,0.6346403837242796,0.1649393563293416,0.08790140763688481,0.7447270491855691,0.8217649978780258
P2RX3,ENSG00000109991,chr11,57328351,57382396,272,0.5748060905025126,0.7984863767727712,0.7423440135458467,0.5396212545501268,0.7337219481262103,0.5504891388180307,0.5271949255273226,1.051409151994626,1.074703365285334
PRG3,ENSG00000156575,chr11,57366768,57391150,146,0.6973566910715264,0.7820168860439319,0.7862592474951394,0.6928529195739992,0.7794489257731482,0.5877733040223642,0.5960701265629725,0.9355643740878997,0.9272675515472912
PRG2,ENSG00000186652,chr11,57376779,57400650,157,0.6946020057166744,0.794734970576026,0.8519800083706296,0.6432893467728067,0.8460942694646933,0.42959241316433616,0.37143431298781604,1.1538608952015297,1.2120189953780498
RP11-872D17.8,ENSG00000254979,chr11,57377364,57434059,317,0.5751099718456741,0.666521231639715,0.6659422375845686,0.47848991911330213,0.6528540289602238,0.42882980998561926,0.34559641561989063,0.6693462687550209,0.7525796631207496
SLC43A3,ENSG00000134802,chr11,57396953,57437580,197,0.3747747975563078,0.530783303430937,0.5481785901693956,0.3396186154732811,0.45055596792939007,0.2159328298331185,0.2863899851860577,0.5407577478172797,0.47030059246434053
RTN4RL2,ENSG00000186907,chr11,57450527,57487534,86,0.6404032116255807,0.6363827349121467,0.6054182237061069,0.5756563788602624,0.6155644942270865,0.5522482362020523,0.45644295970109827,0.4594051978641074,0.5552104743650614
SLC43A1,ENSG00000149150,chr11,57474533,57525780,158,0.5514466507710462,0.5223309329963065,0.5357643450356929,0.4854825955264184,0.4920332303965158,0.38660089515767687,0.36301188166920806,0.3522362195471701,0.375825233035639
TIMM10,ENSG00000134809,chr11,57518463,57540803,84,0.32111390944437473,0.34750128823844845,0.27945604451119793,0.29789079853929956,0.2572887677798392,0.2432495908560402,0.24158224129559858,0.18369652324299576,0.18536387280343747
SMTNL1,ENSG00000214872,chr11,57532640,57560274,130,0.348931509835131,0.275728844450588,0.2634864292985874,0.29413090610751247,0.22886985256323242,0.2229511249203763,0.20550839716298416,0.09963830755322164,0.11708103531061384
UBE2L6,ENSG00000156587,chr11,57541655,57578284,185,0.42810851888011264,0.2867073668429601,0.30497700524367793,0.3379719185372159,0.28480292218543324,0.2664295967613436,0.2075568407199139,0.07143392082268646,0.13030667686411615
SERPING1,ENSG00000149131,chr11,57587386,57629171,141,0.4270969182415585,0.35150063116675684,0.29062234453397956,0.36884084357091595,0.2099144222505239,0.3233828659615285,0.3288387273656057,0.10971138253637513,0.10425552113229797
YPEL4,ENSG00000166793,chr11,57635086,57659944,103,0.5096175969397694,0.5327692866468375,0.4977414932752171,0.43864676768219024,0.45903114733506595,0.39243077503322976,0.36197172949239736,0.36850133539792274,0.39896038093875513
CLP1,ENSG00000172409,chr11,57638187,57671865,156,0.4255717046703468,0.5198601161142091,0.41891796459002073,0.44882260027447624,0.4404546462377625,0.3725972296927842,0.37437283078425815,0.36108056308129965,0.3593049619898257
ZDHHC5,ENSG00000156599,chr11,57657746,57711182,194,0.37986232893095956,0.47976063647154615,0.41067375816703017,0.3834623190027168,0.4228845769735426,0.30125233835414483,0.29369455183770304,0.35221392048693173,0.35977170700337346
MED19,ENSG00000156603,chr11,57693713,57722323,79,0.49135619209947895,0.5852868284769451,0.4722519107210251,0.4701332667332668,0.41381145497904903,0.4585196166560711,0.4905920547059945,0.4216485340081765,0.38957609595825315
TMX2-CTNND1,ENSG00000288534,chr11,57702581,57828431,352,0.5032011585045135,0.5237990458854989,0.5066802776154057,0.4848963147207504,0.49407573841711744,0.36744381529817066,0.36196705385509775,0.3744715260328308,0.37994828747590376
TMX2,ENSG00000213593,chr11,57702592,57750973,129,0.420504638999495,0.46648846132792293,0.3824278489281837,0.42888186774403886,0.3393326086498527,0.3459564140842806,0.38696451423530065,0.2823181661386199,0.24131006598759974
SELENOH,ENSG00000211450,chr11,57731249,57753554,62,0.46235943324809187,0.40082640061088337,0.4623014977655242,0.4574310167129598,0.3550154961022454,0.2561558302360051,0.3425574817966142,0.2560480772782738,0.16964642571766475
RP11-691N7.6,ENSG00000254732,chr11,57731778,57814771,230,0.5241246825326572,0.5535536799444555,0.5245570150341884,0.513966895751957,0.5453973158675833,0.4027635986342621,0.3697915940995904,0.40367251109855234,0.43664451563322393
BTBD18,ENSG00000233436,chr11,57733513,57761781,75,0.44212295372668076,0.5302499574902229,0.557263908766669,0.5392576083976344,0.5328281713134881,0.2621949104749813,0.38470629917988475,0.49335963971911545,0.370848251014212
CTNND1,ENSG00000198561,chr11,57743242,57829546,251,0.5488536890042811,0.6096721884940678,0.5921772051080889,0.510320483982093,0.5806392143278496,0.41990470144450526,0.3928744177456435,0.5208636491489085,0.5478939328477703
OR9Q1,ENSG00000186509,chr11,58013880,58191616,1044,0.4459256688453969,0.5906430873830513,0.5432364277767031,0.4152339158377192,0.5284897212241139,0.35001745828705644,0.33894842367538025,0.5431503982020888,0.554219432813765
OR6Q1,ENSG00000279051,chr11,58020952,58041906,141,0.33656919772533944,0.49058154998318193,0.46660713564773215,0.3398394589614329,0.4504142672507163,0.22815958780547285,0.24558361488746966,0.44632591017291634,0.4289018830909195
OR9I1,ENSG00000172377,chr11,58106741,58135530,170,0.39982233449164684,0.7272791876987262,0.6257154651403034,0.3880380946240247,0.6157446796320645,0.4135486243155397,0.4169719333077557,0.8857580483239544,0.8823347393317384
OR9Q2,ENSG00000186513,chr11,58179069,58204053,142,0.4228662070648526,0.5800670880445039,0.43705543903240257,0.3305147057234896,0.5084914227771372,0.42138367498872736,0.2793152523976981,0.4462766389140353,0.5883450615050645
OR1S2,ENSG00000197887,chr11,58193201,58214142,64,0.3786458432032149,0.6711564452377917,0.42028210642485253,0.4104383039176789,0.5487760714326132,0.5214067667019955,0.4223787589377499,0.5907663920491377,0.6897943998133833
OR1S1,ENSG00000280204,chr11,58202719,58226084,96,0.406076965621521,0.5496959869897269,0.3809441084809212,0.298108799234122,0.4912492803684514,0.4196390812474738,0.23800604188474478,0.3781932586074804,0.5598262979702094
OR10Q1,ENSG00000180475,chr11,58217881,58238918,164,0.2610341702390758,0.4307887291359902,0.325575821307753,0.3113808048925706,0.3250197580061667,0.23605559426401115,0.2717493024891182,0.32744801746162966,0.29175430923652257
OR10W1,ENSG00000172772,chr11,58256791,58278260,133,0.39109626317458346,0.4839070494281037,0.39308497648648766,0.3285425870015952,0.388630202945286,0.3290984961989939,0.28385990414695744,0.3323698967570188,0.37760848880905523
OR5B17,ENSG00000197786,chr11,58348123,58369069,5,0.4092307248488169,0.43023073146784485,0.0,0.2814357331769403,0.03853469762560674,0.5444267636645337,0.4268635611077043,0.01809702848827549,0.13566023104510497
OR5B3,ENSG00000172769,chr11,58392463,58416874,0,,,,,,,,,
OR5B2,ENSG00000172365,chr11,58411237,58438121,73,0.17414468802991043,0.14883184190531176,0.0918524414015158,0.15293063114585426,0.056143169545231394,0.12806642657232026,0.1346687352827557,0.033079142775563744,0.026476834065128324
OR5B12,ENSG00000172362,chr11,58429076,58452758,131,0.18021965963053396,0.12411123374700514,0.09734349482852475,0.1311334749360436,0.09229754166463028,0.114410918301095,0.08812164682930593,0.01810525697043501,0.04439452844222408
OR5B21,ENSG00000198283,chr11,58496806,58518105,82,0.5407639301159933,0.5969641376167691,0.4945938906496408,0.6045602542265,0.5130963814932579,0.5022638120804821,0.558398750616586,0.4064659203702204,0.35033098183411665
LPXN,ENSG00000110031,chr11,58516870,58588220,305,0.4574943964943392,0.5370264580470233,0.5321157345235804,0.5169656485484119,0.48168853665771827,0.31105396313957356,0.4202869706718197,0.4590314081991419,0.3497984006668957
ZFP91,ENSG00000186660,chr11,58569062,58631550,283,0.2762510576826242,0.1848650698692914,0.13944440413160636,0.21913175858663805,0.1218340565074233,0.1887676379339717,0.16091538392379054,0.015633983068001928,0.04348623707818308
ZFP91-CNTF,ENSG00000255073,chr11,58569171,58634639,296,0.2590007795844798,0.1688792628843441,0.13758588734660882,0.2163520516238981,0.12652891798681354,0.1683580972580045,0.1467476762052914,0.016622106067871067,0.03823252712058417
CNTF,ENSG00000242689,chr11,58612664,58635733,108,0.23886183649280152,0.23082782019844952,0.13797197641364106,0.26395759376446987,0.18031099119568303,0.19345665856998392,0.1850388550778067,0.06898377505628817,0.07740157854846544
GLYAT,ENSG00000149124,chr11,58630425,58741974,639,0.4075140272984237,0.4141598567128588,0.3717131706941302,0.48423984517012875,0.36027446112423994,0.2966889592208535,0.37505285865599514,0.23801936042441274,0.15965546098927108
GLYATL2,ENSG00000156689,chr11,58824064,58914215,435,0.5162554115678564,0.6289640402601537,0.5169500710966995,0.5842351709091299,0.6300509605172446,0.4950096288760223,0.43735088692439744,0.49644666567325474,0.5541054076248796
GLYATL1,ENSG00000166840,chr11,58895397,59053527,357,0.25678913133638487,0.573613777218495,0.46705484465202746,0.1698777376587528,0.4014538022315016,0.25992421325183823,0.2626702172537135,0.5924855039506027,0.5897394999487273
GLYATL1B,ENSG00000255151,chr11,59076306,59104786,51,0.4204973514305495,0.1812494431803133,0.12263984738226974,0.3685056954786896,0.25257024344476814,0.30736157557118765,0.1842636094261269,0.0,0.01571220252166622
FAM111B,ENSG00000189057,chr11,59097184,59137412,218,0.4174051448793994,0.414089758774359,0.2765387788664763,0.45414816741369274,0.3619452927339136,0.37557180258228573,0.3453325654067435,0.15901687052475888,0.18925610770030105
FAM111A,ENSG00000166801,chr11,59132747,59165039,225,0.28910959825990434,0.249441764952242,0.2124199446281391,0.3586155999622596,0.26101468624833113,0.1946923938918267,0.2142935591530881,0.09224564202678631,0.07264447676552488
DTX4,ENSG00000110042,chr11,59161429,59218588,298,0.30360245045998163,0.3366329946736708,0.20782189052323377,0.3655046713498525,0.18255945696017686,0.2696462262608469,0.33188756722382495,0.1407806631607121,0.07853932219773394
MPEG1,ENSG00000197629,chr11,59198509,59222927,100,0.2744189196838369,0.2835837047236011,0.14391984870385224,0.3237261623657727,0.2810989639351404,0.24944252276071127,0.19730974544469582,0.08405134023493191,0.13618411755094736
OR5AN1,ENSG00000176495,chr11,59348894,59381714,257,0.5890635357332111,0.5511969710504684,0.5450025494991746,0.594894613364067,0.4592763209464146,0.45151218852645797,0.5449661586933241,0.34965898727368433,0.2562050171068182
OR5A2,ENSG00000172324,chr11,59406968,59436413,174,0.5432267750422898,0.46633965507625785,0.4342899716496609,0.48213150388777276,0.37832941569189255,0.42094514392572,0.40534235214692815,0.207050556662293,0.22265334844108509
OR5A1,ENSG00000172320,chr11,59426468,59461380,206,0.5252747300986053,0.4829980546003455,0.47392908018467417,0.48372164829810205,0.40102986496353166,0.38120420813012695,0.4041371595685853,0.2785044334886595,0.2555714820502012
OR4D6,ENSG00000166884,chr11,59446960,59467905,68,0.43541393034825865,0.46826917884830493,0.37969986793078253,0.40443597738629533,0.3127339365541378,0.3628642476475273,0.3874152497744756,0.26875364532042006,0.24420264319347174
OR4D10,ENSG00000254466,chr11,59463314,59489361,0,,,,,,,,,
OR4D11,ENSG00000176200,chr11,59493575,59514511,0,,,,,,,,,
OR4D9,ENSG00000172742,chr11,59501367,59530703,0,,,,,,,,,
OSBP,ENSG00000110048,chr11,59564397,59625774,312,0.402721293720873,0.2958620755142495,0.21717177983973468,0.37207114139985425,0.23907340516031914,0.31065523128031847,0.2714455216871849,0.04012579526999044,0.07933550486312399
PATL1,ENSG00000166889,chr11,59626715,59679037,244,0.19552241879406068,0.13006483215674977,0.08277724865173325,0.1864749177144941,0.07236047534555,0.1352469232126358,0.13530152257583578,0.004089666618006263,0.004035067254806235
OR10V1,ENSG00000172289,chr11,59702915,59723845,145,0.4421601976372269,0.32520460876171187,0.46876971437647524,0.43129367487436127,0.4178219254742286,0.17223476983270702,0.20837897636572766,0.22111098831971876,0.18496678178669812
STX3,ENSG00000166900,chr11,59703455,59815882,719,0.3133959363882093,0.2111431411302633,0.2373155067404493,0.29922924135188067,0.20569003450586978,0.1711285168357731,0.18123167614389435,0.06604187871016517,0.055938719402043924
MRPL16,ENSG00000166902,chr11,59796139,59820778,151,0.21260684426574986,0.08390115654210611,0.061485757048359235,0.21106570767784075,0.051974909842930135,0.13160067919631785,0.13566447152742828,0.0,0.0
CBLIF,ENSG00000134812,chr11,59819272,59855499,210,0.30755915378596643,0.18125795570933842,0.19434755270212128,0.2675493088882651,0.27624393247325996,0.175707918938587,0.09402229927424832,0.024278290038199618,0.10596390970253836
TCN1,ENSG00000134827,chr11,59842799,59876489,174,0.1769195553304298,0.11719762234672769,0.12769707470007893,0.15234880536015324,0.14352414221205226,0.09136836236291043,0.06750540875429001,0.03328554893117357,0.05714850253979399
OOSP3,ENSG00000285231,chr11,59868808,59906481,219,0.42500720266831704,0.323573846794542,0.4008986437728587,0.38298605613128345,0.4979146869390771,0.21600263796632363,0.09240521294310089,0.17492935944398963,0.2985267844672124
OOSP1,ENSG00000284873,chr11,59928431,59967480,231,0.27334121111858495,0.5814852210104435,0.4943864923562769,0.3654102631912879,0.521095761491496,0.2541793039797687,0.29478251348834317,0.6168637715038812,0.5762605619953067
OOSP4A,ENSG00000285010,chr11,59954032,59980146,171,0.42316195183847766,0.551395985560574,0.5809009053124584,0.5076086919296563,0.46194680210428246,0.24108027744929023,0.44514920112854584,0.5605344306695124,0.35646550699025664
OOSP4B,ENSG00000255393,chr11,59968019,60041077,545,0.30498448038042963,0.3623749218359414,0.24973819507188175,0.31472563111649116,0.2723835844633499,0.2632464316527089,0.25497976558423,0.1867583885000935,0.19502505456857228
OOSP2,ENSG00000149507,chr11,60030408,60058044,155,0.30280032160771203,0.3971124389642745,0.3424899365694898,0.22367773193938317,0.3378554633827548,0.22370639137872494,0.17347035154264095,0.2823181742072327,0.3325542140433167
MS4A3,ENSG00000149516,chr11,60046586,60081115,243,0.395987844898616,0.5578479574391269,0.3822957244426093,0.3871680792864546,0.3128154479781292,0.4192584853518079,0.4653068260875453,0.3968429830085506,0.3507946422728132
MS4A2,ENSG00000149534,chr11,60078260,60108467,231,0.3879121507033431,0.4421318723935362,0.3644097944654384,0.3793545694836264,0.3084179321946628,0.310655441460856,0.3459272731881363,0.27297723352477843,0.23770540179749813
MS4A6A,ENSG00000110077,chr11,60162014,60194666,224,0.607135198012207,0.6513298764250247,0.575723622795832,0.6255381344907656,0.5701892714611708,0.5652742734745702,0.5957419919970192,0.48835473494897735,0.45788701642652835
MS4A4A,ENSG00000110079,chr11,60175656,60328080,591,0.5363661460329733,0.7201234112002399,0.6297108439722562,0.49573745817587256,0.6156128929751733,0.5242977987873729,0.5009798072582022,0.7491087284728066,0.7724267200019774
MS4A4E,ENSG00000214787,chr11,60190269,60253137,251,0.5674804860053474,0.675990864962491,0.6160845732849874,0.5747851824032488,0.5977228094721605,0.503889205005605,0.535765227155899,0.6230943640214489,0.5912183418711545
MS4A6E,ENSG00000166926,chr11,60317254,60406596,660,0.34757161698055455,0.6004684433002715,0.5957092061796636,0.36909317763825716,0.5044603592308964,0.2194477783912513,0.33797584675722353,0.6980147480167102,0.5794866796507381
MS4A7,ENSG00000166927,chr11,60368484,60405951,249,0.4902564950821346,0.4927389725286214,0.4545604214078378,0.5746468191339283,0.36697526275102277,0.37320696445550994,0.5381596119661889,0.3055225963401446,0.1405699488294656
MS4A14,ENSG00000166928,chr11,60368529,60427756,416,0.4751207636033206,0.48606220409914835,0.40583983942642077,0.5821172564080369,0.34449723593865755,0.39481687194608484,0.5579273424829191,0.27083616855250414,0.10772569801566995
MS4A5,ENSG00000166930,chr11,60419571,60465214,242,0.3667341562622626,0.5035664353300731,0.4292785695190517,0.4412925159848872,0.4199047331485748,0.29815826576472887,0.36893595161057935,0.40214734599650315,0.3313696601506528
MS4A1,ENSG00000156738,chr11,60445845,60480752,162,0.34509710182013736,0.4045928843535359,0.3373621969211838,0.48247994930558813,0.36802134478235393,0.2651257213611248,0.3591586149655318,0.25338415807537135,0.15935126447096426
MS4A12,ENSG00000071203,chr11,60482777,60517430,276,0.42603500950510875,0.482029706452263,0.3176367718061216,0.43496284442177147,0.3144056064907407,0.41541554658313073,0.42561604270794706,0.24242184014744544,0.23222134402262912
MS4A13,ENSG00000204979,chr11,60505391,60552721,269,0.5286306014434602,0.5952631162479322,0.5501144594795512,0.5088207847903523,0.6135274996254276,0.42893460822721236,0.3323848731161642,0.4755834845232037,0.5721332196342518
MS4A8,ENSG00000166959,chr11,60689584,60725807,261,0.4864268877266862,0.5223905908804315,0.6599614898245416,0.5029561886084254,0.6382397324523839,0.1633142465833568,0.21063279522895173,0.5756477696778293,0.5283292210322345
MS4A18,ENSG00000214782,chr11,60719303,60754212,219,0.3275488299430471,0.3222244852553222,0.31817521115401237,0.2652525480894724,0.347862628530605,0.20139118139565015,0.13483376995531463,0.1875479636681729,0.2541053751085084
MS4A15,ENSG00000166961,chr11,60746866,60786733,227,0.48794425757730586,0.5939973769586527,0.5839133155927189,0.5080380381719208,0.5266622934034858,0.3469278911043159,0.4314016798676561,0.5544677676039851,0.469993978840645
MS4A10,ENSG00000172689,chr11,60775332,60811305,300,0.5976083388261693,0.6599744254529588,0.5779527690221695,0.5690600386120553,0.5641506347643531,0.5632128893123223,0.545031178171105,0.5155215556324305,0.5337032667736479
CCDC86,ENSG00000110104,chr11,60832112,60861081,216,0.4496874318205332,0.5012034604364423,0.4099805293560133,0.4390421043924228,0.38292216449629507,0.3826130587936065,0.3954531599523549,0.3129439439296534,0.300103842770905
PTGDR2,ENSG00000183134,chr11,60840932,60865950,164,0.4638667835876096,0.525110522209603,0.47846722311308476,0.41085919727074893,0.45835967618873275,0.3585313178616545,0.33030507167706963,0.3861418624956514,0.41436810868023627
ZP1,ENSG00000149506,chr11,60857561,60885693,143,0.4477106290141621,0.4432837746489755,0.4785230407574677,0.45676174819895904,0.465465493138806,0.26414629933387335,0.28477396650727405,0.32155333929160157,0.30092567211820076
PRPF19,ENSG00000110107,chr11,60880546,60916585,157,0.3044348405314874,0.22209990770650673,0.23615680946099984,0.2868349624126439,0.27363990158081797,0.17239750251723682,0.1347451057083049,0.07875967660776015,0.11641207341669205
TMEM109,ENSG00000110108,chr11,60904157,60933443,136,0.3741949368845207,0.33254950989710524,0.3636895132612568,0.3425495143366775,0.26373158287630666,0.21046888633510175,0.25875767938539973,0.19382117725401388,0.14553238420371592
TMEM132A,ENSG00000006118,chr11,60914459,60947159,198,0.3065804170463261,0.29351891043476375,0.31469314126746983,0.2832900253874166,0.26127404663616133,0.1678451378516024,0.18885730050521546,0.17961370572619323,0.15860154307258015
SLC15A3,ENSG00000110446,chr11,60927059,60962653,227,0.358707614236821,0.3390436918246431,0.33053450945542306,0.36262773517622476,0.32883361825508073,0.2285308333141507,0.23286535997627916,0.18553670758439753,0.18120218092226908
CD6,ENSG00000013725,chr11,60961679,61030377,478,0.5769447419539232,0.6433239913064659,0.6273854876983115,0.5299437914016671,0.5885798635523587,0.4519845249488208,0.448845044898753,0.5789429229898003,0.5820824030398682
CD5,ENSG00000110448,chr11,61092488,61137852,238,0.4926562885395588,0.7275396804928721,0.6940390193557514,0.33491844649517083,0.6270469354389264,0.39726558289150415,0.36090260071697156,0.9029967090780482,0.9393596912525809
VPS37C,ENSG00000167987,chr11,61120256,61171615,297,0.6717696427744282,0.8564924333532006,0.8153299162290715,0.4917605225795586,0.6633381732673451,0.6831113737569413,0.7647468561026245,1.2582561421696687,1.1766206598239854
PGA3,ENSG00000229859,chr11,61193306,61223098,11,0.22369506412500395,,,0.31343234443627044,,,,,
PGA4,ENSG00000229183,chr11,61212346,61241694,1,,,,,,,,,
PGA5,ENSG00000256713,chr11,61231174,61261444,56,0.19226883558849245,0.21458708507450922,0.1861458171226694,0.20788682263096836,0.21470099667774087,0.12454881040672436,0.11645297605317155,0.11699688281130097,0.12509271716485376
VWCE,ENSG00000167992,chr11,61248285,61305316,193,0.34762614073166326,0.22816066977811422,0.27700180590804846,0.42141936537725716,0.3342618977910951,0.18088389753504236,0.19964865137714696,0.07809497455683914,0.05933022071473454
DDB1,ENSG00000167986,chr11,61289450,61352596,236,0.5292362872889511,0.5303157104113055,0.5440268758862057,0.7153854422072145,0.5423354641024163,0.36188605354251613,0.6153475797586969,0.3938084807227252,0.14034695450654455
TKFC,ENSG00000149476,chr11,61323219,61363295,136,0.650786463963112,0.6455807079602737,0.6666339581217914,0.7920119507042922,0.7154260958841675,0.495416075441504,0.6753934957333946,0.5418585505132715,0.3618811302213809
CYB561A3,ENSG00000162144,chr11,61338753,61372283,141,0.6364165172029944,0.6367178631134692,0.6812180946530605,0.8443066443929516,0.700680300100931,0.44053688112808975,0.8330996695045051,0.5720386288791335,0.17947584050271814
TMEM138,ENSG00000149483,chr11,61352343,61379509,110,0.7657258788765119,0.6873626377088277,0.6353526324064336,0.8840836458826533,0.732147389905667,0.8025751149660842,1.0001396840696275,0.3601362320857482,0.16257166298220493
TMEM216,ENSG00000187049,chr11,61382359,61408863,80,0.6004560800830322,0.5384338233678334,0.6136437703651895,0.7197284038207756,0.634250311579936,0.36978298143422117,0.5196599546412528,0.4033468592324575,0.25346988602542586
CPSF7,ENSG00000149532,chr11,61392640,61440031,171,0.6206901275398484,0.6255065057757548,0.6339589264490451,0.6731663815458698,0.6106838851821145,0.47328646076718817,0.5785606334175663,0.5088943873064448,0.4036202146560667
RP11-286N22.8,ENSG00000256591,chr11,61419219,61495822,342,0.5441641612223302,0.5296606122960441,0.6126657120935154,0.6318226754447402,0.6202714497733973,0.29572805728403373,0.3925963585010156,0.4585726860860665,0.3617043848690845
SDHAF2,ENSG00000167985,chr11,61420041,61456733,157,0.6077839126934663,0.5860835331915472,0.5975809331210755,0.7017215932422127,0.6107083861490163,0.4538860830158085,0.5741962540267098,0.4282050134935951,0.3078948424826937
PPP1R32,ENSG00000162148,chr11,61471119,61500931,173,0.47860582010125596,0.43199479472239954,0.5136885079896447,0.5589810135397664,0.49963352155865526,0.24798385287470814,0.3459387775935623,0.31764084320714125,0.21968591848828706
LRRC10B,ENSG00000204950,chr11,61498748,61521018,127,0.3325468911360569,0.3558832464900602,0.37527280914896183,0.4450991356935923,0.4579101692081663,0.18686059796609591,0.20825876364704232,0.25301467707341485,0.23161651139246847
SYT7,ENSG00000011347,chr11,61503713,61591148,445,0.34432788231804506,0.39852214639647876,0.41290393923178026,0.4335104457382888,0.5034131644682885,0.1989465864390616,0.1883326425820253,0.30941897642042593,0.3200329202774621
DAGLA,ENSG00000134780,chr11,61670390,61757001,362,0.32644682759686316,0.42284656920664004,0.4103216016519793,0.3620709868995199,0.3442033687857599,0.20832874760030962,0.288635425816984,0.3413183889682024,0.26101171075152807
MYRF,ENSG00000124920,chr11,61742635,61798518,233,0.32804957831104026,0.4145510913863434,0.33233402441815496,0.32827255076506834,0.3472424002795299,0.2644899061212421,0.25336476712380623,0.27088645475159245,0.28201159374902834
TMEM258,ENSG00000134825,chr11,61758500,61802802,165,0.3408301284893586,0.42162791997942456,0.41013304506100107,0.33974183023093546,0.35375975199928256,0.21822680940111988,0.2630391455413109,0.32931107095864365,0.28449873481845267
FEN1,ENSG00000168496,chr11,61782910,61807238,71,0.19071160381526236,0.29215412094297843,0.22604736607642256,0.29652769441886606,0.2526942379035024,0.15044211542942246,0.20298740311781371,0.19508677850351175,0.14254149081512044
FADS2,ENSG00000134824,chr11,61782979,61877354,443,0.34000019229257644,0.48736764071970534,0.41653778846964157,0.34758896310236265,0.37650298285657396,0.27246824176712714,0.3114327661887122,0.3957280975360078,0.35676357311442286
FADS1,ENSG00000149485,chr11,61789626,61839318,161,0.25189853227237724,0.3096576954844177,0.23675276096570072,0.2828638316887614,0.220095941367335,0.19530555215736942,0.22723644236903584,0.17526215874631698,0.1433312685346505
FADS3,ENSG00000221968,chr11,61863518,61902051,237,0.6121766081768899,0.6639648116776663,0.6560239602450167,0.5951998695980024,0.5294408383729542,0.485280670069726,0.6205338251973902,0.6052587272829093,0.4700055721552451
RAB3IL1,ENSG00000167994,chr11,61887300,61930269,259,0.46328139356726844,0.5136124282699204,0.43766613363659845,0.5090584355007579,0.4096048561865203,0.38368564758279017,0.45260822036530846,0.33706385261561295,0.2681412798330947
BEST1,ENSG00000167995,chr11,61940062,61975515,153,0.5436975952436763,0.48305384106116034,0.4536552975133322,0.5774860588923593,0.4610581940381049,0.4199554464767422,0.4516008533308244,0.23986110473757416,0.20821569788349192
FTH1,ENSG00000167996,chr11,61949717,61977634,121,0.5534529020730484,0.3643812289911196,0.4182430019618088,0.5188231539501257,0.4372166581452868,0.3588321330908665,0.30490808614241277,0.0943241789258365,0.14824822587429015
INCENP,ENSG00000149503,chr11,62113997,62163169,421,0.22926719702320675,0.3810199486110718,0.30576653009281174,0.4175682052860684,0.303957463855941,0.1875743977123905,0.328940459813702,0.2921078362628924,0.15074177416158085
SCGB1D1,ENSG00000168515,chr11,62180215,62203539,73,0.28988020409410353,0.6579618685441184,0.5836192545933575,0.3049747942699591,0.7147198574182555,0.2694997326363199,0.09117829720776882,0.8033333200133377,0.9816547554418888
SCGB2A1,ENSG00000124939,chr11,62198672,62223943,0,,,,,,,,,
SCGB1D2,ENSG00000124935,chr11,62232238,62254812,0,,,,,,,,,
SCGB2A2,ENSG00000110484,chr11,62260157,62283160,0,,,,,,,,,
SCGB1D4,ENSG00000197745,chr11,62286280,62309075,0,,,,,,,,,
ASRGL1,ENSG00000162174,chr11,62327447,62403412,312,0.5446417363593811,0.5133713761902947,0.5069062574780356,0.46962290427328685,0.47791901684975535,0.399934413795494,0.35224424366067375,0.32031961246185425,0.3680097825966746
SCGB1A1,ENSG00000149021,chr11,62395102,62433195,264,0.3174606391727575,0.31123832335329343,0.3652101595198611,0.3450188856017638,0.3285769142650623,0.15016687628566908,0.1988265157286717,0.222693088984003,0.17403344954100042
AHNAK,ENSG00000124942,chr11,62423541,62566235,646,0.48255728861798053,0.4575123001230012,0.4871082133891479,0.45142622696789286,0.47440607993168143,0.3013779655672667,0.2843984980449699,0.31021190129508336,0.32719136881738003
EEF1G,ENSG00000254772,chr11,62549595,62584086,12,0.08481756046844512,0.0,0.0,0.1517631320366051,0.015051173991571342,0.04431592305773727,0.07471488215759212,0.0,0.0
RP11-864I4.1,ENSG00000255508,chr11,62549602,62601531,65,0.4382688489428809,0.510319144995184,0.4587004168691011,0.4155639999890475,0.579550661013137,0.3384754717687661,0.19233906543670654,0.37552594462401684,0.5216623509560765
TUT1,ENSG00000149016,chr11,62565044,62601637,66,0.429578554402435,0.5034522601581424,0.4528209490129483,0.40979534900794745,0.5760566354678376,0.3292381315311978,0.18460308830798838,0.3708375158351053,0.5154725590583149
MTA2,ENSG00000149480,chr11,62583213,62611865,100,0.38080978247744707,0.5332319351051338,0.49118878217253886,0.3893914023781067,0.45683443729614576,0.2827936647776629,0.32244040503411514,0.4791291289539605,0.43948238869750816
EML3,ENSG00000149499,chr11,62592217,62622775,106,0.4555602538193621,0.48820886207613895,0.5049156228645382,0.40047500680013587,0.3994844870551086,0.2874048002766553,0.3357447409029959,0.3824338706360368,0.3340939300096961
ROM1,ENSG00000149489,chr11,62601721,62625116,83,0.5158403028681756,0.5046534593276549,0.5615141956698211,0.532690934708516,0.43398578498865026,0.3017051560916542,0.4470630115619717,0.400792523098645,0.2554346676283275
B3GAT3,ENSG00000149541,chr11,62605295,62632154,87,0.6463241487441784,0.6135420443259086,0.5633938150315854,0.6127353609797184,0.501886713394152,0.5806914950425992,0.6012257261484472,0.37004070404378675,0.34950647293793874
GANAB,ENSG00000089597,chr11,62614825,62656726,124,0.6551254456307215,0.5530301456446672,0.6259743878393446,0.6146386146824606,0.5875619255584943,0.4432038314806264,0.43658432066071035,0.36206029508307125,0.3686798059029874
INTS5,ENSG00000185085,chr11,62636847,62663302,81,0.6320722727387933,0.5436710507298742,0.5585585623547984,0.5748724985473348,0.5327543052823129,0.48335009558517994,0.43950372720716313,0.3011912539736965,0.34503762235171337
RP11-831H9.11,ENSG00000255432,chr11,62639693,62675178,120,0.5895509493313364,0.5000983637661838,0.5339123059697403,0.526003764410047,0.5060598973661182,0.4102329612966383,0.36727940384155777,0.28311096614907383,0.3260645236041543
C11orf98,ENSG00000278615,chr11,62652816,62675210,87,0.6295147310981241,0.5349763942448887,0.5568413583158207,0.5734202626310556,0.4947187667277959,0.47239061965044277,0.4674914872533058,0.29327648996808486,0.2981756223652219
LBHD1,ENSG00000162194,chr11,62652816,62682255,114,0.6045007285201198,0.5287065592321433,0.5382430745006512,0.5682653261021072,0.48710130400031776,0.4535820173129575,0.46227074784359634,0.29869234515470156,0.29000361462406277
CSKMT,ENSG00000214756,chr11,62655308,62678496,92,0.5968526172213084,0.4344070788543348,0.53404412672786,0.5424842502326682,0.35228905239976366,0.3573347040225985,0.4587569493024277,0.2125459761102616,0.11112373083043231
UQCC3,ENSG00000204922,chr11,62660272,62683686,94,0.5487327146389729,0.4939398480220334,0.4235834125164623,0.5273395186137959,0.4088141451143283,0.46293528317590155,0.45242642508033654,0.21816445615731994,0.228673314252885
UBXN1,ENSG00000162191,chr11,62666497,62689117,89,0.6085174312425811,0.46050089137337463,0.44586132385094807,0.5496250808710873,0.42816078821121106,0.48229406484760035,0.4279458052975783,0.13482008165898124,0.18916834120900333
LRRN4CL,ENSG00000177363,chr11,62676405,62699530,96,0.6841327956149145,0.5248987776242868,0.5880522001515693,0.6582687284117218,0.3878138636526218,0.5049010769316054,0.6636195529674496,0.23932632098007112,0.08060784494422679
BSCL2,ENSG00000168000,chr11,62679288,62719845,169,0.6576807357049844,0.5145518612906858,0.5218347565384833,0.6114978105422307,0.4274897819298824,0.5284476823828261,0.5552072976466987,0.19423513494579792,0.16747551968192537
HNRNPUL2-BSCL2,ENSG00000234857,chr11,62680274,62737384,244,0.6225677852718361,0.49888563622170184,0.4669849396701152,0.5685530685125477,0.47071975415909245,0.5180398117730125,0.44764723648676175,0.17288112115955634,0.24327369644580715
GNG3,ENSG00000162188,chr11,62697675,62719201,87,0.4953175440482306,0.3351545993086742,0.45962748362651357,0.4267927977086766,0.4955011439146548,0.23826503048793352,0.14025952847638906,0.16993571502947147,0.26794121704101587
HNRNPUL2,ENSG00000214753,chr11,62702629,62737457,138,0.5837703344736482,0.4512970392361389,0.5678646570400893,0.5291471637061254,0.4731657451459431,0.3188498417620667,0.35626921770717884,0.2813481972085885,0.24392882126347648
TTC9C,ENSG00000162222,chr11,62718068,62750293,129,0.47498528202713913,0.2568427909669948,0.39290359260976393,0.3524706611936126,0.2899161219212409,0.22105448890996368,0.19453333377134316,0.07579318088110543,0.10231433601972592
ZBTB3,ENSG00000185670,chr11,62738318,62764184,96,0.12304567206107409,0.18807216977536778,0.14715281476788966,0.1289603742905453,0.19646137834291144,0.09023464502533618,0.0638408011440648,0.11810917677880244,0.14450302066007387
POLR2G,ENSG00000168002,chr11,62751564,62776710,93,0.3741610862083789,0.27502733270499535,0.4215480766597833,0.3355270715841414,0.4255633837261478,0.12144187540263396,0.08800847513755156,0.20017944971825408,0.23361284998333648
TAF6L,ENSG00000162227,chr11,62761356,62797342,138,0.3628952745546249,0.3428357516864163,0.4407590148431397,0.4175320709446102,0.3131645132598819,0.14473386440693387,0.29232098258708933,0.2750874299015873,0.1275003117214319
TMEM223,ENSG00000168569,chr11,62761628,62802006,149,0.39664220195085564,0.36359272480027194,0.4692299928542303,0.44211757941007596,0.32498573130801356,0.1618674813095703,0.3212510779217381,0.2900490694708079,0.13066547285864005
TMEM179B,ENSG00000185475,chr11,62777401,62800400,84,0.40503534195238067,0.40627419316079116,0.3281471600310476,0.3970069067461835,0.37801222658146705,0.3214374968488139,0.2761761819071432,0.1999001739906977,0.2451614889323684
NXF1,ENSG00000162231,chr11,62782122,62816302,133,0.4261308109891963,0.4086191983592671,0.4270142112404485,0.4492514302071065,0.4477754725753548,0.26187728647741465,0.2639857309828779,0.26341784817543556,0.26130940366997224
STX5,ENSG00000162236,chr11,62796859,62842051,136,0.34496406668600305,0.35564462589459056,0.3581298543455678,0.33436616450100576,0.22924483905065934,0.2096004028375348,0.2930679609428579,0.22990447909360615,0.14643692098828304
TEX54,ENSG00000283268,chr11,62822318,62842803,42,0.08182608600431442,0.2520646750187386,0.18242218244999714,0.13649652900879478,0.17298027169802227,0.08719901755253553,0.12363470071020677,0.20323975112214007,0.16680406796446884
WDR74,ENSG00000133316,chr11,62822341,62851809,42,0.08182608600431442,0.2520646750187386,0.18242218244999714,0.13649652900879478,0.17298027169802227,0.08719901755253553,0.12363470071020677,0.20323975112214007,0.16680406796446884
SLC3A2,ENSG00000168003,chr11,62846003,62898880,7,0.10028995467787692,0.016571245407697804,0.08212121900529178,0.06822165098240829,0.04124626355576864,0.01835143997959597,0.02262468543745346,0.0,0.0
CHRM1,ENSG00000168539,chr11,62898678,62931807,155,0.3583270487410281,0.28376017026451805,0.26007089576194525,0.2871742348767703,0.25618232226161736,0.23810791736272754,0.18814956825721332,0.09563229301346077,0.14559064211897502
SLC22A6,ENSG00000197901,chr11,62926384,62994967,312,0.27236419562976577,0.2903205515584795,0.2264748604612486,0.2614486486912615,0.22056615548227715,0.20204970408483944,0.19840953678620327,0.14089218787848126,0.14453235517711746
SLC22A8,ENSG00000149452,chr11,62979153,63025841,242,0.4131214189646117,0.4025169121265758,0.3802071964566594,0.40279194680917174,0.3651623727582709,0.2847982914646917,0.2880665054832047,0.23023100892672116,0.2269627949082082
SLC22A24,ENSG00000197658,chr11,63069939,63154221,577,0.5221934625133046,0.3006897761038259,0.40989016149436697,0.4670716344626562,0.3474158721645355,0.28438179672559455,0.2801069350553052,0.07327902746744602,0.07755388913773537
SLC22A25,ENSG00000196600,chr11,63153775,63239652,559,0.5343991137936646,0.7060888746931857,0.6350138976489568,0.49049912836999965,0.6292052466753465,0.4905041647730144,0.45334748639164424,0.7339736874455283,0.7711303658268984
SLC22A10,ENSG00000184999,chr11,63258021,63321783,0,,,,,,,,,
SLC22A9,ENSG00000149742,chr11,63359784,63420294,429,0.3697747548528606,0.3642816893136127,0.22894211779787665,0.2868102186527384,0.25510553923959073,0.3273429394760519,0.24824735421090657,0.12565678200436686,0.20475236726951226
PLAAT5,ENSG00000168004,chr11,63451403,63501194,251,0.3229881706742763,0.4069267564624852,0.3531036661906944,0.28592746659746365,0.3376129661161932,0.23846734192751154,0.22365142895392173,0.28397003213008315,0.298785945103673
LGALS12,ENSG00000133317,chr11,63496051,63526774,187,0.43495945664847985,0.4520887637071902,0.5046202415909096,0.36240104612873864,0.42120817858522785,0.2350345765703185,0.2524376801947464,0.36660740615145126,0.3492043025270235
PLAAT4,ENSG00000133321,chr11,63526807,63556462,123,0.3423939982763861,0.32288875875082773,0.28948757530324076,0.2314318070891002,0.22229374124417853,0.23365008440495214,0.20086965194866913,0.15626962017174775,0.18905005262803076
PLAAT2,ENSG00000133328,chr11,63542769,63573379,132,0.31434483826324244,0.43251330322407555,0.3582647025656509,0.3175848974127804,0.40423998863382654,0.250169529712317,0.21536888233925028,0.3163684419935642,0.3511690893666308
PLAAT3,ENSG00000176485,chr11,63563194,63626883,299,0.5462334618640718,0.6923204926897599,0.6071294436436868,0.5614970308099362,0.6268210773144984,0.517296975163119,0.5086940027659099,0.6613996232856023,0.6700025956828113
ATL3,ENSG00000184743,chr11,63614086,63681921,239,0.47284952168898875,0.574832395493287,0.6076744789046074,0.3609949318801475,0.5176652876496847,0.27993884251287077,0.286998867795239,0.5753329817405073,0.568272956458139
RTN3,ENSG00000133318,chr11,63671445,63769891,339,0.29258511767935785,0.503007027438342,0.5656117928541446,0.28127804329766715,0.507744858008026,0.10575034944577177,0.16035099073601827,0.5934290432546772,0.5388284019644307
C11orf95,ENSG00000188070,chr11,63749891,63778775,110,0.20106975411010783,0.4197678052198283,0.43385130354253143,0.20836935366882298,0.3311580660718592,0.09995501891264957,0.18788987619437872,0.44437190081414724,0.35643704353241806
SPINDOC,ENSG00000168005,chr11,63803455,63837716,212,0.4299068649483631,0.4542458645721767,0.41794920872746033,0.3818334629500772,0.33255999572814116,0.31317233895519975,0.3411391562397781,0.29241436711240354,0.26444754982782515
MARK2,ENSG00000072518,chr11,63828927,63921020,397,0.44224118741392715,0.8116853278592272,0.6631742947465986,0.44006404969585494,0.6753678463154341,0.582639947713319,0.5622556155822785,1.087000979678024,1.1073853118090644
RCOR2,ENSG00000167771,chr11,63901229,63927164,48,0.5879936507479346,0.6903450093848421,0.6269952836057902,0.45883132401027144,0.5683826482795554,0.5364244193942078,0.47305247738935025,0.6358721153785999,0.6992440573834575
NAA40,ENSG00000110583,chr11,63928958,63967319,202,0.4650501147706145,0.7355171719977943,0.735581956631755,0.5047215484322712,0.6643403719506316,0.3126686152905831,0.47047822710595677,1.0173103369876908,0.859500725172317
COX8A,ENSG00000176340,chr11,63964619,63986543,125,0.30727818706976623,0.34323468144479813,0.3301696133175646,0.381191375219907,0.3235593876322353,0.19341227888786863,0.25473856327338107,0.22701624701159812,0.16568996262608568
AP000721.4,ENSG00000256100,chr11,63964619,63998346,184,0.3165222966349921,0.378595993433807,0.34187873050694956,0.35275980104947385,0.30106638721860707,0.2189845072593984,0.27630606082345976,0.2567893271402375,0.1994677735761761
OTUB1,ENSG00000167770,chr11,63975852,64011811,200,0.34947988626655335,0.36390663259097006,0.3392028924560441,0.37023769017767266,0.31726611011222444,0.23404227470663433,0.2665863121370068,0.21836764760780006,0.18582361017742766
MACROD1,ENSG00000133315,chr11,63988557,64176113,985,0.4385094308151634,0.45108662512471365,0.4063267381515739,0.44714787333928807,0.4052704221077597,0.3277743812717917,0.33641544231339404,0.27204025576292173,0.26339919472131945
FLRT1,ENSG00000126500,chr11,64025930,64129173,579,0.45730799799853433,0.4453146410726482,0.36032915923477443,0.48243689222588615,0.40226127025691333,0.37688301802709767,0.3666882667242443,0.21247122882061104,0.2226659801234644
STIP1,ENSG00000168439,chr11,64175271,64214543,172,0.22651325960663174,0.5013390847023135,0.490627877412206,0.2413273204258179,0.4260584059534594,0.13904962511522545,0.20839307455741107,0.5567793175610541,0.4874358681188685
FERMT3,ENSG00000149781,chr11,64196677,64233891,170,0.39772595056829085,0.5376023907748896,0.5086508992263709,0.4381838506216883,0.5094133870404068,0.28388621667741387,0.31787865816853245,0.48744391532084225,0.4534514738297236
TRPT1,ENSG00000149743,chr11,64213798,64236254,99,0.5091874827508304,0.5341897991746208,0.5146419523883817,0.5174229112565892,0.549160003157198,0.37640083348950837,0.3479744235634008,0.38757618870000093,0.4160025986261086
NUDT22,ENSG00000149761,chr11,64215940,64240686,118,0.5270615379950517,0.5354234736748011,0.47438490532915173,0.5352767116485354,0.5047217724185026,0.4361164457685312,0.4151532576735025,0.33051253863670027,0.3514757267317291
DNAJC4,ENSG00000110011,chr11,64220277,64244286,111,0.5632594450909199,0.5825490668594533,0.5451591322548464,0.5733064312062447,0.5452733955391833,0.4570982803196692,0.4686092589656306,0.41648998669007425,0.40497900804411285
VEGFB,ENSG00000173511,chr11,64224583,64249264,113,0.5389382486268258,0.5757387647267499,0.5762241553493354,0.5701337247542283,0.5349580043643639,0.3865392773820903,0.46802971736560733,0.4708666151651861,0.38937617518166906
FKBP2,ENSG00000173486,chr11,64231002,64254132,102,0.5488878215343451,0.4915000029357712,0.5199304740277465,0.5148818990128525,0.44531287897162253,0.3692524835708076,0.4051509548348292,0.3070375856961095,0.2711391144320879
RP11-783K16.16,ENSG00000286264,chr11,64231094,64254132,102,0.5155130615319783,0.4915000029357712,0.465301972377666,0.5213999498268644,0.41687436654194043,0.38745087513900944,0.43691372343830553,0.28883919412790776,0.23937634582861167
PPP1R14B,ENSG00000173457,chr11,64234478,64256943,99,0.48708731898974655,0.5123132142846167,0.48216128431449706,0.48180546371263605,0.44556249962114086,0.36382006380564014,0.3928426371353568,0.35426184793648186,0.32523927460676527
PLCB3,ENSG00000149782,chr11,64241529,64279150,162,0.47574855904624214,0.5405205342595576,0.4061253934336407,0.3763604951668404,0.5145136362375734,0.4511789025482254,0.26361987098966205,0.3264821239056162,0.5140411554641794
BAD,ENSG00000002330,chr11,64259829,64294704,161,0.5245500092521411,0.6568921756130732,0.6025337674569521,0.6366842015975838,0.5679113608938171,0.44527940039289116,0.6215344253015673,0.624431124009859,0.4481760991011827
GPR137,ENSG00000173264,chr11,64260061,64299500,176,0.5274874070379346,0.681446873737999,0.628098617000853,0.6515698639083348,0.6331271860945751,0.45226516887119134,0.5977717542623928,0.69170084755799,0.5461942621667887
KCNK4,ENSG00000182450,chr11,64281301,64310031,122,0.571872387595368,0.6547041824118868,0.6023581176060602,0.6859797292226841,0.687098767709563,0.49474214167140995,0.5298919177876396,0.5686116453886192,0.5334618692723896
CATSPERZ,ENSG00000219435,chr11,64290357,64314770,103,0.601498912050729,0.6464041683385379,0.7460920581800283,0.7335743741367644,0.6328549884963715,0.2944311378910577,0.6801312530405114,0.7451695986847935,0.3594694835353399
ESRRA,ENSG00000173153,chr11,64295496,64326743,131,0.5958162299750221,0.6791813055473956,0.5896789976149986,0.6317443429014709,0.7005797303671014,0.575974632693276,0.46497494170460707,0.5609044975161998,0.6719041885048688
TRMT112,ENSG00000173113,chr11,64306459,64327559,90,0.5607286256799149,0.66019713224461,0.6589856487214831,0.6163727235268739,0.6099360913907872,0.4130984028356024,0.5480143885677813,0.6662912274052046,0.5313752416730257
PRDX5,ENSG00000126432,chr11,64308120,64331811,100,0.5386277160879966,0.6630336142020222,0.6126486862708137,0.6725546819887954,0.660602068231496,0.45644944663731096,0.5618121423876911,0.6313226523739623,0.5259599566235823
CCDC88B,ENSG00000168071,chr11,64330203,64367534,41,0.44823334033348305,0.43007573783179726,0.5011361916098163,0.5090011570545477,0.4916310494620273,0.2307298454408525,0.29850874682843387,0.33152195493025743,0.2637430535426761
RPS6KA4,ENSG00000162302,chr11,64349147,64382215,13,0.582031532502403,0.8782488251298541,0.9109990826011785,0.6597485813883391,0.6821327853046223,0.27950827583441296,1.0188623940445973,1.8262675913741235,1.0869134731639394
SLC22A11,ENSG00000168065,chr11,64545689,64582875,131,0.4222025308427715,0.32370547193304305,0.4081515199428956,0.36082549008940396,0.30241672186166685,0.20757692690369384,0.23928549581156003,0.18354967851511478,0.15184110960724853
SLC22A12,ENSG00000197891,chr11,64580640,64612353,156,0.5009478357635344,0.4891370678423846,0.49025530276077073,0.4753964315569645,0.4636360211418083,0.3464266690900272,0.346912042651368,0.3252272901949344,0.3247419166335936
NRXN2,ENSG00000110076,chr11,64596173,64733197,576,0.5778404340946417,0.5885219103473106,0.567263144461582,0.5119894754473715,0.5521996538475016,0.45637298193113285,0.4010050050997527,0.4316265234238926,0.48699450025527286
RASGRP2,ENSG00000068831,chr11,64716910,64755456,156,0.6459143285949446,0.7017013888888888,0.7126733436186924,0.680177016880516,0.7089291073014967,0.5003705470432663,0.5577297167626373,0.7092896964427141,0.6519305267233432
PYGM,ENSG00000068976,chr11,64736388,64769974,133,0.6916919006683525,0.6514466983888471,0.6783658056763144,0.707120592413216,0.7466375495328726,0.5481396832366086,0.45451212132283114,0.5058244314403879,0.5994519933541655
SF1,ENSG00000168066,chr11,64754605,64788786,140,0.5737806939914052,0.6477013754033127,0.6907933693214396,0.6475937357911256,0.675034014885039,0.36116592109003365,0.4811059718132503,0.6821101766209763,0.5621701258977595
MAP4K2,ENSG00000168067,chr11,64774917,64813241,178,0.5852498591128396,0.7101797212440312,0.6843128547064147,0.6003235345696581,0.7499547911697149,0.48278484220295825,0.3847403149879177,0.7557094343373902,0.8537539615524308
MEN1,ENSG00000133895,chr11,64793509,64821294,134,0.575114940337618,0.7058022508831973,0.6687308208037893,0.6373869780957166,0.7485050478971451,0.48730785614784855,0.4287949148089446,0.7361952655568491,0.794708206895753
CDC42BPG,ENSG00000171219,chr11,64813051,64854653,206,0.43229449448759827,0.5672594382835531,0.4767020706174282,0.46014389651159415,0.5336448815459361,0.3780825218234086,0.3456308334138859,0.4595343733542391,0.4919860617637618
EHD1,ENSG00000110047,chr11,64841641,64898296,335,0.6294756134049214,0.7122034399681187,0.6407731268411458,0.6998276994241062,0.7054073428476084,0.6072681607206257,0.6133691855526952,0.6382332765138632,0.6321322516817937
ATG2A,ENSG00000110046,chr11,64884545,64927211,230,0.6455327020969126,0.7685072646736357,0.7328318965696787,0.680278398359453,0.7667132492882973,0.5902343773842919,0.5740122756051005,0.8729724094435823,0.889194511222774
PPP2R5B,ENSG00000068971,chr11,64907552,64944475,166,0.712921121862707,0.7913496447806202,0.7811385304451227,0.7265885403078909,0.8037420460011966,0.6478886626614704,0.6177737081805944,0.9192067068192783,0.9493216613001542
GPHA2,ENSG00000149735,chr11,64924470,64945893,81,0.5510352464430706,0.6239377699237812,0.7522588146622105,0.5655125132630853,0.7269076859136333,0.19172042634786413,0.2568216917807371,0.7862802174170479,0.7211789519841748
MAJIN,ENSG00000168070,chr11,64927516,64982108,230,0.3336315088536977,0.45163343186664096,0.42788374602204254,0.3917775172106206,0.42907216074667326,0.22415535005895015,0.2687666903094834,0.3766559456510167,0.3320446054004833
BATF2,ENSG00000168062,chr11,64977944,65007018,174,0.33052364798337514,0.5405793761106322,0.4170857785297568,0.41507062016712476,0.4397499742886633,0.31966664826374325,0.36734056674985577,0.4581224483727418,0.41044852988662933
ARL2,ENSG00000213465,chr11,65004159,65032184,173,0.38710298094615014,0.5756230718957629,0.4336978183395704,0.46980823555708984,0.45072738420377917,0.3890320680355076,0.4462446813343366,0.46810116924667156,0.41088855594784235
ARL2-SNX15,ENSG00000273003,chr11,65004181,65050570,279,0.41621069753735435,0.5401101288090883,0.444987594803334,0.5328572322235623,0.527383700103193,0.3631092797716462,0.39420857953989896,0.4136589488451476,0.3825596490768949
SNX15,ENSG00000110025,chr11,65017438,65050572,189,0.4040306765119838,0.46385522580322425,0.4124705542379106,0.520929461259895,0.4883299325944964,0.30454411169706164,0.34459161096030627,0.3188069415716244,0.2787594423083799
SAC3D1,ENSG00000168061,chr11,65030900,65054828,142,0.3937562507787213,0.39010936128691115,0.3741937302765658,0.5170495644518416,0.5090943858447977,0.26311716848406475,0.2554067328319577,0.2313584502016537,0.23906888585376068
NAALADL1,ENSG00000168060,chr11,65034817,65068553,183,0.4880647333286685,0.5020064475987311,0.4731230274538201,0.5866722933721643,0.5259864305620694,0.36296851843599304,0.4170816704885288,0.3341996305907079,0.2800864785381722
CDCA5,ENSG00000146670,chr11,65056299,65094164,169,0.49872671532565666,0.6112381136576088,0.507481180737166,0.6046886141916864,0.5895549770991708,0.463584740490766,0.49117823003793437,0.48120349966499426,0.4536100101178259
ZFPL1,ENSG00000162300,chr11,65074209,65098398,89,0.46778986651338883,0.520852464684473,0.46011472305382,0.5624297729336603,0.4365803483094897,0.3750324949252391,0.49426712275649876,0.3607142271486086,0.24147959931734886
TMEM262,ENSG00000187066,chr11,65074978,65099375,86,0.4144503882826424,0.47982429281086286,0.40906266433256927,0.49569773392235544,0.5358172454546796,0.3313738467126628,0.28534557284626033,0.3222147793281744,0.368243053194577
VPS51,ENSG00000149823,chr11,65079323,65121862,157,0.4706540237930649,0.6255972203896734,0.5755268038910767,0.5723265624909823,0.5323923051754831,0.38081486717577234,0.5358464439079976,0.6016082430576057,0.4465766663253804
TM7SF2,ENSG00000149809,chr11,65101844,65126384,104,0.5603817131877578,0.5134914715412362,0.6334541901126456,0.6134945640550716,0.6169583113586924,0.269358766622387,0.3557493728456798,0.4511420806535017,0.36475147443020894
ZNHIT2,ENSG00000174276,chr11,65106402,65127701,98,0.4999907056686689,0.6222940414916797,0.5458256061945059,0.5786920978543311,0.5591063947707307,0.4387469191571548,0.5095394682942912,0.5348923544610301,0.4640998053238938
FAU,ENSG00000149806,chr11,65110629,65132177,105,0.44840648627047885,0.5471057624545996,0.48239550865885095,0.4795640097815669,0.5548579039316416,0.36424834275667084,0.3179116485782213,0.4278483092032829,0.47418500338173236
SYVN1,ENSG00000162298,chr11,65111779,65144532,158,0.39069253921882857,0.4931025246018804,0.3972403827354547,0.43290522870999604,0.4918490418847966,0.33432099227396,0.284849322087715,0.34512552171550626,0.3945971919017512
MRPL49,ENSG00000149792,chr11,65112182,65137371,127,0.3999557990254174,0.40791165562147685,0.4298333502435066,0.49334027191158636,0.5017884290203573,0.23651239508012845,0.2536423112381808,0.28758702978261974,0.27045711362456737
SPDYC,ENSG00000204710,chr11,65160153,65183244,102,0.279148468311323,0.4778770023132993,0.39224592749467757,0.38180947492329376,0.2994482326578802,0.23959460456957837,0.38746182587991584,0.4102574865334787,0.26239026522314124
CAPN1,ENSG00000014216,chr11,65170565,65222006,229,0.34694644317439427,0.5367028388070283,0.46105291648417,0.397827626496616,0.4800019837807745,0.2886724311217155,0.3113339357499247,0.48071418281905265,0.4580526781908434
POLA2,ENSG00000014138,chr11,65251919,65315589,262,0.44348333982291943,0.6060733064544827,0.6462169069691357,0.49017378505894177,0.6257641287450325,0.23928866503963464,0.3112034008923708,0.6923017789463906,0.6203870430936544
RP11-867O8.9,ENSG00000285816,chr11,65251927,65336543,336,0.4549149326856914,0.6215750752015272,0.6443892615768371,0.47795112166759407,0.6287398689738127,0.2723162034909573,0.3154396668044078,0.6994213715649785,0.6562979082515281
CDC42EP2,ENSG00000149798,chr11,65304865,65332417,115,0.29815580162392985,0.4026615834007598,0.5216313296273606,0.24771170945424786,0.535257890816363,0.06597086830096938,0.016817248239863303,0.44930059591884725,0.49845421597995326
DPF2,ENSG00000133884,chr11,65323851,65364262,152,0.3645541822013878,0.4752126977403623,0.5013435801972772,0.3996420406893516,0.5518524473685926,0.2011763651695369,0.1761793488010549,0.443585871864844,0.468582888233326
TIGD3,ENSG00000173825,chr11,65344750,65367613,74,0.47973656204685655,0.4981130423908965,0.6060391903852785,0.5391160773421644,0.6093941739508015,0.20564825516095342,0.26196654302153183,0.48373211353279905,0.4274138256722206
SLC25A45,ENSG00000162241,chr11,65365191,65393701,161,0.627101036563596,0.5949655094955754,0.5852459058512036,0.6569509234495677,0.6220960890322322,0.5050806733523785,0.5002747480123999,0.39870238040995437,0.403508305749933
FRMD8,ENSG00000126391,chr11,65376620,65423525,266,0.6296296444934149,0.5852382736248478,0.6224752722768971,0.6591378896275442,0.6049894181558385,0.44959184077993747,0.5137428019396457,0.43045923617351844,0.36630827501381025
SCYL1,ENSG00000142186,chr11,65515076,65548704,95,0.14390124576509786,0.0615023053406228,0.04686636369454506,0.12142699653815754,0.04359827573167965,0.08542213179030664,0.07417695676136686,0.0,0.0
LTBP3,ENSG00000168056,chr11,65528558,65568930,136,0.24938024334032424,0.31301596492679284,0.3612726202052298,0.2716107415445409,0.34771736937515363,0.1070113728927577,0.1325432876087664,0.2684328527495585,0.24290093803354978
ZNRD2,ENSG00000173465,chr11,65560459,65583942,112,0.2993162562517695,0.4436876264708085,0.37369030313078677,0.3706596216665519,0.30305193791059787,0.2371068283541043,0.3442319794266454,0.34931849124661607,0.24219334017407496
FAM89B,ENSG00000176973,chr11,65562348,65584198,109,0.3685588476492778,0.3432120014485686,0.37723305804810175,0.33972649357196866,0.37872857523762454,0.20328080104826096,0.17975395205785877,0.21711319257004688,0.2406400415604491
EHBP1L1,ENSG00000173442,chr11,65566045,65602650,191,0.41503234389848515,0.4693298105808388,0.43755568224635416,0.4253937868022851,0.4502883183158368,0.2971750722228662,0.2946617645015875,0.33643949069239515,0.3389527984136738
KCNK7,ENSG00000173338,chr11,65582835,65605996,118,0.5195135299483126,0.545334175130205,0.4797071510762732,0.4563880329675586,0.5136096039384508,0.4338926674082066,0.33848423489129137,0.35429991329974175,0.4497083458166571
MAP3K11,ENSG00000173327,chr11,65587755,65625382,186,0.4316712684441674,0.5054325087769906,0.514273916367723,0.40964462870048296,0.3680684862222056,0.27350825025127956,0.38606399882627784,0.4305634032136919,0.3180076546386936
PCNX3,ENSG00000197136,chr11,65605775,65647439,194,0.43488755595752354,0.507226384108344,0.4971063151845252,0.37289349206828304,0.4050023824350558,0.295529732795477,0.32757320675284096,0.412175674581516,0.38013220062415204
SIPA1,ENSG00000213445,chr11,65628100,65660918,150,0.3879502560980277,0.5921074079945048,0.5367330042284625,0.3892698634333302,0.5716030385640183,0.309120693320846,0.2710732266309488,0.5876307008032723,0.6256781674931695
RELA,ENSG00000173039,chr11,65643596,65673090,127,0.4464696658659514,0.5236304195739976,0.3938360182603195,0.4519728627918044,0.4982223344665344,0.41619764404030074,0.3266968073074803,0.325363652509452,0.4148644892422725
KAT5,ENSG00000172977,chr11,65701995,65729604,134,0.439844197117859,0.48718740813063954,0.46324087640771,0.5716945808393189,0.5680347052726604,0.31258964427074537,0.3381767650122182,0.35525517427894576,0.32966805353747275
RNASEH2C,ENSG00000172922,chr11,65704004,65730818,131,0.45231209144609014,0.5346073965111362,0.4511081021520096,0.5749485157183456,0.4668303860850443,0.3835349105035377,0.4957516092474362,0.38133901054103214,0.2691223117971337
AP5B1,ENSG00000254470,chr11,65763897,65790976,180,0.38590633167250765,0.49337203641047445,0.47351406816391645,0.42768857258626447,0.47113845837861895,0.2630277423231459,0.3005108545872927,0.4169506020567163,0.3794674897925695
OVOL1,ENSG00000172818,chr11,65777062,65807214,175,0.3992753739706352,0.5397166152424392,0.45248389461225635,0.4425485539683665,0.47772468639659255,0.3415840831414235,0.3553661938406507,0.4343288422200441,0.42054673152081684
CFL1,ENSG00000172757,chr11,65813021,65872026,274,0.47339062260768416,0.6886912702012554,0.6664371075932004,0.4899469013857963,0.66968833486766,0.3551712675292764,0.3662459861053746,0.811798891357236,0.8007241727811378
SNX32,ENSG00000172803,chr11,65823833,65866896,184,0.4652222108816438,0.7179723100466312,0.7276091053138775,0.4849437501652215,0.7222476752039731,0.29556842791086024,0.32410185122419854,0.9701815936296128,0.9416481703162747
MUS81,ENSG00000172732,chr11,65847125,65877653,145,0.5221761948353374,0.8229756679074263,0.7348965794742952,0.4511940605393751,0.7622182081754767,0.5711730231485991,0.44753829973177206,1.1602950632581985,1.2839297866750257
EFEMP2,ENSG00000172638,chr11,65856440,65883592,139,0.5860681951770841,0.8293449537544761,0.6553021962343893,0.5142989476771731,0.7240701293959784,0.7925389488961336,0.6013322293949057,0.9755720844378596,1.1667788039390876
CTSW,ENSG00000172543,chr11,65869808,65893741,96,0.5288758158359018,0.7746771852682102,0.6975637561781098,0.5218482635605615,0.7132760757282623,0.5234849720016691,0.4894064334899554,0.9667362008795319,1.0008147393912457
FIBP,ENSG00000172500,chr11,65873739,65898531,109,0.4702566079129801,0.7643262499004362,0.6675129406248241,0.44635837063856054,0.7940465147097802,0.489757530972735,0.22821979495728806,0.955549314233078,1.2170870502485247
CCDC85B,ENSG00000175602,chr11,65880672,65901635,101,0.4014957794524182,0.766695164814287,0.7086448388231826,0.4929253544518203,0.7089366177390548,0.367759403132061,0.45014610213191375,1.0876499718522306,1.0052632728523778
FOSL1,ENSG00000175592,chr11,65882048,65910573,147,0.5759955882492642,0.7511847952553515,0.7101359397234712,0.5818639082820068,0.753976763623614,0.505356501414258,0.43033191907224455,0.8856883062524172,0.9607128885944308
C11orf68,ENSG00000175573,chr11,65906809,65929062,143,0.5940260695628672,0.7287312547062654,0.7787786682921756,0.6483640630164442,0.8252763142632553,0.3487600119690365,0.3026273432209101,0.9558852574725394,1.0020179262206657
DRAP1,ENSG00000175550,chr11,65909273,65931563,141,0.5918722991640081,0.7302604532121271,0.8067674503077825,0.643929383975207,0.8219245857436812,0.2813063468272238,0.3086882462194369,1.0289920802489991,1.0016101808567859
TSGA10IP,ENSG00000175513,chr11,65935444,65969963,166,0.3476383036330668,0.46135337123900894,0.4069030024512961,0.29691714812333864,0.3489252941829303,0.2617271638669983,0.2709225899245129,0.35696836447642954,0.3477729384189148
SART1,ENSG00000175467,chr11,65951727,65990137,197,0.3785460532107758,0.5179205234485177,0.47191946988683153,0.37608319286901565,0.5198378416241519,0.28341663626799496,0.2338765643187129,0.44622965314529794,0.49576972509458
EIF1AD,ENSG00000175376,chr11,65986544,66012176,154,0.46263624375384843,0.7066239095167209,0.7015568232810322,0.4340678858497254,0.68934026115362,0.31910210431512154,0.3132620011806593,0.90719780347409,0.9130379066085521
BANF1,ENSG00000175334,chr11,65992227,66014149,134,0.4470143916561329,0.7537794381569792,0.72044467743925,0.45509818908976457,0.7178346435460993,0.359697891219364,0.37170760321046004,1.0418296606718893,1.0298199486807933
CST6,ENSG00000175315,chr11,66002007,66023505,142,0.4505049361085325,0.703583456394021,0.6598576813677219,0.467828267769067,0.6696822862734207,0.3681769476647625,0.3695391449752434,0.8478126243181674,0.8464504270076865
CATSPER1,ENSG00000175294,chr11,66006751,66036479,171,0.5391211361766713,0.5930868804114982,0.5897479908560033,0.49257954086209943,0.5464802475111753,0.3913959844231782,0.39342721905074485,0.5077595972878584,0.5057283626602915
GAL3ST3,ENSG00000175229,chr11,66030764,66059161,141,0.5983306799470407,0.5321464713643485,0.6131171473935046,0.5788098256348502,0.5844601277516909,0.3610463913187377,0.37304706228153883,0.39855361373276776,0.38655294276996666
SF3B2,ENSG00000087365,chr11,66040728,66079308,177,0.5623545413952707,0.6290109428629114,0.650256010056317,0.5973570152261902,0.6069094149181916,0.38368750729051837,0.48378625932409564,0.6078952051065492,0.5077964530729719
PACS1,ENSG00000175115,chr11,66060271,66254744,732,0.5425284304068014,0.6442339114017628,0.5551244479498766,0.5527904148637613,0.5575328919096939,0.5027808317528228,0.5114102964956384,0.5307009868315262,0.5220715220887107
KLC2,ENSG00000174996,chr11,66247293,66277860,132,0.46551796013328667,0.6000678472080873,0.6142303418158288,0.5400510927427521,0.41335190175455255,0.2952013435077731,0.5798850501459789,0.6212590207733633,0.3365753141351575
RAB1B,ENSG00000174903,chr11,66258589,66287492,126,0.516207791604822,0.588524598607738,0.5079186099965761,0.5062468479305581,0.48736867354281604,0.45249733758459504,0.4627636316780023,0.4355087009717757,0.42524240687836845
CNIH2,ENSG00000174871,chr11,66268174,66295301,108,0.48852565557742367,0.5630041358657334,0.4982349859650136,0.509780375218269,0.45601572125636297,0.4043330160599457,0.46594919534894597,0.42349853209503346,0.3618823528060332
YIF1A,ENSG00000174851,chr11,66274579,66299145,98,0.4623547849433982,0.49342055824566483,0.4686541288277998,0.5367036495951719,0.5144229514039845,0.33414419967108155,0.36352259133924875,0.3459299233913514,0.3165515317231841
TMEM151A,ENSG00000179292,chr11,66281893,66306664,109,0.4860102412099702,0.5441802257861552,0.5194338518523282,0.499135360278592,0.5221454381129803,0.3592096615155387,0.36931415877799434,0.42644811806414235,0.41634362080168674
CD248,ENSG00000174807,chr11,66304493,66327044,122,0.5768044775881507,0.6918941563939673,0.5480546683175992,0.5472183809740564,0.5958702083568055,0.6215194158534109,0.5318190338695761,0.5557924911170915,0.6454928731009263
RIN1,ENSG00000174791,chr11,66320240,66346840,145,0.6784460399321021,0.704139895618905,0.7090269195281981,0.6853273526523017,0.6922822942413047,0.5589669722856917,0.5977592479818788,0.6589015844267158,0.6201093087305287
BRMS1,ENSG00000174744,chr11,66327332,66355125,147,0.6457508487064719,0.644733771750043,0.6230134082990353,0.6154368410973344,0.6119639349860525,0.548548485044819,0.5219390401633457,0.4863393467931685,0.5129487916746418
B4GAT1,ENSG00000174684,chr11,66335373,66357629,95,0.6288372708498352,0.641642748227119,0.5952283695302604,0.5787349455761206,0.5840934105745476,0.5564536616907112,0.5067116760233552,0.46977121849177533,0.5195132041591314
SLC29A2,ENSG00000174669,chr11,66352520,66382214,112,0.6713540202513337,0.5639674197173851,0.6123861363799142,0.6310384848919373,0.5424681962601565,0.4975334191121402,0.5225961840877098,0.332504893893926,0.3074421289183563
NPAS4,ENSG00000174576,chr11,66411003,66436707,96,0.41510595157882657,0.29632783822501413,0.3971065011820184,0.33825923016762716,0.16663196399464308,0.19087627790851996,0.29102209110985294,0.16056643267474718,0.060420619473414205
MRPL11,ENSG00000174547,chr11,66425074,66476738,190,0.21134241153381716,0.22030589792860955,0.20381409447736867,0.19704534346396518,0.22800365717518586,0.12917703814777093,0.10476759050781531,0.11967657490372487,0.1440860225436805
PELI3,ENSG00000174516,chr11,66456326,66487337,110,0.2805990011518716,0.173897414963623,0.15144321133992278,0.2374558500229508,0.1792754156099378,0.17807720461926152,0.13228174968883447,0.012959113594158772,0.0587545685245858
DPP3,ENSG00000254986,chr11,66470012,66519657,250,0.2228506167316353,0.2841679987322777,0.21040677216950596,0.2144489793835997,0.19048009206748592,0.17509754883978298,0.18218286585667506,0.15921222581377686,0.15212690879688484
CTD-3074O7.11,ENSG00000256349,chr11,66499078,66543613,224,0.26301142981347153,0.27625484934511174,0.18609463832180062,0.3266776918037212,0.18817778697217896,0.21129383143386,0.2551865947549793,0.11202211898764608,0.06812935566652675
BBS1,ENSG00000174483,chr11,66500605,66543613,215,0.26819696478784966,0.2698405081035988,0.18964541863391338,0.3225012603510697,0.19403872424910296,0.20822639656595565,0.2440601452882888,0.10626589008760723,0.07043214136527409
ZDHHC24,ENSG00000174165,chr11,66510636,66556235,205,0.3120576229219815,0.33578200468221053,0.18440595561059814,0.37565241492251994,0.21375069236340916,0.28967826677898756,0.3198557819773726,0.11946661040591386,0.08928909520752887
ACTN3,ENSG00000248746,chr11,66536394,66573334,189,0.2933963494712837,0.3369124974651011,0.28131880735699594,0.36448033560034343,0.23354408474254046,0.21389813606329008,0.2990912333931248,0.19695018175089074,0.11175708442105595
CTSF,ENSG00000174080,chr11,66553463,66578879,109,0.30114208435976303,0.40518421817121053,0.2911762914090807,0.44797801218600763,0.2029603116586259,0.2668314629307772,0.44341006399189914,0.2526720688166989,0.07609346775557696
CCDC87,ENSG00000182791,chr11,66580175,66603063,58,0.2565516460801163,0.19542485942793278,0.1664242636014213,0.27206625290045094,0.2213208132103732,0.16593309005517393,0.14241500666245085,0.05150782651788341,0.07502590991060651
CCS,ENSG00000173992,chr11,66583152,66616019,78,0.3775219014150204,0.3193423865208097,0.29599033853089873,0.39419983974116696,0.3106812447434819,0.25388975225153465,0.256924752503788,0.13080611723387023,0.12777111698161692
RBM14,ENSG00000239306,chr11,66606625,66639934,94,0.5174485465233679,0.5288083722709513,0.52017023769419,0.5394237021176785,0.49991977923244785,0.3734171197441912,0.4173902075137421,0.37907329503582227,0.33510020726627127
RBM14-RBM4,ENSG00000248643,chr11,66606625,66656469,147,0.5089101425969702,0.45668124477617733,0.4407448777893333,0.4803643131679919,0.48036972009852574,0.37001887223378355,0.30502434989919713,0.2400402328520096,0.305034755186596
RBM4,ENSG00000173933,chr11,66628666,66678374,153,0.5766961867003677,0.52362800318562,0.42092121708821745,0.5459271019208566,0.4471717505815591,0.5274523017933475,0.4691729220079966,0.21410392226154334,0.2723833020468942
RBM4B,ENSG00000173914,chr11,66654997,66687887,100,0.5515688357193336,0.5048029973691655,0.5081088987268148,0.534762365467261,0.4843350680813517,0.3976508868692232,0.40285424561565814,0.30514872360649514,0.2999453648600601
SPTBN2,ENSG00000173898,chr11,66672496,66754670,278,0.49562837406775256,0.4803808191808192,0.4791128207620129,0.41003374186385716,0.4492507148887671,0.34343960130785794,0.2929367111348604,0.3112194789725932,0.3617223691455907
C11orf80,ENSG00000173715,chr11,66734450,66853516,389,0.3393179247381371,0.4144122106705897,0.3843885132193195,0.3801540033178756,0.39963439969287745,0.23224124031899815,0.25160345843191245,0.30289792778840247,0.28353570967548813
RCE1,ENSG00000173653,chr11,66832834,66856552,92,0.4822765174432623,0.4109261414255084,0.2614047655991223,0.5384241574005223,0.28799055365866566,0.4422562372763554,0.48132425276020563,0.08694746935458014,0.04787945387072989
PC,ENSG00000173599,chr11,66838416,66968386,572,0.27289351117216926,0.3898660401311177,0.33598293106975385,0.3208055871806647,0.32633324122685825,0.2016558255373047,0.24295244809927202,0.2924209140449885,0.25112429148302123
LRFN4,ENSG00000173621,chr11,66846646,66870475,111,0.13949622183401947,0.19757836179893953,0.18322143066899166,0.20315762184583483,0.14696319786795034,0.08398554934806822,0.1441334382347229,0.13613552649916874,0.07598763761251406
C11orf86,ENSG00000173237,chr11,66965276,66987009,73,0.32117058336198856,0.25180637544273904,0.32849721368138457,0.33275181260457337,0.31400852112314565,0.1396208874180641,0.15889830629029594,0.1504725907271482,0.1311951718549164
SYT12,ENSG00000173227,chr11,66996777,67060863,273,0.37872209014912894,0.3656386724386725,0.4548263073807835,0.4070226052414536,0.3323158686259767,0.16223125691203594,0.28689774797152634,0.2929053126848954,0.16823882162540504
RHOD,ENSG00000173156,chr11,67046846,67082017,108,0.4854309810223236,0.3964394427837367,0.5029381287512352,0.39546294105700835,0.3901439168042585,0.23514685697686766,0.2568344634865455,0.2697620431442213,0.24807443663454343
KDM2A,ENSG00000173120,chr11,67109262,67268082,354,0.6266158873387334,0.4239183994123126,0.5059549537935902,0.5849289428494688,0.5401091116854462,0.41576248894394097,0.32702274752030247,0.13574347168926665,0.2244832131129051
GRK2,ENSG00000173020,chr11,67256472,67296556,141,0.5687667158986909,0.46753458763339545,0.5091751561204736,0.6117820441718592,0.561151029368359,0.37983773071362115,0.3764128682555199,0.2503996060966438,0.253824468554745
ANKRD13D,ENSG00000172932,chr11,67279299,67312485,108,0.6218015607665106,0.4032513053297703,0.5363600289050167,0.6296215416438806,0.46570115187334715,0.3599742492265375,0.44134459048751834,0.1562849519370758,0.07491461067609495
SSH3,ENSG00000172830,chr11,67293477,67322607,103,0.6562813885274548,0.4615219489270999,0.5819646528385757,0.670844385188628,0.5830503943628503,0.407375600701576,0.4277216375080679,0.21163294189660498,0.19128690509011315
RAD9A,ENSG00000172613,chr11,67307870,67408410,343,0.6185864621288526,0.4357845738806514,0.5445356268840353,0.6124317528607964,0.5169560832908607,0.3748762251071814,0.396267379327804,0.19744291410098885,0.17605175988036614
POLD4,ENSG00000175482,chr11,67340771,67366972,58,0.2626745312792256,0.19529346835573014,0.21059304580352112,0.2653136892056158,0.20858970977062616,0.1427650950149795,0.14582526817364097,0.07451252997927851,0.07145235682061704
AP003419.11,ENSG00000256514,chr11,67341571,67383584,122,0.44638513356996223,0.2871847630534198,0.23711381879213292,0.4394365093806048,0.27311445410165697,0.3295863081255739,0.2991797737568982,0.008946718740748316,0.03935325310942406
CLCF1,ENSG00000175505,chr11,67354167,67384177,94,0.49401546842060856,0.2949676616757536,0.22898262880554812,0.49886697086697074,0.2376052014780339,0.3853582062405111,0.384552272009716,0.0,0.0
PPP1CA,ENSG00000172531,chr11,67388180,67431183,161,0.40229042333073356,0.27538067448971304,0.30978526964808223,0.3798910221387317,0.28935591215545076,0.23300330231744046,0.22919266086786066,0.0891055279683069,0.09291616941788669
TBC1D10C,ENSG00000175463,chr11,67393914,67420089,115,0.4083392799627886,0.34370255259144145,0.29794557607944666,0.3751447383978979,0.2862534316327858,0.2961093661501908,0.2770745392315197,0.125031800726649,0.14406662764532008
CARNS1,ENSG00000172508,chr11,67404967,67435607,122,0.41807406583723855,0.3130579289418818,0.3276180258103497,0.36070214148730856,0.24370773933975928,0.2599943630922061,0.2717813617690406,0.11551094882675156,0.103723950149917
RPS6KB2,ENSG00000175634,chr11,67418459,67445401,105,0.376580471902748,0.24922561232998344,0.2245091174320713,0.3825924255091709,0.2169509258340624,0.2524633109754119,0.2621580382220642,0.03418677726194591,0.024492050015293754
PTPRCAP,ENSG00000213402,chr11,67425509,67447682,98,0.407710075843621,0.278572521410313,0.21489036600260247,0.40833873174479346,0.1691001231080933,0.3041752690082534,0.3330492169899364,0.022348151587115173,0.0
CORO1B,ENSG00000172725,chr11,67425509,67453821,130,0.41990788093089326,0.30103632675640785,0.20996891244413177,0.3995509499312123,0.17315681393756963,0.33352094341029076,0.33904688742877537,0.024635564297097734,0.019109620278613182
GPR152,ENSG00000175514,chr11,67441300,67462729,110,0.4364376019064342,0.35853496421821585,0.24719770688004905,0.3898505262058037,0.32213567504331464,0.3667625871061716,0.27462189566727413,0.07723801315323259,0.16937870459213
CABP4,ENSG00000175544,chr11,67442405,67471752,145,0.3613731045817252,0.29382408529927784,0.25619062766436884,0.36215968409950855,0.26858561130997954,0.2501776439863391,0.242391558214925,0.09771325757628913,0.10549934334770328
TMEM134,ENSG00000172663,chr11,67451709,67479272,129,0.27757729494761324,0.27058729062779696,0.22350656212101194,0.26525626469543195,0.2246614841641484,0.19384666817930757,0.184646762992414,0.12166890815970349,0.13086881334659697
AIP,ENSG00000110711,chr11,67458173,67501154,183,0.584977086337923,0.6337156902908645,0.6662794906648317,0.6003461215571476,0.6552585560829378,0.39315777828471454,0.4282706370844541,0.6111876663669735,0.576074807567234
PITPNM1,ENSG00000110697,chr11,67481767,67516263,147,0.7605982171548213,0.7345586170586171,0.7914516168156319,0.7331643953588831,0.7459045386523228,0.5941945351412323,0.6387192576148301,0.7321667074161742,0.6876419849425767
CDK2AP2,ENSG00000167797,chr11,67496496,67518649,89,0.8192696528824367,0.8194980935497767,0.7902999008317911,0.7943759842154993,0.7807669969927054,0.9303431122697233,0.8880498545346929,0.7816708269441575,0.8239640846791878
CABP2,ENSG00000167791,chr11,67508911,67534517,139,0.7379164837827004,0.7603986127453166,0.7464013007594626,0.7077976700822464,0.706240542736244,0.6979342495487159,0.7170467048833877,0.7308443733312447,0.7117319179965731
GSTP1,ENSG00000084207,chr11,67573741,67596656,176,0.41754290354881696,0.41329514060940936,0.3861939055692303,0.39326605537101844,0.3201571380981106,0.2928284615452248,0.3235023417681855,0.24040491895785676,0.209731038734896
NDUFV1,ENSG00000167792,chr11,67595652,67622554,184,0.46656206649564713,0.5601699851541351,0.5498910252995737,0.5137316695199704,0.5441029012937937,0.32575697520385166,0.37843674402997857,0.49560998140635987,0.44293021258023296
NUDT8,ENSG00000167799,chr11,67617937,67639937,152,0.422570394947246,0.46510706239935823,0.4895162147046272,0.44660593210278704,0.4983199640127191,0.25123050224718907,0.263790429397787,0.3744581664992614,0.3618982393486634
TBX10,ENSG00000167800,chr11,67621302,67649763,209,0.5105070623303433,0.45522882040355866,0.5398868193790951,0.4248129330475118,0.518006038796686,0.27274594812776015,0.215312845031911,0.3346434783059648,0.39207658140181395
ACY3,ENSG00000132744,chr11,67632554,67660730,228,0.6159257460396406,0.5676109750587102,0.5644749953797346,0.6033855690516158,0.519398397910827,0.48207294110908366,0.515251815000263,0.3563566341570184,0.32317776026583905
ALDH3B2,ENSG00000132746,chr11,67652159,67691224,109,0.6723590310067563,0.5472211975789668,0.7229771501179372,0.6401332405421529,0.6490762919914721,0.31226657941378344,0.38359328052261743,0.4800849882163917,0.4087582871075577
UNC93B1,ENSG00000110057,chr11,67981099,68014982,121,0.28410351616451773,0.2939776774303485,0.26523966570563373,0.29835226326090647,0.2927779737634444,0.1870586065034558,0.17801080079384943,0.16104981711467817,0.17009762282428453
ALDH3B1,ENSG00000006534,chr11,67998577,68039282,274,0.3703813336311993,0.49531256041569566,0.40899374244392783,0.37979091987673563,0.3925761566302019,0.31026411681346466,0.3314930661459675,0.3735518560267217,0.35232290669421884
NDUFS8,ENSG00000110717,chr11,68020616,68046644,145,0.4147287141682779,0.49731084248958274,0.5525419746253092,0.38723455322531997,0.4956787346135146,0.20964526804591294,0.2465072711605228,0.47813800897951375,0.441276005864904
TCIRG1,ENSG00000110719,chr11,68029024,68060895,170,0.43497061849342405,0.6829172629458843,0.7077426949602093,0.5018102905772793,0.53384279001115,0.24467470121334411,0.5410672648059537,0.9039178377754196,0.60752527418281
CHKA,ENSG00000110721,chr11,68042858,68131444,333,0.5373222484212079,0.7171639101487147,0.7130319020471877,0.3741889275551143,0.6503335327037293,0.39261398935227976,0.34040948107509916,0.8702737475853144,0.922478255862495
KMT5B,ENSG00000110066,chr11,68144862,68223828,377,0.4963794127111242,0.6156857710380043,0.5851242551463914,0.33313294263262605,0.4932212215061575,0.3812253201335858,0.34088930935721473,0.5750694363009541,0.6154054470773249
C11orf24,ENSG00000171067,chr11,68251337,68282001,115,0.38911630552524346,0.6289995707786074,0.48828518684495065,0.24957963364750005,0.4572016633438773,0.4072064677158633,0.3338281925189873,0.5843455917285304,0.6577238669254063
LRP5,ENSG00000162337,chr11,68302590,68459275,711,0.4311470768157519,0.5459781661679332,0.5455163543738405,0.4218014277026638,0.48649458622945574,0.2825750009858987,0.3354766008962776,0.5070349889701637,0.4541333890597849
PPP6R3,ENSG00000110075,chr11,68450730,68625334,898,0.3666268456069884,0.49289628807359737,0.4114750691552682,0.3268056709016762,0.4134035072167536,0.3027996378030955,0.27067143772583246,0.3762400984947765,0.4083682985720395
GAL,ENSG00000069482,chr11,68673778,68701175,173,0.6491808324633624,0.7620949285071054,0.6572328866987226,0.6123647199317745,0.6007025185535924,0.7063319461193012,0.7327626765274126,0.7295515980304308,0.7031208676223194
TESMIN,ENSG00000132749,chr11,68697439,68761520,332,0.5003099429029956,0.8081319049794832,0.7078729481388606,0.4498483320573835,0.680960362868128,0.5570739722468337,0.5530342487211822,1.0938731759051403,1.097912899430792
CPT1A,ENSG00000110090,chr11,68744619,68854410,673,0.586938783664577,0.7024952091063549,0.7391724203018734,0.5922675685598171,0.6842126723974199,0.37629435978502446,0.47839138470064546,0.8360305904969085,0.7339335655812873
MRPL21,ENSG00000197345,chr11,68881275,68913835,191,0.42002037981047313,0.15906386485372886,0.26206182698367997,0.25881666718449015,0.13799429270281288,0.2070533202241096,0.16212672265589312,0.0,0.011112838420803628
IGHMBP2,ENSG00000132740,chr11,68893862,68950602,0,,,,,,,,,
MRGPRD,ENSG00000172938,chr11,68970020,68990986,134,0.46714828429125244,0.3867227959234979,0.41237801690629566,0.42924334473001863,0.34740628270707735,0.2933894565288813,0.31146502366739115,0.19554877979875546,0.17747321266024552
MRGPRF,ENSG00000172935,chr11,68994394,69023382,203,0.5268174483051066,0.5248932869133092,0.49649820299894093,0.4950231280876505,0.4760727910037822,0.4031609318998576,0.39052798577935294,0.34105490914984615,0.3536878552703508
TPCN2,ENSG00000162341,chr11,69038931,69146316,756,0.435349764971641,0.5076022457440272,0.5067512387116743,0.46596183694012505,0.5037817039426356,0.28663779633056274,0.3175085428031345,0.4218306491640795,0.39095990269150777
RP11-554A11.11,ENSG00000287725,chr11,69062914,69172440,720,0.4078198622220327,0.47637251824999444,0.46015235060159376,0.4346610903699963,0.4635306003274355,0.2772254268965822,0.29727944614492186,0.36974933327359716,0.3496953140252574
SMIM38,ENSG00000284713,chr11,69145477,69169752,151,0.37999032956939377,0.3886484193793681,0.3085025271214677,0.36176829895556545,0.272226650242736,0.30060374404877305,0.3116856743554147,0.1914793228870619,0.18039739258042026
MYEOV,ENSG00000172927,chr11,69284150,69377726,0,,,,,,,,,
CCND1,ENSG00000110092,chr11,69631155,69664474,252,0.3025318711183912,0.2678022659573539,0.27175584048786683,0.36233039420079194,0.27257910647954386,0.17744211482342295,0.2216948193846414,0.1342625582019694,0.09000985364075095
LTO1,ENSG00000149716,chr11,69643075,69685416,326,0.29161476669319153,0.2920231001677061,0.283699585094604,0.39086279518630546,0.33271844460461303,0.17822770273676486,0.21825617723007626,0.16711611043945315,0.1270876359461418
FGF19,ENSG00000162344,chr11,69688237,69714022,146,0.4714207094088486,0.6486544207796326,0.5568582362927158,0.5351307234181583,0.6142452734809425,0.43484094367732484,0.42971524361436414,0.6111440400131107,0.6162697400760715
FGF4,ENSG00000075388,chr11,69761021,69785341,211,0.5006741075109721,0.6312603709252823,0.5629040735677393,0.5643337196691812,0.6076354959842271,0.4322791024096135,0.4464896115022784,0.5653853938571348,0.55117488476447
FGF3,ENSG00000186895,chr11,69799967,69829416,191,0.22440418443496804,0.22522751036334962,0.15100102133090057,0.2849416215040057,0.19967904759349103,0.17280615477768088,0.1839172522995957,0.082379699707958,0.07126860218604317
ANO1,ENSG00000131620,chr11,70068301,70199528,1094,0.46044314728778574,0.5427374878589961,0.4510422391824413,0.4730559186435246,0.4639577482905654,0.3998854844088576,0.39980808927103967,0.3826121437816558,0.38268953891947377
FADD,ENSG00000168040,chr11,70193295,70217390,105,0.43959696149019806,0.5274281052857206,0.47472593244282824,0.4830908852595399,0.4211858954539534,0.3424146544169627,0.43133984152131744,0.40715073108079125,0.3182255439764366
PPFIA1,ENSG00000131626,chr11,70260689,70395312,701,0.36215141980178694,0.3438847936924724,0.23418604773844498,0.37059358579611307,0.23489975528716583,0.30212861204856334,0.30832428730400485,0.11929027403753004,0.1130945987820885
CTTN,ENSG00000085733,chr11,70388403,70446584,352,0.2807361543595691,0.2635415903864053,0.1745099380387469,0.28313303628864883,0.14665874646772448,0.22182574355491136,0.2400858837900844,0.08407677143324499,0.0658166311980719
SHANK2,ENSG00000162105,chr11,70457853,71262577,4217,0.46460075189881145,0.5440015243182003,0.5018134521674606,0.4708113840009485,0.4987579324882518,0.3566138432412759,0.3655050225335814,0.428651969035133,0.4197607897428275
DHCR7,ENSG00000172893,chr11,71418192,71462868,361,0.40340099137456586,0.3194928424428081,0.2768026720037108,0.6066822895945851,0.4668778927282555,0.28867692143208956,0.3445248612060674,0.09624001742832788,0.04039207765434999
NADSYN1,ENSG00000172890,chr11,71443108,71534107,420,0.31951422284788067,0.28969854465157685,0.1853408506315084,0.5085296515356078,0.326265649038645,0.26101434844967053,0.32875005006534874,0.08105146561003096,0.013315763994352692
KRTAP5-7,ENSG00000244411,chr11,71517266,71538669,0,,,,,,,,,
KRTAP5-8,ENSG00000241233,chr11,71528024,71549209,0,,,,,,,,,
KRTAP5-9,ENSG00000254997,chr11,71538419,71559608,0,,,,,,,,,
KRTAP5-10,ENSG00000204572,chr11,71555562,71576735,0,,,,,,,,,
KRTAP5-11,ENSG00000204571,chr11,71569713,71613353,0,,,,,,,,,
ZNF705E,ENSG00000214534,chr11,71804044,71831548,0,,,,,,,,,
DEFB108B,ENSG00000184276,chr11,71823199,71847710,0,,,,,,,,,
RP11-849H4.2,ENSG00000254469,chr11,71855503,71938654,357,0.47385863977702225,0.5478674201953849,0.7367756926779992,0.46564741432048745,0.7520861213446797,0.05060822496916895,0.012902676245910571,0.7431715990382928,0.780877147761551
DEFB131B,ENSG00000225805,chr11,71868452,71894561,105,0.403287183642818,0.6523957999187356,0.6222357113951773,0.40006365023485535,0.6475488906428132,0.29976263777341045,0.26238957624306336,0.7569281648028475,0.7943012263331946
RNF121,ENSG00000137522,chr11,71919017,72007597,518,0.7408053577518187,0.8937803742572571,0.8985210156909332,0.7213512272041331,0.8882725099485465,0.6522594096930492,0.6641785297035425,1.5899869777171325,1.5780678577066387
IL18BP,ENSG00000137496,chr11,71988612,72015715,167,0.7520737541730925,0.8523278904690753,0.8945169652921215,0.7588090002328839,0.8968795934453235,0.529089882306299,0.5315345452813547,1.3836710568521922,1.3812263938771365
NUMA1,ENSG00000137497,chr11,71992863,72090693,491,0.771726596543313,0.8820342144731909,0.8950914464233837,0.7655748504553318,0.8725141349238296,0.6799528267814303,0.764114900401071,1.457407822942222,1.3732457493225816
RP11-807H22.10,ENSG00000284922,chr11,72070330,72120782,160,0.720599826888519,0.8168620076238882,0.8521023557068341,0.7277587404041639,0.7958841859997,0.5306953645414043,0.7047571225372039,1.1668199890571622,0.9927582310613623
LRTOMT,ENSG00000184154,chr11,72070336,72106895,160,0.720599826888519,0.8168620076238882,0.8521023557068341,0.7277587404041639,0.7958841859997,0.5306953645414043,0.7047571225372039,1.1668199890571622,0.9927582310613623
LAMTOR1,ENSG00000149357,chr11,72075894,72113297,134,0.7319882826356188,0.8509913031305228,0.8357336503384943,0.7319310826845246,0.8278422569185194,0.7071045495767438,0.7304588361684521,1.1966460569117698,1.1732917703200614
RP11-807H22.9,ENSG00000284844,chr11,72095923,72119329,36,0.23853362074454054,0.636398165156032,0.7762540650645039,0.1999184779350941,0.7001425993361476,0.0,0.015144637919358606,1.1182153509702062,0.9965512324466426
ANAPC15,ENSG00000110200,chr11,72096377,72122780,33,0.26445717568140426,0.6313322286022582,0.7762540650645039,0.12066594606605299,0.6096820578367151,0.0,0.09282808411779608,1.0939784815136806,0.9050313048965904
FOLR3,ENSG00000110203,chr11,72104868,72149892,0,,,,,,,,,
FOLR1,ENSG00000110195,chr11,72179557,72206323,0,,,,,,,,,
FOLR2,ENSG00000165457,chr11,72206600,72231950,0,,,,,,,,,
INPPL1,ENSG00000165458,chr11,72213700,72249147,0,,,,,,,,,
PHOX2A,ENSG00000165462,chr11,72229076,72255664,0,,,,,,,,,
CLPB,ENSG00000162129,chr11,72275494,72444680,746,0.28825732655879815,0.2971435355677475,0.31390878900476643,0.2914249258118993,0.2950447343880256,0.15794836546597865,0.17374045794132664,0.19465421832424876,0.17886212584890074
PDE2A,ENSG00000186642,chr11,72566140,72684591,850,0.49047959790619977,0.6777533014525575,0.5992953575439518,0.5420930431459131,0.5404157763629709,0.4460962952172314,0.568047044406004,0.6863415870021468,0.5643908378133743
ARAP1,ENSG00000186635,chr11,72675068,72803599,664,0.3430971113138077,0.5725239770412887,0.47154811484849907,0.33192445281379734,0.4605192796404861,0.31613632112758067,0.3180314325125814,0.5337207576969456,0.5318256463119447
STARD10,ENSG00000214530,chr11,72744728,72804047,285,0.3315301790340843,0.49701860364429706,0.47165710592344023,0.3939386038359069,0.4386592611948422,0.22597816867363418,0.3052744494480332,0.4612239262690758,0.38192764549467667
ATG16L2,ENSG00000168010,chr11,72804405,72853674,196,0.6585897477801383,0.6923760346509702,0.6532787292580511,0.6413752828240205,0.660546448711869,0.5971567483013055,0.5619688852714159,0.581720385326654,0.6169082483565437
FCHSD2,ENSG00000137478,chr11,72826744,73152318,1196,0.7086003460361886,0.7397875106810126,0.7385597446175916,0.7028161079903438,0.738884115860984,0.6188833986858944,0.6084349561185389,0.7273733164497357,0.7378217590170913
P2RY2,ENSG00000175591,chr11,73208280,73252427,309,0.6815965935468553,0.706051532326797,0.7509427060676805,0.67079061653791,0.7269614279399191,0.48935731028396556,0.5186349548006529,0.7349934967459476,0.7057158522292601
P2RY6,ENSG00000171631,chr11,73254497,73315103,345,0.26749540746349115,0.18920245398773006,0.23756284982031584,0.2067503617447879,0.13564921083015874,0.12489367978930627,0.1477888044945807,0.08484321124478814,0.0619480865395137
ARHGEF17,ENSG00000110237,chr11,73298275,73379388,454,0.32001350984483323,0.3569153556379622,0.16475555086846458,0.2910369165671505,0.204827288779819,0.3235652142789401,0.27811740242791616,0.1179137093749941,0.1633615212260179
RELT,ENSG00000054967,chr11,73366398,73407474,205,0.34633548728121183,0.3482088657823558,0.21100409362690767,0.285050708460098,0.21498006020771357,0.3080990023914465,0.2607643069412897,0.11993211227782871,0.16726680772798547
FAM168A,ENSG00000054965,chr11,73390486,73608189,1131,0.3140229325111092,0.378199529209318,0.34586592828422086,0.2504840441346686,0.3084076062095067,0.213802079718017,0.1973525869898516,0.26133394449809666,0.27778343722626214
PLEKHB1,ENSG00000021300,chr11,73636177,73672819,259,0.4551568700611824,0.5317076390034647,0.545756519772081,0.4536768438365065,0.505736462415233,0.28839895560766227,0.3292603325942895,0.4702635195184614,0.4294021425318341
RAB6A,ENSG00000175582,chr11,73665637,73771137,538,0.5353009245414254,0.5670494985555169,0.5524164223080728,0.5637435760201044,0.5153256305346596,0.3998025562044882,0.4711894681512426,0.4373293166803677,0.3659424047336134
MRPL48,ENSG00000175581,chr11,73777871,73875133,551,0.43087317260222013,0.3624004902541511,0.28335233132918036,0.39154204577009694,0.2881863125959178,0.3402629695714734,0.30346665497506603,0.10978195084046077,0.14657826543686805
COA4,ENSG00000181924,chr11,73862666,73886901,127,0.3609364147569096,0.26695184442534764,0.20788863743581684,0.28321117013120756,0.2626658599855793,0.26262095853851564,0.16940188625766234,0.04792292416011587,0.1411419964409692
PAAF1,ENSG00000175575,chr11,73866698,73941114,402,0.31159369643290546,0.33717445387315553,0.29105796498264125,0.31716464978320663,0.2776305696196584,0.2203189987605961,0.2337631869400064,0.19092445267373745,0.17748026449432713
DNAJB13,ENSG00000187726,chr11,73941025,73980366,279,0.3125095152349467,0.2726359076400116,0.27390398265441274,0.22349309576280205,0.25525813950251247,0.18648119214377035,0.13828012017017222,0.13184691987019026,0.18004799184378842
UCP2,ENSG00000175567,chr11,73964671,73992843,207,0.17587907283731793,0.2162889652720162,0.22441855930249396,0.2192727871001566,0.20856259181353684,0.09150531171998569,0.12866994567938134,0.15220959300644782,0.11504495904705217
UCP3,ENSG00000175564,chr11,73990276,74019085,208,0.39206739917563527,0.26547033998826336,0.19931833819185155,0.35209134147562887,0.18156447034590165,0.2919621615790295,0.27108490142872416,0.016562741376787787,0.03744000152709309
C2CD3,ENSG00000168014,chr11,74002717,74181210,1015,0.2504443929303684,0.21114238207997177,0.22599226305302014,0.23395667687931299,0.1956537158479037,0.13463539795733467,0.14298029286308095,0.10253403537357339,0.09418914046782711
PPME1,ENSG00000214517,chr11,74161266,74264703,491,0.38408794598626506,0.29230057814085697,0.34353304147610275,0.37761013273123223,0.3611889350465334,0.20475199984039372,0.18588893292595654,0.1409838209896257,0.15984688790406293
P4HA3,ENSG00000149380,chr11,74225800,74321640,405,0.3873331052081602,0.30403349829557746,0.3567723839589694,0.4023601951727883,0.3399026916496227,0.2055655076379264,0.23092638558895762,0.15688824190308898,0.13152736395205777
PGM2L1,ENSG00000165434,chr11,74320315,74408433,407,0.3805665350139504,0.5036178378629622,0.4179299297305139,0.4192245080442087,0.38645205448082665,0.31909735136950945,0.37765165353986685,0.3813118093818266,0.3227575072114693
KCNE3,ENSG00000175538,chr11,74444840,74477729,185,0.46485174684990554,0.5861727362540641,0.4666569862013694,0.4829255203569736,0.479853844681053,0.4394637913102069,0.4441147721099199,0.4428428382429866,0.43819185744327355
LIPT2,ENSG00000175536,chr11,74480518,74503724,146,0.4665068463761862,0.40875160454259296,0.36094918506106366,0.4956427837787752,0.49292640429423945,0.35302839454565066,0.2654452129358495,0.1724906584481367,0.260073840057938
POLD3,ENSG00000077514,chr11,74483850,74679117,1224,0.44483002902843133,0.5509918053506455,0.4248138853952944,0.4581122279998594,0.4889828287613685,0.4180667428261937,0.3710292080470053,0.3826473976908036,0.42968493246999206
CHRDL2,ENSG00000054938,chr11,74686428,74741426,342,0.4453992011924728,0.4370112337021619,0.35639572325148844,0.4851844088590232,0.3127155354960492,0.3616655454785541,0.4317175587288228,0.21283005885277018,0.14277804560250135
RNF169,ENSG00000166439,chr11,74738848,74852413,624,0.36645224852891756,0.3209058000598786,0.2554127473403208,0.37813501851439235,0.2766718397891691,0.27424504756754153,0.2690677180760305,0.11275038013514921,0.11792770962666019
XRRA1,ENSG00000166435,chr11,74797738,74959200,816,0.3909387869628471,0.3912276081275619,0.3403696375949648,0.3918351317418771,0.31225381968805527,0.28803583319469384,0.3096423288458001,0.20827498870378694,0.1866684930526806
SPCS2,ENSG00000118363,chr11,74939246,74989033,228,0.33185236802183277,0.3954377464670872,0.28791073715682847,0.30029791356887464,0.3030191347317762,0.283472374179894,0.24967696723677127,0.21977825653798436,0.2535736634811071
NEU3,ENSG00000162139,chr11,74978278,75028893,186,0.512125569259286,0.5719458514766432,0.47138660804823634,0.5197832220978597,0.4758774526811641,0.4643524270398603,0.46799673974339046,0.3841531491213704,0.3805088364178402
OR2AT4,ENSG00000171561,chr11,75071752,75106876,227,0.3398785043970227,0.3048760679854109,0.2868223006376219,0.3572759031502448,0.267502477778038,0.2204859223111915,0.2472047716471961,0.14317920755772395,0.1164603582217194
SLCO2B1,ENSG00000137491,chr11,75090562,75216549,844,0.4265454568791547,0.3863748862780392,0.31711945697874167,0.4541130134113607,0.31025613399978136,0.3315061869633168,0.36113972560299124,0.15686491431251204,0.1272313756728376
TPBGL,ENSG00000261594,chr11,75230773,75253704,137,0.19190549408843016,0.4427117620167188,0.29767859595407065,0.24330683328210703,0.4390028609179366,0.22219240765769535,0.14271532626732436,0.36248028233093793,0.44195736372130895
ARRB1,ENSG00000137486,chr11,75250121,75361705,687,0.38761683753869985,0.3982136850295267,0.332425080025663,0.41966000061072395,0.35569301308232826,0.297073154893584,0.3062070089297456,0.21077970031322793,0.20164584627706628
RPS3,ENSG00000149273,chr11,75389514,75432280,0,,,,,,,,,
KLHL35,ENSG00000149243,chr11,75412393,75443203,0,,,,,,,,,
GDPD5,ENSG00000158555,chr11,75424639,75535941,0,,,,,,,,,
SERPINH1,ENSG00000149257,chr11,75552055,75582783,266,0.40014585801478253,0.565053194535327,0.47671944648219633,0.39141555146607787,0.4488725003545595,0.3479813820623081,0.36668101828790295,0.4845501595968306,0.46585052337123567
MAP6,ENSG00000171533,chr11,75576917,75679038,565,0.3898483115637585,0.7298727299166358,0.6365569465298665,0.37124824889132585,0.5957598785184992,0.3953885437693282,0.43356730769659657,0.9134735165955667,0.8752947526682985
MOGAT2,ENSG00000166391,chr11,75707837,75742958,276,0.3624725403403317,0.5384824189508738,0.4825033199235274,0.4351578023262624,0.4902987924866424,0.28232044502201176,0.3352567103718973,0.4909146852951042,0.4379784199452186
DGAT2,ENSG00000062282,chr11,75749511,75811535,310,0.27645610611753474,0.30376295690457467,0.27986620678124646,0.3497904058322592,0.31794759716556414,0.1786704515471804,0.2049384129425242,0.18339464592436025,0.15712668452901643
UVRAG,ENSG00000198382,chr11,75805209,76154232,2201,0.2964400149009516,0.2735405057585398,0.295927619673278,0.3250893951696358,0.32431368532896376,0.16015028821797353,0.16036062208258,0.15942226396549025,0.1592119301008838
WNT11,ENSG00000085741,chr11,76176324,76220736,295,0.4687948342824397,0.48977515505672736,0.42467682425015524,0.4165027664325765,0.41186089230781964,0.3763436914697556,0.3404137824969359,0.29656008651191923,0.33248999548473884
THAP12,ENSG00000137492,chr11,76339897,76391132,277,0.5041445367342711,0.44524061405364757,0.48387957525336206,0.4976854476432658,0.44842507585405045,0.3146382190342103,0.34138598048343183,0.27458257904202504,0.24783481759280362
GVQW3,ENSG00000179240,chr11,76371302,76424619,331,0.537433410573442,0.5215731302336807,0.5086662045781561,0.5818176270443456,0.5484065659694455,0.39879255642778694,0.40705828426724844,0.33845935559567636,0.33019362775621486
EMSY,ENSG00000158636,chr11,76434922,76563025,642,0.47089183503383897,0.6315448666776909,0.5317250927454866,0.5393653700148918,0.5365792319492997,0.43814949009457543,0.5022332941320526,0.5602868395628688,0.4962030355253917
LRRC32,ENSG00000137507,chr11,76647523,76680747,234,0.4490882652714823,0.5463578945927235,0.3742800696788036,0.45681874344668844,0.4290917465419962,0.4588874879873712,0.42011607782705734,0.3315592179172447,0.37033062807755857
TSKU,ENSG00000182704,chr11,76772250,76808153,240,0.23552798171641404,0.33149269501542233,0.2634895214483323,0.23979417857762864,0.2719300507280474,0.18272299750114485,0.17975793427107967,0.21998495757225445,0.22295002080231963
ACER3,ENSG00000078124,chr11,76850858,77036797,867,0.38829288591688643,0.5998737241182617,0.4407777845433972,0.42991790910919264,0.46573284788494557,0.41313420656524963,0.42554536057144954,0.5028408854240696,0.4904297314178698
B3GNT6,ENSG00000198488,chr11,77024397,77051973,152,0.45632897409278683,0.5645067836961822,0.45395949632829735,0.4488387377003134,0.473067203149352,0.41781244150455377,0.39316082071490843,0.4134636181058454,0.43811523889549076
CAPN5,ENSG00000149260,chr11,77056960,77136155,542,0.3456068157724283,0.45458920906992806,0.3894339436685844,0.3601835170322103,0.3876877409649477,0.26844707077924523,0.28113850655831046,0.3377689526367975,0.32507751685773234
OMP,ENSG00000254550,chr11,77092839,77113331,142,0.3115414450775229,0.4414611291728797,0.3137280759474141,0.2515893220284273,0.3743851324967484,0.2896249420219108,0.2016070781932613,0.2928061222566912,0.38082398608534074
MYO7A,ENSG00000137474,chr11,77118245,77225241,556,0.42141087786780657,0.35933429738437733,0.31722208661919554,0.4446236358123762,0.263903711480804,0.30541226705576763,0.3634812011292662,0.139835215827669,0.0817662817541705
GDPD4,ENSG00000178795,chr11,77206557,77311687,695,0.3928041253940183,0.4253330856611174,0.39777306372792365,0.44847988061530064,0.4187192118226601,0.272873799168147,0.3032601453075949,0.28109088627441975,0.25070454013497184
PAK1,ENSG00000149269,chr11,77312016,77484635,839,0.38540422423749365,0.29724214223159284,0.2624802514884221,0.3676905757444087,0.2333672524560849,0.26753548838821234,0.27268594403140833,0.08520739941350636,0.08005694377031039
CLNS1A,ENSG00000074201,chr11,77504935,77647794,657,0.3723735317602972,0.5327515134292629,0.42758758057772495,0.3871892210051052,0.412010900628081,0.3344043112530589,0.35977313644699704,0.4264897604125903,0.40112093521865205
AQP11,ENSG00000178301,chr11,77579390,77620356,190,0.24959377327451948,0.4679714368323341,0.44022821401312046,0.2813571668417889,0.4033263089825659,0.16898629051457686,0.22253200218370495,0.46207181040239553,0.4085260987332675
RSF1,ENSG00000048649,chr11,77650008,77830869,0,,,,,,,,,
AAMDC,ENSG00000087884,chr11,77811108,77928432,380,0.29181349608594703,0.4600905748089745,0.3828707278581427,0.3299335840167219,0.3526185830987979,0.23936246060810557,0.2909563428476094,0.3769914240118808,0.3253975417723771
INTS4,ENSG00000149262,chr11,77868719,78004671,403,0.3256024909807443,0.44078113398480034,0.36440590021417896,0.33252982428274225,0.3537774881789675,0.2609773948907135,0.27443176621889087,0.32023695623162163,0.30678258490344423
KCTD14,ENSG00000151364,chr11,78005714,78056191,349,0.41471503493544976,0.6205987315975335,0.4915750820446326,0.4638407938411719,0.46112938205411297,0.4141897902629142,0.4871026180509047,0.5549710880439647,0.4820582602559743
NDUFC2-KCTD14,ENSG00000259112,chr11,78006970,78089865,548,0.3990702408294809,0.5925427294500724,0.5115910676815828,0.44900583017306783,0.5027107949100016,0.3452470929551375,0.39763336988592163,0.5525721163902089,0.5001858394594246
THRSP,ENSG00000151365,chr11,78053860,78078351,151,0.49812419276454345,0.6317550829633091,0.5009872252251888,0.564994721166471,0.46319720354010785,0.49664301489692686,0.6046398278189025,0.5023640118609756,0.394367198939
NDUFC2,ENSG00000151366,chr11,78058296,78089862,189,0.47599743422395857,0.6633916241159016,0.5049758723671408,0.5207350952639231,0.5308653670081461,0.5159725184945585,0.5337357116870558,0.572862595249327,0.55509940205683
ALG8,ENSG00000159063,chr11,78085243,78149660,447,0.2596488187794532,0.4450005656144059,0.3086610711212408,0.3402335100194203,0.39499590828077524,0.26014686772645707,0.25106871809192316,0.32864131663482027,0.3377194662693541
KCTD21,ENSG00000188997,chr11,78161248,78198626,254,0.391094621707307,0.3952754120162517,0.2699828084350462,0.3194903644581114,0.3485705569598188,0.3421936758243965,0.22965463051477458,0.1607884752470698,0.2733275205566917
USP35,ENSG00000118369,chr11,78178811,78225232,379,0.229327641720778,0.2560539667106511,0.3367848344337489,0.3090888347843822,0.29646817017655125,0.07281146354638743,0.1569443237032626,0.22297531913492633,0.13884245897805111
GAB2,ENSG00000033327,chr11,78205292,78428348,1627,0.2372196156722948,0.2619888730378369,0.17573501151325535,0.28572884138152477,0.22755124233910096,0.19065914272502132,0.19104969326918825,0.11313723458579997,0.11274668404163307
NARS2,ENSG00000137513,chr11,78425967,78584874,1180,0.564994424131357,0.2790530272608769,0.4109543212769986,0.578443006410494,0.4033011584545214,0.31516728789314463,0.33732361995434146,0.012022403333815601,0.0
TENM4,ENSG00000149256,chr11,78642828,79451030,5651,0.4074276160227305,0.41149801692304777,0.3859017938686188,0.459060865238729,0.40812856186009866,0.2829284050860028,0.31007883055702745,0.2472465774870331,0.2200961520160084
FAM181B,ENSG00000182103,chr11,82719939,82743864,148,0.29029971747969485,0.5691245641667678,0.4839456911286405,0.42022386726182626,0.47877903800870825,0.2616527543585853,0.3677341273976867,0.5802834882796776,0.4742021152405762
PRCP,ENSG00000137509,chr11,82812935,82980584,1033,0.2972177630327006,0.5130377447903268,0.441420244588206,0.27361046255512883,0.48640593645898034,0.2449594967373842,0.18645771675146228,0.47460916686873766,0.5331109468546595
DDIAS,ENSG00000165490,chr11,82889974,82968277,438,0.3131238204701778,0.5815940642530237,0.47054513616215815,0.27174998263041594,0.5472123375765614,0.3054985277895333,0.1980410195426633,0.5658046517667661,0.6732621600136359
RAB30,ENSG00000137502,chr11,82963132,83081923,677,0.3135844318415552,0.3676612169062841,0.27288987875153703,0.3021953276772726,0.3400545019547204,0.25796234502056015,0.20127400381493693,0.20036763423884993,0.2570559754444732
PCF11,ENSG00000165494,chr11,83146987,83197451,240,0.2873641897939566,0.3554242622371174,0.29365122556365775,0.2853208323627282,0.22986015821288322,0.21515078750945799,0.2569506675960678,0.22401216201336244,0.18221228192675262
ANKRD42,ENSG00000137494,chr11,83183711,83270694,516,0.3595513849554149,0.34426167078945796,0.2666844608279565,0.34710692028987983,0.22287796696029974,0.2787003259149,0.29808873695130467,0.14329313209885144,0.1239047210624468
CCDC90B,ENSG00000137500,chr11,83249096,83296407,0,,,,,,,,,
DLG2,ENSG00000150672,chr11,83445011,85637922,12569,0.4295568912131726,0.4775899609319457,0.47130359979786335,0.4484488161476214,0.46621176610430154,0.28665169789322437,0.3082835178725424,0.36265078610602886,0.34101896612671095
TMEM126B,ENSG00000171204,chr11,85618572,85646539,120,0.26736550918850166,0.42096307646553,0.40837211644042787,0.2593581821052878,0.41816281867594723,0.16630998258203045,0.15253127593552507,0.38007904964370776,0.39385775629021313
TMEM126A,ENSG00000171202,chr11,85637966,85666547,113,0.22577217254022167,0.38536791664535053,0.40234448751419827,0.1821705280813088,0.43533586522106466,0.11393988476132366,0.05815434298886529,0.37279154387803987,0.4285770856504982
CREBZF,ENSG00000137504,chr11,85647741,85692908,189,0.33173206437994585,0.3899802981835304,0.42654518252432316,0.3442612475507904,0.42346639916443435,0.17062698978575414,0.18276759003537196,0.3236370344908108,0.31149643424119305
CCDC89,ENSG00000179071,chr11,85673847,85696195,92,0.3959455323875448,0.44287414776594025,0.4616059918556233,0.492406483577061,0.4556417991457362,0.23494519762309457,0.32744532144155936,0.3500189203935873,0.2575187965751225
SYTL2,ENSG00000137501,chr11,85684223,85821159,672,0.4423644172663912,0.4632683905184534,0.43951086376909076,0.48400780785972136,0.4594330186972195,0.3136806470420559,0.3343920128932356,0.3085764584946797,0.2878650926435
CCDC83,ENSG00000150676,chr11,85845100,85930021,507,0.17818176067606545,0.4868162814462923,0.4863865729191423,0.17398096768217328,0.43875847001854085,0.09853650831500022,0.14032745244021094,0.5685848637724306,0.5267939196472198
PICALM,ENSG00000073921,chr11,85947174,86079882,802,0.4917258083513108,0.3582120242202547,0.27147385585650835,0.46183417742769817,0.2675087458732708,0.4017498744772141,0.3758909768141908,0.04174741115620578,0.06760630881922913
EED,ENSG00000074266,chr11,86234752,86288813,331,0.31345459038513696,0.25322348978587866,0.20169577728903398,0.39862814180771056,0.32712916119294516,0.22140335420578178,0.202164619378884,0.07058596752136051,0.08982470234825835
HIKESHI,ENSG00000149196,chr11,86292210,86355943,364,0.44552690168098136,0.5167648688699387,0.500499803443822,0.39701476856848555,0.4584659794517508,0.3114208155183389,0.30988255810518384,0.415831114332812,0.417369371745967
CCDC81,ENSG00000149201,chr11,86364735,86433109,417,0.3715190848149396,0.37956685163288373,0.36044373344889447,0.37114563961940084,0.321049598760185,0.24740317946510076,0.2769929041103357,0.22993423900514479,0.20034451435990983
ME3,ENSG00000151376,chr11,86431107,86682636,1724,0.3918640414714061,0.4897926958847818,0.47777671561099544,0.41133679670419365,0.48055741778052236,0.26031746426199287,0.27392011374106695,0.41262069293455156,0.39901804345547753
PRSS23,ENSG00000150687,chr11,86781058,86962910,1060,0.3006219450595403,0.4435601266673477,0.3963415463205148,0.3375769378856655,0.37760898356426453,0.2195066376128531,0.26193013949178545,0.3666895208167649,0.32426601893783263
FZD4,ENSG00000174804,chr11,86935678,86965395,145,0.3363598492085311,0.27597987845048366,0.25604480607198804,0.44973054350860686,0.4094768195706566,0.21858842179890514,0.19676845305101365,0.10434767298824688,0.12616764173613837
TMEM135,ENSG00000166575,chr11,87027843,87338824,2272,0.3031486634342555,0.47681552302279495,0.40241981602708654,0.3191646480005883,0.42225813462012013,0.24706876250531157,0.24181390741947306,0.40075238616005737,0.40600724124589604
RAB38,ENSG00000123892,chr11,88103250,88185443,562,0.38628403533708544,0.4592230091396331,0.40924934248417166,0.4552187256509139,0.4740427787061776,0.28830505394149203,0.2897919000487546,0.32644324770302596,0.32495640159576344
CTSC,ENSG00000109861,chr11,88255068,88369684,814,0.4866131753881655,0.7295554113804186,0.6516110930614889,0.38207401391174056,0.610229110470335,0.4599889245111246,0.42343923337387224,0.8476991251554509,0.8842488162927031
GRM5,ENSG00000168959,chr11,88494575,89075982,2734,0.5351340737195138,0.4507884281265571,0.5120894597837699,0.5743863058490105,0.49784169963482594,0.323827285639553,0.38232741531582753,0.2754442492529695,0.2169441195766949
TYR,ENSG00000077498,chr11,89167874,89305759,749,0.35944910022391124,0.3251376695253731,0.21188875036914187,0.3327276379803768,0.19191770772330477,0.3002786181983722,0.29235608127388935,0.09296794556525911,0.10089048248974192
NOX4,ENSG00000086991,chr11,89314352,89508187,625,0.4344972832925466,0.49398960923139196,0.41246614541361476,0.5222757225154402,0.4567317769078383,0.3597084221753163,0.4048837486121585,0.32148965261437185,0.2763143261775297
TRIM77,ENSG00000214414,chr11,89700298,89727872,0,,,,,,,,,
TRIM49,ENSG00000168930,chr11,89787654,89818575,0,,,,,,,,,
TRIM64B,ENSG00000189253,chr11,89859281,89886017,0,,,,,,,,,
TRIM49D1,ENSG00000223417,chr11,89901110,89932245,0,,,,,,,,,
TRIM49D2,ENSG00000233802,chr11,89914063,89943063,0,,,,,,,,,
TRIM64,ENSG00000204450,chr11,89958501,89984072,0,,,,,,,,,
TRIM49C,ENSG00000204449,chr11,90021105,90052025,0,,,,,,,,,
UBTFL1,ENSG00000255009,chr11,90075949,90097131,0,,,,,,,,,
NAALAD2,ENSG00000077616,chr11,90121514,90202894,532,0.34595922175042054,0.638356769646051,0.5422483495937349,0.34837016077458466,0.6106522144784264,0.3301270960431738,0.2510467147803782,0.686970008596837,0.7660503898596326
CHORDC1,ENSG00000110172,chr11,90190428,90233077,247,0.3001393717113647,0.5191570384434309,0.4380009456668855,0.24437780563455866,0.41527870067248585,0.2564167499349604,0.2379041796881819,0.47579779549905077,0.4943103657458293
FAT3,ENSG00000165323,chr11,92214817,92906473,4106,0.40827785670651084,0.5308182523814905,0.46618770599807136,0.4419488484294126,0.4550360601312718,0.32688607983803825,0.36651703173139083,0.42987898419026493,0.3902480322969124
MTNR1B,ENSG00000134640,chr11,92959650,92995066,167,0.45351332634806457,0.255193710151157,0.2794734700154377,0.37995518845686793,0.23032648137174594,0.2855517110053463,0.2554028895399948,0.009079397032348835,0.03922821849770031
SLC36A4,ENSG00000180773,chr11,93134173,93207991,267,0.35449850658843346,0.39265867567816437,0.3784954268145991,0.3409021077695468,0.35337685637607713,0.23039003889306686,0.23977795988202621,0.26827429352355714,0.2588863725345978
DEUP1,ENSG00000165325,chr11,93319970,93448487,744,0.4089389408463078,0.6797584022800105,0.5639987971794868,0.4038056496626509,0.5689227909121781,0.4172026251173407,0.4072000417865087,0.7214769500598066,0.7314795333906385
SMCO4,ENSG00000166002,chr11,93468471,93553391,506,0.46338092189069063,0.5929002191031282,0.5521255847617423,0.4314844017254229,0.4932203806085543,0.35896067030907036,0.39187222230071134,0.5397362913689656,0.5068247393773246
CEP295,ENSG00000166004,chr11,93651681,93740358,543,0.7221013443182436,0.7851634482054544,0.7776664472710194,0.7120240131104308,0.7956942151937219,0.657400004448678,0.5973092415274649,0.8804777597341761,0.9405685226553891
TAF1D,ENSG00000166012,chr11,93719947,93794391,451,0.5914033471948005,0.5678622155282924,0.49878380481286544,0.6069807952358872,0.5280197740270923,0.5216599204446701,0.5110447044385986,0.31735087560931147,0.32796609161538287
C11orf54,ENSG00000182919,chr11,93731590,93774749,253,0.5407279671436245,0.5400274773129957,0.4501093837266375,0.528070755997818,0.5497041820847888,0.4783326024185034,0.36483209846652354,0.29825592215371816,0.41175642610569796
RP11-606E8.2,ENSG00000284057,chr11,93731663,93822378,571,0.556491094702883,0.5285730581928644,0.4855546001600787,0.5730385522772096,0.48598484405701486,0.45018134155424444,0.4687750829316858,0.30180979580735157,0.2832160544299103
MED17,ENSG00000042429,chr11,93774226,93824963,340,0.5820806112016232,0.5387459660115761,0.4836161612415383,0.5731546439905937,0.5062242145781867,0.4926840681183739,0.4597330463315424,0.2811222697729095,0.31407329155974106
VSTM5,ENSG00000214376,chr11,93808231,93860618,461,0.4953827255446681,0.519026234011503,0.4648469902879673,0.5117797234525289,0.43975384029913717,0.3953474934083426,0.43477605929604785,0.3365950575198793,0.297166491632174
HEPHL1,ENSG00000181333,chr11,94011353,94124208,718,0.5413980244685088,0.5515193120074142,0.502972982634469,0.5381866537736133,0.4726083403577603,0.44117568243478517,0.46733616012723744,0.3607139750779438,0.33455349738549145
PANX1,ENSG00000110218,chr11,94118840,94191968,400,0.3176090663490709,0.47777497306193734,0.43514676412645265,0.3207823498879746,0.3916071421320004,0.23030996283740662,0.26976794886742445,0.41934673506476194,0.379888749034744
IZUMO1R,ENSG00000183560,chr11,94295591,94317721,149,0.3035003363601047,0.4829188504791482,0.38163650062056204,0.34442369840557135,0.35975547555695875,0.27028230770971284,0.317945464368736,0.38927314675856073,0.3416099900995375
GPR83,ENSG00000123901,chr11,94367315,94411419,251,0.4012375244904102,0.6420285305486152,0.52388658676448,0.3762040917414463,0.6069150554773971,0.3990465472729789,0.28275223879608513,0.6282554427540896,0.7445497512309834
MRE11,ENSG00000020922,chr11,94405569,94503885,707,0.37422075822488077,0.41291482156811665,0.45802826581804695,0.3540046522282988,0.4240885498528005,0.19440077538034406,0.20887348797485678,0.3381845862397228,0.3237118736452101
ANKRD49,ENSG00000168876,chr11,94483978,94509578,170,0.4280547253649077,0.6927546843069828,0.6014458936077476,0.43771659437680266,0.5931741280094832,0.409454363814531,0.4282440171296973,0.7706544127513772,0.7518647594362109
C11orf97,ENSG00000257057,chr11,94502460,94542123,123,0.2961261045333864,0.8283755818435177,0.6654329832319879,0.3966766645507195,0.6399804330316288,0.5093423996651029,0.6230759616947151,1.253104405437225,1.1393708434076126
PIWIL4,ENSG00000134627,chr11,94533839,94631421,401,0.31525985177081034,0.304772272362016,0.24735045253223795,0.34148374147535915,0.207110700542293,0.22903805591732268,0.27460511251909386,0.1344777655045289,0.0889107089027577
FUT4,ENSG00000196371,chr11,94533920,94559895,0,,,,,,,,,
AMOTL1,ENSG00000166025,chr11,94696430,94886748,1081,0.42722396484116026,0.4587106830116962,0.4748351933189281,0.5346765075566071,0.5427673450258383,0.2635093576619087,0.2981304340142667,0.35029200355482937,0.31567092720247153
CWC15,ENSG00000150316,chr11,94952619,94983586,167,0.5197539767963324,0.5448400258000978,0.45811060010537424,0.5313704575065378,0.5192537787219496,0.453934865311877,0.4063166431560856,0.3331714648650328,0.38078968702082416
KDM4D,ENSG00000186280,chr11,94963708,95009519,224,0.45962140060717577,0.4858493973065911,0.47840618353944014,0.5033122503214841,0.500842325745255,0.3149291034045621,0.33509976150873355,0.35030995168987783,0.33013929358570643
KDM4E,ENSG00000235268,chr11,95015257,95037596,30,0.5781963867650399,0.572111605566151,0.7254391783392659,0.4401689574277784,0.7055712188643194,0.20976292638874972,0.10314749682289825,0.6391299516841421,0.7457453812499937
KDM4F,ENSG00000255855,chr11,95039421,95061338,0,,,,,,,,,
SRSF8,ENSG00000263465,chr11,95056918,95081225,0,,,,,,,,,
ENDOD1,ENSG00000149218,chr11,95079845,95142645,386,0.475058431845389,0.5997121707240379,0.6035652514786777,0.4857932209038746,0.5724895140390891,0.3173979593339937,0.36546237778723006,0.5981734581189162,0.5501090396656798
SESN3,ENSG00000149212,chr11,95155512,95242541,355,0.3256440417703511,0.45326358343212847,0.4149561585217949,0.33089485978316746,0.41231932249619074,0.2308585756854854,0.2370154952798343,0.37292988800290083,0.36677296840855195
FAM76B,ENSG00000077458,chr11,95758952,95800409,197,0.42510304998682524,0.6474914101056911,0.5864215924662112,0.45739322055434606,0.5477729308867632,0.35666829841991704,0.43023990649917326,0.6860119901123103,0.612440382033054
CEP57,ENSG00000166037,chr11,95779964,95842693,285,0.28928522090803843,0.629041566451727,0.5828895490471055,0.3415041699812074,0.5572244552303744,0.2293725619927796,0.2973850218411476,0.7622926996121968,0.6942802397638288
MTMR2,ENSG00000087053,chr11,95811765,95935315,573,0.30964115856331936,0.6185013509780831,0.5831149378892798,0.34604413049917876,0.5621469392345455,0.22962350020328604,0.2812457372623217,0.7340244692875639,0.6824022322285282
MAML2,ENSG00000184384,chr11,95966597,96353195,0,,,,,,,,,
CCDC82,ENSG00000149231,chr11,96339240,96399956,256,0.31166489838024064,0.2597083235147802,0.2931512518554204,0.41548121478537003,0.31328436243146585,0.1636259678228339,0.23092119055409843,0.13708504520825526,0.06978982247699073
JRKL,ENSG00000183340,chr11,96379988,96517574,688,0.3545164533281051,0.4204020518142461,0.3494248993622667,0.38733341029527435,0.3515498465329143,0.2766388149160237,0.3010924282069023,0.26878179367803656,0.24432818038715792
CNTN5,ENSG00000149972,chr11,99010948,100368885,0,,,,,,,,,
ARHGAP42,ENSG00000165895,chr11,100677287,101003941,2212,0.5066234584531908,0.6494915463542593,0.6117904403779737,0.4410436165832415,0.5692560844144738,0.4043215457241093,0.39390638005076445,0.6440489082561467,0.6544640739294914
PGR,ENSG00000082175,chr11,101019623,101139813,727,0.333185410326413,0.369434681845749,0.3689901937186748,0.3359874674260307,0.3572646893565544,0.20297395202997212,0.21428524993109455,0.2581645795232581,0.24685328162213568
TRPC6,ENSG00000137672,chr11,101441563,101882562,3133,0.4396612123209048,0.5333856347320256,0.4882404097735871,0.40756618114590665,0.4537719937035049,0.33578275918924994,0.34052472332294137,0.4264693735642238,0.42172740943053233
ANGPTL5,ENSG00000187151,chr11,101880673,101926522,289,0.3653928282990173,0.5283444217605381,0.43791869524471705,0.36240562130529036,0.41699120873136647,0.3150732982369201,0.33100311069784594,0.4364329686452733,0.42050315618434747
CEP126,ENSG00000110318,chr11,101905009,102011062,583,0.2502667335273401,0.2615892344497607,0.2938166161930765,0.2796063291716322,0.3329189566019093,0.12170623598177183,0.11318436579355093,0.18154878035375757,0.19007065054197841
CFAP300,ENSG00000137691,chr11,102037436,102094554,296,0.37008472637087786,0.29953468688829415,0.22803160204725323,0.3659607181288409,0.217204725925055,0.27968436080658626,0.28338535937570447,0.07632607095255556,0.07262507238343732
YAP1,ENSG00000137693,chr11,102100446,102243424,806,0.40445867683730197,0.6075943270901015,0.5917500148191812,0.37688260649518873,0.5589185354760723,0.27893400561064763,0.2949768730044122,0.6565250888278543,0.64048222143409
BIRC3,ENSG00000023445,chr11,102307449,102349403,194,0.3571811448013996,0.5553061941925049,0.4958712507148903,0.4038192821894442,0.5363775256413293,0.2836690172580629,0.2794480298895688,0.5267002932284366,0.5309212805969307
BIRC2,ENSG00000110330,chr11,102337210,102388670,223,0.465100504864142,0.602706676151674,0.5715608210159486,0.4120367377055515,0.6105235053378654,0.35057516951082074,0.25560973463808445,0.5725052505968162,0.6674706854695527
TMEM123,ENSG00000152558,chr11,102386331,102480384,487,0.6146011628036593,0.737318288862287,0.7378551785649357,0.5334174532804273,0.6979319837942402,0.47571528465223956,0.4510147305556331,0.8610969188753315,0.8857974729719377
MMP7,ENSG00000137673,chr11,102510507,102540750,187,0.3343092964297287,0.37576956438362075,0.3245781097429385,0.28722112456619414,0.28084648061903544,0.24287402777538544,0.24006965204927816,0.22836166316053683,0.2311660388866441
MMP20,ENSG00000137674,chr11,102566831,102635332,548,0.5076279105827347,0.6927168060693281,0.5897851650439523,0.3949019766824543,0.5849850641596193,0.49871590049869996,0.40145477171816096,0.6812696002968913,0.7785307290774304
MMP27,ENSG00000137675,chr11,102681486,102715769,317,0.3893628699092355,0.43684180541883333,0.36775298866329387,0.35076955964502643,0.38048178225892654,0.30448598806755905,0.2636745447521994,0.2697087171973153,0.31052016051267495
MMP8,ENSG00000118113,chr11,102701795,102737050,312,0.43657698292086433,0.5565312909699829,0.499115661473176,0.5012799208290455,0.5087316764225295,0.3477362695238289,0.3990367609781911,0.4653917648087776,0.4140912733544153
MMP10,ENSG00000166670,chr11,102760501,102790628,113,0.4283567407066326,0.704353458246588,0.7003629208750833,0.4319922637315748,0.6662340073442247,0.2863237678567354,0.34344787084855655,0.9322668860235006,0.8751427830316796
MMP1,ENSG00000196611,chr11,102779400,102808160,77,0.6026155289959322,0.6047575950547719,0.47864957665029356,0.5516618558200637,0.5371797121797122,0.599887089647998,0.480023558280048,0.3283689292540337,0.44823246062198374
MMP3,ENSG00000149968,chr11,102825800,102853609,155,0.4424306188312152,0.4740185704553253,0.443240667492826,0.3087651111633533,0.3975823818399847,0.3205177471342388,0.25248030131197086,0.3219716247815731,0.3900090706038411
MMP12,ENSG00000262406,chr11,102852735,102884982,141,0.08363226476876712,0.205762641855145,0.18450478183592275,0.11906853377358384,0.15148276373454975,0.05687536962492776,0.09644174446693184,0.173497553054615,0.13393117821261086
MMP13,ENSG00000137745,chr11,102932994,102965732,194,0.3873072115148443,0.4613817813694691,0.4288839371438319,0.4220481824848941,0.36910633045510904,0.27423853755877026,0.35319755304867834,0.3445097357164827,0.2655507202265748
DCUN1D5,ENSG00000137692,chr11,103040685,103102194,269,0.2152870270385766,0.19614171034399655,0.22373856037763729,0.17944499982057083,0.22849223858022827,0.10375182038865735,0.07834903655307546,0.11458046159630338,0.13998324543188528
DYNC2H1,ENSG00000187240,chr11,103099409,103489863,2592,0.368694787598682,0.43746820596333275,0.3876392211165712,0.3928746874907898,0.38163800668048514,0.2724198993071767,0.2968232220241677,0.30288772446188184,0.2784844017448908
PDGFD,ENSG00000170962,chr11,103897188,104174379,1985,0.3198308492027387,0.35442820851236956,0.30645491140498116,0.34646198960669844,0.2932071691331975,0.2285467958472307,0.2579778790316477,0.20907206061636,0.1796409774319429
DDI1,ENSG00000170967,chr11,104026639,104049196,168,0.3723815508839204,0.3541432191095037,0.231553527412197,0.3680938408272445,0.1646123831973884,0.31980799660532977,0.35816621463186127,0.11736950458149603,0.07901128655496456
CASP4,ENSG00000196954,chr11,104932865,104979366,358,0.5512899938957234,0.6205549577271736,0.6117638063650171,0.5922517611852359,0.625955329559286,0.4121412983647574,0.4413854082636217,0.5569042104139506,0.527660100515086
CASP5,ENSG00000137757,chr11,104984234,105033168,55,0.19366625482857613,0.29159796725014114,0.24030325689310697,0.2737876992499929,0.3862740842809295,0.14258255115463042,0.08822477168931961,0.20216095242850868,0.25651873189381946
CASP1,ENSG00000137752,chr11,105015442,105045250,0,,,,,,,,,
CARD18,ENSG00000255501,chr11,105127713,105541697,2650,0.4227431579103644,0.5128006531644632,0.5130662740613695,0.43111488714925794,0.47518930636842244,0.27446131481041997,0.3192205070677467,0.4446205884264835,0.3998613961691567
GRIA4,ENSG00000152578,chr11,105599993,105992092,0,,,,,,,,,
MSANTD4,ENSG00000170903,chr11,105985622,106032403,200,0.5520346143815518,0.43358603266290957,0.4688511149423053,0.5175489289349754,0.44465314410399864,0.3693782399942342,0.35457172632870193,0.19905183706588375,0.21385835073141618
KBTBD3,ENSG00000182359,chr11,106041097,106087459,226,0.6858468902903491,0.5674948421267155,0.6157663041913001,0.6749027535148094,0.5769801477749155,0.5197657498345158,0.550727889677566,0.31839527712822124,0.28743313728517106
AASDHPPT,ENSG00000149313,chr11,106065500,106108699,203,0.6264728810975627,0.6269370894289285,0.7014821652681693,0.6372268592918341,0.6126992415989146,0.3809236409822243,0.5257160375169604,0.6050845715293236,0.4602921749945875
GUCY1A2,ENSG00000152402,chr11,106664018,107028476,1906,0.39818258662021655,0.4857978418869723,0.4326158001475492,0.4499385819534713,0.4402407916636515,0.30311068163436705,0.3413077760533513,0.3620281054943961,0.3238310110754118
CWF19L2,ENSG00000152404,chr11,107316344,107467844,894,0.4068570837377226,0.3405652857351818,0.19437336188870213,0.41880991583851995,0.25294171676963917,0.3612786680358373,0.33371881953969496,0.055093636464143614,0.08265348496028596
ALKBH8,ENSG00000137760,chr11,107492726,107575742,581,0.5066513997030012,0.6289002124554253,0.6105892706931455,0.5288987503968956,0.5595968200001541,0.3773514526250029,0.46195093536183224,0.6139328307925658,0.5293333480557364
ELMOD1,ENSG00000110675,chr11,107581090,107676779,543,0.40208896718403225,0.391669274876188,0.3392094357950308,0.38812503350293426,0.38115525659987437,0.2985157817685872,0.2541815266940587,0.1985208073419653,0.2428550624164938
SLN,ENSG00000170290,chr11,107697377,107729693,192,0.35801891802093716,0.5753480850281898,0.49068054545017553,0.32420251814759443,0.4773763155713931,0.31250103253483463,0.2997268467859465,0.5439844367016976,0.5567586224505857
SLC35F2,ENSG00000110660,chr11,107780990,107938293,1099,0.3548750000733019,0.437210372356892,0.4706938597340753,0.36709992260482355,0.5024614118936442,0.18848613349927146,0.16710497369189503,0.3863632503287616,0.407744410136138
RAB39A,ENSG00000179331,chr11,107918447,107973482,361,0.396866505378592,0.647458492227319,0.5368994136985581,0.47023467917087874,0.5776550166003114,0.38919631714865893,0.40798763489719175,0.653390593966829,0.6345992762182961
CUL5,ENSG00000166266,chr11,107998897,108117761,634,0.5665580282311441,0.6605667889124287,0.5964137367911071,0.561892587074519,0.6045260713756453,0.5045552017100952,0.48904941415683995,0.5759228769092,0.5914286644624551
ACAT1,ENSG00000075239,chr11,108106694,108157603,279,0.5606446752093424,0.6472443062109906,0.5798965979476982,0.415250113668534,0.5855413495275518,0.4985859710018184,0.3488842740758554,0.5433935762323485,0.6930952731583115
NPAT,ENSG00000149308,chr11,108147214,108232638,430,0.5055186417586928,0.3161917592904458,0.4370125306647971,0.4932952473339392,0.4270923654626732,0.2549128346443555,0.25143688293665745,0.12516491586042666,0.1286408675681247
ATM,ENSG00000149311,chr11,108213043,108379102,721,0.5514684726373172,0.2554708072826726,0.4135667482520661,0.5297321737366657,0.360305395922846,0.2815415480796698,0.3013458611367959,0.013461668375445768,0.0
C11orf65,ENSG00000166323,chr11,108298518,108477531,804,0.49413564160193657,0.2695446641850028,0.3916488818578909,0.46920756507485123,0.3545412936289435,0.249285418438321,0.25483868907757923,0.06480177315933949,0.05924850252008129
POGLUT3,ENSG00000178202,chr11,108462111,108508384,243,0.36102995632200524,0.2681702503017827,0.30168218327083285,0.3230034281136852,0.33464061048545807,0.2005120625683285,0.14743424763461915,0.11169531188345769,0.164773126817167
EXPH5,ENSG00000110723,chr11,108495434,108603768,728,0.465314149332986,0.4955482912361039,0.4616506418107518,0.4601395578053321,0.4508475325370355,0.3455557497093089,0.3506743102207147,0.3387274150440678,0.333608854532662
DDX10,ENSG00000178105,chr11,108655068,108950927,1372,0.48694337174597446,0.49507819645323936,0.3954054715627375,0.5284397157563236,0.4330577944714259,0.42376175651760783,0.43378106210462686,0.2595899496406709,0.24957064405365192
C11orf87,ENSG00000185742,chr11,109412189,109439167,128,0.1485029027019547,0.47182834485621433,0.3559197970192402,0.14007461127643225,0.31374609377137824,0.17958055482135776,0.20636800021505294,0.4587533888505271,0.4319659434568319
RDX,ENSG00000137710,chr11,109854294,110306712,2398,0.42911982455585684,0.4552389084002634,0.4212743746420854,0.4609726876024457,0.4262726455762015,0.31052854784657546,0.33489799683537996,0.2968793966191009,0.2725099476302964
ZC3H12C,ENSG00000149289,chr11,110083391,110181841,557,0.4323763036338683,0.5163453650072503,0.44230445383394773,0.43334748874684614,0.4483507968268939,0.35436934777884466,0.3497751364389086,0.37201484325923867,0.37660905459917454
FDX1,ENSG00000137714,chr11,110419947,110474884,392,0.27691890073230463,0.5263233121731145,0.40842273316183136,0.24460923837432053,0.47854542201415334,0.27325060018552044,0.18830863732595432,0.47397968302516186,0.5589216458847279
ARHGAP20,ENSG00000137727,chr11,110567041,110723189,863,0.3180975732052741,0.4323761082257376,0.39511234783669447,0.32725620831272845,0.37048394786389016,0.22322620272373278,0.24994151681585433,0.3430700392328359,0.3163547251407144
C11orf53,ENSG00000150750,chr11,111235724,111296401,329,0.3906263575895613,0.44788211078189755,0.431914349218134,0.33371190505052534,0.3701077852052551,0.26191713757792484,0.2689101265991214,0.33207655050529417,0.32508356148409767
COLCA2,ENSG00000214290,chr11,111288554,111318735,183,0.47526663712958056,0.6036811222732099,0.6559138592344913,0.3854196393069359,0.5734738375744179,0.25176896343922217,0.28013507880364025,0.6737671815408615,0.6454010661764433
POU2AF1,ENSG00000110777,chr11,111342254,111465630,939,0.5343128197508715,0.5628227768789241,0.5234414195398103,0.5461274040842711,0.5058616608967506,0.42524657704972774,0.4562078024654132,0.4021700441484386,0.3712088187327532
BTG4,ENSG00000137707,chr11,111457525,111522354,395,0.5654854709719367,0.8008074842691536,0.7559428537930531,0.5394152874708337,0.6976553893132563,0.5183282635806467,0.5962770857422711,1.0951552425891213,1.0172064204274969
HOATZ,ENSG00000183644,chr11,111504777,111547043,266,0.5574386341393609,0.7851392070443142,0.7815047241527596,0.45500513509910645,0.7159110204375656,0.41597509695151424,0.4431380300857921,1.1217898382298945,1.0946269050956168
LAYN,ENSG00000204381,chr11,111530279,111571745,269,0.5164644624976383,0.8260888679541528,0.8528558765072431,0.4777389042355357,0.835811745641057,0.27974928564227985,0.29602843062430995,1.4694615599637566,1.4531824149817265
SIK2,ENSG00000170145,chr11,111592448,111740855,633,0.5542047992659479,0.8338547525017868,0.7679858147705988,0.48019980842006965,0.7410296282548988,0.5709158729599123,0.5490810289250675,1.2239770153128497,1.2458118593476946
PPP2R1B,ENSG00000137713,chr11,111716907,111776389,216,0.5034714588735297,0.5806341657968653,0.6380584719371922,0.48658180298739284,0.6226875333735074,0.27642666747842937,0.2804972917594591,0.5925849598660592,0.5885143355850296
ALG9,ENSG00000086848,chr11,111772194,111881581,394,0.5123216351166882,0.44537578600516176,0.4180028788008671,0.46178954173670167,0.38047639814928014,0.383136943794018,0.36508280750239996,0.20632754267312248,0.22438167896474043
RP11-108O10.8,ENSG00000258529,chr11,111776285,111889425,413,0.4769723970443841,0.4271338799538761,0.3957849045338503,0.4280093052978089,0.3697695727035581,0.3506996245136605,0.3270330119189113,0.20640361244250421,0.23007022503725333
FDXACB1,ENSG00000255561,chr11,111864055,111891243,98,0.3289064513498084,0.37499198954154533,0.3083691302994915,0.36618823387907273,0.36588279245357214,0.25006732829073564,0.2352363042005649,0.21992348430360614,0.23475450839377682
C11orf1,ENSG00000137720,chr11,111868934,111895975,98,0.2419412113223058,0.38689406297889184,0.3461199383044429,0.319843400862269,0.3460288348510813,0.17069027156474292,0.22497886832154682,0.31852726908593587,0.264238672329132
CRYAB,ENSG00000109846,chr11,111898563,111933722,141,0.41154553274786343,0.4539364264110027,0.41812532090526217,0.38605630034269955,0.3682784484861807,0.296887709273571,0.3167826796553646,0.3081321655970225,0.28823719521522884
HSPB2,ENSG00000170276,chr11,111902733,111924093,78,0.4333817480557729,0.3922161671207992,0.4342847742740663,0.36038242797743203,0.39219228084571944,0.24817050755505476,0.2234620623904053,0.24976549070717496,0.27447393587182445
HSPB2-C11orf52,ENSG00000254445,chr11,111902735,111936871,131,0.4348937953601528,0.39608985396099766,0.42607982568527814,0.38226044240301815,0.4087024964495321,0.2599032440823923,0.2302910985023457,0.24442661286760442,0.274038758447651
C11orf52,ENSG00000149300,chr11,111908031,111936871,112,0.36142498916402827,0.31057237548048844,0.3242030559975718,0.31512055489141544,0.27377538528617656,0.21427352960081905,0.21525503936204998,0.15762002572201705,0.15663851596078618
DIXDC1,ENSG00000150764,chr11,111917143,112032653,459,0.3410984947092717,0.34211382113821154,0.32922335795828384,0.28362831804262634,0.31051290370669166,0.21829274445022387,0.19023609219818466,0.20043059862264914,0.22848725087468838
DLAT,ENSG00000150768,chr11,112015407,112074404,249,0.3856946509177013,0.2846256289410763,0.22382310005839717,0.3557501218010563,0.2718021087358563,0.2844188098689198,0.22871772843687665,0.050530467561099496,0.10623154899314269
PIH1D2,ENSG00000150773,chr11,112053217,112084274,124,0.3041249164980465,0.17638525225335452,0.3064658396942474,0.3394674476319522,0.24228682467636048,0.09534136370949792,0.1656554538630977,0.09871103383609167,0.028396943682491876
NKAPD1,ENSG00000150776,chr11,112064085,112095150,134,0.2912364351183825,0.4170524675324675,0.5433694327107537,0.4104575910327498,0.5629071752642357,0.05000538786266745,0.12022851030455717,0.48965270458636506,0.41942958214447534
TIMM8B,ENSG00000150779,chr11,112074799,112096798,99,0.5436638371666951,0.5353454648921999,0.6534662170828356,0.45685714677656725,0.6179743585429129,0.24560582956070842,0.2072882242850862,0.5208552551992742,0.5591728604748964
SDHD,ENSG00000204370,chr11,112076823,112130016,254,0.5311070141600663,0.5877349881475444,0.6387954552802784,0.4963295953661678,0.5642873821384092,0.31257937014083803,0.37057485067981505,0.5735095336256341,0.5155140530866571
AP002884.2,ENSG00000255292,chr11,112076902,112203805,538,0.5092165723080808,0.732539207076722,0.7192066105966853,0.45971870553779143,0.68007586926246,0.38019923770258035,0.3973881242688785,0.9385830541968196,0.9213941676305215
IL18,ENSG00000150782,chr11,112133252,112174096,147,0.3793299001300676,0.8116919796068824,0.8009698316276991,0.40644196336127875,0.7686993889182765,0.26616648149703204,0.3636297326736304,1.4035097690322305,1.3060465178556322
TEX12,ENSG00000150783,chr11,112157371,112182556,111,0.37683269314196133,0.7563914745541539,0.6719209879224991,0.3706006631197471,0.6558964747643993,0.385316091410166,0.40418468626452986,1.0268766546234869,1.008008059769123
BCO2,ENSG00000197580,chr11,112165509,112234699,339,0.5348018242226125,0.7744025837655519,0.6986476668527337,0.5269858531483805,0.7059406264515133,0.5274099176187323,0.5068298066289858,0.9615932946665744,0.982173405656321
PTS,ENSG00000150787,chr11,112216366,112279955,428,0.6373343907273799,0.6642512552077768,0.5678966131392407,0.5766777856649443,0.5010686544774071,0.633287920009074,0.6278635295892077,0.4581042620957714,0.4635286525156378
PLET1,ENSG00000188771,chr11,112238152,112270860,234,0.6205427600100616,0.7086085752439649,0.5759105545581992,0.5710188817061608,0.5051060180685486,0.6721451433606142,0.6880092352252941,0.5609426700352382,0.5450785781705582
NCAM1,ENSG00000149294,chr11,112951246,113288436,2013,0.41075823133762224,0.4097874335206567,0.3592251971272374,0.37190524835239047,0.3391643592894122,0.30555701293996096,0.2890433238727036,0.2217155118600686,0.2382292009273259
TTC12,ENSG00000149292,chr11,113304578,113393544,527,0.3239444651206563,0.36293781737790576,0.2981472787563291,0.3920801864398644,0.324803412990668,0.2441681843014793,0.27792445552540956,0.20671982594174046,0.17296355471781016
ANKK1,ENSG00000170209,chr11,113377778,113410416,243,0.38087186297022907,0.26890470144773493,0.2283889348593031,0.47179027181126276,0.33681899610102217,0.2666899120119617,0.27038300167559104,0.046521548340925145,0.04282845867729579
DRD2,ENSG00000149295,chr11,113399604,113485691,541,0.41206423477405574,0.4008803275134727,0.3612107725112411,0.4796133008609754,0.4360819557787384,0.2976253835555114,0.2963153277899853,0.21466853014321563,0.21597858590874164
TMPRSS5,ENSG00000166682,chr11,113677546,113716373,238,0.2958004467699511,0.4880120245324633,0.4016085893428041,0.34316277773501225,0.38620101651188693,0.25331872002889194,0.3008426985218697,0.4161354196044913,0.36861144111151367
ZW10,ENSG00000086827,chr11,113723186,113783735,314,0.4556355368186113,0.556718840411148,0.4934760599829865,0.4040865115832582,0.43960074229430435,0.3707518175203783,0.3760525127570107,0.44279922097743607,0.4374985257408037
CLDN25,ENSG00000228607,chr11,113769746,113790500,119,0.2566635496932129,0.2891838842975207,0.2710297569116025,0.18044778338999007,0.3082790771316974,0.16091282684222383,0.08588299007761901,0.1804286834905518,0.2554585202551566
USP28,ENSG00000048028,chr11,113787873,113885570,513,0.3780919245807058,0.5176472322738006,0.46669386232482846,0.3979250164359683,0.4768072553879149,0.28769144133814467,0.2943237435628842,0.4413881080399543,0.4347558058152147
HTR3B,ENSG00000149305,chr11,113894676,113959078,398,0.3338471667141997,0.509418837869407,0.46997397709714817,0.34960672856436437,0.4264509998879986,0.2417857635221492,0.2932153529969328,0.47037878198676253,0.4189491925119789
HTR3A,ENSG00000166736,chr11,113965074,114000313,217,0.5946087885962102,0.6417541594692611,0.6698561619424176,0.595691954092559,0.662511780196106,0.41060585015166207,0.4229446754989472,0.6159299727109113,0.6035911473636261
ZBTB16,ENSG00000109906,chr11,114049040,114266765,1601,0.4262976663052944,0.4646860052762288,0.423089049188231,0.4569351038605104,0.3855076630606826,0.3152395210378069,0.3742347149445787,0.3096622771845658,0.2506670832777939
NNMT,ENSG00000166741,chr11,114247786,114323536,479,0.4101922039157727,0.4652759303527334,0.45128767962921434,0.45458574084000064,0.4568878587619499,0.27689100294319313,0.310887314277171,0.3491134198603336,0.31511710852635577
C11orf71,ENSG00000180425,chr11,114381442,114410511,135,0.32251601036331906,0.38160211214879614,0.34978125986817915,0.3376857575686152,0.26417515538854447,0.21977305291833454,0.2929375875004428,0.2608501443022384,0.18768560972013013
RBM7,ENSG00000076053,chr11,114390029,114424203,178,0.32805402188445965,0.2789953274635817,0.23761452047601767,0.3462910650500578,0.19348141010695255,0.2266920099580134,0.2685872048355234,0.10041765112713871,0.05852245624962868
RP11-212D19.4,ENSG00000255663,chr11,114390681,114453932,378,0.2963680256559421,0.3460715545354797,0.2993774605750683,0.31322485024428737,0.25541328538173963,0.21023558510525261,0.2527898586848061,0.21452175901017176,0.17196748543061818
REXO2,ENSG00000076043,chr11,114429434,114460279,201,0.3683578432417288,0.4779462020573449,0.3478469581113689,0.4175131641080418,0.35799898483983356,0.3409704351464923,0.37363396714740604,0.30901420007061986,0.2763506680697062
NXPE1,ENSG00000095110,chr11,114511644,114569895,345,0.3031435082053051,0.3889418786242018,0.3427328503643044,0.28246120489697374,0.333272426184558,0.2170371300920797,0.20955885537763647,0.2755260692412517,0.2830043439556949
NXPE4,ENSG00000137634,chr11,114560590,114605786,319,0.23320009931308966,0.26664436079743487,0.23420964715151935,0.21714901694908081,0.25608494772635093,0.15440353574946566,0.12955450022234716,0.15572097592255738,0.18057001144967588
NXPE2,ENSG00000204361,chr11,114668526,114717069,243,0.4286352533369502,0.6666950840107544,0.5794417468221739,0.5118182656463035,0.5645663484780203,0.39612637790294186,0.49217611795466126,0.7025711664315921,0.6065214263798726
CADM1,ENSG00000182985,chr11,115159217,115514957,1712,0.4427273265178616,0.5608634735709217,0.4794862612401902,0.39889137043798345,0.49722324386416616,0.3773532717616355,0.3221577503435383,0.4455916483502987,0.5007871697683959
BUD13,ENSG00000137656,chr11,116738169,116782987,265,0.36676909390585344,0.2621397017104415,0.2773101692093779,0.3742230079447341,0.2257877226723599,0.21807288043937273,0.2584264006022612,0.08592788957199013,0.0455743694091017
ZPR1,ENSG00000109917,chr11,116763798,116798039,192,0.43422556046940375,0.34101817405563806,0.33345562631413106,0.4929075298363586,0.37732615978220235,0.2904852778124304,0.3111943999842582,0.1265740452806241,0.1058649231087963
APOA5,ENSG00000110243,chr11,116779366,116802420,130,0.531056262736373,0.47623488603507186,0.36585340755743634,0.6367042302634289,0.40703884859729017,0.47425464948218143,0.568311770334456,0.1724573014676961,0.07840018061542164
APOA4,ENSG00000110244,chr11,116810699,116833304,169,0.37590353435646434,0.4311956019047299,0.31407403755799496,0.43645991664273737,0.38574320268232326,0.32934170746065083,0.3251966409394389,0.23487696082734488,0.23902202734855688
APOC3,ENSG00000110245,chr11,116819705,116843072,197,0.34829557396316774,0.34631308636953045,0.3351971071040083,0.43459073461528375,0.3652484081472533,0.2225131188529751,0.2704053317376423,0.20261364863319456,0.15472143574852737
APOA1,ENSG00000118137,chr11,116825750,116847622,173,0.3709566568894728,0.3273611107542656,0.29320635400837247,0.40752585509905814,0.3086836556419062,0.25654262517909415,0.2754184764569071,0.14000403689130758,0.12112818561349459
SIK3,ENSG00000160584,chr11,116833401,117108437,1660,0.28720492480549115,0.31000238895605864,0.24792087711391467,0.41628939085888994,0.34876351623703755,0.212357355818331,0.24026732724328312,0.15870978783365192,0.13079981640869986
PAFAH1B2,ENSG00000168092,chr11,117134283,117186894,296,0.3166192893301296,0.460788115012046,0.38650084861867096,0.5315163446108097,0.4337413446504355,0.25488672244764243,0.40359821292046594,0.36275995528771016,0.21404846481488654
SIDT2,ENSG00000149577,chr11,117168735,117207445,237,0.30819057937162253,0.4300270266533953,0.3719708385049988,0.5167266839325552,0.5099282692460203,0.23272121068994295,0.2880678693804757,0.3294451237691287,0.27409846507859603
TAGLN,ENSG00000149591,chr11,117189369,117217464,166,0.28695097082589477,0.33414715359148206,0.34786386167271804,0.4032438770108606,0.4460745818258109,0.1586948713848343,0.16610405595886651,0.24799171280881846,0.24058252823478626
PCSK7,ENSG00000160613,chr11,117194336,117242525,295,0.3661743540343232,0.4220887927446256,0.37885761082909525,0.382931873443371,0.46838743493185137,0.2640607391520522,0.19963528601680974,0.2842743036240125,0.34869975675925496
RNF214,ENSG00000167257,chr11,117222624,117296454,388,0.5695307216411712,0.6088065871448792,0.5813131762209296,0.45175776117327454,0.5309620657552695,0.4554002119071165,0.3912597983817914,0.48315296736103014,0.5472933808863552
BACE1,ENSG00000186318,chr11,117275231,117326259,271,0.5699408336701283,0.5757177985940249,0.5708544403888509,0.4733890439631049,0.5384051881128484,0.42761492081157687,0.3627909497133022,0.4297415549779405,0.4945655260762152
CEP164,ENSG00000110274,chr11,117304556,117423266,651,0.3901827702298112,0.46443640916365614,0.46122683850302815,0.3772389735937489,0.4168292317497816,0.2502854942388571,0.2793764210916632,0.37415015151108,0.3450592246582739
DSCAML1,ENSG00000177103,chr11,117417771,117827525,2995,0.45659372490285655,0.4667556701931669,0.41396325600988904,0.45368777298581003,0.39352435360205473,0.3521504004298491,0.3666247357773406,0.2766251545309986,0.2621508191835071
FXYD2,ENSG00000137731,chr11,117790843,117838698,336,0.3718149254785562,0.3580913540872527,0.2957107290288109,0.3425305014381921,0.30802255541372403,0.2788318109145887,0.24723213455271797,0.1644774705886991,0.19607714695056983
FXYD6-FXYD2,ENSG00000255245,chr11,117810162,117886667,513,0.4309579556037932,0.4610360880818988,0.4316049555144137,0.42190945129327045,0.4146758449926431,0.30848450939106126,0.315270976956105,0.30962215469333887,0.3028356871282951
FXYD6,ENSG00000137726,chr11,117826975,117887486,405,0.4581435306221528,0.44289664253774663,0.4311738811176903,0.43936908777121036,0.4089994030909058,0.316789071139809,0.31887937208033634,0.2682154241558271,0.26612512321529963
TMPRSS13,ENSG00000137747,chr11,117890640,117939459,404,0.4457598750630044,0.5155589878343547,0.48955355310106635,0.5076409614180639,0.5016492460295887,0.32122365124647323,0.3684277778790769,0.40353595373307427,0.3563318271004708
IL10RA,ENSG00000110324,chr11,117976369,118013037,223,0.3538192887546452,0.3377479133778412,0.34591768517333116,0.36897562584578963,0.3186153074572024,0.21213150189052657,0.24444577533584033,0.19997749813705834,0.16766322469174458
SMIM35,ENSG00000255274,chr11,117993633,118098299,774,0.3574554393937995,0.44992800564472296,0.4154033314942896,0.3571931086889191,0.4146283789981796,0.2515960475015516,0.25205432552013934,0.34611006299279656,0.3456517849742088
TMPRSS4,ENSG00000137648,chr11,118067011,118131890,519,0.41710104624600947,0.566508145461227,0.4886959504055638,0.43015792825434085,0.5195892259347051,0.3524164225122642,0.3325822674190713,0.48346585041710677,0.5033000055102995
SCN4B,ENSG00000177098,chr11,118123376,118162888,242,0.3346573243936746,0.5338750756046321,0.42887885806475856,0.3144937294643877,0.415349509795957,0.30530036887137785,0.30207908618720536,0.45800123380997926,0.4612225164941517
SCN2B,ENSG00000149575,chr11,118152805,118186639,276,0.27549878221669927,0.40752251833967873,0.376157409721009,0.2454563465837373,0.3841301234399509,0.18692852354523848,0.16018249012783303,0.3365138887864333,0.36325992220383885
JAML,ENSG00000160593,chr11,118183724,118235094,292,0.43825462977719487,0.41111438612104606,0.3863551139004652,0.3765554970900947,0.33290360973495553,0.3089455241169857,0.2985990572769729,0.2205777940142471,0.23092426085425996
MPZL3,ENSG00000160588,chr11,118216689,118262365,288,0.47856279427060244,0.4950436932281227,0.4812195703258002,0.3974399839764743,0.4206406181947208,0.33908762390698066,0.3220095408094715,0.3441957507867827,0.3612738338842919
MPZL2,ENSG00000149573,chr11,118243415,118274536,185,0.42279206365962024,0.5226859280109085,0.5029066876586646,0.4260744916722329,0.44254208885149227,0.2950778780283609,0.3552339831215751,0.44450269489361816,0.38434658980040404
CD3E,ENSG00000198851,chr11,118294729,118326175,163,0.29302378844542226,0.44028402092480684,0.30445273757850744,0.2670340581018524,0.3654956727830385,0.2820138747392931,0.21803533716513454,0.29831192939591183,0.3622904669700704
CD3D,ENSG00000167286,chr11,118329074,118352705,105,0.2674692651526522,0.23366422776992726,0.24174302409969095,0.3288566234159253,0.2878805521446416,0.15032595400929208,0.16269886569664707,0.11580890632945842,0.10343599464210343
CD3G,ENSG00000160654,chr11,118334343,118365161,140,0.3054774814075611,0.3522495026996306,0.2661626275984863,0.3239376800955624,0.3188568689793907,0.24465627326863854,0.22086844628952307,0.18959341853653813,0.2133812455156536
UBE4A,ENSG00000110344,chr11,118349599,118409211,226,0.24592452618708774,0.2527579156150585,0.2121904323860622,0.220209703943766,0.24962604558162863,0.16756500258125553,0.12645636335038785,0.12380106828733131,0.164909707518199
RP11-770J1.8,ENSG00000285827,chr11,118391601,118492737,268,0.3430535799587914,0.2805329949731,0.2476204896834726,0.3115107962819859,0.24823643887018026,0.23244150690764412,0.20858341792635104,0.09680310499608799,0.12066119397738104
ATP5MG,ENSG00000167283,chr11,118391605,118441496,133,0.18754615557632823,0.20797608127678824,0.15639368546775526,0.0836945729025779,0.15484978376993971,0.13539525764293478,0.07616416233363002,0.09776842957270392,0.15699952488200866
KMT2A,ENSG00000118058,chr11,118426489,118536832,302,0.42178298933926994,0.3814190947598968,0.4128095316094861,0.4626735892453662,0.4225427204374572,0.24786364129691835,0.2761780003401937,0.23246364561176075,0.20414928656848547
TTC36,ENSG00000172425,chr11,118517471,118541197,92,0.24973471775879436,0.3173593481989708,0.3303475769782952,0.22011348972525835,0.30935553693618206,0.13405932122629316,0.13013172330070655,0.24772736870400872,0.2516549666295953
TMEM25,ENSG00000149582,chr11,118521040,118557280,174,0.2205887594113831,0.28469349632595803,0.25748435456797414,0.1864832938730227,0.2843825959534453,0.1432746392573205,0.10341168068494488,0.19176951241912407,0.23163247099149964
IFT46,ENSG00000118096,chr11,118534527,118582970,285,0.16956214398197958,0.2449880459244919,0.21630465541415808,0.1590479410971422,0.2074348116960376,0.11154447566143463,0.1108809010365127,0.16947722098442813,0.1701407956093501
ARCN1,ENSG00000095139,chr11,118562389,118613033,238,0.18686002046122513,0.3075696903450242,0.2856242605478541,0.19162361948569268,0.31274167106947476,0.11902674011631645,0.10261508025949276,0.24852094174574807,0.26493260160257176
PHLDB1,ENSG00000019144,chr11,118596439,118668031,321,0.4521162944682113,0.40709681127479636,0.3881230791923656,0.3157629478742481,0.3331475181985749,0.3165961271754574,0.2484942899111725,0.20612802292397175,0.2742298601882567
TREH,ENSG00000118094,chr11,118647315,118689690,0,,,,,,,,,
DDX6,ENSG00000110367,chr11,118737762,118801164,345,0.5036127164202504,0.5307681688932239,0.5088078575883391,0.4658214224783824,0.4867505083689988,0.373068633769536,0.35834509539421194,0.3835896895008549,0.39831322787617895
CXCR5,ENSG00000160683,chr11,118873891,118907787,179,0.3751829300593376,0.38477430514972294,0.3164442427016962,0.403408959935804,0.37087592590851104,0.28780770259389665,0.2694313673594272,0.1979583924073103,0.2163347276417797
BCL9L,ENSG00000186174,chr11,118883874,118935926,295,0.41273440145404106,0.44904342494333627,0.42237161300933335,0.4268520266018519,0.45988057477999505,0.28977641585079933,0.26837281517617256,0.3063228682336158,0.3277264689082425
UPK2,ENSG00000110375,chr11,118915163,118968559,240,0.35721908009418796,0.4362749979869554,0.442654371338264,0.4109669770109897,0.4784670911914083,0.21528517328344837,0.22573942989471762,0.35790355819214414,0.34744930158087495
FOXR1,ENSG00000176302,chr11,118961711,118991287,206,0.23686736849465648,0.15593194551368478,0.08180093823567554,0.17892600850775764,0.10505384527990394,0.17725225960183674,0.1278362397442744,0.0,0.04168591461496879
CENATAC,ENSG00000186166,chr11,118988137,119025793,254,0.2642983542473355,0.23552568746499827,0.15102482083838387,0.2499432281133977,0.15488944861344478,0.20588607055135838,0.19394270192635582,0.06268078397279545,0.07462415259779803
RPS25,ENSG00000118181,chr11,119005711,119028691,178,0.23328460218971042,0.18422370384919898,0.09889195473247847,0.2573310150209117,0.1872640511675098,0.18256230118086492,0.14688547255342038,0.021052807296307097,0.05672963592375163
TRAPPC4,ENSG00000196655,chr11,119008762,119035454,200,0.2996251013549636,0.2773584873618498,0.15228202560779497,0.32212150432236347,0.18122137308127256,0.25788712743473563,0.25684385073995614,0.0669548854967921,0.06799816219157165
SLC37A4,ENSG00000137700,chr11,119014113,119040906,197,0.28799362420246927,0.16083023751887449,0.17875098237539847,0.309918917833602,0.21792877532116453,0.15904088068507816,0.1502394846936007,0.01630137322597844,0.02510276921745594
HYOU1,ENSG00000149428,chr11,119034187,119067227,0,,,,,,,,,
VPS11,ENSG00000160695,chr11,119057817,119091972,195,0.4322197157531831,0.5600374710018851,0.4658270366482498,0.4017261905220667,0.4637527554475564,0.38002544230545143,0.355806262195312,0.44104027475873453,0.465259454868874
HMBS,ENSG00000256269,chr11,119074865,119103549,136,0.2912913834721259,0.5447043746342483,0.44220657896042725,0.35582003421569963,0.4050761485276122,0.2736762808097016,0.3536318122644188,0.5131320641235169,0.43317653266879963
H2AX,ENSG00000188486,chr11,119083853,119105467,97,0.4402358398556253,0.5370236529639513,0.4046003034692183,0.5049216960889377,0.4286509209570351,0.4158983494917821,0.45668187121686277,0.3541809630243007,0.31339744129922004
DPAGT1,ENSG00000172269,chr11,119086024,119118331,156,0.42505943002650903,0.4680759227148873,0.36687750939525265,0.460249085654497,0.4110221955765246,0.3638258721476582,0.3592676238673605,0.26742863954723123,0.27198688782752894
C2CD2L,ENSG00000172375,chr11,119092197,119128544,168,0.418888497838563,0.5786382720063328,0.3809267724896709,0.5468296782987506,0.4348735868677056,0.4637722577737131,0.542522504044127,0.40049134505046297,0.32174109878004914
HINFP,ENSG00000172273,chr11,119111579,119146059,187,0.40922613057225815,0.48642552530627614,0.380989128853908,0.42696890235017865,0.3757206836544469,0.35652487053233906,0.3760090651646377,0.30983535611412794,0.2903511614818292
ABCG4,ENSG00000172350,chr11,119139051,119172653,196,0.4241893650809421,0.5979999359508655,0.45520930740432125,0.3239083354030941,0.518572478329984,0.4279629269145146,0.28586502972590294,0.4833401041224089,0.6254380013110207
NLRX1,ENSG00000160703,chr11,119156567,119194016,0,,,,,,,,,
PDZD3,ENSG00000172367,chr11,119175456,119200223,0,,,,,,,,,
CCDC153,ENSG00000248712,chr11,119179637,119206769,0,,,,,,,,,
CBL,ENSG00000110395,chr11,119196297,119323926,586,0.4476935225519752,0.6044029064101958,0.544742821324057,0.37092114102632595,0.4964242441212257,0.3670592041293496,0.352418282335315,0.5602998219719562,0.5749407437659906
MCAM,ENSG00000076706,chr11,119298528,119331521,170,0.4466869632345256,0.36910547460921483,0.44581368267026766,0.4439847842180002,0.4074688601502482,0.23109680835674012,0.2621121765243534,0.22951977674580826,0.19850440857819496
RNF26,ENSG00000173456,chr11,119324526,119347309,141,0.4485377518326376,0.45109722065749575,0.3638959143937783,0.49069711405143196,0.3948679997197307,0.3713113815903464,0.38611882805070047,0.22852255837180468,0.21371511191145065
C1QTNF5,ENSG00000223953,chr11,119328941,119350940,162,0.4462319832301092,0.46943084056925954,0.3665705387559457,0.482153275044061,0.34875790016579794,0.3841038760216384,0.4315035622184579,0.24970108689874054,0.20230140070192099
MFRP,ENSG00000235718,chr11,119328941,119356705,194,0.46523352766952764,0.46454271870907377,0.3407453127094253,0.5059612014055727,0.32618665837094246,0.4169569748670316,0.46748662168061694,0.2076771909090479,0.1571475440954625
USP2,ENSG00000036672,chr11,119345214,119391711,267,0.49459003508248617,0.5299235944774507,0.4875014253658729,0.5194837345860247,0.4375160784019008,0.38439402535168654,0.45618075176904116,0.3704660071970004,0.2986792807796457
THY1,ENSG00000154096,chr11,119405475,119434985,177,0.4010321850045662,0.44651447313666737,0.4711542449575045,0.37824780907113575,0.3524820090482181,0.23350431054815857,0.31606232376224525,0.3580153650222252,0.27545735180813846
NECTIN1,ENSG00000110400,chr11,119613407,119739200,885,0.5210432580537195,0.5012371180754664,0.5368454327097721,0.5188899725722119,0.4944395986775169,0.3310375177310953,0.37259800554480066,0.36458696496039905,0.32302647714669364
TRIM29,ENSG00000137699,chr11,120101285,120195529,596,0.456169987257957,0.4245842231420743,0.3748215849437337,0.5502844200854222,0.40647197426870785,0.346031380471156,0.4150657525221136,0.20663102882968698,0.13759665677872923
OAF,ENSG00000184232,chr11,120201031,120240334,0,,,,,,,,,
POU2F3,ENSG00000137709,chr11,120226639,120329945,669,0.40211399788077307,0.7018477180335542,0.5642572475046386,0.4008939970926597,0.6505581681921073,0.44690142891342277,0.33552473800063454,0.7632494807759265,0.8746261716887147
TLCD5,ENSG00000181264,chr11,120315295,120343686,142,0.351592019148756,0.47754675784093026,0.30298097217123404,0.31585408081557176,0.27844787705778157,0.3607561997603368,0.3512265894507787,0.2884635880779616,0.29799319838751964
ARHGEF12,ENSG00000196914,chr11,120326412,120499937,822,0.3844287613650188,0.4380855812199096,0.3475278962122236,0.4033064350123366,0.34044547066864833,0.3173117129473738,0.3382833409381456,0.2590940074875393,0.23812237949676762
GRIK4,ENSG00000149403,chr11,120501745,120998906,3509,0.3762426170521579,0.3462217118985183,0.2959229801833117,0.36664579152688775,0.34218549841391005,0.27305663197914093,0.23144006821387827,0.15193036204148644,0.19354692580674912
TBCEL,ENSG00000154114,chr11,121014071,121100776,477,0.1991650394763566,0.31156668106503627,0.22612613185247032,0.15518501795012854,0.31607165498378886,0.16954541524306668,0.0810361607146477,0.20379140002826585,0.29230065455668475
TBCEL-TECTA,ENSG00000285509,chr11,121014124,121123108,619,0.2848777784611492,0.3585268962834858,0.2594719907367197,0.250558994193208,0.3610097571044299,0.23944900673590144,0.1422748024311443,0.20453901624564058,0.3017132205503978
TECTA,ENSG00000109927,chr11,121091242,121201490,643,0.38483850077629794,0.33758969160129093,0.21050338342040434,0.3450086869390401,0.2293730041659237,0.33069041415137845,0.28722630229824186,0.08117969968467967,0.12464381153781626
SC5D,ENSG00000109929,chr11,121282680,121323410,203,0.4243007249001787,0.4331871674937105,0.42444200536842147,0.482697060419161,0.41730069425705923,0.2837403471584944,0.34338437715527526,0.2839857839911929,0.22434175399441186
SORL1,ENSG00000137642,chr11,121442313,121643763,990,0.4800279777712454,0.712541977186984,0.6625347673621017,0.5219882096320163,0.651522262445301,0.40718296044500657,0.46530869309078515,0.8394954765667746,0.7813697439209957
BLID,ENSG00000259571,chr11,122105339,122126215,121,0.5100070765529188,0.576780237879309,0.5125401585946256,0.4565989118192922,0.5619788232371016,0.42734033201526056,0.32214163054804223,0.4325233706305121,0.5377220720977305
UBASH3B,ENSG00000154127,chr11,122645721,122824473,1256,0.36080440701246114,0.4965470111960075,0.4591231391613207,0.39299873966042914,0.45267608593211983,0.2596230395509098,0.29138743220664415,0.4266419004420916,0.3948775077863572
CRTAM,ENSG00000109943,chr11,122828499,122882643,315,0.4026422398030989,0.5393792418746002,0.4362937727994885,0.45000348997792816,0.42855493363537395,0.35859863492804805,0.406718324505758,0.4165815901072466,0.36846190052953653
JHY,ENSG00000109944,chr11,122872682,122973862,672,0.466688538184418,0.7048762130054629,0.6366106323931612,0.5020264296423121,0.6277336971382703,0.41836484076912506,0.46471142787532943,0.8019955529571214,0.7556489658509169
BSX,ENSG00000188909,chr11,122967569,122991834,162,0.3582338765717372,0.6190172426237999,0.5591758221975134,0.34964484667428164,0.5140496439921513,0.29471166183760106,0.33679451412797845,0.670289499272375,0.6282066469819976
HSPA8,ENSG00000109971,chr11,123047488,123073230,176,0.2889134724015602,0.26978658982370657,0.17431964919562237,0.3195327008833686,0.2578572406896885,0.2319160190658996,0.20059015038667988,0.08250242579035225,0.11382829446957193
CLMP,ENSG00000166250,chr11,123059871,123205248,1061,0.3032499691425095,0.34890017049737093,0.3164074286104299,0.27479303893321405,0.3622805271434058,0.20501383711798127,0.1502668559371075,0.22407846348187266,0.27882544466274645
GRAMD1B,ENSG00000023171,chr11,123348427,123637774,1984,0.4605396653148502,0.5233730109496858,0.44118261343595777,0.428139036331214,0.43497061320393476,0.3881372844954434,0.364501469056769,0.35288380312005657,0.37651961855873106
SCN3B,ENSG00000166257,chr11,123619186,123665244,365,0.32037384838044247,0.4966649752804883,0.46487813121350224,0.25253708670858055,0.5023674314774969,0.22372546029968116,0.13983828913141655,0.462773817177351,0.5466609883456155
ZNF202,ENSG00000166261,chr11,123713913,123751675,308,0.472753479692279,0.6637220917396971,0.4495374369763856,0.5501369845923048,0.49609119574165517,0.5664540408869737,0.6016347672583788,0.5233633120796514,0.48818258570824635
OR6X1,ENSG00000221931,chr11,123743579,123764518,143,0.27732251029406707,0.5823057660435256,0.49894563746935744,0.33158130748087283,0.46965870938065574,0.2533785823890083,0.32080579665733905,0.6196270294551509,0.5521998151868203
OR6M1,ENSG00000196099,chr11,123795407,123816349,129,0.4380460093662852,0.4727939942815657,0.5166984268309666,0.4584960099974821,0.5266030735699362,0.2446923793459591,0.2528738369039189,0.3954715247858419,0.38729006722788206
TMEM225,ENSG00000204300,chr11,123872919,123895670,174,0.3827556364788717,0.3854510143810992,0.2813512959489838,0.39491224216697746,0.31511974099575174,0.31948714451505544,0.3053685768791429,0.16737949241537725,0.18149806005128982
OR8D4,ENSG00000181518,chr11,123892166,123919229,212,0.4604094691167645,0.13958736709070488,0.2446472601407485,0.5254500894622296,0.2901238563671235,0.24335873428547436,0.2765334551350832,0.0,0.0
OR4D5,ENSG00000171014,chr11,123929616,123950573,180,0.3853505446479389,0.09178128315114623,0.12448149830777563,0.409412218580226,0.09345020441633588,0.22501711100798816,0.2623988657535289,0.0,0.0
OR6T1,ENSG00000181499,chr11,123932866,123953838,176,0.3568309647551369,0.06972530320306833,0.09337979609202188,0.4352522432439793,0.0458487521261998,0.20779570609169107,0.29835918996990685,0.0,0.0
OR10S1,ENSG00000196248,chr11,123966660,123987781,164,0.2983818294998701,0.20502304090225934,0.08246206084295449,0.36135651427172344,0.18379984404829117,0.24887336864274634,0.2373776938427521,0.0,0.0
OR10G6,ENSG00000198674,chr11,123984162,124005161,143,0.3880153923661477,0.19313172290859915,0.21250020939075662,0.41034129832037924,0.2630145527984951,0.23337541149202887,0.21880954882821996,0.0,0.0
OR10G4,ENSG00000254737,chr11,124002996,124028732,212,0.28509546203303865,0.19328635679000641,0.21132942488738357,0.32262666097105297,0.21171223406627715,0.1564931029927445,0.18321357069342192,0.05829341181809475,0.03157294411741726
OR10G9,ENSG00000236981,chr11,124013012,124033948,185,0.208338833232663,0.16656115708407507,0.20041245159268423,0.34922156745270366,0.31315067662792284,0.09607875150108251,0.11807033053791144,0.08611620180832154,0.06412462277149261
OR10G8,ENSG00000234560,chr11,124016797,124040634,241,0.18976243128261208,0.04970922445452583,0.10858746080662814,0.35947374678026556,0.1758133575022658,0.07323354479457822,0.15154708235728492,0.0,0.0
OR10G7,ENSG00000182634,chr11,124026012,124051325,202,0.3233219070852542,0.48214470828844863,0.4821298824981568,0.41631225465049787,0.3937615876205372,0.1952941192404476,0.34798330331769384,0.46276531614058647,0.3100761320633403
VWA5A,ENSG00000110002,chr11,124105403,124157721,369,0.2712098351634829,0.32818420845137225,0.25800557595016776,0.38158608964670465,0.317045197786772,0.2078634866465261,0.24852089331529004,0.18990760910944293,0.1492502024406789
OR10D3,ENSG00000197309,chr11,124173218,124198780,192,0.24839297055910853,0.32631453265905724,0.1673544188869538,0.4093475062869438,0.2842153279966004,0.24869320065067835,0.2935717397982377,0.146298742007719,0.10142020286015974
OR8G1,ENSG00000197849,chr11,124231094,124264364,0,,,,,,,,,
OR8G5,ENSG00000255298,chr11,124246375,124276224,0,,,,,,,,,
OR8D1,ENSG00000196341,chr11,124292830,124325099,0,,,,,,,,,
OR8D2,ENSG00000279116,chr11,124309261,124330197,0,,,,,,,,,
OR8B2,ENSG00000284680,chr11,124372393,124394499,0,,,,,,,,,
OR8B3,ENSG00000284609,chr11,124385533,124409024,0,,,,,,,,,
OR8B4,ENSG00000280090,chr11,124413941,124434871,0,,,,,,,,,
OR8B8,ENSG00000197125,chr11,124427444,124455696,118,0.37300666988229675,0.3926544787790542,0.12908175892751164,0.35138397508204144,0.16181363843074978,0.41363481195807417,0.37752849296083735,0.08502261020159674,0.12112892919883356
OR8B12,ENSG00000170953,chr11,124529634,124555333,147,0.37693412137862,0.5299665766766906,0.46210793092870367,0.4206248341267848,0.4486215269019626,0.30397857045344484,0.35271135405863174,0.4509729028991798,0.40224011929399295
OR8A1,ENSG00000196119,chr11,124556659,124592942,265,0.32569918354704386,0.5063857061177816,0.49788713109690613,0.37120095621030835,0.5222520469108827,0.20557472734710341,0.2156362132923773,0.5004261210307717,0.49036463508549766
PANX3,ENSG00000154143,chr11,124601427,124630356,135,0.23292740598084855,0.19484835779175408,0.4822371185275535,0.2554074888819769,0.5155445748404365,0.0,0.0,0.30489435389884156,0.3232681611618432
TBRG1,ENSG00000154144,chr11,124612835,124645926,161,0.33420782061479437,0.3802720528559835,0.4750383570855,0.3360212450669513,0.4812624862634866,0.12041115604913394,0.11581127006928604,0.35806353612153763,0.3626634221013856
SIAE,ENSG00000110013,chr11,124623112,124705707,367,0.33957329255195307,0.4497607329680874,0.4611381988641013,0.36081119730661665,0.4609325957679313,0.1969875256184334,0.21352140255068802,0.4004145387686099,0.3838806618363553
SPA17,ENSG00000064199,chr11,124663843,124707518,167,0.2972821945059477,0.5085288825327018,0.5801106865514153,0.3670905663149131,0.48987659407459766,0.09769392287515422,0.24733871843276423,0.6126581823007634,0.4630133867431534
NRGN,ENSG00000154146,chr11,124729941,124757210,158,0.14029368928900676,0.2687133401990174,0.2541303490756629,0.1351072600572254,0.2519588023694601,0.08545488557675099,0.08390115147920382,0.2274948630547669,0.22904859715231407
VSIG2,ENSG00000019102,chr11,124737473,124762255,126,0.21938915756139998,0.3778491936485667,0.2474037463935664,0.25656571858355465,0.22302956559011924,0.21901245868674032,0.2593473446092751,0.2555603030022129,0.21522541707967816
ESAM,ENSG00000149564,chr11,124742582,124772290,140,0.25550184219661276,0.19842292330805028,0.1413296966255678,0.31591361452034233,0.17782706961044048,0.18192440106594965,0.2025203461627182,0.03924974493566791,0.018653799838899393
MSANTD2,ENSG00000120458,chr11,124756497,124810706,277,0.28867661896380015,0.4013235614008667,0.33958610347866075,0.3169246587719238,0.3617517193422487,0.219386799225525,0.22257809781085286,0.29364719686873286,0.2904558982834049
ROBO3,ENSG00000154134,chr11,124855431,124891471,244,0.3263379891173097,0.6665961362949576,0.560681142148804,0.32736988315076104,0.5268103109012198,0.3354488397195263,0.37335074350278497,0.7629518802156989,0.7250499764324403
ROBO4,ENSG00000154133,chr11,124873690,124908500,227,0.30397952550117263,0.6448380986157319,0.5776457723085763,0.3484080017287223,0.6240375715036229,0.2678234099977792,0.24262607544498893,0.7673581232354294,0.7925554577882196
HEPACAM,ENSG00000165478,chr11,124909204,124946412,194,0.43043031747844324,0.7923836176094315,0.6993811659074138,0.3565803067530754,0.7173798603294077,0.4665126075691248,0.3746848642394591,1.1055506099853987,1.1973783533150646
HEPN1,ENSG00000221932,chr11,124909243,124930677,103,0.48430036195826154,0.7710170527216816,0.6354379990861447,0.41749617245604403,0.6932920685438929,0.5636399402838844,0.4163339596718548,0.9104678039502899,1.0577737845623192
CCDC15,ENSG00000149548,chr11,124944120,125051489,614,0.32939219009824355,0.8300993738628519,0.7510666153400516,0.32521584022318156,0.768968866006768,0.3907712070322066,0.3503505845855688,1.3817703579513008,1.4221909803979385
SLC37A2,ENSG00000134955,chr11,125053301,125100516,363,0.4266032263243408,0.7959295849399249,0.7296490157811824,0.36085034202614874,0.7806476163091871,0.4187166512060797,0.2599155169821258,1.1705735216268305,1.3293746558507844
TMEM218,ENSG00000150433,chr11,125084388,125121763,292,0.5066727018784474,0.6946816288825284,0.5981815511176062,0.5140828790201922,0.5937173258074663,0.4906138647509704,0.5037056449318928,0.6957863423162037,0.6826945621352813
PKNOX2,ENSG00000165495,chr11,125154686,125443389,2227,0.2807958488105163,0.47939178569852475,0.44691747596547904,0.2742512434593598,0.4518111898844858,0.19505973651554315,0.18608669503598657,0.45769777150299584,0.4666708129825524
FEZ1,ENSG00000149557,chr11,125432880,125602568,843,0.48844227557745995,0.5752504162183755,0.555090507181425,0.42142154028020823,0.5107963183112992,0.3583329703274406,0.3442301322465818,0.49792252801690895,0.5120253660977678
EI24,ENSG00000149547,chr11,125559279,125594684,171,0.42873644390193094,0.5323113435473579,0.49499451805569866,0.3634716241912175,0.4343132002515665,0.3183355402391326,0.3209820190715471,0.44161692820171927,0.43897044936930474
STT3A,ENSG00000134910,chr11,125581711,125635215,359,0.3276945681617586,0.4327739798571127,0.5152166503643563,0.3033592905115861,0.4559502412137055,0.11999338525985576,0.159884172317243,0.44700404483357337,0.4071132577761861
CHEK1,ENSG00000149554,chr11,125615162,125686255,535,0.29717910926803875,0.3370463142982019,0.37450794853998487,0.26271713532650226,0.3614660053785965,0.14724334417199225,0.13362671912173585,0.26380680271769863,0.2774234277679549
ACRV1,ENSG00000134940,chr11,125661521,125690874,256,0.32726981949874356,0.4382266096138929,0.3390085502806448,0.2850391465523099,0.271264925743902,0.2795266530010664,0.2978695978722014,0.29713007735595054,0.27878713248481557
PATE1,ENSG00000171053,chr11,125736278,125759867,181,0.6670171728384481,0.689060851332503,0.6233448413545774,0.6316898374448909,0.5524875931222374,0.6456986005667906,0.6814684476891699,0.5224594488292651,0.48668960170688585
PATE2,ENSG00000196844,chr11,125766112,125788828,120,0.6248259824090432,0.7370307110642306,0.6836301207917124,0.4983245177643236,0.5905147949395738,0.5826200466960227,0.5663326690843515,0.7530979790340837,0.7693853566457549
PATE3,ENSG00000236027,chr11,125778126,125801600,128,0.6309214540425321,0.7767844554046833,0.7492085029398462,0.590833465424361,0.7523780866293778,0.5566149142544203,0.4986990992456497,0.9430024924013582,1.0009183074101289
PATE4,ENSG00000237353,chr11,125823315,125850072,166,0.653800301595599,0.7892446193476041,0.7069867309218107,0.5762124824362082,0.6902863324142581,0.6951296374100359,0.6217365886772056,0.8619275140438238,0.9353205627766541
HYLS1,ENSG00000198331,chr11,125873613,125910646,213,0.5400776684589012,0.7352753224661768,0.7146740211906655,0.48281529750499314,0.6062630531059932,0.42581981348651143,0.5281739578555764,0.9032451322974309,0.8008909879283661
PUS3,ENSG00000110060,chr11,125883484,125913221,161,0.47831249061629283,0.6729485513246799,0.6623425162506014,0.45260279001112397,0.5577673715813835,0.3413005187304241,0.4521495687878115,0.7763372663318429,0.6654882162744555
DDX25,ENSG00000109832,chr11,125893347,125953702,385,0.4148646229080291,0.5228815103878339,0.42443080873921324,0.4036204710997099,0.42900930536876153,0.36175331388504456,0.3482430340480179,0.37823709916086096,0.3917473789978876
VSIG10L2,ENSG00000283703,chr11,125936055,125968647,235,0.3492332644861822,0.2859987094599871,0.24377489597240956,0.33633325029011346,0.1943302963596452,0.2435291684298475,0.26538211509291526,0.0933413407353291,0.07148839407226135
CDON,ENSG00000064309,chr11,125945795,126073335,943,0.2815340400330483,0.35012971578780094,0.30534024476588956,0.25856668445709546,0.2925123281583634,0.19864316788137473,0.19205873873402032,0.23233933087683784,0.23892376002419222
RPUSD4,ENSG00000165526,chr11,126192095,126221692,248,0.4519984647669734,0.5731414357886446,0.4408680643750077,0.42412690585613133,0.4337540104722361,0.43570496480814247,0.4172219162419847,0.4155975871697316,0.43408063573588945
FAM118B,ENSG00000197798,chr11,126201723,126272984,365,0.41272997092180275,0.47619313024163534,0.49407128414308205,0.3859974280376044,0.4120494094092479,0.24877164192706636,0.30163801476050023,0.39786058983576267,0.3449942170023288
SRPRA,ENSG00000182934,chr11,126252937,126279144,110,0.4624634824413865,0.5240860845930633,0.4516975354931219,0.42060440199835486,0.31659758721198566,0.3811743354840395,0.45380833676835985,0.36134395560743515,0.28870995432311475
FOXRED1,ENSG00000110074,chr11,126259054,126288131,139,0.42432851841469754,0.46241983976268686,0.43359850990412735,0.3663311563371035,0.34786106892312135,0.3022217072260163,0.32470426455353696,0.31845568754863623,0.2959731302211156
TIRAP,ENSG00000150455,chr11,126273064,126308845,173,0.39818416661982514,0.46705194123626986,0.4867962887247692,0.3657130639593867,0.44741564326654815,0.23502635037678277,0.24571799066904604,0.3943049599128492,0.38361331962058587
DCPS,ENSG00000110063,chr11,126294059,126360005,396,0.36968332420138084,0.42358455397182115,0.35897833749402186,0.3295988284912706,0.33099746882909914,0.28388375796128595,0.2744190823977696,0.26704285984269827,0.27650753540621464
ST3GAL4,ENSG00000110080,chr11,126345639,126450344,596,0.29120188328022223,0.38649990139016926,0.3230342352634731,0.31368838386197,0.34317325511436747,0.2213124071838702,0.22233167793806166,0.26726244691409323,0.2662431761599018
KIRREL3,ENSG00000149571,chr11,126413357,127013460,0,,,,,,,,,
ETS1,ENSG00000134954,chr11,128448760,128597558,687,0.43531408626645557,0.43731656056930046,0.40656732580362165,0.4292686038698886,0.3878332571924897,0.3123460904352752,0.3225620475477686,0.2626919930886104,0.2524760359761171
FLI1,ENSG00000151702,chr11,128676534,128823267,1078,0.3918176936036707,0.3656875359176181,0.30060796312415217,0.363811131349359,0.29054389850318285,0.2974751781216748,0.2821083700456051,0.15773842227591117,0.1731052303519809
KCNJ1,ENSG00000151704,chr11,128826314,128877373,369,0.30253970457332374,0.2851978863366763,0.26410422966680236,0.26071104129882383,0.23119921340333002,0.19469622152550872,0.1874462809279441,0.1410533171761138,0.14830325777367845
KCNJ5,ENSG00000120457,chr11,128881355,128931163,365,0.5661424668308086,0.6274763732822157,0.5350522458616966,0.5013235627016813,0.472057631352792,0.5283318213520194,0.5222422400080933,0.45912299439164456,0.4652125757355707
C11orf45,ENSG00000174370,chr11,128889564,128916035,197,0.45917131838808467,0.5786120466866201,0.47727704296007817,0.45439665409020913,0.4865657853535834,0.41507520566543377,0.4017155178719664,0.4491261596514427,0.46248584744490995
TP53AIP1,ENSG00000120471,chr11,128924730,128953399,210,0.37915380097824536,0.5512080185104671,0.4855720789285071,0.4279143628963057,0.45087052685305956,0.30658392861144496,0.38012067215819556,0.49461186287811365,0.421075119331363
ARHGAP32,ENSG00000134909,chr11,128955059,129289324,1483,0.3224700008991136,0.3142797781249152,0.2670475039082154,0.33374174451185423,0.2646192858440415,0.22795631783022213,0.23799827572484905,0.14932925644755124,0.13928729855292435
BARX2,ENSG00000043039,chr11,129365847,129462279,677,0.3794235900422593,0.4659379971900252,0.4386592221678683,0.4064633442225898,0.45045891061981447,0.2634613826132958,0.2751139547137979,0.363781954017867,0.3521293819173649
TMEM45B,ENSG00000151715,chr11,129805847,129870003,368,0.43069509387378635,0.49187718584134066,0.4173348364163903,0.4584539254813573,0.47340720585061846,0.35011431730398634,0.32451575702899155,0.3269177831641046,0.3525163434390994
NFRKB,ENSG00000170322,chr11,129853635,129905590,392,0.33925544402920577,0.43068831149374087,0.27226656151469486,0.36386312296458206,0.37681155206949385,0.3299473614024946,0.27138120695467094,0.23337985046808274,0.2919460049159063
PRDM10,ENSG00000170325,chr11,129889705,130012835,862,0.3147539859586348,0.3405127142150472,0.20607711131943468,0.36217528688111694,0.25421190918854975,0.28175050310336913,0.2863352917931685,0.13454208247440055,0.12995729378460116
APLP2,ENSG00000084234,chr11,130058146,130154811,729,0.27380549386860387,0.22529167326380695,0.21776205559297224,0.2636254739538313,0.21080088447353765,0.16480487516997488,0.1622742351406301,0.09046379789568895,0.09299443792503373
ST14,ENSG00000149418,chr11,130149781,130220362,499,0.5403902085032609,0.5333013865866756,0.5787666595429528,0.5136911032538948,0.5584676271081263,0.33744033997405815,0.3327394636018724,0.42463125710166694,0.42933213347385274
ZBTB44,ENSG00000196323,chr11,130216676,130324917,621,0.4983165067212971,0.39489074950958364,0.48193231041064455,0.4524696431670325,0.428335647481072,0.26724136858212993,0.2727401871794197,0.23510488934864687,0.2296060707513572
ADAMTS8,ENSG00000134917,chr11,130394922,130438609,287,0.4345151084765732,0.3101333437392959,0.3034256700380543,0.4653154104568422,0.31563594806214623,0.28987394023413277,0.3090349733924814,0.08138301162831468,0.06222197846996602
ADAMTS15,ENSG00000166106,chr11,130438644,130486645,337,0.3857864205038503,0.37848634059776487,0.36219264771674575,0.4108815394274914,0.341621828422918,0.2566454776130501,0.2933748001398359,0.21895191253878238,0.1822225900119966
SNX19,ENSG00000120451,chr11,130856249,130926479,605,0.36633389145416734,0.3012771271369327,0.2366405951971905,0.2994824583164342,0.17109510898154773,0.27235393333260816,0.26339354585688807,0.08614714431226494,0.095107531787985
NTM,ENSG00000182667,chr11,131360477,132346822,7694,0.36624969724755435,0.4277758296949646,0.38940899912276566,0.3995063803567429,0.4004736043332845,0.2604983838285431,0.27830622241363584,0.29772607442125976,0.2799182358361671
OPCML,ENSG00000183715,chr11,132404976,133542501,0,,,,,,,,,
SPATA19,ENSG00000166118,chr11,133830630,133855538,145,0.2429219698682618,0.3105939130967482,0.29040435226641453,0.33207844586162266,0.2904057520731917,0.15357688349584972,0.2162236939149088,0.21834791216595278,0.15570110174689367
IGSF9B,ENSG00000080854,chr11,133886437,133966968,514,0.3600766355360217,0.46010307238135617,0.42794596805677637,0.37878101053692054,0.4154435301320526,0.2521310273109498,0.277773380562049,0.36424600511206573,0.3386036518609665
JAM3,ENSG00000166086,chr11,134059070,134162001,636,0.3414048153512393,0.24381053300130923,0.18035512212169907,0.2891585598898565,0.1555980166221285,0.24911271437750396,0.2258212930341602,0.03035060210133958,0.0536420234446833
NCAPD3,ENSG00000151503,chr11,134140112,134235454,492,0.2864153665242138,0.24456300670378092,0.22677676997775117,0.27623565309048653,0.2077895568895754,0.18036282088099698,0.1854100569566554,0.10009607722384989,0.0950488411481914
VPS26B,ENSG00000151502,chr11,134214670,134257788,229,0.4432677581656144,0.3601325648078395,0.2541245456041804,0.4272921595003938,0.39001212068826646,0.36948424107102396,0.2547788169327557,0.07701001552454628,0.19171543966281457
THYN1,ENSG00000151500,chr11,134238278,134263370,183,0.3856174652628323,0.23971010032621415,0.2800814943321857,0.3768996755021905,0.29977340079641873,0.2162878678158157,0.19537596348641603,0.05776760367914116,0.07867950800854087
ACAD8,ENSG00000151498,chr11,134243547,134275855,262,0.3144646187088097,0.31281523558869767,0.21026663232082457,0.37792324342997413,0.25580429800378657,0.25832367339881257,0.27719631583936555,0.1168284056897497,0.09795576324919675
GLB1L3,ENSG00000166105,chr11,134264244,134329564,433,0.38302480200722655,0.3793103013491363,0.2924195731991165,0.4761287468448418,0.35594390578608237,0.30697323860030457,0.3417319365616045,0.1699507634413935,0.1351920654800936
GLB1L2,ENSG00000149328,chr11,134321873,134388341,491,0.3829334060893088,0.5293851329147018,0.4236647040275532,0.35397801039485466,0.47750057169682003,0.3427139319772754,0.2707527791317397,0.4110012794441442,0.4829624322896801
B3GAT1,ENSG00000109956,chr11,134368503,134422242,441,0.36000469197722595,0.6503051678016146,0.5759823480986119,0.32901622828630134,0.5509264768951614,0.31950432696600634,0.32456804214123836,0.7311900858701619,0.7261263706949298
