gene_name,gene_id,chrom,start,end,n_snps,fst_afr_sas,fst_afr_mel,fst_mel_sas,fst_afr_eur,fst_eur_mel,pbs1_african,pbs2_african,pbs3_melanesian,pbs4_melanesian
TUBB8,ENSG00000261456,chr10,36887,84163,88,0.5371463338868143,0.41747345767379157,0.23486252668698643,0.5340022279696225,0.3436356531315499,0.5215125507475269,0.4414578584330444,0.01886797760761294,0.09892266992209525
ZMYND11,ENSG00000015171,chr10,124464,264637,584,0.6564140514406194,0.664565019941181,0.6456163580411043,0.6344142417308317,0.6049759934501648,0.5616349538144413,0.5848863980947109,0.5306921876603747,0.5074407433801053
DIP2C,ENSG00000151240,chr10,264189,699668,2987,0.5737750880393474,0.7044041033705347,0.6732953344243664,0.6729977098673029,0.6730563314609543,0.47642570081424107,0.6092913428788472,0.7423362706872711,0.6094706286226649
LARP4B,ENSG00000107929,chr10,796913,941705,857,0.31726734674818513,0.5882357359989587,0.5292646849001204,0.3077868946281067,0.46919976142334996,0.2577484438230383,0.31089807805858893,0.6295558243187687,0.5764061900832181
GTPBP4,ENSG00000107937,chr10,978433,1029932,337,0.6165612558927089,0.7420255289769044,0.6713724264945491,0.5781869375398032,0.698427236373665,0.6003199415570675,0.5096718691585892,0.7545747069221649,0.845222779320643
IDI2,ENSG00000148377,chr10,1008909,1035859,182,0.46445880604305884,0.5413697505243897,0.5892183331398972,0.45793439268286634,0.6189370898818582,0.25714749316543983,0.21354419467328517,0.5223634570893188,0.5659667555814736
IDI1,ENSG00000067064,chr10,1029151,1059119,195,0.4185261280031147,0.6330370410976427,0.6201705719522813,0.42344601935595894,0.5394649774068014,0.28832530247944826,0.3889071506052423,0.7141690629632049,0.613587214837411
WDR37,ENSG00000047056,chr10,1039537,1142384,680,0.5142343545413094,0.5891562357179831,0.5526457818096082,0.5547961921952178,0.5503241904416258,0.4035833454735796,0.44976849993421364,0.48595892684903186,0.4397737723883979
ADARB2,ENSG00000185736,chr10,1167312,1747525,4392,0.4251721058991058,0.4539123580612264,0.41436297033808567,0.4205210154411846,0.40976858991967585,0.3118026563603969,0.31168054144178825,0.29317314338682904,0.29329525830543773
PFKP,ENSG00000067057,chr10,3056332,3147718,1135,0.38900425619751877,0.4204966738702397,0.3982229735173003,0.40360256281019374,0.3858709766544879,0.2651904360830908,0.2874408163148543,0.28039344048125037,0.2581430602494868
PITRM1,ENSG00000107959,chr10,3127727,3182841,650,0.3784657931265707,0.28281331333550436,0.2361317786690921,0.3721076869662586,0.2276449953487722,0.26931172041170015,0.2697473597816032,0.0631073799446922,0.06267174057478925
KLF6,ENSG00000067082,chr10,3765995,3795281,151,0.2864147606845394,0.32862252900950145,0.318297173371683,0.24239562489675207,0.3009390114047455,0.17635783941765945,0.15900021155060604,0.22206591085335609,0.23942353872040953
AKR1E2,ENSG00000165568,chr10,4776628,4858062,688,0.41321068631073865,0.3891632208592273,0.39545215184260113,0.40849364822719214,0.4032659778342977,0.2613702390047424,0.2508622805387943,0.23155525374245461,0.2420632122084027
AKR1C1,ENSG00000187134,chr10,4953252,4993283,88,0.30675615809257195,0.4647179475805506,0.31815670749892927,0.29103267444810105,0.3215005862615984,0.3041897618742827,0.29051782261542103,0.32077170834933943,0.3344436476082011
AKR1C2,ENSG00000151632,chr10,4977399,5028031,201,0.28494290379706466,0.3728876160160923,0.29180916390052947,0.33039071802398023,0.30934420868424845,0.22849035957961403,0.248788350489772,0.23813915402763544,0.21784116311747748
AKR1C3,ENSG00000196139,chr10,5025353,5117686,805,0.4393325240188345,0.39477601655519423,0.3541538230116315,0.39458326581153264,0.33088627201276205,0.32179501642885355,0.30109683691100525,0.1803616524672404,0.2010598319850888
AKR1C8P,ENSG00000264006,chr10,5144139,5195187,0,,,,,,,,,
AKR1C4,ENSG00000198610,chr10,5185461,5228949,303,0.5377142919190051,0.591874478853648,0.576137674692394,0.4906680532961441,0.5895053384970083,0.40470304218179876,0.3402217336762527,0.4914774598421836,0.5559587683477298
UCN3,ENSG00000178473,chr10,5354965,5384692,248,0.3156592207787871,0.5324460901892173,0.4440673945778311,0.21201534942052125,0.4052734078116936,0.2762158433211672,0.23943190105105844,0.48402477847722514,0.5208087207473339
TUBAL3,ENSG00000178462,chr10,5383100,5414828,225,0.4148490925247033,0.43500978118482825,0.3134924777724293,0.47367502655957106,0.38367095486856073,0.36534713343162556,0.364404501357911,0.20559972638547647,0.20654235845919106
NET1,ENSG00000173848,chr10,5402556,5469056,377,0.5644481242725081,0.4917338377237985,0.45276597075594177,0.6032837037752576,0.47009944681461424,0.4525063363087456,0.4831089872108155,0.22424369081574141,0.19364103991367138
CALML5,ENSG00000178372,chr10,5488696,5509570,170,0.5324201908653727,0.6489359070669973,0.5403930588004263,0.5376531957844085,0.6036146363142562,0.5147940354547901,0.4464290409819293,0.5319924357822797,0.6003574302551405
CALML3,ENSG00000178363,chr10,5514960,5536771,189,0.3248191187820146,0.6021649833579015,0.6406432051977189,0.28910813970246757,0.535995567057992,0.14552650793361832,0.2475458368051398,0.7761913827558318,0.6741720538843102
ASB13,ENSG00000196372,chr10,5628866,5676595,393,0.46046533538602874,0.44571304442272186,0.39910313780605133,0.4767119392663257,0.43350015629331695,0.34889451480200845,0.3347087313871273,0.24117824117708725,0.2553640245919684
TASOR2,ENSG00000108021,chr10,5674837,5773740,507,0.4744057412981005,0.5005891714214575,0.4378583416846939,0.5539771307011425,0.4974969532249536,0.38077527679845735,0.40677884709155365,0.31355094139618633,0.28754737110309
GDI2,ENSG00000057608,chr10,5755222,5852132,472,0.3106916514352534,0.3788171572017725,0.3431351695192491,0.4145420848637431,0.3586362306667905,0.2139596829545009,0.28366615219943575,0.2621701245836145,0.19246365533867965
ANKRD16,ENSG00000134461,chr10,5851615,5899906,415,0.4362472069736649,0.5404665347719176,0.35119149941758204,0.5183102086209276,0.3854754720654079,0.4590326348637934,0.5105460165758614,0.3185108753160492,0.26699749360398106
FBH1,ENSG00000134452,chr10,5880202,5947594,400,0.3718510373152454,0.5249280797834935,0.403526108224605,0.42063408373461053,0.46717567340893873,0.3462736034561548,0.33027329696806595,0.3980154719707081,0.4140157784587968
IL15RA,ENSG00000134470,chr10,5933638,5988187,327,0.3419316377095386,0.43689868450621444,0.3725163013747641,0.4211163252015676,0.4110719184554751,0.2633522914777238,0.2957491169057891,0.31094341908285833,0.278546593654793
IL2RA,ENSG00000134460,chr10,6000688,6072370,474,0.4587058364713661,0.6166019123413584,0.5558175326790922,0.4417895431017728,0.5814599764143928,0.3804770026274989,0.33535895161173773,0.5782044336046686,0.6233224846204297
RBM17,ENSG00000134453,chr10,6079033,6127457,280,0.35411764051341205,0.43888580962422563,0.39344279520670294,0.4087470074802521,0.4481183060759183,0.25750625429390644,0.2544602729167528,0.32032459197169266,0.3233705733488462
PFKFB3,ENSG00000170525,chr10,6134933,6264644,1068,0.43695651669605307,0.46650157732142566,0.4352592405195966,0.4563343988004296,0.4617959977100847,0.3156545488577617,0.30910124266439964,0.312644615940688,0.31919792213404985
PRKCQ,ENSG00000065675,chr10,6417142,6590301,1063,0.5295346084912883,0.5275459443607595,0.5094584057412681,0.49205214409626974,0.4880525927952503,0.3958012245782502,0.37882893826372127,0.35401354894023623,0.37098583525476514
SFMBT2,ENSG00000198879,chr10,7148623,7421488,1817,0.42819459645576013,0.47240201916627905,0.4129560620576103,0.44166587707440397,0.4419952780407228,0.3328608120190907,0.31941527003856196,0.3065598732050702,0.320005415185599
ITIH5,ENSG00000123243,chr10,7549269,7676998,1005,0.4384558293009489,0.4711305774961701,0.4622521179748452,0.4153386434957543,0.43237969804854753,0.2968565544462936,0.30371681341042905,0.3401571615141991,0.33329690255006356
ITIH2,ENSG00000151655,chr10,7693315,7759520,354,0.2516749562560527,0.3478098949225062,0.3456181411294322,0.3456785123830182,0.35345145191079036,0.14663640821726903,0.2077343372527879,0.28078277913238436,0.21968485009686547
KIN,ENSG00000151657,chr10,7740961,7797993,354,0.4209256488866312,0.5108526017412431,0.509498803169037,0.45281004354865056,0.5050476493183796,0.2745441218575494,0.3073784459899868,0.44054728513796965,0.4077129610055321
ATP5F1C,ENSG00000165629,chr10,7778146,7817815,248,0.4750919043096542,0.5559976693369322,0.5053207207011268,0.4762253409757537,0.5014050775040574,0.3763059539259903,0.38132895152046437,0.4356195133965554,0.4305965158020813
TAF3,ENSG00000165632,chr10,7808504,8026631,1219,0.35598847279827983,0.4492144656735407,0.39660488757043855,0.32943371722617015,0.39819773590771684,0.26563268840618465,0.24410807415485675,0.33077708709018916,0.35230170134151706
GATA3,ENSG00000107485,chr10,8035377,8085198,355,0.5433140636845173,0.8250255317320236,0.7189701642721608,0.46548908182968585,0.6852663358531199,0.6287900632018296,0.6067449123535293,1.1143251481121572,1.1363702989604574
CELF2,ENSG00000048740,chr10,10788396,11346675,3911,0.4318072646117831,0.5358821160613182,0.49332573409398806,0.43876822915072367,0.473949808754552,0.32651216916936676,0.351439684321037,0.4411045296416693,0.41617701448999905
USP6NL,ENSG00000148429,chr10,11443945,11621754,974,0.3184399954392711,0.4532689666357504,0.4080513377061569,0.3176357626860546,0.3934271201049289,0.23141696339554652,0.24302980404560068,0.37238134640873866,0.36076850575868447
ECHDC3,ENSG00000134463,chr10,11732365,11774070,353,0.5903166121893441,0.6144818697936512,0.6001019156166905,0.5896479887632886,0.5830755175403642,0.46449607289645073,0.4845284047812562,0.4886709838215314,0.46863865193672594
PROSER2,ENSG00000148426,chr10,11813338,11882277,475,0.5322603163696492,0.7142190967615283,0.6963745254639458,0.5486125501261382,0.6803238098260281,0.41020643747854524,0.45375617538943414,0.8423233968600511,0.7987736589491623
UPF2,ENSG00000151461,chr10,11910021,12053170,740,0.35998716227013927,0.548185521429925,0.49852303465926484,0.39185281550455253,0.5416973968934065,0.275276534382451,0.2557981840163451,0.5192070946647501,0.5386854450308559
DHTKD1,ENSG00000181192,chr10,12058953,12133221,469,0.668744086652813,0.7600238143685047,0.7215299585871499,0.5832010450029945,0.6321493141280793,0.6268174203481056,0.65114435739333,0.8003981667507548,0.7760712297055306
SEC61A2,ENSG00000065665,chr10,12119636,12179961,356,0.47043263458339346,0.7484712154062912,0.6570766610372852,0.4420239586574122,0.6250876392158263,0.4728221917069879,0.49128705680540813,0.9073756526196013,0.8889107875211812
NUDT5,ENSG00000165609,chr10,12155329,12206144,309,0.5390331043109153,0.6683265192804766,0.6119579290418924,0.5356350367824471,0.597924952302427,0.46569590961805474,0.4797861205601689,0.6379083762016575,0.6238181652595434
CDC123,ENSG00000151465,chr10,12185964,12260589,478,0.4936270710707993,0.6524970222423867,0.5903195572175359,0.5045083870172012,0.5973952021250105,0.42254304068076104,0.4246935240162476,0.6344390042465867,0.6322885209111
CAMK1D,ENSG00000183049,chr10,12339546,12845545,0,,,,,,,,,
CCDC3,ENSG00000151468,chr10,12886624,13109652,1789,0.46091769635309576,0.5850021866301646,0.5376060507190115,0.4807001168450743,0.5414108301770562,0.3630155016880956,0.37757762815808876,0.5164665260655725,0.5019043995955794
OPTN,ENSG00000123240,chr10,13089448,13148308,353,0.4485784722666664,0.5648473636531037,0.4806075164266159,0.5100172250134428,0.5286717175015982,0.3861093546323826,0.39662151278112123,0.4459490666541372,0.43543690850539846
MCM10,ENSG00000065328,chr10,13151557,13221110,433,0.4094632982703388,0.3142155465859311,0.2763640858719301,0.3759269323582751,0.2580948807549793,0.2902242529931601,0.27507290737039874,0.08696765548793267,0.10211900111069414
UCMA,ENSG00000165623,chr10,13211765,13244374,315,0.36418369754501445,0.2613513413400579,0.29573591350788697,0.30471655196866626,0.28330142457620106,0.20258830941194506,0.166634326572602,0.10034458973877708,0.13629857257812014
PHYH,ENSG00000107537,chr10,13267795,13312412,292,0.5018247550533826,0.5124654407886087,0.4473105167714417,0.46299466584014987,0.4384893130871917,0.4111192592130558,0.3815084397191434,0.3072748411537721,0.3368856606476846
SEPHS1,ENSG00000086475,chr10,13307427,13358298,241,0.37849287324958253,0.36066628620432534,0.39968979542869243,0.36569261326292085,0.35632028021565487,0.2063139342231834,0.2309981579579611,0.24101478289156064,0.21633055915678293
BEND7,ENSG00000165626,chr10,13428483,13538974,764,0.4540263314032176,0.4175251017865002,0.4022230251105543,0.44805133572849776,0.3672948614947543,0.31555808589735884,0.33850932144652446,0.22491110176916967,0.20195986622000411
PRPF18,ENSG00000165630,chr10,13576938,13640859,452,0.4552227984097899,0.2578349096572478,0.28422104241686535,0.4639481370290917,0.28877552350744873,0.285589030509554,0.2904703752742931,0.012594536329874673,0.007713191565135613
RP11-295P9.13,ENSG00000282246,chr10,13600046,13665929,519,0.4454478633658287,0.22577552596367173,0.2486474139917718,0.43176405528272477,0.2808913666978183,0.27980381631382545,0.2456845684742283,0.0,0.010208860830520528
FRMD4A,ENSG00000151474,chr10,13633705,14472142,7329,0.4279929977045942,0.4958775715453875,0.44990435624046804,0.44196828977379415,0.4575077635220606,0.3229385272908427,0.3283470561762675,0.3619975995182357,0.35658907063281087
FAM107B,ENSG00000065809,chr10,14508556,14784897,2157,0.3929929661504044,0.47484920496189575,0.4389208671611178,0.39694626651579495,0.44276808720977084,0.2826957012173611,0.2825225198671917,0.361374127771394,0.36154730912156335
CDNF,ENSG00000185267,chr10,14809244,14848575,256,0.2739299183087068,0.29777585872578943,0.1631992490905473,0.26146209054337327,0.19911932921808417,0.24772104280069912,0.21727108165904596,0.1057815935532899,0.13623155469494302
RP11-398C13.8,ENSG00000284024,chr10,14828301,14856999,138,0.20531801798607913,0.43346708883882373,0.35104398209548926,0.19508739440171477,0.30889529724933457,0.18282151899014762,0.20788886667540327,0.3853985856047468,0.3603312379194911
HSPA14,ENSG00000187522,chr10,14828305,14881741,271,0.2322487079601097,0.31985042328377994,0.27348633558654883,0.15187733104078557,0.2236771354532221,0.1651169942084302,0.1484928766667932,0.22032554503332788,0.23694966257496494
SUV39H2,ENSG00000152455,chr10,14868819,14914315,262,0.297970204448191,0.4389111133162279,0.4020187758993728,0.29001283694083685,0.4341485982638128,0.20872972571262444,0.17548027784060616,0.3691462170110468,0.40239566488306505
DCLRE1C,ENSG00000152457,chr10,14887358,14964432,302,0.4744764395336388,0.49933672974877114,0.43882773741473863,0.46575743880860065,0.4274306436342201,0.3787272086319315,0.3805527117242086,0.3130943105030731,0.31126880741079604
MEIG1,ENSG00000197889,chr10,14949387,14998050,95,0.4779909621511283,0.4230334999415947,0.40570423890700547,0.4564713845103903,0.3650277688964677,0.3398316405533558,0.3527349924022445,0.21013943243041489,0.1972360805815263
OLAH,ENSG00000152463,chr10,15022226,15083853,377,0.39115867518974334,0.5903483794855743,0.519226522935287,0.28047744734401076,0.4964799352803776,0.3281433603542063,0.2677419388323211,0.5643048261967762,0.6247062477186615
ACBD7,ENSG00000176244,chr10,15065474,15098776,306,0.3701157997207163,0.6306100897845293,0.5558897997588788,0.32640611901944894,0.5172770192846379,0.32321963126902487,0.33135904848183617,0.672682894301865,0.6645434770890537
RPP38,ENSG00000152464,chr10,15087179,15149818,471,0.22122482491799664,0.2716193536270851,0.1201254007095457,0.23037425201809472,0.1244198804421164,0.2194942504574029,0.22295690344040606,0.0974372510779303,0.09397459809492709
NMT2,ENSG00000152465,chr10,15092583,15178693,624,0.2596661929334629,0.22069383726171524,0.206473689448351,0.2792829522265685,0.22614328102764417,0.15936840600715713,0.1602457064253235,0.089982884113252,0.08910558369508567
FAM171A1,ENSG00000148468,chr10,15201642,15381289,1375,0.4874919937400064,0.5722578303023118,0.46623633100910916,0.45097061212123934,0.46043386211323695,0.4449357564365784,0.41592403526053406,0.4042989157323034,0.4333106369083477
ITGA8,ENSG00000077943,chr10,15503953,15729922,1656,0.5273208361734816,0.5494116931504364,0.5471595048659922,0.5049713554114676,0.5375543037539515,0.3771621496709689,0.364557354643049,0.42003905182824525,0.43264384685616514
MINDY3,ENSG00000148481,chr10,15768169,15870507,775,0.2590974642207465,0.22070568412184396,0.20118527681758477,0.2517364714106784,0.19915778624691866,0.16231321952753647,0.15863760312669922,0.08705327251317432,0.0907288889140116
PTER,ENSG00000165983,chr10,16426942,16523745,887,0.4510945657729764,0.29354040801855225,0.24724839185406844,0.39804314492302173,0.17293703622428658,0.33164920057082103,0.33259216349568477,0.015840072570042385,0.014897109645178652
C1QL3,ENSG00000165985,chr10,16503733,16531879,248,0.3576256762067743,0.2684629004539686,0.17592694275430953,0.29167655560506817,0.11565378252890687,0.28084766888266555,0.26727757283639675,0.031759673842610636,0.04532976988887938
RSU1,ENSG00000148484,chr10,16580610,16827463,2046,0.3009241661685767,0.3699741386110592,0.3542199970694021,0.29445116489284573,0.3283074044261332,0.19134703913959084,0.20640960497740632,0.27064737147577334,0.2555848056379578
CUBN,ENSG00000107611,chr10,16813965,17139811,2488,0.41543697130213386,0.4937682451843038,0.4680129350306509,0.437469824671577,0.4661691400618134,0.29325763376597314,0.3141974852555959,0.3875030673150963,0.3665632158254735
TRDMT1,ENSG00000107614,chr10,17127335,17212054,673,0.4689990215593152,0.5040436758957442,0.4405895608506783,0.44165140931123126,0.35142350580224835,0.37669349521192,0.42553194146900325,0.32457391716388767,0.2757354709068044
VIM,ENSG00000026025,chr10,17218240,17247593,205,0.3947370228633107,0.505917413103487,0.5169536225103902,0.3705213522595946,0.31168435275041556,0.2397511139819255,0.3972040923149356,0.46530148183284453,0.3078485034998346
ST8SIA6,ENSG00000148488,chr10,17305420,17464595,1270,0.23173120547832185,0.2803495849316023,0.23429703421005627,0.23246358144350157,0.24485573930077656,0.16282218807255858,0.15635629752819405,0.16616753143680776,0.1726334219811723
HACD1,ENSG00000165996,chr10,17579031,17627374,321,0.246915793717156,0.3088470815515837,0.24893528777039797,0.3052541526270339,0.22265429237560405,0.18335447316818448,0.24086663280303605,0.18603970631477834,0.12852754667992675
STAM,ENSG00000136738,chr10,17634150,17726824,687,0.26287179471264027,0.3666411541634603,0.2908351546639311,0.23704965942587727,0.2606940142099284,0.20902214562000473,0.21261853238657671,0.2476959747872449,0.24409958802067291
TMEM236,ENSG00000148483,chr10,17742200,17810868,0,,,,,,,,,
MRC1,ENSG00000260314,chr10,17799347,17921164,4,0.5655464449902388,0.7184929709465794,0.02889791073379057,0.768404247074324,0.0,1.0359702083633178,1.3651798665716126,0.23162765335642982,0.0
SLC39A12,ENSG00000148482,chr10,17941838,18053292,875,0.3225763120410922,0.4155812171888732,0.39503613216489447,0.3268258559788766,0.3740707801059477,0.2120046421191195,0.23218535136441687,0.32513281716907005,0.3049521079237727
CACNB2,ENSG00000165995,chr10,18130423,18553557,3365,0.3959079620965995,0.4858000308594353,0.4533783796162502,0.4251101864103186,0.44794980530818773,0.2825866521109284,0.3123018124129678,0.38255639205388114,0.3528412317518417
NSUN6,ENSG00000241058,chr10,18535560,18669285,715,0.4347292611131631,0.2213443523322556,0.30728480921066376,0.37376422337404774,0.24671518643192414,0.2267502546406665,0.21745141475161803,0.023436120273220007,0.03273496016226851
ARL5B,ENSG00000165997,chr10,18649430,18691639,282,0.4215858078262597,0.2422625088904428,0.3588123360102475,0.39216557604068364,0.28620718149474916,0.19022512261481447,0.21905425266340003,0.08719314850422616,0.05836401845564057
MALRD1,ENSG00000204740,chr10,19038800,19800401,5146,0.4824157023970045,0.6132569137435496,0.5480014412161286,0.47520654592598804,0.5411415301347151,0.4072506258553035,0.40786585991493773,0.5427440403519959,0.5421288062923617
PLXDC2,ENSG00000120594,chr10,19806238,20299856,3911,0.39584982073638875,0.5044360156392147,0.43522595243625517,0.4140720535740497,0.4267538622622436,0.3173308648989323,0.34008858159084704,0.3847279377501713,0.36197022105825677
NEBL,ENSG00000078114,chr10,20769972,21303011,3668,0.39245667064293516,0.5427121017029071,0.5152520337645403,0.4096550598641341,0.46432025843513264,0.27832385697659107,0.34263579355223944,0.5041182550700207,0.43980631849437235
SKIDA1,ENSG00000180592,chr10,21503474,21536368,86,0.2598426298463529,0.48151143996264495,0.40916686890835635,0.2944972034052969,0.4401154401154402,0.21575405830476774,0.2128285996349415,0.44108325682427735,0.44400871549410365
MLLT10,ENSG00000078403,chr10,21514645,21753630,672,0.35283747255774306,0.4981137168656951,0.47990223269765253,0.3790974058877187,0.41619714601653424,0.23540052797631456,0.3138854216317245,0.45398118459625675,0.37549629094084686
DNAJC1,ENSG00000136770,chr10,21746547,22013769,845,0.6000036909800792,0.42825401166830246,0.4862491907260331,0.44129578252095886,0.43093029740747624,0.40467174199987554,0.2887215920949973,0.15438872057675002,0.2703388704816282
EBLN1,ENSG00000223601,chr10,22198813,22220021,151,0.33900509249145766,0.3645148488620151,0.3809305094173855,0.31437520078766273,0.343118063859663,0.19391897385024393,0.20527015848092775,0.25944758041189564,0.24809639578121181
COMMD3,ENSG00000148444,chr10,22306385,22330306,111,0.5370319821007467,0.36363513958060784,0.5906180477521268,0.4051109526935458,0.007492507492507487,0.16448690658770776,0.4819214244228634,0.28749629364101176,0.0
COMMD3-BMI1,ENSG00000269897,chr10,22306387,22339542,145,0.4204634641453864,0.3308301653490483,0.4767969756705325,0.3841403691972837,0.00404335899216445,0.1497291300968614,0.4412010228182826,0.2519882575205841,0.0
BMI1,ENSG00000168283,chr10,22311098,22341484,129,0.33319415544908715,0.2705206970320061,0.0744650043157506,0.29126652242230133,0.04442626903493305,0.32164865553645255,0.3071283328721529,0.0,0.008295950080817405
SPAG6,ENSG00000077327,chr10,22335444,22464224,740,0.34537016338776616,0.2292978075687753,0.17499966786975188,0.24105437414699307,0.20574722154228398,0.2458835447243176,0.1529624385985387,0.01456969675075484,0.10749080287653373
PIP4K2A,ENSG00000150867,chr10,22524853,22724578,1292,0.47458556312858063,0.48957419851368095,0.4731408699985585,0.45594359950531355,0.43532772904517625,0.3376279246477427,0.35485129465511417,0.33488207208008963,0.3176587020727182
ARMC3,ENSG00000165309,chr10,22918023,23048523,771,0.4016780167403345,0.46627410859343693,0.46322442653517637,0.44441854164700606,0.4022213754768864,0.2596619609185013,0.35053906903147813,0.36821092286586155,0.2773338147528846
MSRB2,ENSG00000148450,chr10,23085578,23132013,321,0.346395105483736,0.5252895777522643,0.5000635067745439,0.40969610575388354,0.4658829011104475,0.23851417148178877,0.32251396008400285,0.5065361267433184,0.42253633814110425
PTF1A,ENSG00000168267,chr10,23182311,23204245,105,0.4739507685353768,0.39600221974272237,0.4302129642383019,0.5061291546183633,0.4313404313404314,0.29202631068528767,0.32259633859008807,0.21215844543952,0.1815884175347196
C10orf67,ENSG00000179133,chr10,23192695,23354845,918,0.3385726042681951,0.44146613782661603,0.3662601474252542,0.3569240634481152,0.3771969434119505,0.26983917714476024,0.2752037824794827,0.3126008545960104,0.3072362492612879
OTUD1,ENSG00000165312,chr10,23429074,23452377,167,0.2200503478675366,0.21832039014911828,0.23364335966976266,0.2644063790160338,0.3067660664297485,0.11436430434841183,0.09350000816533927,0.13194602411391992,0.1528103202969925
KIAA1217,ENSG00000120549,chr10,23684745,24557848,6113,0.3288556433653718,0.35659817935130117,0.3177491543341909,0.3243032676700528,0.29621961647144507,0.22869949158283165,0.24085391607824297,0.2122863428677352,0.20013191837232386
ARHGAP21,ENSG00000107863,chr10,24573608,24733887,651,0.3836434272197353,0.4277228235614985,0.42279809581500644,0.4473856073528796,0.40820122031910716,0.24624915434800104,0.3133190256093621,0.3118826764293138,0.24481280516795279
PRTFDC1,ENSG00000099256,chr10,24838613,24962606,819,0.3700674240367896,0.5202292174494504,0.48657799858328377,0.3775997775428027,0.4954280705663805,0.2649660779841832,0.26228695026215276,0.46948074750583546,0.47215987522786595
ENKUR,ENSG00000151023,chr10,24971978,25072279,642,0.2524679158746636,0.2331060656278854,0.18366426134894986,0.2691612615888367,0.18852292337389498,0.1767276310214072,0.18503504030250206,0.08867914250256834,0.08037173322147353
THNSL1,ENSG00000185875,chr10,25006611,25036664,188,0.2467115868387413,0.24663964806539887,0.21521407153924177,0.2714205802968848,0.21795537965805123,0.16208720767415796,0.17701338549426612,0.12112440295299226,0.1061982251328841
GPR158,ENSG00000151025,chr10,25164801,25612229,3408,0.3490211048547492,0.4111477606436803,0.35820986629499124,0.4483604745805393,0.48727737119110914,0.2576820634633006,0.22821010441894035,0.2718979303068302,0.30136988935119036
MYO3A,ENSG00000095777,chr10,25924228,26222532,2096,0.3055851069566508,0.38457699100944437,0.32247143207316975,0.31332189817951744,0.25710492737584156,0.23041376809676525,0.2820673077585969,0.2550316600214333,0.2033781203596017
GAD2,ENSG00000136750,chr10,26206664,26314558,863,0.26267018050055113,0.26167914423432875,0.2067179371559716,0.22149251835790598,0.17154500724680832,0.18826016291527228,0.18278034750641853,0.11511662203871328,0.12059643744756704
APBB1IP,ENSG00000077420,chr10,26428340,26577803,965,0.30278155245925453,0.40728621162803863,0.36498058365776137,0.2945271266545942,0.34891273254285643,0.21480022468830254,0.22140950555833153,0.30824342210949074,0.30163414123946175
PDSS1,ENSG00000148459,chr10,26687700,26756798,553,0.3105762683866968,0.5888455558034565,0.5309105433049601,0.37452398985807256,0.5753195940646298,0.2518618854258669,0.25080514118199027,0.6369244730124668,0.6379812172563433
ABI1,ENSG00000136754,chr10,26736592,26871087,802,0.36897651904796963,0.4937921711453399,0.35187867811244244,0.3587455277521143,0.38142140029471905,0.3537713974438683,0.32240292963181744,0.327036567615075,0.3584050354271258
ANKRD26,ENSG00000107890,chr10,26963792,27110494,949,0.37517023200177096,0.7134223509881832,0.6413680067318027,0.41966765589073773,0.6714464263719065,0.34728164311584164,0.3404223585315185,0.9024641102132163,0.9093233947975394
YME1L1,ENSG00000136758,chr10,27100110,27165266,387,0.3327065471230298,0.7311293866015942,0.6925858651257815,0.3401359827654555,0.689640830452068,0.2692454548757084,0.27961073256507507,1.0442795513019005,1.0339142736125337
MASTL,ENSG00000120539,chr10,27144823,27197953,354,0.3143330745875626,0.6391712322033947,0.5913374769235505,0.3445851829331485,0.6537373905335493,0.2509247353742487,0.19064044550117243,0.7684270252370757,0.8287113151101522
ACBD5,ENSG00000107897,chr10,27158134,27253046,760,0.4104005505527198,0.6409663982698809,0.6121706246601774,0.45178438871458676,0.6063577355810528,0.30273068913131446,0.34655658722464183,0.7216086076085393,0.6777827095152119
RAB18,ENSG00000099246,chr10,27494173,27553207,304,0.39427088542136013,0.6442295656595924,0.6153838307275605,0.44644694722222145,0.5726937327191672,0.28964129853312903,0.3873065080015981,0.7438283049588661,0.6461630954903972
MKX,ENSG00000150051,chr10,27662873,27756060,556,0.4910790813940407,0.454725222896429,0.4511616638293217,0.5733903315891363,0.5245037728009865,0.34098836171464064,0.3574774555548637,0.2654770714876732,0.24898797764745
ODAD2,ENSG00000169126,chr10,27765185,28009079,1411,0.4603095718150023,0.3393047350596114,0.34034238192755945,0.48525054392701394,0.3849207552302185,0.3075939062970344,0.2962666951340294,0.10686866040660936,0.11819587156961442
MPP7,ENSG00000150054,chr10,28040992,28344486,2099,0.3705200720916825,0.44975265396171077,0.4201743493704671,0.42297897306881627,0.48759794368232173,0.25761043528026206,0.23930912861929715,0.33977694649950385,0.3580782531604688
WAC,ENSG00000095787,chr10,28522492,28633112,576,0.5674320176117184,0.6041414243983294,0.5022981925358196,0.5294063948129687,0.5026740209899213,0.5334799412964467,0.4909745403717622,0.3932183225371574,0.43572372346184196
BAMBI,ENSG00000095739,chr10,28667509,28692932,138,0.4221307692933309,0.481143344086062,0.46553660463725877,0.3467284631017798,0.3887652758627203,0.28902163620953414,0.2948079016981522,0.3671059905990322,0.3613197251104141
LYZL1,ENSG00000120563,chr10,29279060,29328328,240,0.3609927390584951,0.45639361515887006,0.4530271304566604,0.42144327158462846,0.4462373014309634,0.2270066182797864,0.28286475065080197,0.3825232330176474,0.3266651006466317
SVIL,ENSG00000197321,chr10,29447337,29746959,2063,0.2858565737894754,0.25503166415134476,0.21463790709563751,0.26556378947578707,0.21501571107897602,0.1947373103945755,0.18048706141552553,0.09967625332781702,0.11392650230686702
JCAD,ENSG00000165757,chr10,30002802,30125494,774,0.3073337783936245,0.3631832327690416,0.32095285381212635,0.3500580046542541,0.3500428353376551,0.21570781688808752,0.22564832678426847,0.23556549745989094,0.22562498756371
MTPAP,ENSG00000107951,chr10,30299800,30384448,248,0.4329597698091606,0.6759347540688787,0.5627187789655249,0.4857504495571142,0.6078633278726889,0.43347833386018586,0.42785609260526347,0.6933320732724921,0.6989543145274144
MAP3K8,ENSG00000107968,chr10,30424020,30471833,326,0.4500131261368216,0.47783379979318413,0.31524744604315,0.4617694051012867,0.34339017896512664,0.43446623811881513,0.42428611477664124,0.21530311245560857,0.2254832357977825
LYZL2,ENSG00000151033,chr10,30601778,30639762,145,0.44531524961019925,0.6296274915432774,0.5506209697195341,0.47550918139361925,0.4835931220626791,0.39135638110816473,0.488856527722896,0.6018896190856302,0.5043894724708988
ZNF438,ENSG00000183621,chr10,30810206,31041937,1699,0.4061872273918519,0.3647053004303797,0.2832615495801474,0.42259628080854683,0.26710267028193907,0.32090660635165724,0.3460651044670452,0.1327596875855872,0.10760118947019925
ZEB1,ENSG00000148516,chr10,31308494,31539814,1162,0.4042265270257505,0.5231581415453818,0.47941075252680265,0.5039968954660149,0.5315191462594016,0.30283559951460737,0.3417417122745451,0.43773477718673176,0.39882866442679404
ARHGAP12,ENSG00000165322,chr10,31795397,31938876,799,0.37913725223650424,0.39076397263320706,0.3433296941238719,0.38884090525183895,0.30336639557342854,0.2758107782371799,0.3132259044082941,0.21973874265644047,0.18232361648532633
KIF5B,ENSG00000170759,chr10,31999014,32066425,338,0.42399187176974146,0.38032281623489744,0.42187352533226513,0.36968790732391776,0.3300938648094658,0.2411137474094362,0.2697395659015184,0.23744286047656765,0.2088170419844854
EPC1,ENSG00000120616,chr10,32257750,32388798,915,0.565910868731248,0.7111476542688242,0.668035105585787,0.5852491582920293,0.654400482672173,0.4868094874319201,0.5297211588304903,0.7550301484240294,0.7121184770254592
CCDC7,ENSG00000216937,chr10,32436139,32892874,1240,0.424147429585657,0.4804579293321532,0.424003490308245,0.46795370623943255,0.4347738265431542,0.32752870802269557,0.3576514714342974,0.3272787807003627,0.2971560172887609
ITGB1,ENSG00000150093,chr10,32877272,33015792,767,0.4303409932367029,0.4959823767568536,0.3918192205747525,0.4916212132966874,0.46044732572407876,0.37528913452751456,0.37232882360949127,0.30985491024230194,0.3128152211603253
NRP1,ENSG00000099250,chr10,33167491,33346262,1167,0.3136595809016272,0.3225231439658001,0.2631058247468182,0.3390169007919171,0.2737470626153623,0.2302252193013797,0.24177498469596115,0.15915466834552525,0.1476049029509438
PARD3,ENSG00000148498,chr10,34099559,34825325,4213,0.36539174034625993,0.3829643504293468,0.3189061442918674,0.3689708254108933,0.33099862814012354,0.27676035017375833,0.27063124582380316,0.2060681276893819,0.2121972320393371
CUL2,ENSG00000108094,chr10,34998550,35100642,508,0.18198491576948347,0.3328979310698571,0.27386566960028774,0.22346685623075424,0.22023228148032367,0.14283323344390744,0.20448448561875035,0.26197898444825135,0.20032773227340842
CREM,ENSG00000095794,chr10,35116790,35222958,547,0.18993719374315432,0.3436818865843244,0.2675723054668169,0.20385310177820878,0.25065198762879926,0.16018126041284647,0.18026473794251488,0.26092841817795503,0.2408449406482866
CCNY,ENSG00000108100,chr10,35237024,35582669,1548,0.27727410717812434,0.33300436045508436,0.2813494464817812,0.2669383042968143,0.2666342745296904,0.19965848358654617,0.2026932120964647,0.20531328691525566,0.20227855840533712
GJD4,ENSG00000177291,chr10,35595340,35618935,132,0.5419267767260837,0.4861722454269564,0.518850675661517,0.6008938075105694,0.42516124880618195,0.3575078987905309,0.5153646091079217,0.30835927873216384,0.15050256841477322
FZD8,ENSG00000177283,chr10,35628246,35652296,117,0.5023070849729347,0.4854670094919428,0.5350494094429079,0.5520562795360587,0.544850976080262,0.2982217485058953,0.3402264470681637,0.36627385576501,0.3242691572027416
ANKRD30A,ENSG00000148513,chr10,37115597,37242567,157,0.3518305838372026,0.29599780049010815,0.37955223785957115,0.33845046427801717,0.33368499316775174,0.1536315530144881,0.1790757378955137,0.19734224551066354,0.17189806062963792
MTRNR2L7,ENSG00000256892,chr10,37591439,37612974,111,0.530318560394635,0.42696895193829343,0.3958396423009778,0.46687792584489257,0.42196324527806156,0.4043001786925766,0.31885120232172354,0.15251519994381607,0.23796417631466915
ZNF248,ENSG00000198105,chr10,37766525,37868106,529,0.23573212842649352,0.2011144291961659,0.15902245767267106,0.181501055325687,0.1583042193211685,0.16009208505551603,0.12624204743308148,0.06444547393126812,0.09829551155370266
ZNF25,ENSG00000175395,chr10,37939572,37986647,198,0.6580917032486459,0.6442684362948999,0.6664589157702538,0.592955825500989,0.6054055953656378,0.5044011765010668,0.5012577821669431,0.5291776905923039,0.5323210849264276
ZNF33A,ENSG00000189180,chr10,38000649,38075088,55,0.5453289103690435,0.4551736102586765,0.4719177034886761,0.4545698769240656,0.5101132389267983,0.37848297227524064,0.2499438252490579,0.22880511372512996,0.3573442607513126
ZNF37A,ENSG00000075407,chr10,38084333,38160293,51,0.16537671964863865,0.308970624219243,0.23468372772708848,0.18611535003568985,0.20048826985959226,0.14144082926987037,0.17587774992281474,0.22813211486447604,0.19369519421153175
PLD5P1,ENSG00000283930,chr10,38084367,38370098,396,0.24559161905445231,0.18026893257000956,0.10398549420186531,0.2614745216053548,0.12269981747021444,0.18540086036990203,0.18548628734306485,0.013378098695518703,0.013292671722355848
ZNF33B,ENSG00000196693,chr10,42564184,42648570,0,,,,,,,,,
BMS1,ENSG00000165733,chr10,42772794,42844937,298,0.4438190732448259,0.7813814746527445,0.7182794599536969,0.385103332272869,0.739561045178118,0.420124449552038,0.33067061146001053,1.100302511865471,1.1897563499574986
RET,ENSG00000165731,chr10,43067063,43140351,462,0.4321553156405401,0.5313863720712774,0.4151178841090976,0.41502218242815736,0.4565286297453308,0.39376952421942835,0.3421898859137732,0.364207146890974,0.41578678519662915
CSGALNACT2,ENSG00000169826,chr10,43128444,43195302,333,0.4302570033208815,0.519828207829388,0.46057155681529266,0.5097841631402478,0.5270152499206014,0.3394680515472283,0.3489143541867342,0.3941432872085853,0.38469698456907947
RASGEF1A,ENSG00000198915,chr10,43184534,43277065,601,0.39444515327547713,0.516202902925791,0.46137863575643556,0.37184327382169147,0.4289884106026566,0.3044786935768731,0.315354743945809,0.4216109875073449,0.410734937138409
FXYD4,ENSG00000150201,chr10,43361635,43386335,128,0.20690973684030803,0.2705576018442118,0.2454077017509853,0.23168420910200452,0.2597318019004766,0.13285771792829879,0.13914329527854982,0.18261715692715008,0.17633157957689902
HNRNPF,ENSG00000169813,chr10,43375616,43419186,221,0.4177284144846156,0.3740240169662027,0.31971484305019215,0.4392549734077674,0.3628235165976066,0.31200917621772967,0.29811182071566367,0.15643409816100062,0.17033145366306662
ZNF487,ENSG00000243660,chr10,43426840,43493181,294,0.4973946847155781,0.5456236133421564,0.5500920242709423,0.5408160518054547,0.575980533942672,0.3390336208748804,0.35457892761297577,0.4497957580324517,0.43425045129435635
ZNF239,ENSG00000196793,chr10,43546343,43584618,191,0.476298720170351,0.6456390957652003,0.5617923652432754,0.46787141982874236,0.5123534974250332,0.42960539330084097,0.4750724964523873,0.6078339884001182,0.5623668852485719
ZNF485,ENSG00000198298,chr10,43596418,43627904,178,0.31914519531674296,0.3919242860009363,0.3750677069400442,0.3059720892650435,0.2701333352287721,0.20587505674713127,0.27390278236567495,0.2915808184182831,0.2235530927997394
ZNF32,ENSG00000169740,chr10,43633859,43658881,123,0.3149838952383632,0.36237541774339255,0.34865958576065353,0.3136919368424326,0.3382197493686632,0.19979783229227033,0.20680627622814124,0.25020776560228186,0.243199321666411
CXCL12,ENSG00000107562,chr10,44360164,44396493,298,0.5019539961167212,0.6818724873364214,0.6143581305082332,0.534373562759399,0.6910609670565423,0.44475984143511477,0.3675316352878655,0.7005431519203309,0.7777713580675802
TMEM72,ENSG00000187783,chr10,44901315,44947010,290,0.3733444950726885,0.6966440184564252,0.5818073125705533,0.44046528615373104,0.581955743142305,0.39419682590316285,0.450665020416021,0.7986514805940704,0.7421832860812121
RASSF4,ENSG00000107551,chr10,44949406,45005891,364,0.3782989035848722,0.6261939308229524,0.5486118024391894,0.4362998061407212,0.5711917912026079,0.33194322027858764,0.3552526809476254,0.6520749273851976,0.6287654667161597
DEPP1,ENSG00000165507,chr10,44960980,44988809,198,0.3946478082071772,0.6597975446733608,0.5713178636869657,0.47881088643591535,0.6153638398758385,0.3665598305963204,0.3871996363907145,0.7116545511466337,0.6910147453522397
ZNF22,ENSG00000165512,chr10,44990922,45015326,106,0.4071631504799196,0.7160460684582175,0.6355626711900354,0.51634544469437,0.6129188244836837,0.3861893161230271,0.51810338528323,0.8727539507368838,0.7408398815766811
OR13A1,ENSG00000256574,chr10,45292297,45325608,0,,,,,,,,,
ALOX5,ENSG00000012779,chr10,45364175,45456119,449,0.34442452695136855,0.3588967720154339,0.32646585677462175,0.31230575140699485,0.3538164429186724,0.23579502399737198,0.1911520336994713,0.2087697689323746,0.2534127592302753
MARCHF8,ENSG00000165406,chr10,45444584,45604906,828,0.22332186489429237,0.3690649529792411,0.39587832070777956,0.19747365362597344,0.3714415154185545,0.10465098386446015,0.10810837570235057,0.3559013744504561,0.35244398261256565
ZFAND4,ENSG00000172671,chr10,45605499,45682780,301,0.23698584431059988,0.4450836546574252,0.4785417423111486,0.2282308397981357,0.4793517277503042,0.10414527518915756,0.09766356410122096,0.4847926305197972,0.49127434160773387
WASHC2C,ENSG00000172661,chr10,45717199,45802964,0,,,,,,,,,
AGAP4,ENSG00000188234,chr10,45815612,45863875,0,,,,,,,,,
TIMM23,ENSG00000265354,chr10,45962488,46013742,62,0.24272014570843886,0.2634976072264208,0.21168226592879974,0.1543437278174885,0.13179424766994025,0.17300557245386117,0.16607927163884056,0.1328372217869048,0.13976352260192537
NCOA4,ENSG00000266412,chr10,45995087,46040623,159,0.31764619991979304,0.3183486165313924,0.3146212523656692,0.22702999115215247,0.2014279371422229,0.19383011485165277,0.20791094084245024,0.18940680491248246,0.17532597892168497
MSMB,ENSG00000263639,chr10,46023306,46058180,63,0.3015049951019172,0.309851066813035,0.31180216678613437,0.22247293812884975,0.24101100474623824,0.17799808843559245,0.17335834402718092,0.1928497710479629,0.19748951545637441
ANTXRL,ENSG00000274209,chr10,46276344,46340207,0,,,,,,,,,
ANXA8L1,ENSG00000264230,chr10,46365626,46401784,2,0.15824261607390164,0.0,0.4554367201426025,0.16052506426116506,0.4592074592074592,0.0,0.0,0.21775383902229764,0.21987044408688883
NPY4R,ENSG00000204174,chr10,46451098,46475958,83,0.0568879517396972,0.1619944519657775,0.12432935360899308,0.05856296014909461,0.11488861031975946,0.051267753560651205,0.0575182926995984,0.12546280439542062,0.11921226525647342
GPRIN2,ENSG00000204175,chr10,46539043,46565530,73,0.06016509604566996,0.06746093530644395,0.0594006523527538,0.08354650795987467,0.05530427357269611,0.035328643061265444,0.05009790406445362,0.03451559284759654,0.01974633184440836
SYT15,ENSG00000204176,chr10,46568216,46604173,0,,,,,,,,,
PTPN20,ENSG00000204179,chr10,46901395,47012488,0,,,,,,,,,
GDF10,ENSG00000266524,chr10,47290196,47323577,271,0.5879881136580637,0.5479829466937166,0.5224104620987283,0.6631068446667753,0.5778902188457404,0.47086741415081346,0.5097674814169162,0.3231679571570721,0.2842678898909692
GDF2,ENSG00000263761,chr10,47312453,47337588,200,0.5150150552573747,0.4955372782751312,0.48110390478338716,0.6073834181493605,0.5373643017896416,0.3759235729926286,0.4241838659783908,0.30833776045248207,0.2600774674667197
RBP3,ENSG00000265203,chr10,47338362,47367881,161,0.38039403139831923,0.43741248416450174,0.46476942181623615,0.4306529547626347,0.5179036825410825,0.21441123655844535,0.204431163303688,0.36079733673945386,0.3707774099942112
ZNF488,ENSG00000265763,chr10,47355495,47394293,160,0.4284691945872674,0.4945204831738762,0.3133804238850723,0.3452654733123073,0.4342370658977949,0.432854884868705,0.26809652868675427,0.24939287709481073,0.4141512332767615
ANXA8,ENSG00000265190,chr10,47450161,47494158,0,,,,,,,,,
FAM25G,ENSG00000189090,chr10,47477218,47501700,0,,,,,,,,,
AGAP9,ENSG00000204172,chr10,47491853,47533638,0,,,,,,,,,
ABC7-42404400C24.1,ENSG00000277758,chr10,47734716,47773592,0,,,,,,,,,
NPY4R2,ENSG00000264717,chr10,47908738,47933524,0,,,,,,,,,
FAM25C,ENSG00000276430,chr10,47985321,48009791,0,,,,,,,,,
FRMPD2,ENSG00000170324,chr10,48143087,48284696,663,0.33286430158156627,0.26608300166695215,0.2386378394386093,0.33044980780396743,0.24535397336204534,0.22073750622489857,0.2145010032387099,0.08862183182701966,0.0948583348132083
MAPK8,ENSG00000107643,chr10,48296638,48449360,802,0.5095006656492397,0.42194446231371274,0.3550113640809228,0.5503448777188793,0.4292435005961857,0.41094705247614693,0.3932835538924345,0.13713827648713844,0.1548017750708507
ARHGAP22,ENSG00000128805,chr10,48436035,48666265,1742,0.4936163890363845,0.5669027758870081,0.5602907059553447,0.4612847214079828,0.5388108241881131,0.3478061734199743,0.34070708368760305,0.48898686670640285,0.49608595643877396
WDFY4,ENSG00000128815,chr10,48674875,48992956,2487,0.4116907893046597,0.5148812585738737,0.45617117890171804,0.4207109546170381,0.4575898191567858,0.32237172117936264,0.3287912644690176,0.40098986914796286,0.39457032585830787
LRRC18,ENSG00000165383,chr10,48899482,48924232,237,0.40941325194610517,0.5692835911951025,0.5186228273030942,0.40637483122771745,0.49298076933499674,0.3189199821764476,0.34230311582839884,0.5233854074799311,0.5000022738279799
VSTM4,ENSG00000165633,chr10,49004235,49125522,855,0.3346577305719052,0.5738319712214073,0.5435871490305512,0.4334809562902126,0.5932188796868556,0.23800887622710265,0.26084306662312107,0.6149127005016426,0.5920785101056241
FAM170B,ENSG00000172538,chr10,49121153,49144021,186,0.3065782538623478,0.5564231484318276,0.4848654006338514,0.3283910348771363,0.5602810755277992,0.2578370190650126,0.19467182437007358,0.555047188922038,0.6182123836169771
TMEM273,ENSG00000204161,chr10,49144724,49198585,447,0.4048447067137031,0.6710724908694863,0.5480644929979289,0.41751279012962966,0.5364193681736851,0.41831750345021523,0.4417954972065362,0.6936003860336306,0.6701223922773099
C10orf71,ENSG00000177354,chr10,49289169,49337492,338,0.5818898714611596,0.5533653457033963,0.5826908180695065,0.5600669417898304,0.5833847647914358,0.402048437037449,0.3757774351812721,0.40396590972143676,0.4302369115776136
DRGX,ENSG00000165606,chr10,49354065,49406089,0,,,,,,,,,
ERCC6,ENSG00000225830,chr10,49444167,49549538,590,0.4848451622692436,0.5686584434279524,0.47625391687968993,0.4667102278647379,0.48815773094303083,0.4286972547454626,0.3999032992132601,0.412157773330039,0.4409517288622415
CHAT,ENSG00000070748,chr10,49599094,49677942,568,0.4935487412266627,0.5204707295146969,0.47618217193604895,0.5625065268930741,0.4829835637093865,0.3843331113255857,0.45098161067541936,0.35061723143118306,0.2839687320813495
SLC18A3,ENSG00000187714,chr10,49600309,49622720,154,0.51404124248857,0.6109347332045715,0.5640457393426944,0.5916757446189425,0.5687647363119063,0.4177108701784364,0.49930018136608967,0.5262972982937946,0.4447079871061412
C10orf53,ENSG00000178645,chr10,49669650,49720261,332,0.5163422166919619,0.4457995706982715,0.4312650927563126,0.6011177928527617,0.4792826025871649,0.37613285388379336,0.42838509499780214,0.21409601803654937,0.16184377692254054
OGDHL,ENSG00000197444,chr10,49724640,49772379,310,0.3440847963495157,0.46255320809253064,0.3298963348186377,0.41734574744802694,0.3273387813458083,0.3211632111935587,0.38228668356744633,0.2997623044868291,0.2386388321129414
PARG,ENSG00000227345,chr10,49808278,49980203,154,0.41325321222655803,0.3984669309057126,0.40316167992586127,0.33131163690162446,0.4094246753246753,0.26266333166294087,0.19202641453689578,0.2456104357028182,0.3162473528288633
TIMM23B,ENSG00000204152,chr10,49932048,49984850,0,,,,,,,,,
TIMM23B-AGAP6,ENSG00000178440,chr10,49932055,50021654,0,,,,,,,,,
AGAP6,ENSG00000204149,chr10,49972189,50021654,0,,,,,,,,,
WASHC2A,ENSG00000099290,chr10,50057887,50143509,0,,,,,,,,,
ASAH2,ENSG00000188611,chr10,50172777,50289720,345,0.27973928666474684,0.26265875540775935,0.21328248964219967,0.3470933082603995,0.27327193924457455,0.19648023313115082,0.20591129946888687,0.10822424237895165,0.0987931760412156
SGMS1,ENSG00000198964,chr10,50295585,50635163,1903,0.33404135166945226,0.4097509228339828,0.3236619241608144,0.3447181968959918,0.321553520858183,0.27133807533917803,0.28097544231977256,0.2558725911414692,0.24623522416087476
ASAH2B,ENSG00000204147,chr10,50729317,50826495,282,0.3590896201721801,0.4456133312873125,0.3845127583120787,0.4091037821606339,0.33985984696605576,0.2747087303417111,0.3503523228172201,0.3151841473873865,0.23954055491187753
A1CF,ENSG00000148584,chr10,50789408,50895675,532,0.45640401485244275,0.5667918429890945,0.5450745023552699,0.49447835025811376,0.5183970294378528,0.32923215094780345,0.394033065269386,0.5073047834197105,0.4425038690981279
PRKG1,ENSG00000185532,chr10,50980887,52308423,9255,0.39510894737467384,0.5245991867407658,0.4739729783263958,0.4198998568394642,0.47867139000171466,0.30195061664254613,0.31838841820297165,0.4416463967308331,0.4252085951704076
CSTF2T,ENSG00000177613,chr10,51685485,51709595,163,0.16040978873867137,0.12795459127873943,0.12076629837823866,0.18002927564870552,0.1119535067256247,0.09152529382029133,0.10833462175476569,0.04538848838705223,0.02857916045257787
DKK1,ENSG00000107984,chr10,52304280,52328042,143,0.2512329716477276,0.27271981260164424,0.20185766418127088,0.40881239561457183,0.30742716742716747,0.19115126459293424,0.23836173843874586,0.12729220890547074,0.08008173505965915
MBL2,ENSG00000165471,chr10,52755379,52782784,259,0.4215110203096588,0.7372294698172258,0.6015849233734217,0.4413636595413153,0.6331704804755398,0.4817745038767172,0.457936322216804,0.8546996325957628,0.8785378142556759
PCDH15,ENSG00000150275,chr10,53792770,55637942,12352,0.41798400343647324,0.48459871099008894,0.4345238445701758,0.4362260692077535,0.45932046882505834,0.31698983806113745,0.31049144003771406,0.34581964171651214,0.3523180397399356
MTRNR2L5,ENSG00000249860,chr10,55589041,55610728,0,,,,,,,,,
ZWINT,ENSG00000122952,chr10,56347226,56371273,116,0.44221375259470824,0.5728782634087152,0.4947586106839068,0.4354911475123627,0.45393674869917305,0.375873351436637,0.4087324787134755,0.47481285754594027,0.4419537302691018
IPMK,ENSG00000151151,chr10,58181516,58277894,532,0.37173563800164017,0.26054443859217896,0.12117379362390382,0.3643111065250329,0.110247692652144,0.3187336078044001,0.3190374632869617,0.0,0.0
CISD1,ENSG00000122873,chr10,58259161,58299586,196,0.3826947928381883,0.22851448028411378,0.1289752388526246,0.35947231485134373,0.10767606246395633,0.30187210823489674,0.295487128501977,0.0,0.0
UBE2D1,ENSG00000072401,chr10,58324978,58380751,217,0.2277423733062064,0.3294035798910385,0.3339875096678618,0.2834332233248106,0.3601979512343659,0.12578900011640093,0.14313758582811684,0.2737987831882067,0.2564501974764907
TFAM,ENSG00000108064,chr10,58375344,58409220,159,0.2985150420636442,0.22945679825042611,0.19446757432883144,0.2965986631317113,0.1698985143668872,0.19948177828794023,0.2131399502895609,0.061177777746533435,0.04751960574491276
BICC1,ENSG00000122870,chr10,58502871,58841435,1893,0.5485992862647399,0.6317967980472593,0.5335726549826537,0.5423849110003467,0.4855166640841665,0.5159335658667328,0.5581275330566176,0.4831867481219176,0.44099278093203276
PHYHIPL,ENSG00000165443,chr10,59166642,59257774,430,0.4332839010234221,0.6792125932547461,0.7223262685382364,0.483496154496288,0.717176943651351,0.21178249254852788,0.26735769260556674,0.9251941669934058,0.8696189669363669
FAM13C,ENSG00000148541,chr10,59236129,59373181,784,0.4797899329186226,0.702846630297089,0.7045698826649852,0.4977827241492561,0.6789152292477936,0.32385324566106233,0.38308960114729285,0.8896536314989663,0.8304172760127357
SLC16A9,ENSG00000165449,chr10,59640763,59746002,620,0.49695483746941443,0.5240293935346229,0.4468865159342919,0.5045672084134789,0.4377025079201836,0.4186412105727512,0.434499262976391,0.32375796720780226,0.30789991480416234
MRLN,ENSG00000227877,chr10,59726691,59766041,204,0.36919198980159673,0.38767651788198476,0.3539449705200473,0.375458411420948,0.33362117677292297,0.2571888510916363,0.27766748034273503,0.2333057194674294,0.21282709021633067
CCDC6,ENSG00000108091,chr10,59778746,59916556,860,0.4374201697714816,0.40859154243398615,0.2928072673608748,0.44906991470698665,0.3285344972334026,0.3770092806763654,0.36155154891841756,0.14823909006639546,0.16369682182434336
ANK3,ENSG00000151150,chr10,60016297,60743490,4871,0.48659126103303413,0.5419944666120733,0.5159938913256107,0.39433787571893625,0.4587341671292692,0.360949625564896,0.33423113236250074,0.4199243877430108,0.446642880945406
CDK1,ENSG00000170312,chr10,60768330,60804852,227,0.49415041089968076,0.21101425146861247,0.2913905161021805,0.38467491142115295,0.24553211652411758,0.28703611348826685,0.2204345021022503,0.0,0.016572518895006133
RHOBTB1,ENSG00000072422,chr10,60859437,61011440,887,0.3199215568918673,0.5333768719718516,0.5001457631430014,0.3006906825097812,0.5749025281468686,0.22717086704353695,0.1322293415010074,0.5350624864383423,0.6300040119808719
TMEM26,ENSG00000196932,chr10,61396641,61463381,379,0.23625950628485942,0.3163196350968197,0.29403913512455404,0.23740309099784312,0.2818726138088594,0.15079825678378075,0.16009107528926553,0.22946651656890213,0.2201736980634173
CABCOCO1,ENSG00000183346,chr10,61652928,61776766,692,0.3720162162149084,0.35587195551818784,0.3573695113483102,0.3889263966484985,0.31952570744259995,0.23145664649781603,0.2737151871159924,0.20840109930829093,0.16614255869011452
ARID5B,ENSG00000150347,chr10,61891683,62106944,1163,0.4862739070947703,0.6358963103235689,0.6112808517161887,0.5045264517253552,0.6041123454207619,0.36574172947103495,0.3929665460847702,0.6445748606913287,0.6173500440775934
RTKN2,ENSG00000182010,chr10,62173034,62278844,620,0.4351049099107308,0.45189579204886254,0.3091720348501042,0.4572030853766844,0.31535501898851753,0.40127032234493687,0.41672751693758525,0.2000195272726234,0.18456233267997502
ZNF365,ENSG00000138311,chr10,62364191,62490288,800,0.4046104005838475,0.5401454381834576,0.4312327331214273,0.5137301042730162,0.44496073649228135,0.36555017920348093,0.45456002750029956,0.4112948302518145,0.3222849819549959
RP11-13A2.5,ENSG00000285837,chr10,62364191,62682011,0,,,,,,,,,
ADO,ENSG00000181915,chr10,62794719,62818479,100,0.4867743428208374,0.44066932198326153,0.4655437687595083,0.4285936241943844,0.42810083584895714,0.3107743208719876,0.2909382346804026,0.27024010705068646,0.2900761932422713
EGR2,ENSG00000122877,chr10,62801995,62929900,779,0.41868090012864706,0.5630949156458767,0.5008735529872975,0.47322956857410153,0.49318855999661926,0.337799469447507,0.3947067436581977,0.49023983630431833,0.43333256209362775
NRBF2,ENSG00000148572,chr10,63123246,63165031,169,0.600044747010838,0.47983228808341355,0.5056742349322397,0.514605655534028,0.47457471917903576,0.43272303323693595,0.3664251739641024,0.22088096325255124,0.28717882252538485
JMJD1C,ENSG00000171988,chr10,63157220,63531850,1533,0.5780884868098656,0.4632316942938654,0.4865664327293749,0.49736192492406706,0.43008556587343993,0.4092568895094837,0.37390229681108045,0.21293184857964792,0.24828644127805116
REEP3,ENSG00000165476,chr10,63511400,63635128,522,0.4260187599292567,0.4187592773850523,0.4191190000966887,0.4006080430854749,0.3769486067574581,0.2772697433743216,0.29065177781013873,0.2653205399261922,0.25193850549037505
CTNNA3,ENSG00000183230,chr10,65902456,67773637,12570,0.39256905250637675,0.5069780890574382,0.4652621130869001,0.42406883749132973,0.471050205587312,0.2898699277922751,0.3110535192830548,0.41733173403222235,0.39614814254144265
LRRTM3,ENSG00000198739,chr10,66916035,67111551,1240,0.4313432128842238,0.488020620907235,0.47445110088394243,0.4477638161041831,0.4796829942162756,0.29531855122742096,0.3049666790777242,0.3741523787357199,0.36450425088541666
DNAJC12,ENSG00000108176,chr10,67786668,67848188,341,0.3627370015833594,0.7642364565641399,0.7332794620866034,0.5468412117020106,0.7603959736870044,0.28697245293710893,0.4038354955632535,1.15795345788522,1.0410904152590754
SIRT1,ENSG00000096717,chr10,67874655,67928390,291,0.3947610365460422,0.7577114624139409,0.6385518213073891,0.5001776075871069,0.641946895547262,0.4510606392803769,0.5420272253484096,0.9665653197004687,0.8755987336324358
HERC4,ENSG00000148634,chr10,67911898,68085301,763,0.44384846687854335,0.6827135311386306,0.617384444963316,0.47363341155183997,0.6570894710451377,0.3869700697672617,0.35971094216589183,0.760980156157254,0.7882392837586241
MYPN,ENSG00000138347,chr10,68096116,68222017,864,0.3880100582423871,0.482173761657587,0.37843431451646875,0.42693585479957313,0.3191431400904726,0.3368206434342399,0.41523498827148697,0.32129489677883527,0.2428805519415882
ATOH7,ENSG00000179774,chr10,68220594,68242113,110,0.4761722741573944,0.6742590540126877,0.6112463962829233,0.4987057986823514,0.6006665805173268,0.4117178641981135,0.4471282032752799,0.7099349935250869,0.6745246544479204
PBLD,ENSG00000108187,chr10,68272659,68343049,354,0.4048737332009856,0.6275357430937438,0.6106858739801118,0.5173607794710651,0.6173124739786159,0.28161357194570974,0.37778178924970274,0.706000628434829,0.609832411130836
HNRNPH3,ENSG00000096746,chr10,68321173,68353193,153,0.40675650773523914,0.543719068759328,0.5536411090939516,0.46892888597177096,0.6145899394307037,0.2500824864118262,0.23202925237598,0.5345640954714498,0.552617329507296
RUFY2,ENSG00000204130,chr10,68331106,68417294,410,0.34349420093344235,0.7589563942452447,0.6687797593036771,0.45858895178327286,0.7331731128133873,0.36931471598126153,0.357599363458007,1.0534627091355755,1.0651780616588298
DNA2,ENSG00000138346,chr10,68404063,68482121,482,0.27907031590836767,0.49650839880063186,0.3918191390118516,0.30210995201042723,0.4905337605006519,0.25805947363118864,0.18574513512934077,0.4281287741668738,0.5004431126687215
SLC25A16,ENSG00000122912,chr10,68467997,68537523,447,0.3743442267415567,0.4386595334055038,0.42912327806759804,0.4389107144262542,0.5196959799492337,0.24290030806894541,0.21098344827487808,0.3345273571498614,0.3664442169439288
TET1,ENSG00000138336,chr10,68550336,68704487,867,0.39518479600209805,0.43727528686750294,0.3760028200999363,0.484267590773825,0.41791352254506603,0.30309381009932423,0.34799785692651014,0.2718709245657995,0.2269668777386134
CCAR1,ENSG00000060339,chr10,68711011,68802377,423,0.546297092856947,0.42957444104805964,0.43138190569874557,0.5759997987156763,0.43202650000169424,0.39356951452062144,0.42685671740267667,0.16780308754353984,0.13451588466148456
STOX1,ENSG00000165730,chr10,68817530,68905432,527,0.3981789491747378,0.4958190266242901,0.41057805720696106,0.39491711154696935,0.48995032019339674,0.3320010782479855,0.2569813396050465,0.3528189229563258,0.4278386615992647
DDX50,ENSG00000107625,chr10,68891285,68956847,316,0.5656792798228947,0.657363719008838,0.5963069576833033,0.5272616757107244,0.5740442861964702,0.49897867243683014,0.4834395862863874,0.5721071272803966,0.5876462134308393
DDX21,ENSG00000165732,chr10,68946169,68995068,196,0.4499913872242106,0.5748237149761197,0.573204715283464,0.42818300961917066,0.622324284856306,0.30081097072215857,0.22023417271924262,0.5544404370449614,0.6350172350478773
KIFBP,ENSG00000198954,chr10,68978802,69053544,464,0.463858079001134,0.557728919302698,0.49884608475776315,0.44792413948227544,0.49339455753265055,0.37417332305184675,0.3649396477402051,0.44165895710205866,0.45089263241370053
SRGN,ENSG00000122862,chr10,69078102,69114805,212,0.385375953177722,0.2766995596731122,0.22068551131478908,0.3591814261275498,0.16776804015783137,0.28066724702429036,0.2926477077128635,0.04326334932789336,0.03128288863932019
VPS26A,ENSG00000122958,chr10,69113511,69184412,425,0.42614651805912057,0.34877139179160993,0.35484223129494524,0.35941312198590675,0.32176846690831323,0.27300765873537614,0.24299925227446387,0.15588687499945109,0.1858952814603633
SUPV3L1,ENSG00000156502,chr10,69170233,69219099,302,0.4322062082732637,0.4469912252436524,0.4663025225630757,0.3890106031821083,0.41291171597415804,0.2652261283677149,0.2762385060149454,0.32715528166581004,0.3161429040185796
HKDC1,ENSG00000156510,chr10,69210331,69277552,350,0.3929224400602842,0.4974779145693089,0.4720477271607758,0.34514262758893777,0.42006781736837534,0.2742325087173605,0.2833046996180258,0.4138831801915144,0.404810989290849
HK1,ENSG00000156515,chr10,69259983,69411884,1193,0.3689010920744004,0.46875458288558397,0.415669467809196,0.39265773295148404,0.45292392235067397,0.27776769486553965,0.2640132804912629,0.3547634905233382,0.36851790489761493
TACR2,ENSG00000075073,chr10,69393902,69426918,313,0.3129123461028959,0.4403852298191253,0.38594088441590585,0.25960493843688126,0.40661290716871823,0.23406798593763026,0.17958484402650177,0.3464386564255275,0.4009217983366559
TSPAN15,ENSG00000099282,chr10,69441464,69517666,612,0.16281876827112352,0.2684099297150727,0.22088078329358524,0.2017700902378957,0.21161432607650568,0.12032921752006527,0.15006283788494226,0.19220571763871727,0.16247209727384032
NEUROG3,ENSG00000122859,chr10,69561697,69583422,76,0.3306396240534167,0.6073068438102267,0.541549369995075,0.3210708778594192,0.5287708027580096,0.2781283800961465,0.2847773013387912,0.65659836503277,0.6499494437901253
FAM241B,ENSG00000171224,chr10,69620246,69643596,180,0.33233577679339116,0.28800388070025534,0.26765985176892104,0.36293177933417237,0.2320963515246119,0.21607126006073177,0.26323516946261594,0.12361155794599013,0.07644764854410599
COL13A1,ENSG00000197467,chr10,69791879,69974275,1499,0.419167370629714,0.5236343290697526,0.4623750584642816,0.4442776591064715,0.4642930149470442,0.3321340219091922,0.3524440313598068,0.40943548152856957,0.3891254720779549
MACROH2A2,ENSG00000099284,chr10,70042543,70122282,472,0.2597187971898909,0.31801238903265583,0.25343330932878083,0.27230966628812936,0.23522085952522234,0.195599310010889,0.21622764099976202,0.1871444770298169,0.1665161460409439
AIFM2,ENSG00000042286,chr10,70088222,70142934,366,0.30435279057418624,0.39440957385852027,0.3290470847466108,0.3254286407974817,0.37421721125783025,0.23270385027473814,0.2132386240783576,0.26884753559042973,0.2883127617868103
TYSND1,ENSG00000156521,chr10,70127980,70156700,168,0.4230260540789841,0.5087972759540105,0.42688657986212336,0.4737279130181622,0.43267509115627323,0.3520924416967748,0.39300608645950996,0.3588059147715741,0.31789227000883885
SAR1A,ENSG00000079332,chr10,70137288,70180523,248,0.32626737742504647,0.47581328759706426,0.4128791227132097,0.4649211694499298,0.45877988551092946,0.2541523647055344,0.32865965797620833,0.3917549720432989,0.31724767877262494
PPA1,ENSG00000180817,chr10,70192834,70243911,301,0.3838412733996354,0.47977158490050964,0.46331214354723543,0.4234369986024425,0.45187849371400696,0.25769967662831805,0.30144983845731427,0.3957876274179804,0.3520374655889841
NPFFR1,ENSG00000148734,chr10,70237328,70294004,370,0.4305359820689117,0.4899698351005208,0.44646072764508354,0.444419838084807,0.45296386895848406,0.3224612557575399,0.3288936784687713,0.3508241523936084,0.344391729682377
LRRC20,ENSG00000172731,chr10,70288969,70392650,850,0.45716997377256346,0.5681620113039838,0.49156935980305605,0.47996262122100547,0.5367097086294794,0.38711867445593146,0.36207896640203574,0.4525861127886241,0.4776258208425198
EIF4EBP2,ENSG00000148730,chr10,70394144,70438618,205,0.30000384679674297,0.5120888392913832,0.4313465323691071,0.3170256337100672,0.44583618879721804,0.25490916322151125,0.25431247037478083,0.46271277420842183,0.4633094670551522
NODAL,ENSG00000156574,chr10,70421935,70457951,193,0.45628006757229794,0.5031981230614487,0.458284341260494,0.4714983350516521,0.46684555020083085,0.3479354675167034,0.354164585675916,0.3516285027966363,0.3453993846374237
PALD1,ENSG00000107719,chr10,70468766,70578450,638,0.4431204998574978,0.601815145365086,0.5250316046540944,0.5231535227506899,0.584082797941895,0.3808691545471898,0.3920652705640029,0.539969768096456,0.5287736520796429
PRF1,ENSG00000180644,chr10,70587347,70612759,172,0.4833436820347651,0.546619379372565,0.44971468567527395,0.4758457225165904,0.5358000631649458,0.4270411449454191,0.33477628912734037,0.36398213920708417,0.45624699502516286
ADAMTS14,ENSG00000138316,chr10,70662505,70772441,899,0.3782476049080714,0.45927611428813586,0.3710719793360853,0.36730856025231345,0.37132251358923707,0.31316069438797356,0.30424102334487907,0.30168581364674874,0.31060548468984317
TBATA,ENSG00000166220,chr10,70761237,70795401,328,0.42977535796463223,0.6090720332865314,0.4655183519098004,0.4194374175157387,0.4889155481345571,0.4372494837265473,0.40588460274296784,0.5019824805966517,0.5333473615802314
SGPL1,ENSG00000166224,chr10,70805947,70891184,0,,,,,,,,,
PCBD1,ENSG00000166228,chr10,70872279,70898565,161,0.5538620986699854,0.6743023629046196,0.6243155114751684,0.5504354031021674,0.5583381370587636,0.4749536932013591,0.5520254214926932,0.6468321283748288,0.5697604000834948
UNC5B,ENSG00000107731,chr10,71202569,71312864,737,0.4723293489399498,0.4220994480363263,0.4242680503038523,0.4891976557493144,0.42484122954521114,0.3177616728286209,0.3335084461164796,0.23059180771054155,0.21484503442268282
SLC29A3,ENSG00000198246,chr10,71309258,71391423,694,0.4155095062861241,0.35912173918043244,0.290341752285376,0.5186418477116046,0.34005724500235684,0.31947937845308544,0.38022863242117755,0.12543638236390836,0.06468712839581625
CDH23,ENSG00000107736,chr10,71386919,71825947,3291,0.375720669684205,0.4546927697504304,0.39851078087751074,0.3852042464660673,0.39753971480479944,0.2846083084568324,0.29306877992796815,0.32179760946686975,0.31333713799573404
C10orf105,ENSG00000214688,chr10,71701700,71747824,281,0.4513664916499912,0.5425704174579083,0.5100069341955518,0.49057175500992406,0.48074389036215026,0.3345464536261476,0.40062027222048036,0.44758587042777853,0.38151205183344583
VSIR,ENSG00000107738,chr10,71737555,71783520,352,0.4151000492978033,0.4846766672635929,0.42738513512657167,0.4044554262305741,0.4822085644781383,0.3208666446187593,0.2615285174129929,0.34209410014666297,0.40143222735242934
PSAP,ENSG00000197746,chr10,71806297,71861325,406,0.3430939403623577,0.39366503021664234,0.3105475714809066,0.42516845987805624,0.3664104647732012,0.27433968321860125,0.2988234950142571,0.22598300698914284,0.20149919519348708
CHST3,ENSG00000122863,chr10,71954394,72023558,502,0.30002140707585645,0.41906278722609536,0.32419750897239813,0.32699909921533943,0.31642342907946797,0.25398185138095375,0.27935230247525034,0.2891307441037807,0.2637602930094841
SPOCK2,ENSG00000107742,chr10,72049033,72099032,364,0.3486849744868822,0.293693444927257,0.19021147955712936,0.3889010911776731,0.24892924811192074,0.2827428070664402,0.27697347650442905,0.06496311468201124,0.07073244524402236
ASCC1,ENSG00000138303,chr10,72086031,72227134,794,0.33523711367261405,0.22932830543051422,0.172897034592087,0.3798768842117877,0.2076099175932561,0.23949579531205092,0.2528142902297571,0.020997018471856033,0.007678523554149885
ANAPC16,ENSG00000166295,chr10,72205999,72245860,189,0.3458083260429082,0.20309715769654774,0.26659987328561247,0.3920265111036619,0.29110039437343765,0.17065677616773214,0.19030257560065522,0.05636573571678416,0.03671993628386103
DDIT4,ENSG00000168209,chr10,72263918,72286036,92,0.24825634069289215,0.5874923593959693,0.6089544782269857,0.3149745240235543,0.4995385231004806,0.11596457031323731,0.2857875742433146,0.7695359803892686,0.5997129764591915
DNAJB12,ENSG00000148719,chr10,72322829,72365149,230,0.31257348029804344,0.22222468679400284,0.15111318638204754,0.2676009176280935,0.14645392666325113,0.23114425687822496,0.20219577977644831,0.020173340142848162,0.04912181724462478
MICU1,ENSG00000107745,chr10,72357326,72636191,1404,0.3843174673381084,0.17670578372271814,0.2550763315408696,0.3686705212860961,0.26119026224317216,0.19249597140381264,0.17582709947833478,0.0019456783474697814,0.018614550272947672
MCU,ENSG00000156026,chr10,72682130,72897694,934,0.42067885677251265,0.28740241848357256,0.26293819204181446,0.4361554385600675,0.2978965428311661,0.2898265986537476,0.2790702872623995,0.04901182104898699,0.05976813244033513
OIT3,ENSG00000138315,chr10,72883583,72943036,248,0.388394991865318,0.3326835296452473,0.22185634828371678,0.38986522884402175,0.22768161574850718,0.3226576820679864,0.32010394402296005,0.08183319522503829,0.08438693327006466
PLA2G12B,ENSG00000138308,chr10,72924761,72964806,179,0.3449749960905472,0.40823251604298094,0.3996099764735307,0.34814898132384603,0.39793798391535246,0.21877377963240674,0.22259295236855003,0.30586770520366063,0.3020485324675174
P4HA1,ENSG00000122884,chr10,72997216,73106974,538,0.21155579943812333,0.16124124681438728,0.1695040417994764,0.18472538171769784,0.1228406085373592,0.11389678988263034,0.1244979327199541,0.06193536487926181,0.05133422204193801
NUDT13,ENSG00000166321,chr10,73100374,73141828,214,0.18540281527152663,0.1801836520444911,0.17414729232155418,0.21264598160691364,0.19390126729505763,0.10619881407140713,0.11110159091297796,0.09247611564445636,0.08757333880288555
ECD,ENSG00000122882,chr10,73120154,73179055,323,0.20040516460362082,0.21599717371796218,0.1955839588946277,0.20033587458076052,0.22811383068236615,0.12467705473364839,0.10399397374309285,0.11866559895299983,0.13934867994355538
FAM149B1,ENSG00000138286,chr10,73158118,73254504,529,0.22314912885763963,0.23296551122081394,0.2340230016379379,0.21905703700949916,0.24490362809338573,0.12556362546929106,0.11578339119686262,0.1396598873427199,0.14944012161514839
DNAJC9,ENSG00000213551,chr10,73173361,73257255,451,0.18398955344241735,0.24602539762086037,0.2367770767727779,0.19107629181562713,0.24454428763848574,0.10775979685541268,0.10700657316026033,0.1746367985333768,0.17539002222852912
MRPS16,ENSG00000182180,chr10,73238842,73262693,140,0.15139208449797492,0.2140281517479915,0.22555266867694562,0.17123547908846393,0.23412871288794093,0.07469334865625554,0.08095618199496832,0.1661409550113718,0.15987812167265902
CFAP70,ENSG00000156042,chr10,73243758,73368859,672,0.2077417652079135,0.2481131248829589,0.2781172100383135,0.20482832544604587,0.27320369926691884,0.09607239530680761,0.09762880545251174,0.18909700306673288,0.18754059292102876
ANXA7,ENSG00000138279,chr10,73365100,73424076,304,0.26397756352924767,0.3611539678548767,0.3874660465546842,0.24450465912927283,0.3096889813036352,0.13221778868850342,0.17893021895951475,0.3158740162091055,0.2691615859380941
MSS51,ENSG00000166343,chr10,73413578,73443561,146,0.09796150627909732,0.24090458523865682,0.2854966661394644,0.07111194630017438,0.2407012947676281,0.021279133292953334,0.03701740986493149,0.25434866504652337,0.2386103884745452
PPP3CB,ENSG00000107758,chr10,73426432,73506024,362,0.13337614174832574,0.2511685321749456,0.28822332987241095,0.12507404419228066,0.25136101953717244,0.04620024361185679,0.06667946739219296,0.24304108675088087,0.22256186297054467
USP54,ENSG00000166348,chr10,73487537,73635994,602,0.16274568283293556,0.2822579925185919,0.33402060771754255,0.15011247120084095,0.3212592857126727,0.0513879775389873,0.053390132219346104,0.2802571180227395,0.2782549633423807
MYOZ1,ENSG00000177791,chr10,73621611,73651474,142,0.15760242788249737,0.2398362803891039,0.15868896916612385,0.22401777961829109,0.16277399879817123,0.13646539788547762,0.17509294387250712,0.13775605047530284,0.09912850448827332
SYNPO2L,ENSG00000166317,chr10,73634880,73673803,149,0.3008015188803317,0.21575152573904757,0.16850527421543304,0.31487056104586,0.18431985123931133,0.2081598404805176,0.20872194928230525,0.03486953690807984,0.03430742810629217
AGAP5,ENSG00000172650,chr10,73664286,73708109,10,0.4535244686109739,0.07600770832524993,0.25455379100496023,0.4666666666666667,0.6666666666666667,0.19477249687249124,0.0,0.0,0.2745275894821652
SEC24C,ENSG00000176986,chr10,73734371,73782161,140,0.3951979312625273,0.4025995295757471,0.3589139122633446,0.2624035297212059,0.3088211403175228,0.2867150452504579,0.22508466550128334,0.2284525404972632,0.2900829202464378
FUT11,ENSG00000196968,chr10,73762275,73790251,113,0.3044789092873751,0.33834272738799176,0.27885794569819644,0.315214932371414,0.39803439803439805,0.22459118931603686,0.14205142856842362,0.18841638287742102,0.27095614362503423
CHCHD1,ENSG00000172586,chr10,73772046,73793652,78,0.3846601417798442,0.35446933037507405,0.43947619407809835,0.4331155556314953,0.5474062026807246,0.17218977047485284,0.10626105213207293,0.2654927863749691,0.331421504717749
ZSWIM8,ENSG00000214655,chr10,73775605,73811797,118,0.3656820114016422,0.38795650305267554,0.4933575527960432,0.44696933512585196,0.5472047412401909,0.13310353000440334,0.14548926480623975,0.35784839554766446,0.345462660745828
RP11-574K11.31,ENSG00000272916,chr10,73786513,73821651,107,0.36870184250999605,0.02823569221453442,0.31709400704050106,0.38068867174922616,0.31450127619758256,0.05361046526641694,0.0650902615617473,0.0,0.0
NDST2,ENSG00000166507,chr10,73791910,73821798,92,0.3294630190775761,0.25411703646036066,0.34204926660457224,0.37190005442669855,0.3821772026082561,0.1371188881186037,0.13834447717173504,0.1560676883031682,0.1548420992500368
CAMK2G,ENSG00000148660,chr10,73802500,73884591,328,0.314027653172608,0.39124921654733685,0.3134563477376836,0.2985577117690396,0.3474501308105758,0.24858940565503462,0.21204762734418534,0.24775691194523686,0.2842986902560861
PLAU,ENSG00000122861,chr10,73899176,73927496,162,0.4754390546848493,0.2180368866234339,0.279325728221607,0.42535605179387037,0.3228856596722715,0.2817866767197559,0.20501861598070462,0.0,0.0409290931638257
VCL,ENSG00000035403,chr10,73985192,74131363,661,0.3593217175534103,0.3209321196289315,0.24211822547889952,0.4550033879482171,0.3510500421351829,0.27751707852504126,0.28080510715457707,0.10951710680376447,0.10622907817422866
AP3M1,ENSG00000185009,chr10,74110254,74160842,251,0.39470519703095946,0.4116505841977903,0.362509646901943,0.4704159817811477,0.5034017953275971,0.2911288952768838,0.23306184687788511,0.23930536773842798,0.29737241613742676
ADK,ENSG00000156110,chr10,74141201,74719963,2641,0.3554713678772737,0.4400619128380114,0.3910686040795539,0.4971841550450231,0.5487906559571876,0.2615577121365421,0.2358182398170947,0.3183713478677629,0.34411082018721034
KAT6B,ENSG00000156650,chr10,74814926,75042624,875,0.3464296524239564,0.2688553433745742,0.18342219620693406,0.3825388803192165,0.15220533267981,0.26790798636330965,0.31508315828345307,0.04523596376595801,0.0
DUSP29,ENSG00000188716,chr10,75027471,75083642,373,0.335906937217098,0.6435486127495417,0.568733326868674,0.30197112083462635,0.610410160062928,0.2999308725285562,0.22419571337187832,0.7316265370460413,0.8073616962027192
DUSP13,ENSG00000079393,chr10,75084431,75119221,192,0.3275814576599791,0.6905356336078861,0.5874526530074391,0.30751164032432426,0.6067922870985416,0.3421911642872155,0.3034794506599977,0.8307211620188731,0.8694328756460907
SAMD8,ENSG00000156671,chr10,75089585,75192123,505,0.26877180752737023,0.6784427820829061,0.6242321968172475,0.27367422464552277,0.639011168251785,0.2344128057266871,0.21771407984958946,0.9001669736645207,0.9168656995416183
VDAC2,ENSG00000165637,chr10,75200153,75241448,185,0.3127601485822621,0.6945568121686139,0.6490715608576059,0.2599436389749206,0.6761710754850458,0.25694522390500174,0.17974025047667042,0.9290462583044161,1.0062512317327474
COMTD1,ENSG00000165644,chr10,75223640,75246030,111,0.20833488147099993,0.6884673242145094,0.5886789462783836,0.2773149935872206,0.6553830833058981,0.2557433189872768,0.21285550516157936,0.9105077290810117,0.9533955429067094
ZNF503,ENSG00000165655,chr10,75387829,75411764,112,0.18334457765207876,0.16382775119617227,0.19400265431746344,0.31103516218570815,0.1790339205952395,0.08289192548131326,0.1771061021131784,0.0960287224002627,0.0018145457683975685
LRMDA,ENSG00000148655,chr10,75421623,76570168,6246,0.3866678860499226,0.40556981495105704,0.36627000635686485,0.4379600880720206,0.3732145105208638,0.27643420843361155,0.3145917497498135,0.24371779605053706,0.2055602547343352
KCNMA1,ENSG00000156113,chr10,76859600,77648369,4693,0.4424016970658237,0.5278698524807516,0.4616212486999768,0.44648102892440816,0.4813620623644871,0.3577120451908848,0.3427052965972564,0.39278854994436124,0.40779529853798957
DLG5,ENSG00000151208,chr10,77780790,77936755,1035,0.43578642931327405,0.349232841490105,0.32289385562618544,0.3683026691010262,0.2637613041951978,0.3059992819576859,0.29137368832235583,0.12360408621364527,0.13822967984897522
POLR3A,ENSG00000148606,chr10,77959250,78039515,500,0.3204956193036735,0.23230513043931575,0.17336803221471112,0.3146597968746687,0.18710678831057165,0.2301794123430141,0.2175236590766889,0.0341835176976224,0.046839270963947605
RPS24,ENSG00000138326,chr10,78023759,78066813,271,0.18744624525897394,0.2110840861837047,0.18564728593498073,0.28419895915958915,0.2104524716800166,0.11965352352098825,0.16757665845819325,0.1174420134044838,0.06951887846727883
ZMIZ1,ENSG00000108175,chr10,79058965,79326519,1830,0.3467724421553874,0.4400613139131895,0.36880170878095314,0.36419530433938685,0.38424032597784913,0.27281125176053356,0.27394665216339487,0.30711673861747635,0.30598133821461526
PPIF,ENSG00000108179,chr10,79337468,79365334,198,0.3859110971056426,0.5725401349799644,0.46737504960470694,0.34367020711764196,0.5120023800742466,0.35378634302051365,0.2767710054890314,0.4961085349861613,0.5731238725176436
ZCCHC24,ENSG00000165424,chr10,79372324,79455624,678,0.39871177806171315,0.47084258373925686,0.45190291209760874,0.3405061955556516,0.4450390730764563,0.2719236834441287,0.23194722482799923,0.3645456346741276,0.404522093290257
EIF5AL1,ENSG00000253626,chr10,79502532,79526440,30,0.3613077674948368,0.4427483121369131,0.4348322857071898,0.3524657637349609,0.3774369871248235,0.23121905263998488,0.2727057299035478,0.35351922516539647,0.31203254790183366
SFTPA2,ENSG00000185303,chr10,79545851,79570407,0,,,,,,,,,
SFTPA1,ENSG00000122852,chr10,79600938,79625455,88,0.43706326080796437,0.5793818332517048,0.44196621649319356,0.5489477686697806,0.517416572928384,0.4286410353040501,0.46680024540429155,0.43738878888316035,0.39922957878291887
NUTM2B,ENSG00000188199,chr10,79693226,79724681,0,,,,,,,,,
NUTM2E,ENSG00000228570,chr10,79816738,79860878,0,,,,,,,,,
SFTPD,ENSG00000133661,chr10,79927466,79992614,261,0.3881241059996328,0.5388336970311502,0.3495976228421847,0.3934777731244771,0.4096025612632892,0.4175291479236899,0.3735255583385103,0.35646740914712305,0.4004709987323027
TMEM254,ENSG00000133678,chr10,80068645,80102557,269,0.33119934426683567,0.5628843504555205,0.5943624624400113,0.3802439976224323,0.5427104390189811,0.16376571430965847,0.26177421075033314,0.6637917603224619,0.5657832638817872
PLAC9,ENSG00000189129,chr10,80121681,80155359,0,,,,,,,,,
ANXA11,ENSG00000122359,chr10,80140888,80215572,0,,,,,,,,,
MAT1A,ENSG00000151224,chr10,80261819,80299658,263,0.5203942339537694,0.44253873509026426,0.3709438672503909,0.4074161818854767,0.39114738833000734,0.42780915316100754,0.3057230756624215,0.15655310488323843,0.2786391823818244
DYDC1,ENSG00000170788,chr10,80326104,80366755,233,0.6565434043135957,0.56626455888906,0.41985287731105764,0.4843929157787655,0.36632662058739374,0.679770749971188,0.5207545749875844,0.1555497634753008,0.31456593845890457
DYDC2,ENSG00000133665,chr10,80334744,80378073,255,0.6915445369575415,0.5845065452258912,0.4432534651554855,0.5056054696947083,0.4166450379922754,0.7344105164535497,0.521875214982979,0.14387790100671638,0.35641320247728714
PRXL2A,ENSG00000122378,chr10,80397828,80447115,409,0.4709368496266734,0.34976403454345517,0.29959934489277246,0.37198381523919405,0.26515904957383474,0.3554823461569767,0.2937540509801996,0.07493761203336707,0.1366659072101443
TSPAN14,ENSG00000108219,chr10,80444165,80543124,662,0.4506517614065431,0.3721734668499247,0.3515736390371656,0.3963186697518682,0.3534998332394048,0.31565363070546276,0.2670091840727967,0.149837741063156,0.19848218769582193
SH2D4B,ENSG00000178217,chr10,80527901,80656560,1086,0.2147716617267819,0.3235559306087502,0.2099297271810965,0.24424576125059577,0.21629712440221108,0.1985264266990297,0.21360961611270143,0.19237908452584834,0.17729589511217655
NRG3,ENSG00000185737,chr10,81865193,82997179,7349,0.4145305039205037,0.45212340850147703,0.4262623403262452,0.42315638525576554,0.44250687018573864,0.2907316927921168,0.2837920986561695,0.3109735225982768,0.3179131167342242
GHITM,ENSG00000165678,chr10,84129508,84163568,221,0.2658195805017702,0.25880712196691835,0.2209668624042602,0.2768946088529477,0.20336460692332584,0.17939658768694158,0.1981682562464211,0.12009780562810166,0.10132613706862215
C10orf99,ENSG00000188373,chr10,84163800,84195294,186,0.31306284406877277,0.41888948529850306,0.3825615001538343,0.33242211111460507,0.3312679142937446,0.21807549089102454,0.2722708823864787,0.32473883469518583,0.27054344319973167
CDHR1,ENSG00000148600,chr10,84184536,84229621,348,0.30749000531352655,0.5240095561423362,0.46585449276982627,0.3873177946075838,0.40108078888017473,0.2413515587282335,0.3598189203031264,0.5010059421532856,0.38253858057839274
LRIT2,ENSG00000204033,chr10,84210570,84235544,180,0.3498294782673363,0.4711819890648082,0.35202490260886315,0.37503170303023614,0.27824467414723336,0.316864263530762,0.39054810250394756,0.3202466674803274,0.24656282850714173
RGR,ENSG00000148604,chr10,84220665,84269960,402,0.37227122265550583,0.41727707304914186,0.3190921278159586,0.3588024591149591,0.27749609155779625,0.31068114171763683,0.3297143517864502,0.2293623178265969,0.21032910775778355
LRIT1,ENSG00000148602,chr10,84221519,84251546,211,0.33355725328020114,0.34209693194894636,0.2853308355576819,0.3165767418918398,0.23183513192835756,0.24428158275288167,0.26779384077017443,0.1744160887478825,0.15090383073058977
CCSER2,ENSG00000107771,chr10,84318585,84528521,981,0.3502097620636135,0.5223687779346089,0.46580692890593034,0.3583370835178897,0.471455063183744,0.2715120381184378,0.27249053069882695,0.46740430808828404,0.466425815507895
GRID1,ENSG00000182771,chr10,85589551,86376795,5266,0.40679800036837627,0.5150670976034345,0.486270731365683,0.42018015457827296,0.47386608963372134,0.2899530869905624,0.31329153101147567,0.4337916561988148,0.41045321217790154
WAPL,ENSG00000062650,chr10,86425255,86531792,609,0.6918140558856372,0.748652387286368,0.7723868747459887,0.6563292340258673,0.702748535806387,0.5389312199712717,0.6179063623377625,0.8419871667744299,0.7630120244079391
OPN4,ENSG00000122375,chr10,86644546,86676848,326,0.43503701293560726,0.6346078193076247,0.637992546405564,0.3463369774979424,0.6042741507856331,0.28084430842507313,0.25245687178145415,0.7259397261514438,0.7543271627950627
LDB3,ENSG00000122367,chr10,86658506,86746072,674,0.3362349815559696,0.44366496546286244,0.4170794353454004,0.2632105277097637,0.41497966603748376,0.228253655740073,0.17786449761445777,0.35813093036720633,0.4085200884928216
BMPR1A,ENSG00000107779,chr10,86746600,86942825,1099,0.2755982142751753,0.3371954703753671,0.2688313043973784,0.2772722734544256,0.2563153085014052,0.2102865875636388,0.21992986992927235,0.20098857181486074,0.19134528944922713
MMRN2,ENSG00000173269,chr10,86925539,86979481,387,0.4362236303642673,0.45949988884086307,0.3879826610576378,0.3979841203578399,0.4166200581425496,0.3486816924146052,0.29190764426183347,0.2665787438284621,0.32335279198123384
SNCG,ENSG00000173267,chr10,86948598,86973258,232,0.3782012970203734,0.39351841585724234,0.31406741209031636,0.3952751763508735,0.36521505797117654,0.29912192902173396,0.27429683257563825,0.2009589861877392,0.22578408263383498
ADIRF,ENSG00000148671,chr10,86958431,86993934,243,0.36603290699364416,0.3768497894220186,0.3503658371356762,0.3388930972980973,0.34965588903657546,0.2486900047754789,0.22827687477546005,0.22427767600930112,0.24469080600932
FAM25A,ENSG00000188100,chr10,87010293,87034730,47,0.2978925979354824,0.4336016932803448,0.2715341669559497,0.3085419623463102,0.37118513272910125,0.30265603177694667,0.23674607234063563,0.26580169437878043,0.33171165381509143
GLUD1,ENSG00000148672,chr10,87040201,87104843,280,0.3014450444065733,0.31074281091904865,0.2584015346489858,0.246343187104938,0.26841479584296024,0.2159674457629164,0.17120869105817335,0.15617335307453178,0.2009321077792749
SHLD2,ENSG00000122376,chr10,87084160,87201465,160,0.31762842810968844,0.3806907007025719,0.19902381447786174,0.32498852306619125,0.21364521692749264,0.31970366736278183,0.31591441514073737,0.15944678796791145,0.16323604018995588
NUTM2A,ENSG00000184923,chr10,87215447,87246908,0,,,,,,,,,
NUTM2D,ENSG00000214562,chr10,87347719,87380695,0,,,,,,,,,
MINPP1,ENSG00000107789,chr10,87494874,87563461,328,0.4418940305220838,0.4596750695580444,0.42837879032745624,0.40021298810816397,0.4765059033209831,0.3197561473494883,0.239767869468751,0.2958284499963896,0.37581672787712694
PAPSS2,ENSG00000198682,chr10,87649612,87757705,673,0.3775580524858378,0.3615080822279165,0.273358671937254,0.3194455361510589,0.22581140316113074,0.30171444581107987,0.28877695843895657,0.14693181592723378,0.1598693032993571
ATAD1,ENSG00000138138,chr10,87741511,87851361,526,0.1607610348850659,0.44889945408329984,0.41251300630306653,0.23078054328563496,0.3127041870961009,0.11959831380891972,0.24161324268939113,0.4762396936898891,0.3542247648094176
KLLN,ENSG00000227268,chr10,87849157,87873533,50,0.009179156313823333,0.08178442781934053,0.05489991900960315,0.012769001080689396,0.08622147083685544,0.019040090459697383,0.004003633490288344,0.0662829973862408,0.08131945435564984
PTEN,ENSG00000171862,chr10,87853624,87981930,546,0.2768967490725069,0.5376219156198027,0.4828576640216365,0.23951462295320364,0.5225365332111914,0.21806924255759547,0.15295156116653014,0.5533031155611156,0.6184207969521809
RNLS,ENSG00000184719,chr10,88263863,88594530,1714,0.46813453247453957,0.46255860234685975,0.40082935514770945,0.4522949481605004,0.3712759587428012,0.3700457081058025,0.3794455356776363,0.2508898444405245,0.24149001686869076
LIPJ,ENSG00000204022,chr10,88576752,88616976,253,0.39024682057287746,0.7468873234689407,0.6845904861842182,0.45385604917858063,0.7302684507942344,0.3573690572903855,0.334232571308719,1.0165514703255114,1.0396879563071781
LIPF,ENSG00000182333,chr10,88654440,88688814,178,0.45830065158219974,0.5251028279424664,0.4933752510029297,0.4110437385703928,0.5047405525703158,0.338858213976222,0.28569340893953166,0.4057987642853017,0.45896356932199206
LIPK,ENSG00000204021,chr10,88696248,88762776,437,0.5345013517449203,0.6460502964970296,0.4086729253364811,0.5201321735764353,0.43104699125374724,0.6389302768674645,0.6044437985550895,0.39967017957537215,0.43415665788774715
LIPN,ENSG00000204020,chr10,88749981,88789626,255,0.4386794436210621,0.4393885740473715,0.4338676365918076,0.3803230549297912,0.3941218375076704,0.2936315116021655,0.2781039433844291,0.2850957472076314,0.300623315425368
LIPM,ENSG00000173239,chr10,88792729,88830546,234,0.5342607887473884,0.6864567410170016,0.6141032707800055,0.5112609627808009,0.5731307034123936,0.48588094453132974,0.5122335649114031,0.6739369967105904,0.6475843763305168
ANKRD22,ENSG00000152766,chr10,88809895,88861844,298,0.4266424067592914,0.5465552269194107,0.5048719890929508,0.42758680064001403,0.5078835623308673,0.3220942695750596,0.31986801974212625,0.4687875265827174,0.47101377641565073
STAMBPL1,ENSG00000138134,chr10,88869733,88985153,633,0.2953985080338413,0.32133833812654605,0.36656779993593147,0.27123659532369576,0.36592563550318596,0.14057657537698293,0.12422483730603104,0.2470559890797658,0.26340772715071764
ACTA2,ENSG00000107796,chr10,88925073,89001339,454,0.3728720112850533,0.44493071868370676,0.4065057872917547,0.37075164774930347,0.3850332414464084,0.26676957808561697,0.2828522708098659,0.3218927637403233,0.30581007101607427
FAS,ENSG00000026103,chr10,88980530,89027059,371,0.433117360689496,0.48940637517501245,0.31321964462114377,0.4202197981304853,0.28176950313382176,0.432021744221616,0.4431613671455088,0.24015951568524074,0.22901989276134804
CH25H,ENSG00000138135,chr10,89195628,89217317,160,0.27124784578111105,0.2942524355921195,0.15906291610257783,0.18846978579453194,0.28893220206421544,0.24584040766501697,0.1081719125634116,0.10265725525872105,0.24032575036032638
LIPA,ENSG00000107798,chr10,89203568,89424557,1440,0.4116656907349965,0.48154083556380495,0.4101853926753167,0.3655253314798108,0.4091397835225352,0.3297034673352607,0.29283805889452624,0.32719054419317656,0.36405595263391094
IFIT2,ENSG00000119922,chr10,89273693,89319271,197,0.48790300297744843,0.5429712948126979,0.39617916665995306,0.36924882700560324,0.445703038380384,0.4738862719078025,0.3268991027855055,0.3091228059266911,0.4561099750489882
IFIT3,ENSG00000119917,chr10,89317306,89387473,504,0.30799802965371165,0.4380414976865556,0.4533998816566739,0.2532171287416466,0.44558987824887014,0.17022797909091114,0.13922875036461446,0.40609929202371126,0.4370985207500079
IFIT1B,ENSG00000204010,chr10,89368055,89395205,189,0.28814846269883126,0.46053032671688215,0.3439144798311646,0.3447061533880492,0.37832095107251756,0.2677952402072207,0.2822544568700587,0.34937346829227184,0.3349142516294337
IFIT1,ENSG00000185745,chr10,89382545,89416487,243,0.38984917268973496,0.36138203944429076,0.2955584552996839,0.3684083547266687,0.33928990184364216,0.2960740217230873,0.24676049136668526,0.1523748524823697,0.20168838283877172
IFIT5,ENSG00000152778,chr10,89404567,89431605,181,0.4056065716414889,0.34604012628837694,0.25623650022624694,0.38501973196946904,0.2396579722947271,0.3244454774108397,0.31844373514915086,0.1002638071774094,0.10626554943909816
SLC16A12,ENSG00000152779,chr10,89420298,89566641,834,0.2641855369597635,0.38042554945687823,0.3252881260154953,0.2779049134600616,0.325652490136777,0.19601507719710085,0.2051555744865479,0.2827073294974288,0.27356683220798184
PANK1,ENSG00000152782,chr10,89572987,89655418,553,0.3489456330754442,0.4506133137867443,0.39423998825170736,0.3198786818883923,0.38001244969142234,0.2634217373443459,0.25319047269059414,0.33553100159158944,0.3457622662453411
KIF20B,ENSG00000138182,chr10,89691589,89784939,673,0.3676480193717069,0.654573934663203,0.5439855946373776,0.2730536353191477,0.589169547028317,0.3680274405708031,0.24615227976529508,0.6949492113399067,0.8168243721454147
HTR7,ENSG00000148680,chr10,90730822,90868039,783,0.31213210477553854,0.4737522642723168,0.39060971259911403,0.2553248915946668,0.36845479606223064,0.26042265918146057,0.23860234528307328,0.38156053746857566,0.4033808513669631
RPP30,ENSG00000148688,chr10,90861951,90918553,273,0.3171242233942997,0.2970649012377775,0.19323443190962106,0.26566540806065325,0.16299573037498036,0.2596054379460845,0.24167755566676163,0.09288527388230924,0.11081315616163204
ANKRD1,ENSG00000148677,chr10,90902095,90931087,162,0.40295491551926,0.33682757844735,0.288550679006622,0.33036814227164873,0.2442820147966184,0.2930159087958059,0.2658302178880755,0.11770435113722377,0.14489004204495423
PCGF5,ENSG00000180628,chr10,91153011,91294337,873,0.4498388430967498,0.5068452242582281,0.4746177770419307,0.39284703074471194,0.41075512790434837,0.33042350052022856,0.338496639428374,0.3765087069523093,0.3684355680441639
HECTD2,ENSG00000165338,chr10,91399279,91524829,441,0.41973860021232656,0.3043390503582417,0.16863275426504867,0.4501278662548909,0.12845263713901325,0.3612429084418803,0.4117386607068206,0.0016499702170304498,0.0
PPP1R3C,ENSG00000119938,chr10,91618441,91643071,149,0.32238898216367395,0.24074992676496432,0.24159670365125174,0.21203719717301478,0.25491416087196944,0.1940329863436508,0.10973631321903529,0.0813910922555558,0.16568776538017133
TNKS2,ENSG00000107854,chr10,91788425,91875475,404,0.4295218674701688,0.27912421608727495,0.2830065212384608,0.33651435842348165,0.17638783356641086,0.2779401733896109,0.2717404868975036,0.049348266211416136,0.055547952703523445
FGFBP3,ENSG00000174721,chr10,91896583,91919486,104,0.4224322093981266,0.45659947060890665,0.43806990726538303,0.44937677612865434,0.25983789507304866,0.29123011897241435,0.45286352983227257,0.31867848879805066,0.1570450779381924
BTAF1,ENSG00000095564,chr10,91913769,92040325,530,0.5030436069635494,0.47067437686668706,0.44502408633417895,0.48872976390007533,0.4067846338755037,0.37328696197237965,0.3924053586715348,0.26286452984592545,0.2437461331467703
CPEB3,ENSG00000107864,chr10,92036691,92301078,966,0.4298547545015131,0.4691522953669599,0.4353915283654731,0.38764295465854304,0.38793358812697964,0.31176074140948784,0.316402690209266,0.32151936606884085,0.3168774172690627
MARCHF5,ENSG00000198060,chr10,92281166,92363964,327,0.4244860474332553,0.5370888956870197,0.4673016878771751,0.41631899281056184,0.42580254069427725,0.346456007960093,0.37691948627350086,0.42376423469405633,0.3933007563806485
IDE,ENSG00000119912,chr10,92441683,92584096,600,0.4256865900482976,0.3100057172157874,0.3128847761843898,0.3870893619486798,0.28137434477905326,0.27519935399033874,0.26509669785275874,0.09587261325480262,0.10597526939238261
KIF11,ENSG00000138160,chr10,92564104,92665395,503,0.38297461773706426,0.307677253450873,0.3498804113083636,0.3755033713998103,0.29327514325835347,0.2099746013335247,0.2456992622036856,0.15772843401280634,0.12200377314264538
HHEX,ENSG00000152804,chr10,92679954,92705647,127,0.4366215460172223,0.373631782784325,0.4264516927397783,0.36227083412214606,0.3580686652814881,0.24285371395451644,0.23719226438604854,0.22496316043829168,0.23062461000675957
EXOC6,ENSG00000138190,chr10,92816830,93069493,1427,0.5367709780022101,0.5265759543910001,0.4600725497095132,0.45864635996365494,0.44860929296392166,0.4504884946253037,0.38306734554032507,0.29727529513850215,0.3646964442234808
CYP26C1,ENSG00000187553,chr10,93050797,93079540,168,0.6020311903489832,0.5568992532970701,0.47000240641047414,0.6556933124548066,0.507942256946241,0.5502284736175387,0.5855106976899745,0.26372964198131504,0.22844741790887924
CYP26A1,ENSG00000095596,chr10,93063474,93087885,158,0.49105122672776214,0.454482724929838,0.4154121106806656,0.5172000215802424,0.4511375099060898,0.37229028629121935,0.3671331490403845,0.23373051959628616,0.23888765684712104
MYOF,ENSG00000138119,chr10,93296428,93492334,1423,0.48966081003348383,0.4444001891817833,0.47330966849834905,0.4523599460390637,0.43801469190182124,0.3096220975794544,0.30678224034037654,0.2780849110225217,0.28092476826159973
CEP55,ENSG00000138180,chr10,93486611,93539092,361,0.500000168928077,0.47064693842191657,0.45781883175428867,0.48910129583351825,0.4417840245361821,0.35854605016573377,0.3623371284463368,0.27755360638815557,0.2737625281075526
FFAR4,ENSG00000186188,chr10,93556664,93614480,435,0.20091218540920158,0.2877822165994974,0.25363440465045894,0.19718448412959078,0.255689352066477,0.1355581238910749,0.13185254004170202,0.20381341488697557,0.20751899873634844
RBP4,ENSG00000138207,chr10,93581686,93611744,271,0.21295948320658842,0.2954122712905713,0.3657327240367453,0.19099510361791291,0.3365322005395648,0.06716656801956863,0.07590889051347907,0.2829758611744076,0.27423353868049716
PDE6C,ENSG00000095464,chr10,93602536,93676010,567,0.41978980435603275,0.49561317760725526,0.37240084349217756,0.4182778944471938,0.3780007038076848,0.3814615166180275,0.37567895496335074,0.3029502839263838,0.3087328455810605
FRA10AC1,ENSG00000148690,chr10,93657882,93712592,365,0.4365550179978671,0.3735002510122128,0.3297781792337669,0.4356367741537074,0.31179526977846306,0.32057297307574495,0.33299760515099047,0.14703393222831057,0.13460930015306516
LGI1,ENSG00000108231,chr10,93747839,93816272,494,0.5140258166124467,0.5013760647544183,0.4596090158093781,0.4840085411689341,0.5055467878804795,0.4010202623069841,0.3266327107458981,0.2948828418329969,0.36927039339408296
SLC35G1,ENSG00000176273,chr10,93883972,93966062,443,0.3493217747837324,0.4064370233284233,0.35100765079692836,0.3558110859887371,0.2799927129944685,0.25950882282020077,0.31644063244255904,0.2621031370901997,0.20517132746784153
PLCE1,ENSG00000138193,chr10,93983930,94342823,1790,0.4309505755107003,0.4372687368743891,0.3925734187846414,0.4093493251468406,0.380508407480485,0.3201085582607617,0.31131372828831827,0.2548445366898781,0.2636393666623214
NOC3L,ENSG00000173145,chr10,94323225,94372959,270,0.20284442078599332,0.318641984166846,0.2869220780717688,0.19875249584399277,0.25260143841549626,0.13610411315070847,0.15704804471005307,0.24756327707112713,0.22661934551178264
TBC1D12,ENSG00000108239,chr10,94392540,94546332,691,0.3758646062126387,0.44838651042422684,0.38393288727396047,0.40332883605275577,0.38066507363192653,0.29094813138821524,0.3160938667012282,0.30395954661525804,0.27881381130224503
HELLS,ENSG00000119969,chr10,94491433,94623905,607,0.39161829298270906,0.43340316705743415,0.3529574268463049,0.370541174926674,0.32836963991358514,0.3148584409020404,0.31647748428338407,0.25324884028178374,0.2516297969004402
CYP2C18,ENSG00000108242,chr10,94673728,94746190,74,0.16468735423212466,0.26101480867438315,0.2032666720006248,0.1085982686273769,0.13746083767984035,0.12759567213299133,0.13478137384093325,0.1748817249033243,0.1676960231953824
RP11-400G3.5,ENSG00000276490,chr10,94678153,94863073,397,0.2664031625500854,0.3427636338180418,0.3380094636073613,0.27779236837430005,0.3239641788990431,0.15850160487135492,0.17682247388696404,0.26120995444822687,0.2428890854326177
CYP2C19,ENSG00000165841,chr10,94752680,94865547,266,0.3687175049948475,0.3814366314311763,0.3138558565694631,0.3523909122410527,0.36269080139566673,0.28184495396242654,0.23216165919698528,0.1985106831906857,0.24819397795612694
CYP2C9,ENSG00000138109,chr10,94928657,95000091,96,0.264308536631207,0.4107833997378541,0.3246670451806699,0.2664145129138122,0.31532487848483154,0.2216782163743853,0.22998086677254206,0.30728320417626837,0.29898055377811156
CYP2C8,ENSG00000138115,chr10,95026771,95079497,307,0.34845169566892764,0.5743638184332476,0.5173948710642885,0.3907044530702181,0.53165081847434,0.2770087876333148,0.29554050742313537,0.5771615438550192,0.5586298240651987
ACSM6,ENSG00000173124,chr10,95184199,95238928,283,0.3160731065945811,0.28488454554060916,0.20357064668664165,0.3241863655515997,0.19864162527054915,0.2437993363212634,0.25285109068422396,0.09151193823413431,0.08246018387117374
PDLIM1,ENSG00000107438,chr10,95227571,95301012,440,0.28865913957653183,0.3028522865274541,0.23259189738937747,0.2914773618265711,0.21505969510806264,0.21831248732335268,0.23159181122935169,0.14244547584448292,0.12916615193848388
SORBS1,ENSG00000095637,chr10,95301770,95571414,1682,0.44977150788132064,0.5125118444167106,0.4398722130102167,0.42786805366585184,0.4533215505210493,0.3681603008293287,0.3364902153669477,0.3503289842494711,0.38199906971185216
ALDH18A1,ENSG00000059573,chr10,95595940,95666711,350,0.36940392319729043,0.48734054445214087,0.4337551155501828,0.38131884671270944,0.45953951256024067,0.2802523002689093,0.26648748699755886,0.3878911833161188,0.4016559965874693
TCTN3,ENSG00000119977,chr10,95649822,95704143,245,0.45155510972758783,0.5936049168469759,0.5852185881714136,0.4841237746755666,0.5785968859016718,0.31054717158410855,0.34907625462821046,0.5898823097477315,0.5513532267036296
ENTPD1,ENSG00000138185,chr10,95701778,95887266,773,0.3845105428090774,0.34244001800937324,0.2938931626042816,0.33896752197803126,0.2934366838320209,0.27828401445231027,0.2429145680016301,0.14093527727669983,0.17630472372738
RP11-248J23.7,ENSG00000270099,chr10,95850547,95934844,348,0.36051615694202804,0.19649525518024047,0.10635839113896392,0.2934557023107532,0.11584452597179243,0.2767078213738486,0.22150960552363635,0.0,0.0
CC2D2B,ENSG00000188649,chr10,95897602,96043745,688,0.34715749766227877,0.5240433275665644,0.46979092043024606,0.3530757687967072,0.46670468465407233,0.26718198121238257,0.27463730335998227,0.4752464719808024,0.4677911498332028
CCNJ,ENSG00000107443,chr10,96033393,96070870,170,0.22723897925971454,0.6216976810266343,0.5683194929449019,0.23571740970429583,0.6322291512874473,0.19488876118935844,0.12029203225640217,0.777172856187477,0.8517695851204332
ZNF518A,ENSG00000177853,chr10,96119714,96215288,455,0.4561351693496179,0.6984860121625875,0.6631524834844206,0.4737031055295016,0.6370099240666107,0.3599342407664017,0.4137244364712701,0.8390046289707322,0.7852144332658637
BLNK,ENSG00000095585,chr10,96179170,96281587,645,0.4497460953567054,0.5755758000336398,0.513779909923392,0.5422882050905953,0.5000055906818461,0.3666517086962153,0.4726895259904118,0.49037014357336506,0.38433232627916847
DNTT,ENSG00000107447,chr10,96294408,96348564,386,0.5351291232782249,0.687876626022252,0.5748198542185124,0.630567193551167,0.6461039793774669,0.5375550044523625,0.5606955044674465,0.6268017354660405,0.6036612354509565
OPALIN,ENSG00000197430,chr10,96333220,96369365,233,0.5643261771561461,0.6610166770498873,0.577225939340211,0.6494631394825121,0.6985995156597855,0.5258742089043158,0.4653891971677989,0.5559301587449024,0.6164151704814195
TLL2,ENSG00000095587,chr10,96354607,96523926,1121,0.4452501198841601,0.568655607664844,0.5048280946642202,0.5125552307000092,0.5241824605901344,0.36361804694440697,0.40835296185601333,0.47723040686588963,0.4324954919542834
TM9SF3,ENSG00000077147,chr10,96508109,96597452,471,0.4692762542587476,0.6944129150924231,0.6250183190882462,0.4425753180902735,0.6274888611180706,0.4190780124319665,0.39123001496408527,0.7664424715789306,0.7942904690468118
PIK3AP1,ENSG00000155629,chr10,96583314,96730514,718,0.527052917254322,0.7411889804721099,0.7101555388953241,0.4684553563664294,0.6750878961500812,0.4310090347954,0.42971232209960186,0.9206481031469516,0.9219448158427496
LCOR,ENSG00000196233,chr10,96822253,97005956,670,0.31032122528688033,0.2400475265392162,0.2667700924052545,0.2647165315271023,0.18561918311052222,0.1678663714564686,0.1883356884718077,0.10663301112070264,0.08616369410536354
SLIT1,ENSG00000187122,chr10,96988037,97195959,1272,0.46731147469252665,0.42539728096734397,0.4195072208020256,0.47953381227385883,0.40183025139963,0.32000844473300577,0.3466130249027059,0.234067955670836,0.20746337550113586
ARHGAP19-SLIT1,ENSG00000269891,chr10,97143044,97302637,944,0.45312477237498905,0.48052694570857196,0.4555997503911791,0.533382328195054,0.5046396006596128,0.32520219713571863,0.35735784151041805,0.32973814119628636,0.29758249682158694
ARHGAP19,ENSG00000213390,chr10,97212172,97302673,497,0.4855838283674906,0.48378319186739116,0.45113784466823476,0.5391023907559778,0.525857116267261,0.3630215737311989,0.3447806185631806,0.2982068572167781,0.3164478123847963
FRAT1,ENSG00000165879,chr10,97309270,97331915,140,0.2982442055127207,0.4983219650378322,0.4047407859314318,0.34391225026756245,0.4496418736519392,0.26260411091938407,0.2570356949888714,0.42719261875048925,0.43276103468100197
FRAT2,ENSG00000181274,chr10,97322496,97344729,112,0.3708573557271886,0.4894152289078766,0.3929820328039665,0.4020739129281513,0.35162807597512863,0.31819949015568744,0.37659797128387185,0.35399910997869427,0.29560062885050997
RRP12,ENSG00000052749,chr10,97346357,97436076,582,0.23056542718247766,0.42501592237654545,0.32184384124726767,0.2461235686487553,0.3495127745798308,0.2135672948182028,0.20295305944805694,0.3398456348396335,0.35045987020977937
PGAM1,ENSG00000171314,chr10,97416190,97443444,138,0.44169664086420474,0.42345140392783787,0.5400459007703683,0.45756972084830777,0.5994641312618278,0.17845993950923472,0.12371970537425642,0.37223570830832625,0.42697594244330456
EXOSC1,ENSG00000171311,chr10,97425908,97456017,140,0.22872768794300508,0.39526320493341666,0.37202998091180134,0.25768927859289303,0.3784509415051287,0.1487064427889955,0.16270444552055444,0.3542555223005013,0.34025751956894235
ZDHHC16,ENSG00000171307,chr10,97436169,97467370,152,0.3668834977398657,0.4883764735915974,0.4070282681393577,0.3418902650351872,0.38430426909833915,0.30232924976365716,0.30177371733489633,0.3678369746281841,0.36839250705694493
MMS19,ENSG00000155229,chr10,97448323,97508794,253,0.2949432299245126,0.4452117887771538,0.32885211249452223,0.29835050982837497,0.37564054208719183,0.26994001315929395,0.23623055937111115,0.3192288263050283,0.3529382800932111
UBTD1,ENSG00000165886,chr10,97488923,97581206,511,0.47419166617717834,0.6074258554031798,0.5665284442541881,0.5480615045440126,0.5303104997028478,0.3709596364599281,0.4867777981579865,0.5640702197083634,0.448252058010305
ANKRD2,ENSG00000165887,chr10,97562498,97593884,183,0.4525666757159677,0.5077411468696188,0.4445787183032969,0.5544057485842186,0.5460229958629249,0.36161839818628544,0.36369416695830264,0.34713217840963806,0.34505640963762074
HOGA1,ENSG00000241935,chr10,97574322,97622802,291,0.34955992280204934,0.3089080499949508,0.2804340501420647,0.3421509436003397,0.3325577586093827,0.23524070160215244,0.1919798726901994,0.13424169444040573,0.1775025233523588
RP11-548K23.11,ENSG00000249967,chr10,97574373,97683910,656,0.30195921237177736,0.3627029983542747,0.3730401547135921,0.2720698247278864,0.37245356965836457,0.17156222068695745,0.15106600589287325,0.2789572607628301,0.29945347555691426
C10orf62,ENSG00000203942,chr10,97579720,97600934,124,0.2500242982426896,0.1473992047879721,0.14270006313427375,0.361042944549641,0.25895545708194945,0.14660543782688537,0.1538436655496708,0.012858404133950424,0.005620176411165023
MORN4,ENSG00000171160,chr10,97604552,97643500,211,0.38159741585256063,0.27371103736408153,0.26547441657409193,0.329191566177758,0.2890397437886641,0.24594623662134965,0.18897012516924008,0.07386108656533588,0.13083719801744548
PI4K2A,ENSG00000155252,chr10,97630685,97686434,331,0.3124829554517488,0.4092656713067256,0.3777503632694721,0.271670512929316,0.344504595290014,0.21332181361303862,0.21051332298242373,0.3130670774689741,0.31587556809958894
AVPI1,ENSG00000119986,chr10,97667423,97697241,230,0.29150754614254554,0.43314917198743286,0.29054207065476434,0.23992454628868315,0.2937997765737264,0.28451044511596796,0.24707009505726532,0.2831486546775683,0.32058900473627094
MARVELD1,ENSG00000155254,chr10,97703172,97728150,125,0.33701890461611816,0.2669253723028283,0.21926767016210422,0.29268425896169137,0.26423405669016653,0.2369968292719063,0.17497133420032293,0.07351094168652964,0.13553643675811303
ZFYVE27,ENSG00000155256,chr10,97727120,97770907,291,0.36531917440061057,0.38751181814161545,0.34542978850776607,0.44978178017797027,0.3705648586322427,0.26054112530051876,0.31236674250993124,0.22968450637397228,0.17785888916455977
SFRP5,ENSG00000120057,chr10,97756750,97781999,157,0.4449162519100312,0.34240229607979034,0.24634575781685322,0.528916207611384,0.3858129639078489,0.3624883125604874,0.342212723150243,0.05667361429129569,0.07694920370154024
GOLGA7B,ENSG00000155265,chr10,97839842,97881580,205,0.33362660227784713,0.3612527500691311,0.4002688087585937,0.31453108836286986,0.4523022684872395,0.1714389062120671,0.1119334230990392,0.2768075366534102,0.3363130197664381
CRTAC1,ENSG00000095713,chr10,97854999,98040828,1204,0.36226346655676733,0.37597464932354724,0.3492198016275703,0.39045002920890093,0.4275675062504074,0.24590549628625427,0.20436908344476334,0.22565878906761308,0.26719520190910406
R3HCC1L,ENSG00000166024,chr10,98124623,98254897,677,0.5185964829961344,0.5944610236358663,0.4794445804347316,0.5139471446954901,0.4931606496474774,0.4903644078829577,0.472207503593634,0.41217388289250606,0.4303307871818298
LOXL4,ENSG00000138131,chr10,98237689,98278194,297,0.5904996746450395,0.6222981284268546,0.5153234800625296,0.5566698339151819,0.5800722078777284,0.5710970477473385,0.4597090393587467,0.4025530463442708,0.5139410547328627
PYROXD2,ENSG00000119943,chr10,98373564,98425182,517,0.350699316517731,0.3715157989117435,0.2784326366188348,0.2622883977355629,0.31556576924636387,0.2849871080966141,0.1947419899254953,0.1794572806600248,0.26970239883114355
HPS1,ENSG00000107521,chr10,98406197,98456935,415,0.3478423372387732,0.3941715129777428,0.3141372554942243,0.2941898389556181,0.33034798773400254,0.275774768876988,0.224285121419035,0.22538358881063528,0.2768732362685883
HPSE2,ENSG00000172987,chr10,98447076,99245862,4207,0.5391707982412781,0.4463422595949496,0.47115127163391124,0.5354134622015858,0.46473752059894124,0.36444176712572773,0.36640898925972853,0.22676681312718794,0.22479959099318714
CNNM1,ENSG00000119946,chr10,99319355,99404330,425,0.5298002154562225,0.4959409860425622,0.3454648329690748,0.5821371445967354,0.4248036921258347,0.5079147818714158,0.5023100162713718,0.17714714470859794,0.18275191030864196
GOT1,ENSG00000120053,chr10,99386869,99440624,239,0.5186428221888216,0.45060063539353495,0.44351437732056986,0.5207135368723533,0.4266081529794298,0.37198071451124487,0.3891002668855987,0.22694894733302118,0.20982939495866743
NKX2-3,ENSG00000119919,chr10,99522941,99546524,209,0.4394222544825412,0.30185843820839514,0.31163754094931545,0.31957096803905327,0.1954490923923238,0.28234048754377117,0.2634470503096033,0.07699289864958891,0.09588633588375681
SLC25A28,ENSG00000155287,chr10,99600521,99630609,157,0.5882122549461849,0.31894729566752333,0.37086419685584754,0.47997565111842816,0.3136182658242296,0.4039773426127946,0.33083694239373845,0.0,0.05327864087483292
RP11-483F11.9,ENSG00000285932,chr10,99641594,99742112,488,0.6790404418728871,0.5178534996024282,0.5153845839855828,0.6117387293778894,0.42788748149134975,0.5707738800194708,0.5585822300976615,0.1587333883597497,0.17092503828155908
ENTPD7,ENSG00000198018,chr10,99649508,99721241,360,0.6621721995121649,0.4540824741329474,0.49449391142091476,0.6223570758177871,0.4224246823872393,0.5041555747891198,0.5150885580160877,0.10113179138308759,0.0901988081561198
CUTC,ENSG00000119929,chr10,99692557,99766134,349,0.6485951225010667,0.5927297611958869,0.550462416020398,0.6405926936308267,0.5350720741846429,0.5722793719481736,0.5778522141508368,0.3259989645211565,0.3204261223184933
COX15,ENSG00000014919,chr10,99700867,99742127,193,0.6523111215509727,0.6259305913556727,0.5679975061016873,0.6062327141526569,0.5165202465726442,0.600218611433873,0.5942816317152304,0.38309530274192494,0.3890322824605675
ABCC2,ENSG00000023839,chr10,99772639,99862594,440,0.4513224959727614,0.4619600439480679,0.4563005930893068,0.4537864766617953,0.42014983618214946,0.3053540712928587,0.339791109030634,0.31446838253068654,0.28003134479291125
DNMBP,ENSG00000107554,chr10,99865576,100019947,833,0.2683045462484381,0.3581994056515175,0.309287585450972,0.29123870509255817,0.3231571414422659,0.19291839671929797,0.19869898226437657,0.250559227522565,0.2447786419774864
CPN1,ENSG00000120054,chr10,100032192,100091869,297,0.2342244508564644,0.31043152894527243,0.21390322505600723,0.29345935890001373,0.2277693090301993,0.19894003973792135,0.23029594208218426,0.1727492415682473,0.14139333922398445
ERLIN1,ENSG00000107566,chr10,100140093,100196033,237,0.2273068993949367,0.3425244674096294,0.24032420376968477,0.3065315918251388,0.3069667151042249,0.20117877040862256,0.20936003603334574,0.21816895800431876,0.20998769237959558
CHUK,ENSG00000213341,chr10,100178299,100239596,292,0.267939214639116,0.36472630096195846,0.24510906465870894,0.3455463852224428,0.35392647570489466,0.2422045412670235,0.2204059756226766,0.21149480957861516,0.233293375222962
CWF19L1,ENSG00000095485,chr10,100222297,100277680,297,0.26530258107262755,0.2849356308179838,0.20066069069236697,0.32581870530705814,0.27519823770462043,0.2098547485395223,0.20389092084717508,0.1255279649727841,0.1314917926651313
BLOC1S2,ENSG00000196072,chr10,100263279,100296680,153,0.21313614818423357,0.2198501951233602,0.1298058863032783,0.24238312148126626,0.18740382313173157,0.17446519456413376,0.15916288918912308,0.07380412564089947,0.08910643101591015
PKD2L1,ENSG00000107593,chr10,100278148,100340264,379,0.3646289928568865,0.3051378087449033,0.2742157608666111,0.4423210768044337,0.34800334455170734,0.24854271346299803,0.26014889048176737,0.11549902557949729,0.10389284856072789
SCD,ENSG00000099194,chr10,100337232,100374826,231,0.3670742963925628,0.3909037093015933,0.29873945848739675,0.4117374799842834,0.37163986921107034,0.29915267838103743,0.2808595294324504,0.19662623258444917,0.2149193815330362
WNT8B,ENSG00000075290,chr10,100453008,100493744,165,0.3564185170422128,0.27489486278702724,0.3178684818389257,0.3196582373005217,0.2427955873973199,0.18980622763159505,0.21423830026098994,0.1316323901643138,0.1072003175349189
SEC31B,ENSG00000075826,chr10,100476645,100529864,240,0.09556025009907672,0.14985049615767,0.10972244243293577,0.09864004908723539,0.09615529118134365,0.07328032175658758,0.08254797102478065,0.0890627363341405,0.07979508706594743
RP11-411B6.6,ENSG00000255339,chr10,100495627,100539881,235,0.06390154688484595,0.15239059284375772,0.09745089061226908,0.0995995360425564,0.07271228001501985,0.06441890086615013,0.09737981235630484,0.10091645320362716,0.06795554171347243
NDUFB8,ENSG00000166136,chr10,100513739,100540000,146,0.08348141524838687,0.17168895470017936,0.08754367711654508,0.10295645626073259,0.05960649754956047,0.0919622052532712,0.11778026961703385,0.09640433131096005,0.0705862669471974
HIF1AN,ENSG00000166135,chr10,100519071,100569998,282,0.08811889560695109,0.1948573459739559,0.154294307392715,0.12914507463215272,0.11439623035728033,0.07069880585513014,0.11676502164882369,0.14603700143803441,0.09997078564434085
PAX2,ENSG00000075891,chr10,100725395,100839944,686,0.45621466776678965,0.6007564225760367,0.548941129547018,0.38514782733157815,0.5067332801978307,0.36561344182322825,0.34892587544780357,0.552570136795649,0.5692577031710737
SLF2,ENSG00000119906,chr10,100902962,100975134,265,0.3780539209519423,0.2343696347517347,0.1865610962003684,0.4204623367070498,0.25632590280649614,0.2677365996019255,0.2582140108263329,0.0,0.008841766776062354
MRPL43,ENSG00000055950,chr10,100959457,100997515,131,0.3896928077221531,0.3501028205972118,0.21734065317841703,0.4356839948991665,0.29236743137437105,0.33983811481409715,0.32862585746429235,0.09110299932518034,0.1023152566749852
SEMA4G,ENSG00000095539,chr10,100959517,100995871,121,0.3782850414612116,0.35750494664372445,0.22041525034349546,0.416109058873444,0.2929229360947423,0.3343379226491724,0.3169108008963001,0.10805823864960815,0.12548536040248048
TWNK,ENSG00000107815,chr10,100977366,101004403,109,0.28932154397997717,0.346664565936663,0.21967529476335867,0.380419876712129,0.28730588765922815,0.25957731811290985,0.2828374426603477,0.16608728191487654,0.1428271573674386
LZTS2,ENSG00000107816,chr10,100986617,101017836,174,0.38577442542778806,0.24305783981361823,0.22763473273187793,0.39342382600490383,0.23544897110363533,0.25378188568473015,0.25496344488095457,0.02468654940210238,0.023504990205878012
PDZD7,ENSG00000186862,chr10,100997678,101042295,228,0.4039249464131992,0.3244749889897571,0.27433373927454247,0.43519327690344795,0.3250349490705054,0.2944943607666503,0.2852212099345084,0.09777073557877664,0.10704388641091855
SFXN3,ENSG00000107819,chr10,101021233,101051244,121,0.42485132128086156,0.47568381077406346,0.42103759380462863,0.42266585611066737,0.39687824046280623,0.3261346648222135,0.34467912848062093,0.3195256972669259,0.3009812336085184
KAZALD1,ENSG00000107821,chr10,101051988,101078131,144,0.5485318815666521,0.6569345785386771,0.5972836394114855,0.4538342252216345,0.5840016623733165,0.47778092666825106,0.3987964172853951,0.5920531902118051,0.6710376995946611
TLX1,ENSG00000107807,chr10,101121299,101147789,156,0.4307924812712927,0.5341975102782156,0.43452582340111645,0.4100363561511406,0.43677083736048694,0.3787065654358403,0.3588096229268372,0.38528701106572005,0.4051839535747231
LBX1,ENSG00000138136,chr10,101216993,101239463,138,0.3446118378450437,0.3896109730430888,0.3104972774025683,0.34021602246647614,0.3034503538085933,0.27220087388747566,0.27394268575595854,0.22145790209315616,0.21971609022467323
BTRC,ENSG00000166167,chr10,101344032,101567321,881,0.34533665263457375,0.4522174490608275,0.3886641799468312,0.32926541809432286,0.3647644991908273,0.2667010887292991,0.273749585250231,0.33517578690822614,0.32812729038729427
DPCD,ENSG00000166171,chr10,101560559,101619662,257,0.3156572920823768,0.4070661128753982,0.3707691096328322,0.3688489661967736,0.297615990835292,0.21935590628249357,0.31480373046475474,0.3033164687459242,0.20786864456366297
POLL,ENSG00000166169,chr10,101568881,101598270,136,0.40901322233128834,0.502772339997409,0.38098643001982563,0.3751648827529739,0.3468888069634102,0.37252041993707274,0.3714834409527774,0.3261868694140689,0.32722384839836427
FBXW4,ENSG00000107829,chr10,101600663,101705295,379,0.6448463565787586,0.6171115853969737,0.6019011196885531,0.6339108065855283,0.5819173294940663,0.5370808005705788,0.5464069328344303,0.4229308773643158,0.4136047451004644
FGF8,ENSG00000107831,chr10,101760108,101790371,101,0.3869833100507317,0.5235574663492285,0.48686078759005563,0.3773006187570556,0.5615758879221533,0.28178158972200484,0.19526551509626083,0.4596265743815209,0.546142649007265
NPM3,ENSG00000107833,chr10,101771324,101793413,75,0.42802570016211955,0.5509376604245253,0.4420046749993149,0.49128743260574514,0.5390168814173302,0.38792504207312806,0.3510359133526356,0.41266851787893055,0.44955764659942304
OGA,ENSG00000198408,chr10,101774442,101828465,173,0.35699683592674647,0.4420753568585978,0.3797291883143364,0.35632452500864686,0.3998176322449244,0.27376895227241194,0.25678512543696386,0.30976242158192224,0.3267462484173703
KCNIP2,ENSG00000120049,chr10,101815973,101853920,128,0.23192134138450862,0.32907923612083856,0.24608631386667815,0.20533493040680414,0.26562819345022576,0.19024498722855682,0.1600994773107824,0.2088592483729113,0.23900475829068582
ARMH3,ENSG00000120029,chr10,101835598,102066193,656,0.2737769719401091,0.39489756638309537,0.3199100500336733,0.2567370141186802,0.3325373092933058,0.2183627117355467,0.19739554233977416,0.28399481178388913,0.3049619811796618
HPS6,ENSG00000166189,chr10,102055348,102078036,53,0.24364597511491445,0.351190142689579,0.3319862755990979,0.22087739897001207,0.25499896928468363,0.1542073742689779,0.19391638448799256,0.27840820888553786,0.23869919866652317
LDB1,ENSG00000198728,chr10,102096488,102130368,70,0.42110210795397834,0.4197917421224194,0.4829903255519056,0.40510467912643294,0.4929618157189274,0.21565182590697035,0.19228451537005542,0.3287163486770481,0.352083659213963
PPRC1,ENSG00000148840,chr10,102122993,102160333,25,0.13031189538419014,0.015009486637393618,0.0071139213736639215,0.13151639590616443,0.0,0.07380227752451882,0.07806492042885445,0.0,0.0
NOLC1,ENSG00000166197,chr10,102142175,102173871,65,0.22009296860640556,0.3047037730195455,0.4356341758892114,0.17076314971314194,0.39993039348155424,0.01997262091895957,0.019978568680750153,0.343444677435672,0.34343872967388134
ELOVL3,ENSG00000119915,chr10,102216298,102239589,85,0.5266865350477657,0.7872167883756841,0.5239453880164537,0.5146493572842636,0.5428543461525439,0.7766280552423648,0.7438059352430042,0.7708533621273553,0.8036754821267158
PITX3,ENSG00000107859,chr10,102220185,102251512,120,0.4852377855762493,0.6882596580143883,0.5083231819008768,0.5045641618392099,0.5313089097802519,0.5598506136504741,0.5550453568917693,0.605734061249445,0.6105393180081498
GBF1,ENSG00000107862,chr10,102235370,102392899,545,0.4661256278688589,0.5625999920282679,0.4781796038786251,0.48167746201614065,0.44809511975655547,0.4020350296786755,0.44484257842783287,0.42487212283552656,0.3820645740863692
NFKB2,ENSG00000077150,chr10,102384109,102412524,110,0.468047665425976,0.5300503227992084,0.4785957979167168,0.48200615825821475,0.5142499994442711,0.367550665916046,0.3454301977690663,0.3875789938799153,0.409699462026895
PSD,ENSG00000059915,chr10,102392616,102431539,133,0.6204261909303486,0.5931792148286993,0.6165871373733386,0.5831753150699298,0.5825250896113255,0.45472291622686095,0.4504706279151729,0.44465960556141054,0.44891189387309854
FBXL15,ENSG00000107872,chr10,102409188,102433136,71,0.4935673764339259,0.5217189137914887,0.5219751185883633,0.4966687184923046,0.4098250174501167,0.33991408294065895,0.44836359086230604,0.39764258992026974,0.2891930819986227
CUEDC2,ENSG00000107874,chr10,102413244,102442584,72,0.4843796484959198,0.4092295938600788,0.41647732254391673,0.4006479087291021,0.4113712112505355,0.3250201972334652,0.2541371710092467,0.2013076235107073,0.27219064973492574
C10orf95,ENSG00000120055,chr10,102439836,102461543,76,0.41522271138313216,0.5832512387085723,0.4558274504114691,0.37934109423351603,0.4826048433285523,0.40165352072064475,0.3466484867584634,0.47361820894111867,0.5286232429033
MFSD13A,ENSG00000138111,chr10,102451394,102487045,170,0.35333514435357366,0.44065468381695977,0.45378519104768594,0.31046831337878256,0.4173922033216353,0.20608620796397087,0.2062449161391054,0.374902049438591,0.37474334126345654
ACTR1A,ENSG00000138107,chr10,102451880,102512712,286,0.31228823887699003,0.42310749696183175,0.39121117710039377,0.2952173643562724,0.3936479324678082,0.21410049095600048,0.19983534145886334,0.33599884210138387,0.350263991598521
SUFU,ENSG00000107882,chr10,102493971,102643535,638,0.4015926530806986,0.41320184207346616,0.3655764837828792,0.39539952958114927,0.39316492196478436,0.2957597028918814,0.26838178276352526,0.23731466901085901,0.2646925891392153
TRIM8,ENSG00000171206,chr10,102634478,102668318,159,0.41948168748456843,0.5064265128581477,0.4538785603011467,0.42857866283920726,0.31519565850279585,0.32250177118812695,0.4435449273460208,0.3835817498912822,0.2625385937333884
ARL3,ENSG00000138175,chr10,102663730,102724397,265,0.6355214617749079,0.6290261900269575,0.6231810016869814,0.6569320375882738,0.6257807857528432,0.5124605519196237,0.5392685016530114,0.47916326001146137,0.4523553102780734
SFXN2,ENSG00000156398,chr10,102704537,102753492,230,0.5168576097073834,0.6226686938349006,0.4506022259237621,0.6086154384659092,0.4466704951999906,0.5515714946148029,0.6604473724546567,0.42306018664072376,0.3141843088008699
WBP1L,ENSG00000166272,chr10,102733947,102844516,526,0.3754913974439151,0.4072259233745424,0.32328495213593317,0.39353638993735396,0.3448792031584043,0.30161355594152894,0.3000584254742219,0.2213283804038364,0.2228835108711434
CYP17A1,ENSG00000148795,chr10,102820530,102847472,134,0.2583673263534856,0.2613276288292235,0.19732055937962872,0.2597399443420769,0.23626483995802178,0.1910010787703183,0.16706016299587267,0.11189971833845405,0.13584063411289973
BORCS7,ENSG00000166275,chr10,102844258,102874961,167,0.25319886492145227,0.21421592402803255,0.237174436357059,0.26463834496621375,0.2791489055856873,0.1311518456380584,0.11057170020968637,0.10992139115912225,0.13050153658749428
BORCS7-ASMT,ENSG00000270316,chr10,102844271,102911899,328,0.21365957376609193,0.2411686613189243,0.19403358040608984,0.21567355396991902,0.19312118482707244,0.15031400457010416,0.15216195622480555,0.1256617368863019,0.12381378523160053
AS3MT,ENSG00000214435,chr10,102859469,102911899,246,0.15862589116387898,0.2339323314524355,0.14027433787294905,0.1857442795241055,0.1543539317825032,0.14403085733925547,0.1521556082029617,0.12245391566362714,0.11432916479992089
CNNM2,ENSG00000148842,chr10,102908293,103100222,826,0.2332828174912336,0.22045858585858588,0.19101679092671503,0.2187689986259026,0.1845807049078829,0.1513548115791934,0.14594051686127435,0.09769465120619669,0.10310894592411574
NT5C2,ENSG00000076685,chr10,103077184,103287605,817,0.2884964656686828,0.28061115935220904,0.2317444545300943,0.28294782531059637,0.22621915192044073,0.2030476471061294,0.20274667267527413,0.12630561276177632,0.12660658719263151
RPEL1,ENSG00000235376,chr10,103235886,103258016,84,0.3474291559627527,0.5545084166372652,0.3870009832661032,0.37114597719555126,0.39342076581860697,0.3730102750926516,0.38625656739762304,0.43556664972109543,0.42232035741612406
INA,ENSG00000148798,chr10,103267137,103300346,160,0.37682281297127507,0.27586162371166195,0.17795947686132801,0.3665393764977972,0.2776076047357708,0.29986579087274096,0.22707170581222613,0.022906986516127603,0.09570107157664243
PCGF6,ENSG00000156374,chr10,103292795,103361144,256,0.36863173493122076,0.23074726718380398,0.2774547205626871,0.3513675491196884,0.26353557768823627,0.19861324354637824,0.1946652078509764,0.0637224686676775,0.06767050436307928
TAF5,ENSG00000148835,chr10,103357975,103399065,150,0.4973127328031903,0.4734582641896359,0.4352159930550357,0.493128508736784,0.4836131250696184,0.3789499040851163,0.33001170993591267,0.26247477616962583,0.3114129703188295
ATP5MK,ENSG00000173915,chr10,103379040,103406492,112,0.5237599566770689,0.4839089985352143,0.3768795783745633,0.5347852359080938,0.4318875358329076,0.46514497152792483,0.4306462059061129,0.19632719809426602,0.23082596371607783
PDCD11,ENSG00000148843,chr10,103386625,103456294,320,0.4746954351018277,0.47509270234947265,0.4394936621574738,0.4354765267644606,0.3981938913008131,0.354697969906678,0.3542434788349347,0.28983563797895306,0.29029012905069645
CALHM2,ENSG00000138172,chr10,103436785,103462402,138,0.507159847264568,0.6309105898785493,0.5508254700751878,0.4610472519830745,0.506221359104063,0.4519714965315107,0.45458789040092523,0.5447448639087664,0.5421284700393519
CALHM1,ENSG00000185933,chr10,103443239,103468900,138,0.5973555477173685,0.7145158508488539,0.6298266137156894,0.49316706229136464,0.5415202125963657,0.5847431791794266,0.576651769857813,0.668825591858613,0.6769170011802268
CALHM3,ENSG00000183128,chr10,103462803,103489240,135,0.5730132046168765,0.6712739579177103,0.6945313081599201,0.5173904232485138,0.5263412619378837,0.3888123885050324,0.5469048386869706,0.7237181854360164,0.5656257352540783
NEURL1,ENSG00000107954,chr10,103483978,103602552,630,0.42556447501754374,0.5145542387899082,0.4251350172814511,0.3729917475086815,0.44028808065766134,0.3617175262504216,0.30457511704005863,0.36097018862513863,0.4181125978355016
SH3PXD2A,ENSG00000107957,chr10,103584026,103865543,0,,,,,,,,,
STN1,ENSG00000107960,chr10,103867568,103928184,314,0.42843782127612934,0.48398208228683876,0.4906776783668295,0.4136767185556332,0.4554932889749624,0.2731607871820366,0.29381137249245426,0.3884530026710982,0.3678024173606806
SLK,ENSG00000065613,chr10,103957139,104039233,426,0.43674414420515223,0.5176368223364785,0.43525746078135585,0.4326007465211117,0.4748437701932529,0.3658469684100614,0.3258452801235417,0.36321099961578074,0.40321268790230047
COL17A1,ENSG00000065618,chr10,104021285,104095880,407,0.5365160503089524,0.6235882980409628,0.5548884369104601,0.5867517096558962,0.623735184216488,0.4683124905027807,0.4416581878937804,0.50875929209348,0.5354135947024803
SFR1,ENSG00000156384,chr10,104112057,104136385,113,0.38692813821178873,0.7506365520082303,0.5884970806654309,0.4017605326886349,0.6313438714037742,0.49508888599125184,0.452358502089592,0.8937549302622673,0.9364853141639271
CFAP43,ENSG00000197748,chr10,104119887,104242364,653,0.2876380686428963,0.5853675366873571,0.47603423142259843,0.287321915237975,0.5072660672660673,0.28660151197855543,0.25565114772535896,0.5937612697472826,0.624711634000479
GSTO1,ENSG00000148834,chr10,104225355,104277459,395,0.28612272926058374,0.48540139315785685,0.40064477931434544,0.27777460734438697,0.36060764916041027,0.24475573687600832,0.27127454577937743,0.4196123495257658,0.39309354062239676
GSTO2,ENSG00000065621,chr10,104258872,104314950,350,0.2317502445929349,0.22893835977287363,0.27582907544485785,0.24001657203892435,0.2781106219588892,0.10044976286443005,0.10428112180842436,0.15953719733616928,0.15570583839217497
ITPRIP,ENSG00000148841,chr10,104299697,104348465,247,0.31190831409748704,0.2869547297630691,0.28271002896962877,0.3286546428213462,0.2773671677907123,0.18988422799835203,0.20591396350828692,0.14832613996664368,0.13229640445670882
CFAP58,ENSG00000120051,chr10,104343832,104465102,689,0.2521416750013994,0.34795545882396717,0.2858395514391525,0.28423750232113004,0.2645833356106061,0.19076825235765757,0.22736561441866926,0.23687415234400155,0.20027679028298986
SORCS3,ENSG00000156395,chr10,104631289,105275242,3887,0.4414032057141551,0.5820352991653794,0.5123449064990006,0.4159586195487678,0.5004708746643571,0.36826938174310714,0.3580261829506484,0.5040889160442523,0.514332114836711
SORCS1,ENSG00000108018,chr10,106563662,107174706,4437,0.3782490592504541,0.38690490044390924,0.3697838563842676,0.4309020775796389,0.3932024260365352,0.25137923352024993,0.276688975781245,0.23785598362016333,0.21254624135916822
XPNPEP1,ENSG00000108039,chr10,109854765,109933553,426,0.454867547748199,0.6202400686680358,0.5694680569148611,0.40173212446255735,0.568191570274097,0.36610435492435867,0.32107970984382356,0.6021116306342914,0.6471362757148265
ADD3,ENSG00000148700,chr10,109986367,110145565,876,0.43900394196120296,0.49529074640349663,0.46994616071952805,0.47221601128264,0.5478048381810021,0.3135187285321561,0.26459976190989604,0.3702540224263859,0.41917298904864614
MXI1,ENSG00000119950,chr10,110197604,110297365,388,0.41351710150642546,0.6479882740267656,0.5542110185274343,0.3730075046262641,0.6336793414855668,0.3848964933847773,0.25333264302490366,0.6591942981301477,0.7907581484900215
SMNDC1,ENSG00000119953,chr10,110280729,110314938,143,0.4581704730016405,0.6473099740808294,0.623676353495319,0.47254791916304456,0.615699342797181,0.33883191517717803,0.3627664549250993,0.703333806182634,0.6793992664347128
DUSP5,ENSG00000138166,chr10,110487906,110521533,194,0.689007524845152,0.6425878664087419,0.6361988674232096,0.6576335432770711,0.6172179892064248,0.5928521951213797,0.570224858829163,0.43601353209990257,0.45864086839211937
SMC3,ENSG00000108055,chr10,110557694,110616048,341,0.5965664108853488,0.7340957971699629,0.7921485485397306,0.5321482246650999,0.7559767073047411,0.33071546830001186,0.33686566551212516,0.9939037065030181,0.9877535092909047
RBM20,ENSG00000203867,chr10,110634335,110849468,1544,0.43044559287245393,0.49562358151101216,0.45022515308679584,0.4257499752004338,0.4516204775096941,0.32454346976394793,0.3191675746826502,0.3598889578281902,0.36526485290948785
PDCD4,ENSG00000150593,chr10,110861794,110910006,272,0.5401093496122708,0.6403726465710663,0.5875621146516015,0.6757459428368957,0.6603215810846037,0.45689189089974386,0.5345794603774777,0.5657950221127093,0.48810745263497557
BBIP1,ENSG00000214413,chr10,110888729,110929201,218,0.3977607145711065,0.5809797693186425,0.5002472594349026,0.616128018744518,0.5966340044876863,0.3416473418900219,0.45968564468656936,0.5281887350865127,0.41015043228996517
SHOC2,ENSG00000108061,chr10,110909592,111023666,537,0.4558760378489384,0.4554959938829801,0.4311970146658778,0.6115887363544289,0.6288977645720358,0.3261185068337136,0.2811464174679353,0.2817614723791133,0.32673356174489165
ADRA2A,ENSG00000150594,chr10,111067028,111090907,138,0.39258203980234324,0.5109900354751612,0.4604583908569424,0.6028073956960498,0.5724941351518307,0.29843759915774065,0.3944595535843813,0.4169348132057312,0.3209128587790905
GPAM,ENSG00000119927,chr10,112139864,112225377,531,0.4826667096593354,0.5604151470783976,0.46486484808793316,0.402094255205902,0.4458921087772471,0.42787825998357354,0.3729254033538323,0.3940462535650054,0.44899911019474675
TECTB,ENSG00000119913,chr10,112273399,112315038,293,0.3688652178714926,0.590238272628871,0.5078428978278031,0.3469694163534942,0.5060877581133503,0.32172898964162067,0.30645666529826443,0.5704504513302227,0.5857227756735788
ACSL5,ENSG00000197142,chr10,112364115,112438379,334,0.397562720033437,0.3958937644499142,0.3737923485957635,0.3952740539685245,0.36197798884366056,0.27135183857004963,0.2788013095992533,0.23265337127119218,0.22520390024198866
ZDHHC6,ENSG00000023041,chr10,112414427,112457572,0,,,,,,,,,
VTI1A,ENSG00000151532,chr10,112436997,112828744,0,,,,,,,,,
TCF7L2,ENSG00000148737,chr10,112940246,113177678,1319,0.41617411162905116,0.3210197725806108,0.21909151458319603,0.40111892962569384,0.237915968571473,0.3390092183905704,0.31407853380971396,0.048154053605045155,0.07308473818590155
HABP2,ENSG00000148702,chr10,113540836,113599602,521,0.38140239509998697,0.4556531442173077,0.4035087686397556,0.4459112336517719,0.38721707266518424,0.28588909280494185,0.35442724436702655,0.3222795399616777,0.253741388399593
NRAP,ENSG00000197893,chr10,113578713,113674070,752,0.3766476766004741,0.3828754666586521,0.26818896957560895,0.3650992398110986,0.28071331953849,0.32154743899871485,0.3037378672064329,0.1611369995864142,0.17894657137869613
CASP7,ENSG00000165806,chr10,113669161,113740907,391,0.38890318370512866,0.37894358019240687,0.38418468006647416,0.3684639126159269,0.3713348165708068,0.242012529605083,0.23588853877406488,0.23432081841814906,0.2404448092491672
PLEKHS1,ENSG00000148735,chr10,113741261,113793429,446,0.2506634212281702,0.29622279558402054,0.18174229498666924,0.19017167880631602,0.18623871462780744,0.2196412601325578,0.17806911481634352,0.13165218377908075,0.17322432909529498
DCLRE1A,ENSG00000198924,chr10,113824724,113864383,210,0.5180702784768879,0.4888569107158977,0.3961241526672387,0.46661535133324494,0.31358377219774386,0.4483380191946304,0.461673534211802,0.22276769061307478,0.2094321755959032
NHLRC2,ENSG00000196865,chr10,113844660,113927194,415,0.5056055703687226,0.37230496835708055,0.398217815034417,0.5306027164995595,0.4873083724854128,0.33113138527862185,0.276962950556953,0.1345694635891152,0.18873789831078402
ADRB1,ENSG00000043591,chr10,114033865,114056904,126,0.24136941819791805,0.3031377866871057,0.19056266161189786,0.238374923133613,0.27716614910548876,0.21299599675920028,0.15444627712140493,0.14817157635209058,0.20672129598988595
CCDC186,ENSG00000165813,chr10,114110861,114184232,399,0.2686740607305592,0.2589699569125096,0.25548790971554036,0.22883057711154534,0.16544990906296475,0.15879198013168316,0.18934939157695435,0.14092213039853216,0.11036471895326089
TDRD1,ENSG00000095627,chr10,114169269,114242304,435,0.21794087769403284,0.27156878811958846,0.22201144300898965,0.18032794520635348,0.19060416424358553,0.15582177815083584,0.1521229213096859,0.1610403039776872,0.16473916081883716
VWA2,ENSG00000165816,chr10,114229253,114304489,495,0.38275284471129156,0.3642323840165496,0.3537899664391968,0.3499770584936269,0.33375338360384627,0.24938861342320592,0.23878720303997958,0.20353355266150824,0.21413496304473462
AFAP1L2,ENSG00000169129,chr10,114284823,114414756,906,0.5955159265920643,0.5776529119261962,0.5578660114603217,0.6201023639619797,0.5498007021545411,0.4754642174249274,0.5158581753251196,0.38646360198826063,0.34606964408806834
ABLIM1,ENSG00000099204,chr10,114421112,114778061,2458,0.43815538644537694,0.5409789728311981,0.4429686331194329,0.4486484269268234,0.4702722035268577,0.3850277440646196,0.36932493643390435,0.3936315150809797,0.4093343227116949
FAM160B1,ENSG00000151553,chr10,114811743,114909832,635,0.29821285946388354,0.7267325772822266,0.5650321028084312,0.2645490529476295,0.5977169049167961,0.40947324111895594,0.34698830289268656,0.887831151749438,0.9503160899757073
TRUB1,ENSG00000165832,chr10,114928194,114987676,410,0.35931851395467856,0.4609091104287893,0.48650041280455325,0.32651941363661835,0.4039036889569528,0.1982939448415481,0.24790708764049224,0.4195771511557357,0.36996400835679155
ATRNL1,ENSG00000107518,chr10,115083364,115958999,0,,,,,,,,,
GFRA1,ENSG00000151892,chr10,116046924,116286803,0,,,,,,,,,
CCDC172,ENSG00000182645,chr10,116314447,116390029,467,0.33684283671859305,0.25923696943602226,0.29308620536035646,0.34934314644661435,0.30003726348040904,0.18198560905856354,0.1865596025812638,0.11808889258313748,0.11351489906043721
PNLIPRP3,ENSG00000203837,chr10,116417846,116487957,451,0.7040761489093834,0.5718083922643297,0.6790687977193612,0.7329209271777176,0.704283597068806,0.4646545588013238,0.4750203156777787,0.3835299431531394,0.3731641862766847
PNLIP,ENSG00000175535,chr10,116535930,116577855,136,0.7394243574508107,0.6891388172444844,0.6401430932552942,0.7824241167588097,0.7462394112826163,0.7456110509031609,0.6611262022118898,0.42279777324629986,0.5072826219375711
PNLIPRP1,ENSG00000187021,chr10,116580384,116619175,191,0.38939124608997777,0.5010337363185897,0.5247622700839673,0.37183766740555974,0.5212741053027576,0.22228776973420872,0.21177317881846247,0.4729290236348089,0.48344361455055507
C10orf82,ENSG00000165863,chr10,116653695,116680264,168,0.49355586047249667,0.7203596356826695,0.6946380510087314,0.46112504297840784,0.6498910231502648,0.3841673375768895,0.42150591483369915,0.8900835769539491,0.8527449996971397
HSPA12A,ENSG00000165868,chr10,116661191,116860251,1327,0.4958589272654113,0.4760122111260856,0.4722567220889548,0.5063958505606213,0.48163062347237257,0.34602035643567103,0.3476205449038537,0.3002665421726946,0.29866635370451194
ENO4,ENSG00000188316,chr10,116839498,116921788,328,0.5119910446951198,0.4915995235021465,0.5552097306859692,0.5880822737641601,0.5825632987227588,0.2918774559264447,0.3448975428503892,0.38460834649092374,0.3315882595669794
SHTN1,ENSG00000187164,chr10,116871476,117136586,997,0.5731864489168935,0.5941146183211075,0.5908090115424804,0.6646595066701708,0.6208070338129569,0.42975960625674503,0.5122916389278054,0.4719248641166824,0.38939283144562187
VAX1,ENSG00000148704,chr10,117118520,117148301,80,0.467860870219748,0.4389637845210154,0.40951308015546933,0.5829174529404086,0.5041314232375235,0.34100616371853976,0.37549829447239724,0.23696365660349333,0.20247152584963574
KCNK18,ENSG00000186795,chr10,117187488,117220299,264,0.34977274721540297,0.4340964564460266,0.359502571389053,0.5084969834034017,0.38425708932414004,0.2771274091325404,0.39734653978496504,0.2922042239183318,0.17198509326590716
SLC18A2,ENSG00000165646,chr10,117231092,117289430,368,0.5101453781297187,0.4705479180800715,0.37589705799318796,0.6254820648116045,0.4419166028596572,0.4390596418935524,0.5173906652510689,0.19685297298842647,0.11852194963091
PDZD8,ENSG00000165650,chr10,117267273,117385440,698,0.46658349947781447,0.3926175602962371,0.36010035565510745,0.5111680736554092,0.42624394678958505,0.34030272492518626,0.3293911137375131,0.15829391245959507,0.16920552364726826
EMX2,ENSG00000170370,chr10,117532444,117559546,159,0.34056883504318425,0.7147321985775059,0.5666004079507035,0.40729337313846,0.6420701598572668,0.4173047207508197,0.3749821631020678,0.8370221650472183,0.8793447226959703
RAB11FIP2,ENSG00000107560,chr10,117994915,118056941,311,0.5794102068216663,0.7416754239222306,0.7601304010183181,0.6160563544768235,0.7671083828066751,0.39598794017212324,0.4268079178205818,0.9575504977531586,0.9267305201046999
FAM204A,ENSG00000165669,chr10,118287924,118352328,303,0.5385512439111249,0.6206049534279645,0.5970847567151059,0.5804898411723771,0.5869087670644372,0.4167662464326532,0.47687900347352663,0.5524110310852086,0.4922982740443351
PRLHR,ENSG00000119973,chr10,118579996,118605648,197,0.29179484582647847,0.6631251533554164,0.6275975773347112,0.320090756166372,0.6871681012196236,0.22264251298726045,0.15587522495295836,0.8654012795611552,0.9321685675954572
CACUL1,ENSG00000151893,chr10,118664166,118765249,581,0.44448241517823184,0.30031273460339336,0.3201236216670409,0.4184333921707321,0.2954776541129963,0.2795662640685348,0.2744581734321029,0.07755554341797566,0.08266363405440758
NANOS1,ENSG00000188613,chr10,119019713,119043730,127,0.46223452500190776,0.5015506811189165,0.365455291065756,0.5451796616728752,0.4145696773296016,0.43086928243525635,0.4743490264791082,0.2653840795530036,0.22190433550915173
EIF3A,ENSG00000107581,chr10,119023669,119090823,345,0.5564870267866543,0.5484831015768756,0.557563081974043,0.5898435909232755,0.5481280389071795,0.3963566612359077,0.44600138740606793,0.3987858182958314,0.349141092125671
DENND10,ENSG00000119979,chr10,119094085,119147984,286,0.4674521205404037,0.4956459668711375,0.41101935975899895,0.4017213242128804,0.3832196520466717,0.3925986585288488,0.35746655642558167,0.2918781522978651,0.3270102544011323
SFXN4,ENSG00000183605,chr10,119130766,119175714,273,0.4648924502736409,0.5059217812450993,0.4289262896635451,0.4786029275523438,0.4257077256100489,0.38505598689001025,0.40084400281765675,0.32000544987774504,0.3042174339500986
PRDX3,ENSG00000165672,chr10,119157719,119188812,180,0.6439214437884115,0.6361111122634316,0.5705155094768702,0.6573440613615101,0.5201320763406918,0.5991704858115093,0.6738453845148162,0.4117362256041771,0.3370613269008701
GRK5,ENSG00000198873,chr10,119197570,119469745,1668,0.45979340414896364,0.5435031160441318,0.5431275139113515,0.5131182849922398,0.5398929597843033,0.30831304084949573,0.36380567743184594,0.47586036406643933,0.42036772748408907
RGS10,ENSG00000148908,chr10,119489816,119552719,371,0.5883455296116983,0.6836128733980664,0.6789970593224943,0.6336932517930917,0.7313870114615268,0.451027340862199,0.42029463906598274,0.6997613901530012,0.7304940919492174
TIAL1,ENSG00000151923,chr10,119561801,119607029,189,0.3523993978710089,0.5739491201685417,0.521292546856111,0.34951812114176734,0.5105096579891827,0.27550600893006133,0.28442389738400586,0.5776904946905627,0.5687726062366181
BAG3,ENSG00000151929,chr10,119641379,119687819,320,0.37190996050929964,0.4187218678925997,0.4037821531640249,0.4087633473147928,0.37527212781932806,0.2452242539287911,0.29881285476245406,0.2973016699984298,0.24371306916476693
INPP5F,ENSG00000198825,chr10,119716041,119839147,527,0.4038331257816799,0.6130506326168073,0.5102236570576604,0.4300294160445279,0.5805002031804304,0.3764448269502291,0.32146985865668065,0.5730166011967537,0.627991569490302
MCMBP,ENSG00000197771,chr10,119819403,119902556,370,0.290462615142145,0.5164044877078093,0.3423581796891391,0.2969291664483786,0.3982268858992111,0.3252768450561255,0.28546464088600304,0.4012295950212548,0.4410417991913773
SEC23IP,ENSG00000107651,chr10,119882729,119954657,336,0.3211804525556054,0.5090175423458664,0.3532958680294003,0.34206152157849434,0.42390338453082105,0.3314402236801812,0.2892554161614286,0.3799066559376766,0.42209146345642934
PLPP4,ENSG00000203805,chr10,120447226,120602065,1065,0.46473236667280077,0.5572091020385157,0.5092178602442298,0.49288604257067753,0.5395821198851349,0.36394554254380734,0.35902819984987605,0.45071209145765573,0.45562943415158713
WDR11,ENSG00000120008,chr10,120841304,120919524,493,0.3113114465609502,0.2242107593322457,0.20341463056356462,0.30664918178571404,0.23183102947386128,0.1997097776019114,0.17817400656613416,0.05416461516380899,0.07570038619958624
FGFR2,ENSG00000066468,chr10,121468331,121608458,994,0.5957175785212703,0.5713042394705508,0.5729682082181395,0.6088918194767764,0.5798398679516088,0.4508762810202684,0.4593297508532233,0.39613151353804754,0.38767804370509257
ATE1,ENSG00000107669,chr10,121730423,121938492,1377,0.5512611371955198,0.4506634412843709,0.44663778722225794,0.5507886716836314,0.434629325362552,0.4043078238028695,0.4145160608355073,0.19473616194684312,0.1845279249142054
NSMCE4A,ENSG00000107672,chr10,121947090,121985217,240,0.44116214296277617,0.393681506433062,0.2990243312664356,0.3293621088343517,0.34398140875417943,0.3634818344925592,0.23915482853723177,0.136868029540055,0.2611950354953825
TACC2,ENSG00000138162,chr10,121979162,122264545,2201,0.4234971797904217,0.5106808927241067,0.48627954132996065,0.42185002588600623,0.47575768310233585,0.29971973118000284,0.3084305698397197,0.4150207000428598,0.4063098613831429
BTBD16,ENSG00000138152,chr10,122261295,122348159,684,0.3567798158588897,0.641133631591092,0.582039818092709,0.32579119379346544,0.5799454510904193,0.2968521319187732,0.2758249547034773,0.7279530607151945,0.7489802379304904
PLEKHA1,ENSG00000107679,chr10,122364695,122452602,442,0.4196711563260622,0.45042486449264224,0.4243565015265446,0.41396099958878535,0.4168949975532666,0.29525170413238916,0.296795358224586,0.3033580760360541,0.30181442194385727
ARMS2,ENSG00000254636,chr10,122444652,122467352,142,0.2606896825300016,0.3559421050330142,0.2893326813777359,0.296566764758858,0.2830790794516723,0.2002266618552327,0.22947961597685793,0.23973999604616664,0.21048704192454143
HTRA1,ENSG00000166033,chr10,122448550,122524907,510,0.4060499676323238,0.3957355702206477,0.3350716543859065,0.42629285166247616,0.4065662579517051,0.30831373393384887,0.26877493804226493,0.19542964527096807,0.23496844116255194
DMBT1,ENSG00000187908,chr10,122550664,122653736,720,0.4468119696749455,0.5738287030567008,0.5573586160011007,0.28542848009303357,0.457072488670758,0.3149879354558015,0.289103316112592,0.537925972579014,0.5638105919222236
RP11-481L19.2,ENSG00000286135,chr10,122662849,122689494,187,0.27191951440627854,0.24459869902177597,0.14389442627033694,0.27342894842491094,0.18860662285724183,0.2212441247904513,0.19546142844555486,0.05926202167729053,0.08504471802218688
C10orf120,ENSG00000183559,chr10,122687708,122709846,143,0.43128093815607155,0.28531224813095807,0.26812555568204116,0.2570628089375732,0.260431523203013,0.294065972706284,0.1656824560405894,0.04184356964039149,0.1702270863060861
CUZD1,ENSG00000138161,chr10,122822157,122856175,166,0.5339136447556833,0.36295437885673915,0.40688639998747883,0.45339457423472,0.3594243117729405,0.3459645137766855,0.3047770461394334,0.10494949344855614,0.14613696108580826
RP11-107C16.2,ENSG00000286088,chr10,122822166,122889583,295,0.5182451975918424,0.3652894048850207,0.39094505854171224,0.4762524183403893,0.3635113644428101,0.3445296716421892,0.3247714245433384,0.11005646805990477,0.12981471515875553
FAM24B,ENSG00000213185,chr10,122839077,122889641,209,0.4468837140189462,0.32168449971737495,0.35689622839240587,0.4671252530146534,0.3611408978381456,0.2694402980012115,0.2847701460095722,0.11870246162755865,0.10337261361919803
FAM24A,ENSG00000203795,chr10,122900609,122923111,75,0.34556262955580996,0.34805068933347144,0.3033895758297008,0.3665232394862657,0.16526392725358668,0.24511944827375384,0.35184037199074814,0.1826690161804708,0.0759480924634765
C10orf88,ENSG00000119965,chr10,122920900,122964311,201,0.24569382126663333,0.246464221059448,0.22200110519924143,0.24882313968822953,0.21827299266323655,0.1569527619092998,0.16142161935574692,0.1260260164699615,0.12155715902351438
PSTK,ENSG00000179988,chr10,122944380,123007513,361,0.32027744055847707,0.3086461376732871,0.2376949453221789,0.37056744066299346,0.2210426589300411,0.24188279011091163,0.29112052685015255,0.12722069440764894,0.07798295766840807
IKZF5,ENSG00000095574,chr10,122980806,123018812,206,0.267544489215626,0.27025126805150335,0.18705768002344866,0.39847983498377193,0.2626257774974304,0.2096562819389157,0.2593452377048612,0.10539872496244712,0.05570976919650161
ACADSB,ENSG00000196177,chr10,122998978,123068290,421,0.3757654352018417,0.4380331269200279,0.35653375945748184,0.4304108655455295,0.3914266915747301,0.30332786803693074,0.3212572352598,0.2729845074863808,0.25505514026351145
HMX3,ENSG00000188620,chr10,123125969,123149423,129,0.2875688700681621,0.36559350911751093,0.4486357741958626,0.2760626451118484,0.27382963951348044,0.09938887354827652,0.2290725792771917,0.3556765036357893,0.22599279790687407
HMX2,ENSG00000188816,chr10,123138135,123160672,101,0.25581571430701244,0.2909466736147299,0.31689661289151266,0.2659459404635124,0.28065871189728375,0.12909103096814598,0.1617888904404419,0.2147335107908367,0.18203565131854074
BUB3,ENSG00000154473,chr10,123144401,123180467,187,0.16015725678970216,0.12400899615266062,0.08073314229909055,0.17178853868671462,0.07658408108520638,0.11138062619142577,0.12060534861092204,0.021018831487715134,0.011794109068218844
GPR26,ENSG00000154478,chr10,123656354,123707399,383,0.46500058178136683,0.49930698830143916,0.48009825540498047,0.4742964445919718,0.4639139214025589,0.3315681491863987,0.3556596941955129,0.36019396762023015,0.3361024226111159
CPXM2,ENSG00000121898,chr10,123696206,123950267,2076,0.36066499115015055,0.5124481790158769,0.4716290162090739,0.3881028446858139,0.5186268785277395,0.26386438252132893,0.2392185814635987,0.45449431221768144,0.4791401132754116
CHST15,ENSG00000182022,chr10,123997667,124103598,860,0.40779846253553953,0.40418712287105124,0.40416829669128573,0.3479070332884723,0.364136150537041,0.26196993204900026,0.24631297713574699,0.25585869371371817,0.27151564862697153
OAT,ENSG00000065154,chr10,124387302,124428976,299,0.5015374087106323,0.6851786155356517,0.5981659243315668,0.40847190759100455,0.5809627470865256,0.4701302733560878,0.40550024185080824,0.6856195610711925,0.7502495925764721
NKX1-2,ENSG00000229544,chr10,124435242,124460035,155,0.28288806020123713,0.37453994490358117,0.342462394711801,0.25545665082393343,0.3584393511488958,0.1912689088879075,0.1602002286922506,0.2779989029835727,0.30906758317922967
LHPP,ENSG00000107902,chr10,124451822,124627888,1608,0.3958823894672137,0.517307701446011,0.4476290802251273,0.3958535066267237,0.4377814018940094,0.3194133848503215,0.32822496150955227,0.408962506525343,0.4001509298661121
RP11-12J10.3,ENSG00000258539,chr10,124607079,124801727,1018,0.500515242183273,0.626316036940207,0.5628034084940703,0.5449749060044469,0.5536938440863427,0.42557536734729984,0.4824987265220759,0.5587694900064468,0.5018461308316708
FAM53B,ENSG00000189319,chr10,124609291,124754378,803,0.5148618007050257,0.6073504668001698,0.5588720825247466,0.5474627045721626,0.5392701432993819,0.41986946817437365,0.4763897672610004,0.5149683698330464,0.4584480707464196
EEF1AKMT2,ENSG00000203791,chr10,124738148,124801887,248,0.4563033466365534,0.6501314681265461,0.6039442327601376,0.43640379448098365,0.5625726272835366,0.3666806885755428,0.3983852288276987,0.6835171297059102,0.6518125894537542
ABRAXAS2,ENSG00000165660,chr10,124791818,124846667,221,0.39703202965343254,0.5479473310005436,0.5884948809011072,0.4613556145279165,0.6097534308255065,0.20595698179548655,0.23583988182676602,0.5879995998077718,0.5581166997764923
ZRANB1,ENSG00000019995,chr10,124932122,124998189,358,0.5649898497864857,0.35571184490983526,0.4055167571470146,0.5036445662290578,0.3924063912792074,0.3759661856468789,0.3209115942495355,0.06364302151274115,0.11869761291008452
CTBP2,ENSG00000175029,chr10,124974316,125171170,1544,0.3611200808956649,0.48989131441570605,0.44902063503959044,0.34922693645550784,0.42655356278969514,0.2625561542873262,0.27331750906904834,0.4105753126921225,0.3998139579104004
TEX36,ENSG00000175018,chr10,125566521,125693163,816,0.3013898849259203,0.42171610641409296,0.34877944444730014,0.31588489289525307,0.3836818954289079,0.2387229670144535,0.22166370529050894,0.30896739850399435,0.3260266602279389
EDRF1,ENSG00000107938,chr10,125709514,125774143,295,0.5432673302325239,0.5055637292450113,0.5079934026288716,0.5044348596225351,0.5121803995226197,0.389365442998772,0.3442919348236646,0.3149715693532639,0.36004507752837145
MMP21,ENSG00000154485,chr10,125743579,125785821,219,0.45973506922598834,0.37269826219857366,0.4645399974724249,0.4827652959071432,0.4173339589587256,0.22869708853841286,0.2927225314102686,0.23763052505724025,0.17360508218538456
UROS,ENSG00000188690,chr10,125774979,125833258,321,0.32103406671660245,0.333205325370163,0.2783952304313059,0.3795385219443175,0.278455602581374,0.23308986931471545,0.27810175259219005,0.17218324528062753,0.12717136200315296
BCCIP,ENSG00000107949,chr10,125813545,125863695,208,0.43734385162235406,0.4695359983830685,0.3327189528372325,0.48031046029488944,0.27620088937589476,0.4022729026263079,0.4826427344065876,0.23173027806522795,0.15136044628494832
DHX32,ENSG00000089876,chr10,125826336,125906436,233,0.3744008879590204,0.396968786513103,0.389535333810465,0.4501600689458452,0.33245009652882807,0.24064848255646748,0.34988663387422403,0.2651378373783139,0.15589968606055737
FANK1,ENSG00000203780,chr10,125886563,126019592,685,0.3613314058362958,0.4440511852576949,0.37475740988334627,0.3982212016398036,0.2913600443304334,0.28291653977006503,0.3752683466015097,0.30416250901525266,0.21181070218380804
ADAM12,ENSG00000148848,chr10,126002380,126398477,3188,0.3922405512776454,0.4541543364120473,0.3932244406080665,0.3769861403402124,0.3877885868419468,0.3018994096427836,0.2939639573138857,0.3035196009737459,0.3114550533026439
C10orf90,ENSG00000154493,chr10,126414996,126808708,3037,0.4993748855964711,0.5017318024310948,0.4161754069031636,0.5191817532641632,0.40849139656517963,0.42517991733529154,0.45190184636594033,0.2714368802526897,0.2447149512220408
DOCK1,ENSG00000150760,chr10,126895408,127462517,3986,0.4372974049098651,0.40659613995899635,0.415782305716511,0.41806623397614506,0.3992751424536499,0.2797012527304779,0.27683022549195674,0.24217881345990389,0.24504984069842506
INSYN2A,ENSG00000188916,chr10,127125425,127206591,417,0.5421108983842828,0.5150705582049017,0.5329882889725187,0.5235539044713898,0.513799077336344,0.3717395976898611,0.37200962410504773,0.3520122817730047,0.35174225535781806
NPS,ENSG00000214285,chr10,127539308,127563540,264,0.2396901558941398,0.3386688879844859,0.2976451086690376,0.3007002639400633,0.3113902373047683,0.16710670916822623,0.1990479548936162,0.2463939294903523,0.21445268376496235
FOXI2,ENSG00000186766,chr10,127727184,127751183,209,0.5886485924358311,0.7229502158056181,0.7485176286097032,0.6105302097061057,0.7997810022205486,0.3957415501961047,0.3090917584552848,0.8878165124140278,0.9744663041548478
CLRN3,ENSG00000180745,chr10,127867840,127902941,268,0.3481467594970203,0.40817830293269375,0.3656732669544374,0.35294028698229046,0.40426654810346574,0.24864730250486156,0.2209523165653941,0.27590257434560705,0.30359756028507445
PTPRE,ENSG00000132334,chr10,127897102,128095855,1489,0.3323568143321902,0.4181082606682192,0.36325366786754,0.32947677854550195,0.3401260847926929,0.24704416968090276,0.2627306537447338,0.29442669376656,0.27874020970272895
MKI67,ENSG00000148773,chr10,128086658,128136423,335,0.29883399937138533,0.3087799957574105,0.3021597671521893,0.30471034069300096,0.23590826495638623,0.182271319959944,0.23182821993692798,0.18702580062794827,0.13746890065096432
MGMT,ENSG00000170430,chr10,129457189,129780983,2536,0.41563196218898185,0.46982540884639207,0.48089859670014157,0.3983892665753799,0.4539229029722886,0.2580585847536071,0.2688492322974026,0.37649032465736043,0.3656996771135649
EBF3,ENSG00000108001,chr10,129825232,129983053,903,0.379977166318056,0.45238348259621786,0.4194051838896488,0.41787168433932254,0.4030883085211767,0.26823841996200887,0.3136291538319111,0.3339416027959773,0.2885508689260751
C10orf143,ENSG00000237489,chr10,130010024,130120830,700,0.4262630147361675,0.4906252507644409,0.43705203007876503,0.4707475906279455,0.42508019123222535,0.3277937089513006,0.37866819645629984,0.3467775783341192,0.2959030908291201
GLRX3,ENSG00000108010,chr10,130126390,130194521,481,0.2959002344809967,0.43825938170049206,0.3588331164761677,0.32939182819324603,0.3908398043075986,0.24154239107341025,0.24030566468196307,0.3351726778291968,0.33640940422064397
TCERG1L,ENSG00000176769,chr10,131082390,131321721,2151,0.3913656293913477,0.49114110240955744,0.440840086462101,0.37525780944276516,0.4383759548861928,0.29540115402219147,0.28453905672648333,0.3801833617906043,0.39104545908631244
PPP2R2D,ENSG00000175470,chr10,131891007,131969834,290,0.2986709198420477,0.36644660500663184,0.34742336048723466,0.2682401613306549,0.2763863186665,0.1921811819014677,0.2226081434240706,0.26422981516749877,0.23380285364489592
BNIP3,ENSG00000176171,chr10,131956454,131992013,247,0.21674379910707625,0.24169514012733373,0.21694268834106126,0.19801985994182908,0.15650728987993132,0.13820791299648644,0.16356859969043652,0.13846187139429142,0.11310118470034136
JAKMIP3,ENSG00000188385,chr10,132026335,132194858,1090,0.46312948872233023,0.5047430732918716,0.46540469950894403,0.35263059779838224,0.40574437629948495,0.3492158441548898,0.3085355495741195,0.35346276306042057,0.394143057641191
DPYSL4,ENSG00000151640,chr10,132176947,132215759,211,0.48505446812058095,0.6375985277017228,0.5750036614286094,0.5214895522692723,0.5503059789425673,0.41151103211002554,0.47644599774067736,0.6034916100783245,0.5385566444476726
STK32C,ENSG00000165752,chr10,132197491,132341847,810,0.4598355545402002,0.5133650794449378,0.45673553704025144,0.46087335621398073,0.4044647747480076,0.3629818533966671,0.40987556115095003,0.35725923341505333,0.31036552566077036
LRRC27,ENSG00000148814,chr10,132322153,132391508,435,0.26856296069140634,0.20482080477500544,0.1919290963133475,0.23273568429587319,0.14085538376476658,0.1644132237980342,0.17114684856489737,0.06477456313042981,0.05804093836356661
PWWP2B,ENSG00000171813,chr10,132387167,132427859,222,0.3150243922574347,0.2866965927936078,0.2112162989084111,0.29720976375860825,0.26106466948816254,0.2394786623470613,0.1940001785655449,0.09836975068172313,0.14384823446323955
INPP5A,ENSG00000068383,chr10,132527786,132793480,1660,0.4886835882835376,0.5928608161065693,0.5289218453446426,0.43741964395825245,0.5364320417801763,0.4083177954724454,0.3525095958524024,0.4902823813591424,0.5460905809791855
NKX6-2,ENSG00000148826,chr10,132773178,132796147,132,0.4826634063518093,0.5430409476777561,0.5116476977434276,0.42177727054002756,0.45119053648301566,0.3627524275888065,0.36547683694805333,0.42040906555895763,0.4176846561997106
CFAP46,ENSG00000171811,chr10,132798391,132952823,1024,0.34011585177281406,0.42946942460584114,0.34665329182025456,0.35589914369776815,0.344154516099181,0.2756160827565003,0.2896292062220326,0.28557243432953827,0.271559310864006
ADGRA1,ENSG00000197177,chr10,133077923,133141675,201,0.5171351202754059,0.28083566035784463,0.3608631666840621,0.4742499977307163,0.3126476365982811,0.30502354306399937,0.29884331192964786,0.02464183735743758,0.030822068491789034
KNDC1,ENSG00000171798,chr10,133150218,133236412,130,0.4926850794427884,0.719583558307997,0.6511798547753435,0.45053577022145286,0.6428932048838287,0.448451989653335,0.4202853481131664,0.8230274993253582,0.8511941408655266
UTF1,ENSG00000171794,chr10,133220216,133241558,127,0.45661746635993317,0.6568320037480508,0.6692113129462202,0.5140801679228025,0.6424522088925277,0.28660068840068675,0.38138027281464326,0.7829344783299235,0.6881548939159668
VENTX,ENSG00000151650,chr10,133227854,133251928,174,0.42085738532552536,0.6697564150323602,0.6296251932252587,0.5245952178431875,0.6957456311964508,0.3304457427238272,0.3308111187308771,0.7774790178207995,0.7771136418137496
ADAM8,ENSG00000151651,chr10,133252419,133286868,193,0.5445807436801028,0.8340064856996489,0.7520057338521665,0.5947260745481584,0.8006063514220901,0.5939968751249883,0.5432621843007616,1.201809686743689,1.252544377567916
TUBGCP2,ENSG00000130640,chr10,133268634,133328823,314,0.4426438208297934,0.8061721110608838,0.695974904879635,0.5635420820343839,0.716577195678665,0.5173452181855123,0.6045162561330569,1.123439465918808,1.0362684279712637
ZNF511,ENSG00000198546,chr10,133298913,133323162,113,0.31382396100001003,0.5494611518023841,0.5218337009933993,0.3333030194785394,0.5859534071220952,0.21806766928643806,0.16047692109618528,0.5792433028521812,0.636834051042434
ZNF511-PRAP1,ENSG00000283496,chr10,133299409,133362529,307,0.5912138268891597,0.8199981039868417,0.7888135669709504,0.6107151263977871,0.7982466235296233,0.5271684958774042,0.5287612695889397,1.1876193988635635,1.186026625152028
CALY,ENSG00000130643,chr10,133314071,133346935,107,0.59240955626299,0.7828520988949678,0.7791058469870855,0.5862330509489501,0.7867396200515749,0.45729868548122155,0.4321937777883851,1.0698779002125158,1.0949828079053523
PRAP1,ENSG00000165828,chr10,133337367,133362683,160,0.688662567222396,0.8286752419312765,0.8657874944707499,0.7103310250102588,0.8838910442935659,0.46137072136711743,0.42499228588339255,1.302823632263064,1.339202067746789
FUOM,ENSG00000148803,chr10,133345157,133368025,176,0.7211442301685901,0.803142432923303,0.8844982174702563,0.7066239534983806,0.895700889475432,0.3719330451800702,0.295541217074772,1.2533417763246475,1.3297336044299457
ECHS1,ENSG00000127884,chr10,133352484,133383354,146,0.6377887692418208,0.7859169119011638,0.8807351204026469,0.6747680835030203,0.8557644007202933,0.21525521181058438,0.36415031441225176,1.3261358653598487,1.1772407627581813
PAOX,ENSG00000148832,chr10,133369260,133401694,2,0.4628223164273049,0.4938666666666666,0.014925373134328363,0.44086699137919483,0.038961038961039,0.6436718098734079,0.6112913524938709,0.037283329921175445,0.06966378730071238
RP11-108K14.8,ENSG00000254536,chr10,133370016,133430271,176,0.4929758362848019,0.7568703092901089,0.739335570281651,0.442179468023078,0.8085224773483649,0.37441773947061296,0.17244670728249856,1.0397425319166362,1.2417135641047508
MTG1,ENSG00000148824,chr10,133384093,133432520,176,0.4929758362848019,0.7568703092901089,0.739335570281651,0.442179468023078,0.8085224773483649,0.37441773947061296,0.17244670728249856,1.0397425319166362,1.2417135641047508
SPRN,ENSG00000203772,chr10,133410665,133434572,102,0.4611731365699777,0.7606452972307289,0.6900236030290148,0.44905724741887026,0.6630394623246659,0.4384552849235194,0.46907181670866216,0.9913534303275928,0.96073689854245
SCART1,ENSG00000214279,chr10,133443927,133533558,547,0.5597417613978145,0.7601381173719176,0.7770179274331004,0.6510312077564318,0.8376515684481367,0.3737109629172781,0.33122717512221966,1.0539810474299063,1.0964648352249649
CYP2E1,ENSG00000130649,chr10,133510405,133571220,384,0.42480859460703824,0.6404659629232726,0.6132705585559199,0.5258402314239877,0.7262538009308198,0.3129844469183383,0.23680174715825053,0.7099619804505914,0.7861446802106793
SYCE1,ENSG00000171772,chr10,133543900,133579835,184,0.2760903440439442,0.44061298042268554,0.5405167578447521,0.3542874174086144,0.5655692366270811,0.06317478702768109,0.09229790033672308,0.5177389156436719,0.48861580233463
FRG2B,ENSG00000225899,chr10,133613894,133636795,0,,,,,,,,,
