gene_name,gene_id,chrom,start,end,n_snps,fst_afr_sas,fst_afr_mel,fst_mel_sas,fst_afr_eur,fst_eur_mel,pbs1_african,pbs2_african,pbs3_melanesian,pbs4_melanesian
OR4F5,ENSG00000186092,chr1,55418,81585,0,,,,,,,,,
OR4F29,ENSG00000284733,chr1,440739,461678,0,,,,,,,,,
OR4F16,ENSG00000284662,chr1,675678,696673,0,,,,,,,,,
SAMD11,ENSG00000187634,chr1,913922,954575,381,0.522854471749689,0.4970915535918924,0.5143955964272516,0.6223831706347082,0.5535648782958803,0.3524599567651516,0.427380611797658,0.3348871837772291,0.25996652874472265
NOC2L,ENSG00000188976,chr1,934202,969309,244,0.6184439555450008,0.5918536175542508,0.6234564225428354,0.6570462724372402,0.583310991238324,0.4414527135438412,0.5454370083190667,0.4546766748761817,0.35069238010095605
KLHL17,ENSG00000187961,chr1,950583,975719,68,0.6131395405222729,0.5660602744042105,0.6921970127285387,0.6973963457713213,0.722678077174183,0.3031227520257711,0.3738023829540098,0.5317268836165285,0.46104725268828994
PLEKHN1,ENSG00000187583,chr1,956481,985865,48,0.5606979960091983,0.5708247349723296,0.3134122280177853,0.4824747780874689,0.3090356184695808,0.6462184294434467,0.5674599572617341,0.19967147085367604,0.27842994303538854
PERM1,ENSG00000187642,chr1,965203,992093,61,0.5961916663183492,0.6241572364502682,0.4344594531995516,0.5353926732215644,0.45229600783678203,0.6577130275390582,0.5715633977678665,0.3208713775642672,0.40702100733545904
HES4,ENSG00000188290,chr1,988961,1010172,95,0.5851443520513757,0.6303962434854268,0.6025966945417681,0.5023751742000591,0.5458022278240261,0.4761723999384599,0.45200503449883295,0.5191513755978925,0.5433187410375195
ISG15,ENSG00000187608,chr1,991137,1024540,123,0.610216942860655,0.6653582000316047,0.633673067004909,0.5506465314446457,0.5921017911395003,0.5163152233340041,0.49895120755357625,0.5783793497084453,0.5957433654888731
AGRN,ENSG00000188157,chr1,1010119,1066118,28,0.7946864921308832,0.7968896978685631,0.8399896760843176,0.7946955101937322,0.9048269963762923,0.6723531536302422,0.4126041100895408,0.921652933623454,1.1814019771641557
RNF223,ENSG00000237330,chr1,1060966,1084306,0,,,,,,,,,
C1orf159,ENSG00000131591,chr1,1071817,1126361,0,,,,,,,,,
TTLL10,ENSG00000162571,chr1,1163879,1207936,132,0.3027343517618602,0.29423398034058873,0.2574141467961273,0.25619957588637954,0.24718374281981795,0.20572176774299156,0.18025997264897622,0.14274974558964068,0.16821154068365596
TNFRSF18,ENSG00000186891,chr1,1193507,1216592,103,0.22855950512438644,0.19597812410877546,0.23658569504460655,0.21146194896946346,0.20531381883422697,0.10383507013540105,0.11294771733840595,0.1142937312179918,0.10518108401498692
TNFRSF4,ENSG00000186827,chr1,1201339,1224153,142,0.23693385410090284,0.3093430322698615,0.3180876556226135,0.1740244984798407,0.224708917868817,0.12883420505427373,0.15339272100524734,0.2412778021769698,0.2167192862259962
SDF4,ENSG00000078808,chr1,1206908,1242067,280,0.174134371288333,0.22218831574523196,0.22328420280253322,0.13911978149896367,0.17490623934538024,0.09495663304561769,0.10440624432065444,0.1563142021436365,0.14686459086859965
B3GALT6,ENSG00000176022,chr1,1222236,1245041,200,0.14233205114569672,0.1588406622617149,0.13263000351291018,0.13429890657147003,0.1356367241338502,0.0921113983853205,0.08571381102908333,0.08086277633617589,0.08726036369241308
C1QTNF12,ENSG00000184163,chr1,1232445,1256722,92,0.08076505414865881,0.06117362414707547,0.03889739581053677,0.08712669333201652,0.03362745164735736,0.05383207402101248,0.06003851790305418,0.00929264609459602,0.0030862022125543245
UBE2J2,ENSG00000160087,chr1,1243908,1283864,225,0.21233593628707742,0.3149621977412354,0.335537228040993,0.20543185424602411,0.3859943729088513,0.10409421251633644,0.060243297519703115,0.27418704394703597,0.31803795894366926
SCNN1D,ENSG00000162572,chr1,1270435,1302029,209,0.30843220990439146,0.30617911420303195,0.3180941856285034,0.37307144838978196,0.40839637830307995,0.1757359039643446,0.1537728563682353,0.18980553745157702,0.21176858504768634
ACAP3,ENSG00000131584,chr1,1282389,1319609,194,0.4140597937915748,0.4327602694439113,0.3799439987930184,0.6641759919260879,0.4892543044803669,0.3117826553506992,0.49312891402540754,0.25519060404706373,0.0738443453723554
PUSL1,ENSG00000169972,chr1,1298596,1321677,120,0.5030054677510236,0.41500989424901336,0.35314926556198395,0.7371668280946632,0.5861297296083544,0.3998484421923768,0.49509670488277435,0.1363119029471111,0.041063640256713496
INTS11,ENSG00000127054,chr1,1301584,1334687,210,0.5391047291175731,0.5062574092979087,0.43636185213931017,0.7641646771712026,0.619447244784261,0.45349129689145334,0.5921160034956798,0.2522496721609256,0.11362496555669921
CPTP,ENSG00000224051,chr1,1314755,1338896,153,0.6143949152609174,0.5787497669585416,0.6034172660131225,0.7518310026521748,0.717794588115807,0.44629958747256815,0.4965267529029296,0.41822865662900605,0.36800149119864445
TAS1R3,ENSG00000169962,chr1,1321279,1345314,177,0.6599509368178572,0.6150351566119916,0.628335559571889,0.7816124220521838,0.6458647208538948,0.5217523796957497,0.7190054423150244,0.43285088504345426,0.2355978224241797
DVL1,ENSG00000107404,chr1,1325275,1359418,217,0.6698176205981442,0.6671450480446603,0.6204760740339497,0.7941034442742264,0.7330659416583666,0.6196604689141723,0.6798381165031836,0.4803879946936156,0.42021034710460425
MXRA8,ENSG00000162576,chr1,1342688,1371777,57,0.7290688312175401,0.6465822841414962,0.736611146695091,0.7812342625217196,0.7506689138362806,0.5059356308042224,0.5854424008674186,0.5341689597850388,0.4546621897218427
AURKAIP1,ENSG00000175756,chr1,1363729,1385495,0,,,,,,,,,
CCNL2,ENSG00000221978,chr1,1375710,1409335,81,0.3493504916363066,0.4720597016338871,0.39577064915162635,0.44293352284051407,0.4544792029422507,0.28237740556887725,0.30891421043359046,0.3563946673763384,0.3298578625116251
MRPL20,ENSG00000242485,chr1,1391908,1417293,61,0.5742097363140823,0.5517638781536756,0.2666032553853831,0.4918261710327422,0.47869032376074633,0.6730875291621014,0.4139779045083884,0.12934759855848327,0.3884572232121963
ANKRD65,ENSG00000235098,chr1,1408419,1431769,0,,,,,,,,,
TMEM88B,ENSG00000205116,chr1,1415870,1440255,0,,,,,,,,,
VWA1,ENSG00000179403,chr1,1424860,1452882,0,,,,,,,,,
ATAD3C,ENSG00000215915,chr1,1439688,1480163,0,,,,,,,,,
ATAD3B,ENSG00000160072,chr1,1461764,1507848,0,,,,,,,,,
ATAD3A,ENSG00000197785,chr1,1502161,1544685,14,0.6971008149526281,0.8177705671108519,0.6573920259929467,0.5101208013802945,0.7608664234242045,0.9128377993084327,0.4926761159408607,0.7896509662414506,1.2098126496090227
TMEM240,ENSG00000205090,chr1,1524777,1550624,54,0.5650035244358831,0.6614888210602737,0.5780109913070718,0.47505598085526346,0.5825746146623482,0.5264197506417255,0.4270061730507704,0.5567784116006712,0.6561919891916264
SSU72,ENSG00000160075,chr1,1531672,1584863,279,0.5819566344829731,0.5816290254381776,0.5183930191956984,0.4948637636510955,0.4846924672704628,0.506464978807728,0.4456612233151136,0.3649217622922601,0.42572551778487444
FNDC10,ENSG00000228594,chr1,1588011,1610135,68,0.31688446381312135,0.2312648545227145,0.19654067788534393,0.4276686317751801,0.13240289057930288,0.21263566795173722,0.33950904576793084,0.05037311505273953,0.0
MIB2,ENSG00000197530,chr1,1605453,1640605,145,0.34753933930611897,0.3214900747292397,0.24514183354596672,0.5329254129395847,0.3773788009210509,0.26681759845230535,0.33765275900720443,0.12103857310727895,0.05020341255237981
MMP23B,ENSG00000189409,chr1,1622162,1645263,50,0.38193653679054484,0.40223256629987225,0.05664061573853601,0.49181732400610023,0.39973883045418823,0.4687048407406812,0.3405386846321135,0.045848666790681974,0.17401482289924958
CDK11B,ENSG00000248333,chr1,1625224,1669012,14,0.2673904423826811,0.4415368227731863,0.4419105454158203,0.27582907769184983,0.35956468058474433,0.15523648009405394,0.22984364042987485,0.4273301141069046,0.35272295377108376
SLC35E2B,ENSG00000189339,chr1,1649528,1702795,2,0.21033304027571406,0.21785211267605634,0.35237713486281075,0.39465375062096375,0.5177057935678625,0.023704342082972313,0.009232574687646766,0.22200710000870258,0.23647886740402813
CDK11A,ENSG00000008128,chr1,1692378,1734357,0,,,,,,,,,
NADK,ENSG00000008130,chr1,1741231,1790457,147,0.3349204446953584,0.5605286920402727,0.4853587399371376,0.4779794939526366,0.48362964990599644,0.28287312867687653,0.4056501087021293,0.5393097186791641,0.4165327386539112
GNB1,ENSG00000078369,chr1,1775284,1901117,574,0.47197175175670303,0.57387021102714,0.49185233349233476,0.5611747787824639,0.5407695790356056,0.4073168074344634,0.44923109813238116,0.4456945027300877,0.4037802120321699
CALML6,ENSG00000169885,chr1,1905107,1927296,90,0.4013372657396009,0.6328398697184668,0.540672841579882,0.4094889887297671,0.4830235820651156,0.3685107659190926,0.4344830905771106,0.6334464378763603,0.5674741132183424
TMEM52,ENSG00000178821,chr1,1907589,1929279,86,0.4022853481271609,0.662366529579726,0.5093006074897019,0.36643353829517,0.5002589197005182,0.44425630736800203,0.424259798823309,0.6415380715664519,0.661534580111145
CFAP74,ENSG00000142609,chr1,1911950,2013837,636,0.38660647553811117,0.5547070001631328,0.4415384691336874,0.3967635165096573,0.4368100592854105,0.3576009144057964,0.3701652162582188,0.45142187247809124,0.4388575706256687
GABRD,ENSG00000187730,chr1,2009328,2040758,236,0.44557123635741896,0.5316143233907643,0.4926407795870406,0.5620872707344557,0.4842210099221211,0.33487208617828146,0.46106097239023397,0.42359114094743483,0.2974022547354823
PRKCZ,ENSG00000067606,chr1,2040410,2195395,1228,0.43360628872193546,0.5832250971494652,0.4634517154325084,0.38340224143782364,0.4651598017603553,0.41053806105636487,0.3664800656782017,0.46467094318981567,0.508728938567979
FAAP20,ENSG00000162585,chr1,2174460,2222720,314,0.37372492051222794,0.4541568735874312,0.4290219016434198,0.3274710420693075,0.36217375398850027,0.25649240618800545,0.27622219634597506,0.3489312525945715,0.32920146243660176
SKI,ENSG00000157933,chr1,2218318,2320213,653,0.4226834744663063,0.4484544547224855,0.38538809206324187,0.39752082080175466,0.3784382531720244,0.32881559836435265,0.31310650461022815,0.2662152609687348,0.28192435472285937
MORN1,ENSG00000116151,chr1,2311252,2401707,718,0.39657277074797487,0.4611109354124981,0.413005588604363,0.387657206226181,0.3879034531212275,0.2953176967164333,0.3089216632536815,0.32292784963178395,0.3093238830945357
RER1,ENSG00000157916,chr1,2381774,2415442,234,0.4809613588888597,0.5476009641371855,0.4219948503418985,0.4912489434758496,0.40994562857760514,0.4503975552883613,0.47072327002485254,0.34279311061496875,0.32246739587847756
PEX10,ENSG00000157911,chr1,2393963,2423797,225,0.4200231118346331,0.4693645286011698,0.45784562224189,0.4165539734915122,0.4646487446438198,0.2831212619829322,0.2738255618313205,0.3505587260433509,0.3598544261949627
PLCH2,ENSG00000149527,chr1,2415979,2515532,700,0.3858530448289436,0.41248972142087903,0.3445096649774744,0.3333686507446449,0.32661984783000275,0.2985054280716926,0.27096718827245003,0.2333561095913512,0.2608943493905938
PANK4,ENSG00000157881,chr1,2498536,2536597,243,0.3463713372579402,0.3346785031290228,0.2099024109468052,0.3339725091955272,0.34138655225012415,0.29855098663064406,0.19814537123162895,0.10893391458052462,0.2093395299795397
HES5,ENSG00000197921,chr1,2518744,2540263,110,0.4902093489209684,0.3746018061706151,0.39833541000368505,0.43917170687263823,0.4370464163389099,0.31753334959285656,0.23657455813018313,0.15183337239435835,0.23279216385703178
TNFRSF14,ENSG00000157873,chr1,2545638,2575382,165,0.5582870504686338,0.882107523761155,0.8389048257729951,0.3961552169607094,0.8404133907592225,0.5646586935920029,0.40362594227619975,1.573323594651124,1.734356345966927
PRXL2B,ENSG00000157870,chr1,2576490,2601469,174,0.46967976075389245,0.7492431895852752,0.5914944139492534,0.48400181909384504,0.6092765521790667,0.561148116005776,0.5525842336949056,0.8221235763247834,0.8306874586356536
MMEL1,ENSG00000142606,chr1,2580638,2643016,202,0.44472387670961117,0.7475462270659838,0.5244217181653227,0.4427134080728611,0.5868267608910603,0.6107965570260743,0.5386572296906492,0.7657305674904226,0.8378698948258474
TTC34,ENSG00000215912,chr1,2625975,2811717,186,0.3302679227951171,0.746023123218245,0.5916342255921373,0.36267337740251665,0.7358695741718637,0.43789879172170165,0.2448363976436514,0.9326132606782569,1.1256756547563072
ACTRT2,ENSG00000169717,chr1,3011466,3032903,210,0.25788587218988346,0.32116374403937864,0.3046421884021792,0.26086113590414767,0.20277886707726855,0.16114942135586963,0.2315108103579499,0.22622591384721125,0.15586452484513094
PRDM16,ENSG00000142611,chr1,3059167,3448621,3217,0.398272789621738,0.4521208961543073,0.40381714335547036,0.40696993821919314,0.40075225734799336,0.2962219262748595,0.30606532201482106,0.305478703518251,0.29563530777828956
ARHGEF16,ENSG00000130762,chr1,3444664,3491113,385,0.5375766988519849,0.6407448107793569,0.6676757444097217,0.6194080477436178,0.6999233817831283,0.3466763837169863,0.393016167942543,0.6770459258156467,0.6307061415900899
MEGF6,ENSG00000162591,chr1,3477950,3621508,1360,0.427085301849611,0.4590958931578272,0.4452048341058528,0.4601854034611579,0.4571722188818208,0.29118770295081736,0.31003981722315016,0.3233255645738274,0.3044734503014945
TPRG1L,ENSG00000158109,chr1,3615014,3640127,218,0.48449178747276694,0.32837251932595607,0.4547289429347901,0.44694400143938906,0.3980245857039798,0.22709061265980224,0.24140439060957558,0.17096082373981097,0.15664704579003758
WRAP73,ENSG00000116213,chr1,3620766,3662761,332,0.43348885270677584,0.4316473719611009,0.4064771542843122,0.4027496453635854,0.4338171323625869,0.3057960888179238,0.25579698130630485,0.2592171400624199,0.309216247574039
TP73,ENSG00000078900,chr1,3642515,3746201,530,0.29484183182375184,0.41864739980532384,0.35846438417738535,0.34708237597174807,0.39322815543697137,0.22392019681747838,0.23454984822148445,0.31847762437633154,0.30784797297232547
CCDC27,ENSG00000162592,chr1,3736459,3781645,325,0.2764332358228232,0.26530500090656284,0.26936101816269364,0.29377186774132436,0.2857709342797595,0.15901324035765427,0.15978262276416363,0.14928659275418246,0.14851721034767304
SMIM1,ENSG00000235169,chr1,3762748,3785982,198,0.3621508017832158,0.21785838249805306,0.20796044957784734,0.3523477758528603,0.20377396342866583,0.23111444863892805,0.22612435410380832,0.014605009644094391,0.019595104179214173
LRRC47,ENSG00000130764,chr1,3768558,3806498,318,0.36952521263746974,0.27071351794798093,0.21715313786266519,0.3482468932615106,0.191430787422301,0.26607628844297904,0.2656445533090068,0.04961235623149299,0.05004409136546514
CEP104,ENSG00000116198,chr1,3802085,3867396,584,0.4559088406123309,0.48251743307422595,0.3559718577768413,0.531601585416458,0.35703803601956374,0.41370253027139464,0.48777288151647663,0.24507691123859476,0.17100655999351283
DFFB,ENSG00000169598,chr1,3847266,3895429,478,0.2978076507654519,0.49640299049360176,0.3480606934168748,0.36544139038642764,0.4233143818341361,0.3058615081698542,0.29517326149539985,0.38011740689165574,0.3908056535661102
C1orf174,ENSG00000198912,chr1,3879124,3910293,318,0.22391312848398606,0.37672022898545715,0.3360943976530227,0.2486082482487026,0.3553720596637319,0.1583176514149299,0.15975297405775218,0.31444213893245465,0.31300681628963245
AJAP1,ENSG00000196581,chr1,4644608,4802534,1372,0.3309710567761103,0.37670875335178705,0.3250203597050746,0.3721010488848685,0.34867429913328213,0.24079829205630263,0.2546859784102272,0.2319430867709873,0.21805540041706273
NPHP4,ENSG00000131697,chr1,5852810,6002473,1073,0.40520398450759865,0.43072593385995445,0.38691962217031195,0.3607315750249529,0.32790492047904135,0.29683541587870105,0.30673433967352415,0.2665578821273716,0.25665895833254854
KCNAB2,ENSG00000069424,chr1,5980926,6111193,777,0.41174821048593824,0.4144326171970517,0.43088047125807005,0.4500745669349362,0.4003566197820184,0.2510547135519496,0.31086321803447353,0.2841193030997767,0.22431079861725278
CHD5,ENSG00000116254,chr1,6091786,6190321,634,0.3165627671258045,0.43015335696101187,0.35308780534826667,0.2818415613663499,0.3852765344293209,0.25373187770887745,0.20343515376648844,0.3086561239444025,0.3589528478867915
RP1-120G22.12,ENSG00000285629,chr1,6149429,6207757,477,0.3011123275791496,0.4111241362761964,0.3526416153501812,0.32281329548248655,0.41774753517516494,0.22647495106629748,0.1892485001073198,0.3030649241613187,0.3402913751202963
RPL22,ENSG00000116251,chr1,6175019,6219389,302,0.252703014605705,0.38663376984880116,0.33585587970970243,0.26154459034654637,0.3695640365702127,0.18541478999640149,0.1653219736707405,0.303378292373094,0.32347110869875495
RNF207,ENSG00000158286,chr1,6195474,6231299,219,0.2859230090362208,0.4393195691130576,0.3711656693574734,0.27654104344537317,0.39802838631512677,0.22574061368722775,0.19738532654313162,0.352863563992567,0.3812188511366632
ICMT,ENSG00000116237,chr1,6211192,6245972,159,0.31855035546484717,0.40496764375762,0.4540920065951584,0.2972080285697095,0.4629366982776639,0.14868379336520848,0.1250972649912201,0.3704557013105563,0.3940422296845445
HES3,ENSG00000173673,chr1,6234178,6255578,89,0.4899134766730129,0.4853775985107044,0.4107228048833542,0.5294810139309639,0.4027662789061276,0.4043190880797113,0.4513970332290602,0.2600027601536536,0.2129248150043047
GPR153,ENSG00000158292,chr1,6237352,6271098,195,0.4981398737890984,0.4475900835992985,0.4140893839103498,0.5214901529091043,0.38362067397638305,0.37415535198733446,0.4233253396857407,0.21930955413509012,0.17013956643668388
ACOT7,ENSG00000097021,chr1,6254268,6403767,1089,0.30782497555604593,0.21933500065657033,0.22457934881059805,0.3192914101889421,0.23128290712621427,0.18058798398050266,0.1845989359954315,0.06702117528281265,0.06301022326788377
HES2,ENSG00000069812,chr1,6402417,6434670,186,0.3182884338391175,0.21528865967513558,0.12389630802903231,0.30522091501088106,0.11670322454261266,0.24665857852461542,0.2412533298134908,0.0,0.0011860183429526494
ESPN,ENSG00000187017,chr1,6414775,6471367,284,0.3703507998794984,0.2508604780673011,0.22442779424164627,0.3352104469549768,0.22930365770371347,0.24863414151800076,0.21832697651821112,0.04019589368068707,0.07050305868047677
TNFRSF25,ENSG00000215788,chr1,6450785,6476175,118,0.49320724995767506,0.34000705427823286,0.26820094694519,0.46326608036818284,0.2591962137066223,0.3914649739633238,0.368879724591047,0.024061158355815127,0.046646407728091865
PLEKHG5,ENSG00000171680,chr1,6457121,6530074,444,0.5700592369048565,0.39690010676829585,0.377173413581085,0.5277649360229598,0.39836561263650216,0.43814656209318925,0.37392274394460306,0.06752587346451411,0.13174969161310018
NOL9,ENSG00000162408,chr1,6511346,6564513,372,0.7245477957955866,0.5687602658002323,0.6137480987675071,0.7245623376845669,0.5749115422232677,0.5895833700388473,0.6375135334920043,0.2515077456352197,0.2035775821820629
TAS1R1,ENSG00000173662,chr1,6545306,6589755,293,0.6618168719970547,0.4849728697238839,0.5624836102058636,0.6695502278270052,0.561962804420905,0.4605311597262061,0.4726924276354637,0.203004539831947,0.19084327192268924
ZBTB48,ENSG00000204859,chr1,6569993,6599280,196,0.4540543585741992,0.36958112012131095,0.4268660696674874,0.4783351103502474,0.32500359347502633,0.25498540179649426,0.35952637557714917,0.2063853900442933,0.1018444162636385
KLHL21,ENSG00000162413,chr1,6580723,6624607,263,0.3458862730316893,0.38172389135035883,0.32852846408654507,0.2713498259355216,0.32948987846911415,0.2535052695086662,0.1988325978943764,0.2273148740410136,0.2819875456553034
PHF13,ENSG00000116273,chr1,6603730,6634030,187,0.4987743206606605,0.5242944717482049,0.48728993328264814,0.4015232304481303,0.3992012937135408,0.382805155100117,0.37341424582356536,0.3601510992126037,0.36954200848915525
THAP3,ENSG00000041988,chr1,6614865,6645586,201,0.5542030599396385,0.5363580387933379,0.4251269868682208,0.3682909569735144,0.4528097422344305,0.5114641363154511,0.31250515456265643,0.2571785236346798,0.4561375053874745
DNAJC11,ENSG00000007923,chr1,6624167,6711924,462,0.49272451354010216,0.4453162750453798,0.38642498226300437,0.3972327793990708,0.34186466810786037,0.389802752886257,0.33861834382743555,0.19955443973081805,0.25073884878963953
CAMTA1,ENSG00000171735,chr1,6775453,7779706,6086,0.40896443976295793,0.5357783276118557,0.4577829232622599,0.42220801571922756,0.4595778302114152,0.3405916726318275,0.35026490676656596,0.42680142599070525,0.4171281918559668
VAMP3,ENSG00000049245,chr1,7761295,7791432,167,0.4258650843737856,0.5542324034807229,0.4746022675308394,0.39680582954147536,0.4947372325343708,0.35962434744458527,0.3153985100440568,0.4483331993664515,0.49255903676698004
PER3,ENSG00000049246,chr1,7774290,7855177,508,0.45857444814182863,0.6018837399298369,0.5735725912694888,0.4276741199889869,0.5247429904252296,0.3411238919172914,0.36757919333571615,0.5798873137073874,0.5534320122889625
UTS2,ENSG00000049247,chr1,7833082,7863512,194,0.4875416641301073,0.6971317643165852,0.6277797445975537,0.46112162564087755,0.5985188854566329,0.4373618927084243,0.450064016953908,0.7570955410771711,0.7443934168316877
TNFRSF9,ENSG00000049249,chr1,7905870,7953165,268,0.4294016515130385,0.43767097891198026,0.44947794633576255,0.338609784197867,0.42728014011729737,0.269924812850771,0.21586042138988687,0.30574334076894516,0.3598077322298293
PARK7,ENSG00000116288,chr1,7944290,7995505,251,0.34488743514371073,0.385793449647995,0.24028191867809703,0.3568234544973023,0.27006528606528596,0.3177821747010228,0.3069799257414446,0.16964183147941342,0.18044408043899166
ERRFI1,ENSG00000116285,chr1,7994403,8036309,218,0.2150944835691561,0.2338500587074371,0.12182502272981623,0.34850269651728266,0.18643883451029963,0.18932994890028781,0.2442626184305387,0.07704743368422459,0.022114764153973704
SLC45A1,ENSG00000162426,chr1,8308113,8354167,311,0.39074664739195625,0.35719422903927395,0.2721170003123589,0.3756153650485038,0.3089790135100798,0.3099093962711084,0.27165814058328636,0.13200327103992257,0.17025452672774471
RERE,ENSG00000142599,chr1,8342396,8858921,2314,0.43788731357314126,0.47758555227539384,0.4104358658527782,0.407875928559534,0.400449886988325,0.3484876068568353,0.33087870711009243,0.3008064381048423,0.3184153378515852
ENO1,ENSG00000074800,chr1,8850999,8889190,221,0.46088872955072935,0.42805405927213047,0.3768277037428371,0.47139889135531077,0.3655102481269719,0.35180592627654705,0.3706489186593822,0.20690487500908084,0.18806188262624568
CA6,ENSG00000131686,chr1,8935866,8985092,370,0.3634160932912137,0.40298950881359635,0.3468355195715887,0.3932994504629869,0.36901099456513586,0.27076666996794574,0.277536845097494,0.24505392259944028,0.23828374746989198
SLC2A7,ENSG00000197241,chr1,8992972,9036423,316,0.3014725457961747,0.45810853121754874,0.38418077144434915,0.2823838225779974,0.38636725709965253,0.24333425879069912,0.22807564800320557,0.36935528090171615,0.3846138916892097
SLC2A5,ENSG00000142583,chr1,9025105,9098478,485,0.3504549032794453,0.5439319840912572,0.44023823170975235,0.315191655636562,0.4511003401269882,0.31817616783167446,0.2819449844681145,0.4669371550643681,0.5031683384279281
GPR157,ENSG00000180758,chr1,9090304,9139102,292,0.39157611487560856,0.5061976126748725,0.4953661380902283,0.3054778770508677,0.4692240523686736,0.2592905946744071,0.21836791964966262,0.44632927280905127,0.4872519478337958
H6PD,ENSG00000049239,chr1,9224773,9281337,408,0.28025688376687347,0.3621132897853028,0.286384654590724,0.28483354550801465,0.24761754974881192,0.22052215075723436,0.2501620173231326,0.22907243084396603,0.19943256427806788
SPSB1,ENSG00000171621,chr1,9282893,9379532,799,0.35599000452547747,0.4091479250611622,0.35643307356734105,0.3757316741350695,0.40197184349602527,0.2627506838092929,0.2416235705366681,0.2634389053078511,0.2845660185804758
SLC25A33,ENSG00000171612,chr1,9529464,9595173,307,0.3905487358680922,0.4342725402879149,0.437651362521228,0.4005823979143735,0.46061418287325623,0.24460293015698464,0.2320577163138971,0.32503990653323866,0.33758512037632604
TMEM201,ENSG00000188807,chr1,9578910,9624877,246,0.5360002413060247,0.73415199966776,0.6973175034864346,0.6120759926112779,0.7215377053963594,0.4488154592507104,0.496651880218257,0.8760151015989488,0.8281786806314022
PIK3CD,ENSG00000171608,chr1,9641730,9739114,524,0.36380666409706597,0.538392579067996,0.4405509570062909,0.3805313493892705,0.5268509052492705,0.3222452152966373,0.2517944708200964,0.45079527207836645,0.5212460165549073
CLSTN1,ENSG00000171603,chr1,9718925,9833984,737,0.4655253788197697,0.4739426303743235,0.4176439974840094,0.5303904896737518,0.48691372864157345,0.3640713527221911,0.36544374275114044,0.27827365174026536,0.2769012617113161
CTNNBIP1,ENSG00000178585,chr1,9838275,9920336,453,0.3631505288072404,0.5405110158321064,0.482231962466837,0.3974362901855828,0.5211359699881065,0.28531716514054956,0.27393180185715094,0.49232314585248915,0.5037085091358877
LZIC,ENSG00000162441,chr1,9912112,9953407,163,0.4286175873732726,0.4842596910379067,0.41253572381243997,0.5387577396233965,0.5024063181275965,0.344954322595894,0.3690061729961307,0.31719759479640586,0.2931457443961691
NMNAT1,ENSG00000173614,chr1,9933427,9995501,251,0.5518502499927866,0.4390711885120684,0.5050731399453844,0.6191613951405452,0.6128551953990687,0.3387219157352527,0.2972921981544728,0.23943936151957151,0.2808690791003513
RBP7,ENSG00000162444,chr1,9987205,10026021,162,0.5019381261542138,0.5551704416216919,0.48193275769161165,0.48789768530757005,0.5632630428356645,0.42472240816436385,0.3254353658919834,0.38534167690067367,0.48462871917305417
UBE4B,ENSG00000130939,chr1,10022831,10191239,610,0.37123621750471325,0.5188448347254155,0.5148198579191761,0.40726053631850617,0.546233854415827,0.2361650396357699,0.23219624499879693,0.4954004323327772,0.4993692269697501
KIF1B,ENSG00000054523,chr1,10200569,10391603,883,0.2501749559934554,0.6811872425016189,0.6288459145306768,0.25106145935074226,0.6567924956781572,0.21996435602956643,0.18141481189572273,0.9231869595900615,0.9617365037239054
PGD,ENSG00000142657,chr1,10388591,10430511,204,0.2868858151792095,0.7326523529675962,0.6701685929150891,0.29207456149530525,0.6608558035177692,0.2740727501937449,0.29164600934814655,1.0451326685081106,1.027559409353709
CENPS-CORT,ENSG00000251503,chr1,10420101,10462153,225,0.4062749525180371,0.6050172227764187,0.531721581073349,0.44852512481288465,0.5597666996592298,0.3457799095444734,0.3518108255053499,0.5831332074527521,0.5771022914918755
CENPS,ENSG00000175279,chr1,10420432,10452808,192,0.40470543815815996,0.6342977847074748,0.5262309551890281,0.4383679780493944,0.5503846888196018,0.3887997534616949,0.39174068952764873,0.6171361427063276,0.6141952066403737
CORT,ENSG00000241563,chr1,10440030,10461998,86,0.5816571387369569,0.35365079776044533,0.4472667192178689,0.6576863806572089,0.4300610885057175,0.3574947969401881,0.47310860514640257,0.07892056356733007,0.0
DFFA,ENSG00000160049,chr1,10446521,10482529,178,0.5392815086942703,0.5065857578590517,0.4663018738406553,0.598066059631378,0.463821326100796,0.4267246868737396,0.4972929573374921,0.2796815231258277,0.20911325266207526
PEX14,ENSG00000142655,chr1,10462287,10640758,1001,0.5129550364257596,0.5795505246492255,0.5261278986930482,0.551587943971205,0.47359811268433916,0.4195059854309273,0.5133916741267905,0.4469249751009455,0.35303928640508236
CASZ1,ENSG00000130940,chr1,10626603,10806650,1048,0.3125504771136299,0.43859608100531916,0.40051370716943346,0.3572378642620719,0.39008076544706954,0.2201996693034618,0.2624332267129109,0.35711496502235346,0.3148814076129044
C1orf127,ENSG00000175262,chr1,10936470,10992037,412,0.31488346332523415,0.35413115780950416,0.3328338698453059,0.30302233453942967,0.32830031630868495,0.2053044808762126,0.20010840070568947,0.2318543456017052,0.23705042577222835
TARDBP,ENSG00000120948,chr1,11002343,11040528,141,0.5841917006973458,0.7212887533943059,0.6972899468848296,0.6206195643154145,0.5971209045255417,0.4800650416958818,0.668838003748609,0.7975139498066823,0.6087409877539551
MASP2,ENSG00000009724,chr1,11016522,11057239,184,0.5705962163087369,0.6796359641237689,0.6460342100779483,0.6201569598555072,0.664284670442702,0.47254994525403404,0.5074013849618104,0.6657473724114357,0.6308959327036596
SRM,ENSG00000116649,chr1,11044583,11070020,171,0.5373305885555824,0.6862742197737144,0.6012923637027172,0.5753270421067075,0.5389286562404587,0.5052258041551049,0.620734706937133,0.6540101818585817,0.5385012790765535
EXOSC10,ENSG00000171824,chr1,11056617,11109869,321,0.3401819763373746,0.5176143724006272,0.5687751825142493,0.41697036876898835,0.44131230873141764,0.15183846233615084,0.3431820211250139,0.5771729652104852,0.3858294064216221
MTOR,ENSG00000198793,chr1,11096534,11272551,933,0.3812648116447149,0.5467292348472862,0.528332360600221,0.42552673467003255,0.5752932379060995,0.25993141232253386,0.2446055075348756,0.5313342041684663,0.5466601089561246
ANGPTL7,ENSG00000171819,chr1,11179354,11205981,140,0.32251833437502414,0.49888469548217074,0.5396382804737461,0.4561364326267151,0.5995777262434577,0.15227454616520375,0.19237015508191574,0.5386445094740443,0.4985489005573323
UBIAD1,ENSG00000120942,chr1,11263197,11306049,166,0.30081274787378737,0.5371521526472558,0.30202952424536816,0.44907026828109514,0.4766611684355145,0.38430755688220114,0.3594893728731118,0.3860493454504116,0.41086752945950084
DISP3,ENSG00000204624,chr1,11469154,11547551,492,0.43223169470008616,0.4803106042357713,0.3817333800999656,0.47069266761611944,0.36744626046914325,0.36986516380948986,0.4163599553177629,0.2846587978993711,0.23816400639109803
FBXO2,ENSG00000116661,chr1,11627017,11665785,204,0.3526488820693506,0.44172832882618357,0.3247338436069942,0.5349691321536847,0.4637128868092906,0.3125638273317427,0.3627377299620009,0.27034574184693555,0.22017183921667738
FBXO44,ENSG00000132879,chr1,11644374,11673327,174,0.30975116548286113,0.4792514691739498,0.4496086763231083,0.3915303193476363,0.45757767788355697,0.21303269031092686,0.26879291271025446,0.4394553297994946,0.383695107400167
FBXO6,ENSG00000116663,chr1,11654199,11684354,194,0.2816195462478185,0.4568587681872881,0.38987185510132766,0.2939572277189716,0.39174642575840757,0.22352779878400805,0.2306509678695945,0.38685809866378423,0.37973492957819777
MAD2L2,ENSG00000116670,chr1,11664479,11701650,257,0.4126117795097625,0.5248899843060427,0.4194702041001027,0.3754399593362359,0.44149262691462166,0.3662320263355508,0.3162146214328176,0.3779768634425821,0.42799426834531523
DRAXIN,ENSG00000162490,chr1,11681709,11735857,409,0.42088274105388224,0.535107170723037,0.48526178420034133,0.41131070424185473,0.4634146935920417,0.3240509251921237,0.3366376982300582,0.44189744943922393,0.42931067640128945
AGTRAP,ENSG00000177674,chr1,11726083,11764802,256,0.4047139116635152,0.3827171787123311,0.3699068204330736,0.48739341775894457,0.40934951272459214,0.2696267902806548,0.31207188719830314,0.21280118847928792,0.1703560915616396
C1orf167,ENSG00000215910,chr1,11751786,11799585,376,0.46743093795118285,0.381867181479923,0.38648096625541756,0.4865582263207144,0.42175648528074866,0.31127531663619873,0.2999551908750553,0.16977661128037924,0.1810967370415228
MTHFR,ENSG00000177000,chr1,11775722,11816455,373,0.4506517564351217,0.3920176758900607,0.4100424656721034,0.48485526563320847,0.42182271521564607,0.2844637321876909,0.3065210567819841,0.21314573743848308,0.19108841284418993
CLCN6,ENSG00000011021,chr1,11796095,11858079,482,0.30267151966185285,0.2904022843751874,0.22279683585338497,0.2866705528802116,0.2590548965765604,0.2257511394064577,0.19052011698415702,0.11730592782899121,0.15253695025129183
NPPA,ENSG00000175206,chr1,11835708,11858345,173,0.2063095176375936,0.22841427420856786,0.1742453435342288,0.21574837913231448,0.16815918727853835,0.1494558181994245,0.1591093377115006,0.109851679414957,0.10019815990288085
NPPB,ENSG00000120937,chr1,11847463,11868945,170,0.3055146294989246,0.28412876484355176,0.227898971582191,0.3744894908026687,0.24937839960471778,0.22009963873548452,0.25829425005641193,0.11415532862598071,0.0759607173050533
KIAA2013,ENSG00000116685,chr1,11909590,11936428,169,0.4094384697896793,0.41682465647905814,0.31434575093187106,0.34229121096954646,0.28122065151987324,0.344283518632156,0.31402976877042765,0.19498385846260574,0.22523760832433407
PLOD1,ENSG00000083444,chr1,11924204,11985538,434,0.3559821129820438,0.3315571441417139,0.3203815485577929,0.2452856612447511,0.34583155478648503,0.2283047032579748,0.129914964313629,0.17449966397532257,0.2728894029196684
MFN2,ENSG00000116688,chr1,11970180,12025211,395,0.43096815151956475,0.39555407542183807,0.28355061823217226,0.454723252423992,0.28134486313276824,0.36690713034389444,0.38976560406777283,0.13653593737683634,0.11367746365295794
MIIP,ENSG00000116691,chr1,12009465,12042045,252,0.35470802775669014,0.2786874238326738,0.23660055102107003,0.35105498240077687,0.37377547936693345,0.2473806191010422,0.14552183784579517,0.07930208510501549,0.1811608663602625
TNFRSF8,ENSG00000120949,chr1,12053302,12154207,445,0.3095482523609771,0.4630019526945142,0.36825793192201917,0.34939449431525443,0.4065330971287974,0.2664479607041663,0.26491939539398235,0.35531286007835083,0.3568414253885348
TNFRSF1B,ENSG00000028137,chr1,12156990,12219228,440,0.2578268394537281,0.2714965696902469,0.2589149769694648,0.2689765329906364,0.2529543260707577,0.1576478591622462,0.16922185459504993,0.15911508546578865,0.1475410900329849
VPS13D,ENSG00000048707,chr1,12220029,12522047,1180,0.30339682404414015,0.2523258296776414,0.19019053703041877,0.3594952093581422,0.2495401714084452,0.22068553451511053,0.22460875984326809,0.07010246256761829,0.0661792372394607
DHRS3,ENSG00000162496,chr1,12557909,12628210,477,0.30247324329620606,0.5168811422213981,0.47662102460343586,0.3139940684154834,0.47346358485910456,0.22012875971248308,0.23146339633736102,0.5073638135330245,0.4960291769081466
AADACL4,ENSG00000204518,chr1,12634084,12677076,333,0.27824486337284904,0.28483137056858215,0.30311169144344485,0.39450271350376714,0.40294253804756675,0.15008806762948773,0.16060009855871865,0.18514885110715976,0.17463682017792886
AADACL3,ENSG00000188984,chr1,12706109,12738760,251,0.21078060949679714,0.17281098750843263,0.07753820787585142,0.21215690493533435,0.08342916548757992,0.17286183586231296,0.170531229176796,0.016860222225192234,0.01919082891070918
C1orf158,ENSG00000157330,chr1,12736199,12773699,171,0.2172164043655973,0.15370742484463787,0.07963861993415061,0.19150509248842038,0.059846203662655806,0.16440013184474492,0.15887962017046606,0.002490013800819285,0.008010525475098146
PRAMEF12,ENSG00000116726,chr1,12763737,12787906,0,,,,,,,,,
PRAMEF1,ENSG00000116721,chr1,12781396,12806628,0,,,,,,,,,
PRAMEF11,ENSG00000239810,chr1,12814604,12841410,0,,,,,,,,,
HNRNPCL1,ENSG00000179172,chr1,12837376,12858720,0,,,,,,,,,
PRAMEF2,ENSG00000120952,chr1,12847085,12871909,0,,,,,,,,,
PRAMEF4,ENSG00000243073,chr1,12869211,12896201,1,0.10815477269522832,0.3361669944032672,0.08649893566606927,0.20606989576946658,0.019133130244241355,0.21685829706540208,0.310582986471134,0.19286636166640686,0.09914167226067487
PRAMEF10,ENSG00000187545,chr1,12882895,12908270,1,0.10815477269522832,0.3361669944032672,0.08649893566606927,0.20606989576946658,0.019133130244241355,0.21685829706540208,0.310582986471134,0.19286636166640686,0.09914167226067487
PRAMEF7,ENSG00000204510,chr1,12906609,12930482,0,,,,,,,,,
PRAMEF6,ENSG00000232423,chr1,12928471,12957580,0,,,,,,,,,
PRAMEF27,ENSG00000274764,chr1,13039475,13066575,0,,,,,,,,,
HNRNPCL3,ENSG00000277058,chr1,13050768,13072878,0,,,,,,,,,
PRAMEF25,ENSG00000229571,chr1,13058676,13087884,0,,,,,,,,,
HNRNPCL2,ENSG00000275774,chr1,13105487,13126854,0,,,,,,,,,
PRAMEF26,ENSG00000280267,chr1,13138904,13165961,0,,,,,,,,,
HNRNPCL4,ENSG00000179412,chr1,13153913,13175631,0,,,,,,,,,
PRAMEF9,ENSG00000204505,chr1,13161847,13189459,0,,,,,,,,,
PRAMEF13,ENSG00000279169,chr1,13186187,13211409,0,,,,,,,,,
PRAMEF18,ENSG00000279804,chr1,13212704,13236106,0,,,,,,,,,
PRAMEF5,ENSG00000270601,chr1,13244211,13273314,0,,,,,,,,,
PRAMEF8,ENSG00000182330,chr1,13271034,13295174,0,,,,,,,,,
PRAMEF33,ENSG00000237700,chr1,13293538,13318907,0,,,,,,,,,
PRAMEF15,ENSG00000204501,chr1,13305580,13332598,0,,,,,,,,,
PRAMEF14,ENSG00000204481,chr1,13331891,13357134,0,,,,,,,,,
PRAMEF19,ENSG00000204480,chr1,13359066,13381900,0,,,,,,,,,
PRAMEF17,ENSG00000204479,chr1,13379631,13402629,0,,,,,,,,,
PRAMEF20,ENSG00000204478,chr1,13406350,13431328,0,,,,,,,,,
LRRC38,ENSG00000162494,chr1,13464972,13524003,0,,,,,,,,,
PDPN,ENSG00000162493,chr1,13573464,13627957,430,0.38511625920538184,0.5707467294819074,0.4791233997372438,0.36175753705525304,0.4841784883178209,0.33989405575348464,0.31637535551221513,0.505814104334857,0.5293328045761265
PRDM2,ENSG00000116731,chr1,13690197,13835079,645,0.405116994605416,0.6892767760829325,0.6386076330988154,0.43533121515205025,0.6607139850889852,0.33522610934795916,0.32972841701097577,0.8336266089508158,0.8391243012877991
KAZN,ENSG00000189337,chr1,13882791,15128043,0,,,,,,,,,
TMEM51,ENSG00000171729,chr1,15142531,15230478,842,0.4363982175767645,0.7178317971144604,0.6618393019856873,0.43343138488386596,0.6195802446045712,0.3772125997739795,0.4334644950037197,0.888039321950953,0.8317874267212128
FHAD1,ENSG00000142621,chr1,15226520,15410283,1365,0.34093488108284814,0.37224177454491875,0.3112591443143436,0.3331777720520439,0.27350882013107347,0.25482145864364025,0.2756515173684094,0.21077871931204514,0.18994866058727597
EFHD2,ENSG00000142634,chr1,15399887,15440339,244,0.3497947249556064,0.31013925455577923,0.17895456754521114,0.35090004415553117,0.2574971891614461,0.30227792251542024,0.25285272812642046,0.06898759744022609,0.11841279182922587
CTRC,ENSG00000162438,chr1,15428441,15459242,76,0.25965353778221356,0.22028850103298817,0.13243627724854806,0.30758740276268914,0.13829404161758185,0.20370099838277594,0.2337816905111812,0.045130302454873095,0.015049610326467788
CELA2A,ENSG00000142615,chr1,15446727,15482091,197,0.21949528419006528,0.25424320106212434,0.17294240100558972,0.24288718884635938,0.22834803799399786,0.17564464872944724,0.15618854717760935,0.11771108998638269,0.13716719153822057
CELA2B,ENSG00000215704,chr1,15455908,15501395,269,0.2070654780829644,0.20950633808744626,0.17123715873122758,0.23974427397027842,0.21984043260493769,0.13964551408779582,0.13047062711461282,0.09545212609788878,0.10462701307107175
CASP9,ENSG00000132906,chr1,15480831,15536534,318,0.31449179935921356,0.30552851714241036,0.142170265401094,0.3553622574245239,0.22223374148961614,0.29442467618284845,0.2761708497682181,0.07017950284809144,0.08843332926272182
DNAJC16,ENSG00000116138,chr1,15516812,15602379,538,0.2750688457745614,0.285146735867242,0.14580024717781223,0.33827239637283096,0.20869809674401812,0.2498831803609276,0.2572517769016622,0.08579480197788103,0.07842620543714646
AGMAT,ENSG00000116771,chr1,15561698,15595051,242,0.3369775372452645,0.27002510757081205,0.17272951211660628,0.3635841463015964,0.1700100137786016,0.2680339910129629,0.29015328380185446,0.04671114835084145,0.024591855561949816
DDI2,ENSG00000197312,chr1,15607457,15679044,332,0.2609665256193948,0.3602782771955658,0.30200706087327417,0.2713959955725197,0.25037672809375733,0.19479388768304856,0.23758120044723927,0.25192811761990264,0.20914080485571185
RSC1A1,ENSG00000215695,chr1,15649868,15671722,93,0.35106964434163856,0.39569178720871934,0.27161231953662157,0.3393837081532489,0.23984406770154104,0.3095894794856859,0.3220106682919949,0.19408144563502333,0.1816602568287143
PLEKHM2,ENSG00000116786,chr1,15674319,15744769,430,0.33218758605755927,0.3882083144585111,0.3019125522934499,0.34736400375702753,0.28788195143062145,0.26785024951455644,0.28929379644812436,0.223513188000874,0.20206964106730615
SLC25A34,ENSG00000162461,chr1,15726257,15751392,191,0.27531391752691925,0.3502636542832621,0.305430176662066,0.30077281413207796,0.24903315780521865,0.19437137183136874,0.2512872073146114,0.23681724852218028,0.17990141303893764
TMEM82,ENSG00000162460,chr1,15732498,15757982,191,0.26000794346549705,0.35792102761504724,0.29358331734911863,0.2640538517953893,0.2858524645176573,0.1983048933158419,0.2064882991912252,0.2447390795960277,0.23655567372064448
FBLIM1,ENSG00000162458,chr1,15746606,15796594,262,0.37417135535932916,0.38537704054765654,0.32219635077479236,0.39861496119992335,0.3064350317657039,0.2832636566526084,0.3146778986581504,0.2034826165909885,0.1720683745854465
UQCRHL,ENSG00000233954,chr1,15797168,15819348,139,0.28349279823896884,0.4645992142270107,0.42750616300866967,0.3714935312209995,0.4731524585803406,0.20017667601270017,0.22415228567101025,0.42456300424700144,0.40058739458869125
SPEN,ENSG00000065526,chr1,15826094,15950456,526,0.4939581429974273,0.4830081108900462,0.5000697077207749,0.44912713873363386,0.543493395184564,0.3237886895091537,0.23591361027889246,0.335939403462949,0.4238144826932103
ZBTB17,ENSG00000116809,chr1,15931868,15986132,241,0.48385379901323855,0.5239030805172059,0.49408680343563455,0.4058408428167951,0.4498090372789288,0.3610544394011607,0.3326260155858445,0.3810793937169283,0.4095078175322444
SRARP,ENSG00000183888,chr1,15994235,16018807,248,0.5112664888608179,0.3886134973941047,0.33489232129838187,0.4230488720169192,0.3005618583970696,0.400078761227224,0.3422728705751615,0.09194718475073449,0.1497530754027971
HSPB7,ENSG00000173641,chr1,16004027,16029594,217,0.421384249714759,0.35367148035786017,0.28235392309042856,0.43245660460910795,0.20671669803470694,0.3258926325038176,0.3856552786523083,0.11055472762288887,0.050792081474398176
CLCNKA,ENSG00000186510,chr1,16008874,16044050,271,0.4289386269253718,0.44576746591914035,0.3209381704914627,0.4126731647482021,0.2721332739162995,0.38169321969520426,0.40235372624947974,0.20847772399636738,0.18781721744209184
CLCNKB,ENSG00000184908,chr1,16030251,16067311,269,0.34122267343047147,0.47629811842472386,0.5459447385548692,0.3698790011892289,0.5279529224617268,0.13733300763933826,0.1789997717320707,0.5094996772143245,0.4678329131215922
FAM131C,ENSG00000185519,chr1,16047768,16083651,275,0.3498525559936549,0.35054651231750267,0.3887398095103915,0.359685526854028,0.38469779887072025,0.18497379802134994,0.19588908451823586,0.24665025991250975,0.2357349734156239
EPHA2,ENSG00000142627,chr1,16114336,16166069,294,0.4438858319015578,0.4134806459621383,0.3381580669393959,0.4885217779416928,0.4237407371722507,0.3538013781788122,0.32640113642999974,0.17974823404221635,0.2071484757910288
ARHGEF19,ENSG00000142632,chr1,16187853,16222652,196,0.3390853157409284,0.48030201925313837,0.36167011055395115,0.3532412884306372,0.41365169858969714,0.30986894969774664,0.2782240678366086,0.34463849269824365,0.37628337455938166
CPLANE2,ENSG00000132881,chr1,16221691,16247183,136,0.3309516109383683,0.3599465548860361,0.2323814547351593,0.3060247940286501,0.1624912551205851,0.29182006704067087,0.3170995349068399,0.15438353108377822,0.1291040632176092
FBXO42,ENSG00000037637,chr1,16236839,16362480,666,0.3209406625697894,0.32085565034031793,0.2869490911728335,0.32615603793860154,0.33108454016978395,0.2178829440178819,0.18979034641661452,0.169038638454016,0.1971312360552834
SZRD1,ENSG00000055070,chr1,16342574,16408145,377,0.27461602635077575,0.34154129745966477,0.3306306399527233,0.32632418742823693,0.34929507155574996,0.16874417809551803,0.1915803748972751,0.24910929611132046,0.22627309930956338
SPATA21,ENSG00000187144,chr1,16377116,16447424,403,0.22990125726494523,0.2448688255826885,0.22965708866770315,0.2808215872981998,0.3002282956644621,0.140590407518064,0.1267542410312353,0.1402733963561778,0.15410956284300653
NECAP2,ENSG00000157191,chr1,16430720,16470078,220,0.47642073019947623,0.5758174170306116,0.5205354224318163,0.407893135970059,0.498519591886109,0.3847864362798416,0.3457343520692607,0.4728048599497905,0.5118569441603713
NBPF1,ENSG00000219481,chr1,16552318,16623562,0,,,,,,,,,
CROCC,ENSG00000058453,chr1,16730272,16982964,263,0.22049102989942213,0.23759421950598414,0.2288575961027181,0.21966677834849255,0.227635365824477,0.13024260276390756,0.13050603578754158,0.1410337419368649,0.1407703089132309
MFAP2,ENSG00000117122,chr1,16964501,16990632,175,0.31922862126058454,0.37227769952435535,0.36198074414818715,0.46899437038131064,0.38143206635180227,0.2003996678679544,0.309145902918141,0.26525773913860734,0.15651150408842085
ATP13A2,ENSG00000159363,chr1,16975957,17021928,242,0.304091106485984,0.26719839467758066,0.18292725907676347,0.38983693318729473,0.31885402772139415,0.23569482419356447,0.21046533197179484,0.07518545076181121,0.10041494298358078
RP1-37C10.8,ENSG00000288636,chr1,16995067,17021757,116,0.3849167679789935,0.26647495631531226,0.2979301560863508,0.42924865916568683,0.2012058679276265,0.22108441791244712,0.3230215800959323,0.08880912135009222,0.0
SDHB,ENSG00000117118,chr1,17008721,17064032,265,0.4449020300016376,0.4390293650111703,0.40032633482512336,0.5425626007238737,0.4302207389602681,0.3276638570342521,0.39884785009887935,0.250422861843618,0.17923886877899076
PADI2,ENSG00000117115,chr1,17056760,17129451,565,0.4281751966899344,0.41650828548128094,0.3310596275409691,0.5073224606149864,0.4069424788744915,0.34779364861708384,0.36208076988653276,0.1909313783644183,0.17664425709496934
PADI1,ENSG00000142623,chr1,17195127,17256007,501,0.32003255045676027,0.4801738176323347,0.43626210121227815,0.2857644213319796,0.42467058789057777,0.23340264213947037,0.2189953526568192,0.4208581458236502,0.43526543530630135
PADI3,ENSG00000142619,chr1,17239097,17294233,464,0.3859896170017935,0.5794262826047432,0.47207323897061565,0.3745547001235624,0.4931045203764338,0.35754061575803536,0.3279882289657935,0.5085948902692345,0.5381472770614765
PADI4,ENSG00000159339,chr1,17298194,17374004,732,0.39145859730850113,0.5047785149632974,0.440256167118791,0.4282884110564413,0.4637162476985311,0.30958222953259334,0.319389466248782,0.3931679424357105,0.38336070571952185
PADI6,ENSG00000276747,chr1,17362195,17411699,0,,,,,,,,,
RCC2,ENSG00000179051,chr1,17396759,17449677,312,0.4649357817934297,0.42094780047062197,0.3344288705332846,0.39325162852317597,0.3558499536178108,0.3823106952438896,0.3030900902475463,0.16405195560134045,0.2432725605976837
ARHGEF10L,ENSG00000074964,chr1,17529697,17707874,1209,0.3953511883046348,0.4867103330246629,0.5074117911263855,0.4076302852711841,0.5131635508681675,0.23097033806438572,0.23535610769542592,0.4359446021301208,0.43155883249908056
ACTL8,ENSG00000117148,chr1,17745332,17837063,693,0.22330538843346562,0.36634074171105874,0.32103201962683336,0.24747849011495107,0.32481369428920465,0.16088532406245645,0.17390149849282877,0.2953585924529104,0.2823424180225381
IGSF21,ENSG00000117154,chr1,18097797,18388483,2229,0.4049953617721477,0.4400033528058956,0.42024792442991304,0.4095985260609732,0.4052930512602749,0.2769279189047877,0.2935452368608371,0.3028965635194625,0.28627924556341294
KLHDC7A,ENSG00000179023,chr1,18470929,18495974,213,0.36107565354219207,0.45813020889987005,0.39472560552010444,0.39640930901023846,0.400700421049808,0.27931269515680246,0.3027974224144056,0.333416849070055,0.30993212181245194
PAX7,ENSG00000009709,chr1,18620845,18758866,944,0.4127892317387513,0.37707194960600415,0.35567711563735505,0.431352715513092,0.3517326198163741,0.28307020701961205,0.30218356776700034,0.1902540487786284,0.17114068803124022
TAS1R2,ENSG00000179002,chr1,18829598,18869682,181,0.34064135617061836,0.29679541568167067,0.32233430978957184,0.2625137415595431,0.27639596593208493,0.1897469433341468,0.1665521432469222,0.16236047007425516,0.18555527016147982
ALDH4A1,ENSG00000159423,chr1,18861429,18912724,444,0.2944465571946305,0.3928201413241109,0.4044264639093478,0.32543761810010247,0.4133368525823602,0.16473628582371858,0.17965843369585954,0.3341939384507967,0.31927179057865585
IFFO2,ENSG00000169991,chr1,18894279,18966676,491,0.39843820442402905,0.6524792934063132,0.627805247366006,0.4242804938472288,0.6179490812851006,0.2884095041867654,0.3234321748089408,0.7685215242458165,0.7334988536236411
UBR4,ENSG00000127481,chr1,19064509,19220266,771,0.3694029896971917,0.4948137425839849,0.45614849589217604,0.3621931806693285,0.413717990090928,0.2674186621395142,0.299296782028875,0.41540942900069505,0.3835313091113342
EMC1,ENSG00000127463,chr1,19205659,19261527,303,0.3342083356597008,0.3340255381438937,0.34052225097685385,0.3078266913717551,0.3067918958347276,0.19848769093399032,0.20399891660188163,0.20801626380436936,0.20250503813647808
MRTO4,ENSG00000053372,chr1,19241804,19270128,178,0.4448958827980303,0.39039358679044034,0.41738907117545343,0.39837144770566646,0.34286627533475256,0.27165283132679097,0.29159452913993655,0.22328892298135894,0.20334722516821346
AKR7A3,ENSG00000162482,chr1,19272572,19298770,0,,,,,,,,,
AKR7A2,ENSG00000053371,chr1,19293964,19322144,135,0.3607682660062563,0.3018114078470162,0.2684938448105034,0.34549467306033194,0.30657759869932494,0.24705230932081076,0.2085128191561454,0.11221371406259523,0.15075320422726066
SLC66A1,ENSG00000040487,chr1,19302325,19339300,277,0.28875112505891,0.28469147166677017,0.24767736281322156,0.2727596386774952,0.2569448903250338,0.19559209415985226,0.17827724565757644,0.13944922704278553,0.15676407554506133
CAPZB,ENSG00000077549,chr1,19328774,19495539,1219,0.4058010366767182,0.5169750038749199,0.45169640879107525,0.40195027126279687,0.47542091455587726,0.32365089429668553,0.29830458247686015,0.40403598056019757,0.42938229238002296
MICOS10,ENSG00000173436,chr1,19474402,19639821,1019,0.46325854566173513,0.49544744649384515,0.47118737538559435,0.42672045712178924,0.4598055048542903,0.334600460974967,0.3123195349281548,0.34948281415184346,0.3717637401986557
NBL1,ENSG00000158747,chr1,19586978,19668456,507,0.305810197308709,0.40660635403568873,0.3569390522800996,0.2910382776914311,0.33160246913828567,0.2226956856250957,0.23148942242338066,0.29920159340343433,0.29040785660514934
MICOS10-NBL1,ENSG00000270136,chr1,19587066,19666927,493,0.30108272683173243,0.40671210311232886,0.35701287662838344,0.28671952654680893,0.32924494050658876,0.21933390939109165,0.23030241196276904,0.30274159618449636,0.291773093612819
HTR6,ENSG00000158748,chr1,19654874,19690966,232,0.42834299841766904,0.27766071530959324,0.3644945253819539,0.3727765274527011,0.2988475278047143,0.21557093419690904,0.21834140223915807,0.10968939287790619,0.10691892483565713
TMCO4,ENSG00000162542,chr1,19672239,19809945,990,0.39432872162801824,0.33195192726759987,0.3394834812634553,0.3426220934635306,0.31553223499892585,0.24503994099814422,0.22188882019561515,0.15835520186845203,0.18150632267098107
RNF186,ENSG00000178828,chr1,19804028,19825283,178,0.25667312490295197,0.3836021645135211,0.3362308435318834,0.2700137682448582,0.33088985669728205,0.1853306163266508,0.19839284951145872,0.298532070756121,0.28546983757131306
OTUD3,ENSG00000169914,chr1,19872394,19922945,295,0.22217812355833924,0.20428402484524052,0.1550594057378318,0.2597780121829071,0.15554257063691024,0.15564087340252886,0.18012858644609614,0.07287209854110313,0.04838438549753582
PLA2G2E,ENSG00000188784,chr1,19910008,19933617,141,0.3321574144341938,0.41774646341011085,0.3491927400270111,0.3551906779499982,0.3773353625600792,0.2575051657781207,0.25295135952736403,0.2833441304521919,0.2878979367029486
PLA2G2A,ENSG00000188257,chr1,19965430,19990416,201,0.23026375920211944,0.2687731399785183,0.20782386141258377,0.2312695919524396,0.1976730623748558,0.1708836889491741,0.17790368486014113,0.14214783640265952,0.13512784049169252
PLA2G5,ENSG00000127472,chr1,20018178,20101911,557,0.4051840953544065,0.47466364379235565,0.40622005557304713,0.44400454364489494,0.4274693302633358,0.3209866880647439,0.33651136321926256,0.32272985498186524,0.30720517982734663
PLA2G2D,ENSG00000117215,chr1,20101938,20129566,199,0.37752683839024137,0.26253546552735696,0.2966460001456382,0.4172894254114336,0.2894913533714795,0.2133485441475464,0.25141388823221733,0.09118873662757507,0.0531233925429041
PLA2G2F,ENSG00000158786,chr1,20129322,20160381,177,0.16771457785071833,0.06638182330490024,0.06538204314862085,0.1797922656272592,0.07012045166759107,0.09232506738128421,0.09709257289656961,0.0,0.0
PLA2G2C,ENSG00000187980,chr1,20151252,20196518,227,0.2670987276787976,0.19996827112546744,0.18094414394357447,0.2982478204826124,0.17761658144252213,0.16712258495428745,0.19086515108821522,0.05598130605323692,0.03223873991930923
UBXN10,ENSG00000162543,chr1,20176095,20206050,178,0.2924016724397664,0.11770836587791009,0.19326304248151704,0.2232409693612721,0.13592520076961337,0.12817684602889184,0.1158808952732041,0.0,0.009351731423039356
VWA5B1,ENSG00000158816,chr1,20280874,20369518,504,0.34377376568100376,0.36998295220260474,0.3283541695796174,0.30182420934963844,0.3313847290150607,0.2426169823063243,0.2093731469048389,0.21939141766048403,0.25263525306196943
CAMK2N1,ENSG00000162545,chr1,20472390,20496210,124,0.31681918822253896,0.5561871062227859,0.5098102851400139,0.492673359856001,0.48799634549747084,0.24019257443095576,0.41076446085537804,0.5721596413489575,0.40158775492453525
MUL1,ENSG00000090432,chr1,20489447,20518151,225,0.24829381691672361,0.38876031689591006,0.3125967521177421,0.31343248095832577,0.3379094291891574,0.20142083618038828,0.22798195212006583,0.2908452805124252,0.2642841645727476
FAM43B,ENSG00000183114,chr1,20542572,20565020,154,0.41166689546878826,0.5413625668801146,0.42692511239798236,0.3425872316144047,0.544054784424518,0.3766091986942973,0.2067779322701499,0.4028860884243636,0.572717354848511
CDA,ENSG00000158825,chr1,20579085,20628903,349,0.47125147327606004,0.49016499575833133,0.4691954153149814,0.490601625980901,0.48926805503876275,0.33877456120813,0.3381413195685388,0.33489356549464233,0.3355268071342335
PINK1,ENSG00000158828,chr1,20623457,20661511,253,0.41849483954414174,0.4312825976610597,0.40468931314457607,0.4346614224240648,0.45262005296775903,0.29391760533534717,0.26604499186731717,0.27045401959306864,0.2983266330610986
DDOST,ENSG00000244038,chr1,20641766,20671544,229,0.43329429393815966,0.4687766205746788,0.4544854387806236,0.5350598225652005,0.5526818937404594,0.2972310177619277,0.2969669556543346,0.3353416515541389,0.3356057136617321
KIF17,ENSG00000117245,chr1,20654013,20728017,534,0.4450644830140707,0.4753258065170626,0.4206766133331096,0.43730865103834726,0.43078300104830813,0.34399335966961836,0.32825413555900546,0.30098443320477575,0.31672365731538865
SH2D5,ENSG00000189410,chr1,20709730,20742837,196,0.45038768640423765,0.33851818752257995,0.3243624784700222,0.4138484267045147,0.3400985988102698,0.3098581831695088,0.26589240413106463,0.10341460700079524,0.1473803860392393
HP1BP3,ENSG00000127483,chr1,20730265,20797323,325,0.3763751984663901,0.4073739630946334,0.3910578690916511,0.397084676404891,0.3810193537635864,0.2496830201001963,0.27474447622339604,0.27350868797906847,0.2484472318558687
EIF4G3,ENSG00000075151,chr1,20796291,21186888,1636,0.45804428836747396,0.6132795715747469,0.562899910115158,0.45585650058512966,0.5663098824393314,0.3675155882232582,0.36158526032878124,0.5825376659607813,0.5884679938552584
ECE1,ENSG00000117298,chr1,21207246,21355572,700,0.3128524139692112,0.2786867322699331,0.2666441709958208,0.2462270611137334,0.22398232873602944,0.19588183779741694,0.17788292851346912,0.1307999076531276,0.1487988169370754
NBPF3,ENSG00000142794,chr1,21430127,21495005,0,,,,,,,,,
ALPL,ENSG00000162551,chr1,21499396,21588410,515,0.4103959602491486,0.4593074171845795,0.3751862931503308,0.36833601974856894,0.38316960549140333,0.33645337208263404,0.29557046163321243,0.27845102835037033,0.31933393879979177
RAP1GAP,ENSG00000076864,chr1,21586214,21679363,529,0.4540593024345633,0.5610004636827319,0.538923151963126,0.4861131406778002,0.5379034071617862,0.32715564623466914,0.35851387179645,0.49610127589775627,0.4647430503359754
USP48,ENSG00000090686,chr1,21668297,21793606,660,0.5511420399726695,0.38062284568062743,0.3820451289656922,0.5206360867836307,0.3857129459919655,0.3993749179739908,0.36352159249106847,0.07966597771501233,0.11551930319793458
LDLRAD2,ENSG00000187942,chr1,21802264,21835225,191,0.31602362055243793,0.3855020678840548,0.376134448468104,0.2927111823944941,0.3601277934582611,0.19748060697064662,0.19338955016229673,0.2894691081600539,0.2935601649684037
HSPG2,ENSG00000142798,chr1,21812243,21947310,883,0.5302841190612431,0.6584578927768476,0.6384200255828976,0.5489216606939304,0.7034314958127224,0.40631977499949756,0.327460757775909,0.667964531772853,0.7468235489964417
CELA3B,ENSG00000219073,chr1,21967021,22008642,34,0.6132917107593785,0.7140766109293518,0.5398737239893253,0.591053235164761,0.5238550132023574,0.712930852539734,0.7020843940743804,0.5391005218885789,0.5499469803539322
CELA3A,ENSG00000142789,chr1,21991656,22022542,56,0.49193016496345365,0.597570662926731,0.5062127148890839,0.5047464415562524,0.3344998351715455,0.44086083822036065,0.6028523862072106,0.4693749193820431,0.3073833713951933
CDC42,ENSG00000070831,chr1,22015510,22111360,651,0.6360124524166365,0.6810848771037656,0.6359477596225662,0.5929184287858758,0.5952872428776043,0.5715040008850969,0.5684971358972204,0.5713262831413409,0.5743331481292175
WNT4,ENSG00000162552,chr1,22107312,22153969,298,0.5870328204035211,0.6426005921420143,0.5848561584920057,0.6088095085465418,0.6163261956220125,0.5170791388845593,0.5047497125590489,0.5118221941783632,0.5241516205038736
ZBTB40,ENSG00000184677,chr1,22418837,22541157,557,0.5087712574418906,0.5885971602588419,0.5360555474133922,0.4922193850926513,0.5148117199924527,0.4155186699325875,0.42133496354193806,0.47266372922651845,0.46684743561716785
EPHA8,ENSG00000070886,chr1,22553488,22613595,450,0.3467253650518964,0.3377127850452451,0.2985650258964859,0.2932219548567374,0.29536148360579917,0.2415932711875278,0.2045121043338766,0.17046268649912766,0.2075438533527788
C1QA,ENSG00000173372,chr1,22626627,22649678,170,0.4131762224618414,0.5442953724975386,0.29159931453117227,0.3536209212200101,0.374504244150743,0.4870978667280115,0.37653441489400785,0.2988125593234019,0.4093760111574055
C1QC,ENSG00000159189,chr1,22633632,22658110,201,0.41628608963052305,0.4998636066372496,0.3270027845474331,0.36974740379662013,0.3887927177833989,0.41760231993082336,0.3310949490270372,0.275272111103155,0.3617794820069413
C1QB,ENSG00000173369,chr1,22642761,22671637,236,0.4381561794551471,0.4850616487887498,0.35182871591181036,0.46863247562076243,0.3942511573437156,0.40331958435207227,0.39735981141735843,0.26038850751763193,0.26634828045234576
EPHB2,ENSG00000133216,chr1,22700838,22931500,1438,0.49289393621614797,0.5313931362934636,0.5334750423601259,0.5341454876915822,0.5334295888001722,0.337291221939013,0.37976333483384456,0.4206998838156309,0.3782277709207995
LACTBL1,ENSG00000215906,chr1,22943042,22975338,171,0.3121815389986302,0.21037533370594247,0.2095758991717351,0.34576696868256973,0.26492890568879063,0.18762112599631586,0.17635058443758322,0.0485764263802389,0.05984696793897154
TEX46,ENSG00000227868,chr1,23000833,23025852,0,,,,,,,,,
KDM1A,ENSG00000004487,chr1,23009442,23093689,245,0.43043821380134883,0.32466880044686497,0.2539962119448045,0.5130794916836791,0.32927197360318383,0.3312077257222199,0.35640744448848355,0.06134431671994489,0.03614459795368119
LUZP1,ENSG00000169641,chr1,23074022,23187808,354,0.35426770644828703,0.43181463432849754,0.37840345676090914,0.371281005447772,0.4159362480293878,0.2636068959150557,0.24581664966627492,0.3017006695726514,0.3194909158214322
HTR1D,ENSG00000179546,chr1,23181894,23227502,276,0.3660860233397832,0.45040339633046445,0.3212399623396894,0.3587590037089078,0.41205014920837657,0.3334625577960665,0.2559035093554653,0.26510815993760806,0.34266720837820924
HNRNPR,ENSG00000125944,chr1,23293770,23354336,225,0.3642442244735739,0.3446336099717002,0.3749014050158856,0.38444009515315264,0.47439431155273953,0.20282786303517622,0.1322899237570097,0.21973296261406924,0.29027090189223576
ZNF436,ENSG00000125945,chr1,23349447,23379836,116,0.3234551809346362,0.222669022277761,0.18382989225237953,0.4078855776608834,0.2502375803911978,0.21975657618389005,0.24397276793252104,0.032132474375043435,0.007916282626412419
TCEA3,ENSG00000204219,chr1,23370908,23434748,315,0.4694759940778342,0.3016266658286301,0.2722327398756652,0.6365849139337351,0.396644178136595,0.3375587737081741,0.4329814482177431,0.02144268278996697,0.0
ASAP3,ENSG00000088280,chr1,23418562,23494568,379,0.4036265903230399,0.29150162821353975,0.2868015509863557,0.5942741329655191,0.5213682675531632,0.2617501160423047,0.25493063334549293,0.08285740192541435,0.08967688462222617
E2F2,ENSG00000007968,chr1,23496437,23541233,200,0.40680653762941604,0.29629060342991725,0.3580693580782,0.46900997607289946,0.3791537032235761,0.21517473561104286,0.25386505267748843,0.13621506139681944,0.09752474433037378
ID3,ENSG00000117318,chr1,23547925,23569501,131,0.3991906625441651,0.24804837543715683,0.3066597943411597,0.3812136784079231,0.2419362193895552,0.2141632200465353,0.2440453989026794,0.07092006609373569,0.04103788723759161
RPL11,ENSG00000142676,chr1,23681741,23706835,133,0.4330540574038905,0.5870594620480485,0.5525515437809709,0.45753435151757266,0.446673781435827,0.3238745309457178,0.45213732211655167,0.5605771413441769,0.4323143501733431
ELOA,ENSG00000011007,chr1,23733154,23772059,189,0.23783699596150062,0.07043404471302926,0.15545279170012644,0.24249956950391108,0.14130335980729677,0.08783885161388547,0.0992145579169197,0.0,0.0
PITHD1,ENSG00000057757,chr1,23768417,23798232,101,0.5089767037826739,0.3827438974207036,0.5084603960096207,0.3953889718391357,0.1311375569930703,0.24176110254390393,0.42253538039127037,0.24071016153958769,0.05993588369222125
LYPLA2,ENSG00000011009,chr1,23781144,23805539,80,0.6160364300586172,0.41559747474747477,0.5946755079176427,0.55708268914987,0.5284471084471086,0.29565278059618333,0.2999067278006979,0.24151249741586162,0.23725855021134684
GALE,ENSG00000117308,chr1,23785598,23810781,93,0.6263656063133961,0.23063925508990377,0.33482944505969364,0.581402815166909,0.3319983870786524,0.4194805147090471,0.364788406825475,0.0,0.0
HMGCL,ENSG00000117305,chr1,23791884,23848620,228,0.5107624441922515,0.5273712689439762,0.5077453483010174,0.4977454923458092,0.4261787512548316,0.37779655955541885,0.44132803919209834,0.3716485629203624,0.3081170832836828
FUCA1,ENSG00000179163,chr1,23835076,23878290,211,0.49141919394376565,0.4107681051651578,0.379560928690328,0.3563262277462492,0.3248408181695841,0.3638693784257115,0.28834595924360706,0.16506608499103126,0.2405895041731357
CNR2,ENSG00000188822,chr1,23860514,23923362,465,0.4978376791363809,0.4506826103960011,0.5213346936526551,0.5193914111887522,0.5434289280513537,0.2755785423323093,0.27388503198116415,0.3235003390488467,0.3251938493999918
PNRC2,ENSG00000189266,chr1,23946838,23973462,0,,,,,,,,,
SRSF10,ENSG00000188529,chr1,23954346,23990927,0,,,,,,,,,
MYOM3,ENSG00000142661,chr1,24046034,24122135,551,0.3272252590539542,0.5684380593765543,0.48663539773934145,0.3744620695526098,0.5423740528248562,0.28495999257701915,0.2638922022370085,0.5553842389681496,0.5764520293081603
IL22RA1,ENSG00000142677,chr1,24109770,24153140,321,0.511553504420859,0.6527711575885317,0.589232811404426,0.49861206763130245,0.5984104903826883,0.44228394679114574,0.41791077859404857,0.6154872813934366,0.6398604495905338
IFNLR1,ENSG00000185436,chr1,24144167,24197959,420,0.5758863072320876,0.6693953465089354,0.6172905196439324,0.5977720122222173,0.6267976958684612,0.5020533098034232,0.5159667995518771,0.6047787079953173,0.5908652182468636
GRHL3,ENSG00000158055,chr1,24309356,24374482,403,0.34744081706518315,0.5046153369279338,0.4546375455817504,0.4007346583743475,0.38958149317657365,0.2614847558867904,0.36043052270060016,0.44093596519500095,0.3419901983811913
STPG1,ENSG00000001460,chr1,24346998,24426934,528,0.29640552199536097,0.6514973342095606,0.5719195875303072,0.2620655143348131,0.5497510333185378,0.2786091461953016,0.28002752035017336,0.7755002532885704,0.7740818791336985
NIPAL3,ENSG00000001461,chr1,24405801,24482976,510,0.36589528169829244,0.6213259530981683,0.5208295084632202,0.32620582497555767,0.5007646766569612,0.3454609165948396,0.3356161834911777,0.6256185619065849,0.635463295010247
RCAN3,ENSG00000117602,chr1,24492350,24551040,358,0.39842975801314134,0.6309416142669367,0.5519795066579133,0.3154046008817623,0.5120521971573244,0.3510480446727438,0.3290904268751602,0.645752375866554,0.6677099936641377
NCMAP,ENSG00000184454,chr1,24546086,24619328,589,0.2673870230281211,0.29372864904187335,0.2235513738575008,0.27425773700968237,0.2717553436358386,0.2029343406829687,0.17559894078393493,0.1448214248503435,0.17215682474937724
SRRM1,ENSG00000133226,chr1,24621715,24683281,190,0.3384096303292733,0.31766360365182733,0.3513727126293607,0.41207424638025175,0.3371047735206815,0.18122208482959484,0.2511243853260524,0.20101040813938523,0.13110810764292774
CLIC4,ENSG00000169504,chr1,24735381,24854321,457,0.5610111303109303,0.6178784318466449,0.5465435329837122,0.5952954475350991,0.5528594039580126,0.497220846196381,0.5308661283250986,0.4647956335680337,0.431150351439316
RUNX3,ENSG00000020633,chr1,24889510,24975121,594,0.39736536080886536,0.6888350189971638,0.6465233682488682,0.38581163322697704,0.611337861818394,0.3169691458820427,0.354920390694243,0.8504628760389055,0.8125116312267051
SYF2,ENSG00000117614,chr1,25212275,25242502,141,0.565816676965491,0.445666419426618,0.5116996729938731,0.6019427043544691,0.6574050230184297,0.3537262174878803,0.21997080646420164,0.2362624249562213,0.37001783597990007
RSRP1,ENSG00000117616,chr1,25232248,25348213,177,0.505191541893894,0.5061636781667437,0.5944422700499248,0.4625845633456335,0.4450103305785124,0.25332182270149023,0.36886461423326217,0.4522293263167491,0.3366865347849772
RHD,ENSG00000187010,chr1,25262392,25340445,20,0.9466666666666668,0.5478381284895627,0.9696969696969697,0.9272038523274478,0.929210134128167,0.11420061569990603,0.38288392814211747,0.6795144247499658,0.41083111230775415
TMEM50A,ENSG00000183726,chr1,25328316,25372361,63,0.600615545909643,0.5319222054380663,0.6078741489086598,0.6136608763981257,0.6073640585961977,0.3703895545423772,0.3876440258268609,0.3887312146399663,0.37147674335548264
RHCE,ENSG00000188672,chr1,25352248,25440192,152,0.36635664247188243,0.26769802269802273,0.2639298432872933,0.4016865887311455,0.29596846566438373,0.2307007399993388,0.23713537263396348,0.08086157279381903,0.07442694015919438
MACO1,ENSG00000204178,chr1,25420857,25510209,325,0.38858982733569314,0.5401283638620705,0.4188599735299948,0.3943689021958418,0.3696294328327337,0.3630157849565045,0.40842233871137007,0.4137920953587772,0.3683855416039116
LDLRAP1,ENSG00000157978,chr1,25533605,25578886,189,0.32125567010709827,0.3727222157625959,0.25489191577406745,0.4657475497455227,0.2184326222669915,0.2798252846450229,0.4233993404605579,0.18654051475488462,0.042966458939349694
MAN1C1,ENSG00000117643,chr1,25606790,25796206,1023,0.38191239199555266,0.5087624400819093,0.4937756611240186,0.4234198001899384,0.5382713400806761,0.25558858000082324,0.24434519836901947,0.4552388594404363,0.4664822410722402
SELENON,ENSG00000162430,chr1,25790192,25828221,298,0.6694809539562356,0.675403964537127,0.6136464858082575,0.5529228459526393,0.539702969301465,0.6406311710990763,0.5771573268691996,0.48454266648506483,0.5480165107149415
RP1-317E23.6,ENSG00000255054,chr1,25801469,25833744,252,0.7424751969113387,0.8001607909449309,0.6398874081634811,0.628550839628023,0.670948410415097,0.9727714450090558,0.7445223655181656,0.6374707454946132,0.8657198249855036
MTFR1L,ENSG00000117640,chr1,25808639,25842942,255,0.738467427333173,0.8082066938805781,0.7452907599575832,0.6253983887746603,0.6719957697823006,0.8124504201551721,0.7592502157871248,0.8388865973024973,0.8920868016705445
AUNIP,ENSG00000127423,chr1,25821912,25869458,326,0.6456085191963927,0.7233973185111777,0.6507921542005702,0.5259721051033307,0.5190456392159594,0.6352191384474124,0.6498396884784243,0.6499540268867691,0.6353334768557571
PAQR7,ENSG00000182749,chr1,25851483,25885708,186,0.4934402994654962,0.3733233777923248,0.41457445059702674,0.37687102196502775,0.2878188581204823,0.3060107287946812,0.30045169627689905,0.16131389665615037,0.16687292917393257
STMN1,ENSG00000117632,chr1,25874180,25916991,197,0.5350381226804984,0.3295476936856247,0.3436180951524193,0.40206464105489265,0.27972080643896746,0.37229504195833885,0.2929794816480682,0.02750766835421614,0.1068232286644869
PAFAH2,ENSG00000158006,chr1,25949766,26008117,276,0.5125825863208454,0.5413422391172683,0.4614983625946766,0.5173858515488027,0.4021589157979867,0.4395603175233215,0.4967792346389989,0.3398906485022333,0.2826717313865559
EXTL1,ENSG00000158008,chr1,26009883,26046464,166,0.5255570363161347,0.6156930378593821,0.5850969417601058,0.5516261918456488,0.5524427102736705,0.41110857782719257,0.47724546935291867,0.5452050873271748,0.47906819580144866
SLC30A2,ENSG00000158014,chr1,26027251,26056118,147,0.5522204985213094,0.6621592816848173,0.5296697282754922,0.5649384338281598,0.6044656893147173,0.5671574844124787,0.4949653628907906,0.5180232577468975,0.5902153792685858
TRIM63,ENSG00000158022,chr1,26041300,26078436,251,0.4139502014749299,0.5013544029249551,0.41064092668049856,0.4275179978709514,0.37754885599365423,0.3507452627507671,0.38977175299659195,0.3451143991125483,0.3060879088667235
PDIK1L,ENSG00000175087,chr1,26101164,26135555,213,0.2353564979213203,0.18689315602178672,0.20989972547683308,0.179455586897917,0.14900004938027744,0.11982145549436565,0.12166839541487846,0.08707130316733816,0.08522436324682536
FAM110D,ENSG00000197245,chr1,26149078,26173962,154,0.38344083018519,0.5758426228595825,0.470424365003808,0.31608274310401974,0.44795631711440015,0.3527862111321671,0.32172047903509227,0.5048645089844997,0.5359302410815746
C1orf232,ENSG00000282872,chr1,26154100,26178963,182,0.4107301785048454,0.64203613948131,0.4619710702924839,0.32222891990516017,0.4727599351036064,0.4681756987948526,0.38808481546553225,0.5591475471540195,0.6392384304833401
ZNF593OS,ENSG00000236782,chr1,26159515,26181831,168,0.3781281145594086,0.5955954190253395,0.3959991826676467,0.33147682910127624,0.4742631152121024,0.4380904578195231,0.3325346378249551,0.4672490062499415,0.5728048262445096
ZNF593,ENSG00000142684,chr1,26159907,26180873,157,0.3549209132515491,0.6470411576763218,0.3874225872771251,0.32203206946662444,0.4771616689584529,0.49485311049444325,0.3907880669587366,0.5465507123359182,0.6506157558716249
CNKSR1,ENSG00000142675,chr1,26167483,26199884,251,0.2773911653908096,0.5492361752188342,0.34136618895093435,0.3520096520552525,0.420983519906165,0.3520557041782263,0.34213344292673886,0.4447560425725908,0.45467830382407826
CATSPER4,ENSG00000188782,chr1,26180560,26212968,239,0.27768485492106365,0.2604228050273832,0.18777535254704333,0.3461872631455136,0.28723817150047604,0.20949602142571988,0.19400148104030365,0.09218059279057905,0.10767513317599528
CEP85,ENSG00000130695,chr1,26224199,26288808,421,0.40500046560726116,0.24084500550707447,0.22731312615924013,0.506320033136093,0.3335617714034638,0.2684312890027397,0.2878046508862019,0.007118024613466223,0.0
SH3BGRL3,ENSG00000142669,chr1,26270085,26291522,170,0.3878723831366159,0.2471407789866207,0.18109342529881461,0.49189653679166845,0.31281783821502607,0.2874531230140917,0.29289567204203326,0.0,0.0
UBXN11,ENSG00000158062,chr1,26271327,26328363,382,0.42382068271265955,0.28642405294623685,0.2836042204358106,0.5817847629367213,0.4436659209601499,0.2776401283909139,0.311419579476516,0.0598262763764551,0.02604682529085295
CD52,ENSG00000169442,chr1,26307957,26330523,130,0.43210346151812784,0.3062418710358015,0.25431439269394795,0.5182094391572984,0.3883254105931917,0.3189983592204627,0.3021614112319469,0.046633537343806875,0.06347048533232258
CRYBG2,ENSG00000176092,chr1,26311697,26370080,351,0.38729920168790966,0.4997316005425145,0.37618059587687613,0.40176786892614347,0.403306161517496,0.3552973565045153,0.3450179082370121,0.3373131691654573,0.3475926174329605
ZNF683,ENSG00000176083,chr1,26351633,26384522,233,0.32766547612600516,0.5724083662058713,0.5091780758260134,0.31511421645384236,0.543238360963266,0.2674560137971441,0.22224812886614564,0.5821306517209991,0.6273385366519975
LIN28A,ENSG00000131914,chr1,26400816,26439728,203,0.34505180938680735,0.4202510426510427,0.30902040839694345,0.34310131573268193,0.36666714927584493,0.2993571279197779,0.25431320940743096,0.24580297337774043,0.2908468918900875
DHDDS,ENSG00000117682,chr1,26422281,26481306,252,0.5251789331621974,0.5848752525489828,0.47794899243617234,0.4761674466698891,0.4858187891075446,0.48700173736573954,0.4302899414066093,0.39217447028819413,0.4488862662473243
HMGN2,ENSG00000198830,chr1,26462439,26486642,134,0.3895415096769668,0.5341118267222063,0.4471107849525644,0.3837979636943369,0.348688391421356,0.33237849692023835,0.4096114717419085,0.43143114824090234,0.35419817341923243
RPS6KA1,ENSG00000117676,chr1,26519760,26585030,327,0.4620123368659967,0.6036602523050023,0.509742365912484,0.4311921965069953,0.516576432751183,0.4162894473451118,0.3814170546980076,0.5091940394854404,0.5440664321325446
ARID1A,ENSG00000117713,chr1,26683235,26792104,280,0.40133275961284237,0.5508155583437893,0.5545234729621189,0.2854710234267629,0.4179016035747911,0.2523801651799603,0.29766882013499457,0.5479415272095546,0.5026528722545203
PIGV,ENSG00000060642,chr1,26777053,26810659,63,0.037307151206983385,0.0,0.0,0.01636358736528516,0.0,0.019010435253852077,0.008249474783277738,0.0,0.0
ZDHHC18,ENSG00000204160,chr1,26816687,26867604,125,0.4417390072473831,0.6025211492627225,0.6227850345065318,0.3601770997109203,0.5254922294640956,0.2653010976057935,0.31185006320539743,0.6573124543898136,0.6107634887902097
SFN,ENSG00000175793,chr1,26853148,26874456,62,0.2717930801713856,0.5795941884028527,0.4837586151940462,0.3846456277881552,0.4251559977106378,0.26126201693432427,0.3992176014449564,0.6052727991701881,0.467317214659556
GPN2,ENSG00000142751,chr1,26866131,26900283,104,0.38071125597536387,0.4120760937940608,0.43997069332972844,0.22541171330604282,0.36844453845999453,0.21528761695626542,0.1635059342356416,0.3158701337159877,0.3676518164366115
GPATCH3,ENSG00000198746,chr1,26880487,26910467,87,0.40171362597168586,0.41546337561421554,0.42933222952958366,0.3433940260042389,0.3868525592055004,0.24483675865073978,0.2342285838095689,0.2920990820396292,0.30270725688080014
NUDC,ENSG00000090273,chr1,26890237,26956871,251,0.24624664862594373,0.2360408684546616,0.1782542102693786,0.2399749957509773,0.194668551942111,0.17780343933996462,0.16357179015870443,0.09143754464814327,0.10566919382940346
NR0B2,ENSG00000131910,chr1,26901488,26923975,80,0.1409053531903958,0.1182021748729578,0.1166620664455544,0.2022362172064568,0.12565039238836026,0.07681060604771775,0.10873011737624462,0.04898186641525412,0.017062355086727293
KDF1,ENSG00000175707,chr1,26939561,26970468,114,0.10207246102966938,0.12189157033901486,0.09516722354325972,0.10620266551523869,0.029574386010029582,0.0688229862644835,0.1061204475400094,0.06116221051054267,0.023864749235016774
TRNP1,ENSG00000253368,chr1,26983691,27010886,98,0.1702538869473427,0.17712354633945807,0.18679805138250324,0.11450691710834911,0.14949092471651945,0.08740445925446727,0.07731982163745386,0.1075447473781732,0.1176293849951866
TENT5B,ENSG00000158246,chr1,26995019,27022850,114,0.23218475103902758,0.2718154286658224,0.34198038171055645,0.22284499955468176,0.3617315653457701,0.0814431669088983,0.06015992672511186,0.23575756395793068,0.2570408041417171
SLC9A1,ENSG00000090020,chr1,27088808,27176981,388,0.3263789435172387,0.3277023531638382,0.29758847915424047,0.31294586377031947,0.28700417030355924,0.2194529159603281,0.21705829554620235,0.17760119372227012,0.17999581413639584
WDTC1,ENSG00000142784,chr1,27224631,27318636,295,0.6665583983661144,0.6169922898554174,0.7105649320584526,0.5821895582445437,0.6705535301811706,0.4090816990495889,0.3610430999793435,0.5506184600287236,0.5986570590989688
TMEM222,ENSG00000186501,chr1,27312144,27346400,118,0.5096334851216818,0.5150510219150569,0.5535387993721459,0.470564672876786,0.5101007209223642,0.3149554961032933,0.32305019620818115,0.4087560973001099,0.40066139719522204
SYTL1,ENSG00000142765,chr1,27332019,27363937,149,0.43846266201077533,0.43527090836334537,0.430853073048531,0.40193151769774904,0.4214661071963502,0.29243474910683526,0.26910050633242594,0.2789743975469202,0.3023086403213296
MAP3K6,ENSG00000142733,chr1,27344066,27376961,158,0.4096831648477548,0.38255220147734537,0.3890393622319155,0.39420825950733474,0.44179304475496284,0.25826694191113675,0.20017713378192492,0.22389380894772276,0.28198361707693453
FCN3,ENSG00000142748,chr1,27359109,27384824,130,0.5745971500689913,0.5644648449934793,0.4638947032017321,0.5619576460081422,0.4472173796649147,0.531236875747652,0.5319144954681556,0.2999428868783623,0.2992652671578588
CD164L2,ENSG00000174950,chr1,27369175,27393333,115,0.7249510415402662,0.7086617586013235,0.6310941035829181,0.7413113732285145,0.7255249987283869,0.7634314104516939,0.6462527033800572,0.46983893477871264,0.5870176418503493
GPR3,ENSG00000181773,chr1,27382621,27405814,112,0.7042832408180167,0.7352470771520577,0.6959688053707122,0.7059295310102679,0.75960000061993,0.6783432315164148,0.5637215127775442,0.650615023015148,0.7652367417540186
WASF2,ENSG00000158195,chr1,27394229,27500167,0,,,,,,,,,
AHDC1,ENSG00000126705,chr1,27524034,27614431,356,0.3625758033200311,0.19148671153188096,0.29397545120092256,0.32579864468690134,0.2501367865788419,0.15738640495590672,0.15946007944338628,0.055171759190991015,0.05309808470351146
FGR,ENSG00000000938,chr1,27602063,27645185,188,0.471037176616278,0.3782863287366296,0.5710324050082878,0.5011715979452898,0.5748797259731654,0.13286942775659688,0.15769280073279363,0.3424062000627525,0.3175828270865558
IFI6,ENSG00000126709,chr1,27656063,27682212,113,0.7033101442818663,0.8737063959636242,0.8559537785713597,0.7942720560376476,0.8812140220549137,0.6732963929101943,0.7599573127875396,1.395849499039954,1.309188579162608
FAM76A,ENSG00000009780,chr1,27715960,27773116,250,0.30078894161080416,0.29673627059557883,0.2927308606788303,0.3686877303373152,0.43876574981353594,0.18174097022054553,0.11718053245443655,0.17028233878884566,0.23484277655495467
STX12,ENSG00000117758,chr1,27763218,27834443,307,0.2891016745907752,0.2339078556598071,0.2850568801442835,0.36174442305145965,0.3524896567355543,0.13606319657197508,0.14042439862269573,0.13038962703186355,0.12602842498114294
PPP1R8,ENSG00000117751,chr1,27820781,27861676,156,0.3129442294345574,0.4971251637489578,0.4642311253582713,0.37693352172864186,0.5675799469347856,0.2193506847984938,0.161079107714371,0.4680632895393124,0.5263348666234353
THEMIS2,ENSG00000130775,chr1,27862542,27896685,193,0.24845599291968484,0.3031900147700898,0.26599435858643655,0.25625297787350276,0.29061456960501997,0.16881473569506025,0.15697028731855311,0.19242778772816646,0.20427223610467357
RPA2,ENSG00000117748,chr1,27881523,27924746,232,0.4429599121509568,0.48910009015941375,0.3699633419506648,0.4223158675051179,0.35885025994299324,0.3973611879243179,0.38790868843341664,0.27422039119282604,0.28367289068372725
SMPDL3B,ENSG00000130768,chr1,27924999,27969157,242,0.4636543342871454,0.5624117397991059,0.5045292360076886,0.4660846607988379,0.48740736148798014,0.37360317649212715,0.39286051155463336,0.4528736794365907,0.4336163443740846
XKR8,ENSG00000158156,chr1,27949587,27978093,140,0.5960596828153928,0.6275245594300712,0.6340557909234065,0.5558422693780699,0.5590962298283977,0.4443989624750765,0.490115534802808,0.5431852122169096,0.497468639889178
EYA3,ENSG00000158161,chr1,27960343,28098637,526,0.32339784246546815,0.3686665372497216,0.3777343758160128,0.31910689830849115,0.4614968294244178,0.18810234694560735,0.11265457600476547,0.27181874196875544,0.3472665129095973
PTAFR,ENSG00000169403,chr1,28137165,28203936,267,0.1986104392356937,0.2036973967367444,0.2052778826479754,0.21269862741197534,0.21546894278028358,0.10971067714308907,0.11212552843335563,0.11806533338187718,0.1156504820916106
DNAJC8,ENSG00000126698,chr1,28189455,28243029,258,0.3100572553146152,0.25830125724165465,0.18291221126858284,0.31441203370478116,0.16831287722433483,0.23397502576282178,0.24599581300482617,0.0648370995593433,0.05281631231733888
ATP5IF1,ENSG00000130770,chr1,28226108,28256906,162,0.33941327652021147,0.26008928759449956,0.1612282494562364,0.3039630907238429,0.12854137484280445,0.2700179819666119,0.2629957289372209,0.03120777700866767,0.03823003003805869
SESN2,ENSG00000130766,chr1,28249517,28292491,199,0.21884117702072103,0.13826790470020872,0.05731103600712487,0.24048289143447074,0.0975233210785917,0.16838437740692624,0.16063542620565682,0.0,0.0
MED18,ENSG00000130772,chr1,28319001,28345965,131,0.31492013738944585,0.2801355183715716,0.2524370645543563,0.267370567687635,0.24769917776765674,0.2079876908629529,0.1775942767437579,0.12070461378519903,0.15109802790439406
PHACTR4,ENSG00000204138,chr1,28359581,28510364,729,0.22163699357380084,0.26494562539172206,0.10131430215200107,0.24670726025871767,0.15209720726613252,0.22577557956045569,0.21306144230537105,0.08203522388627879,0.0947493611413634
RCC1,ENSG00000180198,chr1,28495942,28549300,242,0.2839566477460963,0.2102721414496459,0.1716564800277656,0.32155104947814206,0.22011426585429855,0.19087705514421274,0.18770252613461258,0.045189820572356265,0.048364349581956456
TRNAU1AP,ENSG00000180098,chr1,28543084,28588545,127,0.30769720253162497,0.21204411070026552,0.258879674829738,0.3002399518023712,0.27192186018587905,0.1532263672441894,0.13899202904717767,0.08508680149292008,0.09932113968993181
TAF12,ENSG00000120656,chr1,28579322,28653085,235,0.2711312108357334,0.23788788923205462,0.2558331743229216,0.27877883590746955,0.2633694073032038,0.14621655825194507,0.14640115300911696,0.1254450488736058,0.12526045411643388
RAB42,ENSG00000188060,chr1,28582199,28605449,69,0.21718449756160954,0.21340080265224218,0.04588151253086784,0.22484183470302302,0.09042364001653418,0.21896363233665828,0.19997414962071236,0.0210728070554122,0.04006228977135812
GMEB1,ENSG00000162419,chr1,28658777,28729353,236,0.5054087980311859,0.6951415492454043,0.5721006148516272,0.3884698935026662,0.4901600354627935,0.5215321128747343,0.5030201998371715,0.6663755931123896,0.6848875061499526
YTHDF2,ENSG00000198492,chr1,28726620,28779775,224,0.44427685583874615,0.5530362754167982,0.5004720639645289,0.45228055644778703,0.48820742409547074,0.3493355685814041,0.3687170334791379,0.45594227213796584,0.43656080724023205
OPRD1,ENSG00000116329,chr1,28802141,28881267,476,0.42156000602318916,0.5318448827426383,0.4628913528976576,0.3921926267778487,0.4773807489236161,0.34241058645562744,0.30397538448167777,0.41654500439421416,0.45498020636816383
EPB41,ENSG00000159023,chr1,28877090,29130046,1027,0.43058000444221384,0.4344305491867871,0.4252815022872967,0.3760087667485252,0.4071530467223985,0.28959211923161393,0.2593610678213101,0.28033005862613053,0.3105611100364345
TMEM200B,ENSG00000253304,chr1,29109428,29133903,122,0.5006890966250337,0.3860936836707318,0.4056667535655284,0.5115049103970623,0.4211458864211174,0.3310620850685307,0.3288170026982725,0.15685085667615756,0.1590959390464156
SRSF4,ENSG00000116350,chr1,29137742,29191900,187,0.43328592838151897,0.48768966636405975,0.44341309576804083,0.5400961116211631,0.40698529005066486,0.3253965720837904,0.4615131962532676,0.34342814509291,0.2073115209234328
MECR,ENSG00000116353,chr1,29182656,29240942,227,0.4285901828909324,0.5101526277752566,0.4073486084483728,0.5807204609305934,0.4488708276259235,0.3750805523721829,0.49354639039923814,0.3385808692825159,0.22011503125546072
PTPRU,ENSG00000060656,chr1,29226515,29336813,558,0.36975624562432136,0.3566806068726569,0.27305821199640334,0.3827365700891339,0.32275467693484194,0.29192685062191853,0.26692582211371807,0.1491871040781414,0.17418813258634191
MATN1,ENSG00000162510,chr1,30701276,30733585,210,0.2706284129822663,0.27348368331564005,0.17480437334096133,0.3129806466644115,0.19907891506753428,0.22146574733153104,0.23644714791579702,0.09802858958846933,0.08304718900420335
LAPTM5,ENSG00000162511,chr1,30722468,30767774,280,0.3103270789313105,0.32926107452166153,0.2602046466351761,0.32730451383802395,0.2868447517746115,0.23476572057184594,0.228890840824347,0.16460957989559208,0.17048445964309092
SDC3,ENSG00000162512,chr1,30859465,30918758,376,0.455415964557379,0.5086566884053508,0.4653930302844229,0.3587326057780604,0.4261980349776728,0.3460608809569409,0.2997249965394938,0.3645513056129616,0.41088719003040886
PUM1,ENSG00000134644,chr1,30921505,31075991,528,0.37290907983809224,0.35689939250940345,0.348823736552374,0.3556135445292615,0.29654982406887576,0.23957146320230405,0.2645762599373216,0.201882638010949,0.17687784127593154
NKAIN1,ENSG00000084628,chr1,31169744,31249887,511,0.4210722707154892,0.27312891753411495,0.3252977086374343,0.5196690184490036,0.38862761112378524,0.23605001956749996,0.28011849102710196,0.08295612571305389,0.038887654253451864
SNRNP40,ENSG00000060688,chr1,31249567,31306788,297,0.3339838500747638,0.2905294901783915,0.2856996202429786,0.5138323751571053,0.4081958668406315,0.2066130012029735,0.2699293002253971,0.13662334677636595,0.07330704775394237
ZCCHC17,ENSG00000121766,chr1,31286981,31374953,443,0.33149924984442036,0.30638659417641095,0.22993126269842562,0.49111405363600036,0.3570645616987604,0.25364139360568333,0.2998304602563715,0.11219913220822203,0.06601006555753391
FABP3,ENSG00000121769,chr1,31355252,31386850,178,0.3543606473593451,0.35633051543922395,0.2880854179418766,0.429043935492068,0.36901670986314705,0.2691433861537111,0.2702685130549913,0.17142652119965074,0.17030139429837055
SERINC2,ENSG00000168528,chr1,31399564,31444680,267,0.46430958401172545,0.3650260290240165,0.3955248999084973,0.49145133805624996,0.3628902984390001,0.28748766885743204,0.3397761101334081,0.16668360266115284,0.11439516138517686
TINAGL1,ENSG00000142910,chr1,31566484,31597686,74,0.46217702134705374,0.45817437246922277,0.4076190540923857,0.5297365844524369,0.4661920417003453,0.3547157486570533,0.3697770995184144,0.25809530107147555,0.24303395021011442
HCRTR1,ENSG00000121764,chr1,31607685,31642518,170,0.34988211397791397,0.19796637731870886,0.32371140885903615,0.4004033581338547,0.3621836572656245,0.130035466905009,0.1411989803568288,0.09056928154662361,0.07940576809480382
PEF1,ENSG00000162517,chr1,31619865,31654896,157,0.30757597001566467,0.048701456827334885,0.26885824820791787,0.3752271298891749,0.351106115671324,0.05216808398943981,0.04390418061039861,0.0,0.006023159567348058
COL16A1,ENSG00000084636,chr1,31642262,31714319,373,0.419179862588681,0.3154901414445699,0.38202618641069286,0.41632536479289933,0.37691705550926835,0.2205285903794651,0.22219409143222807,0.1585236414133407,0.1568581403605777
ADGRB2,ENSG00000121753,chr1,31717116,31774893,219,0.38325079185103395,0.2754643343880731,0.2599503312225258,0.367496401375129,0.27374895460534604,0.25223956147561954,0.23021706401563255,0.06998472905967404,0.09200722651966098
SPOCD1,ENSG00000134668,chr1,31780421,31826051,228,0.49233285153968975,0.5202672921553297,0.45670656530280324,0.42457569238440596,0.5274750950051998,0.4011748724711019,0.26875447420866455,0.3333513163694004,0.46577171463183775
PTP4A2,ENSG00000184007,chr1,31896420,31954856,261,0.31854054507577423,0.4223036758563075,0.3773325564370341,0.2484795648882216,0.409794126828383,0.2292413807254586,0.15353997574537714,0.3194655584052421,0.3951669633853236
RP4-534N18.5,ENSG00000288678,chr1,31909562,31929628,93,0.29256113444679177,0.5447384138287487,0.5614586669846799,0.2523028331227089,0.5542328042328042,0.15434298063977653,0.1348409524211971,0.6325401299294393,0.6520421581480187
KHDRBS1,ENSG00000121774,chr1,32003867,32070850,228,0.32106198322317725,0.12583531243916685,0.3331108016536139,0.2820718829571948,0.31795994174440073,0.05829028336021555,0.04160271772021118,0.07619620801356247,0.09288377365356681
TMEM39B,ENSG00000121775,chr1,32062030,32112866,193,0.268292320550931,0.32203004595928253,0.24319441737968636,0.2549350699099789,0.3576432784277528,0.2111888063669361,0.12016236449483644,0.1774635012309325,0.2684899431030321
KPNA6,ENSG00000025800,chr1,32098055,32186563,307,0.21147064609220428,0.2883747275860923,0.22235490346173512,0.27520728871751665,0.2809030358017506,0.16315221082443385,0.166157159418029,0.17705159808110954,0.17404664948751436
TXLNA,ENSG00000084652,chr1,32169674,32208285,114,0.08645517658854021,0.16518309382311513,0.14029139407529148,0.09752817953171136,0.20140567990108738,0.059901955669155946,0.02912923431710107,0.12064089654585158,0.15141361789790647
CCDC28B,ENSG00000160050,chr1,32190594,32215453,79,0.17480499593197166,0.19991611494743836,0.15219602494163242,0.1653803006730617,0.22239949211256338,0.12503421055320074,0.0761377177974007,0.09800448994234612,0.14690098269814617
IQCC,ENSG00000160051,chr1,32195670,32218682,70,0.15573735192346672,0.21307075594297942,0.14250975057628812,0.18115551846743336,0.22388113891699646,0.12758155397930265,0.09301422143754587,0.11203538652680145,0.14660271906855826
DCDC2B,ENSG00000222046,chr1,32199088,32226192,85,0.15105472977111709,0.1832625016727347,0.17075126942112667,0.1608316971164429,0.2772560210771936,0.0894814809094568,0.026540649783065556,0.11295605431744477,0.17589688544383597
TMEM234,ENSG00000160055,chr1,32204471,32232359,91,0.20080237497202943,0.22729405444843992,0.19615898087828823,0.15717585930482986,0.2957856880277128,0.13182498306488546,0.03909055741983694,0.12603172649254946,0.21876615213759798
EIF3I,ENSG00000084623,chr1,32211076,32255397,123,0.2934496658539258,0.35470043479911906,0.20032225336930917,0.40252145420731805,0.36315582762494936,0.2809275068416227,0.2509236247938804,0.1571131209927162,0.18711700304045853
FAM167B,ENSG00000183615,chr1,32237221,32258856,49,0.11807176471198569,0.27206586182533105,0.21366466345023472,0.21350127646472725,0.3705930046241273,0.10140867794295337,0.04736585190735704,0.21613602647540336,0.27017885251099966
LCK,ENSG00000182866,chr1,32241238,32296165,108,0.4668375894316567,0.5232632903197819,0.37815502307270255,0.4404155355838829,0.22843512311422348,0.4473278261176218,0.5310085957462884,0.2934630856887207,0.20978231606005426
HDAC1,ENSG00000116478,chr1,32282082,32343635,154,0.3217607151670836,0.206430240262231,0.11782460609752722,0.32748933185245804,0.12225529208010438,0.24705228564253748,0.2487758200137993,0.0,0.0
MARCKSL1,ENSG00000175130,chr1,32323838,32346233,0,,,,,,,,,
TSSK3,ENSG00000162526,chr1,32341520,32374312,107,0.2923426866689831,0.4747157765500308,0.6150986933120339,0.3308447149406558,0.6086555834454995,0.01742139212211785,0.05369383475582212,0.6263943927606539,0.5901219501269497
FAM229A,ENSG00000225828,chr1,32351269,32374278,92,0.3794829629691969,0.5159597607395324,0.6498953803947414,0.17738119790657111,0.6302746022688079,0.07663309926108941,0.0,0.6489541374923602,0.7626597936983486
BSDC1,ENSG00000160058,chr1,32354632,32404731,176,0.3778375894405481,0.4192546175541276,0.6095456390242768,0.3654256801178498,0.5936763748902001,0.03877638932492028,0.048819197468005004,0.5046664690570382,0.4946236609139533
RP1-27O5.3,ENSG00000254553,chr1,32455056,32610792,753,0.18856380731573807,0.3511961304528308,0.3708554147354517,0.15352363138227113,0.32479645702645193,0.0890900763005166,0.10327835899734739,0.34353473573795434,0.3293464530411236
ZBTB8B,ENSG00000273274,chr1,32455071,32506686,221,0.19658864917721533,0.291365316060182,0.32644449629225253,0.1934712352536614,0.30653100484011186,0.08405934680556368,0.0966910542610489,0.2603557938081344,0.24772408635264914
ZBTB8A,ENSG00000160062,chr1,32529426,32615941,432,0.24450055107747865,0.2830732704842859,0.3403867142595824,0.22499927276259227,0.266442757336862,0.09852815713348875,0.13891165060689303,0.2342534768254705,0.19386998335206623
ZBTB8OS,ENSG00000176261,chr1,32590171,32660903,345,0.5044492014091557,0.4529614647179943,0.5095271273418499,0.5816617820637046,0.5819185247376736,0.29646806712036183,0.30131106094172544,0.3067679635079937,0.3019249696866301
RBBP4,ENSG00000162521,chr1,32641141,32696211,273,0.7151269600368154,0.6490033579207994,0.7396767165082079,0.7687051053318769,0.7800312249556499,0.47842963588367327,0.49838536514755416,0.5685489864042836,0.5485932571404026
SYNC,ENSG00000162520,chr1,32669905,32713596,200,0.6549272022530823,0.6215398488252316,0.7382578903674962,0.7398225698295271,0.8012751760325223,0.3476243972252925,0.35110087210268837,0.6240200953338699,0.620543620456474
KIAA1522,ENSG00000162522,chr1,32731829,32784970,180,0.6339845576214186,0.6505464191384362,0.5902874245971726,0.5938099426199505,0.630658770223805,0.582082447714225,0.4781421644770577,0.4693020942615945,0.5732423774987616
YARS1,ENSG00000134684,chr1,32765236,32827380,196,0.5340917252357242,0.5464169851079554,0.6171814992827269,0.45786033011894595,0.4809364378105185,0.2970745906525813,0.3735398284050679,0.4935023817404582,0.4170371439879716
S100PBP,ENSG00000116497,chr1,32806766,32868875,213,0.6177962204987257,0.6777524837310815,0.6864128038250628,0.5592760285552537,0.667105944208347,0.4672794416078552,0.4259204344270203,0.6651559030511938,0.7065149102320285
FNDC5,ENSG00000160097,chr1,32852267,32882482,121,0.646770695928009,0.731368461501513,0.6492647099185939,0.501428948002336,0.6200199858915635,0.6536644653403851,0.52139356487413,0.6607501183573922,0.7930210188236473
HPCA,ENSG00000121905,chr1,32875993,32908441,143,0.6050620045760284,0.7226729155966444,0.7438505504649549,0.568482212131052,0.7636520386185115,0.4247949708507016,0.3402770290268514,0.8577626884316294,0.9422806302554796
TMEM54,ENSG00000121900,chr1,32884593,32911438,120,0.6041991633890921,0.7878428252859458,0.6919242622090099,0.629873395237305,0.7100848712690818,0.6499311983096459,0.6530854936490796,0.9004966905337694,0.8973423951943356
RNF19B,ENSG00000116514,chr1,32926444,32974809,198,0.20350808957083175,0.2620478357498148,0.1455936085593081,0.27301385477903517,0.2215113634894651,0.1870331252338095,0.18616162460411853,0.11684314933781816,0.1177146499675091
AK2,ENSG00000004455,chr1,32997939,33090996,377,0.2907192718021656,0.35305360385016876,0.2903417018421931,0.25842564814848273,0.321489692190329,0.2180120120392452,0.1733080401013184,0.2174798257199308,0.2621837976578575
AZIN2,ENSG00000142920,chr1,33071103,33133492,280,0.3487190189829152,0.34434767317931997,0.341201715466333,0.2842894085586816,0.36038943377245064,0.21680042547683287,0.15485411883114383,0.20532419465796903,0.26727050130365804
TRIM62,ENSG00000116525,chr1,33135398,33192059,337,0.5241655452291981,0.7101673893981884,0.60586191121017,0.5594777390694523,0.6434827805263056,0.5250415224403504,0.5134366439650693,0.7134102050294384,0.7250150835047193
ZNF362,ENSG00000160094,chr1,33246491,33310719,259,0.5943188649873252,0.6877739742309704,0.6267049695194262,0.5382353662343519,0.6073373271007476,0.540414758015608,0.5009617529747002,0.6236131538707724,0.6630661589116802
A3GALT2,ENSG00000184389,chr1,33296765,33331098,138,0.49297502390226194,0.5823968883943372,0.4790881784943416,0.44348818426720477,0.48295110625069143,0.45012215263003924,0.39983641532488023,0.423101638648443,0.47338737595360214
PHC2,ENSG00000134686,chr1,33313622,33441095,609,0.4863660560329239,0.5764716018257523,0.44977303522515305,0.4419372277382099,0.4351727599282574,0.4639773635488809,0.43559158734726966,0.39515734768788224,0.42354312388949344
ZSCAN20,ENSG00000121903,chr1,33462644,33511643,204,0.4839990595425708,0.3490737039582314,0.37460249457650313,0.49408382870986994,0.31353707939567727,0.3108188639415589,0.36727004252634565,0.11853999576718471,0.06208881718239795
CSMD2,ENSG00000121904,chr1,33503997,34175842,0,,,,,,,,,
HMGB4,ENSG00000176256,chr1,33850474,33874791,121,0.5917563767462689,0.5546492937262169,0.49105093864360566,0.45028131608856425,0.3560599335416797,0.5146885134116415,0.483546098455973,0.29420468980910264,0.32534710476477124
C1orf94,ENSG00000142698,chr1,34156882,34229131,448,0.3980274415781576,0.41790946484826397,0.3903849428816387,0.35070238678288346,0.36545166698005516,0.2768725642402402,0.2590757801595122,0.26425672042849696,0.282053504509225
SMIM12,ENSG00000163866,chr1,34702736,34869755,1006,0.3705627241190715,0.5894493360444598,0.5310458407734975,0.35762100671063624,0.4742949955693421,0.2979673761982354,0.3449088515958563,0.5922885613961155,0.5453470859984947
GJB5,ENSG00000189280,chr1,34745046,34768512,158,0.35614119156377005,0.4384367632146425,0.3893160507762957,0.3401605817656014,0.3836190733414761,0.2620654933825137,0.25444977505492994,0.3149653965952579,0.3225811149228417
GJB4,ENSG00000189433,chr1,34749739,34772327,135,0.2969154098407702,0.33691525035354397,0.1808038108656169,0.26963400108864777,0.15233070133165283,0.28184942990782114,0.27989863715935775,0.12900303953664502,0.13095383228510835
GJB3,ENSG00000188910,chr1,34771213,34796369,150,0.2940978140762157,0.4780286781089187,0.3760635835209287,0.29337883119242614,0.3282938682554369,0.26335720848977373,0.2997344396393302,0.38678542302489605,0.35040819187533945
GJA4,ENSG00000187513,chr1,34782998,34805747,147,0.36166345138928846,0.27600841903550205,0.2226819672474832,0.3445925769402805,0.27590554828669156,0.25997972021482113,0.21132014750545614,0.06299579495128582,0.11165536766065076
DLGAP3,ENSG00000116544,chr1,34855435,34939650,397,0.4257150030896487,0.5812545334944655,0.4810212462869347,0.4284682062425254,0.5166489325693496,0.384614592059957,0.35145757282855766,0.4858774300969483,0.5190344493283476
RP11-244H3.5,ENSG00000284773,chr1,34964355,34995313,121,0.2768649827160694,0.1660660517568043,0.020895662089691944,0.14958327990768044,0.06660391983169082,0.24232167037280222,0.13735211210864012,0.0,0.04424896640030257
RP11-244H3.4,ENSG00000271741,chr1,34971532,35041741,323,0.3958623999329683,0.2805681600862324,0.14119890775234348,0.4942323697380977,0.24875927352707541,0.340514420439721,0.36247114814042036,0.0,0.0
TMEM35B,ENSG00000243749,chr1,34971534,34995353,99,0.3363225288064568,0.2402511951115303,0.027039678157419818,0.43508881992889537,0.0685586130339431,0.3286572135318926,0.3874160848138709,0.0,0.0
ZMYM6,ENSG00000163867,chr1,34976164,35041945,301,0.44546318486834696,0.29360794756330644,0.15814941718787603,0.5050306805243515,0.2119618852677956,0.38252711299252273,0.40631777920011275,0.0,0.0
ZMYM1,ENSG00000197056,chr1,35022171,35125859,530,0.5249195323733606,0.6204940926620848,0.5851399458093065,0.746234815568354,0.6420224025816941,0.41667108274245945,0.6564730774341326,0.5522140334173302,0.3124120387256569
SFPQ,ENSG00000116560,chr1,35166377,35203145,209,0.32874572338496333,0.3628329851883898,0.3799646444527999,0.4482182668352948,0.423482598016943,0.18567597634201918,0.2472882178986835,0.2650474917764971,0.20343525021983278
ZMYM4,ENSG00000146463,chr1,35258708,35432058,851,0.4456262743689842,0.31570043821717453,0.3838741868063521,0.5722333356435426,0.4925007950643979,0.2424858159878079,0.27513838775754285,0.1368736854235943,0.10422111365385933
KIAA0319L,ENSG00000142687,chr1,35423491,35567950,583,0.2768461621853999,0.24108314340123316,0.20980228038257026,0.3068444045319793,0.2610634894104725,0.1822621332466054,0.16991027856038884,0.09360091768834583,0.10595277237456233
NCDN,ENSG00000020129,chr1,35547472,35577274,116,0.2423406467753535,0.21801984624926077,0.19824937459318287,0.33290758497531203,0.22007616698459373,0.15124482683333634,0.20109679647557804,0.0946810907609095,0.04482912111866777
TFAP2E,ENSG00000116819,chr1,35563313,35605328,210,0.19277997596884636,0.1884890243732687,0.11261769125899214,0.24757461000021116,0.14362493157718817,0.15176849709307855,0.16913198451239655,0.05708886991591751,0.03972538249659954
PSMB2,ENSG00000126067,chr1,35589540,35651526,361,0.5023653313462751,0.6788849303659833,0.6761961158315937,0.7295478198086963,0.751908440698712,0.35311378686423534,0.5248291584188808,0.7828419608436443,0.6111265892889989
C1orf216,ENSG00000142686,chr1,35703876,35728894,99,0.632779857230187,0.61387520198331,0.5895591536506682,0.6796938891785435,0.628734033883874,0.5314324778065465,0.5496181057741872,0.4201621730404068,0.40197654507276614
CLSPN,ENSG00000092853,chr1,35710217,35779978,230,0.549128004526537,0.4222361758776182,0.5591547481116733,0.5749316799154846,0.530529967873393,0.26305026914160273,0.323972330363835,0.2855398334562805,0.22461777223404822
AGO4,ENSG00000134698,chr1,35798015,35867890,220,0.526676965520701,0.5004203092466649,0.6065966884699726,0.5595966891180466,0.6219547585521343,0.25452268632995356,0.2706555523406825,0.4394654662411769,0.4233326002304479
AGO1,ENSG00000092847,chr1,35859807,35940532,280,0.24535520099441338,0.2601424471380893,0.20495901677424447,0.2528479992454963,0.20291923104549564,0.1767220491733902,0.1829924881460882,0.12457555827284308,0.11830511930014503
AGO3,ENSG00000126070,chr1,35920717,36082500,644,0.5082170907541849,0.3416470928862849,0.3842624860720224,0.5512929972468052,0.40531424738608324,0.3213987698269843,0.34983857898592785,0.09661538860540653,0.06817557944646302
TEKT2,ENSG00000092850,chr1,36074093,36098275,131,0.5346629671356257,0.4852007346861768,0.5531299248393966,0.6930249671658123,0.7036551394708712,0.31174208912710694,0.3143678289480454,0.35223614126340264,0.34961040144246414
ADPRS,ENSG00000116863,chr1,36078891,36103932,134,0.576009837654417,0.5868874328552033,0.5597726436311592,0.6504725563163485,0.6771685255690818,0.46080811150877843,0.40229175913518334,0.4232270519773341,0.4817434043509292
COL8A2,ENSG00000171812,chr1,36085238,36135222,221,0.5686420007387428,0.6467489492408105,0.654308687422119,0.632476940354022,0.7059009761674436,0.4095920647390128,0.4088533726196225,0.6309842181346044,0.6317229102539944
TRAPPC3,ENSG00000054116,chr1,36126569,36166053,161,0.5033171887087231,0.5920819108351092,0.5080307330385458,0.5768457975711162,0.5961474441631442,0.44357675995058427,0.42500103988292953,0.45311212663350703,0.4716878467011617
MAP7D1,ENSG00000116871,chr1,36145578,36190849,213,0.44686366903128766,0.5739250105942585,0.5459464118561028,0.5032120126919098,0.5872388013559615,0.32787532122551,0.3339228903810121,0.5252645955101009,0.5192170263545988
THRAP3,ENSG00000054118,chr1,36214431,36315357,445,0.6732982612077709,0.7686278102360365,0.772817114444501,0.7462816903207783,0.802880222552632,0.5502176847174652,0.6056572853496257,0.9135099692515201,0.8580703686193596
SH3D21,ENSG00000214193,chr1,36296367,36339340,153,0.5641938376506922,0.699597464486855,0.7589412223392424,0.6315830692049278,0.8118944742690241,0.3052375752041542,0.26520988507023624,0.8973943434670824,0.9374220336010004
EVA1B,ENSG00000142694,chr1,36312029,36334154,75,0.5965579063095231,0.8119072818066633,0.7883871218967669,0.6484063413194558,0.7494939716624133,0.51277292361489,0.665913555630467,1.15804733223206,1.0049067002164829
STK40,ENSG00000196182,chr1,36329623,36395924,287,0.2604264043241552,0.30166074020986094,0.3225022496605019,0.26935780205379717,0.36754595518897576,0.13569134145722594,0.10736696983354962,0.22335890729980204,0.25168327892347836
LSM10,ENSG00000181817,chr1,36381237,36407908,171,0.22700611224918485,0.31539401726158944,0.24486082336471424,0.24561029598699002,0.25166846766162054,0.17777137234693438,0.18542441770790893,0.20114044154953395,0.19348739618855942
OSCP1,ENSG00000116885,chr1,36405826,36460451,309,0.20768103941895513,0.3154673991894186,0.3170716042347143,0.16480705962651016,0.27864427991122775,0.11522249285056332,0.11624431489219275,0.263796515348631,0.2627746933070016
MRPS15,ENSG00000116898,chr1,36445717,36474384,194,0.2546682010664078,0.32057075820422687,0.33687926154935477,0.18528279111936818,0.27760060084391064,0.13481488975904363,0.13311964193683182,0.25168729380497207,0.25338254162718393
CSF3R,ENSG00000119535,chr1,36456042,36493278,222,0.36452865314976163,0.42080014785433506,0.3343258768811024,0.26383728828458436,0.349904997879566,0.2962704686525014,0.21088751625331345,0.24983722453153018,0.3352201769307181
GRIK3,ENSG00000163873,chr1,36785526,37044515,1782,0.4296805475825305,0.4364463281625272,0.47759787851180185,0.46902382348163274,0.45137084106901637,0.24286684754272264,0.3030991382344463,0.33062585522384785,0.2703935645321242
ZC3H12A,ENSG00000163874,chr1,37464579,37494377,173,0.5285995367381445,0.5717033923444587,0.538368828228066,0.4557126849219402,0.5528304058415803,0.4134987921950928,0.3256999913315886,0.434440522683798,0.5222393235473022
MEAF6,ENSG00000163875,chr1,37479992,37524766,241,0.34971343810384287,0.5228993404604789,0.4050388231666266,0.4249164949865735,0.4214217671118306,0.3255554041362791,0.3730431496143052,0.4144723799321277,0.3669846344541016
SNIP1,ENSG00000163877,chr1,37524448,37564293,211,0.3102921957303103,0.5804543993162744,0.4610770299809765,0.3882429812870709,0.5250410710006526,0.3109438343097044,0.30773810806062635,0.5576392222086716,0.5608449484577496
DNALI1,ENSG00000163879,chr1,37546918,37576857,157,0.2417401660473239,0.5092729925599007,0.44507015733903,0.3192265712431847,0.47718273390381755,0.1998414395897235,0.22393487957416253,0.512025859213,0.487932419228561
GNL2,ENSG00000134697,chr1,37556815,37605937,258,0.2915534930069979,0.6225098226921116,0.523606215394837,0.38205991930089794,0.530246839440616,0.28869048365463107,0.35001330074636566,0.6855202473534172,0.6241974302616825
RSPO1,ENSG00000169218,chr1,37601349,37644892,204,0.36080157655287304,0.6306354487973509,0.5846218463894577,0.406264207473623,0.5955762756435441,0.28247278492154476,0.30599995165381144,0.7134983940765824,0.6899712273443157
C1orf109,ENSG00000116922,chr1,37671569,37702249,181,0.3146189522394212,0.5484177836874801,0.43674491456696196,0.3227427600236728,0.45781907462365773,0.2993777385366141,0.28627320600113193,0.4956200882356576,0.5087246207711398
CDCA8,ENSG00000134690,chr1,37682480,37719719,217,0.2670081447209227,0.43814945047018833,0.3629114545309913,0.25545523223410777,0.3709725482055386,0.21814672500399734,0.2039606541116623,0.35837266555260283,0.37255873644493764
EPHA10,ENSG00000183317,chr1,37703879,37775133,442,0.24385297616369217,0.5423410268487988,0.5058614619741999,0.3027385894786913,0.45709760453110027,0.17810552915036637,0.26570006708820426,0.6035254431764789,0.5159309052386412
MANEAL,ENSG00000185090,chr1,37783846,37811137,102,0.4094267201674417,0.338773971065616,0.3000410880184752,0.3962206506364923,0.36461655877077126,0.29179372894043043,0.23233969657281756,0.12186581866521373,0.1813198510328266
YRDC,ENSG00000196449,chr1,37792944,37818208,74,0.3844278163119471,0.3483400258557413,0.26169413300417166,0.3622097713693151,0.3714394848848631,0.30501917127451506,0.20682761974614391,0.12321319386435836,0.22140474539272956
C1orf122,ENSG00000197982,chr1,37796978,37819454,62,0.42413121084158945,0.3706633933938485,0.355868482168693,0.40608117857194115,0.3178846090777908,0.2875560535630818,0.30077260622740537,0.17553296622021625,0.1623164135558927
MTF1,ENSG00000188786,chr1,37799573,37869592,262,0.44708356736251037,0.46720004074759863,0.34406285458123315,0.45466551065806343,0.36323911108625856,0.40023366598105864,0.39230205120128986,0.22937557025312771,0.2373071850328965
INPP5B,ENSG00000204084,chr1,37850696,37957057,436,0.457984426342862,0.5021782960336892,0.3903013020590591,0.5138820514152349,0.4168674772918315,0.4075917264270167,0.43973823770386733,0.2899215638004545,0.25777505252360394
SF3A3,ENSG00000183431,chr1,37946974,38000075,251,0.5157434211825741,0.7021477667996249,0.5592471329847822,0.6098380214299293,0.6467940399703195,0.5585136077688718,0.5558235687995678,0.6526441694316585,0.6553342084009626
FHL3,ENSG00000183386,chr1,37986769,38015606,135,0.5312648658189247,0.5483836335862444,0.5168268999487683,0.5085046860615452,0.48089491882937757,0.41262965901208665,0.4247880661416158,0.382292547399602,0.3701341402700728
UTP11,ENSG00000183520,chr1,37999257,38034820,143,0.4503364521868694,0.40347077251448377,0.37996783114287996,0.4326711595580652,0.3824451198190968,0.3185460212490363,0.3007279392831739,0.1980810190962345,0.21589910106209698
POU3F1,ENSG00000185668,chr1,38033828,38056793,87,0.16660240480602242,0.3024241753376135,0.3113209652671224,0.16101777099746925,0.33661241243394596,0.08470427442095657,0.06265697646508683,0.2754397875806903,0.2974870855365601
RRAGC,ENSG00000116954,chr1,38828197,38869772,221,0.4192578210046522,0.26579987195192656,0.2933850108113151,0.5437486791532646,0.28162258922106803,0.25257633842424754,0.38146245315792365,0.05639729509027652,0.0
MYCBP,ENSG00000214114,chr1,38852492,38883368,133,0.35458337909531984,0.266735364134232,0.1998532541320528,0.47662379839476793,0.3514194024398106,0.26257386103902414,0.26236718496472644,0.04767475001776933,0.047881426092067025
RP5-864K19.6,ENSG00000274944,chr1,38854500,38891617,168,0.38023586886527083,0.24738848883737732,0.17916277701249855,0.47310274996744006,0.30891937283633536,0.28259597838796363,0.27772852325405273,0.0016101273583140618,0.006477582492224965
GJA9,ENSG00000131233,chr1,38864068,38891587,133,0.3621688953760211,0.20086459750750554,0.1858738850529373,0.4712564913121633,0.27727087586429916,0.23413332349594357,0.2683779627993638,0.0,0.0
RHBDL2,ENSG00000158315,chr1,38875806,38951830,429,0.3626566450235918,0.29438301917952076,0.2254169115157655,0.4385661466156822,0.30978410341560847,0.271849556949358,0.27759659360697053,0.07683315184111283,0.07108611518350028
AKIRIN1,ENSG00000174574,chr1,38981275,39016059,229,0.37952688574755894,0.3225721663152637,0.3846598272599108,0.4063139351099081,0.39582891959573563,0.1905726086018023,0.20347949230661616,0.19887964184649662,0.1859727581416828
NDUFS5,ENSG00000168653,chr1,39016317,39044636,179,0.3139072227576426,0.17545577080959204,0.28646288236924267,0.508774852129503,0.4765212044236131,0.11607304493311274,0.12825922341296553,0.07685144983694778,0.06466527135709499
MACF1,ENSG00000127603,chr1,39071315,39497177,1696,0.48161307327929775,0.4780591060424944,0.5096656169230822,0.5047933234370692,0.5215291874574649,0.29728328704127654,0.30791046742518113,0.35291764043568263,0.3422904600517781
BMP8A,ENSG00000183682,chr1,39481635,39539869,14,0.3215429275279402,0.11052035144342838,0.25119209869372094,0.3430764117883823,0.4029914459750111,0.10788995992725703,0.010741192896625174,0.00922869185483488,0.10637745888546676
PABPC4,ENSG00000090621,chr1,39550708,39586790,140,0.5875142982630459,0.2558951382014263,0.34611247992262656,0.4219244339593793,0.24911692541985703,0.3781535585506019,0.27855933012748874,0.0,0.01701398067547416
HEYL,ENSG00000163909,chr1,39613434,39649643,152,0.43763837664004807,0.4810672613945719,0.4218748982152229,0.42337490829744945,0.3940099877114545,0.34181309285256867,0.35282610296389655,0.31416790942499334,0.3031548993136654
NT5C1A,ENSG00000116981,chr1,39641228,39682107,215,0.5372794957025719,0.5645127317804194,0.4107404576104781,0.4500533457153176,0.4493061198458663,0.5365166222013297,0.4163237600097027,0.29477309577304645,0.4149659579646734
HPCAL4,ENSG00000116983,chr1,39668647,39701485,211,0.4902268369290342,0.49413182828055885,0.3805656278353657,0.43772525029188825,0.3914153405493504,0.4381600420157989,0.380312297887346,0.24331913182149367,0.3011668759499465
PPIE,ENSG00000084072,chr1,39682181,39773914,461,0.39818908262591357,0.3567647945130644,0.2824924481331588,0.35848470705673147,0.25676453295794344,0.3085424976567519,0.29421235651249616,0.13270233005968585,0.14703247120394156
BMP8B,ENSG00000116985,chr1,39747181,39798865,249,0.3219947813630844,0.2400007625801901,0.2195082817314501,0.30726859634415776,0.1709358457022913,0.20760349658922372,0.2270465248318284,0.06683435250802691,0.047391324265422224
OXCT2,ENSG00000198754,chr1,39759522,39781348,81,0.3579062889147079,0.254140294819024,0.23852326527629256,0.26698120617640647,0.21586035648991064,0.2318715593634085,0.18031676964122634,0.06134619986107179,0.1129009895832539
TRIT1,ENSG00000043514,chr1,39828109,39893511,319,0.3523476435641773,0.33275436365520294,0.24746068857759446,0.30516476416018457,0.2402058863066514,0.277348100710462,0.24698488864942517,0.1272489297689398,0.15761214182997665
MYCL,ENSG00000116990,chr1,39885425,39912256,125,0.3514377401962552,0.36732701497473796,0.27973418072670786,0.38391980408257315,0.2452046737197595,0.2813319669792467,0.33043553995115993,0.17646963468282562,0.12736606171091241
MFSD2A,ENSG00000168389,chr1,39945111,39979968,187,0.42068913957874077,0.4704333175047046,0.38008780197549813,0.40432387549698184,0.3459957342221338,0.3517174067691224,0.3645564784840875,0.2839787802653716,0.2711397085504065
CAP1,ENSG00000131236,chr1,40030232,40082649,363,0.2459006655262491,0.27103461714498056,0.22355834139304678,0.34218095040816837,0.2785372606682015,0.172663218600785,0.2042399372768722,0.14346581529576372,0.11188909661967655
PPT1,ENSG00000131238,chr1,40062709,40107260,301,0.45356037244956066,0.42706105184614623,0.4145538994404826,0.5078805782602468,0.3831764899775773,0.31296320346405293,0.3914188195792181,0.24401291220446997,0.1655572960893048
RLF,ENSG00000117000,chr1,40151386,40250921,473,0.2011122739835355,0.14635389032869922,0.1651749839254627,0.2219522497014326,0.1503948151624847,0.10112014304991004,0.12311120885635347,0.05711841951313219,0.03512735370668876
TMCO2,ENSG00000188800,chr1,40235946,40261684,109,0.19238864144563422,0.15023829038665268,0.19809718157519565,0.2555347510800384,0.2045796211751844,0.0778528930017003,0.11450194488287128,0.0849464174304916,0.0482973655493206
ZMPSTE24,ENSG00000084073,chr1,40248040,40304180,262,0.3069292833314781,0.25976628356753195,0.2128080713392623,0.26935767107621345,0.25209805450930695,0.21406468192657374,0.1620685701034202,0.08672462770524744,0.138720739528401
COL9A2,ENSG00000049089,chr1,40290488,40327813,154,0.18193183837458157,0.1523670305162755,0.14719816046382572,0.10980906038034378,0.12668500923500414,0.10344455302532743,0.07308394109979179,0.061863002863129776,0.09222361478866542
SMAP2,ENSG00000084070,chr1,40334849,40433326,512,0.424680549919481,0.5320177442943042,0.4686289206074776,0.44597301448592036,0.4404198975003875,0.3399300277386768,0.3846490942888677,0.4193948712033809,0.37467580465319
ZFP69B,ENSG00000187801,chr1,40440101,40473718,108,0.17940268418006736,0.14534930837961138,0.1165104966422351,0.11276881422222024,0.1378937610910234,0.11545467163498802,0.06416768259744099,0.04160776970119466,0.09289475873874165
ZFP69,ENSG00000187815,chr1,40467289,40506343,78,0.45227537389973205,0.42916290476784297,0.36702627584188163,0.427784117761023,0.32086380923289687,0.3526538325394998,0.36597837681000045,0.20799757480836129,0.19467303053786067
EXO5,ENSG00000164002,chr1,40498740,40526038,118,0.4102565446696389,0.5092121212121212,0.356934888569249,0.30338995664602814,0.3951058280326572,0.3991508117445949,0.2852855040767303,0.31259245155197063,0.4264577592198353
ZNF684,ENSG00000117010,chr1,40521572,40558167,211,0.3011432664417126,0.42047863453175854,0.3165119301608857,0.2664581054709741,0.3113710531712961,0.26165809374921123,0.2411853117247259,0.28389465433510125,0.30436743635958663
RIMS3,ENSG00000117016,chr1,40610679,40675682,317,0.3373269033960911,0.30930999136885295,0.1789375372266933,0.39814985403313724,0.27814717647917214,0.2921907774127289,0.27593847688989986,0.07787339114860725,0.0941256916714363
NFYC,ENSG00000066136,chr1,40681647,40781603,495,0.5333348296012475,0.6042381107155366,0.5034669063212716,0.5053685577735194,0.5243729875579192,0.4944903264088688,0.4438817869668088,0.43245221185162713,0.48306075129368725
KCNQ4,ENSG00000117013,chr1,40773786,40850452,482,0.4270447641268558,0.5250984997777203,0.4094383654147832,0.4206167658693336,0.4150539828190493,0.3874571401304335,0.37710164037209637,0.35719072427386456,0.36754622403220155
CITED4,ENSG00000179862,chr1,40851053,40872363,134,0.23981755166911503,0.3834383783588568,0.26114697317589547,0.2690470983951044,0.28951747585287957,0.2275687796600611,0.22759616523322151,0.256028227712513,0.2560008421393526
CTPS1,ENSG00000171793,chr1,40969687,41022565,266,0.24799665816330246,0.42868343433523776,0.3338189287636568,0.30602149196122175,0.345834377502936,0.21931628084207197,0.25036569512774043,0.3404955363925043,0.30944612210683586
SLFNL1,ENSG00000171790,chr1,41005596,41033237,124,0.36419624726351685,0.44475950008746956,0.3376687169891161,0.36788984501800415,0.39111224925309435,0.31461491667552277,0.27546209224889956,0.27373900924615524,0.31289183367277845
SCMH1,ENSG00000010803,chr1,41017199,41252154,836,0.5699612116702066,0.5233378641575928,0.3996654935279936,0.5787822188565243,0.39590327013061666,0.5372794751405712,0.5507658443803997,0.20366787452661672,0.190181505286788
FOXO6,ENSG00000204060,chr1,41351921,41393590,181,0.4642699232406006,0.5739650994247406,0.5384180722712448,0.46696675098430623,0.452809391714638,0.3521315634016062,0.43972370483133416,0.5011024464339277,0.41351030500419966
EDN2,ENSG00000127129,chr1,41468774,41494683,186,0.4179211566302111,0.4714905047186772,0.4797589946643002,0.4219775481015667,0.5077781514719342,0.2626903875504106,0.23850566091565228,0.37500411980918186,0.39918884644394
HIVEP3,ENSG00000127124,chr1,41496364,42045925,3310,0.48052869575459795,0.6717893350259165,0.6305131708675423,0.45325012312150825,0.6263088209884052,0.3867015641952998,0.36676895144142063,0.7273980413081589,0.7473306540620381
RP11-486B10.5,ENSG00000284895,chr1,41575305,41638816,404,0.5000550549005828,0.7281357616855515,0.5911938742365797,0.43836432426021477,0.6231742454834431,0.5505977510483775,0.45169098812821024,0.751854710085471,0.8507614730056382
GUCA2B,ENSG00000044012,chr1,42143409,42165820,124,0.2775725338659927,0.32850406495842327,0.24160591570939904,0.31818199749254195,0.29536273323802187,0.22341672259722417,0.21558385401114255,0.1748305939893451,0.18266346257542673
GUCA2A,ENSG00000197273,chr1,42152689,42174745,129,0.3014013673561413,0.3362930556770788,0.25740133660386416,0.3784596609342107,0.39621491421519217,0.2354969712968052,0.19046603869813405,0.17441760454325814,0.21944853714192927
FOXJ3,ENSG00000198815,chr1,42166538,42345877,843,0.4491199547364622,0.47677144198646826,0.3889643450258064,0.48108784700443374,0.3985410611012732,0.3756875638978653,0.39768027937906797,0.2720493330717034,0.25005661759050074
RIMKLA,ENSG00000177181,chr1,42370791,42434232,390,0.3412591911572117,0.46736379748994983,0.31621313077262875,0.3719120763046311,0.287580539855974,0.33361638088775664,0.3779516697747124,0.2963002538551676,0.25196496496821197
ZMYND12,ENSG00000066185,chr1,42420328,42466253,350,0.38193867784129865,0.5827436715738422,0.4466887658662719,0.31955409821816216,0.47484493789961635,0.38169376190477344,0.30749990187397935,0.49236078766144264,0.5665546476922367
PPCS,ENSG00000127125,chr1,42446116,42483385,283,0.39382130036602636,0.6719761101813092,0.5012930278181857,0.32146981310092604,0.5213561471120332,0.4597563525605084,0.38284833410945457,0.6549124858767295,0.7318205043277833
CCDC30,ENSG00000186409,chr1,42453220,42667190,1524,0.3697767259500621,0.6389339307437628,0.4781719092183675,0.3153752828708441,0.493583387455464,0.414979182924433,0.3585915828058687,0.6037151371401548,0.6601027372587189
PPIH,ENSG00000171960,chr1,42648334,42686758,187,0.3115886187266778,0.4431560855274342,0.34915610841693967,0.3324161532629997,0.37473033081352275,0.2646767610643767,0.2599941677959614,0.3207935426243764,0.3254761358927918
YBX1,ENSG00000065978,chr1,42672417,42713805,206,0.30546519888875745,0.4163761023804788,0.33953611639513387,0.285560655359106,0.33881368322871763,0.24409934304710185,0.23051804200334666,0.2943991714963992,0.30798047254015437
CLDN19,ENSG00000164007,chr1,42723092,42750254,170,0.37492092831804125,0.5547339230817492,0.4438035037334979,0.4338279975238935,0.4359163816463434,0.346163367892524,0.40269391325305937,0.46291988195070516,0.4063893365901698
P3H1,ENSG00000117385,chr1,42736334,42777084,235,0.5128826919239589,0.6259045090132553,0.5445460253245681,0.4526634916533244,0.6010522846380999,0.45801694282655364,0.33350537878447134,0.525227247836578,0.6497388118786602
C1orf50,ENSG00000164008,chr1,42757248,42789491,178,0.5101807042133143,0.6687155858135404,0.6050530179835115,0.46385156251864373,0.5668554970529032,0.4447465046827663,0.4457191771216911,0.6600315105116752,0.6590588380727503
RP5-994D16.12,ENSG00000283580,chr1,42757291,42804493,256,0.4897045422883857,0.6113401849919667,0.5844594427452484,0.450675575644208,0.5464778463063708,0.36982058147713737,0.3767028722463649,0.5752302480423288,0.5683479572731015
TMEM269,ENSG00000274386,chr1,42775006,42826619,257,0.4748240091323706,0.5810664677928973,0.4952841339728372,0.4640342924148914,0.4874819092851535,0.4151526041396157,0.41265441735080527,0.4548904018547332,0.45738858864354354
SVBP,ENSG00000177868,chr1,42797051,42827397,139,0.3813099970739391,0.44335733206187755,0.4321303294605304,0.3255745747127787,0.3601911852429451,0.2500596847804018,0.2665700364300936,0.3357720898767738,0.319261738227082
ERMAP,ENSG00000164010,chr1,42807121,42854991,245,0.5757690234648707,0.5887159512662128,0.5418327677773591,0.5609670428082532,0.48042835630293523,0.48271368874816234,0.5284507067225175,0.40575749830792035,0.36002048033356504
ZNF691,ENSG00000164011,chr1,42836572,42862477,152,0.6818178239966812,0.6668034560910067,0.6109593072194376,0.7167867935251195,0.627033484171821,0.650041294371301,0.6871556965583986,0.4489814467939315,0.41186704460683365
SLC2A1,ENSG00000117394,chr1,42915352,42968893,438,0.3212117977340682,0.3544726499091669,0.29597567482245124,0.3172304521551891,0.2827948102639676,0.2370957273189031,0.24344614301069065,0.20059197187780325,0.19424155618601577
FAM183A,ENSG00000186973,chr1,43135152,43166396,249,0.23049419217239195,0.22664293282475098,0.06380986966872454,0.2704831686146835,0.0951185776298765,0.22654224945422752,0.23621794153302564,0.03047216369377964,0.020796471614981493
EBNA1BP2,ENSG00000117395,chr1,43154174,43280936,789,0.3674381795323698,0.39242040928187466,0.42215295417395204,0.3950143847270218,0.5018683705409797,0.20390167509000462,0.15196588788167825,0.2943704237311732,0.34630621093949954
CFAP57,ENSG00000243710,chr1,43162329,43264358,615,0.3883166505491275,0.3889633155345536,0.4691352196596902,0.43126131682385077,0.4922901322163655,0.1754454368345037,0.18954368361489693,0.3171528447367219,0.3030545979563287
TMEM125,ENSG00000179178,chr1,43259982,43284002,149,0.49593604375521544,0.45795460355975764,0.5072593340555853,0.504565870667309,0.5035479277523794,0.29484268476017966,0.307229032112069,0.31756283901993576,0.30517649166804645
C1orf210,ENSG00000253313,chr1,43271876,43295617,151,0.37855121513010836,0.47754968475257925,0.45108145766593155,0.3998490505429113,0.4048974743478365,0.2625609720533032,0.320388943409549,0.38666441804680846,0.3288364466905626
TIE1,ENSG00000066056,chr1,43290981,43333108,189,0.5822100992864742,0.5689546784625792,0.4554339847285661,0.509850995233111,0.34810773698452685,0.5532762694637143,0.5633559556436856,0.28826577056384256,0.2781860843838712
MPL,ENSG00000117400,chr1,43327817,43364466,94,0.18858172158694675,0.4892510940467344,0.43155868063927255,0.40104480096715944,0.38513299105798876,0.15799579877120035,0.34904819187040137,0.5138813885551166,0.3228289954559156
CDC20,ENSG00000117399,chr1,43348980,43373203,65,0.36053259191769277,0.5331590291444102,0.3891421991638577,0.48694132867412665,0.4825424742035817,0.35799757900237145,0.38515192556787325,0.40376903380537466,0.3766146872398728
ELOVL1,ENSG00000066322,chr1,43353397,43378074,78,0.3872090564269721,0.5109072392550653,0.3380655905028262,0.44508906878693466,0.4389939334897933,0.3961728724442585,0.3630636076816852,0.31903024027786786,0.3521395050404411
MED8,ENSG00000159479,chr1,43373916,43399808,94,0.3195491570960566,0.513568640332868,0.40441678814093457,0.44389041748043856,0.316605930431719,0.2937225040658366,0.46338288676247796,0.4269369733427776,0.25727659064613617
SZT2,ENSG00000198198,chr1,43379881,43464247,352,0.3198100447259597,0.422014616053493,0.35787962004609364,0.41366588207441485,0.34648811143945873,0.24530519329832953,0.32833881437577284,0.30290150462093923,0.219867883543496
HYI,ENSG00000178922,chr1,43440988,43463989,97,0.22276273934728158,0.3678247295565395,0.2526975377188931,0.4063681541024486,0.29327374432796116,0.20965647197216625,0.3164863284879351,0.2489321246599958,0.142102268144227
PTPRF,ENSG00000142949,chr1,43515186,43633666,754,0.43001174122703884,0.5730302560910696,0.4551058357313273,0.4644174228979937,0.4240912579362311,0.40300897272517355,0.46181812812083217,0.448033152894975,0.38922399749931624
KDM4A,ENSG00000066135,chr1,43640148,43715518,367,0.45691363552533665,0.5829438220143265,0.42407057505838164,0.5114156389007969,0.44833879899922763,0.4666255580141816,0.4979781438362388,0.40790878885289183,0.37655620303083454
RP11-7O11.7,ENSG00000284989,chr1,43640148,43941014,1530,0.47326501991209274,0.5678877897097087,0.4652561839686786,0.5275895382483758,0.4774254312942129,0.4270801120633041,0.46999471863405445,0.41198986636054447,0.3690752597897941
ST3GAL3,ENSG00000126091,chr1,43695823,43941165,1262,0.4679042609893004,0.5492789456910205,0.5041958566658218,0.5020144876214788,0.5051668839332835,0.36313208921286005,0.39527810858192974,0.4337745464777729,0.4016285271087033
ARTN,ENSG00000117407,chr1,43923319,43947240,136,0.5056162233024729,0.4358507063225736,0.4335109895181588,0.5755569195445999,0.5225485307882989,0.3542909736177453,0.3450604831674146,0.2181453837927272,0.22737587424305777
IPO13,ENSG00000117408,chr1,43936949,43978022,68,0.48893902956433594,0.4999021827095625,0.3977556732290807,0.5736328336918736,0.5294415591672117,0.4285629437499257,0.3957854293444493,0.26438862136309377,0.29716613576857
DPH2,ENSG00000132768,chr1,43959999,43983369,0,,,,,,,,,
ATP6V0B,ENSG00000117410,chr1,43964486,43988295,0,,,,,,,,,
B4GALT2,ENSG00000117411,chr1,43968942,44001170,4,0.18583242324960558,0.0,0.011474200872039268,0.22694372294372295,0.0,0.09702426424067155,0.12870171480421727,0.0,0.0
CCDC24,ENSG00000159214,chr1,43981358,44006528,46,0.12143514484106063,0.09757203134418323,0.034706974949997756,0.10722404297273408,0.007299889652830827,0.0984041917235359,0.10437967921346251,0.004262213360550757,0.0
SLC6A9,ENSG00000196517,chr1,43981499,44041467,244,0.4478991023148436,0.5051754565975786,0.447716213485184,0.42712959140627343,0.46630890535282443,0.35194162098048576,0.3163548530169058,0.35161041604085214,0.3871971840044321
KLF17,ENSG00000171872,chr1,44108820,44145140,179,0.35031316324086237,0.5226739129105601,0.5205368421206705,0.40166161503416764,0.5040675057370919,0.21786600032529913,0.27591938152551015,0.5216894005981321,0.463636019397921
KLF18,ENSG00000283039,chr1,44127820,44151631,141,0.42863262496230653,0.5440461538053272,0.4312922822342985,0.4142678298954626,0.3376949242612242,0.39034896127978075,0.4541136704237836,0.3950147277958684,0.3312500186518657
DMAP1,ENSG00000178028,chr1,44203454,44230681,133,0.500832040348709,0.6311812997277096,0.48652232268769097,0.468363713465134,0.5438862124717387,0.5128570040179051,0.4221164058461962,0.48459307883981684,0.5753336770115257
ERI3,ENSG00000117419,chr1,44211069,44365260,670,0.5084562028681096,0.5644172354016025,0.4848583236958072,0.48487379003802367,0.4463787619476876,0.43898068672915413,0.4515696421591714,0.39208976901462833,0.3795008135846111
RNF220,ENSG00000187147,chr1,44395193,44661724,1620,0.42251664273597617,0.43947951472643687,0.4351430472727566,0.45071158443080195,0.4568426159505716,0.2783911918056078,0.283832478945225,0.30049829711886916,0.29505700997925194
TMEM53,ENSG00000126106,chr1,44625237,44684481,281,0.22112049647785695,0.2676703149430422,0.19288717214131926,0.2625035440027852,0.18932681653196468,0.17356579701513408,0.2030640937109076,0.13795867997848996,0.10846038328271645
ARMH1,ENSG00000198520,chr1,44664691,44735591,413,0.3019099170327551,0.36161389416858947,0.3248383700367993,0.2885382359051455,0.29058296977354164,0.2077079790052176,0.22296693473584983,0.2411040181267032,0.22584506239607094
KIF2C,ENSG00000142945,chr1,44729817,44777767,239,0.25287301193572914,0.2858752765640461,0.21709798220429588,0.22555709535382976,0.18814988610227168,0.1917350161832731,0.191934722693471,0.14496263303111417,0.14476292652091624
RPS8,ENSG00000142937,chr1,44765250,44788779,97,0.3055349667048781,0.23064988659811397,0.2386060963729469,0.3331232628528497,0.2726515889566106,0.1771090766508963,0.17450475487684797,0.08510005242825947,0.08770437420230778
BEST4,ENSG00000142959,chr1,44773584,44798170,89,0.25128722609575727,0.2155096118969895,0.13141406596228802,0.19657756148530092,0.1398880351759933,0.1956160273720422,0.15545144029681712,0.04710493177081723,0.0872695188460423
PLK3,ENSG00000173846,chr1,44790376,44815990,93,0.1872365710386235,0.18845350189071547,0.1190747316501524,0.136754788158783,0.11483437282953543,0.14467315459532287,0.11694479097919344,0.06414044010969294,0.09186880372582237
DYNLT4,ENSG00000188396,chr1,44795892,44817351,78,0.13738169702315997,0.2012918876690926,0.13167262741523825,0.06829585506240034,0.12746237018374595,0.11567810736530512,0.07957508741555362,0.10908160882644276,0.14518462877619423
BTBD19,ENSG00000222009,chr1,44798481,44825585,119,0.15309533145711418,0.162294210016371,0.1330000014395859,0.1263370151443241,0.12899236470854863,0.10026958239173306,0.08702218428895521,0.07681874369180818,0.09006614179458602
PTCH2,ENSG00000117425,chr1,44809843,44853253,194,0.1970534031329891,0.1763365972903757,0.1070516728022461,0.14821013038961994,0.1074742671111122,0.15011691604827143,0.12035440274706538,0.04387640833717266,0.07363892163837875
EIF2B3,ENSG00000070785,chr1,44840521,44996722,538,0.24912828579255947,0.30327329319478713,0.243414297470314,0.22800579670271026,0.20964116037857616,0.18447152109937034,0.1924360363867057,0.17689052328842444,0.1689260080010891
HECTD3,ENSG00000126107,chr1,44992539,45021324,138,0.4490194377823345,0.6506476077556318,0.5773134765996709,0.5330624158080838,0.6579273615047114,0.3933027199683196,0.37025082901743567,0.6583714263377349,0.6814233172886188
UROD,ENSG00000126088,chr1,45000949,45025575,107,0.5217914699662699,0.698796240021266,0.6701124608160894,0.5283586442024832,0.7342861386979033,0.4143366065856131,0.313084731428218,0.7856316932195712,0.8868835683769665
ZSWIM5,ENSG00000162415,chr1,45006398,45316209,1430,0.3868860996578631,0.6422892118747134,0.6448375886610893,0.370271318952416,0.5960901310724067,0.2410274641585337,0.29196658410442683,0.787003009311758,0.736063889365865
HPDL,ENSG00000186603,chr1,45316894,45338710,91,0.5104430364987778,0.6340960780112251,0.6102194518301546,0.5561060769851067,0.6554067541861395,0.38873377301518935,0.37608179516790563,0.6166507152542882,0.6293026931015718
MUTYH,ENSG00000132781,chr1,45319162,45350893,151,0.48245586610874164,0.7549786336945419,0.7019626286595211,0.3591300471723971,0.7181794820474386,0.427266972135244,0.29242685767315446,0.9791428906946523,1.1139830051567419
RP4-534D1.6,ENSG00000288208,chr1,45319261,45501155,771,0.4721112765703622,0.7866509986203415,0.6801975632141738,0.4493559363934093,0.6581801217210593,0.5218219298501052,0.5340106293992471,1.023004020176151,1.0108153206270087
TOE1,ENSG00000132773,chr1,45330051,45353973,119,0.5841847106226496,0.8256946009683614,0.7400943777893615,0.4567475615102198,0.7047954657399856,0.638511889653966,0.5685203480796599,1.1084344617705182,1.1784260033448244
TESK2,ENSG00000070759,chr1,45333882,45501163,700,0.46966804026829745,0.7649296324466394,0.6802107547450666,0.42805084106795477,0.6490829773882061,0.4710146969531277,0.47968503076110336,0.9768556763097018,0.9681853425017262
CCDC163,ENSG00000280670,chr1,45483865,45510079,128,0.5227379182951233,0.7460861020155981,0.5106886630137216,0.45403726230861846,0.5868691305130285,0.6978466220194959,0.5459868721766863,0.6729134317256527,0.8247731815684626
MMACHC,ENSG00000132763,chr1,45490299,45523382,172,0.5511017561476973,0.7752870880308369,0.6338168976162496,0.4845196193816143,0.6468177224452242,0.644634446334002,0.5574083425852646,0.8482971919606517,0.9355232957093891
PRDX1,ENSG00000117450,chr1,45500913,45552732,290,0.5047339611494868,0.7822819294925117,0.5786312903054359,0.41334799860523697,0.5736473473563841,0.6814837413508303,0.6026946666060107,0.8430705663703857,0.9218596411152054
AKR1A1,ENSG00000117448,chr1,45540542,45580049,209,0.38790725968648987,0.685180281530518,0.5756824416047561,0.4069391524729905,0.48776424199964097,0.3946767261022941,0.5046215534128471,0.7610784002122485,0.6511335729016956
NASP,ENSG00000132780,chr1,45573845,45628904,250,0.4977050737028535,0.6098359543052858,0.5118843595258483,0.5743238335532685,0.4537719618477501,0.4562764472568714,0.5952728273132909,0.48491155105512024,0.3459151709987007
CCDC17,ENSG00000159588,chr1,45610043,45634057,129,0.39300635318500193,0.7740498440126516,0.3959310598094631,0.540862545197344,0.5945134134718043,0.7413054295499835,0.6815895079476018,0.7461354232128621,0.8058513448152438
GPBP1L1,ENSG00000159592,chr1,45617303,45698113,421,0.3182163998822595,0.8529091395424923,0.6909320103198234,0.32651864811884274,0.7404517246474667,0.5627768816032641,0.48159359759680087,1.3539279031938518,1.435111187200315
TMEM69,ENSG00000159596,chr1,45678180,45704436,119,0.27439563566838154,0.8740062217888637,0.7425306621970361,0.26736715094256996,0.7375081494904622,0.5177092377369997,0.5225490500253224,1.5538135147895518,1.548973702501229
IPP,ENSG00000197429,chr1,45684323,45760653,329,0.3354435987774489,0.857201567758154,0.7351311443030175,0.3293460317460318,0.7385742895387912,0.513218137463043,0.5021090263037161,1.4331030703724341,1.4442121815317608
MAST2,ENSG00000086015,chr1,45776986,46046122,1216,0.4248894410710613,0.8423495100183845,0.7310638539001777,0.40263102308139104,0.709722907559438,0.5436432312895467,0.5628378843290373,1.3037315536719993,1.284536900632509
PIK3R3,ENSG00000117461,chr1,46030139,46143036,478,0.3490755602460036,0.3767184521658963,0.4203381608493926,0.42045008020227354,0.5044568455818114,0.17840413482477824,0.1580797901471675,0.29435280476904274,0.31467714944665354
P3R3URF-PIK3R3,ENSG00000278139,chr1,46033660,46186488,672,0.3429653368057911,0.5891719704602274,0.4885312930480259,0.4103682437436381,0.5386173004883139,0.31956509964916163,0.3221551104759879,0.5700154720099112,0.5674254611830849
TSPAN1,ENSG00000117472,chr1,46165072,46195962,132,0.2924872069117582,0.5810194262100027,0.5349713147840004,0.2596885362387494,0.5507840783070139,0.22513705213415924,0.18518169778628152,0.6447936712703458,0.6847490256182235
P3R3URF,ENSG00000250719,chr1,46165485,46186488,100,0.2913537135485302,0.7110022129445851,0.5708853177349278,0.169938948315904,0.6058444584508096,0.3698519723459603,0.24829130035772612,0.8714842758007608,0.9930449477889951
POMGNT1,ENSG00000085998,chr1,46178681,46230305,234,0.2896896653537878,0.37478842962319436,0.35280617073632403,0.3539993565289816,0.3311400933105763,0.1883045197609993,0.2522196526081648,0.2813606541643115,0.21744552131714603
LURAP1,ENSG00000171357,chr1,46193333,46231256,175,0.20987716735471576,0.25687958128189725,0.30235156030250887,0.3399996141684895,0.31793970951302497,0.08621203326575935,0.16488740661984505,0.21068514317766462,0.13200976982357893
RAD54L,ENSG00000085999,chr1,46236460,46288480,196,0.2291421060182278,0.23777513674770168,0.29482471351172135,0.39349688172789776,0.3872101817756219,0.09122801662364391,0.14091290201154577,0.18028565407252128,0.1306007686846195
LRRC41,ENSG00000132128,chr1,46251195,46313616,223,0.2815463999273034,0.2690296550492929,0.3349181379839837,0.43504764476493113,0.43550939446127257,0.11809569857136293,0.1562823643118194,0.19528668926678075,0.1571000235263243
UQCRH,ENSG00000173660,chr1,46293697,46326776,122,0.4903526044785929,0.35798594056058797,0.3872640902734472,0.6386200732781124,0.5111081160006289,0.31367999891082377,0.3726783057483486,0.1294650771828048,0.07046677034528004
NSUN4,ENSG00000117481,chr1,46330788,46375152,324,0.11600261377075526,0.15273479514835447,0.16099646231215373,0.19488590528857042,0.23575349948231308,0.05675116983320645,0.05682395219130701,0.10899035270105799,0.10891757034295743
FAAH,ENSG00000117480,chr1,46384316,46423848,191,0.37305666157609785,0.42648837613021806,0.38178759909583126,0.44837925176392274,0.43871831039886877,0.2709764981510343,0.28666960723458296,0.28500057616754404,0.26930746708399544
DMBX1,ENSG00000197587,chr1,46479835,46526216,300,0.4562657506538641,0.6370146251146063,0.5663726874268634,0.45968480842819204,0.6061449205809787,0.39355877911529163,0.3486115503144065,0.6198339559855592,0.6647811847864444
TMEM275,ENSG00000282881,chr1,46522165,46553969,239,0.37260689777584877,0.42485972853747267,0.4015025398076329,0.41162739199068654,0.3260565836678249,0.2529951487304367,0.34446351931526953,0.3001461688357902,0.2086777982509574
KNCN,ENSG00000162456,chr1,46535640,46561647,188,0.3629661370803748,0.3755415508526662,0.29654711243976245,0.38206168869068974,0.38437438449436906,0.28502428886655795,0.2335604326832082,0.18584619735541041,0.23731005353876025
MKNK1,ENSG00000079277,chr1,46547406,46626843,450,0.426333246794676,0.6187268848310838,0.6005430621104865,0.48674148004540735,0.626300275293403,0.301148316967392,0.3234561334993032,0.6630910059797894,0.6407831894478782
MOB3C,ENSG00000142961,chr1,46597714,46626884,173,0.5165020307170258,0.6515260697376649,0.5759099541497541,0.48747640387977165,0.5433886923081628,0.4615452736314022,0.469338802375054,0.5926465835082458,0.584853054764594
ATPAF1,ENSG00000123472,chr1,46622736,46683867,334,0.41082312936176285,0.5362957811821935,0.44889835577592807,0.4730412498818329,0.5167702138821272,0.3508506127989362,0.34093920259159805,0.4176577766649857,0.4275691868723239
TEX38,ENSG00000186118,chr1,46658854,46683594,120,0.295792015824492,0.5221516055592541,0.5387532197234762,0.29555365820110246,0.45064438866367423,0.15766061677327808,0.24489778766991888,0.5808011464672707,0.4935639755706299
EFCAB14,ENSG00000159658,chr1,46664658,46729146,361,0.36971709127016156,0.6507082701863293,0.5583159467179777,0.39222382579763426,0.5472858253213397,0.3481369193708631,0.3786510448115253,0.7037108845354909,0.6731967590948286
CYP4B1,ENSG00000142973,chr1,46747837,46829413,365,0.3953836472446893,0.4668014897818775,0.4221060830448565,0.48499962515178063,0.5105155897345262,0.2918288363297432,0.28902323468866403,0.3370326483912737,0.33983825003235296
CYP4A11,ENSG00000187048,chr1,46919176,46951484,0,,,,,,,,,
CYP4X1,ENSG00000186377,chr1,47013668,47060751,130,0.2811351159882046,0.6983529720501552,0.6341103447399741,0.22700532517864208,0.645879355503581,0.26157805420420255,0.20893161296818374,0.9369196725840085,0.9895661138200272
CYP4Z1,ENSG00000186160,chr1,47057230,47128318,235,0.3143828848168268,0.7468164025704892,0.5398456670445024,0.21206063131869216,0.6278772901176508,0.4874414903791406,0.3117214467247564,0.8861988815154409,1.0619189251698253
CYP4A22,ENSG00000162365,chr1,47127434,47159735,118,0.3253845178975824,0.6743757296485537,0.5578259875291571,0.22875977721364255,0.6514597330703205,0.3497858664009085,0.16388248814227802,0.7722252408394207,0.958128619098051
PDZK1IP1,ENSG00000162366,chr1,47173581,47201044,146,0.3985390237847486,0.47584162829212434,0.4900831651187078,0.5634960216735069,0.47767539096894185,0.2404236959700013,0.41272658292236997,0.4055377082714858,0.23323482131911716
TAL1,ENSG00000162367,chr1,47206289,47242220,213,0.417198219960675,0.41261960720309016,0.3833173136722684,0.6012913532101517,0.43845158994467087,0.29429505935490574,0.43727484243148695,0.23778758106417247,0.09480779798759131
STIL,ENSG00000123473,chr1,47240138,47324892,517,0.3375713892638269,0.3446661238614422,0.2776992942093607,0.39019882340573847,0.2976376773380223,0.2545695930898152,0.2819634373259322,0.1680408455649172,0.14064700132880026
CMPK1,ENSG00000162368,chr1,47323789,47388839,305,0.4629292410451397,0.47768200991860876,0.4241847957619968,0.5753900287584641,0.44475594833389587,0.35956781522296216,0.45885770857719493,0.2899108849480275,0.1906209915937947
FOXE3,ENSG00000186790,chr1,47406284,47428052,130,0.399953337100471,0.7026915787581092,0.6702893048619648,0.39417115379812584,0.6501722071935851,0.30709669425037056,0.33191436116103046,0.9058885293909364,0.8810708624802766
FOXD2,ENSG00000186564,chr1,47428043,47450691,128,0.457680101627312,0.6905703584891176,0.6381363375363165,0.4787779879154361,0.671248929553342,0.38421800717867693,0.35607465199935495,0.7888065350507347,0.8169498902300567
TRABD2B,ENSG00000269113,chr1,47750527,48007385,1471,0.419617065974812,0.5435642633372435,0.5161777196982068,0.4460241690952701,0.5072772683617598,0.301168447967815,0.33356645448050953,0.48313891490256733,0.45074090838987274
SLC5A9,ENSG00000117834,chr1,48212684,48258644,266,0.5088997309484378,0.5907734265246388,0.5449477106961438,0.5215330890033294,0.47595787933175876,0.40862515997061816,0.49223565700582866,0.4848611469756973,0.40125064994048687
SPATA6,ENSG00000132122,chr1,48285372,48482208,1022,0.44854489221693944,0.49550590663746413,0.5080979835800907,0.5018413649857418,0.4971647288214498,0.2849591275164933,0.346771600215384,0.399240019644312,0.33742754694542143
AGBL4,ENSG00000186094,chr1,48522853,50033954,5635,0.4725845090230545,0.43678608577457934,0.4577024471165376,0.49727744012741326,0.4659013778741149,0.3009609821549607,0.31731891461285544,0.27313478663259183,0.2567768541746971
BEND5,ENSG00000162373,chr1,48717518,48786969,341,0.5249030102145998,0.47475976155258864,0.47152205696594546,0.5974867227580546,0.5144920345271858,0.375190810602544,0.41568356755013164,0.2687087134108793,0.22821595646329162
ELAVL4,ENSG00000162374,chr1,50014028,50213772,725,0.5130955896722652,0.5542686468162382,0.5494823205954898,0.5239219976213407,0.5451782389451345,0.3651841773425533,0.38118137623794757,0.44285467822503877,0.4268574793296444
DMRTA2,ENSG00000142700,chr1,50407549,50433443,133,0.4330343794631689,0.527830624240457,0.5730147038247706,0.39864188480441265,0.4978882605035924,0.23343421017593635,0.2850247858757486,0.5169833006426282,0.4653927249428159
FAF1,ENSG00000185104,chr1,50427027,50970267,2054,0.34940706445535663,0.4506025339262512,0.45129177880289684,0.3217385145743379,0.4197385915151412,0.21430789444469833,0.22143946924114605,0.384625223056998,0.3774936482605503
CDKN2C,ENSG00000123080,chr1,50950744,50984634,105,0.5184252557243201,0.4833812839239535,0.47869330833377466,0.38763793355037063,0.44851428571428575,0.3698636232482198,0.27787119259571635,0.29058654639037473,0.38257897704287813
C1orf185,ENSG00000204006,chr1,51092220,51158086,318,0.33918310743995467,0.3872449751090368,0.4845182498918214,0.309434386627976,0.47900890749807723,0.12070758544395843,0.10400600470589366,0.3690824706071335,0.38578405134519833
RNF11,ENSG00000123091,chr1,51226272,51283447,288,0.2926702819607824,0.5211199355933678,0.5635407855787565,0.3273052987531895,0.5572375460935034,0.12675155710657254,0.1590234585121193,0.6095535432768808,0.577281641871334
TTC39A,ENSG00000085831,chr1,51277257,51355116,408,0.20830358586027842,0.29897475246312477,0.37949203916097063,0.2052593239908363,0.36697351341906864,0.05578590378351647,0.06385388630229974,0.2994254723548682,0.29135748983608495
EPS15,ENSG00000085832,chr1,51344262,51529266,1004,0.2455513364346487,0.21166839779084676,0.37145824836976843,0.21474112103090517,0.3300421445240603,0.027625841760591824,0.03951891262260504,0.21021062089522516,0.19831755003321197
OSBPL9,ENSG00000117859,chr1,51567178,51808427,1078,0.2717328990967632,0.5172022579458547,0.4722355315286101,0.35708448251487673,0.5584370330632369,0.20306984526606292,0.1762323846639775,0.5250876212763238,0.5519250818784094
NRDC,ENSG00000078618,chr1,51779190,51888937,508,0.4173414495228382,0.8206075370787047,0.7554066476692995,0.477728634562772,0.7492840899485493,0.42508752502318303,0.49215624932000557,1.2930918179186266,1.2260230936218042
RAB3B,ENSG00000169213,chr1,51897955,52000700,476,0.4666892306399617,0.7291319633540752,0.7452924268159532,0.5543409348708765,0.7579332802177522,0.2835676652086574,0.34789134217502893,1.0225558611382939,0.9582321841719224
TXNDC12,ENSG00000117862,chr1,52010130,52065191,282,0.6557837393460538,0.7130560832471888,0.8008900932627679,0.7068836234854183,0.8266791578104957,0.3505276686092137,0.3615216153602776,0.897940825719828,0.886946878968764
RP11-91A18.6,ENSG00000285839,chr1,52010152,52043350,175,0.47783840905617153,0.5796973393588214,0.7579193867657085,0.5565740518849528,0.7839683289143937,0.04903694435235484,0.07383720636611457,0.8177432623004688,0.7929430002867092
KTI12,ENSG00000198841,chr1,52022102,52043810,120,0.48272656095196786,0.5483376040273023,0.6976337437484618,0.5581607529195024,0.7225762285523242,0.1289438555324629,0.16471018310984042,0.6658764342596866,0.6301101066823092
BTF3L4,ENSG00000134717,chr1,52046198,52100716,233,0.7369800447993956,0.8189104598573756,0.8442447022730232,0.8109770478213766,0.8904545497769221,0.5924099699592815,0.5816173795009969,1.1163537031586352,1.1271462936169194
ZFYVE9,ENSG00000157077,chr1,52132088,52358671,972,0.6001671745814788,0.6841154318356754,0.7151308272574985,0.6454562831366321,0.717936570342414,0.40668096566110246,0.46183936905299106,0.7456974570882189,0.6905390536963301
CC2D1B,ENSG00000154222,chr1,52335722,52376205,182,0.47404858122069626,0.6516338128349459,0.6802327026207625,0.45686319144943066,0.7196566767743031,0.2784428886552005,0.19657742963174618,0.7760582018234734,0.8579236608469274
ORC1,ENSG00000085840,chr1,52362828,52414423,222,0.30429637354850786,0.3599133036701694,0.20778470129435175,0.3376364433362367,0.2151260057386685,0.28803054993894267,0.30793012618866383,0.15812109884840225,0.13822152259868106
PRPF38A,ENSG00000134748,chr1,52394601,52430836,157,0.21774848018750456,0.29901511622983445,0.4136264881839333,0.2143834196891192,0.42386339035606596,0.03352480463745999,0.02257244799188618,0.3217441513511976,0.3326965079967714
TUT4,ENSG00000134744,chr1,52398281,52563487,822,0.23963774556206283,0.3820423826744815,0.2148958100550792,0.23644745439382456,0.20688262208085995,0.25667843449018524,0.2596623440934347,0.2246569697654226,0.22167306016217306
GPX7,ENSG00000116157,chr1,52592370,52619051,150,0.5551289379543024,0.7672824444485372,0.727100250303769,0.562808829753353,0.6467726386790836,0.4846248936067432,0.6223355706875202,0.9733048750616656,0.8355941979808886
SHISAL2A,ENSG00000182183,chr1,52623167,52679683,296,0.37237194212567115,0.6517402302201278,0.6257902947261516,0.37492131375622256,0.558595615535117,0.26883761793727046,0.353445249924149,0.7859689948520459,0.7013613628651673
COA7,ENSG00000162377,chr1,52674448,52708347,136,0.18344121908415917,0.33184948845848494,0.07104879312552002,0.2688587753181,0.12808210746599372,0.26609956411809876,0.2896652193873055,0.13714225002846836,0.11357659475926174
ZYG11B,ENSG00000162378,chr1,52716452,52837336,687,0.41309309611305695,0.7166523218522806,0.6258196384977889,0.40743462620459747,0.6726509838634291,0.40547615553024086,0.3338231587956205,0.8556044351605793,0.9272574318951996
ZYG11A,ENSG00000203995,chr1,52832510,52904998,399,0.39313011412110127,0.39701048610988315,0.42383194170586613,0.37579036456025605,0.34831742971319507,0.22697022314206522,0.2744633970562068,0.27888524916439617,0.2313920752502546
ECHDC2,ENSG00000121310,chr1,52885909,52937212,251,0.416878130521315,0.3007007944393781,0.34999285429121774,0.3719573678469333,0.3953544326201908,0.2331318667439458,0.15985548894136903,0.12454471357846209,0.1978210913810388
SCP2,ENSG00000116171,chr1,52917275,53061698,1007,0.3135727080721567,0.3948346812123297,0.3589230449791838,0.3055190506918517,0.36507459170676426,0.21695140004141528,0.2062981989028442,0.2853022040425115,0.29595540518108254
PODN,ENSG00000174348,chr1,53052051,53095501,382,0.410656637225718,0.41364534275754394,0.435676543600157,0.43657330104375414,0.4276172158860637,0.2452245370167096,0.27480059129469914,0.28860591832114835,0.25902986404315886
SLC1A7,ENSG00000162383,chr1,53077178,53152638,618,0.5558640036908951,0.5415425367056799,0.5225518263818231,0.5508433141633112,0.5235282976404223,0.42610628439511644,0.41946215350102356,0.3537814808162242,0.36042561171031706
CPT2,ENSG00000157184,chr1,53186791,53224197,205,0.1868497952303755,0.3032342644320298,0.24429712687167304,0.23974317495884392,0.2740059047264409,0.14401922820111118,0.15759580315759708,0.21728680043578213,0.20371022547929624
CZIB,ENSG00000162384,chr1,53204098,53230634,138,0.22668503464995637,0.3557653844639553,0.2876800890002094,0.299140301747732,0.2849124924152393,0.17876650453962953,0.22989475548160396,0.2609258048442914,0.209797553902317
MAGOH,ENSG00000162385,chr1,53216899,53248518,139,0.3127874287019736,0.45295336550137705,0.37161000646390596,0.3290509888517857,0.3529305283556716,0.25686927184848196,0.28349087209916046,0.3463519533207722,0.3197303530700937
LRP8,ENSG00000157193,chr1,53232363,53338469,654,0.31403366721084564,0.4076406108402229,0.28244457627133074,0.31630200671882885,0.31727629625756715,0.2843316966608165,0.26110785329371256,0.2393100553501708,0.2625338987172747
DMRTB1,ENSG00000143006,chr1,53449398,53477488,176,0.2875341481035811,0.3032987805130369,0.24804242750166783,0.2872136381739641,0.26968185470723544,0.2076732727741778,0.19284856925536123,0.15372535379741237,0.16855005731622894
GLIS1,ENSG00000174332,chr1,53496236,53748106,1742,0.47039551056939427,0.40409340888743733,0.4165224588440667,0.5259856827025954,0.4082546877419578,0.3072734150099301,0.36975507527373164,0.21039793551091385,0.14791627524711237
NDC1,ENSG00000058804,chr1,53755477,53848463,477,0.48156691505927274,0.3778510490546293,0.3571646291499783,0.35666606194371636,0.3065883593102929,0.34482671912027074,0.2747678158380753,0.12974902481801887,0.19980792810021422
YIPF1,ENSG00000058799,chr1,53841718,53899798,399,0.41012602742203524,0.30311513843351284,0.29291494539429863,0.33048826127620173,0.28032757051865326,0.2711885636145294,0.21669126209628875,0.08994650969245271,0.14444381121069333
DIO1,ENSG00000211452,chr1,53881238,53921086,310,0.325208033703431,0.29674979714601213,0.2747877271409294,0.2572436367964767,0.19246127052501685,0.21205125000995237,0.21783273895613664,0.13999129315009107,0.1342098042039068
HSPB11,ENSG00000081870,chr1,53906573,53955699,320,0.31081222793281693,0.12375299476081407,0.17911294961013852,0.19564820848092512,0.1257805412489323,0.15348951019640839,0.1077009871619427,0.0,0.02440627117859183
LRRC42,ENSG00000116212,chr1,53936084,53978168,267,0.3506930416873355,0.23283673937322946,0.3017790420003958,0.2814826259070836,0.26122012722865984,0.16884283974026823,0.14643288134888918,0.09621280442777316,0.11862276281915224
LDLRAD1,ENSG00000203985,chr1,53997297,54028186,231,0.3573527680326859,0.34254411432827847,0.2848021135767887,0.34425448385669083,0.22274296827454815,0.26317046725814375,0.2946879630364808,0.15620714395838373,0.12468964818004663
TMEM59,ENSG00000116209,chr1,54016680,54063504,233,0.22712221002799246,0.1991811803703032,0.09079957024807007,0.2732072633394083,0.15506848100704754,0.19228258856787947,0.18636739439888902,0.02983796165330685,0.035753155822297294
TCEANC2,ENSG00000116205,chr1,54043583,54122519,399,0.23237904063982634,0.06636458446725356,0.04438000453031878,0.2762160900837504,0.15140127947372442,0.1438667676446697,0.11388140425273603,0.0,0.0
RP11-446E24.4,ENSG00000256407,chr1,54122685,54210073,593,0.4925901666750492,0.5607530615759752,0.5238557315880106,0.4888755608745667,0.5747003641295023,0.37954769417545237,0.31943719334233495,0.44314582777168027,0.5032563286047977
CDCP2,ENSG00000157211,chr1,54122967,54163770,307,0.5209240786405127,0.6706517489156937,0.6822483187798292,0.5301029312074912,0.6666980786116797,0.350025345313394,0.3835873280008283,0.7606142288001594,0.727052246112725
CYB5RL,ENSG00000215883,chr1,54159650,54210036,313,0.4527187855965958,0.45795359208867903,0.4356130750109241,0.5136803858534096,0.4414872485673189,0.3215904689108933,0.37540752877497763,0.29081318884445434,0.2369961289803701
MRPL37,ENSG00000116221,chr1,54174040,54235464,383,0.31702814477353275,0.36491276007678963,0.3503916663217477,0.3798395907470759,0.37091347529452406,0.20195443518825623,0.23414177051660645,0.2520384686318979,0.21985113330354766
SSBP3,ENSG00000157216,chr1,54215432,54423479,1259,0.379165958817853,0.3772676065677646,0.3181676081980754,0.3461416443310761,0.297654457783373,0.28367923180120214,0.2725865796882927,0.18995916572697633,0.20105181783988577
ACOT11,ENSG00000162390,chr1,54532256,54649192,843,0.3483312818973237,0.37457050921985,0.3465146152777937,0.3672661482568376,0.358956811955257,0.23605025823370424,0.2411818161755174,0.23326642176746146,0.22813486382564832
FAM151A,ENSG00000162391,chr1,54599180,54633556,244,0.34431764332341275,0.36719015435920055,0.3868201986447244,0.4252683830894624,0.37670699596583124,0.1952835256140735,0.2693494224204034,0.26230177818483624,0.18823588137850628
MROH7,ENSG00000184313,chr1,54631753,54720266,607,0.4176123624778947,0.553726578281415,0.4868546458084472,0.3740765912235488,0.4523960644535944,0.34012316914389307,0.33657386424639435,0.4667002924778305,0.47024959737532923
MROH7-TTC4,ENSG00000271723,chr1,54631785,54752308,873,0.37082256632955496,0.46673558153823896,0.39545367747031146,0.3419915020707414,0.40327996944443845,0.294401437171131,0.2654840399901688,0.3343364459844682,0.3632538431654305
TTC4,ENSG00000243725,chr1,54705860,54752657,367,0.21518355018570726,0.1728675518916027,0.17961717742943217,0.20776912073426898,0.23485442264004244,0.11705583071663077,0.07750184562128096,0.07273461115787028,0.1122885962532201
PARS2,ENSG00000162396,chr1,54746897,54774523,224,0.35731604569291137,0.3916903516903517,0.3766101346494231,0.24860871668340892,0.3215041333849345,0.2332951304125274,0.19751154575282462,0.26377610626459613,0.2995596909242989
TTC22,ENSG00000006555,chr1,54769711,54811323,304,0.4719685695749926,0.4846133045433263,0.4384564914303992,0.48741161121201954,0.43966611847295417,0.36218562167780394,0.3759487280586438,0.3006521734342467,0.28688906705340683
LEXM,ENSG00000162398,chr1,54796062,54852252,524,0.49325901563760566,0.39054605914180385,0.4237783743234979,0.48110444785130296,0.4522434353186103,0.3118421305304425,0.27466012511012466,0.1833497711172542,0.22053177653757217
DHCR24,ENSG00000116133,chr1,54839626,54897195,469,0.4838605265952128,0.36591996231390056,0.42345138289050505,0.4572988129819062,0.40534794028481624,0.28313136575237857,0.2734988413521322,0.1724487243533377,0.18208124875358417
TMEM61,ENSG00000143001,chr1,54970627,55002288,236,0.48264481476289606,0.6699718238399729,0.5526940595642759,0.5184619511693681,0.48873689143162036,0.48154519308923077,0.5842381717759819,0.6270320527741291,0.5243390740873781
BSND,ENSG00000162399,chr1,54988932,55027172,215,0.40517476934492863,0.6653370329263781,0.5562231749476693,0.39418035229695675,0.4763640170749003,0.4008427396991086,0.47442287256791654,0.6937885823214567,0.6202084494526487
PCSK9,ENSG00000169174,chr1,55029446,55074852,414,0.5534694369791481,0.6556275873821567,0.6219199695105079,0.5371916583675199,0.6041857285088397,0.4498148291327719,0.4548318413965483,0.6162167832398314,0.6111997709760549
USP24,ENSG00000162402,chr1,55056358,55225364,939,0.6336875757073547,0.7480034229475269,0.7766265161464062,0.6292277902111024,0.7524431131983009,0.44184918656664907,0.48719614584930127,0.9364905881214227,0.8911436288387706
RP1-158P9.3,ENSG00000284686,chr1,56163432,56534495,2605,0.43467096841690694,0.5669078221535746,0.4937281931768567,0.4288081575020687,0.5061299144839756,0.36323523302292005,0.34567603000355335,0.4735694587504411,0.4911286617698079
PLPP3,ENSG00000162407,chr1,56484760,56655301,1040,0.35329686601073873,0.4892888202421352,0.4105580575984462,0.44379819740897203,0.4470434413685722,0.28961996445496613,0.3330496572191375,0.3823310900658612,0.33890139730168983
PRKAA2,ENSG00000162409,chr1,56635313,56725335,494,0.44456249244648316,0.5427775602697947,0.5332991150222293,0.41505866489124116,0.5062809323628013,0.30425885579636264,0.30652018679136556,0.47832641169481344,0.47606508069981046
FYB2,ENSG00000187889,chr1,56708788,56829696,896,0.45693442495208536,0.4611886394613663,0.3982983430161602,0.3712200120669279,0.373910455161688,0.3604607044173974,0.30705086935958836,0.2579290453609963,0.3113388804188053
C8A,ENSG00000157131,chr1,56844796,56928223,598,0.3534552361330752,0.3786006193797369,0.3566012777913947,0.30388766797128125,0.36262725538322466,0.23545173572103711,0.1938124378436744,0.24032954305150203,0.28196884092886476
C8B,ENSG00000021852,chr1,56919206,56976140,448,0.4142594818566405,0.4396141451266519,0.38201755568303797,0.34469606981972917,0.36431405620461565,0.31635643302754757,0.274367602362416,0.2627732729356605,0.3047621036007922
DAB1,ENSG00000173406,chr1,56984777,58556734,10735,0.3973755771792277,0.49797717324096696,0.4701698055494965,0.4053487496199025,0.46314196099195876,0.28018605056212026,0.29343414448811,0.40892363813055116,0.3956755442045613
OMA1,ENSG00000162600,chr1,58405383,58556802,1060,0.49066340773297884,0.5896188006941262,0.5487707050712801,0.49932862181125354,0.5409771219862012,0.3847676710725716,0.40190944735516543,0.5059011257605481,0.48875934947795424
TACSTD2,ENSG00000184292,chr1,58565432,58587252,189,0.2589576931018513,0.42469298730452976,0.29310902537366,0.23787967412698263,0.30056497501460816,0.25283508655751774,0.23350994817893198,0.3000163589973504,0.3193414973759363
MYSM1,ENSG00000162601,chr1,58633439,58710077,593,0.3952033188074061,0.4644804585060688,0.43363704051265045,0.38670626315239603,0.4091972969350018,0.279430352079789,0.2935780116269193,0.34508754562820415,0.33093988608107383
JUN,ENSG00000177606,chr1,58766844,58794048,150,0.5389977382453603,0.47568372160798533,0.44750431217572695,0.542471299618938,0.4660413990171623,0.4133514356845576,0.40006944295585695,0.2323087563429425,0.2455907490716433
FGGY,ENSG00000172456,chr1,59286637,59820647,3292,0.29701422116229403,0.44895474814519154,0.3617006656773914,0.3242821651468284,0.41672475243857915,0.24970451671843494,0.22441097963169915,0.3462338297047701,0.37152736679150583
HOOK1,ENSG00000134709,chr1,59804785,59886322,385,0.29731576525197273,0.2381714774491298,0.2621242467603605,0.3087488713741576,0.23173835152314698,0.16045080816580506,0.18883048116146955,0.11158297647657081,0.0832033034809063
CYP2J2,ENSG00000134716,chr1,59883307,59936773,296,0.2423496597491876,0.2008586035666646,0.20969148110498798,0.21096340388313536,0.1780400919113202,0.13320939746211025,0.13254814984657937,0.09100798466041349,0.09166923227594438
C1orf87,ENSG00000162598,chr1,59977268,60083770,603,0.42246209379018046,0.43414175252457027,0.3675616136973215,0.42413535375218314,0.4259679930294352,0.3301102012492231,0.28311209520576086,0.23930147705309163,0.28629958309655384
NFIA,ENSG00000162599,chr1,60855258,61472788,3509,0.45269357299065605,0.6073770040272044,0.5862186131503533,0.45098738467608956,0.6108131569944153,0.32761718369077203,0.2954217749241406,0.6072882416218415,0.6394836503884729
TM2D1,ENSG00000162604,chr1,61671045,61735423,415,0.49833203551856575,0.5355172316119514,0.5179455139035618,0.46939293125635373,0.4127173156100719,0.3634747461868805,0.4341576667142269,0.40335607234885723,0.33267315182151086
PATJ,ENSG00000132849,chr1,61732476,62188675,2709,0.4150185325921573,0.5179085613305731,0.4797578693733868,0.4017017625101853,0.4734374206684838,0.3061678240381912,0.3009511526262603,0.4234536521023585,0.4286703235142893
L1TD1,ENSG00000240563,chr1,62184848,62222328,310,0.30438184551898534,0.5133135141670337,0.42884739593211285,0.28731933718387725,0.4440905709258537,0.26149533990518337,0.23585353562342504,0.45863978955757934,0.4842815938393379
KANK4,ENSG00000132854,chr1,62226164,62329434,761,0.3684903230426206,0.4437515779325459,0.41207259336031554,0.36993142507688337,0.36692869065055417,0.25751524949092935,0.2956473442460631,0.3290250327474479,0.29089293799231425
USP1,ENSG00000162607,chr1,62426296,62461804,205,0.42295913263149526,0.6419619230678858,0.5453823713326876,0.347795593112711,0.5251863063988411,0.39432976792228436,0.3548402104497733,0.6327861701694213,0.6722757276419323
DOCK7,ENSG00000116641,chr1,62444297,62698386,1112,0.5059959813835014,0.626757273802203,0.5763606066125262,0.5157381162100525,0.542165841674117,0.4159326422820678,0.4647037533607304,0.5695936882193601,0.5208225771406976
ANGPTL3,ENSG00000132855,chr1,62587519,62616313,102,0.35521004454676025,0.5877713290771908,0.4406165352517354,0.338201888246136,0.47655644709690786,0.372043832608309,0.32582285647353737,0.514133224482874,0.5603542006176456
ATG4C,ENSG00000125703,chr1,62774131,62875516,545,0.2633463214919909,0.1767134626668595,0.1280400233713621,0.22764379330000198,0.10690487616616404,0.1815383133405124,0.16984911124656754,0.012912663550206788,0.02460186564415165
FOXD3,ENSG00000187140,chr1,63312566,63335128,122,0.3578136536757234,0.3246674764284173,0.23005320854536307,0.31270262593751713,0.23776592455163878,0.28699648585266574,0.2480183592882518,0.10555359604458328,0.14453172260899727
ALG6,ENSG00000088035,chr1,63357574,63448553,513,0.3740196254204912,0.41574101779933686,0.3984798371929025,0.322253994974654,0.35595563138976766,0.2487759837072922,0.2432029784879032,0.28863494807475965,0.2942079532941486
ITGB3BP,ENSG00000142856,chr1,63430769,63603721,973,0.4731569939562672,0.5626995515063402,0.506771569903623,0.44829060076953625,0.5067502702784458,0.38060230291698094,0.3575644674655206,0.4465324920495974,0.46957032750105776
EFCAB7,ENSG00000203965,chr1,63513371,63582693,395,0.49786260518442316,0.5160872821681214,0.45176526371133613,0.4256022651400876,0.4508409549451689,0.4068402463068707,0.34045837422842246,0.3190104772790583,0.3853923493575066
PGM1,ENSG00000079739,chr1,63583410,63670245,600,0.33824328757697053,0.3450641181125922,0.24991917335686914,0.3240967923335694,0.21882697859880357,0.27425046173485,0.28398236005519917,0.1489674766518305,0.13923557833148134
ROR1,ENSG00000185483,chr1,63764016,64191498,2690,0.48552871538562287,0.4500877078979943,0.4361870306529376,0.4449057350034343,0.39011381958208147,0.3447896613734459,0.34606544324569133,0.2532068210041366,0.25193103913189113
UBE2U,ENSG00000177414,chr1,64193622,64277368,572,0.2895916087432871,0.3739233020955021,0.3110929422733921,0.2699975122834182,0.25850098481433176,0.21877437930816793,0.24195414312219815,0.24950801546469425,0.226328251650664
CACHD1,ENSG00000158966,chr1,64460128,64703058,1392,0.539549535730736,0.5387786622686083,0.5797443387495174,0.5494515918264182,0.5896563091061898,0.34126759443185317,0.3402033896977862,0.4326096315460898,0.43367383628015677
RAVER2,ENSG00000162437,chr1,64735094,64843232,502,0.15762133577519313,0.20208753108760114,0.1437226575826438,0.20456420225744845,0.13777574320466046,0.12106053215721962,0.1531908167142289,0.10469584347098665,0.07256555891397741
JAK1,ENSG00000162434,chr1,64823228,65077754,1409,0.4505747026791524,0.38163215398530287,0.35948953367161257,0.46463993595871605,0.37167385857029406,0.31703221131149917,0.320395803117945,0.16363956719765582,0.16027597539121008
AK4,ENSG00000162433,chr1,65137548,65242145,586,0.30222590009507216,0.4864334345755593,0.4256316407870571,0.3419936643227197,0.4383516148354828,0.23587557360194888,0.2540185360751628,0.4305000535960966,0.41235709112288266
DNAJC6,ENSG00000116675,chr1,65238218,65425871,1129,0.46466054944305957,0.5937837660467461,0.4957729393227538,0.4700316835923273,0.5324041552451109,0.42049765816724477,0.38782839202667674,0.48037200704806604,0.513041273188634
LEPROT,ENSG00000213625,chr1,65410586,65446007,209,0.35651775524469304,0.4077844223260204,0.3649251900181254,0.34616286948217895,0.3562314097525365,0.2553664634398958,0.2541828019935154,0.26851809546897576,0.26970175691535614
LEPR,ENSG00000116678,chr1,65410651,65651559,1162,0.3628736704082767,0.5383948158947559,0.41848537390352925,0.3858541345522317,0.43153932075778706,0.34085675080097627,0.34787250615485027,0.432188582319737,0.425172826965863
PDE4B,ENSG00000184588,chr1,65782513,66384579,3456,0.4408929886956762,0.5333789096257716,0.4463151086440598,0.4992044376869811,0.48049339522423906,0.3762462843827291,0.3994596429622704,0.3859914359173526,0.36277807733781126
SGIP1,ENSG00000118473,chr1,66523266,66761139,1764,0.42026429157210604,0.6432041672100882,0.572614399300109,0.3060545797878389,0.5573618454532866,0.36285294252181116,0.2904754374713076,0.6677386152231477,0.7401161202736513
DYNLT5,ENSG00000152760,chr1,66742458,66789047,278,0.33901937278658817,0.4579057056174018,0.3362559166386283,0.36006011899273105,0.38477389226723574,0.3082437226184428,0.2864654684357299,0.3040715951802794,0.3258498493629923
INSL5,ENSG00000172410,chr1,66787739,66811276,140,0.583353589361892,0.7261131159448879,0.677790486715346,0.5632522783557851,0.6454640225988326,0.5190020800502105,0.5432470929579916,0.7760380096980612,0.75179299679028
DNAI4,ENSG00000152763,chr1,66802884,66934856,697,0.5448370361820234,0.6040457517425573,0.5406515625160648,0.45869172934247665,0.486137629974272,0.46780506858665405,0.4372115715874768,0.45865154051907775,0.48924503751825504
MIER1,ENSG00000198160,chr1,66914894,66998619,393,0.6429198650106919,0.7191641346511823,0.7119619277036442,0.5634498874593781,0.651430022116602,0.5275586659550817,0.5224603613732867,0.7424262234304168,0.7475245280122119
SLC35D1,ENSG00000116704,chr1,66989349,67064148,434,0.5141635544514528,0.5861966204190109,0.6150832857634139,0.445164380706577,0.5972632453926278,0.3247596476395861,0.2809877961160721,0.5576046988798558,0.6013765504033696
C1orf141,ENSG00000203963,chr1,67082164,67241853,1040,0.5538429556130803,0.5989685958589945,0.5599110295625168,0.5204280612207423,0.5638460168800223,0.45001072234321515,0.4094084908303865,0.46370481783267986,0.5043070493455084
IL23R,ENSG00000162594,chr1,67128906,67269979,906,0.507172195034215,0.500933841706809,0.45385328765363225,0.4182634787363643,0.40848225161567614,0.3988722104042519,0.35584533316904177,0.2961443998646682,0.3391712770998783
IL12RB2,ENSG00000081985,chr1,67297363,67408724,615,0.37559299653293393,0.3137013475148225,0.26823713503349483,0.4545309873841417,0.34479234187384084,0.26754824706878966,0.27987430751313724,0.10889414544935638,0.0965680850050088
SERBP1,ENSG00000142864,chr1,67397809,67440415,225,0.28696303099123727,0.2576543037399239,0.24814441061063103,0.40632151161045355,0.34558817623197724,0.1754756237483875,0.19766959606456372,0.12246462263847874,0.10027065032230248
GADD45A,ENSG00000116717,chr1,67675200,67698334,149,0.46608794932386927,0.5424046670115437,0.5623961450372007,0.476734958330407,0.590199151447284,0.29142648598446624,0.26867661838834606,0.49034355187295453,0.5130934194690746
GNG12,ENSG00000172380,chr1,67691474,67843467,906,0.4079509860394889,0.4127364985686124,0.4008325424742801,0.4231803452560194,0.3700668848949353,0.2721166801565485,0.310182825565656,0.26016498460766535,0.22209883919855777
DIRAS3,ENSG00000162595,chr1,68035885,68061631,173,0.39044717983429167,0.3435638564991573,0.36652595607819494,0.2708916653668271,0.29590728769588137,0.22971163892192717,0.19300878550596637,0.19121821913526987,0.22792107255123073
WLS,ENSG00000116729,chr1,68088472,68243120,911,0.38947983894949717,0.5153724609793634,0.4862358716390713,0.39969270910530696,0.5063050383075621,0.2759137964560484,0.26442540413469495,0.44846084740373837,0.4599492397250918
RPE65,ENSG00000116745,chr1,68418821,68459954,251,0.38319580136920384,0.41635104595499156,0.3202838986587011,0.4192177350246081,0.34004399916907135,0.3177895832996911,0.3331264114173954,0.22066599967822892,0.20532917156052455
DEPDC1,ENSG00000024526,chr1,68464151,68507221,229,0.3331612724894977,0.40652383600389946,0.2994670519157459,0.43635779909251793,0.31861705927148265,0.2855256992120713,0.35573152108065575,0.236232528285735,0.16602670641715062
LRRC7,ENSG00000033122,chr1,69557921,70161945,3490,0.34404640775597367,0.577473791744798,0.5024899906085504,0.37741818124234205,0.5099898147555719,0.2925147178001847,0.3110274621900307,0.5689890849353307,0.5504763405454846
LRRC40,ENSG00000066557,chr1,70134804,70215579,281,0.33544497866936124,0.6229415520444216,0.5657508156224782,0.3556039613970201,0.6342399073070596,0.27492796012384385,0.20450959967659432,0.7004271090619381,0.7708454695091876
SRSF11,ENSG00000116754,chr1,70195681,70263052,264,0.2926768442462484,0.5137230096875642,0.5363348041540854,0.357123268126836,0.5724839645374554,0.14932598393927987,0.15650783900318327,0.571650894581385,0.5644690395174815
ANKRD13C,ENSG00000118454,chr1,70248998,70364734,469,0.3404089115012382,0.5551362643551897,0.5072189603824203,0.35490429004329,0.5512325011503898,0.2592160561441206,0.22354674805922636,0.5507711995983883,0.5864405076832824
CTH,ENSG00000116761,chr1,70401217,70449851,227,0.43495290402741554,0.6534363315020115,0.6252527286913627,0.45075166487506274,0.6307111756742456,0.3245157509890765,0.3313585546526131,0.7351729787736588,0.7283301751101223
PTGER3,ENSG00000050628,chr1,70842352,71057808,1361,0.4455472464640447,0.5110135199644924,0.4795564374905149,0.39967202561598525,0.47185922950890313,0.32606014662186406,0.29365358359205207,0.3893602914567653,0.4217668544865772
ZRANB2,ENSG00000132485,chr1,71053290,71091289,203,0.3622688155237266,0.5758007894814947,0.5526202596568095,0.28566283924395164,0.5263371047361507,0.2515215046430361,0.22334645519317908,0.6060305933170275,0.6342056427668845
NEGR1,ENSG00000172260,chr1,71385942,72292539,4862,0.46524665601418796,0.5204620746073377,0.49510918128421927,0.49743947781308406,0.52107090239456,0.33873444909722433,0.34338439203644094,0.39619784506525096,0.3915479021260343
LRRIQ3,ENSG00000162620,chr1,74016014,74208187,977,0.5417661243564139,0.5929062354405146,0.5956680409234141,0.5185194879865972,0.5895086642588563,0.3867841312397794,0.36960040273198536,0.5119276090800673,0.5291113375878616
FPGT-TNNI3K,ENSG00000259030,chr1,74188234,74554393,2383,0.6319911098239033,0.6025782182065824,0.5820454158832498,0.6531459437644949,0.6014687386679454,0.5250114099160793,0.5308194890085338,0.3977457296969544,0.3919376506044999
FPGT,ENSG00000254685,chr1,74188237,74244086,286,0.4599449243124373,0.43363545119985414,0.44009199203549587,0.4292394819242881,0.38775943880886987,0.30230935066420783,0.31933644716050363,0.2662079782925024,0.24918088179620657
TNNI3K,ENSG00000116783,chr1,74225386,74554428,2190,0.6595812407527104,0.624800788341656,0.619881892444564,0.6797407536183339,0.6323207194394243,0.5453018360794204,0.5591891940942275,0.434996326896671,0.4211089688818639
LRRC53,ENSG00000162621,chr1,74459375,74522611,485,0.4077179514309118,0.3064633831205747,0.31176262242607594,0.43224064194399053,0.3630700171432615,0.25805104482821506,0.24045665472989683,0.1079001956783846,0.1254945857767028
ERICH3,ENSG00000178965,chr1,74558116,74683792,787,0.3777268388883766,0.412524994727541,0.3503376403382643,0.38781498967885913,0.3518938202748489,0.28749759861689206,0.2944707886708594,0.24442397946905295,0.2374507894150856
CRYZ,ENSG00000116791,chr1,74695481,74743408,333,0.4288744602164561,0.5033899524474799,0.49877076747803833,0.44066873867102535,0.4736593406220604,0.2847023374019951,0.3195784620012536,0.41524783602343973,0.3803717114241812
TYW3,ENSG00000162623,chr1,74723151,74776678,353,0.4116009033457551,0.4821151120124583,0.41507062998925265,0.39838428549136706,0.4126552523968148,0.3260439684152864,0.3169976717957277,0.33195831696504563,0.34100461358460427
LHX8,ENSG00000162624,chr1,75118433,75171533,260,0.478292646855627,0.5935754901729469,0.4903272569320664,0.4589179296202889,0.5068559394068082,0.43850955495215155,0.40379372491940324,0.46184751997045315,0.49656335000320156
SLC44A5,ENSG00000137968,chr1,75192130,75621116,2552,0.41089794114513206,0.6464033539101537,0.602958200363096,0.4356898019744325,0.5979665681640507,0.32252027688451923,0.35026479271556604,0.7170781564191402,0.6893336405880933
ACADM,ENSG00000117054,chr1,75714430,75797575,510,0.42135218628953436,0.563288866083664,0.5120138987964369,0.3768882744639564,0.4922983138386903,0.3290381107614148,0.3118257644650793,0.49944521248211377,0.5166575587784493
RABGGTB,ENSG00000137955,chr1,75776196,75805086,149,0.4733841189646284,0.4818995533410971,0.4753805896526868,0.4943554723471769,0.47693761724053557,0.3268939028959396,0.3457264854072474,0.3306922401563824,0.3118596576450747
MSH4,ENSG00000057468,chr1,75786881,75923242,773,0.4994027694681743,0.6259961676623367,0.5707085654489854,0.473176092125951,0.5623211249797097,0.4149117054728162,0.39905418105402696,0.56857752925514,0.5844350536739293
ASB17,ENSG00000154007,chr1,75908872,75942404,202,0.5392559556307229,0.5827186202361008,0.5695730998974797,0.4839643686732629,0.5419462033421903,0.40296467486899706,0.37740266711741105,0.47102983825428035,0.4965918460058664
ST6GALNAC3,ENSG00000184005,chr1,76064745,76644603,3664,0.41832792785675194,0.5484462843769211,0.5553627145126019,0.41954215211680745,0.5274797807258541,0.2632064818610794,0.29466214740948765,0.5318544598608752,0.500398794312467
ST6GALNAC5,ENSG00000117069,chr1,76857479,77077546,1304,0.37506130847249153,0.5096471291978085,0.4455818300746465,0.3599102875239508,0.4568335399248753,0.2964478362840791,0.274218744775954,0.41618216627873983,0.43841125778686507
PIGK,ENSG00000142892,chr1,77078988,77229430,842,0.38794484261392453,0.4596834794006795,0.3314048123990478,0.49013590415897673,0.454719828864819,0.351978266610051,0.3413778442348968,0.2636218952741429,0.274222317649297
AK5,ENSG00000154027,chr1,77272018,77569966,2034,0.4743799378182161,0.47227706543056597,0.436949055833824,0.48747810299141386,0.47922711127161155,0.3539876763287428,0.32757723736619526,0.28519620180769123,0.3116066407702387
ZZZ3,ENSG00000036549,chr1,77552415,77693419,606,0.3843960889071513,0.5050262804089736,0.4664127192182861,0.4382111341064216,0.5530631010841525,0.28013475600636834,0.23727096631347844,0.4231158535517946,0.4659796432446846
USP33,ENSG00000077254,chr1,77685986,77769852,290,0.4895726731497133,0.6866628592893957,0.5919534708065367,0.38112497594020583,0.5434565886193373,0.46830424031706047,0.4281279901677577,0.6921713009389059,0.7323475510882087
MIGA1,ENSG00000180488,chr1,77769623,77889539,422,0.4238984585378754,0.5682220433320576,0.5008504995527269,0.4955583733746181,0.553010401072213,0.3482327653128439,0.35946350504830393,0.4916110467574869,0.4803803070220267
NEXN,ENSG00000162614,chr1,77878512,77953895,243,0.5183258046752106,0.5420306568830072,0.510530904804672,0.620488661308562,0.5542896542666709,0.39850320793464,0.4708689255891021,0.3824498255994345,0.3100841079449725
FUBP1,ENSG00000162613,chr1,77934054,77989110,230,0.41664788811258413,0.40347117625284395,0.2605088435113223,0.44482103643575027,0.35034250029302644,0.3768995354638436,0.3368912495029597,0.13972818169402634,0.1797364676549103
DNAJB4,ENSG00000162616,chr1,77969174,78027964,271,0.5182434348675183,0.5480299459587171,0.5097164878655586,0.549531188847371,0.5371254322862304,0.40584211928208835,0.4106533078786404,0.3882972341836418,0.3834860455870898
GIPC2,ENSG00000137960,chr1,77969541,78148444,940,0.46422644588371875,0.49873199627185855,0.40007791041876684,0.5211928310509419,0.4438025322639743,0.4018512906455589,0.4202199130128604,0.2887630926986955,0.27039447033139397
PTGFR,ENSG00000122420,chr1,78293883,78550701,0,,,,,,,,,
IFI44L,ENSG00000137959,chr1,78609901,78656145,241,0.42948051171221785,0.5535629395932073,0.47080834444846303,0.40024983249935103,0.48809566828218426,0.3656300930387356,0.32404071259973793,0.4408267576977862,0.48241613813678375
IFI44,ENSG00000137965,chr1,78639795,78674078,228,0.3549157277142183,0.44158571064707747,0.3997594970406813,0.38319879807577173,0.36615876595802993,0.25530179412281795,0.30495293536932133,0.32735234392316465,0.2777012026766613
ADGRL4,ENSG00000162618,chr1,78879763,79292124,3100,0.4100606803938084,0.5304954044798554,0.5004578198157649,0.44006218153469784,0.49929716792280243,0.2948747740587964,0.32213211435640765,0.4612024182076025,0.4339450779099913
ADGRL2,ENSG00000117114,chr1,81296146,82002436,4588,0.37338530399272346,0.45934755171982605,0.42265592989492573,0.40651739307103546,0.4211588379192677,0.26654259842349803,0.29499941599117124,0.3484360327760253,0.3199792152083522
TTLL7,ENSG00000137941,chr1,83855023,84009150,802,0.30226849977787823,0.19237949275600302,0.21640171457004825,0.3750935012460748,0.2927758410314458,0.16486256972688243,0.1687043178344318,0.04880043031578832,0.04495868220823898
PRKACB,ENSG00000142875,chr1,84068061,84248498,1012,0.40808132550680465,0.7434903081609681,0.6592106352763858,0.42780989792348695,0.6507531348266625,0.404242083264277,0.4334482849500938,0.9563467468733758,0.9271405451875592
SAMD13,ENSG00000203943,chr1,84288365,84399957,675,0.5770385468196947,0.5379171089721533,0.5836073748808035,0.6279461272867304,0.5910415174995781,0.3781792820295047,0.43329298219325485,0.39383170415515173,0.3387180039914014
DNASE2B,ENSG00000137976,chr1,84388483,84425018,227,0.4269593640005685,0.5076591603728894,0.42083253514960195,0.4205948178169926,0.4570016099544009,0.3596095368120162,0.3218441822641195,0.34897450205792174,0.38673985660581855
RPF1,ENSG00000117133,chr1,84469258,84508352,285,0.33671795129045845,0.329083223562835,0.24774877460464861,0.34256856592463647,0.28289087815172276,0.2624901053907237,0.24299886214751912,0.1366200734667298,0.1561113167099344
GNG5,ENSG00000174021,chr1,84488324,84516581,189,0.24422872311203103,0.3231596635440726,0.2389037264719645,0.327481730186362,0.26339419411600495,0.19867047308702532,0.24067174077562667,0.19164940059663638,0.14964813290803497
SPATA1,ENSG00000122432,chr1,84496299,84576194,476,0.33839818788204834,0.30426000198059017,0.250680470466483,0.3306253221112088,0.26886884696093244,0.24364043627036006,0.2255140770468721,0.11913881823460784,0.1372651774580958
CTBS,ENSG00000117151,chr1,84539610,84584480,248,0.2970007008330635,0.30394575973298077,0.3027054868981516,0.29990445706863617,0.34132442154868675,0.1770898303962894,0.15067099711010998,0.18523785986979213,0.21165669315597158
SSX2IP,ENSG00000117155,chr1,84633705,84700803,324,0.4666994671192751,0.41532572076993485,0.39679505355540773,0.4800323356426921,0.49501799695538257,0.32993613731721455,0.2537282699230964,0.20676423713777986,0.2829721045318979
LPAR3,ENSG00000171517,chr1,84801601,84903206,717,0.3462160658225162,0.37590807653189495,0.3482411370154056,0.39251995457280076,0.35645034219130306,0.23417766934323012,0.2645687364705026,0.23727993886884227,0.20688887174156978
MCOLN2,ENSG00000153898,chr1,84915582,85007113,647,0.30716891876569635,0.43038735726950533,0.3469056725832297,0.31975023652437634,0.35304882384793523,0.25186703755694717,0.2563047615601044,0.31093168576880575,0.30649396176564847
DNAI3,ENSG00000162643,chr1,84989146,85143138,820,0.5114198788311216,0.4805795758812507,0.45060615686457084,0.5142445139837535,0.4661728530465222,0.3861768761838434,0.3747041838081909,0.2688647818191723,0.28033747419482485
MCOLN3,ENSG00000055732,chr1,85008081,85058500,242,0.526206201510731,0.4475998555201545,0.5020186404892677,0.59868780764371,0.5308962142421099,0.3216365193800798,0.37478348624859115,0.2718460765176325,0.2186991096491211
SYDE2,ENSG00000097096,chr1,85146888,85211016,318,0.5111604239617391,0.38260365278288794,0.48014246345707473,0.48989362379687945,0.4625332034769594,0.271882259445999,0.267245891375915,0.2103618238815772,0.21499819195166114
C1orf52,ENSG00000162642,chr1,85239952,85269672,160,0.24821897766307516,0.3211145937308606,0.28357460382286526,0.24824131006284816,0.2541178645395233,0.16956598273944898,0.18972757249764052,0.2177369513082157,0.19757536155002411
BCL10,ENSG00000142867,chr1,85255775,85286632,212,0.34228562856311423,0.4111332442318755,0.40600764121973865,0.36644393420370536,0.3861395062332649,0.21382552309110542,0.2489872690073635,0.31572981893804886,0.2805680730217909
DDAH1,ENSG00000153904,chr1,85308480,85588363,1527,0.4334237331270587,0.46580965098487637,0.39729954550915153,0.45722216854734715,0.3924012179890454,0.34440582984309664,0.36990886240396725,0.28259721486538114,0.25709418230451053
CCN1,ENSG00000142871,chr1,85570760,85594589,156,0.37172295923823545,0.3986989995280063,0.35674736434227583,0.3730718029361036,0.2830273535757952,0.2661079843751056,0.321432655544893,0.2425516527145746,0.18722698154478729
ZNHIT6,ENSG00000117174,chr1,85639416,85718433,532,0.5690013018017698,0.4668421452603507,0.48676131947142204,0.5725783564277296,0.4539004206613284,0.40178683370251367,0.4369840465472098,0.22715090222275164,0.19195368937805546
COL24A1,ENSG00000171502,chr1,85719232,86166943,2740,0.4015342911983429,0.388553126371673,0.3393769046266888,0.41972652222785867,0.3249359658181405,0.29537072591828856,0.3216176262099154,0.19655648048704466,0.1703095801954178
ODF2L,ENSG00000122417,chr1,86336823,86406342,284,0.4032684023188905,0.3837133980985446,0.3529171369047408,0.3569236178754616,0.3447474140363733,0.2825250463690548,0.25140022106265075,0.20151811445371354,0.23264293976011757
CLCA2,ENSG00000137975,chr1,86414170,86466553,372,0.3298051401382578,0.3604546319913636,0.34178935292897256,0.33237595684075916,0.34859470396025055,0.21447711212375997,0.21120226756758212,0.23252060541814654,0.2357954499743244
CLCA1,ENSG00000016490,chr1,86458367,86510259,331,0.44497800876553023,0.43574839601967774,0.38800051908215655,0.4178093025519504,0.4090853404690641,0.33498935907151417,0.2935642872829666,0.2372656615403283,0.2786907333288759
CLCA4,ENSG00000016602,chr1,86537077,86590754,232,0.5967429269006487,0.47341432922471893,0.48805440643071624,0.5295266550663178,0.44694932624452105,0.4399926714355239,0.4015257849713286,0.20134857168774167,0.2398154581519369
SH3GLB1,ENSG00000097033,chr1,86694569,86758184,344,0.3853151596922335,0.3770837728072853,0.3302450274650343,0.36170936656955766,0.27944155130001874,0.27957274360520534,0.2972880263374332,0.19377049241631703,0.1760552096840891
SELENOF,ENSG00000183291,chr1,86852444,86924424,365,0.3705277197183052,0.3935854800112613,0.4259027343626558,0.3211788371533032,0.3740301133661799,0.20405425832411034,0.20956802808348787,0.29613724204407316,0.29062347228469565
HS2ST1,ENSG00000153936,chr1,86904634,87119982,1215,0.5789653378832194,0.4481878260720206,0.5004066712428722,0.4991141403396609,0.4557679485543701,0.3828134085566109,0.3387725130960852,0.2117341466747989,0.25577504213532465
RP5-1052I5.2,ENSG00000267561,chr1,86983008,87179204,1105,0.6273329728018736,0.4668282401796251,0.5483624932892668,0.552645318103268,0.5082778523063075,0.41055310247405236,0.3617368601891309,0.2183585531838424,0.2671747954687638
LMO4,ENSG00000143013,chr1,87318879,87358923,248,0.23521455574123076,0.3951125864219718,0.3957632672989897,0.2620540604260683,0.45035955549513124,0.13354183238217643,0.10405334470199651,0.3691710991460757,0.39865958682625563
PKN2,ENSG00000065243,chr1,88674221,88846255,976,0.3560421796971558,0.3840347088354565,0.45620934212606007,0.31515541343533715,0.4414191425027301,0.1577478938609998,0.14038605758317785,0.32681676868719023,0.3441786049650122
GTF2B,ENSG00000137947,chr1,88842632,88901944,364,0.382013641724045,0.41995105774728425,0.4875615643530214,0.39040688281022834,0.49299154727863015,0.17867849540525277,0.18018937884217984,0.3659643004021433,0.36445341696521627
KYAT3,ENSG00000137944,chr1,88925772,89002953,516,0.304106257731076,0.4257096614028529,0.44245172993579374,0.33505690822904294,0.3871827876631099,0.16648614865437267,0.2364927197562662,0.3881340455188408,0.3181274744169473
RBMXL1,ENSG00000213516,chr1,88969455,89002960,211,0.3350279728992435,0.46307249082856516,0.3626618483206008,0.35308899194040005,0.40098088605510857,0.2897237878188059,0.2724884768219438,0.3321683979987027,0.3494037089955649
GBP3,ENSG00000117226,chr1,88996678,89032894,251,0.3543379874819451,0.2054180160083418,0.2616903961954594,0.4465074303480077,0.3679881631054442,0.18201309823058281,0.18129945219247223,0.047926010681631936,0.04863965671974246
GBP1,ENSG00000117228,chr1,89041881,89075360,183,0.40399748788949985,0.6652759124350296,0.5498896265365861,0.5184063588015823,0.5658764764647118,0.4068483253862308,0.4953385626782811,0.6876003803405328,0.5991101430484826
GBP2,ENSG00000162645,chr1,89096131,89160456,350,0.39974479502621213,0.49011851342884866,0.4954571661074284,0.43393974616768927,0.3815144015117294,0.24993739648753477,0.38107516922601115,0.4236395630527296,0.2925017903142532
GBP7,ENSG00000213512,chr1,89121741,89186009,332,0.46480463503072555,0.5307298723638809,0.51953928241244,0.4167042050920337,0.42919796217607276,0.32434516734730096,0.36746237117698044,0.43223154388380225,0.38911434005412276
GBP4,ENSG00000162654,chr1,89171143,89208942,205,0.4363713401568337,0.5246319871893972,0.4777047971662721,0.46580387557791647,0.4443453757411346,0.33375166584698496,0.3915249436141298,0.409914345263268,0.35214106749612306
GBP5,ENSG00000154451,chr1,89248949,89282804,167,0.3967428791601367,0.40358920825268746,0.3592861386979035,0.4602460061983872,0.3147482750832244,0.2885325279552882,0.37774919255324596,0.22829307348556743,0.1390764088876097
GBP6,ENSG00000183347,chr1,89354058,89398160,105,0.6475216361554341,0.6122666334192526,0.44922238858991725,0.721277610672706,0.5805444278306952,0.6968896262717014,0.6780893613326414,0.25054774885114917,0.2693480137902091
LRRC8B,ENSG00000197147,chr1,89514828,89607861,538,0.31990421098391536,0.35749031538274134,0.2741216282512267,0.2521993629771811,0.2659334151190829,0.25376110165289967,0.2119183570918352,0.18861228733920937,0.23045503190027378
RP5-1007M22.3,ENSG00000288629,chr1,89569591,89589654,121,0.3701611540564935,0.45022486058643635,0.24045991159666572,0.340427217661598,0.2575728943055022,0.3927475192381192,0.35828914377325316,0.2054984025441932,0.23995677800905926
LRRC8C,ENSG00000171488,chr1,89623071,89779903,851,0.4698134880959775,0.46589632842617557,0.43815439464716444,0.47330597668670865,0.4212972585435758,0.3425817760131211,0.3606672420863566,0.28458354132783226,0.2664980752545968
RP11-302M6.4,ENSG00000271949,chr1,89623139,89943250,1787,0.4841980202893396,0.4596902545213507,0.40533253340322023,0.4697118924021578,0.3816744598328915,0.3789460696007742,0.3846036629162922,0.23666663153197215,0.23100903821645413
LRRC8D,ENSG00000171492,chr1,89811013,89946611,742,0.4871047412088814,0.5065510347740392,0.421327695969133,0.5055204777212593,0.43217034055090925,0.4135002687254593,0.42232578927529774,0.2928355706598879,0.28401005011004954
ZNF326,ENSG00000162664,chr1,89985109,90045533,292,0.6064326186244878,0.45205436582352526,0.49964102794145365,0.5319046417324873,0.49253883158222245,0.42082635019048575,0.34116368253717705,0.18075285447220862,0.26041552212551733
BARHL2,ENSG00000143032,chr1,90701538,90727302,121,0.3574393701418153,0.4819080624245406,0.46365050544409936,0.33501952809276564,0.4402191063125269,0.2384636898074166,0.24269516901348864,0.419138876997045,0.41490739779097296
ZNF644,ENSG00000122482,chr1,90905297,91032272,585,0.40462902273129214,0.6231958122382444,0.5543221978865273,0.4312637160721578,0.5815506867889297,0.3432205970130093,0.3345842678647463,0.6328090253112819,0.6414453544595449
HFM1,ENSG00000162669,chr1,91250765,91414856,690,0.7141986543498478,0.7724367012858934,0.7093798471323413,0.7221823001473053,0.7125003374654324,0.7485234836178275,0.7572916934832216,0.7318033595678279,0.7230351497024339
CDC7,ENSG00000097046,chr1,91490850,91535764,254,0.4705148611452637,0.5718376295284929,0.5729138010387238,0.4882573936174022,0.5172835842568665,0.31666677538422067,0.3949301793080563,0.5315860096982917,0.453322605774456
TGFBR3,ENSG00000069702,chr1,91670342,91916335,1557,0.43132202235867567,0.3916702094057588,0.35178636771123933,0.446330813488185,0.38072534169914035,0.3139720586406046,0.30450982019986905,0.1830660666907073,0.19252830513144298
BRDT,ENSG00000137948,chr1,91939342,92024426,387,0.5411017721095202,0.4361387545066405,0.4486693742780402,0.5962352702485879,0.4967285624400768,0.378226646256336,0.3966221909982727,0.19472043012408458,0.17632488538214802
EPHX4,ENSG00000172031,chr1,92019984,92073538,242,0.48140010775160297,0.4732391101521954,0.5125672098184366,0.4638205538343732,0.48132822623759436,0.28951415108259226,0.30390546139973407,0.35149440177388014,0.33710309145673817
SETSIP,ENSG00000230667,chr1,92064532,92085441,89,0.3480475534374967,0.47467204391418805,0.5181342997326371,0.252835804339513,0.47495426156078485,0.17071317684533965,0.14546647252111689,0.47301935631673114,0.498266060640954
BTBD8,ENSG00000189195,chr1,92070304,92194725,614,0.6418463379484578,0.8622232117936801,0.7633896459528778,0.4458221094601423,0.7366713254247073,0.783786487304608,0.6190188040031133,1.198333892813944,1.3631015761154384
C1orf146,ENSG00000203910,chr1,92207914,92255813,198,0.5410029428337669,0.77836921451373,0.7188827341941217,0.3767566959112731,0.6546490435587475,0.5082352548814181,0.4581832981462548,0.9985071552020865,1.04855911193725
GLMN,ENSG00000174842,chr1,92236401,92308987,293,0.6495621118204362,0.8320879679100183,0.8426893344730355,0.3916809279446642,0.8096765404413429,0.4916770925704885,0.31117028238401245,1.2926379626564495,1.4731447728429257
RPAP2,ENSG00000122484,chr1,92289058,92412056,467,0.644196578230854,0.7933900992982821,0.809154202737298,0.4475318436402308,0.7308860944478669,0.4770050834299483,0.4288308679361281,1.0999177179349258,1.1480919334287458
GFI1,ENSG00000162676,chr1,92463042,92496925,172,0.7085255960549945,0.7509900882948951,0.8260601501127046,0.4903436779283541,0.7279702029739159,0.43700996627786237,0.3812187825908514,0.9532526109872085,1.0090437946742195
EVI5,ENSG00000067208,chr1,92498695,92802404,1293,0.8492502562089574,0.7794289610645653,0.7978683978209875,0.6534619885741947,0.6526741770207186,0.9024166545501683,0.7569031303759952,0.6091188093885487,0.7546323335627217
RPL5,ENSG00000122406,chr1,92822012,92851924,145,0.5945635186502779,0.5017860560853735,0.5400034390682735,0.42538595801607604,0.39965744164616124,0.4114902413395198,0.37026376337807054,0.28523544661804007,0.32646192457948936
DIPK1A,ENSG00000154511,chr1,92822736,92971522,688,0.6051338534163686,0.5492945596405181,0.5693833873260046,0.4575830651012334,0.4133137520951393,0.44180630243145363,0.43769824803399354,0.35513497601616845,0.3592430304136286
MTF2,ENSG00000143033,chr1,93069234,93149079,324,0.6756919184628114,0.502219056917405,0.5563729437464614,0.6352436099639429,0.5162407114959592,0.5054427425929326,0.4899764555315183,0.19215242946532585,0.20761871652674013
TMED5,ENSG00000117500,chr1,93139741,93190516,226,0.5499606145596346,0.473672343561872,0.4928967814710627,0.4915478005857732,0.47172456152580944,0.38060540338558535,0.34003897135325745,0.2612259358085511,0.3017923678408791
CCDC18,ENSG00000122483,chr1,93169918,93288730,560,0.4755393309622234,0.3934089533917565,0.4359335922493987,0.4076333655549313,0.3893897342338846,0.28635099755629945,0.26511678920761494,0.21354944624031996,0.23478365458900446
DR1,ENSG00000117505,chr1,93335906,93379493,235,0.6374175087454601,0.504655668646858,0.3946892500468619,0.5785654152605056,0.4883217058930031,0.6074960456560259,0.44826683301641607,0.09500609369286661,0.25423530633247643
FNBP1L,ENSG00000137942,chr1,93438117,93564661,423,0.585827216234632,0.5700735602166374,0.5956700072550579,0.6016022173349982,0.5690697733961314,0.41004463731350893,0.46131819243674943,0.43409651788645753,0.38282296276321703
BCAR3,ENSG00000137936,chr1,93551740,93857150,1874,0.3341140397940739,0.36713804713804715,0.3300205452280382,0.33361874766732075,0.31454058893166925,0.23181579350340106,0.24286514670962728,0.2256871710646837,0.21463781785845745
DNTTIP2,ENSG00000067334,chr1,93856283,93889918,210,0.27445236892010666,0.41274823547797346,0.27967950609126524,0.3064402738790526,0.28805162842527204,0.2625355855961793,0.27923484444463376,0.269766065131098,0.2530668062826435
GCLM,ENSG00000023909,chr1,93875198,93919456,257,0.3260862018160565,0.24576932372479915,0.2507118743258904,0.3464669108122067,0.22076117490661254,0.19403920210739029,0.22899071671467314,0.08801781895137098,0.053066304344088155
ABCA4,ENSG00000198691,chr1,93982833,94131148,1232,0.309280645222744,0.3505295533686681,0.3592427322837809,0.34806480359200426,0.3722279598661761,0.17825752782372906,0.19691494390353495,0.25334041780534133,0.23468300172553538
ARHGAP29,ENSG00000137962,chr1,94138987,94285068,717,0.5933092904693646,0.4834404081620637,0.4830719611921846,0.5986619882796732,0.492056479346199,0.4502076633020006,0.4480654440787455,0.21035695751645656,0.21249917673971175
ABCD3,ENSG00000117528,chr1,94408388,94528666,552,0.3993177505348026,0.3814132029570844,0.30455545211512874,0.46839088322208994,0.32097125530928194,0.3134014744522391,0.36253637319035964,0.1669162877932897,0.11778138905516922
F3,ENSG00000117525,chr1,94519172,94551759,175,0.5564319035937687,0.5749494120226329,0.5003095007424626,0.5296471674523496,0.4513872541775795,0.48734232936333566,0.504728388794822,0.3682047572429753,0.3508186978114889
SLC44A3,ENSG00000143036,chr1,94810341,94905246,732,0.4365443149299785,0.42490669171772444,0.41237054839168985,0.4508918115000365,0.39631515205133416,0.2976154264438695,0.32398988808107937,0.2556075496326024,0.22923308799539244
CNN3,ENSG00000117519,chr1,94886948,94937223,301,0.3401667799459559,0.3799284150706398,0.30879790683435127,0.37194424705617757,0.36452345651296103,0.26218274381854056,0.24483329328247186,0.21573760422591745,0.2330870547619861
ALG14,ENSG00000172339,chr1,94964404,95082951,662,0.3303197508707228,0.41528162021304954,0.30767604173787827,0.3542266584105646,0.3376263931457976,0.28493929260960854,0.2810030647423488,0.2516856571254407,0.2556218849927005
TLCD4,ENSG00000152078,chr1,95107354,95207607,437,0.5290626096220788,0.5075543352856355,0.49559595868257567,0.4903502757030108,0.4838877117043905,0.38851180502475896,0.3604859150218781,0.31985934488460216,0.34788523488748296
TLCD4-RWDD3,ENSG00000271092,chr1,95107922,95257225,669,0.5254802528758127,0.5319637339774743,0.5275819938270506,0.5020290234228388,0.5023719007296846,0.3773852303239298,0.3792603543151079,0.38182426424174853,0.3799491402505704
RWDD3,ENSG00000122481,chr1,95224209,95257225,164,0.5970979232315777,0.537087888697672,0.6788174897163832,0.517303522608683,0.5717614791935225,0.2717670249997789,0.3252551771754393,0.4984510423160754,0.444962890140415
PTBP2,ENSG00000117569,chr1,96711664,96833738,618,0.3666826625592405,0.5697784883243361,0.5522264962962099,0.298384521337916,0.5280828999089633,0.2483854862445839,0.22343644575068772,0.5950695732589956,0.6200186137528917
DPYD,ENSG00000188641,chr1,97067742,98005000,4968,0.470819814473219,0.5197625534590966,0.49412831113647965,0.45445309398155787,0.4796090938044814,0.34421434284285424,0.3431330500823948,0.38926027425775805,0.39034156701821743
SNX7,ENSG00000162627,chr1,98651700,98770500,783,0.46038304854029205,0.5278092839998986,0.47971253491323135,0.47049645892834013,0.47379588039997694,0.3569471266422865,0.37206083031343173,0.3934251890420316,0.3783114853708863
PLPPR5,ENSG00000117598,chr1,98880244,99015032,841,0.40836617608508136,0.5019439463486739,0.4846400352337081,0.3740795769402315,0.47029697464768333,0.27951018257499816,0.26506796371546687,0.41753246818382633,0.4319746870433576
PLPPR4,ENSG00000117600,chr1,99254291,99319590,384,0.27243132255102714,0.5796116381134425,0.537055013819826,0.3439837589389689,0.5541925271225411,0.20723807694542024,0.24013898054876864,0.6593382468458545,0.6264373432425059
PALMD,ENSG00000099260,chr1,99636112,99704541,513,0.33410515128076546,0.6875004266648462,0.7032092311829907,0.4273485299781978,0.6430906800093285,0.17752390515288674,0.34517832106449153,0.9856282699812343,0.8179738540696293
FRRS1,ENSG00000156869,chr1,99693969,99776635,537,0.5101492662531332,0.4640489467394473,0.36029754003616116,0.5271900984668035,0.30107076253206483,0.44530744143949424,0.5072842677905157,0.17840499918537778,0.11642817283435625
AGL,ENSG00000162688,chr1,99840360,99934023,550,0.4059254588617451,0.8074631044010389,0.7066197138143501,0.451670651884042,0.723461553651549,0.47096617454315715,0.48147061465190455,1.1765013036274676,1.1659968635187206
SLC35A3,ENSG00000117620,chr1,99959350,100045634,468,0.17542040845529167,0.32847051675993966,0.23587148711800301,0.20758881907394344,0.29684250728362427,0.1610298362995312,0.13934891435199726,0.23716752114548514,0.258848443093019
RP4-714D9.5,ENSG00000283761,chr1,99960010,100093321,683,0.18636048537742453,0.464373028369382,0.4012620256409116,0.21871705714819928,0.4545118529594598,0.15881198070420222,0.13253050902819669,0.4655053279420133,0.49178679961801886
MFSD14A,ENSG00000156875,chr1,100028094,100093377,326,0.1775572765859875,0.5422811845990653,0.523415894066044,0.23684315684315685,0.5901034042603024,0.1179327979003853,0.07997078732321067,0.6635674256786377,0.7015294362558122
SASS6,ENSG00000156876,chr1,100073562,100142955,335,0.4269124616609953,0.7762611245498179,0.8086296708934269,0.45448920882970856,0.8362744505626889,0.2002238056825425,0.146872300716815,1.2970518360390473,1.3504033410047747
TRMT13,ENSG00000122435,chr1,100123149,100160498,141,0.5818805328606511,0.8184263539850378,0.844833889707046,0.5662561136351567,0.8441177826548915,0.35741148427799907,0.341370206572737,1.348682460131009,1.3647237378362709
LRRC39,ENSG00000122477,chr1,100138447,100188273,159,0.500761243118479,0.8304783529929937,0.8537667420199879,0.5360668939008701,0.8700111228177314,0.27344660077182426,0.25124158103782124,1.501328048588368,1.5235330683223711
DBT,ENSG00000137992,chr1,100176918,100259834,308,0.6215611073470731,0.82274552824365,0.8146186473906237,0.6494545379398491,0.8120219174892637,0.508264670224487,0.5535019273181264,1.2219042151369897,1.1766669580433504
RTCA,ENSG00000137996,chr1,100256215,100302769,241,0.5813138335738821,0.6874095555690565,0.6248039849562438,0.7276672278640597,0.6707868013290982,0.5265941962786814,0.6762711225894731,0.6362672332224996,0.486590306911708
CDC14A,ENSG00000079335,chr1,100335000,100530277,1018,0.5419048702001753,0.4836066451647189,0.46996769165097435,0.5796738801498883,0.42886634269392004,0.40337379132400225,0.483739430320351,0.2575126970192553,0.1771470580229066
GPR88,ENSG00000181656,chr1,100528138,100552021,161,0.5909011605961328,0.2588386683368918,0.4435553386509579,0.6174879456886614,0.5283310976566438,0.3035739465539571,0.2545270249401987,0.0,0.04500993090109062
VCAM1,ENSG00000162692,chr1,100709741,100749045,244,0.44019083712638085,0.6180361770256801,0.5797441611530403,0.4798361821297011,0.5475939555186989,0.33784854999360875,0.41143284393129964,0.6245808291223915,0.5509965351847007
EXTL2,ENSG00000162694,chr1,100862371,100905179,238,0.38167429051923485,0.47967891672090934,0.5052530859001279,0.3735247635969632,0.417147133125975,0.21517009033589168,0.2905673627616092,0.4381390997811998,0.3627418273554822
SLC30A7,ENSG00000162695,chr1,100886075,100991757,491,0.2563200835218497,0.4784773703650475,0.44727049713160166,0.2621153260710623,0.3976095724824957,0.17713031330054385,0.2240604269555368,0.47387229882661697,0.42694218517162397
DPH5,ENSG00000117543,chr1,100979622,101036088,252,0.3041140413248688,0.4785583881139436,0.5010174068986782,0.3476537757904089,0.45613019099008867,0.15927169491240017,0.2346462147528024,0.49188627776468863,0.41651175792428646
S1PR1,ENSG00000170989,chr1,101226864,101253713,116,0.5083634546441517,0.5113038810261449,0.5542230176823707,0.4922913464146848,0.5143213886724435,0.3090467445171663,0.335826880681301,0.4069676717512836,0.38018753558714896
OLFM3,ENSG00000118733,chr1,101792559,102006926,1474,0.34623165410182816,0.63052411833724,0.5624270476320881,0.3895541369048157,0.5083992096524701,0.2970800881238099,0.3895735928705917,0.6985897255023066,0.6060962207555248
COL11A1,ENSG00000060718,chr1,102866466,103118872,1935,0.51809808873442,0.5463414434300677,0.5931202416874874,0.5364349999351015,0.6051640355825945,0.31059377993117365,0.31496711399372995,0.4798166620019784,0.47544332793942207
RNPC3,ENSG00000185946,chr1,103515690,103565239,170,0.5014876324569918,0.5395222064705921,0.47883993713708783,0.3698315434173713,0.4482268919669872,0.4099597326584823,0.3213201987662165,0.36553091431132323,0.4541704482035891
AMY2B,ENSG00000240038,chr1,103543814,103589534,147,0.4127158064926685,0.4819354827404326,0.5108694643332423,0.4408518374835349,0.5187683120938391,0.23738802170198597,0.2537949201490242,0.4202674720823161,0.40386057363527783
AMY2A,ENSG00000243480,chr1,103607426,103635780,32,0.47094924136438476,0.47097932910413687,0.4626540877066772,0.5139975424216383,0.4301696334676892,0.32614271863098715,0.3979264028988555,0.3105850538387643,0.23880136957089587
AMY1A,ENSG00000237763,chr1,103645759,103674554,0,,,,,,,,,
AMY1B,ENSG00000174876,chr1,103677414,103706454,0,,,,,,,,,
AMY1C,ENSG00000187733,chr1,103735322,103768726,26,0.3089196834588094,0.5094791682142557,0.4440281605966634,0.4634869823233375,0.423281805232118,0.24737456271761,0.39227522721789326,0.4649129676497544,0.32001230314947104
PRMT6,ENSG00000198890,chr1,107046673,107077636,197,0.49718371484653373,0.21197223727274414,0.2749828187466494,0.4792540441611259,0.28403211380472954,0.3020962227956756,0.2782974790253514,0.0,0.0
NTNG1,ENSG00000162631,chr1,107130006,107494923,2389,0.5508072011620971,0.5497522846152163,0.5369817462941869,0.5608958894454288,0.5776782714356933,0.41413582777435765,0.37949412186421927,0.38382154126834367,0.418463247178482
VAV3,ENSG00000134215,chr1,107561160,107975180,2529,0.4107297726152506,0.4921324651937539,0.40837756639818296,0.45599083501568727,0.4254606092148586,0.3407592027165311,0.36606859491219806,0.33677542094589036,0.31146602875022333
SLC25A24,ENSG00000085491,chr1,108124042,108210849,553,0.4651354164216414,0.4568583373821679,0.35838049350335227,0.4581937457879961,0.35854767024003614,0.39618348160424766,0.3896057510021236,0.21420162267056486,0.22077935327268894
NBPF4,ENSG00000196427,chr1,108212463,108254081,5,0.42714626414413204,0.43326878541512664,0.23626981763130284,0.24373406347772028,0.2483288054930591,0.4277271372542858,0.2808880203882537,0.14014299874773467,0.28698211561376674
NBPF6,ENSG00000186086,chr1,108440281,108481002,0,,,,,,,,,
FAM102B,ENSG00000162636,chr1,108550088,108654900,491,0.5491259732648412,0.6718644866539941,0.699358558663286,0.6143621319031064,0.7520187777805871,0.3545294773748846,0.3363914341785529,0.7597991281011138,0.7779371712974456
HENMT1,ENSG00000162639,chr1,108638289,108671526,153,0.6240724990634348,0.7436508636903809,0.7855743111813226,0.6628957553114471,0.7678531094377233,0.3998909405362365,0.49409652814522,0.9613240094061108,0.8671184217971273
PRPF38B,ENSG00000134186,chr1,108682309,108712928,147,0.5538686186321353,0.7357087794902161,0.7628541805250257,0.6070995127275101,0.7504221602374446,0.3493827070506037,0.438459079306844,0.9813209687701638,0.8922445965139234
FNDC7,ENSG00000143107,chr1,108702907,108752749,305,0.5360137773154002,0.543500698863475,0.5511168909604298,0.5379391252912987,0.5316669516436198,0.37553788410189226,0.3988255743161893,0.40863022576309654,0.3853425355487995
STXBP3,ENSG00000116266,chr1,108736673,108819523,520,0.40066230233851446,0.4091871931522804,0.2960136112640773,0.45629160584596334,0.34259506216194385,0.34359493245597383,0.35807158040906617,0.18266111897504245,0.1681844710219501
AKNAD1,ENSG00000162641,chr1,108805897,108973484,1074,0.32752282605182426,0.37332139438953427,0.35452761108657277,0.31086181511607647,0.36670048231559593,0.21316786316529615,0.1914115664579487,0.254153597336371,0.27590989404371846
GPSM2,ENSG00000121957,chr1,108865349,108944545,420,0.268631627043647,0.3597478796061194,0.2566940595139923,0.2666107589627521,0.3135499682710051,0.23104185141834027,0.18987504605064442,0.21485139066788822,0.25601819603558407
CLCC1,ENSG00000121940,chr1,108917360,108973504,354,0.3937005386941494,0.36113984324902654,0.2746996449225108,0.36022814510127266,0.2758889036221314,0.31364076146300657,0.28595144407481965,0.13442893411718082,0.16211825150536774
WDR47,ENSG00000085433,chr1,108960213,109052113,433,0.4644189228485768,0.5086552710760673,0.5364761058984931,0.43694090079009806,0.5112811090486225,0.2830574770524744,0.2845060832178024,0.427551824920842,0.4261032187555141
TAF13,ENSG00000197780,chr1,109052485,109086003,165,0.3373710288251679,0.42285225002378457,0.39150633264356693,0.44338544977544336,0.40211979156231353,0.2322141362254205,0.31058720148669744,0.317442843211208,0.239069777949931
TMEM167B,ENSG00000215717,chr1,109080763,109106934,158,0.2959394292067071,0.3958367196342296,0.28671628583939734,0.34978025614477803,0.40069390881991207,0.2584628263368921,0.2111864419293628,0.24544795951206075,0.29272434391959
C1orf194,ENSG00000179902,chr1,109095950,109123857,159,0.27919468130685887,0.2605008662065832,0.24280354509434088,0.28675763187386,0.29096696138980677,0.1755179102541862,0.14793150130377736,0.12626425791866572,0.15385066686907448
ELAPOR1,ENSG00000116299,chr1,109103678,109216781,653,0.4940774039408648,0.5781435901959922,0.5333847324067246,0.5001434567595388,0.49813053101876564,0.3911058393014414,0.43355460208544694,0.4719844446745799,0.4295356818905744
SARS1,ENSG00000031698,chr1,109203917,109248182,130,0.6273929092477508,0.7111674687554264,0.710006345528508,0.6496388643269936,0.7085761334395214,0.49562139432391994,0.5288612951276931,0.7462868411696506,0.7130469403658776
CELSR2,ENSG00000143126,chr1,109239538,109285751,191,0.4089501671049313,0.6378648957398427,0.6667230810439042,0.4108043601233619,0.6401249638694319,0.22140565999209993,0.2613682427191545,0.7943322606038243,0.7543696778767699
PSRC1,ENSG00000134222,chr1,109269555,109293186,152,0.4579073113549667,0.632515639795935,0.642738190647703,0.5119155030433226,0.6331320738831213,0.2920531959784689,0.35779394354006056,0.7090213225242131,0.6432805749626216
MYBPHL,ENSG00000221986,chr1,109282364,109317011,210,0.5566950269957675,0.7293165716996356,0.7170545097897275,0.5492924231340623,0.6993633653330464,0.4289008036731664,0.45094445150483986,0.8779044985147184,0.855860850683045
SORT1,ENSG00000134243,chr1,109299567,109407918,479,0.5835671986988619,0.8348800966118354,0.7717651534580087,0.5416249965354796,0.7564994134368974,0.5998667010727715,0.5842575496216111,1.201216680717086,1.2168258321682464
PSMA5,ENSG00000143106,chr1,109389041,109436448,186,0.5806437327866796,0.822544305799502,0.7779490205429421,0.5305193605345122,0.6819306045821254,0.5466102328408305,0.6698384168084162,1.182424078521671,1.0591958945540854
SYPL2,ENSG00000143028,chr1,109456545,109492134,155,0.4774791399443732,0.79109851410327,0.7205812358771875,0.41871900186279876,0.653300805529569,0.4699695970489429,0.5245578705742332,1.0959229004389104,1.04133462691362
ATXN7L2,ENSG00000162650,chr1,109473478,109502804,118,0.38800500357867507,0.606567383577324,0.3614848454606132,0.3456500686455041,0.4629264038002078,0.4876333852488782,0.3676691657912053,0.44521208215895003,0.565176301616623
CYB561D1,ENSG00000174151,chr1,109484051,109512932,132,0.17330629059746241,0.3945787209635789,0.21140926638541027,0.17939975064176564,0.2678469396960962,0.2273219711481922,0.19389212064397593,0.2745087631418265,0.30793861364604275
AMIGO1,ENSG00000181754,chr1,109494177,109519738,141,0.2425193341733642,0.3566891616795648,0.26390735141398064,0.22362204451078502,0.2785619939125941,0.20624261567243254,0.18386712296235824,0.23488463703151222,0.25726012974158663
GPR61,ENSG00000156097,chr1,109529871,109558406,119,0.33013350528705265,0.4518821279615112,0.3310804888602304,0.3249166707708025,0.37453358683164384,0.2999251149940757,0.26246320936568707,0.30133980520890435,0.33880171083729294
GNAI3,ENSG00000065135,chr1,109538614,109610195,300,0.34704820997312913,0.46869514895746794,0.38491264558198046,0.31315365930568645,0.4084073273860918,0.2863401571839056,0.24156353000421432,0.3460791578681815,0.3908557850478727
GNAT2,ENSG00000134183,chr1,109593090,109629929,169,0.27431302214542386,0.4785586857384072,0.4433936805772349,0.2595803720879182,0.4538644391322963,0.19294899211222694,0.1734043390659079,0.45820955133739294,0.47775420438371186
AMPD2,ENSG00000116337,chr1,109606103,109642051,132,0.3775935627336195,0.5578933078559014,0.4227668391009121,0.2647543874256638,0.5670450191756223,0.3704285010969669,0.14331659157351517,0.4457755399947301,0.6728874495181818
GSTM4,ENSG00000168765,chr1,109646098,109684836,0,,,,,,,,,
GSTM2,ENSG00000213366,chr1,109658021,109719551,0,,,,,,,,,
GSTM1,ENSG00000134184,chr1,109677813,109719039,0,,,,,,,,,
GSTM5,ENSG00000134201,chr1,109701779,109785428,310,0.39717421207938536,0.4713615929673806,0.4225098181733061,0.3754529053609437,0.3798220500476524,0.2972569082234374,0.315215167930577,0.34019371320183417,0.3222354534946945
GSTM3,ENSG00000134202,chr1,109723931,109751038,24,0.7055803094684983,0.6128746196490351,0.4645488462379616,0.6247298153084179,0.5152968093023785,0.7735550297836575,0.6024485623979479,0.17545162840390982,0.34655809578961977
EPS8L3,ENSG00000198758,chr1,109740079,109774027,203,0.3944569700083701,0.48415633284871284,0.4446637266085012,0.4505896946127365,0.2727579332461792,0.28769986630994415,0.4711826938940743,0.3742516637325462,0.190768836148416
CSF1,ENSG00000184371,chr1,109900241,109940992,240,0.40724141393721847,0.5213824985708517,0.5167139225155193,0.39724256760741944,0.5233284378477201,0.26633754874005006,0.25108319660088313,0.470515987469109,0.4857703396082759
AHCYL1,ENSG00000168710,chr1,109974764,110033742,256,0.2587135437614037,0.3809552234578521,0.34199254444310156,0.2875540407162472,0.3848342591849619,0.18020340134740312,0.1663826690619518,0.29937427066463257,0.31319500295008385
STRIP1,ENSG00000143093,chr1,110021576,110084641,291,0.4933442200188618,0.6575688261867005,0.62283604531605,0.4402634376221302,0.6190571902100638,0.38826637087584615,0.3434338017226023,0.6834182229675723,0.7282507921208161
ALX3,ENSG00000156150,chr1,110049869,110080672,177,0.5065786347996735,0.7082437056085332,0.6246539917229402,0.39439989463491737,0.6745903774793869,0.47916060879532235,0.3053506615208589,0.7526758246463081,0.9264857719207714
UBL4B,ENSG00000186150,chr1,110102442,110123947,162,0.42001409497263553,0.7862111045410528,0.6967261735665381,0.3987435900775921,0.6975598871787619,0.44719926704815216,0.4278140110149353,1.0955669536117103,1.1149522096449274
SLC6A17,ENSG00000197106,chr1,110140493,110212202,435,0.26794284230165927,0.28101151928924695,0.268044980938845,0.3279366818675866,0.25391854398336516,0.16488520507850163,0.21719608388602493,0.16502473757552993,0.11271385876800663
KCNC4,ENSG00000116396,chr1,110200313,110293100,690,0.35774523653137974,0.4625042905688717,0.31562521261449716,0.3895468510163187,0.31362631936980895,0.3421775754968821,0.3690275781348965,0.2786569259690117,0.2518069233309973
RBM15,ENSG00000162775,chr1,110328505,110356681,114,0.3312981724773734,0.20028334601477332,0.24001499170597507,0.30422950023357237,0.24506797210990935,0.1757291208611883,0.15255282411942614,0.04776867570893034,0.07094497245069253
SLC16A4,ENSG00000168679,chr1,110352850,110401082,228,0.3597680129302886,0.30128578672465334,0.3219689530498048,0.3836793762606526,0.24364310159944436,0.207937979778212,0.28162975128896933,0.15057549139450793,0.07688371988375065
LAMTOR5,ENSG00000134248,chr1,110391248,110417942,126,0.3214414105277315,0.29421055000739504,0.27759765887802046,0.3502215674905312,0.30085331889265055,0.20552486563851236,0.21083372407979736,0.14291344980186618,0.1376045913605812
PROK1,ENSG00000143125,chr1,110441148,110467358,173,0.31463857695464964,0.380738797020991,0.34952996177825746,0.35901745902694987,0.33066760527900424,0.21348851642435362,0.26125334501293085,0.2657396031464534,0.21797477455787614
KCNA10,ENSG00000143105,chr1,110507216,110529175,170,0.3579812087671741,0.3259863195057371,0.28664627418700667,0.40494181148800446,0.3710555308517327,0.24993235211969828,0.22494432134217446,0.14457251868688975,0.16956054946441357
KCNA2,ENSG00000177301,chr1,110509836,110641474,896,0.29043029394618347,0.34745621002201466,0.294279089619318,0.342326172039282,0.31385355681194316,0.2107190703594183,0.23462950185068263,0.2161579606003457,0.19224752910908136
KCNA3,ENSG00000177272,chr1,110662464,110684940,93,0.31583602706512437,0.34747450339073377,0.19831484661878152,0.4021682386538467,0.3258201095258106,0.2927117019182022,0.2735463307864374,0.13419336336726137,0.15335873449902626
CD53,ENSG00000143119,chr1,110861187,110909922,299,0.322687916169759,0.5721949048083473,0.4510685721835381,0.36696692495559546,0.4170062218900813,0.31946447742941103,0.3833707071247975,0.5296230947564299,0.4657168650610436
LRIF1,ENSG00000121931,chr1,110937189,110973965,182,0.4762767289470516,0.5227003333041571,0.5396378469482834,0.49353313944122956,0.5175791382241604,0.30533039305681275,0.3454843751651178,0.4342803602253809,0.3941263781170759
DRAM2,ENSG00000156171,chr1,111107162,111150203,222,0.31844912293020083,0.7020782523124519,0.6004271221190535,0.2529547886876058,0.6354581198617897,0.3384748435106765,0.2467200769064688,0.8724495751018041,0.9642043417060118
CEPT1,ENSG00000134255,chr1,111129626,111195104,334,0.3330439841806592,0.6228114327968061,0.5987564440568238,0.3206632188560849,0.6064182598517364,0.23342727612119946,0.2145909050694303,0.7415827622025671,0.7604191332543363
DENND2D,ENSG00000162777,chr1,111175968,111214535,234,0.39286741499067396,0.5689256277200841,0.5287408388650593,0.2807979372694931,0.49770607094839187,0.29406781550313527,0.24125887970516258,0.5474068307675817,0.6002157665655543
CHI3L2,ENSG00000064886,chr1,111190770,111253440,433,0.44276507891490763,0.46156524210451527,0.41270667020667995,0.4215716418647421,0.30824220288745174,0.33581321882490645,0.39900506846434847,0.28327572615511687,0.22008387651567485
CHIA,ENSG00000134216,chr1,111280850,111330566,207,0.3635017513547665,0.3647636561000788,0.36879284358601044,0.2645298376052395,0.2917794424523739,0.222705297511696,0.20800187496259107,0.23105285670718453,0.24575627925628943
PIFO,ENSG00000173947,chr1,111336599,111363013,201,0.369051629743917,0.28553485193971645,0.22658803001055397,0.2529115628479648,0.17020303640021942,0.2699044399712143,0.22060927084692056,0.06631662091286844,0.11561179003716221
OVGP1,ENSG00000085465,chr1,111404318,111437735,233,0.36425452411216547,0.2374748689358641,0.24669090826950782,0.2642070650344706,0.07734381402707353,0.22039857406847446,0.24871387017942254,0.05072123820258703,0.022405942091639014
WDR77,ENSG00000116455,chr1,111429889,111459256,150,0.34659332238473983,0.26327472725633394,0.2236419826639246,0.24055538217092226,0.0935409617558273,0.2389771389826714,0.241249331438125,0.06656308155953583,0.06429088910408226
ATP5PB,ENSG00000116459,chr1,111438863,111472773,195,0.3955271146913521,0.27723677812389186,0.29877954326857986,0.2942875689109177,0.19379870947486158,0.23656955830627086,0.22889961136456397,0.08810404610224692,0.09577399304395376
C1orf162,ENSG00000143110,chr1,111463791,111488512,207,0.3847562662329246,0.5469959379528232,0.49110446063160407,0.45215727445844917,0.5392935969207154,0.30103922524967813,0.30931345420554657,0.4908149612980678,0.4825407323421994
TMIGD3,ENSG00000121933,chr1,111473347,111573962,764,0.46681744080102955,0.6433930926217429,0.597772192919838,0.46169380898688417,0.5782407785683453,0.3746379689709599,0.39356413148299324,0.6564832346680609,0.6375570721560274
ADORA3,ENSG00000282608,chr1,111489428,111513633,181,0.46555826946853635,0.5732172111199187,0.49885340943703693,0.5153639932091224,0.5630122872663401,0.39357801640307083,0.3739935280029722,0.45790206992502835,0.47748655832512693
RAP1A,ENSG00000116473,chr1,111532217,111726691,1218,0.42957589684353287,0.5375271621104072,0.5195546471651765,0.43681336095870005,0.5490360589594794,0.299750409999516,0.2744718771658131,0.4714170426421166,0.49669557547581944
INKA2,ENSG00000197852,chr1,111670629,111765824,625,0.3491675979563531,0.5291085716852951,0.48958361378153187,0.2935153334721896,0.49502653230922766,0.2550511993598029,0.20866605743926275,0.49807652531041346,0.5444616672309536
DDX20,ENSG00000064703,chr1,111744831,111785602,252,0.25005320933432856,0.24723447550566194,0.17311283247440473,0.263556658455035,0.19376757966492578,0.19083373986321478,0.18727062407769776,0.09316774826421428,0.0967308640497313
KCND3,ENSG00000171385,chr1,111760661,111999668,1534,0.39351413998861556,0.4477973105588003,0.4272442550872591,0.37683532928377084,0.40983625714689664,0.2683090233689863,0.26971466745667655,0.32553108571751244,0.32412544162982215
CTTNBP2NL,ENSG00000143079,chr1,112386213,112473456,583,0.47268395864378343,0.7309403541264767,0.6709719456464124,0.5021921204519374,0.573375110592649,0.42058257152340106,0.5792565607682664,0.8922396205639415,0.7335656313190762
WNT2B,ENSG00000134245,chr1,112456540,112540165,458,0.4657723195024444,0.5149496874126106,0.4953192599568003,0.4102473828867731,0.40449582076228713,0.33330328574349105,0.3666039534950628,0.39019937038791724,0.35689870263634554
ST7L,ENSG00000007341,chr1,112513513,112630825,559,0.2618537345929947,0.3672031254942077,0.38096773498576625,0.2931125455511391,0.33860181828379715,0.1408106004314277,0.19554519367502013,0.31679520125960137,0.26206060801600894
CAPZA1,ENSG00000116489,chr1,112609804,112681616,282,0.5978655475144765,0.5981518806358207,0.5696367638767039,0.48602174554925703,0.4881999514978044,0.4897620849649805,0.4537170673642831,0.42191898931418714,0.4579640069148846
MOV10,ENSG00000155363,chr1,112663140,112710746,220,0.5131247171639517,0.5178738055322383,0.5459137429214637,0.41805718521887153,0.44760534657065404,0.32991428048211396,0.3387199705609045,0.39963510446832384,0.3908294143895332
RHOC,ENSG00000155366,chr1,112691126,112717434,149,0.47897137760437725,0.45780050952301,0.4479176840740212,0.4292009892565314,0.25963139669792035,0.3350067311001433,0.43611615195323866,0.2771145505504596,0.1760051296973642
RP11-426L16.10,ENSG00000271810,chr1,112692613,112721433,170,0.49767138043366654,0.4700486213215887,0.4537442797878436,0.40106139236334165,0.27037854719724297,0.3594013534774439,0.4161683776944862,0.2755686615093649,0.2188016372923225
PPM1J,ENSG00000155367,chr1,112699993,112725477,152,0.5762274236000189,0.526083340118428,0.5056029139679944,0.4419173840294243,0.3823607276068503,0.4504329365213865,0.4240606862359591,0.296290859259014,0.32266310954444144
TAFA3,ENSG00000184599,chr1,112708904,112737235,155,0.5472058038823789,0.5296712171484729,0.5996809597117154,0.4753361069232867,0.4659622347783756,0.3155737058637964,0.38601599739836184,0.4387495849949106,0.36830729346034524
SLC16A1,ENSG00000155380,chr1,112901846,112967593,267,0.41731638978444247,0.7274050453125144,0.6624364842534982,0.3884790473380449,0.6656816181620735,0.37693880448802075,0.3479564135330967,0.9228294635193017,0.9518118544742258
LRIG2,ENSG00000198799,chr1,113063197,113142260,223,0.6614317572148788,0.8267011198614446,0.8658185480472511,0.6366323351651904,0.8769112557601998,0.41360243586898293,0.3351139824517828,1.3391351083942642,1.4176235618114648
MAGI3,ENSG00000081026,chr1,113380514,113695923,796,0.4856894592432721,0.4207240960291879,0.3739582007571483,0.47981729318302174,0.3538054688088044,0.3712831448652626,0.3814484390116292,0.1746932519582628,0.1645279578118961
PHTF1,ENSG00000116793,chr1,113686830,113769489,291,0.6040187066904479,0.4602866076280513,0.39616230487916365,0.6010323442064137,0.3656376848673232,0.5193277546530375,0.5402284754704841,0.09738928053776341,0.07648855972031676
RSBN1,ENSG00000081019,chr1,113751831,113822476,219,0.3862527437917707,0.47899469303648107,0.43898870359192066,0.35997235074720046,0.4080153484827075,0.2810764420638751,0.2869821909245282,0.37091860910637187,0.3650128602457188
PTPN22,ENSG00000134242,chr1,113803810,113881753,295,0.5227093378647113,0.4756657523623894,0.29793599877456145,0.4800093892671799,0.34366240244476776,0.5157624153328051,0.43924522635233226,0.12986350551444636,0.20638069449491936
BCL2L15,ENSG00000188761,chr1,113866815,113897581,120,0.47478590017606154,0.5665525223076243,0.47292801829314657,0.48487831689692984,0.40635775938369595,0.4197578935361354,0.48892917379619205,0.41622675529149333,0.34705547503143674
AP4B1,ENSG00000134262,chr1,113884193,113915201,133,0.4715984754834887,0.6232470168242102,0.4922127105876485,0.5158473604545806,0.4069643891048603,0.4681858518918388,0.5895098723290465,0.5079796714311277,0.38665565099391996
DCLRE1B,ENSG00000118655,chr1,113895212,113924086,124,0.37390089766332274,0.42955231528664234,0.33503243309125624,0.36939405854263957,0.3351321413297278,0.31078170676926553,0.3071204789081328,0.2505521078808811,0.2542133357420139
HIPK1,ENSG00000163349,chr1,113919323,113987869,293,0.34225802025884605,0.42255427833324105,0.36386566990237945,0.36467577932088474,0.3609813720919345,0.2578689274863628,0.2774694913659281,0.29127190197284597,0.2716713380932806
OLFML3,ENSG00000116774,chr1,113969390,114045572,433,0.49521425907657435,0.49295208190931866,0.3977367895794872,0.48178511974745974,0.4115760226118948,0.42785513968849515,0.40310376095969813,0.2512946271691594,0.27604600589795636
SYT6,ENSG00000134207,chr1,114079290,114163880,720,0.3939850991044084,0.46623309770991533,0.38984293607569953,0.3442071115454091,0.3770401418501843,0.3173039395253755,0.2882165555883336,0.31049210836129515,0.33957949229833706
TRIM33,ENSG00000197323,chr1,114382789,114521203,637,0.33060017548275406,0.46455163492633855,0.4247957679301635,0.31979537200267877,0.38146446964322983,0.2364972274114709,0.2648058886367164,0.3881535900972709,0.35984492887202546
BCAS2,ENSG00000116752,chr1,114557556,114591629,144,0.3568031044126661,0.3106003070980698,0.3911311429287243,0.3990320620665449,0.4501667585106471,0.15854304105486922,0.1415037600348193,0.2133910293016225,0.23043031032167238
DENND2C,ENSG00000175984,chr1,114572847,114680422,474,0.502484995832127,0.7370083981578234,0.6619914377433863,0.4976220362289678,0.7116542769303148,0.47453934574014545,0.3902203073631927,0.8610938337330936,0.9454128721100463
AMPD1,ENSG00000116748,chr1,114663089,114705618,201,0.5226266653458659,0.7902524053623239,0.7162998402612643,0.4736558341632922,0.7578554631534762,0.5207347246688467,0.3927149512886663,1.0411156767901275,1.169135450170308
NRAS,ENSG00000213281,chr1,114694468,114726771,121,0.49326045405550384,0.8267099393127524,0.7678214529406914,0.3225116853094736,0.7851701274439464,0.4861489783429086,0.3021212783315388,1.266639458780848,1.4506671587922177
CSDE1,ENSG00000009307,chr1,114706912,114768676,253,0.3966960976106019,0.8277861542251786,0.7649161798722273,0.29879179464060185,0.7776635290720147,0.40826968156789056,0.3052026497159972,1.3507486034565332,1.4538156353084266
SIKE1,ENSG00000052723,chr1,114759478,114790685,106,0.2665689112427554,0.409599866982583,0.4190763766858703,0.2765099611855599,0.3571889103803997,0.1469202133351682,0.2043594441189948,0.3800345670602284,0.3225953362764019
SYCP1,ENSG00000198765,chr1,114844862,115005370,694,0.30719277786755433,0.23780675001850418,0.22636554294554045,0.3668116601455355,0.24901832917875627,0.19095142456164918,0.22108423922393133,0.0806037219875416,0.05047090732525947
TSHB,ENSG00000134200,chr1,115019825,115044302,165,0.39751276871617214,0.501739326628574,0.36626425036003424,0.31721582582472063,0.4112446701420882,0.3735987475134318,0.2742318918542548,0.3230331508863749,0.4224000065455519
TSPAN2,ENSG00000134198,chr1,115038010,115099503,440,0.4338309479483679,0.5883526125923166,0.49556134096144433,0.4029642231251543,0.49776173492037085,0.386070842257957,0.3573428756274065,0.5015173096349308,0.5302452762654813
NGF,ENSG00000134259,chr1,115275903,115348770,448,0.46853308124875775,0.48652389093795806,0.46633670729265525,0.47443497480947544,0.4103140086556451,0.33533796195779453,0.39083401560952974,0.3312138144205718,0.2757177607688366
VANGL1,ENSG00000173218,chr1,115631969,115708224,523,0.3163432038220672,0.2987741094691408,0.23853698686924754,0.31763848604861017,0.2103315210889418,0.2313553859010729,0.2504894086843828,0.12356981753984506,0.10443579475653517
CASQ2,ENSG00000118729,chr1,115690020,115778714,803,0.41473509641663303,0.42889262035254694,0.2850702699385666,0.4756895382695482,0.33402340331667524,0.3801488592182801,0.39967428414978434,0.18002917236344007,0.16050374743193596
NHLH2,ENSG00000177551,chr1,115826376,115853917,204,0.412572856444832,0.5461757840837003,0.5121802233877648,0.452902182662965,0.533766625059183,0.3021195727959139,0.3150520236702674,0.48792577273380167,0.47499332185944815
SLC22A15,ENSG00000163393,chr1,115966512,116080054,550,0.6110713204368916,0.7243294303482282,0.7320167740284735,0.5727262579063332,0.7195042042869499,0.4580385597434372,0.433841280336148,0.8305101546335094,0.8547074340407985
MAB21L3,ENSG00000173212,chr1,116101398,116148149,298,0.3640557204019352,0.6103082528195372,0.6450232882567648,0.35351417286962505,0.5911581121445239,0.17967024101041684,0.24208823387755346,0.7627290032173181,0.7003110103501815
ATP1A1,ENSG00000163399,chr1,116362667,116420261,300,0.3958675502433282,0.5270868246709325,0.4303762342351272,0.39237162537009884,0.4622090238528594,0.3450130451359484,0.31337498217687976,0.4038304238759231,0.43546848683499173
CD58,ENSG00000116815,chr1,116504533,116581039,316,0.25426386034811,0.2758367413139938,0.1551677190888637,0.2505575081382499,0.24043235350311284,0.22375235134161903,0.16807910794010708,0.09898606525241266,0.15465930865392463
IGSF3,ENSG00000143061,chr1,116564398,116677755,320,0.4189304931105209,0.328562311657718,0.24432931513074743,0.4038275713858665,0.20990644743995948,0.33053467920253243,0.3399777432413444,0.06779938284683124,0.058356318808019225
CD2,ENSG00000116824,chr1,116744429,116779229,211,0.27997096654293485,0.48055648242966303,0.42495404713511264,0.3086282230729709,0.4069785507838605,0.2150778095703368,0.25077503075429786,0.43991938938339487,0.4042221681994339
PTGFRN,ENSG00000134247,chr1,116899915,117000353,574,0.30357058110279467,0.46283776772616625,0.49649992266870513,0.3529789177789,0.5447633252364683,0.14853626803681524,0.13494684553131336,0.47291885354466495,0.4865082760501669
CD101,ENSG00000134256,chr1,116991749,117046552,315,0.3108640634454718,0.7232594201294751,0.6598021105092409,0.28823206105435234,0.7014567400538527,0.28938183780218996,0.20791883165856428,0.9952929085787412,1.076755914722367
TTF2,ENSG00000116830,chr1,117050325,117117453,355,0.4196575740617246,0.7192053983967781,0.6153568574800395,0.4450739069178786,0.6318863015712908,0.4294147575497969,0.4298443731924379,0.840717074525239,0.8402874588825979
TRIM45,ENSG00000134253,chr1,117101059,117132587,158,0.4064165758898591,0.577539200798239,0.5008698295540943,0.4123868728511138,0.585545808180394,0.34417388833661394,0.25627614463699144,0.517484731107311,0.6053824748069334
VTCN1,ENSG00000134258,chr1,117133586,117220960,546,0.6021852906777848,0.5096704479357506,0.5273310274830548,0.5322852652153988,0.4520475344586549,0.44254325654620347,0.43550376558382664,0.2701343021620153,0.27717379312439216
MAN1A2,ENSG00000198162,chr1,117357448,117538872,870,0.3909564973604051,0.7424772942030909,0.6962857185458462,0.3865978983329866,0.6671787501624585,0.3304225413345441,0.3726161327823876,1.0262248435791665,0.9840312521313228
TENT5C,ENSG00000183508,chr1,117596047,117638389,266,0.28509307917332044,0.5369821831628488,0.43566115973401637,0.2780106841368103,0.4410951895953702,0.26674612125192176,0.256979288344976,0.5032436230946238,0.5130104560015696
GDAP2,ENSG00000196505,chr1,117853484,117939621,495,0.18707285163938067,0.5998582921572605,0.4978077693746371,0.301611091664874,0.5554753888087222,0.21713900190563723,0.23208291191170594,0.6987975231003292,0.6838536130942605
WDR3,ENSG00000065183,chr1,117919719,117976543,346,0.2637983373258218,0.6620999090889707,0.5299074290366225,0.29077648492169,0.6074011170836763,0.3182152858123135,0.24681136093289235,0.7667897304024733,0.8381936552818944
SPAG17,ENSG00000155761,chr1,117943589,118195228,1446,0.34438367206578746,0.4924130331038578,0.4297442239050515,0.4339740957894581,0.4694621849994638,0.26929822884313354,0.3066693062084823,0.4087889905619294,0.37141791319658074
TBX15,ENSG00000092607,chr1,118873045,118999556,829,0.3153628536152604,0.3328132667547853,0.27754561894873553,0.38559825512751067,0.2879016448049917,0.22922530266607372,0.27612616587968947,0.17546000969401826,0.12855914648040254
WARS2,ENSG00000116874,chr1,119021215,119150654,609,0.30388586989187844,0.35231830332241676,0.2805184130162791,0.32822953674160255,0.2765671933971697,0.23368660990309587,0.2542234357809431,0.20066930224023619,0.18013247636238897
HAO2,ENSG00000116882,chr1,119358778,119404130,336,0.28658180409428274,0.41906228148517394,0.33954136077534536,0.35140009282611234,0.41129133752845104,0.23298922401490152,0.22311355233612823,0.3101225009098306,0.31999817258860386
HSD3B2,ENSG00000203859,chr1,119404930,119433035,1,0.02003284072249589,,,,,,,,
HSD3B1,ENSG00000203857,chr1,119497197,119525054,49,0.492514068015798,0.44798443282055805,0.582809472238474,0.5446642666919909,0.11438741577845131,0.19912652997257801,0.6297118002763864,0.3950525017180834,0.0
ZNF697,ENSG00000143067,chr1,119609376,119658266,295,0.49445917055038624,0.546800303223229,0.48811667701607864,0.42917947626144354,0.4778970864380117,0.40194516377476514,0.3511061493589343,0.3894772551253001,0.440316269541131
PHGDH,ENSG00000092621,chr1,119638410,119754218,528,0.4659030707204552,0.5222341742027606,0.420119206826224,0.43022282670161016,0.4192613902659588,0.41043989306778006,0.3788449843965655,0.3281946776550422,0.35978958632625674
HMGCS2,ENSG00000134240,chr1,119738001,119778905,206,0.39567903989102493,0.2354305041213714,0.2652647575388332,0.35908687165545516,0.2406106505151647,0.2319235631602479,0.21903152715153523,0.03651879088429105,0.049410826893003745
REG4,ENSG00000134193,chr1,119784016,119821580,302,0.37017700178168855,0.2917077212778808,0.2351970015196659,0.394476676511605,0.27643309529738785,0.26953895252898324,0.2614991906271872,0.07535949489358604,0.08339925679538207
ADAM30,ENSG00000134249,chr1,119883532,119906515,102,0.3827682114221125,0.4152316160301117,0.3746061553349549,0.4568096384432915,0.4001185585551475,0.2748382070309682,0.3179058204098492,0.2617012279560429,0.2186336145771619
NOTCH2,ENSG00000134250,chr1,119901552,120110779,312,0.3564107787159909,0.4899730087132945,0.4522499075269034,0.47970733407925115,0.5252135710339625,0.25602505521628316,0.29088261896822454,0.4172665753563334,0.38240901160439195
SEC22B,ENSG00000265808,chr1,120140897,120186520,0,,,,,,,,,
NOTCH2NLR,ENSG00000286106,chr1,120713945,120803874,0,,,,,,,,,
NBPF26,ENSG00000273136,chr1,120713948,120852110,0,,,,,,,,,
PPIAL4A,ENSG00000263353,chr1,120879745,120900405,0,,,,,,,,,
FCGR1B,ENSG00000198019,chr1,121077344,121107161,0,,,,,,,,,
FAM72B,ENSG00000188610,chr1,121157645,121195539,0,,,,,,,,,
SRGAP2C,ENSG00000171943,chr1,121174810,121402874,0,,,,,,,,,
H3-2,ENSG00000273213,chr1,143884543,143915977,0,,,,,,,,,
FAM72C,ENSG00000263513,chr1,143945286,143981986,0,,,,,,,,,
PPIAL4E,ENSG00000271567,chr1,144362874,144383659,0,,,,,,,,,
NBPF15,ENSG00000266338,chr1,144411385,144471674,0,,,,,,,,,
PPIAL4F,ENSG00000279782,chr1,144582867,144603652,0,,,,,,,,,
SRGAP2B,ENSG00000196369,chr1,144877264,145105528,2,8.117308195863555e-05,0.0,0.0,0.0010503531556163214,0.0,4.0588188335782616e-05,0.0005254525815305423,0.0,0.0
FAM72D,ENSG00000215784,chr1,145085973,145122696,0,,,,,,,,,
PPIAL4D,ENSG00000256374,chr1,145231629,145252124,0,,,,,,,,,
NBPF20,ENSG00000162825,chr1,145279899,145415778,0,,,,,,,,,
GPR89A,ENSG00000117262,chr1,145597987,145680650,0,,,,,,,,,
PDZK1,ENSG00000174827,chr1,145660851,145718148,118,0.29330032094021646,0.6622435789983423,0.5641354502376217,0.33278131358035,0.549828102143711,0.30107801352856767,0.34597096919883136,0.7843522776861752,0.7394593220159116
CD160,ENSG00000117281,chr1,145709470,145749288,149,0.3692722493772729,0.65017114839028,0.5972799647374889,0.3503447715656872,0.6035947673800267,0.30083927301200575,0.2781532189217509,0.7494719664847129,0.7721580205749677
RNF115,ENSG00000265491,chr1,145728867,145834095,0,,,,,,,,,
POLR3C,ENSG00000186141,chr1,145814087,145854402,0,,,,,,,,,
NUDT17,ENSG00000186364,chr1,145835629,145858954,0,,,,,,,,,
PIAS3,ENSG00000131788,chr1,145838521,145869836,0,,,,,,,,,
ANKRD35,ENSG00000198483,chr1,145856559,145895866,0,,,,,,,,,
ITGA10,ENSG00000143127,chr1,145881207,145920111,166,0.2929227699414582,0.5413060326770004,0.42793901609742796,0.2822763011755391,0.40651848011008895,0.283738866918369,0.29464671539997317,0.4956331622301439,0.48472531374853983
PEX11B,ENSG00000131779,chr1,145901349,145928717,89,0.3584343855981575,0.40579329884207943,0.38191335298632684,0.46609043251990095,0.4079198834959203,0.24162261497726592,0.3119717603665044,0.27890542342649116,0.20855627803725274
RBM8A,ENSG00000265241,chr1,145907713,145937678,101,0.2659108989180635,0.22377180342623723,0.22178879445657668,0.20125358994274156,0.20209735735334042,0.15583814083446498,0.12612590567955667,0.09747059344420503,0.12718282859911334
CH17-270A2.2,ENSG00000280778,chr1,145917257,145987811,255,0.2374939852293684,0.33735490726169826,0.29760458759001884,0.33448610823422736,0.32750215084599954,0.16470092575599468,0.21097756929235525,0.24681481143762526,0.20053816790126466
LIX1L,ENSG00000271601,chr1,145923422,145968017,156,0.2250641783007418,0.2617044115721953,0.3596571307060865,0.27493548470088974,0.349545953497655,0.056317279601944076,0.09741051142022916,0.24709372864403917,0.20600049682575416
ANKRD34A,ENSG00000272031,chr1,145949440,145974575,77,0.3802326041520524,0.5226470889103971,0.504815390703068,0.3433151168006268,0.4532810633593413,0.2575428037874177,0.2781148879558179,0.4819564023308042,0.4613843181624041
POLR3GL,ENSG00000121851,chr1,145954689,145988848,115,0.31381373768131415,0.47528371313743983,0.44684047079893935,0.4583367380201153,0.30688600288600293,0.2146974488201997,0.4457237657998683,0.4302001196183268,0.1991738026386582
TXNIP,ENSG00000265972,chr1,145982434,146006579,72,0.36452642344850117,0.37851260020081307,0.5188435375685482,0.40143896723171746,0.5033492822966507,0.09873081712468212,0.14449907191053069,0.3769088249670947,0.3311405701812461
HJV,ENSG00000168509,chr1,146007467,146046746,0,,,,,,,,,
NBPF10,ENSG00000271425,chr1,146054710,146239000,0,,,,,,,,,
NOTCH2NLA,ENSG00000264343,chr1,146136202,146239026,0,,,,,,,,,
PPIAL4H,ENSG00000270339,chr1,146334130,146354790,0,,,,,,,,,
NBPF12,ENSG00000268043,chr1,146928743,147006202,0,,,,,,,,,
PRKAB2,ENSG00000131791,chr1,147145105,147182550,212,0.47504258877259636,0.6039249146757679,0.49725598240273744,0.44243376708435117,0.47792159608879886,0.4414577338450487,0.43019397612513405,0.4846937424515725,0.49595750017148726
FMO5,ENSG00000131781,chr1,147165350,147253050,0,,,,,,,,,
CHD1L,ENSG00000131778,chr1,147232653,147305765,0,,,,,,,,,
BCL9,ENSG00000116128,chr1,147531500,147636216,0,,,,,,,,,
CH17-206L4.1,ENSG00000288626,chr1,147601589,147621796,82,0.44855540035088265,0.6789945983317979,0.5900781653054628,0.5314701788051468,0.5762437117379895,0.419861221550484,0.5179280371790335,0.7164361068164222,0.6183692911878728
ACP6,ENSG00000162836,chr1,147619651,147680524,0,,,,,,,,,
GJA5,ENSG00000265107,chr1,147746198,147783362,229,0.27562877536659125,0.2180955406557761,0.22518330165294217,0.26020807424430376,0.19781247292366644,0.15667260079190265,0.1634980801114469,0.08935011986049804,0.08252464054095382
GJA8,ENSG00000121634,chr1,147892794,147919269,0,,,,,,,,,
GPR89B,ENSG00000188092,chr1,147918392,148003592,0,,,,,,,,,
NBPF11,ENSG00000263956,chr1,148092045,148162322,0,,,,,,,,,
PPIAL4G,ENSG00000236334,chr1,148472547,148493302,0,,,,,,,,,
NBPF14,ENSG00000270629,chr1,148521384,148689742,0,,,,,,,,,
NOTCH2NLB,ENSG00000286019,chr1,148597039,148689779,0,,,,,,,,,
NUDT4B,ENSG00000177144,chr1,148738773,148762415,0,,,,,,,,,
PDE4DIP,ENSG00000178104,chr1,148798180,149058286,96,0.05515371917563602,0.06328117397820111,0.0,0.03943794228391534,0.04251900906733647,0.06105257562141758,0.03107969942484494,0.0043195451071842,0.03429242130375684
NBPF9,ENSG00000269713,chr1,149044026,149113561,0,,,,,,,,,
NOTCH2NLC,ENSG00000286219,chr1,149380613,149478030,0,,,,,,,,,
CH17-159N18.5,ENSG00000286185,chr1,149380622,149566361,0,,,,,,,,,
NBPF19,ENSG00000271383,chr1,149465044,149566361,0,,,,,,,,,
PPIAL4C,ENSG00000263464,chr1,149573864,149594464,0,,,,,,,,,
FCGR1A,ENSG00000150337,chr1,149772670,149801675,3,0.11825425113239771,0.0,0.10984334525718513,0.02353719008264463,0.015051173991571342,0.004746857971038403,0.004326511011064748,0.0,0.0
H2BC18,ENSG00000203814,chr1,149772688,149822373,11,0.18485569179388137,0.0,0.10984334525718513,0.11205705104595366,0.015051173991571342,0.04401615047590567,0.05184109613832084,0.0,0.0
H3C13,ENSG00000183598,chr1,149803224,149823693,8,0.0,,,0.0,,,,,
H4C14,ENSG00000270882,chr1,149822658,149849767,24,0.34422911261249683,0.28509174073496546,0.48120525719731067,0.2202039078685786,0.13641441095828583,0.05064895067181091,0.21883079975181663,0.28495210256881787,0.11677025348881223
H3C14,ENSG00000203811,chr1,149829537,149851193,28,0.3513625599622581,0.28509174073496546,0.48120525719731067,0.2202039078685786,0.13641441095828583,0.056117727828640274,0.21883079975181663,0.27948332541198856,0.11677025348881223
H2AC18,ENSG00000203812,chr1,149832187,149852736,28,0.3513625599622581,0.28509174073496546,0.48120525719731067,0.2202039078685786,0.13641441095828583,0.056117727828640274,0.21883079975181663,0.27948332541198856,0.11677025348881223
H2AC19,ENSG00000272196,chr1,149841060,149861624,28,0.3513625599622581,0.28509174073496546,0.48120525719731067,0.2202039078685786,0.13641441095828583,0.056117727828640274,0.21883079975181663,0.27948332541198856,0.11677025348881223
H3C15,ENSG00000203852,chr1,149842618,149864274,28,0.3513625599622581,0.28509174073496546,0.48120525719731067,0.2202039078685786,0.13641441095828583,0.056117727828640274,0.21883079975181663,0.27948332541198856,0.11677025348881223
H4C15,ENSG00000270276,chr1,149844044,149871210,26,0.1771372233904931,0.016657413832986363,0.051055909264864495,0.18062059275406087,0.02100027631942527,0.07967907025806276,0.09739091784489645,0.0,0.0
H2BC21,ENSG00000184678,chr1,149874458,149896652,68,0.11079088292624573,0.007499246942586913,0.028338789901347496,0.09130506529529119,0.009010842866642253,0.04810113346899702,0.04711083407023361,0.0,0.0
H2AC20,ENSG00000184260,chr1,149876917,149897411,69,0.12432299667550506,0.009381486093814869,0.02020513269429977,0.09665505226480839,0.025282949981745163,0.06088584740781081,0.042734255395316674,0.0,0.0
H2AC21,ENSG00000184270,chr1,149877468,149897965,68,0.1200517318138806,0.06315242279844051,0.025972240215096296,0.10066204288478782,0.017194955478465616,0.0834056827512213,0.07699328253089,0.0,0.0
BOLA1,ENSG00000178096,chr1,149877889,149910798,113,0.16880548299476097,0.1725942941503748,0.1947469894758767,0.18664336573539422,0.18620058355741173,0.07887640620044999,0.09500218472703319,0.11058372265823001,0.09445794413164682
SV2A,ENSG00000159164,chr1,149893317,149927844,134,0.2662071094953102,0.24577387742501414,0.230329951971743,0.25235260448957025,0.15339372208592816,0.16489907465198797,0.20318366583330202,0.11716398396809893,0.07887939278678491
SF3B4,ENSG00000143368,chr1,149913316,149937803,112,0.1516949780943119,0.14097323040288817,0.051374273773543526,0.112117978315819,0.05322233322233322,0.13186463016420982,0.10809030367901724,0.020090563643915135,0.04386489012910769
MTMR11,ENSG00000014914,chr1,149918650,149946879,121,0.07977044330849076,0.0,0.061497536242233794,0.11406994986414584,0.05334965580867218,0.009831162084811683,0.03314590149199857,0.0,0.0
OTUD7B,ENSG00000264522,chr1,149927811,150020726,371,0.14994722505315605,0.17464583263626327,0.14917866295217144,0.15012951073090794,0.12215489744727856,0.096423208540476,0.1121644379860124,0.09551948245296245,0.07977825300742605
VPS45,ENSG00000136631,chr1,150057278,150155329,510,0.267027825743984,0.23489027917235225,0.23355471103096614,0.14135140693770745,0.13054192983497231,0.15619580392011317,0.14012319467197232,0.11154022560150792,0.1276128348496488
PLEKHO1,ENSG00000023902,chr1,150139182,150174720,194,0.3196004485869777,0.2066081572837595,0.12523460868691239,0.20768116114159024,0.1020610976558113,0.24135678867546284,0.17828809788542094,0.0,0.05314995449580831
ANP32E,ENSG00000143401,chr1,150208416,150246156,177,0.38078218521685403,0.30489954779772016,0.20842053608308658,0.34890461342372825,0.17716610006696615,0.3046360433521371,0.29889855565576817,0.059062864966614226,0.06480035266298312
CA14,ENSG00000118298,chr1,150247250,150275078,77,0.2232439955909078,0.11579165108343838,0.18875887139830577,0.08731914631311011,0.025410760989769236,0.08325080468652452,0.09434619128072189,0.039811750608575724,0.02871636401437838
APH1A,ENSG00000117362,chr1,150255398,150279580,67,0.3561858657454752,0.1419569595069996,0.10842566850248883,0.214141322201214,0.0892480428368178,0.23933987790238043,0.15029731241319733,0.0,0.002803704594380313
C1orf54,ENSG00000118292,chr1,150258199,150290916,106,0.47816405659992933,0.1877326203208556,0.18062575968701855,0.28818180268233967,0.11502563992533307,0.3295566906282202,0.2128309213320294,0.0,0.0
CIART,ENSG00000159208,chr1,150272542,150297093,110,0.4486475696260109,0.23187346090044628,0.2624354026170821,0.36148804934265255,0.0978805783089387,0.2773901223835191,0.30470365536968885,0.0,0.0
MRPS21,ENSG00000266472,chr1,150283860,150318979,178,0.47108330246507946,0.23820089015771057,0.3037027035167813,0.355685231837838,0.17484560937583576,0.27350908240128774,0.25972776263724917,0.0,0.012344630793729855
PRPF3,ENSG00000117360,chr1,150311478,150363233,239,0.40444440868733217,0.4229227120059835,0.41773560690426315,0.3442202097163586,0.25720327334413906,0.2636044824623279,0.3371882245534541,0.2861745909853791,0.21259084889425298
RPRD2,ENSG00000163125,chr1,150353090,150486566,657,0.21379201507389023,0.489034716453275,0.47218458354557213,0.2803042924629344,0.35530249074411197,0.13648944629855453,0.28070318199383276,0.5349641830525126,0.3907504473572343
TARS2,ENSG00000143374,chr1,150477363,150517609,185,0.2528595245616012,0.47803594208369715,0.47447528072619677,0.31336550865810703,0.32554173378465,0.14915027826495647,0.3161321166800316,0.5010062697715959,0.3340244313565208
ECM1,ENSG00000143369,chr1,150498061,150523789,109,0.27800310540780826,0.5654633255369724,0.5012047202006497,0.33635035757577514,0.3830663388601412,0.23182492229667373,0.38024103407619264,0.6016500094130663,0.4532338976335474
ADAMTSL4,ENSG00000143382,chr1,150539368,150570937,131,0.37777892711411765,0.4205233108572007,0.3352835857472756,0.4173191905969916,0.34515881492384604,0.30584744777700335,0.33119152192074386,0.23978239504493434,0.21443832090119386
MCL1,ENSG00000143384,chr1,150550894,150589738,164,0.38068531922514454,0.3899181094656247,0.3646555046270068,0.44671772475764193,0.41714466641747716,0.25985796756774937,0.2731163917356188,0.23430411647965868,0.22104569231178922
ENSA,ENSG00000143420,chr1,150590850,150639612,179,0.30542732859984734,0.286720557566506,0.2348567618662626,0.3425529415606051,0.239703230021349,0.2173241355016423,0.24161330651334317,0.12055787497702933,0.09626870396532844
GOLPH3L,ENSG00000143457,chr1,150636229,150707154,256,0.31963411981940043,0.4562619463805582,0.39316758058685297,0.32133818860021507,0.3786320846225053,0.24745481375820594,0.26054404757498584,0.3618328534174386,0.3487436196006587
HORMAD1,ENSG00000143452,chr1,150688059,150730895,165,0.3269554046703977,0.44302064762722154,0.3195578694262513,0.31031799564160384,0.3433314527268081,0.29807914852855594,0.26808793895288097,0.2871479605620746,0.3171391701377496
CTSS,ENSG00000163131,chr1,150720078,150775957,143,0.32060873439210485,0.43382715794983157,0.39071996116091606,0.3020968757302613,0.3895561035227075,0.22996833452608287,0.2174809808647958,0.3388875382232779,0.35137489188456494
CTSK,ENSG00000143387,chr1,150784879,150819577,87,0.48665158227351424,0.5875464066790994,0.4713127597169896,0.5437045917253465,0.5207937736221327,0.45753690895129273,0.4673110978196215,0.4280946716250663,0.41832048275673744
ARNT,ENSG00000143437,chr1,150799712,150886708,266,0.4376236124644552,0.5506663537804478,0.446268620763792,0.4545513100716995,0.5039169521317323,0.3922489597699845,0.3525620937743345,0.4077406200739374,0.4474274860695874
CTXND2,ENSG00000283324,chr1,150877135,150923292,143,0.3296758414452927,0.4340786811731334,0.4797720777158694,0.34256141790081807,0.43499007709807747,0.1579029183121587,0.20889608416658084,0.41139730480333314,0.360404138948911
SETDB1,ENSG00000143379,chr1,150916262,150974744,197,0.34603788248816714,0.43271148838676377,0.403330362688093,0.33618934665366873,0.37446829083735783,0.2376007146242794,0.2537461701922501,0.32928655122063133,0.31314109565266063
CERS2,ENSG00000143418,chr1,150950582,150985003,131,0.28183601617362136,0.4228593313448822,0.43330502963985035,0.22549491128896232,0.4102508399953656,0.15639625207264402,0.138571156416459,0.39327299695100176,0.41109809260718666
ANXA9,ENSG00000143412,chr1,150972248,151005634,145,0.4543714620623842,0.6463612121212121,0.5717435804238707,0.5171353112404836,0.529766614338043,0.3986314882936588,0.5064859648968817,0.6408477717136203,0.5329932951103974
MINDY1,ENSG00000143409,chr1,150986085,151018375,160,0.5606425686324616,0.7030790060459219,0.701036330648458,0.572216922471468,0.6880376383283272,0.41464898587741494,0.4492777475790326,0.7996402033125545,0.7650114416109373
PRUNE1,ENSG00000143363,chr1,150998419,151045713,231,0.5621044277951137,0.7612733851709149,0.7944580388750515,0.5660315535775648,0.7823171988326256,0.3380529969666475,0.3712516940449412,1.0943832558117566,1.0611845587334632
BNIPL,ENSG00000163141,chr1,151026320,151057720,153,0.5467473527305108,0.7417372195234792,0.7864377606341691,0.5577623061334969,0.7303306227148798,0.3006281513184722,0.4295634285234661,1.053149532111986,0.924214254906992
C1orf56,ENSG00000143443,chr1,151037750,151061986,116,0.5280056567355286,0.7444594255986827,0.7700995843794731,0.4850861919320275,0.7395327610761128,0.3225266583610258,0.3414258226707483,1.0418474196663097,1.022948255356587
CDC42SE1,ENSG00000197622,chr1,151040970,151080325,195,0.6385005883256996,0.7559819186338523,0.7572989510955097,0.5875463224201662,0.7555824968549857,0.5060414864362696,0.44363344565571516,0.9044714660386066,0.9668795068191609
MLLT11,ENSG00000213190,chr1,151050396,151079544,142,0.6807679787674125,0.8199706065501173,0.8149489389958743,0.6128303621793181,0.7676258318391251,0.5846743796071228,0.6020605365895211,1.1299607648725059,1.1125746078901075
GABPB2,ENSG00000143458,chr1,151060577,151135542,333,0.6146890296642181,0.7299532892900346,0.7698322032684456,0.5318491067030501,0.7463869228149667,0.39695910141757673,0.3480897271062252,0.9122012308999132,0.9610706052112648
SEMA6C,ENSG00000143434,chr1,151121684,151156664,148,0.5592096285844576,0.8023561263708765,0.7026086459661809,0.4900568522386704,0.7111666084783063,0.6138840166845714,0.5264196315993133,1.0074044690933237,1.0948688541785818
TNFAIP8L2,ENSG00000163154,chr1,151146648,151169749,69,0.47248351393596966,0.5697230034944174,0.7788498526825146,0.37515400387565645,0.6624348149100626,0.0,0.11378975963311644,0.8563321736874857,0.7295363401349885
SCNM1,ENSG00000163156,chr1,151146663,151180296,84,0.48482363286328195,0.48544826774434024,0.7262648691733405,0.3541248443667094,0.5656141085301506,0.01605542035211116,0.13389312124031083,0.648403759808728,0.5305660589205284
LYSMD1,ENSG00000163155,chr1,151149747,151175948,72,0.5438379466915759,0.6863165721427271,0.6139528572780913,0.45634436758148456,0.3846602132540042,0.4962411800726472,0.6416147947105659,0.6631298131055227,0.517756198467604
TMOD4,ENSG00000163157,chr1,151159985,151186284,45,0.48751571609532734,0.5695584415584416,0.6998152032208683,0.3313990774207218,0.6382742506002944,0.15403597318226891,0.11432134479300071,0.6889077438963144,0.7286223722855827
VPS72,ENSG00000163159,chr1,151166303,151205321,111,0.3273422147342486,0.6444980979243509,0.5802078677943259,0.41052625006309057,0.6948185459400413,0.281373817942826,0.18795051038129018,0.7528508613865621,0.8462741689480979
PIP5K1A,ENSG00000143398,chr1,151187948,151259536,335,0.3504507619346419,0.7092378871989068,0.6148691332704438,0.5627587692219965,0.6408714257906982,0.3562771878029831,0.519222619706109,0.8789726401112924,0.7160272082081665
PSMD4,ENSG00000159352,chr1,151244708,151277479,133,0.5238809620592279,0.7398446078776915,0.5843563667687754,0.6043784329750584,0.6358638725533823,0.6053182520260297,0.6317729115992606,0.7411579124605092,0.7147032528872782
ZNF687,ENSG00000143373,chr1,151271617,151302176,118,0.4601258343110687,0.7590447295115417,0.69422372071277,0.4737343906604895,0.6658751749182528,0.4273307987834588,0.48442628364412743,0.9958131635667197,0.9387176787060506
PI4KB,ENSG00000143393,chr1,151281796,151337715,178,0.3613913661894099,0.6987915742793791,0.5897148515134575,0.4771313290091342,0.6754396591550741,0.3787567057946815,0.3615469766202135,0.8211961038129347,0.8384058329874027
RFX5,ENSG00000143390,chr1,151330639,151357326,89,0.5007388679008203,0.7442764120942911,0.5717825785379214,0.5236114777523502,0.6972456131972854,0.6050799717769981,0.45517314012396637,0.7585781808023937,0.9084850124554256
SELENBP1,ENSG00000143416,chr1,151354303,151382707,130,0.41008249435618227,0.6082385603018132,0.5523267696291707,0.4512186816328512,0.5077351745967618,0.3305915301232174,0.41420949819238156,0.6065106665221851,0.5228926984530211
PSMB4,ENSG00000159377,chr1,151389559,151411937,80,0.558824830403557,0.5662701440535397,0.5117926698659397,0.622206455097637,0.5639149643666921,0.4683157781657637,0.48941139085319385,0.3670176122557435,0.34592199956831343
POGZ,ENSG00000143442,chr1,151392723,151469494,326,0.5835848531163809,0.5968822170991381,0.5391934840072419,0.5924157461031812,0.5886737970715034,0.5049110162422503,0.4588327029623509,0.4036154782316912,0.44969379151159067
CGN,ENSG00000143375,chr1,151500509,151548692,242,0.530901016857231,0.5771031425241546,0.533958687938261,0.5595252503863203,0.581774648121898,0.4270437252286059,0.40439712518525134,0.43358324019452676,0.4562298402378814
TUFT1,ENSG00000143367,chr1,151530304,151593583,332,0.4118969897198807,0.623245935931417,0.5255885778656402,0.4487399492079891,0.520007967547429,0.3806677293283664,0.4188627498702805,0.5954949250292806,0.5572999044873664
SNX27,ENSG00000143376,chr1,151602005,151709091,373,0.45282608038027006,0.6636558370849516,0.5968622604336568,0.5323792194658536,0.610314839264431,0.3920659671386782,0.453650906174014,0.6975543817217806,0.6359694426864448
CELF3,ENSG00000159409,chr1,151690057,151726803,102,0.3415296079998285,0.40132422490803993,0.4593084768029991,0.34971891285237405,0.39934533261498334,0.15798223290541802,0.21682528294991332,0.3550528714795592,0.29620982143506386
RIIAD1,ENSG00000178796,chr1,151700432,151739805,164,0.2791504526483223,0.5836819196547782,0.5284038203121565,0.2897106996975886,0.4657874737031473,0.22599915961966333,0.29571354576061853,0.6503065350567903,0.580592148915835
MRPL9,ENSG00000143436,chr1,151749646,151773496,114,0.31080952516828897,0.4332441372256271,0.33898444226826635,0.40445293936945936,0.4068795851861365,0.26304316869405064,0.28187183555734846,0.30478347640278725,0.28595480953948954
OAZ3,ENSG00000143450,chr1,151752898,151781334,143,0.2723262651472402,0.5569078690396306,0.47989315333266863,0.32044112448754264,0.47972517439161966,0.23907952174720687,0.27344543377970526,0.5748980382475068,0.5405321262150085
TDRKH,ENSG00000182134,chr1,151760106,151801416,223,0.32468578332503556,0.6641815124507278,0.5739428206553485,0.39198769777863207,0.5522177996866842,0.31528997647387924,0.3926481595614575,0.7758945041412537,0.6985363210536755
LINGO4,ENSG00000213171,chr1,151790263,151815419,134,0.34562703065661515,0.7113283405258143,0.6256286267723027,0.45416909168028,0.608435096176479,0.34201808300085546,0.4551537056025338,0.9004472801365815,0.7873116575349031
RORC,ENSG00000143365,chr1,151796070,151841845,246,0.4032598255972733,0.7402473475466174,0.6364934173866554,0.3781491141823898,0.5830247462667556,0.4261705216889956,0.47417599168928015,0.9218549158033529,0.8738494458030683
C2CD4D,ENSG00000225556,chr1,151827818,151850557,124,0.5376823057010394,0.7860719483331002,0.716232689140106,0.5164107089878224,0.7433615641715032,0.5270088986342639,0.4542738916598984,1.015106629020341,1.0878416359947063
THEM5,ENSG00000196407,chr1,151837100,151863712,153,0.4777719505602742,0.6083347302278904,0.5056544105237093,0.5037997186698144,0.5858933914014465,0.4412390926276096,0.3782457593792821,0.4961086149900326,0.55910194823836
THEM4,ENSG00000159445,chr1,151860865,151919637,297,0.5865866309095739,0.3277868258013717,0.3534537145766392,0.6681956470919374,0.41556549524220965,0.42218828433484124,0.4816394948470748,0.0,0.0
S100A10,ENSG00000197747,chr1,151972914,152003859,172,0.5832486794537146,0.4547864268047475,0.41631458856196757,0.6380991298927363,0.5074138416297058,0.4717250760005812,0.45743836749164185,0.13485260765973306,0.1491393161686725
S100A11,ENSG00000163191,chr1,152022505,152057907,158,0.3580016560919328,0.25303219153649464,0.26934300372151665,0.3709585516245601,0.2658455528129135,0.21054579469599038,0.2231277319985483,0.08118739450828572,0.06860545720572778
TCHHL1,ENSG00000182898,chr1,152074140,152099064,36,0.6733418103106336,0.6045433417843776,0.6298625102220762,0.6763426411537977,0.7802943509297612,0.5263371414886248,0.2701586775147973,0.4013769436092073,0.6575554075830349
TCHH,ENSG00000159450,chr1,152096316,152125454,67,0.4878083099926663,0.5497714432460197,0.5179579550507183,0.37667159057901795,0.4032792258372567,0.3686661560870667,0.37718784422221424,0.42933376517249805,0.42081207703735063
RPTN,ENSG00000215853,chr1,152143594,152169228,94,0.34696158873664046,0.3325161321844497,0.206675649672706,0.2871083773745299,0.2424849099834702,0.299418130787365,0.23247705406618202,0.10482192627901113,0.17176300300019406
HRNR,ENSG00000197915,chr1,152202075,152234193,50,0.41914654737567497,0.6668717156389387,0.48690038075741154,0.49360507704480744,0.5700170108347107,0.4875995743546631,0.4678282138349815,0.6116280505107548,0.6313994110304363
FLG,ENSG00000143631,chr1,152292164,152335239,177,0.2641924158413438,0.28787863201904607,0.17398704338180762,0.19205747743949295,0.15438973566941014,0.22757436542202786,0.1925372869518352,0.11193255602749158,0.14696963449768424
FLG2,ENSG00000143520,chr1,152338734,152370006,152,0.24280520203256617,0.21036146237574577,0.21090109479863667,0.1667712865528079,0.06607190040255524,0.1387255522211093,0.17513563460095866,0.09745443331774209,0.06104435093789275
CRNN,ENSG00000143536,chr1,152399242,152424263,150,0.5589610469903672,0.6757825017506338,0.6117985403674244,0.5619883283346275,0.647589733841694,0.4993659639374293,0.454445582803941,0.6269747335742202,0.6718951147077084
LCE5A,ENSG00000186207,chr1,152500802,152522177,188,0.40843333925210196,0.8861414604497699,0.7696388980901049,0.47604585953909034,0.7563762129433338,0.6148360967209083,0.7035097495270455,1.5579623855355562,1.4692887327294193
CRCT1,ENSG00000169509,chr1,152504481,152526008,201,0.4017347592249177,0.863355984558001,0.7813165999867454,0.4479560754740467,0.7097307716986052,0.49198349104803907,0.6737787057951574,1.4983926713086566,1.3165974565615381
LCE3E,ENSG00000185966,chr1,152555653,152576780,145,0.4136751306679406,0.7196926223144933,0.6219760013660878,0.4329893950659123,0.6199894590321229,0.4164760810235475,0.43584474253312283,0.8553924194581446,0.8360237579485693
LCE3D,ENSG00000163202,chr1,152569380,152590516,113,0.3413883559336287,0.3892550599346715,0.30216978100799446,0.28856720195785174,0.31107472659132485,0.27545881888091506,0.23046385011952966,0.2176170347863471,0.26261200354773245
LCE3C,ENSG00000244057,chr1,152590233,152611086,75,,0.0033300033300033304,,0.0,0.003910068426197462,,0.0,,0.0036266464297665026
LCE3B,ENSG00000187238,chr1,152603810,152624098,124,0.42082300198698497,0.34357046591059953,0.10229846234656308,0.3903763133362551,0.12750603574935582,0.42958472473540865,0.38972690166557195,0.0,0.03121302507047799
LCE3A,ENSG00000185962,chr1,152612833,152633103,171,0.2689869003598052,0.18618003241554004,0.12596685005121505,0.2286257091666611,0.10812262705528271,0.1923515158353774,0.17558551952522136,0.013664591649581309,0.030430587959737354
LCE2D,ENSG00000187223,chr1,152653379,152674659,166,0.16268250768527076,0.36231777163132445,0.2488130542716852,0.17488841184333107,0.24905818286432943,0.17068321194999753,0.17786236686204066,0.27923198242498265,0.2720528275129394
LCE2C,ENSG00000187180,chr1,152665294,152686574,175,0.2603853846458994,0.33608084227081475,0.33648879334702,0.2085958364116044,0.251795816601608,0.15050568534268913,0.17673100526428995,0.2590892019830502,0.23286388206144937
LCE2B,ENSG00000159455,chr1,152676122,152697397,173,0.2724203526186704,0.3228757973357395,0.21278946342308772,0.2909626436956387,0.21695531779721222,0.2343364095369747,0.24459105421240102,0.15556415299888288,0.14530950832345657
LCE2A,ENSG00000187173,chr1,152688344,152709442,155,0.2310121856721972,0.2789245094751312,0.18737127748333535,0.22964252555148382,0.22113840801035414,0.19110532538152913,0.16899507056565233,0.1359061192655615,0.15801637408143832
LCE4A,ENSG00000187170,chr1,152698159,152719434,159,0.21768420657760854,0.2671228115070479,0.18798182933807558,0.2219866990347072,0.17450715126062621,0.1740206840832088,0.1850070587584241,0.13675645344407727,0.12577007876886198
C1orf68,ENSG00000198854,chr1,152709521,152730470,178,0.19580226109322293,0.2507556468706519,0.2367561021870121,0.1880896619605233,0.20740821678321683,0.11821128161823174,0.13230425520508574,0.17047882789310048,0.1563858543062465
KPRP,ENSG00000203786,chr1,152749560,152772052,165,0.3352904086474882,0.6176862155586327,0.5329566582156225,0.35200397864158095,0.4883936561679195,0.30429270205224257,0.36259224773967125,0.657220880269214,0.5989213345817854
LCE1F,ENSG00000240386,chr1,152765139,152787024,147,0.24285489547409797,0.7005227200457388,0.6058806513529366,0.2903162917780884,0.5453456347000126,0.276407792138552,0.3802174141995696,0.9293089320845846,0.8254993100235669
LCE1E,ENSG00000186226,chr1,152776213,152798426,133,0.31298379449211944,0.6595553075414567,0.5939083811117215,0.32974041759364,0.5658917852235273,0.27586175631998416,0.32156568450074086,0.8016408406372129,0.7559369124564561
LCE1D,ENSG00000172155,chr1,152786720,152808181,136,0.3041872322467886,0.6160442435560846,0.6586143628808405,0.2868505756803974,0.6437110339628094,0.12258003863540967,0.13163954242244347,0.8346479119910277,0.8255884082039938
LCE1C,ENSG00000197084,chr1,152794831,152816651,148,0.26442765996879175,0.6362094924235081,0.6216067079607622,0.2968496144956659,0.6541516622911973,0.17323116270255545,0.15080333286683456,0.8379459429590299,0.8603737727947508
LCE1B,ENSG00000196734,chr1,152801970,152823108,142,0.2054986948778473,0.6265601401343294,0.52649570696846,0.16631028606190226,0.5750977329924698,0.2337223278212382,0.1554981000695354,0.751275977315374,0.8295002050670768
LCE1A,ENSG00000186844,chr1,152817472,152838097,129,0.14615261080049535,0.32231921335369607,0.3871823411352329,0.1395343115191887,0.42975960210002767,0.028696938057401616,0.0,0.3603819800089606,0.40024731818584025
LCE6A,ENSG00000235942,chr1,152832855,152853983,183,0.2437165066152629,0.13815719846846197,0.07496619586945158,0.20182134958458306,0.08018954729481044,0.1750481872373308,0.14525878190711822,0.0,0.0034236078544109816
RP1-13P20.6,ENSG00000285946,chr1,152849995,152870985,187,0.11586560433169577,0.14191761839500533,0.1806568245745913,0.1770966096609661,0.18756767707816663,0.03847454978443389,0.0701244887618636,0.11458061846233097,0.08293067948490129
SMCP,ENSG00000163206,chr1,152868321,152895047,164,0.22489272638490718,0.11675306413593156,0.03469657745920969,0.30077779937940036,0.14846826986410006,0.17179575199367791,0.16060932491641303,0.0,0.0
IVL,ENSG00000163207,chr1,152898545,152921886,171,0.1181926863202046,0.10142059439220737,0.09300274954956093,0.172463721315244,0.1444313691100883,0.06755302631345297,0.070126783281715,0.03938717460396361,0.036813417635701604
SPRR5,ENSG00000283227,chr1,152937153,152959258,119,0.35479692384424183,0.284240471907292,0.28559417488003574,0.3869184371624054,0.30359569908229994,0.21814854622486937,0.2309217122861478,0.11626247682753865,0.10348931076626022
SPRR4,ENSG00000184148,chr1,152960647,152982574,191,0.34553302198561814,0.3471710971735523,0.2182648843770494,0.3867131463496583,0.2424900378914409,0.30206751358563066,0.31882205638664374,0.12437268756366202,0.10761814476264897
SPRR1A,ENSG00000169474,chr1,152975230,152995500,193,0.37468902955082894,0.2464174985290991,0.15782227126970472,0.3154618387618071,0.12419463722408677,0.29032938420485355,0.2646581299189401,0.0,0.01825864598716287
SPRR3,ENSG00000163209,chr1,152991746,153013856,205,0.26351783267599166,0.144778266757741,0.12173716041648137,0.2224794548075806,0.0711894623830734,0.16622769710534074,0.16709460694119535,0.0,0.0
SPRR1B,ENSG00000169469,chr1,153021202,153042900,234,0.28660418644576685,0.2256267101703751,0.1313976183302429,0.2488451423519598,0.08487694045073164,0.22627514625379364,0.22657397508054672,0.029426088799836853,0.029127259973083824
SPRR2D,ENSG00000163216,chr1,153029731,153051931,211,0.24568138930282626,0.17115585666682462,0.1266879312852892,0.2191119331534577,0.09009144841215166,0.1671006333907642,0.17031771479135166,0.020622513760814448,0.01740543236022697
SPRR2A,ENSG00000241794,chr1,153046119,153067512,160,0.31430668698181224,0.2859464566929134,0.21570089554508737,0.34093864967235654,0.2322494005687626,0.23557866250745724,0.2447228213231663,0.10121866632058021,0.09207450750487109
SPRR2B,ENSG00000196805,chr1,153060223,153080840,159,0.257770663716509,0.26648582055220704,0.13567585849569536,0.2593592119922784,0.12454454376933691,0.2310989693165025,0.2385684407355364,0.07880938105227536,0.07133990963324147
SPRR2E,ENSG00000203785,chr1,153083134,153116184,202,0.2504328945579892,0.2232718165469628,0.161220734975602,0.30597083750706117,0.22718351306776566,0.1825582749156847,0.18009622712503426,0.07010654314874945,0.07256859093939988
SPRR2F,ENSG00000244094,chr1,153102120,153123516,123,0.29273690395651075,0.19090270514274388,0.2077353134827707,0.21360019767729185,0.2516939132258372,0.16266445641955635,0.08109144364884316,0.04917164715166161,0.13074465992237477
SPRR2G,ENSG00000159516,chr1,153139581,153160890,150,0.3684404257656252,0.25803490844209637,0.2079373496445838,0.35204392658110806,0.23658884104512584,0.26245065050252303,0.23121346743223625,0.036002432836870574,0.06723961590715735
LELP1,ENSG00000203784,chr1,153193429,153215120,151,0.29463965388466495,0.30441426480947026,0.2405774107611883,0.2799138832160939,0.25249941036190676,0.21842529798193613,0.20018264324493037,0.14457570593200214,0.16281836066900793
PRR9,ENSG00000203783,chr1,153207583,153229310,176,0.2417272573331093,0.20031073129518723,0.18594298246837035,0.24362465436094466,0.11317194253388897,0.1472596553988581,0.1913227076089745,0.07627238548663809,0.0322093332765217
LORICRIN,ENSG00000203782,chr1,153249686,153272124,145,0.3581411381176566,0.172147779905736,0.18310032941987522,0.298692686961224,0.14118572169074475,0.21503423277407285,0.1957635635513775,0.0,0.0
PGLYRP3,ENSG00000159527,chr1,153287115,153322952,231,0.4286344959070767,0.46936033509859687,0.3630483104204677,0.3918123842201312,0.3475666617344954,0.37116839015363046,0.35194882135655026,0.26250369511034416,0.28172326390742436
PGLYRP4,ENSG00000163218,chr1,153320119,153358841,320,0.4679738756866842,0.49735290145658495,0.35391077515236025,0.4919200604965247,0.432384284910908,0.4410559838417025,0.39933639192611703,0.24681096462553992,0.28853055654112536
S100A9,ENSG00000163220,chr1,153347853,153371023,195,0.32573721922365856,0.2720768702905566,0.25010100143079217,0.28107451327179367,0.29936056790827054,0.2119392194605026,0.14589775107846908,0.10562060795853365,0.17166207634056713
S100A12,ENSG00000163221,chr1,153363710,153385621,82,0.09767640298608851,0.09190195562216055,0.060237482189748066,0.15326842983624706,0.06007706274515237,0.06852845990413364,0.100408545999922,0.02787446791626577,0.0
S100A8,ENSG00000143546,chr1,153380031,153401073,0,,,,,,,,,
S100A7A,ENSG00000184330,chr1,153406519,153433222,0,,,,,,,,,
S100A7L2,ENSG00000197364,chr1,153427057,153449949,0,,,,,,,,,
S100A7,ENSG00000143556,chr1,153447743,153470651,0,,,,,,,,,
S100A6,ENSG00000197956,chr1,153524598,153546244,90,0.19384537341066935,0.008089841504475651,0.013073568691704429,0.15610903947537613,0.03457693019811146,0.10522133614735922,0.07133293441940677,0.0,0.0
S100A5,ENSG00000196420,chr1,153527146,153551765,140,0.15555839035548544,0.04114382556786563,0.0065234987267617315,0.1255646315656921,0.03335955853020699,0.10227450359050891,0.07113120122267967,0.0,0.0
S100A4,ENSG00000196154,chr1,153533612,153560136,191,0.19611415541051505,0.17181674018971835,0.04467541780974616,0.1573526555132707,0.054934635448499615,0.18055735271551934,0.1516131891093646,0.007963468097559906,0.036907631703714625
S100A3,ENSG00000188015,chr1,153537328,153559258,169,0.20334809780914592,0.17771520867813917,0.04350099824278473,0.15120621318135474,0.05150715871382936,0.18926520221772775,0.15336322854767187,0.006403280250024998,0.042305253920080874
S100A2,ENSG00000196754,chr1,153551107,153577890,156,0.22732273460265612,0.35548186011719235,0.3283529096926163,0.2521748557742845,0.3591032669752393,0.14956194922856583,0.14247573305241426,0.2896903621027497,0.2967765782789013
S100A16,ENSG00000188643,chr1,153596885,153623145,93,0.42753158909868816,0.34658159992547344,0.37547225563212566,0.41327359191528545,0.3527604958392753,0.2562879091866658,0.2618476980062092,0.16924971051914467,0.16368992169960128
S100A14,ENSG00000189334,chr1,153604254,153626986,80,0.36606081130525714,0.30451833317888366,0.17029194773853645,0.34625024807250127,0.19040199222309565,0.316135744688037,0.2884819147694707,0.047014882988857754,0.074668712907424
S100A13,ENSG00000189171,chr1,153608786,153641360,152,0.43584648014310406,0.3142413890775317,0.23172527474461382,0.41194723089459934,0.27926990941817964,0.34302528193724746,0.29033880899749626,0.03420431036475591,0.08689078330450706
S100A1,ENSG00000160678,chr1,153617925,153642039,137,0.46075908902232837,0.35168867612415655,0.2867896648681732,0.36987816759606995,0.2824501834043818,0.356499103411853,0.2816567252424195,0.07688515651142674,0.15172753468086012
CHTOP,ENSG00000160679,chr1,153623981,153656306,150,0.47643130939086925,0.36138994400832847,0.36462733674999387,0.42392685825031895,0.2178612147514858,0.3210023570235755,0.37712940829713504,0.12745889486845796,0.07133184359489841
SNAPIN,ENSG00000143553,chr1,153648702,153671852,119,0.5173466709304617,0.47317371701868277,0.2673339547242467,0.4648652792456258,0.23643796647830445,0.5291378830068938,0.4981801295719107,0.11174653558659009,0.14270428902157317
ILF2,ENSG00000143621,chr1,153651787,153681028,160,0.5166673651489158,0.4547905565841361,0.30277241834993834,0.4868352675865384,0.3457505888454308,0.4864960150753805,0.4247384951181654,0.1200892432221633,0.1818467631793783
NPR1,ENSG00000169418,chr1,153668687,153703992,174,0.5054082369400699,0.36157041544976753,0.3308166878053832,0.47319452216391156,0.35191856514660075,0.37553461142611,0.32796444179773554,0.07320928078014877,0.12077945040852323
INTS3,ENSG00000143624,chr1,153718049,153784808,303,0.32197083190648523,0.3567421202823611,0.3897347623079093,0.37042708512962,0.3862115576901959,0.16795647439592828,0.2079091068617208,0.2732531036468556,0.23330047118106306
SLC27A3,ENSG00000143554,chr1,153764353,153790157,98,0.28495040802592475,0.3248628882373069,0.3741269028281206,0.28449943234353914,0.3894424282415045,0.12981760544195298,0.11711483978642459,0.26302187475813915,0.2757246404136675
GATAD2B,ENSG00000143614,chr1,153779029,153933360,552,0.38586110292901704,0.4674930155754897,0.4115460638155814,0.4281825557840664,0.435977581437811,0.29371839813786627,0.3082167390776949,0.3364408670565483,0.32194252611671953
DENND4B,ENSG00000198837,chr1,153919500,153956718,119,0.28093676086669794,0.16378379072544916,0.23595344657879014,0.2536045127605318,0.157874914860371,0.11977374438324853,0.14977051635124866,0.05909433141733636,0.02909755944933623
CRTC2,ENSG00000160741,chr1,153937668,153968615,114,0.28681502221345057,0.21824193939393943,0.18135580728996029,0.23338517464110206,0.1481866405041821,0.192059348694459,0.1757964605310154,0.054150623026152755,0.07041351118959632
SLC39A1,ENSG00000143570,chr1,153949098,153978184,125,0.2686391103937047,0.16567527561665893,0.23530404265370855,0.2404191400472981,0.1783612905469772,0.11285193856135706,0.12983329288348794,0.0682806560683113,0.051299301746180415
RP11-422P24.15,ENSG00000285779,chr1,153949150,153985887,153,0.287929452172348,0.17815964783252855,0.22100008409966668,0.2451066944105618,0.1878866296322039,0.14302153447220056,0.13463632424796984,0.053187587091030775,0.061572797315261496
CREB3L4,ENSG00000143578,chr1,153957533,153984361,121,0.3721304731375505,0.19512039555324087,0.2452156530223545,0.2823818281456077,0.13104243753756098,0.20058113131907349,0.2042096140416536,0.01648144112313335,0.012852958400553255
JTB,ENSG00000143543,chr1,153964268,153987674,101,0.37961048931839153,0.18116646524327468,0.28624870644308104,0.3747602397602398,0.13881984380285622,0.17003075977443885,0.26002150034114574,0.029843710278869062,0.0
RP11-422P24.14,ENSG00000285641,chr1,153965849,153996246,116,0.4862978057198759,0.3996554625126053,0.3993831726379637,0.45451567182140507,0.3247189846153286,0.3332825115923349,0.36185320358451156,0.17696904783446576,0.1483983558422891
RAB13,ENSG00000143545,chr1,153971616,153996358,90,0.409435721291841,0.4638660367937934,0.42356575915608186,0.3407619288286418,0.394693465362338,0.29957700018752,0.2690107428996554,0.32379421759659016,0.35436047488445466
RPS27,ENSG00000177954,chr1,153980761,154002155,66,0.571455198769079,0.4209952195574562,0.6163930815578239,0.4943638965320214,0.606404758975801,0.21783381863619644,0.14797518590905362,0.3286107264295786,0.3984693591567215
NUP210L,ENSG00000143552,chr1,153982684,154165116,645,0.3718585733701192,0.4482621425006982,0.387161882516619,0.37084763676597793,0.40343004802405585,0.2850088586178991,0.2707526442211995,0.3096733827204807,0.3239295971171804
TPM3,ENSG00000143549,chr1,154145303,154204648,256,0.5105586325775067,0.3914902117879113,0.3668790475304938,0.4362987696340384,0.3681780221687165,0.3770695443357424,0.3054127884769937,0.11967273654360505,0.1913294924023537
C1orf189,ENSG00000163263,chr1,154189084,154216333,103,0.5419292779820396,0.33869131086408916,0.23997571782838986,0.421862939657104,0.16337637200349767,0.45993067041358066,0.39154893861070306,0.0,0.021985606300486238
C1orf43,ENSG00000143612,chr1,154196695,154230637,124,0.5847853510476252,0.3721759483601985,0.40405568620995275,0.378821760054067,0.3016483565068333,0.4134234704366023,0.2913000129317884,0.052071853881083596,0.17419531138589747
UBAP2L,ENSG00000143569,chr1,154210178,154281510,281,0.5260753977288966,0.41830383529753473,0.4204006669918634,0.42527390201332577,0.3551911579395179,0.37154791945315696,0.3284336746684565,0.17025910189089322,0.21337334667559354
HAX1,ENSG00000143575,chr1,154262588,154285875,75,0.3116000953212193,0.4603514241236045,0.3996614573389237,0.3621712320585232,0.37445245077503136,0.23998047234168995,0.2986973115691907,0.3768566643489558,0.3181398251214551
AQP10,ENSG00000143595,chr1,154311089,154335325,120,0.34393125446296596,0.5049759230321414,0.5234911695809592,0.24707397944607248,0.49139684633649744,0.1916847767673195,0.15542497710216885,0.511464100489922,0.5477239001550728
ATP8B2,ENSG00000143515,chr1,154315524,154361304,232,0.46106143810956096,0.6180230597878017,0.6006144576317902,0.3908909877227515,0.46433754221312024,0.33136034051630153,0.41695100205529934,0.6310346976180106,0.5454440360790127
IL6R,ENSG00000160712,chr1,154395192,154479450,456,0.455061411142034,0.4455918828722973,0.41878575371019816,0.42148886969494953,0.393220580608398,0.32715026293017235,0.31878086690764057,0.2627039269997189,0.27107332302225057
SHE,ENSG00000169291,chr1,154459771,154512412,236,0.5787594343310224,0.683723505331726,0.6121472497508933,0.5769734874083158,0.5634233882164197,0.5342800686943134,0.5913337419700355,0.6168583961480508,0.5598047228723286
TDRD10,ENSG00000163239,chr1,154492218,154558147,333,0.5011853490704999,0.6295863662353539,0.5406507043316215,0.5009836145146509,0.5415163796848963,0.4553556481672064,0.4542103016830157,0.5377793205004253,0.5389246669846162
UBE2Q1,ENSG00000160714,chr1,154538576,154569028,141,0.4784159528761904,0.6302668997273765,0.6361840688827836,0.5392321656863281,0.6084330949948927,0.317375757302897,0.41611798807954425,0.6775981269540408,0.5788558961773934
CHRNB2,ENSG00000160716,chr1,154557777,154590013,157,0.548649052946764,0.46678779894851563,0.4834509094939876,0.5756062293201218,0.5590509362923156,0.3818804734113289,0.33355172327003174,0.24695533483585297,0.29528408497715025
ADAR,ENSG00000160710,chr1,154571694,154638013,311,0.5442962741528485,0.5353133952581898,0.5209759056828728,0.5775018495474663,0.508003464223102,0.4081500460060232,0.45933933755691986,0.35824202290467055,0.307052731353774
KCNN3,ENSG00000143603,chr1,154687454,154880281,1281,0.4426748990343595,0.5834722774505343,0.520482733468367,0.44415658548509596,0.5135235089281652,0.36271671405021333,0.37125210536234265,0.5130855447970795,0.5045501534849501
PMVK,ENSG00000163344,chr1,154914739,154946719,137,0.462817760075998,0.4010521096934652,0.29221387717877356,0.383954913577359,0.29725714917833607,0.39419261856409826,0.3221257813100533,0.11838806056673706,0.19045489782078207
PBXIP1,ENSG00000163346,chr1,154934075,154966123,107,0.4647929276698845,0.38352349565541555,0.3681093044237481,0.38954245563113743,0.2633131382109305,0.3248988872617561,0.33584461969460155,0.1588361812054429,0.14789044877259744
PYGO2,ENSG00000163348,chr1,154947025,154973853,75,0.12330683897907539,0.04667617578280404,0.07121839113575004,0.12093899303754867,0.03598720120459253,0.05275860498137954,0.07002545476241942,0.0,0.0
SHC1,ENSG00000160691,chr1,154952297,154984395,91,0.22124877790404374,0.17037897113368813,0.25004106674205123,0.11191358251432922,0.22198236935787413,0.07455654207934179,0.0272332021791917,0.11222973210922987,0.15955307200938
CKS1B,ENSG00000173207,chr1,154964652,154989251,71,0.343795846305574,0.26091860221803725,0.20892383508325885,0.3106257958770644,0.1851732682901514,0.24463476017830024,0.23476923712212458,0.05771245807285011,0.06757798112902574
FLAD1,ENSG00000160688,chr1,154973337,155003111,94,0.37132321103416627,0.36900944881127073,0.36436156126772123,0.1708117352617497,0.36674313498035527,0.23573851220557965,0.095446646350303,0.2247258786917885,0.3650177445470651
LENEP,ENSG00000163352,chr1,154983585,155004315,71,0.33026674591700755,0.3373435019087193,0.33286919906225126,0.2655637173456025,0.4213600157267527,0.203802575326186,0.08653788913729338,0.20769595015795111,0.3249606363468437
ZBTB7B,ENSG00000160685,chr1,154992629,155028522,112,0.5371981814102587,0.4386836370751838,0.45795876448218387,0.45854252253041966,0.4085459961785815,0.36775687980610683,0.3328949940159119,0.20971372581808478,0.24457561160827984
DCST2,ENSG00000163354,chr1,155008519,155043781,112,0.38198016994352973,0.3113363354348043,0.41080729329403903,0.3597943846075334,0.3790266576947766,0.16261751953755688,0.17125051621799456,0.21038475773806423,0.2017517610576265
DCST1,ENSG00000163357,chr1,155023823,155060930,146,0.31463793847005606,0.42712494612831176,0.3925733196015738,0.31988152961722505,0.3769161045655715,0.2181859318705193,0.23475090565433426,0.3389017102449119,0.32233673646109695
ADAM15,ENSG00000143537,chr1,155040565,155072775,134,0.44225959598533354,0.3927281488539168,0.3145191752019493,0.41296187003063795,0.25785920979255733,0.3525028128289204,0.36661396114032596,0.14627591514545224,0.1321647668340467
EFNA4,ENSG00000243364,chr1,155053736,155079553,106,0.45817143113829595,0.3496547314873159,0.42957651918905865,0.44227146750405644,0.35540633324406695,0.24084062538367512,0.2874998379757848,0.18941124940896664,0.14275203681685694
RP11-540D14.8,ENSG00000251246,chr1,155053747,155096807,180,0.43193190294498884,0.321194195128436,0.37825291050609827,0.38506856151008895,0.28436948631081654,0.23885614739803013,0.2695367029806801,0.14856404659359462,0.11788349101094459
EFNA3,ENSG00000143590,chr1,155068836,155097538,123,0.3809533424060564,0.23960775712585175,0.21419205972222793,0.3062221301323519,0.22672848185340178,0.25622631798638706,0.1911996360628175,0.017694551808907,0.08272123373247661
EFNA1,ENSG00000169242,chr1,155117875,155144899,102,0.4152056475938881,0.30268427894687316,0.2824188243173011,0.4188637579045223,0.12617375336034228,0.28257141319700013,0.38420666379840857,0.07794558620336162,0.0
SLC50A1,ENSG00000169241,chr1,155125343,155148857,78,0.3943495086490919,0.3229189361653639,0.2563136808625494,0.39891684332465116,0.290946958009593,0.29764026628901036,0.27758066038432305,0.09232400716380534,0.1123836130684927
DPM3,ENSG00000179085,chr1,155129890,155150595,66,0.4518573437059761,0.3673277043591734,0.3469377202354253,0.43124485438934157,0.17439335284675664,0.316469808042668,0.41523555992179983,0.1413328832578547,0.04256713137872292
KRTCAP2,ENSG00000163463,chr1,155159407,155183475,91,0.45629409032767554,0.3908666877787737,0.33521169494901126,0.4343946522242091,0.25129682997118163,0.34838914499804075,0.38808208271497924,0.14732898674694045,0.10763604903000201
RP11-201K10.3,ENSG00000273088,chr1,155159408,155197272,114,0.4371613023232973,0.4664040663609612,0.3821229358430724,0.4195651001566316,0.28122775696899693,0.36070641765435785,0.42094164680407525,0.2674099873718963,0.207174758222179
TRIM46,ENSG00000163462,chr1,155163786,155194971,96,0.46727280839752017,0.4991739059805749,0.3336841348480709,0.3947821752426069,0.3479350420763547,0.45762536425024836,0.3830260537052948,0.23387099163202502,0.30847030217697863
MUC1,ENSG00000185499,chr1,155175823,155202916,75,0.3478732294613541,0.4464240264051565,0.4115674207101886,0.25298924878529894,0.351562152952421,0.24428982801707266,0.22492142821571798,0.34706644790175645,0.3664348477031111
THBS3,ENSG00000169231,chr1,155185587,155219051,54,0.43267287112694425,0.3410215330344675,0.3045982597225101,0.3090566650902786,0.2451935586908593,0.31030902911703895,0.2527339758261382,0.10675539121429733,0.164330444505198
MTX1,ENSG00000173171,chr1,155198694,155223824,31,0.26069954488588243,0.27693359310504245,0.2612832849788234,0.310550277084479,0.22805051351823874,0.1617321578396733,0.21863977570860038,0.16252205410757511,0.10561443623864797
GBA,ENSG00000177628,chr1,155224451,155254699,51,0.33500812531317253,0.1931092328537325,0.059997332932418,0.29690507779519965,0.06090466749618919,0.2803374335353058,0.2519960345093908,0.0,0.0
FAM189B,ENSG00000160767,chr1,155237204,155265483,59,0.33353210837323016,0.2218851769940118,0.07785670396586786,0.3238488825196956,0.06018556333021743,0.2877949223000218,0.2900735143161056,0.0,0.0
SCAMP3,ENSG00000116521,chr1,155245978,155272430,47,0.2718628949941827,0.2784489538796423,0.10765611061599474,0.3271680556666485,0.04566192762914073,0.26485718812993364,0.3379372741429778,0.06149496514737485,0.0
CLK2,ENSG00000176444,chr1,155252867,155288491,30,0.2454926031002015,0.29540710786219765,0.0926601041523191,0.25878795019413575,0.013335830129723265,0.26729357315954483,0.318089038797935,0.08284152776394943,0.032046062125559216
HCN3,ENSG00000143630,chr1,155267462,155299848,41,0.2632883083056733,0.17145963888173518,0.15119011901190116,0.148606858155131,0.12100527458889236,0.1648641659217171,0.10999731309704883,0.023225561486279467,0.07809241431094768
PKLR,ENSG00000143627,chr1,155279292,155311438,79,0.2777718697317061,0.21659844035306297,0.14765347042778193,0.2183008240504409,0.1335164304346026,0.20488098849342629,0.17354151648520627,0.03922887838975431,0.0705683503979743
FDPS,ENSG00000160752,chr1,155298747,155330666,113,0.44865485379789133,0.4748910034645733,0.34247865309759296,0.4293943924308487,0.28287167123659795,0.4101328215498855,0.43635298199618483,0.23401660394067786,0.20779644349437848
RUSC1,ENSG00000160753,chr1,155310893,155341114,93,0.5270651693519656,0.5582343829815283,0.6308353794532128,0.4162145374367199,0.5777828156880528,0.28463044312327557,0.2464810477468689,0.5323453726671439,0.5704947680435506
ASH1L,ENSG00000116539,chr1,155325267,155573162,775,0.3747643754402704,0.5866654293593773,0.5920306754917021,0.4063387949907296,0.5924824855082792,0.22828066206681058,0.253636516484096,0.6552172535034566,0.6298613990861711
MSTO1,ENSG00000125459,chr1,155600204,155624951,0,,,,,,,,,
YY1AP1,ENSG00000163374,chr1,155649442,155699000,76,0.31533077256173736,0.3844548010933475,0.08447923795270829,0.298975433907566,0.054260340499836274,0.38790205092012875,0.3923356503137514,0.09734485067932752,0.09291125128570485
DAP3,ENSG00000132676,chr1,155677959,155749010,147,0.40764266564049606,0.19819672216576772,0.5049719744022461,0.43514418183658926,0.44391359040108375,0.020698155449059896,0.10262258816079278,0.2001938352384492,0.1182694025267163
GON4L,ENSG00000116580,chr1,155739658,155869400,421,0.6639002233132268,0.830345845453312,0.8345606491201689,0.709791391699678,0.848487434829602,0.5325949482656085,0.5620309278526241,1.2413983508578275,1.2119623712708116
SYT11,ENSG00000132718,chr1,155849566,155895199,143,0.6008780043652192,0.7654479319474559,0.8338928180576158,0.697274304006244,0.8569588083575086,0.2867219039309771,0.3501916088150402,1.1633557732081488,1.0998860683240856
RIT1,ENSG00000143622,chr1,155887807,155921404,106,0.4816934463961547,0.738805233051506,0.6201998670352057,0.5631386757287031,0.633960049044296,0.5157835976831338,0.5828077952623931,0.8267053187509691,0.7596811211717096
KHDC4,ENSG00000132680,chr1,155903044,155944413,138,0.5955716022427702,0.7508496681647249,0.6733758521413545,0.6461940518400624,0.6958692002036149,0.5880171153311474,0.6192040499748246,0.8016817070550064,0.7704947724113292
RXFP4,ENSG00000173080,chr1,155931637,155953087,67,0.6675550157433146,0.7681580863461142,0.7343649142857868,0.6866892918653286,0.7566360526987557,0.6186743347125134,0.6045311093615076,0.8430252115306363,0.8571684368816422
ARHGEF2,ENSG00000116584,chr1,155936850,156017070,260,0.4956384189545414,0.7547999987255585,0.672569086222353,0.5731740859545027,0.7581783917711157,0.48683235934573255,0.4187525666563181,0.9188487103767891,0.9869285030662034
SSR2,ENSG00000163479,chr1,155999047,156030951,123,0.40886440965405346,0.7374500869183545,0.6555623426404769,0.45255940109634313,0.6749023859642529,0.3985908810371024,0.40809279870698856,0.9387231889157039,0.9292212712458177
UBQLN4,ENSG00000160803,chr1,156025298,156063798,110,0.540701891834097,0.7308874280832703,0.7291496998818812,0.5337886560635543,0.6761827776791993,0.3922461508745593,0.474082836428409,0.9203793530834913,0.8385426675296417
LAMTOR2,ENSG00000116586,chr1,156044781,156068506,65,0.5845660879093533,0.7064534534923368,0.7693014894533221,0.4336471319791588,0.7174568086422193,0.31875361237024724,0.2651665820528878,0.9069654487504818,0.960552479067841
RAB25,ENSG00000132698,chr1,156051159,156080504,84,0.361917082887818,0.49434464404524286,0.38435195297226604,0.4720125721990764,0.5102805476257489,0.3230535827343345,0.303330082497723,0.3588463737382631,0.3785698739748747
MEX3A,ENSG00000254726,chr1,156062012,156092465,87,0.30266981454948355,0.306348232431103,0.39670520659399766,0.2875359008357703,0.3351150761458539,0.11046607656446311,0.1483348376772624,0.2553191436798172,0.21745038256701782
LMNA,ENSG00000160789,chr1,156072572,156150081,350,0.34979144010146623,0.49638270561044934,0.4790793170099322,0.3076960111212951,0.43864790392292385,0.23212162664790498,0.23813090866368242,0.4538170092335402,0.44780772721776263
SEMA4A,ENSG00000196189,chr1,156137365,156187752,194,0.3010993905339358,0.34425102050806317,0.3241855728544756,0.2681177956644693,0.33416757667930524,0.19419359813137385,0.16369783037654148,0.22778361835060779,0.2582793861054401
SLC25A44,ENSG00000160785,chr1,156183931,156222796,146,0.35572795089238535,0.4606585256493107,0.3338130901886925,0.372723135712238,0.34089002668990687,0.3254277893379265,0.3334543811000067,0.2919785862144386,0.28395199445235825
PMF1-BGLAP,ENSG00000260238,chr1,156202981,156253332,233,0.263992108690356,0.3916893479320893,0.2618979217100309,0.25058950237932304,0.18414018765276355,0.24995543927136718,0.2910126169580758,0.24711414732929102,0.2060569696425825
PMF1,ENSG00000160783,chr1,156202992,156250042,215,0.2549343388048606,0.3811170451737539,0.24339261311344346,0.252944914351225,0.16245603043614457,0.24760561839170112,0.2970869750361011,0.23223349330331922,0.18275213665891923
BGLAP,ENSG00000242252,chr1,156232183,156253317,111,0.2681459008431984,0.35350197407675416,0.3899378281738726,0.2792308095197439,0.3989522672449502,0.1270824156275296,0.12727026299347483,0.309102718630349,0.3089148712644037
PAQR6,ENSG00000160781,chr1,156233319,156258117,110,0.3514128800461794,0.5125160571708149,0.46883026397400845,0.3211917751247676,0.4046141121487823,0.25939160756037155,0.29368451156837994,0.4591063193126116,0.4248134153046032
SMG5,ENSG00000198952,chr1,156239223,156292825,288,0.341203852840727,0.5916880435866307,0.44054861422718283,0.3285630849948443,0.4273097713049162,0.3661331414723083,0.368324344973349,0.5295906562102345,0.5273994527091938
TMEM79,ENSG00000163472,chr1,156272934,156303185,158,0.2067628898299717,0.44348498429167693,0.3983568494976215,0.1863539514978437,0.28575660429333954,0.1548017207917607,0.22787973961705082,0.4312594054339022,0.35818138660861204
GLMP,ENSG00000198715,chr1,156280088,156305689,127,0.23036682291354474,0.4891874450373251,0.46470288181974834,0.25803551456699014,0.4111253361360981,0.15433026099491326,0.22033228179631448,0.5174223151123495,0.45142029431094816
VHLL,ENSG00000189030,chr1,156288623,156309307,96,0.1697466668497439,0.44479846124579925,0.36579808443765566,0.16043454696386553,0.39413909307687767,0.15953030295868276,0.13109504564420105,0.4288937953033588,0.4573290526178405
CCT3,ENSG00000163468,chr1,156298967,156377873,375,0.3101552307990085,0.5176442789100869,0.41861146974661606,0.30199188045996556,0.3723181801415728,0.2790130432912296,0.311438036546009,0.4500603832762008,0.41763539002142136
TSACC,ENSG00000163467,chr1,156327313,156356995,127,0.2143836987327673,0.45874260040255205,0.3528759111722954,0.17467048309462713,0.2975976064641216,0.2099649443631806,0.22629202869758377,0.40389538408402637,0.38756829974962315
RHBG,ENSG00000132677,chr1,156359210,156395219,211,0.39156575170713703,0.46462327361707184,0.3687363306432862,0.34840942084173726,0.408157652752776,0.33080970100715273,0.26430424695561416,0.29397491742092086,0.3604803714724595
MEF2D,ENSG00000116604,chr1,156453726,156510779,258,0.5466178574417,0.8397994393574505,0.7091088499156207,0.5495573200173661,0.7567063872463063,0.6937712677705332,0.6076834545466113,1.137557476942086,1.2236452901660078
IQGAP3,ENSG00000183856,chr1,156515404,156582604,425,0.561190372260578,0.6703800968053356,0.6432894845093867,0.6417470311367088,0.6315912869627349,0.45133699974869135,0.568884349094152,0.6584780971151424,0.5409307477696818
TTC24,ENSG00000187862,chr1,156569722,156597719,202,0.46287134523548934,0.5415349279999562,0.620978860298509,0.5398143085363629,0.7120656419898844,0.21561275187683,0.15548680724522046,0.5642584171545042,0.6243843617861136
NAXE,ENSG00000163382,chr1,156581755,156619507,234,0.550736228347585,0.6383068491065139,0.6093627674727305,0.6522034840333167,0.6655493941004891,0.4385641156964314,0.48891534737462683,0.5783949603833949,0.5280437287051992
GPATCH4,ENSG00000160818,chr1,156584300,156611496,184,0.5132903723432308,0.6103677517683901,0.62068800154699,0.6200785958030121,0.6612388485313212,0.3466216605840266,0.4139414144101268,0.5959302773867954,0.528610523560695
HAPLN2,ENSG00000132702,chr1,156609330,156635725,98,0.5814968184752848,0.7037281874090011,0.5911959453512873,0.6443883878725789,0.622823890943105,0.5965147126954107,0.6376755066317088,0.6199632475487147,0.5788024536124169
BCAN,ENSG00000132692,chr1,156631389,156669532,187,0.5613766535802528,0.7078597899644875,0.7110111500254832,0.5722882900757679,0.6940069324182045,0.4066342312957443,0.44781723682707153,0.8238871893089907,0.7827041837776636
NES,ENSG00000132688,chr1,156658762,156687407,137,0.31424214702462566,0.5585766198056141,0.416895671462806,0.385930518643429,0.380297661032007,0.32779617920007825,0.4134409995225834,0.48995463909217424,0.4043098187696691
CRABP2,ENSG00000143320,chr1,156689605,156715816,145,0.4475596072525196,0.5270933209119375,0.47903824620585944,0.5521164317649564,0.4640757620411885,0.34509414722255966,0.4641583517182253,0.40376305852992855,0.2846988540342629
ISG20L2,ENSG00000143319,chr1,156711890,156738766,108,0.40877524280597183,0.5458733053002395,0.580342304495889,0.566193054365661,0.5020009148770521,0.22331108999817006,0.4636888435840213,0.5660679666581839,0.3256902130723326
RRNAD1,ENSG00000143303,chr1,156718441,156746960,127,0.4363684417086404,0.5509554950370876,0.5193935825286672,0.4691464196114203,0.5115433678171937,0.32064058981739924,0.3586988629608882,0.4799926861499043,0.44193441300641534
MRPL24,ENSG00000143314,chr1,156727302,156751590,111,0.4666724504583879,0.5686183119678901,0.47456385358893105,0.4659073122320634,0.47205450072186544,0.41292744579032936,0.4145928272574623,0.42783454790748005,0.4261691664403472
HDGF,ENSG00000143321,chr1,156732108,156776925,222,0.41358216290114086,0.5198679201816646,0.4909210989147229,0.5169459684190901,0.5265196256927979,0.29613224752705597,0.3568379981252386,0.4375617991162454,0.3768560485180628
PRCC,ENSG00000143294,chr1,156740609,156810815,364,0.42640080355321186,0.554630268374183,0.5291319550143104,0.4877251549526884,0.5082061564941516,0.30574874565480314,0.38402440393652487,0.5031017385460843,0.4248260802643627
SH2D2A,ENSG00000027869,chr1,156796242,156826848,168,0.4822226287173031,0.4932039362959467,0.487756760645837,0.5000303782642909,0.5302194767251519,0.3344504109547659,0.30868243568093806,0.3451961865717709,0.3709641618455988
NTRK1,ENSG00000198400,chr1,156805639,156891850,551,0.5420994458958774,0.48937290487212814,0.5352159423614186,0.585593649251415,0.5101929061497108,0.3435182930493244,0.41964016094375367,0.32859741726136316,0.25247554936693384
INSRR,ENSG00000027644,chr1,156830062,156869117,239,0.3875205318844043,0.3770981533163113,0.48442168359505244,0.3863152587266215,0.4723209880252323,0.15057005838350918,0.16118657172735107,0.3227962636877795,0.31217975034393763
PEAR1,ENSG00000187800,chr1,156883697,156926429,317,0.4879606119156135,0.5316028936704718,0.5073839524414525,0.5830257001775555,0.5075110066953461,0.3598836677687777,0.4624431740090989,0.39855515728529245,0.2959956510449713
LRRC71,ENSG00000160838,chr1,156910631,156943094,228,0.29193699103519677,0.630187766690283,0.5890114679472425,0.211818285432455,0.5696494400133991,0.22539605290378067,0.19481567325452354,0.7693638267916998,0.7999442064409571
ARHGEF11,ENSG00000132694,chr1,156924839,157055742,744,0.3531704881737416,0.6499992005792637,0.5600490875772243,0.37285436444658976,0.6137831957916299,0.3322001221780982,0.2825199669460143,0.7176197182639417,0.7672998734960255
ETV3L,ENSG00000253831,chr1,157082042,157122412,357,0.2872855025484198,0.39465760291601315,0.3564192132167032,0.35883152285787007,0.38481756551379853,0.19996384074819454,0.23029382173105198,0.3019971946965443,0.27166721371368685
ETV3,ENSG00000117036,chr1,157111190,157148474,166,0.28453266039472597,0.4480686389422852,0.40172083445093804,0.21651272853688983,0.3986406450692165,0.20772655619251212,0.16488472730332193,0.3866050301540602,0.4294468590432504
FCRL5,ENSG00000143297,chr1,157503376,157562515,107,0.259509939667322,0.30017025929397056,0.129573884673735,0.2821443598774109,0.1645417349256472,0.25929443492742155,0.25431505266514165,0.09762376615874685,0.10260314842102675
FCRL4,ENSG00000163518,chr1,157563746,157608085,334,0.34604284753841047,0.4384068002813847,0.3408792432664521,0.3013658541441524,0.3063788597266465,0.2924212310066514,0.2848881152187918,0.2845563041003452,0.2920894198882049
FCRL3,ENSG00000160856,chr1,157664320,157710769,140,0.37713508583626176,0.5540858196880462,0.43421758957457407,0.3885302797875725,0.3457617700545564,0.3557543363182145,0.4376174403668799,0.45187442998433625,0.3700113259356708
FCRL2,ENSG00000132704,chr1,157735732,157787132,110,0.3322150094453031,0.5976409622235963,0.47566261937548765,0.39832906587698275,0.39147174561982767,0.33428977107920144,0.4608715647770387,0.5761206890890969,0.4495388953912595
FCRL1,ENSG00000163534,chr1,157784402,157830120,300,0.25447202806686575,0.3849462388997273,0.3239064396658286,0.3203180098269246,0.2629640897734603,0.19414220668120583,0.2835285935847539,0.29190339189179865,0.20251700498825057
CD5L,ENSG00000073754,chr1,157820910,157908256,483,0.4262047185289127,0.5699637608918459,0.5208105259731808,0.3946228592432088,0.4484710614699681,0.33185459873752216,0.37536423480161274,0.5120311981124059,0.46852156204831547
KIRREL1,ENSG00000183853,chr1,157983272,158110262,819,0.4910114051355707,0.611846000683042,0.616692615810031,0.534331308916343,0.6502069727242238,0.33138237013798005,0.33011016182171216,0.6149707425109409,0.6162429508272087
SMIM42,ENSG00000288460,chr1,158117286,158138301,138,0.3023194754503934,0.7468773656554681,0.7048336185400076,0.47239853628780987,0.5673174338944069,0.25682954624772547,0.5877721736547564,1.1170516407166609,0.7861090133096298
CD1D,ENSG00000158473,chr1,158168029,158196427,164,0.428790070115963,0.6496975253531488,0.5312544325173486,0.42149760440510553,0.4938804849299605,0.4256308052585547,0.45764421697834184,0.6233274791806884,0.5913140674609012
CD1A,ENSG00000158477,chr1,158244423,158268269,68,0.4265466972033827,0.7052284412245851,0.6936315160342653,0.5344988090891706,0.7552928075758332,0.2973333324011326,0.28925115371964905,0.924221267258448,0.9323034459399318
CD1C,ENSG00000158481,chr1,158279922,158304774,75,0.25585705063726977,0.6231358796553421,0.5579142210820065,0.21129666208547562,0.6766209350382997,0.22757068028625488,0.042152769138726454,0.7482998997049993,0.9337178108525277
CD1B,ENSG00000158485,chr1,158317950,158341531,161,0.25752749333458114,0.4012860578868484,0.37617895724697786,0.24264953849043708,0.3173596931147316,0.16942452442845224,0.20455666522428695,0.34354682958243044,0.3084146887865957
CD1E,ENSG00000158488,chr1,158343695,158367553,188,0.35663991235813663,0.4412522200022199,0.3876744124950608,0.3629374211552428,0.42873169140247147,0.26630833681043925,0.2365241036425592,0.3157487694101478,0.3455330025780279
OR10T2,ENSG00000186306,chr1,158388521,158409466,199,0.2321224726749467,0.2412870206923606,0.24430263694601906,0.19801778123640745,0.26775629788240723,0.13007123064772355,0.0925793389631697,0.14606049883786013,0.18355239052241396
OR10K2,ENSG00000180708,chr1,158408209,158436237,257,0.18217384303882464,0.1369663443237259,0.08915778793582826,0.1826695372790902,0.084371396644454,0.12751073874204683,0.13043446079138873,0.01979085145094818,0.016867129401606243
OR10K1,ENSG00000173285,chr1,158451573,158480857,250,0.29411015839419374,0.31996872118583164,0.2154385717236204,0.3607659750103402,0.29795969155399776,0.24564108078884855,0.23966834090496414,0.1399754028248935,0.1459481427087779
OR10R2,ENSG00000198965,chr1,158462219,158490936,265,0.35195741996509455,0.42286680293936396,0.3157906922096856,0.3491256881074608,0.3110455434418231,0.3019948336092376,0.30327040437613584,0.24768736137931974,0.24641179061242144
OR6Y1,ENSG00000197532,chr1,158534549,158564405,257,0.2997980569170814,0.3514101171073283,0.26489459449302083,0.28312899446263134,0.2850787893075864,0.24079989891740033,0.2151155547874027,0.1921547846901844,0.21783912882018205
OR6P1,ENSG00000186440,chr1,158550605,158580580,273,0.3477547708061524,0.4222582296910473,0.3432575000849706,0.3096973003683981,0.3243885411789804,0.27774983660156094,0.2635581117717576,0.2708784377084076,0.28507016253821094
OR10X1,ENSG00000279111,chr1,158568918,158589899,231,0.37962561862459043,0.41032468471025413,0.38094302210280145,0.3476008817874706,0.38574348925021257,0.26302869332368545,0.2339696491721996,0.2651545133047265,0.29421355745621236
OR10Z1,ENSG00000198967,chr1,158595267,158622514,199,0.19963150784393563,0.30666413601176595,0.25908701837465364,0.2401887134180956,0.258327139495508,0.14452584643117236,0.17103945339995053,0.22171489854734194,0.19520129157856375
SPTA1,ENSG00000163554,chr1,158600703,158696715,896,0.5048680347756068,0.5516868191476308,0.5052833633330961,0.5110240736774684,0.482090481784101,0.40071202521156707,0.42987526015030136,0.40155120118467874,0.37238796624594445
OR6K2,ENSG00000196171,chr1,158689677,158710652,196,0.6454316895360604,0.7105409042532917,0.5787712739256857,0.6503327345024044,0.549336359832679,0.706008120273615,0.7467402523566347,0.5337331644357185,0.4930010323526992
OR6K3,ENSG00000203757,chr1,158706326,158730720,188,0.22377361128243084,0.4475546177047376,0.3718627912376764,0.28688443747365605,0.35398944378061425,0.19085755913549016,0.24728653201823436,0.402543146915459,0.34611417403271477
OR6N1,ENSG00000197403,chr1,158737813,158782195,457,0.25105377969600173,0.3813172053755185,0.3423794853807183,0.23837543475829065,0.32929705387456276,0.17506172312857077,0.1765175918584067,0.30510086261798786,0.3036449938881519
OR6K6,ENSG00000180433,chr1,158744719,158765891,235,0.25105437593417207,0.336623798536489,0.3183459733214237,0.30439262827732955,0.24780512498254437,0.15813444036305832,0.2443115396582704,0.25227858633490063,0.1661014870396886
OR6N2,ENSG00000188340,chr1,158764221,158791204,233,0.3505914569954246,0.45162268666923094,0.40337095098451187,0.3284969165792409,0.46948708875403344,0.2580126240059347,0.18255869441545802,0.34277907697897025,0.4182330065694469
MNDA,ENSG00000163563,chr1,158821350,158859506,231,0.3356427448127657,0.295878924996572,0.253857493155192,0.37267457257046094,0.30550866139316046,0.2334507631332684,0.22625960888988628,0.11735419293899549,0.12454534718237761
PYHIN1,ENSG00000163564,chr1,158920795,158987059,419,0.5775974392416964,0.5583707457014586,0.583974442554505,0.6298535980888922,0.5808639918393714,0.4010362199163017,0.4707907004569993,0.41624832015006963,0.346493839609372
IFI16,ENSG00000163565,chr1,158989967,159065155,378,0.41500565382553967,0.5017914125721982,0.5388279961617546,0.5304802999888152,0.6370426926242412,0.22945267027726635,0.2196556994419735,0.46728376911687036,0.4770807399521631
AIM2,ENSG00000163568,chr1,159052483,159157096,563,0.49966012795378034,0.6485223206245546,0.6382275555646081,0.63944109596431,0.6902362750948441,0.3606684334289063,0.4468817806006494,0.6849406373843785,0.5987272902126356
CADM3,ENSG00000162706,chr1,159161608,159213313,252,0.3117606425463787,0.41130956805766744,0.414731871098151,0.3245559678823229,0.39561126235892047,0.18389410873147766,0.20935105612710853,0.3459607072067996,0.32050375981116874
ACKR1,ENSG00000213088,chr1,159193306,159216500,132,0.36641864458449724,0.4274931161303987,0.49417350500285345,0.35921070559415125,0.5002734223895136,0.16626791049142176,0.1545454672308456,0.39146260890823326,0.4031850521688094
FCER1A,ENSG00000179639,chr1,159279713,159318224,171,0.3630918679332643,0.27273012477718367,0.18959809795826588,0.4191983499078008,0.22209493610984818,0.2796812635855792,0.3053264195024815,0.03877638910927228,0.013131233192369973
OR10J1,ENSG00000196184,chr1,159427844,159453078,137,0.5333963511525631,0.5658000691047301,0.6025219570372107,0.584703564915355,0.5878217812800375,0.33695484789933244,0.41335671978566113,0.49729533279277177,0.4208934609064429
OR10J5,ENSG00000184155,chr1,159525077,159546007,71,0.39398306022485263,0.4661546170603471,0.48767370775663293,0.3942077723195641,0.4253221604112386,0.22985139974833313,0.28746078157234106,0.39779762725670215,0.34018824543269427
APCS,ENSG00000132703,chr1,159577825,159598865,118,0.3357556829481662,0.384412810742152,0.33015019315588845,0.39926186499617766,0.397516206925496,0.24679108830239402,0.244040164416101,0.23838759910399024,0.24113852299028327
CRP,ENSG00000132693,chr1,159702288,159724589,129,0.37280400919117457,0.24978929250041967,0.26506068906140867,0.4710890770690699,0.3573008432792597,0.2229650087089509,0.2411289394193974,0.06443615986724449,0.04627222915679796
DUSP23,ENSG00000158716,chr1,159770931,159792543,162,0.2792695822284843,0.2611621684140768,0.24749739453230096,0.3126915334166262,0.23109620259647146,0.1729080586433451,0.2074297446368999,0.1297687665219109,0.09524708052835615
FCRL6,ENSG00000181036,chr1,159790510,159826257,304,0.23222705682240252,0.16925515077338152,0.1416544557476314,0.16725424639615472,0.09585328051970146,0.14847264001290256,0.1338479208161063,0.03695993190227004,0.05158465109906628
SLAMF8,ENSG00000158714,chr1,159816810,159847492,226,0.31140305750073577,0.40038731584782616,0.3882691102324389,0.2614456058021356,0.35073479746247044,0.19655385554992283,0.1913089350971939,0.31491750307099436,0.32016242352372326
RP11-190A12.7,ENSG00000256029,chr1,159824473,159883053,401,0.5000101621396903,0.4811978270568032,0.4287842695276075,0.45028379722749684,0.39557059429731545,0.39470590709924297,0.37555768499144715,0.26152673104691543,0.2806749531547112
VSIG8,ENSG00000243284,chr1,159844315,159872657,224,0.5410692171521246,0.5336725388601036,0.455682821792846,0.5437932014911228,0.43914053324341906,0.466749955830542,0.4846956711836404,0.29611722949963315,0.2781715141465348
CFAP45,ENSG00000213085,chr1,159862363,159910165,302,0.493984987728884,0.5179682562742889,0.46969984168104806,0.515323858094311,0.4184066623505072,0.3883110770348521,0.45601793022253556,0.34143423171315285,0.27372737852546947
TAGLN2,ENSG00000158710,chr1,159908106,159935507,135,0.38812998932909293,0.42744448638412236,0.43020697135427,0.40685106402694704,0.31322502225684773,0.24319945470127668,0.35210337612343034,0.3144461265388293,0.20554220511667565
IGSF9,ENSG00000085552,chr1,159917038,159955613,136,0.3756746003638729,0.3668826991263662,0.30387392803417335,0.3882104734169845,0.25920390673493393,0.2829793200782046,0.3242183308335178,0.17412024449040883,0.13288123373509567
SLAMF9,ENSG00000162723,chr1,159941491,159964237,15,0.5685017080677951,0.6755924412665985,0.6664762312837726,0.5521911262798636,0.6836631335238579,0.4341026188052505,0.3890979075290215,0.6916520375492503,0.7366567488254792
KCNJ10,ENSG00000177807,chr1,159988650,160080160,462,0.44048289188875467,0.4442956405503221,0.4440280570959046,0.3968565709591223,0.41717917970909923,0.29058128977371106,0.2766218122404305,0.29693756398359406,0.31089704151687464
PIGM,ENSG00000143315,chr1,160014952,160041990,155,0.4083395047401599,0.30814152055469207,0.3410803534744145,0.3673223698207789,0.3235909985660733,0.23802123287237223,0.21760537957076317,0.13035262087910726,0.15076847418071634
KCNJ9,ENSG00000162728,chr1,160071537,160100563,130,0.37203725957017175,0.45346486631947197,0.5437788128605737,0.2517255157316378,0.4306890567230873,0.14232680107450862,0.16540678738703268,0.461829883829498,0.43874989751697396
IGSF8,ENSG00000162729,chr1,160081339,160108943,127,0.27285887011431337,0.3842012721306162,0.30233221075221556,0.3058876965690514,0.28497448996063957,0.22172878352772965,0.2572597809125021,0.26310632578396564,0.22757532839919317
ATP1A2,ENSG00000018625,chr1,160105758,160153591,304,0.48178143621411085,0.4474259355981687,0.41041236498146855,0.45787075668488836,0.4629172986984143,0.36109703956027384,0.29190773042175433,0.23207076179830033,0.30126007093682006
ATP1A4,ENSG00000132681,chr1,160141585,160196980,394,0.37435449718901187,0.428392199801246,0.4166443835158565,0.3569244314855524,0.380325000363192,0.24465762135709773,0.2611175454974169,0.3146445654084929,0.2981846412681738
CASQ1,ENSG00000143318,chr1,160180574,160211886,147,0.4960967377888818,0.5604869291027436,0.49192219607784915,0.4537289174373651,0.48914427431051477,0.4151690527527661,0.3775298471548468,0.4069187691658149,0.4445579747637343
PEA15,ENSG00000162734,chr1,160195379,160225376,109,0.5577849369628661,0.7813992899793504,0.7139679774801595,0.6460322713277236,0.7099558596317583,0.5424079474572383,0.6606679138689487,0.9781005077518268,0.8598405413401164
DCAF8,ENSG00000132716,chr1,160205714,160272549,314,0.4153167591726471,0.7152126171879536,0.6190175298125902,0.3818734120154086,0.6872610703769829,0.4138477672487573,0.28734394138648334,0.8421646351009127,0.9686684609631865
RP11-574F21.3,ENSG00000258465,chr1,160206799,160295130,437,0.460846803941747,0.6988018269564841,0.5841159885430641,0.44781437125444445,0.6146816786901438,0.4701967490852067,0.4200861881142937,0.729790099582164,0.7799006605530772
PEX19,ENSG00000162735,chr1,160266806,160296348,165,0.4861496302985496,0.6837143115590876,0.5368386529986905,0.4172364245699782,0.5204070148359843,0.523626378981467,0.4781328099963294,0.6274830175008701,0.6729765864860078
COPA,ENSG00000122218,chr1,160278593,160353273,409,0.42461909478725657,0.5959247438396937,0.5078408056922702,0.38160397714138855,0.5560064640942998,0.3749620526199037,0.28741753919397095,0.5311920881240852,0.618736601550018
NCSTN,ENSG00000162736,chr1,160333315,160368952,197,0.43487890511166494,0.5194720704566507,0.39188180563820074,0.4370415219203972,0.41096640664916056,0.4030995762686329,0.3890736343039115,0.3297703499916805,0.34379629195640177
NHLH1,ENSG00000171786,chr1,160357070,160382846,144,0.3407773224984664,0.40017278487486346,0.3856906019697819,0.3319485996241084,0.3743020087667608,0.22027548364648245,0.22280816767563172,0.29083815638364996,0.28830547235450066
VANGL2,ENSG00000162738,chr1,160390563,160438670,148,0.21371337668707635,0.21345041150866398,0.28486783814774286,0.17466696707799906,0.273358213728239,0.07262274479987607,0.056373077600226223,0.16747676409570839,0.18372643129535826
SLAMF6,ENSG00000162739,chr1,160475029,160533262,391,0.48074606139257037,0.6621872586165435,0.5811901359910718,0.5832283345554737,0.6789188193558895,0.435143770218244,0.41220952000515476,0.6501197863819983,0.6730540365950877
CD84,ENSG00000066294,chr1,160531094,160589516,516,0.43054755294188735,0.6852104085965188,0.6820903916472711,0.52005223163913,0.7116550302193669,0.28647131955522076,0.32316556007305075,0.8693795075869666,0.8326852670691367
SLAMF1,ENSG00000117090,chr1,160598105,160657295,395,0.4844170974342678,0.6606790015912285,0.5705386742810657,0.46920136167831616,0.5653755810061709,0.44902115194843534,0.4404541190357703,0.6317875697173472,0.6403546026300124
CD48,ENSG00000117091,chr1,160668745,160721831,345,0.41527286254113394,0.544463596674103,0.524149157750275,0.4130030230265786,0.4978754794477459,0.29011939388585206,0.3150540569881428,0.49616025210361137,0.4712255890013206
SLAMF7,ENSG00000026751,chr1,160729056,160764821,232,0.5638333338906522,0.5234093895298536,0.5907183069152536,0.5344322572114492,0.4757880656532092,0.3387383193392211,0.42986792996404,0.4023590962421153,0.3112294856172965
LY9,ENSG00000122224,chr1,160786073,160838261,354,0.49668424543784473,0.46150801702784083,0.4180511900786198,0.44032577291578273,0.3060629496430368,0.38207372139032725,0.4170045219748162,0.23690894880877233,0.2019781482242834
CD244,ENSG00000122223,chr1,160820159,160872887,306,0.3848836258873157,0.3919066735235058,0.3481574299572973,0.3096301441866697,0.2076131540030034,0.27770925548889314,0.31762457444098324,0.21971765581237787,0.1798023368602878
ITLN1,ENSG00000179914,chr1,160866539,160895180,0,,,,,,,,,
ITLN2,ENSG00000158764,chr1,160935024,160964809,120,0.40451419266160005,0.37011791374816255,0.3814733570188458,0.43792724823631046,0.40086992907523716,0.2500926770701123,0.26303503503485565,0.21212996472356388,0.19918760675882058
F11R,ENSG00000158769,chr1,160985210,161031343,207,0.5602022613525679,0.7826105346993205,0.6395570820834897,0.46977420546022997,0.5607847799083923,0.6635417147891922,0.668875681805801,0.8625230483585142,0.8571890813419056
RP11-544M22.13,ENSG00000270149,chr1,160987956,161048962,271,0.5192523450733592,0.6687981448073542,0.5725810183956989,0.478679072950035,0.48724831923629464,0.49372475112576536,0.5442265475057291,0.6113025039338844,0.5608007075539205
TSTD1,ENSG00000215845,chr1,161027630,161048977,95,0.334319320353251,0.5114932530604055,0.4468417387584746,0.4369325014508179,0.2919441752277574,0.2656180238747011,0.4727627116895914,0.45078397217525945,0.2436392843603692
USF1,ENSG00000158773,chr1,161029250,161055977,109,0.3397126920669332,0.4168013325210714,0.33797091851019484,0.4626270243898769,0.2999998620506357,0.2709309062504773,0.40180775381088923,0.26829647688390823,0.13741962932349638
ARHGAP30,ENSG00000186517,chr1,161036945,161079970,159,0.3689270935642785,0.4490042819905834,0.3910163560174862,0.45584342030205743,0.39537049948568886,0.28019912718771806,0.35070353999757714,0.3158291139794751,0.24532470116961608
NECTIN4,ENSG00000143217,chr1,161060997,161099558,131,0.4839650689559138,0.574809309008801,0.44242688222172655,0.4897821590403365,0.5099420444541676,0.4663183573446162,0.4074517065395489,0.3888991686568041,0.4477658194618713
KLHDC9,ENSG00000162755,chr1,161088360,161110346,75,0.24220715309500992,0.3266858260594476,0.304729917473375,0.22622019499433282,0.3436985230529866,0.15471677549162904,0.11543807031853562,0.2408264567119396,0.280105161885033
PFDN2,ENSG00000143256,chr1,161090555,161128055,126,0.2558738210732835,0.33226544119821083,0.23323470711312877,0.2775944069082594,0.2556060996865743,0.21691734178305938,0.2169240688342634,0.18694720969683445,0.18694048264563043
NIT1,ENSG00000158793,chr1,161108085,161135445,97,0.3046288268937904,0.2973051888292088,0.31187049014484275,0.23766036523002612,0.2932850334952174,0.17118195060088232,0.1385339295630338,0.18165065434187097,0.2142986753797195
DEDD,ENSG00000158796,chr1,161110973,161142688,113,0.18676257991549908,0.2514512454993019,0.24662339158937785,0.1626475734268168,0.27520047554567784,0.10658054558587665,0.07263449924830168,0.1830383953843745,0.21698444172194947
UFC1,ENSG00000143222,chr1,161142775,161168856,64,0.22358538569206687,0.4128588398174773,0.3821334311903602,0.19007104748488665,0.2728953139795603,0.1520379312682574,0.2123069721601226,0.3804520794831723,0.3201830385913071
USP21,ENSG00000143258,chr1,161149449,161175723,66,0.29794754756854863,0.319597743617814,0.41957437691923155,0.2860306973780104,0.375491525754486,0.09741232486218349,0.12559801672048404,0.2876587773453888,0.2594730854870882
PPOX,ENSG00000143224,chr1,161156055,161188013,89,0.22088755558445075,0.40198727463694517,0.3183375618268602,0.2490927808229819,0.22500335733396692,0.19026122099441595,0.2728599207972913,0.3238820243921735,0.24128332458929808
B4GALT3,ENSG00000158850,chr1,161161309,161187968,78,0.2683434398752656,0.3840411647785324,0.1558410294568215,0.26000118216578194,0.2595624429681984,0.3138023752500583,0.24258392984228616,0.17077276837068758,0.24199121377845972
ADAMTS4,ENSG00000158859,chr1,161174301,161209054,128,0.3537732303840021,0.49818113560426885,0.41022889385071815,0.18975204730201078,0.39272077281526424,0.29905003975337907,0.20058221707969243,0.39046601254802815,0.48893383522171485
NDUFS2,ENSG00000158864,chr1,161187103,161224723,168,0.4182541266012669,0.5511936254791538,0.5256693422960833,0.3428723875750394,0.44506741710932396,0.29851734062574997,0.3160660604133491,0.5026463807709478,0.48509766098334867
FCER1G,ENSG00000158869,chr1,161205233,161230699,124,0.5019282976857357,0.5731707512788793,0.5189119328989292,0.4216003907070527,0.49843359006986465,0.40833876472488845,0.3544211287537807,0.4430324669033264,0.4969501028744341
APOA2,ENSG00000158874,chr1,161212291,161233631,109,0.3762339177859822,0.5048992842802875,0.42864967834785084,0.4140921985682096,0.40634929935606695,0.3076105928643375,0.358061364796671,0.39538347814509966,0.3449327062127662
TOMM40L,ENSG00000158882,chr1,161215938,161240746,127,0.3849496336822135,0.5188948527905625,0.4288224071287993,0.3267658162751736,0.37626093060875676,0.32883272634176103,0.32765415769928075,0.40283670515736836,0.4040152737998487
NR1I3,ENSG00000143257,chr1,161219665,161248244,149,0.3928173389510137,0.4812179982828447,0.304914869260883,0.3543265514911212,0.32173456293977465,0.39573808876468464,0.3527581761922822,0.2605334305181308,0.30351334309053307
PCP4L1,ENSG00000248485,chr1,161248744,161295450,232,0.34488261262757136,0.4946858680575529,0.4075691313275709,0.313943355524247,0.36700758711058146,0.29099737578041956,0.30103661966089784,0.3915776238648011,0.3815383799843228
MPZ,ENSG00000158887,chr1,161294734,161319968,158,0.32422694360781074,0.3825628777421092,0.3420790711953612,0.24166300133390625,0.25821332963575083,0.22770274640021762,0.2300559307192303,0.25447529556744797,0.25212211124843525
SDHC,ENSG00000143252,chr1,161304380,161373206,466,0.1534865148535922,0.18613692019837835,0.1335552691353918,0.19241223589596199,0.15319088377439455,0.1146176623075846,0.12669335153749628,0.09134547145224867,0.07926978222233697
CFAP126,ENSG00000188931,chr1,161354732,161377876,168,0.11056496162217658,0.15301327830391467,0.13008767469211627,0.1650120587191365,0.13857707565873562,0.07193810977805513,0.09861928165184106,0.09413215153903674,0.06745097966525082
FCGR2A,ENSG00000143226,chr1,161495429,161534013,2,0.0,0.0018042172880882571,0.0,0.027051467051467062,0.047878047878047905,0.0009029234242242493,0.0,0.0009029234242242493,0.011721952428702059
HSPA6,ENSG00000173110,chr1,161514539,161536894,2,0.0,0.0018042172880882571,0.0,0.027051467051467062,0.047878047878047905,0.0009029234242242493,0.0,0.0009029234242242493,0.011721952428702059
FCGR3A,ENSG00000203747,chr1,161531758,161560737,4,0.0,0.003750778816199374,0.04275754157103274,0.007189927629622284,0.058147930646077414,0.0,0.0,0.02372819882647473,0.02822449327002058
FCGR3B,ENSG00000162747,chr1,161613195,161641963,0,,,,,,,,,
FCGR2B,ENSG00000072694,chr1,161653146,161688654,0,,,,,,,,,
FCRLA,ENSG00000132185,chr1,161696971,161724352,149,0.37529394557775747,0.43085046952775063,0.36413438060625053,0.4146628769483195,0.36065731678376345,0.2906590543739844,0.32593235765032247,0.27295302980037134,0.23767972652403319
FCRLB,ENSG00000162746,chr1,161711562,161738143,181,0.4176924670729252,0.3764722157606281,0.3692753115605091,0.45995631336588144,0.43639509554282596,0.27611634763387627,0.2575326988339052,0.19624560548986442,0.21482925428983551
DUSP12,ENSG00000081721,chr1,161739757,161767238,128,0.4920622098205422,0.4616872523994871,0.34787197084406696,0.4596542015443853,0.28455756156619605,0.4345987495294883,0.45000370834335723,0.18471682294652858,0.1693118641326597
ATF6,ENSG00000118217,chr1,161756297,161987574,1129,0.42186346961652993,0.6063964893513245,0.5584435146161812,0.5290685646657128,0.621492811267235,0.3314535467862862,0.35696687450894005,0.600957647726545,0.5754443200038912
OLFML2B,ENSG00000162745,chr1,161973191,162033869,453,0.48715665890208704,0.5011866208701339,0.4588942225051898,0.6065498487638075,0.5497563587805574,0.3745838021256728,0.4151788623575431,0.32093944077624925,0.280344380544379
NOS1AP,ENSG00000198929,chr1,162059690,162380475,2090,0.4476774555081691,0.4499658620168099,0.4316297867953492,0.4884617498913826,0.47378065275329057,0.31320786423722435,0.31303535327132453,0.28456706938425474,0.2847395803501546
RP11-565P22.6,ENSG00000254706,chr1,162355406,162393531,276,0.45580158490658895,0.48424764658219405,0.4877448035618379,0.5482093033517158,0.48413208897837295,0.30081879068315825,0.39738014909423147,0.36130977326000435,0.26474841484893114
SPATA46,ENSG00000171722,chr1,162363202,162386854,182,0.48518317154185064,0.4786591334946224,0.45215614742519417,0.4701511307158883,0.4686878646141335,0.3567651690591874,0.32705452868404344,0.29458602777170134,0.32429666814684516
C1orf226,ENSG00000239887,chr1,162368840,162396812,207,0.45798915200955675,0.4812582693219388,0.4827960126444366,0.4683975525855849,0.4785264047981755,0.30475024440807635,0.3185559292443584,0.3515989040177783,0.33779321918149624
SH2D1B,ENSG00000198574,chr1,162385267,162422138,250,0.4014566529157372,0.5907713399109871,0.5328448115934591,0.4160547793446628,0.4903618349952153,0.3228218855729466,0.3786875116966883,0.5706593224661441,0.5147936963424025
UHMK1,ENSG00000152332,chr1,162487250,162539631,291,0.30024285342525714,0.2234781351661098,0.25795255531658634,0.3630563605414591,0.2232530748605548,0.1558051599811496,0.22568194733605917,0.09712531861951051,0.02724853126460089
UAP1,ENSG00000117143,chr1,162551505,162609842,299,0.2795973949230965,0.24573276584494164,0.2784168477134104,0.34647226321104446,0.2679167333642985,0.1418229715597759,0.19775891796604836,0.1401855802507195,0.08424963384444709
DDR2,ENSG00000162733,chr1,162621372,162797405,992,0.5631411296661787,0.6424964165483255,0.6402038185551141,0.650936762782157,0.6275060284778365,0.4172687049846455,0.5467888229288447,0.611341188272618,0.4818210703284186
HSD17B7,ENSG00000132196,chr1,162780701,162822823,30,0.6910328179871965,0.6960076728094814,0.6220789746752977,0.7185628603972382,0.658388550225285,0.6961014996494833,0.6922588396627982,0.49465131774982674,0.49849397773651194
CCDC190,ENSG00000185860,chr1,162814457,162878815,486,0.35687446025977365,0.21748914389324153,0.20864231790973442,0.44004120882520653,0.25354018647849946,0.22632879625959687,0.2663630357744186,0.018918686785609068,0.0
RGS4,ENSG00000117152,chr1,163058774,163086802,149,0.3782918712309001,0.4638987246424352,0.47677923960097024,0.4153135710142701,0.4465970495335871,0.22548246597883326,0.284221451683374,0.3979497232180344,0.33921073751349373
RGS5,ENSG00000143248,chr1,163101120,163331791,1507,0.32607106802740426,0.3090556684561078,0.27807769731937954,0.3264134382923982,0.273347747589963,0.2192444382677182,0.22276376932006314,0.1504515823571889,0.1469322513048439
NUF2,ENSG00000143228,chr1,163256575,163365764,734,0.31779823854511374,0.22353634829824598,0.25842104557209694,0.32637616400943203,0.28142465937913846,0.16823081558078454,0.15880207893602097,0.08477463233741722,0.09420336898218087
PBX1,ENSG00000185630,chr1,164545583,164909296,2175,0.426990716382186,0.4600908082959342,0.4403133033916698,0.44878520018952817,0.4356061875704223,0.2964147777705456,0.31999100219850707,0.31993953930532915,0.2963633148773677
LMX1A,ENSG00000162761,chr1,165191866,165366715,1148,0.5517269622184815,0.4890159902376389,0.5531462641132172,0.525837996524985,0.5074941960517199,0.33412290175046766,0.3546870918712745,0.33729407956774543,0.31672988944693853
RXRG,ENSG00000143171,chr1,165390921,165455355,510,0.4696785545237807,0.5967667680965091,0.5714260987600048,0.4523064578161422,0.5302829909122152,0.34761000488335564,0.3773273246683475,0.5606301403424339,0.530912820557442
LRRC52,ENSG00000162763,chr1,165533999,165573957,348,0.5760000588000577,0.6170091151461086,0.6012040551825557,0.6441623239852037,0.649857137059246,0.4492303212217203,0.4718053399180103,0.5105137682000775,0.48793874950378746
MGST3,ENSG00000143198,chr1,165621212,165671796,397,0.44127462565491676,0.43985188097492783,0.48821562599623575,0.3899497660214032,0.41727356742678495,0.24589967579033117,0.2668652813796764,0.33365435617705136,0.31268875058770607
ALDH9A1,ENSG00000143149,chr1,165652215,165708863,421,0.3898649815331467,0.5671045458788387,0.4758391166250138,0.3038665489882124,0.4756047532985041,0.3426887088474433,0.27698166562661225,0.4945703167325132,0.5602773599533443
TMCO1,ENSG00000143183,chr1,165714292,165837755,755,0.5108406033775215,0.7226212099068338,0.7130496551369402,0.5161996774453056,0.6933461660984555,0.3744960096138247,0.41320925165698996,0.9078752240604941,0.8691619820173291
UCK2,ENSG00000143179,chr1,165817613,165921618,614,0.4103445613362222,0.5425063825885507,0.460195237657041,0.4044853341563638,0.46800641745862753,0.3468307521520219,0.3345988777403258,0.4351615932250809,0.447393467636777
FAM78B,ENSG00000188859,chr1,166047425,166177001,835,0.5312033435862241,0.5608206387782486,0.5446061279354325,0.585410665369618,0.5590917613275058,0.39692048650462863,0.44219784233898474,0.4259268951400883,0.3806495393057322
POGK,ENSG00000143157,chr1,166829446,166866359,175,0.33921285493346537,0.2736832179018741,0.1937072283982946,0.32918364371011,0.1624717226958123,0.2593920843365708,0.27086431725574395,0.06037693601080449,0.04890470309163136
TADA1,ENSG00000152382,chr1,166846509,166886264,214,0.22600867985028114,0.22214417056046012,0.10118130903320206,0.30533689348505627,0.14765195930758002,0.2003673787462124,0.22789101692379046,0.050846702433081176,0.02332306425550315
ILDR2,ENSG00000143195,chr1,166885710,166985540,378,0.3723240757281141,0.4257724469468335,0.38169428623918467,0.418814318082999,0.36810069561123926,0.2698442779080868,0.31919464213634585,0.28488524942310317,0.2355348851948441
MAEL,ENSG00000143194,chr1,166965581,167032214,299,0.25433329221660295,0.3882115855746687,0.2838943795540751,0.25452955886136486,0.35217938667807047,0.2254588635092609,0.175483563669766,0.26590992080145937,0.31588522064095426
GPA33,ENSG00000143167,chr1,167042835,167176479,1069,0.35208920606909777,0.498151060594626,0.4582012657701715,0.34626724957568844,0.41698128032577264,0.25529884616116605,0.287488393850388,0.4341572759331787,0.40196772824395666
STYXL2,ENSG00000198842,chr1,167084074,167139165,455,0.2625846174364754,0.4395999241310692,0.3912909592329149,0.31464486999150393,0.32452607134901074,0.19364668549188424,0.2822908741357434,0.3854576436438789,0.29681345500001977
POU2F1,ENSG00000143190,chr1,167210875,167437345,1151,0.5363979848305003,0.7836051452172764,0.7713438297572434,0.5508607672330403,0.7551887252849951,0.4119217428735358,0.46190259010516754,1.118728765838885,1.0687479186072533
CD247,ENSG00000198821,chr1,167420639,167528610,735,0.49822231263326155,0.5906626742402823,0.6048791774222227,0.44532579934413696,0.5327673431832423,0.3271250679136586,0.3608310590258631,0.5660906375924128,0.5323846464802084
CREG1,ENSG00000143162,chr1,167519116,167563805,424,0.4463565840535124,0.5955118049764473,0.5561473965408052,0.40946236343637776,0.5794250919373666,0.34205221708379513,0.2828609803286525,0.563080509945431,0.6222717467005738
RCSD1,ENSG00000198771,chr1,167620092,167718696,806,0.3553660050264143,0.5233025140600123,0.44487980649068,0.3732902566781286,0.42096641248955563,0.2956875698838039,0.3308750859695309,0.44518562078443114,0.409998104698704
MPZL1,ENSG00000197965,chr1,167711191,167801919,605,0.30811191664392745,0.39852048762867365,0.326380049854628,0.40989418122418564,0.3406580943070444,0.24080233572395468,0.3096515776772629,0.2675604693190849,0.19871122736577662
ADCY10,ENSG00000143199,chr1,167799385,167924215,834,0.3111029359927821,0.38494327263597944,0.3130526131837085,0.3294497082316774,0.29781441133866726,0.24160331020217113,0.26606990496833716,0.2444374656109662,0.21997087084480021
MPC2,ENSG00000143158,chr1,167906674,167947072,213,0.22282294941183498,0.3977995518256514,0.19398949076551028,0.24254278566987342,0.23653202767126816,0.27179675556755895,0.25753452047024783,0.23536816313881143,0.24963039823612246
DCAF6,ENSG00000143164,chr1,167925782,168085843,820,0.24050873336714984,0.27385522139942575,0.2948814232450711,0.2200223098068732,0.2581739103987348,0.12286151199725168,0.13492769131267485,0.197144352481507,0.18507817316608383
GPR161,ENSG00000143147,chr1,168069541,168147667,409,0.23675182040614579,0.2720844579279562,0.21044931364989583,0.2541437894291227,0.1764786687629548,0.17572551840883918,0.20831343458749624,0.141844732744017,0.10925681656535985
TIPRL,ENSG00000143155,chr1,168168961,168212109,261,0.35060404256265854,0.3518533373730962,0.3064686232393085,0.34224678475785353,0.2666472058347861,0.24969606262365016,0.27121767834841115,0.18394221440089975,0.16242059867613878
SFT2D2,ENSG00000213064,chr1,168215937,168263021,232,0.2955389185463533,0.18230970666497645,0.13110045285241098,0.4505556953823253,0.24511247285824506,0.2055330321106033,0.25946649191121346,0.0,0.0
TBX19,ENSG00000143178,chr1,168270876,168324426,293,0.34904087949855794,0.3899555461204464,0.32985139711527683,0.40728807675566153,0.4284131072152941,0.26163804354591724,0.22896573944141352,0.23258540571174932,0.26525770981625313
XCL2,ENSG00000143185,chr1,168530767,168553997,116,0.2609786870379857,0.25637096371819046,0.18994736392628722,0.19183117761211066,0.16058788660692494,0.19399272159979253,0.1670718910784818,0.10222025404323709,0.1291410845645478
XCL1,ENSG00000143184,chr1,168566604,168592069,176,0.2831656511649998,0.2362567292510796,0.21784753585315994,0.3398219896411478,0.2426186285148087,0.17836424380782534,0.2034404939193022,0.09115933553069941,0.06608308541922256
DPT,ENSG00000143196,chr1,168685467,168739206,507,0.3516370216411932,0.25182416798358126,0.21928527082714686,0.3224896294738052,0.22725414455938087,0.23793819367451535,0.21082130850661282,0.05217906541699316,0.07929595058489569
ATP1B1,ENSG00000143153,chr1,169095696,169142722,343,0.3318540071334581,0.4032387761815988,0.3738397614867411,0.339524346131986,0.26942676438108626,0.2256689071279114,0.3085537114167814,0.29056929857017955,0.20768449428130947
NME7,ENSG00000143156,chr1,169122530,169377948,1545,0.1935608905974116,0.25809475758265304,0.17147812485325353,0.2328486424625716,0.17436887195425277,0.16277429726799386,0.18599886409605026,0.1357594523388207,0.11253488551076427
BLZF1,ENSG00000117475,chr1,169357969,169406540,263,0.26545122398979043,0.2553715486412848,0.18811516312055135,0.38362102927694086,0.20040608998517398,0.19748600555613927,0.2775559538707501,0.09738390245855758,0.01731395414394679
CCDC181,ENSG00000117477,chr1,169384869,169470669,410,0.3165516896235912,0.41302028439564265,0.3615609323147582,0.402525183975546,0.3608000718280276,0.23232011395279478,0.30013508193368227,0.30044490183859657,0.23262993385770908
SLC19A2,ENSG00000117479,chr1,169453908,169495944,210,0.4249250637939293,0.585844768989782,0.48261753365251364,0.48816505773065066,0.4630863047642479,0.38789822316809575,0.4646747958524741,0.493616198135499,0.4168396254511206
F5,ENSG00000198734,chr1,169501950,169596588,675,0.32892516177910225,0.5517382186233948,0.4328704947310621,0.35091216267952074,0.48055131572383414,0.3170424513360115,0.2897889301425213,0.48533543245751987,0.51258895365101
SELP,ENSG00000174175,chr1,169578848,169640193,448,0.31038652615086454,0.44942749923727643,0.4496139947640555,0.3065169515557781,0.4183481039704215,0.18564261680450195,0.21047099383874696,0.41115401484510344,0.38632563781085844
C1orf112,ENSG00000000460,chr1,169652006,169864080,1496,0.3171839853284627,0.204902787042476,0.13996293459645234,0.3205937180549686,0.14552377573709258,0.23002046696159228,0.2292801336872505,0.0,1.0757666483701689e-05
SELL,ENSG00000188404,chr1,169680664,169721702,305,0.28279585234621313,0.2776959763211645,0.15325537299678219,0.29648018689968053,0.15502057853172133,0.24567388235091514,0.2542626886464847,0.07963526094223428,0.07104645464666473
SELE,ENSG00000007908,chr1,169712639,169774705,501,0.32972674058758056,0.24285306835227,0.2047115301946311,0.3397927294293715,0.1817351758970928,0.22460868596173825,0.246415072554124,0.05358926112844861,0.03178287453606282
METTL18,ENSG00000171806,chr1,169782528,169804963,169,0.434380901126966,0.25305382266174803,0.29735518239678094,0.45219098235488075,0.33532968220055615,0.2543463963751029,0.24256329248016856,0.03741575182609069,0.04919885572102517
SCYL3,ENSG00000000457,chr1,169839630,169904267,389,0.42963476546620527,0.2617011428754988,0.28073381513276074,0.42662400650972687,0.2602164703607235,0.26768058376673615,0.27911125558408134,0.03572599713400487,0.024295325316659677
KIFAP3,ENSG00000075945,chr1,169911325,170095208,1079,0.6516517606966394,0.790310399122033,0.7242343793237395,0.6988337594123807,0.7078018821410963,0.6642377850981687,0.7659482920968201,0.8978891476780028,0.7961786406793513
METTL11B,ENSG00000203740,chr1,170135958,170178866,260,0.4846209594782852,0.834216230945906,0.7555058496843479,0.4527407105772167,0.7368412051986358,0.5256798441897368,0.5324529286489612,1.2713910916112292,1.264618007152005
GORAB,ENSG00000120370,chr1,170522130,170563834,202,0.6390980160069607,0.7887858108801702,0.7458763924818346,0.6317042624695941,0.7446079812645524,0.6020484647551638,0.5943979945531622,0.9528340813190385,0.9604845515210398
PRRX1,ENSG00000116132,chr1,170652727,170749421,567,0.3848852186252574,0.2812373522362319,0.26020454124261383,0.3398504286522478,0.1958161122751757,0.25739447213449607,0.2637928083201466,0.07282961800218335,0.06643128181653285
MROH9,ENSG00000117501,chr1,170925525,171074765,1115,0.2898939268652504,0.23192596859387765,0.21601565353488725,0.25895246373028086,0.1742831057843096,0.18142192583495204,0.18602817618071127,0.08244722958516298,0.07784097923940378
FMO3,ENSG00000007933,chr1,171080900,171127819,328,0.304952799019548,0.2790860997413685,0.1878405097582207,0.2974832289678937,0.22721972340067734,0.24147627251746417,0.21128052612027887,0.0857592934275313,0.11595503982471664
FMO2,ENSG00000094963,chr1,171175248,171222686,347,0.23907634737595393,0.3251935476665711,0.28669201537332667,0.21075473078039061,0.2950522294316873,0.16435481094743906,0.14018797443901693,0.22897455556297208,0.25314139207139424
FMO1,ENSG00000010932,chr1,171238470,171295978,381,0.33706262717409835,0.3085362320703856,0.18328287115902903,0.35265383755497953,0.1780681723153615,0.288778401769842,0.3038604020653247,0.08016612382206309,0.06508412352658041
FMO4,ENSG00000076258,chr1,171304182,171352084,359,0.24307043694609598,0.11640726731568181,0.16574457292201128,0.19080569009545112,0.11677902250421332,0.11051422673080945,0.10564769277827228,0.013244805406098459,0.018111339358635625
PRRC2C,ENSG00000117523,chr1,171475529,171603511,0,,,,,,,,,
MYOCOS,ENSG00000283683,chr1,171590620,171648799,0,,,,,,,,,
MYOC,ENSG00000034971,chr1,171625416,171662688,236,0.40336236590263375,0.6144969614894004,0.4756798061882514,0.4310491219922279,0.47834509658115026,0.4119994037799113,0.4332091843484152,0.5412068002309429,0.519997019662439
VAMP4,ENSG00000117533,chr1,171690159,171752074,352,0.2215803389419136,0.32103621445146563,0.293154021504274,0.23216287670113528,0.22810468575940893,0.14536724447068514,0.1962293968612955,0.24182024335518357,0.19095809096457309
EEF1AKNMT,ENSG00000010165,chr1,171771659,171824023,365,0.24415202775836703,0.36895884971082854,0.25799558350945295,0.3445913801262413,0.2163406264770266,0.22094956920869774,0.31954988464825224,0.23943463495420064,0.1408343195146462
DNM3,ENSG00000197959,chr1,171831497,172428466,3623,0.35937014750687113,0.6466988540245343,0.5570227498757419,0.3615790337947894,0.5362845796333227,0.33575052933657656,0.360353819743753,0.7046839516529286,0.6800806612457522
PIGC,ENSG00000135845,chr1,172360188,172454086,518,0.47906275003435245,0.8814080203856697,0.7348188235960089,0.47097359356076784,0.7598118103606654,0.728425052082755,0.6712254057624057,1.4036413681340139,1.4608410144543624
C1orf105,ENSG00000180999,chr1,172410684,172478831,440,0.5813786214216096,0.8935923493937776,0.7740857928274132,0.5599383699877388,0.7820911742794566,0.8118331165310417,0.768819879909477,1.4286446839347149,1.4716579205562796
SUCO,ENSG00000094975,chr1,172522348,172621833,449,0.31861095693495556,0.6162518406001519,0.5260780329673471,0.31894901345806487,0.49395404246778335,0.2973390165048909,0.33037954665874814,0.6604297599395291,0.6273892297856719
FASLG,ENSG00000117560,chr1,172649102,172676876,173,0.37448650219006874,0.7165245272617012,0.5587120420701533,0.3422187320802478,0.5718281996477486,0.45587719737471416,0.41564086835898206,0.8047524780966238,0.8449888071123557
TNFSF18,ENSG00000120337,chr1,173029201,173060941,161,0.38766135374053357,0.3630103196704391,0.25488489057302266,0.30074535136711306,0.28394837746109397,0.3236275333362434,0.2373695533792346,0.12737429062950972,0.21363227058651849
TNFSF4,ENSG00000117586,chr1,173173730,173217331,226,0.3080555914324764,0.32455060206766817,0.29492729510629806,0.2512888920376135,0.270713157809932,0.2055861709889027,0.18304547879765382,0.1867908639358037,0.2093315561270525
PRDX6,ENSG00000117592,chr1,173467329,173498815,152,0.40098386683703025,0.5092192870843383,0.42976051730278597,0.4271332818552087,0.561343040705172,0.3312628752918654,0.22241123589450001,0.38049498886352506,0.4893466282608904
SLC9C2,ENSG00000162753,chr1,173490459,173613072,609,0.33071272664633716,0.43657338134224327,0.32986915223521945,0.33364581964829443,0.3590506565399082,0.28748889580787607,0.2674236365565059,0.2862292823841757,0.3062945416355459
RP3-436N22.5,ENSG00000285777,chr1,173586059,173679837,370,0.41919758612853697,0.4102119602332561,0.3676889224025851,0.4081502671527175,0.3658680925281883,0.3064814630422844,0.298498138497143,0.2215105982201303,0.2294939227652717
ANKRD45,ENSG00000183831,chr1,173598335,173679851,313,0.39822676926913214,0.4396800252196872,0.3867518198419303,0.41901244172030616,0.3765291067215329,0.29906815464372866,0.32491000691469485,0.28017912025035835,0.2543372679793921
TEX50,ENSG00000232113,chr1,173625337,173647130,83,0.3007985383711906,0.22080714725816392,0.2529100176751491,0.3806672771121631,0.41197829482448556,0.15787171031513364,0.09880895749021157,0.09162498893999144,0.15068774176491348
KLHL20,ENSG00000076321,chr1,173704940,173796692,384,0.3226925053402419,0.320554428668019,0.24254764228081996,0.29546745761263704,0.21503697509733724,0.24915670965338702,0.2472901209235594,0.13732144000249985,0.13918802873232747
CENPL,ENSG00000120334,chr1,173789549,173834883,197,0.3279346223358279,0.37331531207687796,0.28988757457011055,0.37393986883664143,0.24040942793594472,0.2611897170549103,0.33032244970342806,0.20612203786069455,0.13698930521217673
DARS2,ENSG00000117593,chr1,173814652,173868808,242,0.3370613906472311,0.3238430404157994,0.27595924491334084,0.24592067564538275,0.2998902146041988,0.23974766643019016,0.1585348164968516,0.1515823747265906,0.2327952246599292
ZBTB37,ENSG00000185278,chr1,173858081,173913549,285,0.33640118846079226,0.31698899442183026,0.2131216939937194,0.31081260581889397,0.15956301906715128,0.2758200723994926,0.2898265319739262,0.10542423355724093,0.09141777398280723
SERPINC1,ENSG00000117601,chr1,173893799,173927327,156,0.364751105360692,0.3133707475408211,0.17040570794481735,0.3492071385707015,0.16322208920869696,0.32144034421827844,0.31366404170843126,0.054520449842729996,0.062296752352577145
RC3H1,ENSG00000135870,chr1,173921083,174032357,457,0.3705037682825573,0.32861637966463914,0.11762361651736161,0.473099872371912,0.13126212241211477,0.36805671366232856,0.44922250725170443,0.030357877354814933,0.0
RABGAP1L,ENSG00000152061,chr1,174149409,175005308,3551,0.3983022818788998,0.481061137446517,0.4434411462554654,0.388797063136961,0.40138305322349516,0.2889934667738016,0.31758103204457505,0.366975734529443,0.33838816925866966
GPR52,ENSG00000203737,chr1,174437963,174459545,79,0.5659058600294301,0.5148018648018649,0.5242065204470818,0.4961201191789026,0.47324788648218774,0.40746020796639415,0.383795051187617,0.3157377373206384,0.3394028940994157
CACYBP,ENSG00000116161,chr1,174989162,175022027,167,0.4679419185779803,0.5847889956885741,0.4550597504577605,0.4188230243557872,0.48454528610170644,0.4514459698196388,0.37948128942143083,0.4275224740217988,0.4994871544200069
MRPS14,ENSG00000120333,chr1,175000788,175033425,171,0.45692453860931365,0.5894644804278982,0.4707156888204155,0.3994112599577613,0.49133865525134013,0.43228514122420825,0.3620824396809724,0.4580076850274945,0.5282103865707304
TNN,ENSG00000120332,chr1,175057832,175158075,736,0.4006483474171147,0.5096150785879155,0.41268612010323313,0.4170885085866825,0.4214731751638074,0.3461377730354327,0.35250709924563095,0.3664268693257936,0.3600575431155953
KIAA0040,ENSG00000235750,chr1,175146985,175202999,384,0.5095936196195409,0.4560062591894549,0.4273985262097786,0.4692623516841736,0.3604449870717755,0.3818865547357165,0.3976611760506418,0.22693098331963946,0.21115636200471422
TNR,ENSG00000116147,chr1,175305193,175753616,3292,0.40105929169819615,0.5055569002737534,0.41690752503115314,0.37035206274663895,0.407275460307099,0.3387531925004228,0.321946069277613,0.3655700083161283,0.38237713153893815
COP1,ENSG00000143207,chr1,175934830,176217286,1822,0.5288113289912408,0.653738129936356,0.631778770456377,0.6230731541986891,0.667105722422684,0.4069926379383388,0.46816688473136536,0.6535673023575997,0.5923930555645731
PAPPA2,ENSG00000116183,chr1,176453170,176855601,1814,0.3434533440233537,0.6226357471243551,0.5849581418554681,0.33469432849559366,0.6104550275054955,0.2579649945858562,0.21963854965641766,0.7165793754084027,0.7549058203378413
ASTN1,ENSG00000152092,chr1,176847301,177174973,1745,0.3438734884737635,0.5610029015981464,0.48832010335923376,0.3626300086254318,0.4587187175381378,0.2873040399254563,0.32992561434916307,0.5359584355663285,0.49333686114262176
BRINP2,ENSG00000198797,chr1,177160957,177292422,677,0.38968871469958877,0.4403453110656104,0.509321338934317,0.33826084510502147,0.499814884819386,0.18112781849958465,0.15027106008170893,0.39930749384879116,0.4301642522666668
SEC16B,ENSG00000120341,chr1,177913955,177994303,502,0.37960849810947817,0.591836889493434,0.48247336046018857,0.41966268559897174,0.5462522732585853,0.35739933579209254,0.3250101342009985,0.5386890680235285,0.5710782696146225
RASAL2,ENSG00000075391,chr1,178084103,178494147,1485,0.32384352055153853,0.3015776375382787,0.3269172428009809,0.33441114134008454,0.3460738170623911,0.1771875086844963,0.17062678989705005,0.18174374672340696,0.18830446551085311
CLEC20A,ENSG00000188585,chr1,178469246,178509634,218,0.22231709374657957,0.24477692015218003,0.21213953453963352,0.23232705277181845,0.2850626271073689,0.14687211884049417,0.10478662969596692,0.13386998453816867,0.17595547368269598
TEX35,ENSG00000240021,chr1,178503108,178558602,338,0.3513431274526583,0.3162133125587986,0.2508539465775338,0.33655380200900425,0.2842976068741751,0.26206967887484856,0.22796296832833463,0.11803959158940555,0.1521463021359195
RALGPS2,ENSG00000116191,chr1,178715146,178931841,1134,0.30623173538090925,0.4031125081075688,0.4211643743104939,0.3151119688298732,0.3907405286528086,0.1674535954303562,0.19950775534121276,0.34857304371077535,0.3165188837999188
ANGPTL1,ENSG00000116194,chr1,178839534,178881077,194,0.3689861083741142,0.39621696584584437,0.11831591535074665,0.34159728926673355,0.21720129581401262,0.41952314708909105,0.33879958710645414,0.08501721346794883,0.16574077345058577
FAM20B,ENSG00000116199,chr1,179015803,179086567,404,0.3938248788946778,0.7728909066067936,0.6588867443660211,0.3834069449863441,0.6540756357812627,0.45368520818308666,0.4521678439585207,1.0286395811276285,1.0301569453521944
TOR3A,ENSG00000186283,chr1,179072069,179108023,216,0.5116106648903899,0.858110299305622,0.7253331278488109,0.43349230736603583,0.7467599243285552,0.6885756813181945,0.5737762868840734,1.2641295975670737,1.3789289920011947
ABL2,ENSG00000143322,chr1,179089329,179239684,785,0.3950683984695941,0.7920959776542735,0.6801389509456616,0.3991809607486084,0.6623857665131048,0.46672501013605516,0.4971444348290792,1.1039537266669834,1.0735343019739594
SOAT1,ENSG00000057252,chr1,179283713,179368680,647,0.4029897283651287,0.7430019293834617,0.6305476665805619,0.4009376263763107,0.6312385411331313,0.4393870559614403,0.43673548061251183,0.9192996454823018,0.9219512208312303
AXDND1,ENSG00000162779,chr1,179355719,179564735,1794,0.4012381174458139,0.619886307372134,0.5755663568690945,0.356876166900963,0.5112038857109312,0.3115882807869933,0.3464465230282099,0.6556965990974886,0.6208383568562721
NPHS2,ENSG00000116218,chr1,179540538,179585952,350,0.4602899422714885,0.6466251490371098,0.5265712041886825,0.4576997112121504,0.5076320163661936,0.45459767118916034,0.4718161847474016,0.5856282135327171,0.5684096999744757
TDRD5,ENSG00000162782,chr1,179581612,179701272,593,0.3941742350402931,0.6854708473880907,0.6567019349111223,0.3927231549614516,0.6070047353876631,0.29434257405244624,0.36074565001545883,0.8623359379757125,0.7959328620126997
FAM163A,ENSG00000143340,chr1,179733162,179826198,757,0.3507631979418507,0.4561982925970064,0.4020295385614357,0.3008761093659147,0.3768906870444712,0.26345722090695844,0.24703230314052257,0.34571338611896857,0.3621383038854045
TOR1AIP2,ENSG00000169905,chr1,179829966,179887803,321,0.3349241005037915,0.3014642482379847,0.2293154405787119,0.33582578376980937,0.213338049908713,0.25307345367153017,0.26401152137692124,0.10569546429849494,0.09475739659310392
TOR1AIP1,ENSG00000143337,chr1,179872041,179930077,349,0.46186388256293975,0.5393021171069278,0.5077344123515387,0.47980936242256056,0.505697137869124,0.3429598255271001,0.3619829289575665,0.43205297693706907,0.41302987350660275
CEP350,ENSG00000135837,chr1,179944772,180124875,950,0.40466111541736827,0.3761288244846546,0.3771891218313534,0.4604049700212488,0.47209288420755885,0.25846174522431814,0.2249564094333799,0.21334963619666042,0.2468549719875987
QSOX1,ENSG00000116260,chr1,180144868,180214030,598,0.46980342706475897,0.5495819018643382,0.528785387509418,0.5354983066013299,0.5858641664154036,0.3398224167867644,0.3414039185877561,0.4577566038155878,0.45617510201459605
LHX4,ENSG00000121454,chr1,180220263,180288984,488,0.3979429701045739,0.5572665692304033,0.4437696043399646,0.3379633281839701,0.49697695469050124,0.3678089203497514,0.2700512306722076,0.44697850611500994,0.5447361957925537
ACBD6,ENSG00000230124,chr1,180259652,180512954,1473,0.6070974739178735,0.7534329079714022,0.7825034646671096,0.5591190468750213,0.7362189336183044,0.40437125447329236,0.4432328587796579,0.9957498894449779,0.9568882851386125
XPR1,ENSG00000143324,chr1,180622021,180900279,1492,0.3346619010866229,0.4999222271685416,0.4820039848631072,0.31407417219500167,0.4766571527873797,0.22133193278193447,0.2112294683711059,0.4716597142110665,0.48176217862189497
KIAA1614,ENSG00000135835,chr1,180902896,180961614,411,0.5295996864686556,0.6049449562547077,0.5561995097233948,0.5080146459313859,0.5480681323661107,0.43526061232638985,0.4219063288934285,0.49346956020920485,0.5068238436421661
STX6,ENSG00000135823,chr1,180962711,181033121,346,0.3750468923277274,0.37905110920957474,0.28770828542575666,0.4662830770139006,0.3052762532519081,0.3036587108434051,0.370077595058302,0.17284779105689813,0.10642890684200129
MR1,ENSG00000153029,chr1,181023373,181071938,278,0.3307326515476034,0.47844454419211413,0.35501792329757975,0.32134749393925516,0.349396810487508,0.3069892976073524,0.30436518207511193,0.3439503735503788,0.3465744890826193
IER5,ENSG00000162783,chr1,181078699,181102900,124,0.4800724819069146,0.5754926673992953,0.43568103337438474,0.41355158301622286,0.5081447350199887,0.46937811080174013,0.3404628912900401,0.38744788907828664,0.5163631085899867
CACNA1E,ENSG00000198216,chr1,181307689,181818084,3023,0.39347741799161323,0.5637282325461831,0.4984323720564647,0.4394841134594616,0.5228819011279343,0.31974319930041095,0.3341981856597487,0.5097467106676166,0.49529172430827884
ZNF648,ENSG00000179930,chr1,182044569,182071712,147,0.3606772548249024,0.6688159179872349,0.6773890042782837,0.45743077223851414,0.780444814375069,0.21055938179728684,0.10018442459746557,0.8945215373844002,1.0048964945842216
GLUL,ENSG00000135821,chr1,182368097,182402206,207,0.4040729826670878,0.4032519300898024,0.3551231404572206,0.41145665646998064,0.369631123833055,0.29760071290390616,0.2924574195099816,0.2186595352001774,0.223802828594102
TEDDM1,ENSG00000203730,chr1,182388116,182410667,150,0.4654421506993445,0.5751198137145098,0.46547055730859305,0.46115421212532653,0.4649163833854304,0.4279474613148713,0.42447083485671533,0.42800060311062205,0.4314772295687781
RGSL1,ENSG00000121446,chr1,182399191,182570599,1110,0.45109191608112914,0.4576856064314974,0.3668028624940869,0.5160570733384092,0.44029679462723736,0.37738009407980255,0.37867452848245337,0.23452928969907572,0.2332348552964248
RNASEL,ENSG00000135828,chr1,182563633,182599256,163,0.4761339098337383,0.49917393857768694,0.4981283604353307,0.5115063691216242,0.47510220137302744,0.3243023556710297,0.38168678102513753,0.36719406529793464,0.3098096399438269
RGS16,ENSG00000143333,chr1,182588622,182614389,134,0.4789045363600128,0.5010492595023954,0.4352759248997578,0.43032766925367066,0.42982584451447897,0.38782594861100084,0.3480642087240811,0.30742195593007193,0.3471836958169916
RGS8,ENSG00000135824,chr1,182631815,182694576,465,0.39932675340709733,0.48024473566419307,0.45371369327833166,0.4259552575110393,0.5169872387310493,0.2797446647430713,0.24086647799227578,0.37465255896001615,0.41353074571081155
NPL,ENSG00000135838,chr1,182779292,182840384,330,0.2581422578598962,0.25535690574666553,0.14234803835038487,0.3249715376487031,0.13240816413740794,0.21994555949833441,0.272908377981277,0.07490468401036568,0.02194186552742311
DHX9,ENSG00000135829,chr1,182829346,182897982,377,0.1865065556577503,0.15714213134271715,0.16526206133516091,0.22589350895549948,0.22981825070338258,0.0983684493313582,0.08293700630667081,0.07258848769384196,0.08801993071852934
SHCBP1L,ENSG00000157060,chr1,182889864,182963525,343,0.18878019996185866,0.14457361381398087,0.1447354422309061,0.24006581857128215,0.1976153722367582,0.10451352077807437,0.10525574477743346,0.05164171628188172,0.050899492282522635
LAMC1,ENSG00000135862,chr1,183013419,183155592,793,0.4152011346560239,0.5415508534059732,0.4152181026098898,0.3013788013342623,0.32573213785727967,0.38993844527228005,0.3722123415596298,0.38996746071851146,0.4076935644311618
LAMC2,ENSG00000058085,chr1,183176237,183255127,538,0.2904669735308471,0.3924342856723405,0.2801732258528363,0.2856813651476642,0.22145099035552812,0.25634924251722735,0.2921988755140008,0.2419456953675734,0.20609606237079997
NMNAT2,ENSG00000157064,chr1,183238236,183428380,1016,0.49658656417795183,0.6069949110980842,0.5408827555235866,0.4131421153162405,0.5115430235832287,0.42091327893629366,0.37520071352007,0.5130194394005814,0.5587320048168051
SMG7,ENSG00000116698,chr1,183462215,183608246,642,0.46454307351986773,0.4275810648324908,0.4370831508829849,0.42983181140239707,0.35908700129821713,0.30394781284411687,0.3374232433875698,0.2539363386962458,0.22046090815279296
NCF2,ENSG00000116701,chr1,183545561,183600876,288,0.3685004579649961,0.391878920489943,0.3715891065258087,0.3653134406515754,0.3309275830111755,0.2462391489046093,0.27507115204917576,0.2511421240068664,0.22231012086229998
ARPC5,ENSG00000162704,chr1,183610845,183645783,247,0.19939728635908016,0.2684650511488664,0.21568921215523645,0.22965128624953796,0.22097050539821622,0.14602540075080545,0.16190795132618846,0.16658488194574578,0.15070233137036276
RGL1,ENSG00000143344,chr1,183626084,183938532,1921,0.3153228983457316,0.3952539232555883,0.3777315095894312,0.36463451202601616,0.35424012262879445,0.20368546522266986,0.2595869699065393,0.29926115169109857,0.24335964700722915
APOBEC4,ENSG00000173627,chr1,183636274,183663316,194,0.13139989370450852,0.21827543615871547,0.29615644925729345,0.21323641465480078,0.3425151990380482,0.01796304027960377,0.03337333226846939,0.22828978035311911,0.21287948836425352
COLGALT2,ENSG00000198756,chr1,183919853,184047729,933,0.3615983426744476,0.4653726829640455,0.36009774063147126,0.37531291409028983,0.3845642273274461,0.3142665906294779,0.30563255350894947,0.311918787868839,0.32055282498936744
TSEN15,ENSG00000198860,chr1,184041650,184133978,472,0.36888819886966756,0.4892496578690128,0.4588913226466869,0.32458199915156605,0.41723633247515707,0.25900574436595086,0.262162173417755,0.4128686310586945,0.4097122020068903
C1orf21,ENSG00000116667,chr1,184377028,184639019,1450,0.353277566534777,0.49208461181167207,0.5155928577123902,0.34285262570226444,0.4748448576744781,0.19422448157464228,0.22661291237987768,0.4832159223858449,0.4508274915806094
EDEM3,ENSG00000116406,chr1,184680236,184764907,432,0.4027051675931553,0.28017629049757764,0.3107655593507654,0.3464268806654986,0.259337213053561,0.2359597860400641,0.22691998631312607,0.09278915882541833,0.10182895855235638
NIBAN1,ENSG00000135842,chr1,184780723,184984508,1214,0.4223613328740926,0.6412419895878766,0.5835709846374962,0.4270801169532659,0.5695931674693491,0.3489373347270013,0.3695460901334504,0.6761698487556775,0.6555610933492284
RNF2,ENSG00000121481,chr1,185035525,185112603,317,0.1778443119612033,0.3198912685188948,0.2807023145342603,0.24362652733671605,0.24541548985993436,0.12592405741869706,0.19156730438777905,0.25957853693888855,0.19393528996980663
TRMT1L,ENSG00000121486,chr1,185108100,185167072,255,0.3194313384103525,0.3895874470787725,0.24142189703710787,0.3450437992599015,0.3180603984526332,0.3010686410933701,0.2669964814948316,0.19255159305588326,0.22662375265442175
SWT1,ENSG00000116668,chr1,185147079,185301781,740,0.4010728787767766,0.4221077140521635,0.293462595624926,0.4001649867587316,0.2458483557075559,0.3568020023953563,0.38865330611684956,0.19156578177256417,0.15971447805107092
IVNS1ABP,ENSG00000116679,chr1,185286387,185327273,204,0.38446982691902765,0.2916655976896941,0.31627756937238943,0.3578627280021954,0.2723715476884987,0.2249535213735748,0.2349137136072962,0.11988545577533213,0.10992526354161075
HMCN1,ENSG00000143341,chr1,185724390,186200949,2677,0.32578349155177655,0.43133078056419677,0.4188785470145971,0.23818137613198168,0.35543388844729173,0.20793241918676186,0.19866262239970064,0.3565239313789059,0.3657937281659671
PRG4,ENSG00000116690,chr1,186286278,186324567,183,0.34358501779269496,0.45682123014275355,0.4104088065222535,0.31568968648363077,0.3348617111953679,0.25147650376728886,0.29095013481314813,0.3588402832075456,0.3193666521616863
TPR,ENSG00000047410,chr1,186301651,186385693,377,0.23262372971250492,0.5032898984374161,0.471704043622541,0.27662198918375197,0.4437773597326725,0.1632140573620846,0.21849272194704816,0.5365346623618599,0.4812559977768963
ODR4,ENSG00000157181,chr1,186365837,186431378,304,0.24054740376898637,0.4342325944551604,0.42449172233217763,0.2484888963131013,0.42351904699560705,0.14611396767818485,0.15221427260003012,0.42345826182857227,0.41735795690672706
PDC,ENSG00000116703,chr1,186433565,186471114,177,0.19809514388339858,0.36339098164550404,0.37423516391219197,0.1964929428123819,0.38399037510712647,0.1017921347792965,0.09293810891814727,0.34980746301708887,0.3586614888782381
PTGS2,ENSG00000073756,chr1,186661790,186690922,202,0.2688387525301332,0.3494315877566485,0.41958146256781564,0.3557346978904297,0.41448423677408963,0.09951212860882863,0.16714566106671525,0.3303966892444377,0.26276315678655116
PLA2G4A,ENSG00000116711,chr1,186818948,186998981,1179,0.5582442104265705,0.6317476636940653,0.574260343608529,0.5451862354307826,0.5449395791151708,0.481028843210851,0.49976452803903954,0.5179580361012592,0.49922235127307074
BRINP3,ENSG00000162670,chr1,190087657,190488404,2096,0.38174559194414165,0.4836797685415564,0.41192293962012816,0.3832314742578758,0.4301866220119312,0.30549303025243524,0.29092160496563396,0.35553507214128144,0.3701064974280827
RGS18,ENSG00000150681,chr1,192148461,192195815,208,0.36275350678147694,0.2467689168245013,0.2603663966950626,0.399773484872767,0.30552311490989514,0.21619080377815206,0.21461749227175816,0.06719241111596422,0.06876572262235814
RGS21,ENSG00000253148,chr1,192306991,192377285,422,0.3199510083711198,0.2407673075197853,0.21850053253199495,0.308984202724178,0.1829306208836189,0.2072482986072359,0.2215041482506426,0.06819867225682116,0.05394282261341446
RGS1,ENSG00000090104,chr1,192565762,192590024,212,0.4471027086516989,0.2755731753336601,0.4544876677523303,0.39319120651828354,0.2837870669224144,0.15446384069287528,0.24406914992661657,0.16791068278015392,0.07830537354641268
RGS13,ENSG00000127074,chr1,192626137,192670311,282,0.3205087329276168,0.748924796301763,0.6651476598633332,0.35881838298711,0.6310915972968708,0.3371740229120874,0.4146191999026475,1.0448287454866367,0.9673835684960767
RPS27AP5,ENSG00000231767,chr1,192706131,192726653,122,0.07386569663909585,0.6496073157611618,0.648403389157876,0.17448825811963786,0.8116967954961161,0.04008303240838307,0.0,1.0086177660432905,1.2633254160385754
RGS2,ENSG00000116741,chr1,192799038,192822275,110,0.18092759705497738,0.6688255160165273,0.5790308852165502,0.227769998712352,0.6174608036290788,0.2197484429767041,0.2013292939792924,0.8853614575748505,0.9037806065722621
UCHL5,ENSG00000116750,chr1,193002249,193070080,289,0.6420608357100209,0.8598074008345912,0.8056718584145703,0.5707323645126245,0.8171338150391042,0.6769616176500581,0.555706082877516,1.287776475818141,1.409032010590683
RO60,ENSG00000116747,chr1,193049453,193101777,212,0.5524137269517685,0.8463679777023012,0.7951278747286686,0.5053163001390728,0.8199088019714181,0.5458558493857218,0.43136990582345935,1.327339152110823,1.4418250956730854
GLRX2,ENSG00000023572,chr1,193080865,193116114,154,0.5605162396723858,0.9060457388309938,0.8868744057002816,0.47299861667466486,0.8720044725972003,0.5039225439089567,0.47486967307023686,1.861024654531695,1.8900775253704147
CDC73,ENSG00000134371,chr1,193111982,193264815,689,0.5950290134603569,0.8511150765194092,0.7806996935438955,0.46658381115474046,0.8101053027257586,0.645604111776115,0.43587466456882906,1.2589774852912736,1.4687069324985595
B3GALT2,ENSG00000162630,chr1,193168729,193196613,138,0.5798737290926375,0.865458025462878,0.7566239559034206,0.4649653877720793,0.7991149760329801,0.7299657464648897,0.5131401670279003,1.2759133038187558,1.492738883255745
KCNT2,ENSG00000162687,chr1,196215778,196619225,1850,0.6972889072331294,0.6191767964730995,0.6305774018263531,0.6356720568368263,0.6075832013176742,0.5822912120504429,0.5198450881874518,0.38312883223929606,0.44557495610228703
CFH,ENSG00000000971,chr1,196642042,196757504,289,0.36260459045827464,0.39534768838664935,0.4322340154878262,0.3419205759142265,0.36228323884291713,0.19371040615856971,0.23583514255022467,0.3093912715393895,0.2672665351477346
CFHR3,ENSG00000116785,chr1,196764812,196805407,0,,,,,,,,,
CFHR1,ENSG00000244414,chr1,196809730,196842189,8,0.29548366881618154,0.677432620781458,0.22181965735474785,0.2650548972231599,0.2602187790102306,0.6154450123255211,0.5690009628051043,0.5159982244337318,0.5624422739541485
CFHR4,ENSG00000134365,chr1,196878013,196928713,0,,,,,,,,,
CFHR2,ENSG00000080910,chr1,196933737,196969622,0,,,,,,,,,
CFHR5,ENSG00000134389,chr1,196967555,197019678,192,0.37928918346176826,0.4118598276278915,0.41450413869239117,0.4269895854103718,0.3205269503453157,0.23619189292491338,0.35060182489377,0.2945980781806539,0.18018814621179735
F13B,ENSG00000143278,chr1,197028740,197077260,297,0.5897563329424282,0.6665154334767736,0.5645078007141255,0.5472520181703332,0.5650331036321077,0.5789421414854334,0.5290464903533842,0.5192165505035268,0.5691122016355761
ASPM,ENSG00000066279,chr1,197074120,197156694,522,0.6260178179086786,0.6926810436151477,0.5857865099676232,0.5640959288948798,0.5931546243108035,0.6410212436753684,0.5554400635264329,0.5388478811713189,0.6244290613202543
ZBTB41,ENSG00000177888,chr1,197143681,197211293,411,0.575081503757565,0.6312677100922311,0.4517657943057493,0.5779757577372595,0.4528542169915238,0.626244800581859,0.6286684609920453,0.3714395992683619,0.3690159388581756
CRB1,ENSG00000134376,chr1,197258203,197488455,1292,0.6027411085893754,0.672675729089971,0.5665597921070444,0.5839182768130269,0.5464710180988376,0.6019848078447905,0.6014907145180122,0.5148191374451532,0.5153132307719315
DENND1B,ENSG00000213047,chr1,197494747,197785696,1375,0.6903740601136875,0.7865120386325665,0.7333253164486682,0.6849589981095011,0.7179189512301415,0.6974197067190846,0.7168332382421593,0.8467551282219642,0.8273415966988893
C1orf53,ENSG00000203724,chr1,197892629,197917367,136,0.4037871548348865,0.47194507201578,0.4556798916577567,0.4567977187380766,0.4286311559461621,0.2737473762949912,0.3445540785918488,0.3648075941185141,0.29400089182165656
LHX9,ENSG00000143355,chr1,197901901,197945478,248,0.5610105197107017,0.62435649348229,0.5129696986643941,0.5485009297720862,0.5453453166872525,0.541482798980939,0.4930397928927076,0.4376319073258229,0.48607491341405445
NEK7,ENSG00000151414,chr1,198146993,198332420,945,0.3246130313998868,0.5134355259360561,0.47415752472845224,0.26306237026201235,0.46467458875180373,0.2350508687960131,0.20037870286216658,0.48533499100186184,0.5200071569357083
ATP6V1G3,ENSG00000151418,chr1,198513221,198550945,196,0.2597176095818686,0.34366424850897764,0.26402737274041543,0.2527180785310881,0.2373170190797335,0.20762200470531247,0.22074137024929769,0.21346079996873238,0.20034143442474717
PTPRC,ENSG00000081237,chr1,198628456,198767476,624,0.33482974204007426,0.4805304892500424,0.44663970291517247,0.3120499964939166,0.45934801949450804,0.2354567230216455,0.20700338818929076,0.41949043674898323,0.44794377158133797
NR5A2,ENSG00000116833,chr1,200017613,200187420,1106,0.4014246797638186,0.5015977474428913,0.45355241438027255,0.40997952556944156,0.44123798488101035,0.30261691016355163,0.3209571012425801,0.393730881778692,0.37539069069966347
ZNF281,ENSG00000162702,chr1,200394939,200420056,109,0.3536667527311843,0.3733154202119719,0.3602046019343384,0.3971131861911217,0.3057365637497592,0.22857256438481452,0.30421696655175684,0.23873936308184412,0.16309496091490183
KIF14,ENSG00000118193,chr1,200541496,200630751,557,0.5026576615376822,0.5403880779952493,0.4812489655922702,0.4474432957664228,0.46491261729032607,0.40975913010419224,0.3726233994448312,0.3676136632816619,0.40474939394102305
DDX59,ENSG00000118197,chr1,200613895,200679907,346,0.4458615092493637,0.5400709828921495,0.5529721249387193,0.4755477037270843,0.5433032308071164,0.28094471310773134,0.3191741425626337,0.4957383989334837,0.4575089694785812
CAMSAP2,ENSG00000118200,chr1,200729557,200870704,534,0.27043543790139324,0.30601072839237925,0.2353780818980618,0.2832744675804166,0.2599555457328141,0.2061161992159568,0.19865803388053233,0.15918257815750825,0.16664074349293273
GPR25,ENSG00000170128,chr1,200862980,200884178,129,0.34215377732662217,0.3577299785922239,0.27960198098685096,0.39894394290325835,0.3588901044111281,0.26678956660530395,0.25362957630057387,0.17595690301866518,0.18911689332339526
INAVA,ENSG00000163362,chr1,200881047,200925742,241,0.3705478219585974,0.5125260567799024,0.43209584845753873,0.4222418226082593,0.3889756032522867,0.30781060726964476,0.38724996222497443,0.4107078325080101,0.33126847755268046
KIF21B,ENSG00000116852,chr1,200959389,201033714,331,0.27119694934807265,0.5847671983027244,0.533805396920185,0.2914275667791025,0.5270471257664427,0.21605778321304114,0.23732970573100576,0.662858164876855,0.6415862423588904
CACNA1S,ENSG00000081248,chr1,201029511,201122451,541,0.4404629596910562,0.5789834429304668,0.5118869446607504,0.3756731404159252,0.5225454100296305,0.36426021991840085,0.2984390646569556,0.5008228981985428,0.5666440534599879
ASCL5,ENSG00000232237,chr1,201103942,201137184,267,0.37661907026681046,0.37673784415832806,0.3399755972714395,0.3309304774616133,0.32292298932437846,0.2649535424264396,0.24234254864099175,0.20783451038447295,0.2304455041699208
TMEM9,ENSG00000116857,chr1,201124771,201181574,414,0.46011536102693723,0.39070223320835745,0.315448391270632,0.5113502244661046,0.3386611336759855,0.3664283699320278,0.39903426253584434,0.12901981700565562,0.0964139244018391
IGFN1,ENSG00000163395,chr1,201180823,201238952,347,0.485985020949831,0.5473620012740466,0.47721205609084466,0.46616269273736033,0.44726008965276276,0.4047930532454729,0.41372951714968315,0.387869539530329,0.3789330756261187
PKP1,ENSG00000081277,chr1,201273451,201342993,593,0.5949878288182876,0.5375845575051813,0.5442429501226711,0.5703647866079188,0.5126398282529048,0.4446671645021928,0.44867924009916155,0.32662440128059445,0.3226123256836256
TNNT2,ENSG00000118194,chr1,201349007,201387764,330,0.4389427626736032,0.402260392371809,0.41715349909880894,0.4214018311385519,0.40648789846946265,0.27635049544586876,0.27002471740056117,0.2382495631654628,0.24457534121077024
LAD1,ENSG00000159166,chr1,201370832,201409915,272,0.33343635737904953,0.32861075620888686,0.3423007762599342,0.37470017949883927,0.38711679827114326,0.1925091561552582,0.18917467494263068,0.20589705897657745,0.20923154018920498
TNNI1,ENSG00000159173,chr1,201393767,201439866,292,0.35994883643427256,0.3522368171982347,0.270962022553453,0.48447492654155555,0.3693118122598505,0.2822039088750036,0.3179278756858883,0.15202619919039298,0.11630223237950821
PHLDA3,ENSG00000174307,chr1,201454277,201479237,151,0.3684629061439937,0.4135940719320441,0.35069892696251476,0.48309976577300107,0.42781241760234834,0.28074142598877305,0.3176800063690079,0.25300159321561544,0.21606301283538065
CSRP1,ENSG00000159176,chr1,201473529,201519456,347,0.34671712491605244,0.5025138961218664,0.38894600312959415,0.5420261792258724,0.49145386532002994,0.3156813779837036,0.40146578522612786,0.38250627669313775,0.2967218694507136
NAV1,ENSG00000134369,chr1,201612884,201836969,1311,0.44108886490073657,0.3891986293618187,0.404622195015162,0.44444768199608375,0.3983125918478681,0.2780945713591007,0.2863793650264663,0.21488889027619573,0.20660409660883022
IPO9,ENSG00000198700,chr1,201819148,201894291,380,0.4553834331185781,0.5672412788688449,0.48933955052479955,0.45027679395169007,0.5094737924206053,0.3865989095814335,0.3618193752042773,0.4509760227313784,0.47575555710853457
SHISA4,ENSG00000198892,chr1,201878679,201902587,133,0.36455227651535144,0.636288447649858,0.5430400037530572,0.32432345103386595,0.5025293298827396,0.3408300943952494,0.35260814036838956,0.6705640696940959,0.6587860237209557
LMOD1,ENSG00000163431,chr1,201886455,201956588,386,0.48697848085410156,0.5907678121483829,0.5070029969236015,0.5001437022106573,0.4659528223832083,0.4268289453435743,0.47981805876087064,0.46664364221571447,0.41365452879841813
TIMM17A,ENSG00000134375,chr1,201945502,201980664,198,0.3994768655108723,0.2786438193542306,0.260329041882284,0.3723313405926579,0.3552676771355078,0.2675132622130334,0.17672253349311698,0.05910899224910282,0.1498997209690193
RNPEP,ENSG00000176393,chr1,201972371,202016147,334,0.37159683301414553,0.3144118498139559,0.35073564938729224,0.3101875897238506,0.31118735002082504,0.20506810162280206,0.18801391121583347,0.17241009408446137,0.18946428449143005
ELF3,ENSG00000163435,chr1,201997944,202027183,211,0.4010828387686322,0.47965301067846855,0.4223706916909172,0.3463957600954214,0.42350201626931183,0.30853421858252067,0.2638646072657505,0.34472518420443504,0.38939479552120515
GPR37L1,ENSG00000170075,chr1,202112885,202143592,162,0.3884440118035965,0.4908764091426209,0.5369063588110906,0.45138205457300945,0.5360144859155807,0.1984936267478289,0.2537577618006478,0.4765708540429393,0.4213067189901205
ARL8A,ENSG00000143862,chr1,202123403,202154743,160,0.4269173217081453,0.3946770733488521,0.45851785638622916,0.4173155759872819,0.42472459291814924,0.22263664694431606,0.24459817609070794,0.2793565533480628,0.25739502420167104
PTPN7,ENSG00000143851,chr1,202137012,202171588,231,0.43619155309887164,0.47170554303177725,0.382535805819388,0.439413205366377,0.3497831208451531,0.36450399405218165,0.3932116759335993,0.2735974730194936,0.24488979113807602
LGR6,ENSG00000133067,chr1,202183798,202329781,771,0.4754431218621066,0.4516947649013959,0.45661233030988035,0.39556507684056297,0.3956096678121911,0.3180961449481569,0.3004246865167532,0.28282700379685294,0.3004984622282567
UBE2T,ENSG00000077152,chr1,202321656,202351980,115,0.6180718350893829,0.6696446259739306,0.6391659852923827,0.5633696966046495,0.5764014510166996,0.5253859157779324,0.5386428259264429,0.5822003971867377,0.5689434870382271
PPP1R12B,ENSG00000077157,chr1,202338698,202602706,777,0.4853371833879464,0.5996741592763134,0.4371764887096538,0.3608583748999685,0.47652520343774946,0.5024653001986046,0.3579196406887782,0.41301116147431444,0.5575568209841407
SYT2,ENSG00000143858,chr1,202580595,202720454,738,0.35804363365449476,0.4231746623588034,0.36885304710988387,0.3747445578995182,0.3851965852339176,0.26661707707908255,0.2666790291741102,0.28359868894774926,0.2835367368527216
KDM5B,ENSG00000117139,chr1,202714494,202818487,437,0.3065543187029354,0.21855212736817436,0.2251606412728513,0.42625652955597787,0.3751954433772615,0.17879482530293653,0.16593167182035648,0.067812007729049,0.0806751612116291
RABIF,ENSG00000183155,chr1,202868281,202899149,168,0.37454097873800785,0.5199758770895253,0.46906694557765133,0.4085171628669472,0.4968486872183347,0.2850345224241485,0.28608859930986424,0.4488843978553566,0.4478303209696408
KLHL12,ENSG00000117153,chr1,202881115,202938636,288,0.4295160806914689,0.6163328767181746,0.49913767553140914,0.4893391340873355,0.5050638351806459,0.4139131243816093,0.46335153034833815,0.5440668444123838,0.49462843844565496
ADIPOR1,ENSG00000159346,chr1,202930825,202968572,225,0.3196195538548449,0.5356743909685087,0.4674576487771203,0.34911711814371543,0.481529623099235,0.26108976757468483,0.2698612009768007,0.5060794616857575,0.4973080282836415
CYB5R1,ENSG00000159348,chr1,202951872,202977275,141,0.5107688195048553,0.6942856076719282,0.6482683177595567,0.5966606480727519,0.6165174182809714,0.4275687251704583,0.5673099499347001,0.7575352461144722,0.6177940213502304
TMEM183A,ENSG00000163444,chr1,202997373,203034848,222,0.5842056571184812,0.5957340517943761,0.48479063687441715,0.6370118402872744,0.43809309688443576,0.5600324542026835,0.6713241487252198,0.34564987575688644,0.23435818123435015
PPFIA4,ENSG00000143847,chr1,203016497,203088740,425,0.387845348547775,0.4027175678715127,0.3153487699700576,0.46771405432448765,0.35452833897847863,0.31364489906742526,0.3540828309780393,0.20172029274948358,0.16128236083886954
MYOG,ENSG00000122180,chr1,203073128,203096012,108,0.3296677993093882,0.46291704807203327,0.3608271977903786,0.4504186425170671,0.3952498452847554,0.28700207795946053,0.35863065434220903,0.3346006455795185,0.26297206919676996
ADORA1,ENSG00000163485,chr1,203080653,203177405,420,0.4441676495798749,0.232588576039543,0.2098391468852802,0.5148596304887927,0.34462079227452763,0.30825101510679936,0.2827539775852067,0.0,0.0
MYBPH,ENSG00000133055,chr1,203157810,203185826,168,0.3838046576600626,0.2641763124810335,0.21612414258976914,0.45328390054916257,0.2618122705473383,0.27372568958668786,0.30351662913519534,0.03303905436585966,0.0032481148173521546
CHI3L1,ENSG00000133048,chr1,203168930,203196704,172,0.3957075963061673,0.44381950244871343,0.4473535029532576,0.4744287652645862,0.46993659301179014,0.24866137996767818,0.29758664975429716,0.3380010215630946,0.28907575177647565
CHIT1,ENSG00000133063,chr1,203202826,203283641,587,0.43257155987528156,0.7264134634066457,0.6300201176861192,0.4056602508211105,0.6439483389800759,0.43423564506468604,0.3918810070923666,0.8619016577374498,0.9042562957097691
BTG2,ENSG00000159388,chr1,203295490,203319602,121,0.45225748439335145,0.5752115378382757,0.6114332681192127,0.5598936699656394,0.6598773986990363,0.2564117893265428,0.2992268789236223,0.5997521807329642,0.5569370911358846
FMOD,ENSG00000122176,chr1,203330627,203361758,277,0.5634641518198117,0.6876001659038139,0.5793990971481064,0.6950047152062919,0.6917367770362326,0.5631426518017237,0.5870645566448988,0.6003287402771678,0.5764068354339926
PRELP,ENSG00000188783,chr1,203465805,203501352,231,0.2911419922884382,0.3036710390218359,0.22640332225092905,0.24430355742481233,0.2799752535423901,0.22466424977892988,0.15678945108297523,0.13726883544672314,0.20514363414267783
OPTC,ENSG00000188770,chr1,203484152,203518949,226,0.2626635605519197,0.29228983664888347,0.20558589019710832,0.25834177995545476,0.23694656146146803,0.21014061523113825,0.18708009598710895,0.13558002767146596,0.15864054691549523
ATP2B4,ENSG00000058668,chr1,203616786,203754081,799,0.5469713575206615,0.6084750064823086,0.5702864342464502,0.6182955486856948,0.6160795187508437,0.4424347169216312,0.47174737737632016,0.4952712082645719,0.46595854780988294
LAX1,ENSG00000122188,chr1,203755176,203786372,198,0.26358911306552724,0.26980437029232657,0.21408332134923244,0.21548614574605743,0.2324789788645333,0.18975267079982006,0.14627221551588243,0.12469012404076521,0.16817057932470283
ZC3H11A,ENSG00000058673,chr1,203785622,203864999,454,0.38539288129854726,0.42903610928319535,0.39272333253633124,0.4304304505149756,0.4196818826722232,0.27421527988148353,0.2895624210678861,0.28621403011889046,0.27086688893248795
ZBED6,ENSG00000257315,chr1,203785713,203864999,454,0.38539288129854726,0.42903610928319535,0.39272333253633124,0.4304304505149756,0.4196818826722232,0.27421527988148353,0.2895624210678861,0.28621403011889046,0.27086688893248795
RP11-397P13.9,ENSG00000288644,chr1,203792093,203812192,104,0.2745244639672876,0.2928174849001085,0.2777582670657,0.3593341612161873,0.2927905643220626,0.17099951674735217,0.22264266849330533,0.175466975340454,0.12382382359450086
SNRPE,ENSG00000182004,chr1,203851598,203881152,189,0.5816926854862473,0.6736677875531538,0.5724096714599015,0.5712467451573677,0.5841075064068734,0.5708942781107509,0.5446922839973756,0.5489450818049367,0.5751470759183123
SOX13,ENSG00000143842,chr1,204063114,204137743,410,0.47828979633920043,0.6098404774244051,0.5762228310433426,0.47834489306996975,0.532110026175438,0.3666475475474975,0.416213053017653,0.5745520436967166,0.5249865382265612
ETNK2,ENSG00000143845,chr1,204121061,204162044,233,0.41879937005116047,0.5744785492199552,0.6041907935522822,0.4588935207634973,0.6315242430713283,0.2351380984022698,0.2350993806473376,0.6193018207230481,0.6193405384779802
REN,ENSG00000143839,chr1,204144818,204200324,345,0.2548340920342616,0.354758683873369,0.3205719095675343,0.2933076701755082,0.317160355129941,0.17288770529875486,0.2018977779669367,0.2652431933284465,0.23623312066026467
KISS1,ENSG00000170498,chr1,204180340,204206491,167,0.24227699119130294,0.3185397938007246,0.28622384406715756,0.2265878683565431,0.25303770365351996,0.16188446600315265,0.17436003315007734,0.22163295503767153,0.20915738789074684
GOLT1A,ENSG00000174567,chr1,204188162,204223988,189,0.20636609957625968,0.3207470315002548,0.3464226911963711,0.2358416841369145,0.2866484644406278,0.09630010689429408,0.15898050458513174,0.2904615535299928,0.22778115583915517
PLEKHA6,ENSG00000143850,chr1,204208852,204387665,1152,0.4050442845839329,0.4933682667687072,0.41589842213852335,0.37969893653739983,0.39094414677726264,0.3307794156254018,0.33083796693018763,0.3491914881313326,0.3491329368265469
PPP1R15B,ENSG00000158615,chr1,204393380,204421817,155,0.4952391814409225,0.5375139815139814,0.5945296225280976,0.5288340515996784,0.5979851848080644,0.27605104067689357,0.30620876520807044,0.49508791211020886,0.4649301875790318
PIK3C2B,ENSG00000133056,chr1,204412627,204504805,567,0.5291334947382357,0.6359778355103003,0.5889564250660735,0.6120383042369082,0.6430384685641021,0.43733256341665644,0.46363096507313695,0.5732079583273304,0.54690955667085
MDM4,ENSG00000198625,chr1,204506378,204568120,275,0.39988603607032003,0.13650868373035271,0.24410177127694646,0.5246675485371727,0.3763983852808512,0.18877930492167724,0.20913435368684302,0.0,0.0
LRRN2,ENSG00000170382,chr1,204607169,204695738,560,0.4694289007755428,0.5589421873254133,0.46769722521747503,0.48419669046148195,0.4782361226171929,0.41091889924619673,0.4150344756229035,0.40766041838103106,0.40354484200432417
NFASC,ENSG00000163531,chr1,204818650,205032822,1532,0.3332692041007926,0.3633172163231858,0.3314800849837623,0.3516407554478025,0.3537699670558838,0.22708177942818913,0.22409716416265346,0.22440195282616862,0.22738656809170432
CNTN2,ENSG00000184144,chr1,205032936,205088289,360,0.43693779908220787,0.7074657058060954,0.6610148471076776,0.392324337692621,0.6901651089864768,0.360869790239039,0.2777858152776782,0.868303583836491,0.9513875587978518
TMEM81,ENSG00000174529,chr1,205073128,205094460,104,0.4815341611906697,0.6700048554181767,0.6567754802793203,0.3597305783050855,0.6698222752161024,0.34809400331892093,0.22320967414510728,0.7605833346993471,0.8854676638731609
RBBP5,ENSG00000117222,chr1,205076141,205132015,283,0.39201563673471185,0.6237658510034279,0.6791013626160981,0.3394848941410276,0.6375204542620236,0.16925986563575424,0.18874582291582465,0.8082837270835099,0.7887977698034395
DSTYK,ENSG00000133059,chr1,205132504,205221702,428,0.46296230679376543,0.7088703791845151,0.623428248124694,0.48782886538884374,0.5494040092932213,0.43951349975367604,0.5529494962167316,0.7944731788768924,0.6810371824138368
TMCC2,ENSG00000133069,chr1,205217945,205295632,392,0.4681970240719394,0.7778541186760819,0.6346201310745925,0.4189629826227267,0.6042809854281807,0.5645427321333009,0.5601554610199669,0.9398782577066784,0.9442655288200122
NUAK2,ENSG00000163545,chr1,205292062,205331745,260,0.42909117316200596,0.6196001070568294,0.7091499797334673,0.38370181155856947,0.6502966837960737,0.1460552228307358,0.19994321910531565,0.8204770069124595,0.7665890106378799
KLHDC8A,ENSG00000162873,chr1,205326060,205367090,326,0.42078873369711994,0.5972086590733358,0.6437020108616907,0.38299208174222493,0.5454775158304175,0.21171837603176613,0.3018510703908509,0.697618239539951,0.6074855451808661
LEMD1,ENSG00000186007,chr1,205371377,205465954,550,0.45808880582434935,0.7032155481353735,0.620881756371622,0.43107758729395573,0.5752118010922879,0.42874758011042635,0.4612978883043847,0.7860015748515286,0.7534512666575703
BLACAT1,ENSG00000281406,chr1,205424884,205467091,263,0.5561389231653422,0.8422872916754974,0.8008479521951158,0.5298941148306537,0.7840374697320506,0.5227685858284862,0.5345635837728396,1.3242116169875935,1.3124166190432403
CDK18,ENSG00000117266,chr1,205494595,205542793,313,0.4212905663667207,0.5173387755168387,0.46902491784352196,0.3824141943459697,0.4791045510337042,0.3211774270112695,0.2790858012417461,0.4072628429989509,0.4493544687684741
MFSD4A,ENSG00000174514,chr1,205558884,205612918,319,0.32427357047175864,0.33513322768018805,0.2995867774306438,0.332586017181341,0.3477586846960026,0.22202538775868794,0.19258634622098372,0.18614321301503228,0.21558225455273652
ELK4,ENSG00000158711,chr1,205587555,205642011,338,0.39803976471101343,0.3767274909923045,0.29517727128039484,0.3579995435464753,0.31367955946509923,0.31526318773699535,0.2697635300812702,0.15750825395781165,0.20300791161353676
SLC45A3,ENSG00000158715,chr1,205647850,205690509,249,0.4596748686301968,0.41072978402812654,0.4083942772993706,0.4797311457707798,0.4849076446820808,0.30976989016615564,0.2594354698785078,0.2191005396173109,0.2694349599049588
NUCKS1,ENSG00000069275,chr1,205702821,205760182,261,0.5215449721380642,0.7020615568249636,0.6556301954647968,0.578313168590292,0.6572491545773987,0.44101112633445116,0.5018046162461364,0.7698572540068085,0.7090637640951233
RAB29,ENSG00000117280,chr1,205757985,205785482,159,0.5209692354960734,0.6503459876549886,0.5412752243208979,0.538691552468413,0.5396044287367947,0.5037483703355057,0.5244151521073308,0.5470627792443886,0.5263959974725636
SLC41A1,ENSG00000133065,chr1,205779093,205823748,161,0.36056739957788575,0.552763350528354,0.49006140102377077,0.4503322550670545,0.4960587825293264,0.2891882551595688,0.3589065205009838,0.5154791521383039,0.4457608867968888
PM20D1,ENSG00000162877,chr1,205818024,205860132,139,0.4335391375827862,0.4552841788229064,0.46687614780417375,0.44476942296432986,0.4416294117805192,0.27341841158681623,0.3065652231449007,0.33407263775632606,0.30092582619824154
SLC26A9,ENSG00000174502,chr1,205903047,205953460,356,0.4074726021362,0.5089371042649244,0.4789133723944955,0.44544033965457536,0.5706818948062166,0.29135112441902683,0.22760340810899604,0.41983193775222477,0.48357965406225556
RAB7B,ENSG00000276600,chr1,205966739,206013461,0,,,,,,,,,
CTSE,ENSG00000196188,chr1,205998534,206033909,134,0.20224260389390641,0.15861482862753515,0.042993548047528876,0.22493078161102706,0.04904354904354907,0.17735566434759253,0.1886108304610881,0.0,0.0
RHEX,ENSG00000263961,chr1,206043172,206112449,388,0.2618670761158214,0.2919973514420781,0.22703297003112316,0.2504008083317522,0.19801642984619164,0.19570995899030127,0.20642845669285861,0.14959748540409365,0.13887898770153628
AVPR1B,ENSG00000198049,chr1,206096935,206127699,262,0.1751613083838635,0.21921119723491264,0.045731912727387906,0.18197557540412396,0.08743525897459026,0.19660369434377495,0.1784087108198536,0.05084689036325196,0.06904187388717331
FAM72A,ENSG00000196550,chr1,206176178,206214414,0,,,,,,,,,
SRGAP2,ENSG00000266028,chr1,206193345,206474436,379,0.46381029375170096,0.6178367719157336,0.5632764868053348,0.4528160555305913,0.6197846122947829,0.37835986845703407,0.2989301701281494,0.5835475945346862,0.662977292863571
IKBKE,ENSG00000263528,chr1,206460475,206506889,316,0.4966929958322696,0.5695987461421279,0.48430989071200203,0.5095175118307385,0.5289053746655621,0.4336715242019522,0.4013533787076276,0.4093658326983033,0.4416839781926279
RASSF5,ENSG00000266094,chr1,206497530,206599448,0,,,,,,,,,
EIF2D,ENSG00000143486,chr1,206561291,206622465,0,,,,,,,,,
DYRK3,ENSG00000143479,chr1,206625535,206694419,356,0.3001110732863875,0.41604734886828637,0.28960147888710125,0.33849938469993673,0.31098703902658686,0.2764199199247528,0.28934227233778165,0.26151545634531836,0.24859310393228953
MAPKAPK2,ENSG00000162889,chr1,206674904,206744281,387,0.4256904339131142,0.47092963699557266,0.4624510615951935,0.4263213539845216,0.4112978883745252,0.28524254199415633,0.331242379089124,0.3513913026243825,0.3053914655294148
IL10,ENSG00000136634,chr1,206757601,206784541,148,0.4029846332399748,0.538046173421344,0.5411452112247067,0.4529395440199602,0.5104399937512906,0.25454063901018026,0.3306190287566372,0.517749696355241,0.441671306608784
IL19,ENSG00000142224,chr1,206760763,206852979,520,0.4226184696621775,0.5763764299475689,0.5344371078169314,0.4558308414401327,0.5302884602443956,0.32182696990311405,0.3558843169467014,0.5370830546607654,0.5030257076171782
IL20,ENSG00000162891,chr1,206855622,206879223,113,0.4304569547193984,0.6702186455472525,0.6183020858783893,0.5335331381255894,0.5616010291476508,0.3545602685191392,0.5236339061874283,0.7547651378582514,0.5856915001899622
IL24,ENSG00000162892,chr1,206887442,206914139,119,0.34372573173354554,0.3976895221133867,0.3800269736625693,0.3289763764355028,0.2724881254529391,0.2250397001867855,0.2939041005416639,0.2819425224390594,0.21307812208418103
FCMR,ENSG00000162894,chr1,206893316,206933247,162,0.3060275587045318,0.4151476859591646,0.42451179250314564,0.32316006143487086,0.4084242534359367,0.17459120277647394,0.20087541723719932,0.36180471547689186,0.3355205010161665
PIGR,ENSG00000162896,chr1,206918521,206956466,179,0.332773558914763,0.5069869726654695,0.42541795312325564,0.405271455989432,0.5102296826157308,0.2788665509951899,0.25652557448324265,0.42835312967972905,0.4506941061916763
FCAMR,ENSG00000162897,chr1,206947964,206980625,212,0.24143468589174147,0.4680664811004881,0.3775037967956111,0.27161650102052237,0.3287398565080416,0.21677269316170564,0.2747829125865601,0.4144640687620992,0.3564538493372448
C1orf116,ENSG00000182795,chr1,207008521,207042756,273,0.16614747951799846,0.4239276858864488,0.4710438569090454,0.22091192491016706,0.39689204160768143,0.04818552558719508,0.14774709789828794,0.5033365552431806,0.4037749829320876
PFKFB2,ENSG00000123836,chr1,207024365,207091024,375,0.28485981798975135,0.22385558946884912,0.2886652615445313,0.24843473938260704,0.2981673312918925,0.12404060818104806,0.09247682305908456,0.1293760718862937,0.1609398570082573
YOD1,ENSG00000180667,chr1,207033848,207062980,141,0.2663123191669867,0.2956750542224586,0.4186214271235991,0.2196078188272488,0.2589210839023854,0.05891707829304188,0.14941299399576363,0.29159838031530905,0.20110246461258732
C4BPB,ENSG00000123843,chr1,207078859,207109993,192,0.21782415673655522,0.1395841648189209,0.3133129256387139,0.18889658415078991,0.2631522729288093,0.010069295579418824,0.02716258693463633,0.1402701817374532,0.12317689038223577
C4BPA,ENSG00000123838,chr1,207094232,207154972,342,0.3655055703359402,0.7027323757444313,0.6554341878818541,0.3334905897050265,0.6536426157337888,0.30128952748231175,0.27926967007124925,0.9118329266670019,0.9338527840780644
CD55,ENSG00000196352,chr1,207311531,207396804,440,0.56621951719421,0.5862291837790871,0.5278354221240473,0.5318501237137381,0.5171712498028287,0.48361602152270444,0.4566582928252945,0.39882702092577466,0.42578474962318447
CR2,ENSG00000117322,chr1,207444229,207499895,284,0.5922310256817788,0.6416659572132669,0.6523211178193306,0.43161471292138126,0.6467593090369205,0.4334340870142882,0.27531990240285087,0.5928555602062024,0.7509697448176399
CR1,ENSG00000203710,chr1,207486146,207651765,634,0.48179226483114396,0.5120556176889495,0.48340773753555244,0.43403493911955937,0.4358034860259508,0.35721577901410595,0.3572120618681898,0.3603380712841115,0.36034178843002773
CR1L,ENSG00000197721,chr1,207635112,207748416,458,0.3163396938341694,0.41015197385614877,0.30037555371204266,0.366156067538172,0.2910696454343895,0.27548643899514286,0.31992244421907656,0.25240391907441,0.20796791385047633
CD46,ENSG00000117335,chr1,207742053,207805513,259,0.4852983347041924,0.622753348248917,0.5952323128407684,0.5298699550001166,0.5725253527008719,0.3672909526191597,0.43987084545923794,0.6075651041657166,0.5349852113256385
CD34,ENSG00000174059,chr1,207870971,207921402,279,0.3499085542954305,0.42229499180284524,0.37666056572681883,0.35726688747705404,0.3149999895749909,0.25333503853744627,0.3061905942500224,0.2953568684945035,0.24250131278192727
PLXNA2,ENSG00000076356,chr1,208012241,208254384,1554,0.497476576605522,0.5269375532209025,0.4957628472538235,0.5520030240309185,0.5139366594982036,0.3759661612065478,0.41504016987566084,0.3725617152091081,0.33348770653999515
CAMK1G,ENSG00000008118,chr1,209573713,209623939,403,0.33698455831323854,0.29423585568072264,0.24233055706094356,0.3118404013110759,0.22977263032715892,0.24096154469013073,0.2305695705925271,0.10751262581580434,0.1179045999134079
LAMB3,ENSG00000196878,chr1,209604869,209662425,436,0.3889915881972838,0.46102599253222126,0.39010072254306005,0.4103828416419614,0.33573793426512416,0.30813551556024854,0.3686456198184198,0.3099524172976196,0.24944231303944825
G0S2,ENSG00000123689,chr1,209665411,209686390,113,0.5740937230229989,0.6026716915508926,0.588864078724534,0.6052990022988667,0.5272189275079449,0.44384846009060097,0.551748144352444,0.4791439065350216,0.37124422227317844
HSD11B1,ENSG00000117594,chr1,209676177,209744949,411,0.4683936544294389,0.4905831459274704,0.47413269321456997,0.4855109092063349,0.4319219638110715,0.33181713989753614,0.38678653813033287,0.3426714909606855,0.2877020927278888
TRAF3IP3,ENSG00000009790,chr1,209746031,209792320,243,0.30537232577364243,0.32092695484396844,0.2343349265887748,0.3827310295340314,0.2508497129812322,0.24219771566390833,0.2903306658384208,0.1448288639961984,0.09669591382168588
C1orf74,ENSG00000162757,chr1,209769207,209794559,107,0.2850377223577435,0.3952587205163196,0.3370870553064528,0.3705732760477839,0.2871225635273503,0.2136842216489729,0.31372730688786915,0.2892703279822508,0.1892272427433545
IRF6,ENSG00000117595,chr1,209775616,209816175,220,0.33891464068427685,0.4057396209995649,0.3208180621644762,0.38144187591692413,0.3285864085162784,0.27372189019100546,0.30121593585957684,0.2467158169895362,0.2192217713209649
UTP25,ENSG00000117597,chr1,209817971,209867565,359,0.3954726074749377,0.3924737695077818,0.33746399407562055,0.414346061234474,0.3605473354064742,0.2949939242521288,0.29312172943029713,0.2033660026824694,0.205238197504301
SYT14,ENSG00000143469,chr1,209890922,210181389,1508,0.43502094924435536,0.4096586793241421,0.36798041336007725,0.4436595358395671,0.3906380816604302,0.31959306638476004,0.309043160730074,0.20746133334969474,0.21801123900438085
SERTAD4,ENSG00000082497,chr1,210222795,210256631,169,0.30626918411094306,0.27065461225012133,0.23449716040642496,0.28358417027448424,0.18604072238791944,0.20702839444957802,0.22162872367284261,0.10857948180194757,0.09397915257868295
HHAT,ENSG00000054392,chr1,210318251,210686296,0,,,,,,,,,
KCNH1,ENSG00000143473,chr1,210666822,211144165,0,,,,,,,,,
RP11-434N15.2,ENSG00000284299,chr1,210848124,211144146,1662,0.39327478866800725,0.5393465292123187,0.48624393241659286,0.3910124129662187,0.4679514424275402,0.3043908980456756,0.32002304137864357,0.47071831086593174,0.4550861675329638
RP11-543B16.5,ENSG00000283952,chr1,211072871,211198533,775,0.33678325928163433,0.2709400341284184,0.26987317073718414,0.3779262751279368,0.26107852482826926,0.20605785228634563,0.24406616763703923,0.10994144035875303,0.07193312500805943
RCOR3,ENSG00000117625,chr1,211248376,211326385,393,0.5680779015607438,0.6096024128121734,0.5990504073931413,0.5959101640087059,0.579263744520994,0.43309003785398575,0.49047927554281107,0.5074995669673632,0.4501103292785379
TRAF5,ENSG00000082512,chr1,211316614,211384946,378,0.5316953027271646,0.6407262185087516,0.6053854347116516,0.5800829429182216,0.6341130112580234,0.4262304582104915,0.44296893087989786,0.5974401003938774,0.580701627724471
RD3,ENSG00000198570,chr1,211466521,211502162,300,0.28207632181624276,0.46665427382065316,0.38464307871943565,0.26205123401939656,0.3924185130785338,0.2372123083853762,0.21709866238777714,0.3913731147206879,0.41148676071828694
SLC30A1,ENSG00000170385,chr1,211561567,211589161,177,0.37326331955008235,0.3453837854989688,0.3192091380350626,0.4095256426616174,0.4064262684383875,0.25321740838381435,0.21447068794412238,0.17048873874783713,0.20923545918752906
NEK2,ENSG00000117650,chr1,211648656,211685630,183,0.294581078484874,0.3119753419252345,0.2677124297512298,0.3197681477974626,0.29648629548241856,0.20565602627970664,0.20379212956623582,0.16827457518638236,0.17013847189985312
LPGAT1,ENSG00000123684,chr1,211733456,211840763,595,0.5434472992949412,0.5585202352765989,0.5010005743369997,0.5360624225482002,0.4662676585317773,0.45326194963534244,0.4788837806388048,0.36436114336922376,0.3387393123657613
INTS7,ENSG00000143493,chr1,211930398,212045557,609,0.3083395375386443,0.2635431079465322,0.2863831355158341,0.3426761619244002,0.2885383473975047,0.16857780777007333,0.19252464693084012,0.13732676783911826,0.11337992867835142
DTL,ENSG00000143476,chr1,212025552,212117400,475,0.5399978196976375,0.6068107577764074,0.602002546256378,0.566726366074785,0.5790926232486586,0.39433931450603077,0.4522537874858351,0.5391249361308008,0.4812104631509964
PPP2R5A,ENSG00000066027,chr1,212275409,212371853,450,0.36496981698410685,0.4002048459150688,0.3141030935613793,0.37179695373570065,0.35386329172319314,0.2941109480597186,0.26965737987172567,0.21705614385833408,0.24150971204632712
PACC1,ENSG00000065600,chr1,212353927,212424901,324,0.341898391360459,0.43378824773264163,0.33975199095662434,0.3234149047782233,0.34193172189353144,0.28602167300816844,0.2705188075121855,0.2827654771227452,0.29826834261872814
NENF,ENSG00000117691,chr1,212422919,212456379,204,0.2518657053551218,0.2598803102918126,0.1491347382513851,0.27266663914129435,0.1565222932919951,0.21480732478858688,0.2245459597856174,0.08613603822539714,0.07639740322836658
ATF3,ENSG00000162772,chr1,212555333,212630777,486,0.34411674921246377,0.4199346237198301,0.4079824023362258,0.3130341754038116,0.35577111302645614,0.22108401127508398,0.240191998228127,0.32353045279432247,0.3044224658412794
FAM71A,ENSG00000162771,chr1,212614473,212636775,114,0.5345516352473888,0.712608034997048,0.7168118247830649,0.48545349058398324,0.6621114031321971,0.37500935187167594,0.4131692804293059,0.8718989113965365,0.8337389828389066
BATF3,ENSG00000123685,chr1,212676416,212709840,208,0.29085111336671615,0.3796955092482276,0.42921938837544954,0.3861977874818822,0.4290367236135883,0.13024211282583287,0.20259847680467963,0.3473026945584725,0.2749463305796257
NSL1,ENSG00000117697,chr1,212716152,212801782,570,0.3345429529285157,0.30739960813090544,0.34607220301354324,0.3962624445876995,0.3647367055531361,0.17491246550521616,0.20910101924883603,0.19238961571451366,0.15820106197089379
TATDN3,ENSG00000203705,chr1,212781827,212826830,298,0.3445139051557806,0.35602014398903015,0.3827435299358689,0.3845155798878917,0.3894881385281386,0.18999767658868494,0.2159879612965001,0.25009015626438347,0.2240998715565683
SPATA45,ENSG00000185523,chr1,212820140,212857649,252,0.401055146852067,0.3671921562994804,0.3263812331399199,0.501742575801369,0.36118948211765717,0.28754163072098904,0.35303974455725995,0.17004683665614295,0.1045487228198721
FLVCR1,ENSG00000162769,chr1,212848274,212909363,414,0.33888983491174507,0.5048956652508304,0.4149181175945524,0.40612959372094415,0.4443190885907967,0.29040903923506883,0.3182599331019682,0.41257772211773625,0.38472682825083687
VASH2,ENSG00000143494,chr1,212940519,213002037,312,0.41011462096736623,0.45547045017855053,0.43968320153798796,0.44503498088206206,0.4352411789325152,0.2782035792754358,0.31266337996980587,0.3296294891616945,0.29516968846732455
ANGEL2,ENSG00000174606,chr1,212982181,213025867,146,0.4629855032547912,0.5412856749411847,0.5110000356107082,0.5614464264540701,0.5475120996563959,0.34283248744116873,0.4053033462371447,0.43649516073545186,0.374024301939476
RPS6KC1,ENSG00000136643,chr1,213041232,213284774,0,,,,,,,,,
PROX1,ENSG00000117707,chr1,213973180,214051510,383,0.4196153117930992,0.5678833580228552,0.5110391139416748,0.39787292848521244,0.5068610992159285,0.3338255410290096,0.3196910488467274,0.5052341815769688,0.5193686737592509
SMYD2,ENSG00000143499,chr1,214271101,214347131,471,0.4602326467144925,0.5227209758423299,0.45015888718212826,0.4530777656735824,0.4351880071447962,0.3790725670187068,0.38592014892461,0.36058143578995105,0.3537338538840478
PTPN14,ENSG00000152104,chr1,214338699,214562449,1692,0.5253689931240135,0.5977920431724503,0.4994220926912386,0.531123726700358,0.5193496565146193,0.48200579483018496,0.4677935818349804,0.4287802237481473,0.442992436743352
CENPF,ENSG00000117724,chr1,214593194,214674571,567,0.41917545023433095,0.4578284863859833,0.4166896009727425,0.3868292499388588,0.4494667797063942,0.30822180592214843,0.25220836823106607,0.3039510758964301,0.35996451358751247
KCNK2,ENSG00000082482,chr1,214995774,215247090,1355,0.4999579321862722,0.49873189616382463,0.4844827047450126,0.5135390588961929,0.40708196401489044,0.36054640323229126,0.4442568704638732,0.3300677804023801,0.24635731317079823
KCTD3,ENSG00000136636,chr1,215557303,215631807,314,0.25696499436492903,0.4082460760560412,0.3721502527025808,0.3931136591400663,0.34356626885823127,0.17811106197714163,0.30157230966603105,0.3465533375488846,0.2230920898599951
USH2A,ENSG00000042781,chr1,215612890,216433448,5264,0.4253610779396158,0.40932153448559794,0.38893641196602413,0.4463512576479967,0.40722189260438796,0.29397130256065185,0.2973865785404926,0.23251215864822583,0.22909688266838507
ESRRG,ENSG00000196482,chr1,216493245,217147755,4533,0.4126548397541449,0.47538571205842517,0.38419503110463593,0.4210206889084142,0.3996877438101815,0.34620481312790297,0.3406375890353091,0.2988871629143963,0.3044543870069903
GPATCH2,ENSG00000092978,chr1,217416991,217641090,1351,0.2769975689887029,0.4901786823400657,0.43965204823004994,0.2857108872164954,0.4794582867287839,0.20942016042868516,0.17863859877554233,0.46427481175415947,0.49505637340730235
SPATA17,ENSG00000162814,chr1,217621323,217881696,1589,0.3259416302858153,0.33427360069162493,0.30703614023111414,0.3872455175050752,0.3127228515356369,0.2172688215046559,0.2608248981239953,0.18960768319268398,0.14605160657334454
RRP15,ENSG00000067533,chr1,218275292,218347983,430,0.3141486919671228,0.5652745673299033,0.5365869707184419,0.3356032291381237,0.4723162992845004,0.22049925632866257,0.3013290857369871,0.6125413801127412,0.5317115507044167
TGFB2,ENSG00000092969,chr1,218335335,218454619,757,0.26583248854127783,0.34834795034301613,0.2982803335005322,0.27743591689664304,0.2809776239047519,0.19152064732620797,0.21166544582838,0.23672387835001982,0.2165790798478478
LYPLAL1,ENSG00000143353,chr1,219163868,219222865,215,0.6410707672024684,0.7544412503325151,0.7968612019579061,0.5652203119922281,0.7533536754235347,0.41749164393238414,0.4186675209746811,0.9867274102631332,0.9855515332208362
ZC3H11B,ENSG00000215817,chr1,219598009,219623145,53,0.388889762470877,0.3105569070286612,0.3383438748039244,0.383960247099178,0.3682398477019865,0.22566986358184646,0.19853471989702196,0.14620125533468736,0.17333639901951187
SLC30A10,ENSG00000196660,chr1,219675426,219968647,1831,0.40445233560457156,0.3851742665732221,0.45163861088140955,0.4513412078614195,0.4936523417898164,0.20193476192055848,0.20308158809288435,0.2844816496908328,0.283334823518507
EPRS1,ENSG00000136628,chr1,219958599,220056530,642,0.48107171635866375,0.5163213242133899,0.4810525581033431,0.494768898060533,0.44165063401086607,0.3631857019748507,0.41315170196371853,0.36314878376807247,0.31318278377920467
BPNT1,ENSG00000162813,chr1,220047481,220100462,160,0.32561044991079174,0.3449104777058295,0.2834994331110211,0.42721959243954427,0.3338894442400812,0.24177725222138965,0.2869683117239229,0.18120612520643206,0.13601506570389882
IARS2,ENSG00000067704,chr1,220084131,220158041,260,0.2241548788755452,0.22265136884686268,0.1899608284698098,0.21043669677412075,0.17873589155308886,0.1474980164149916,0.14561553874706523,0.10436832408741534,0.10625080175534164
RAB3GAP2,ENSG00000118873,chr1,220138292,220282453,591,0.3031073857559094,0.3566863184263,0.29285702014235243,0.31989238949257026,0.3057887832583851,0.22786219133180174,0.2308240288455427,0.21326064166270828,0.21029880414896723
MARK1,ENSG00000116141,chr1,220518135,220674461,930,0.5246618247414077,0.682925225232318,0.6357348627262132,0.5995268846391569,0.6695786275992157,0.441236576663388,0.4781698699018535,0.7073810737094899,0.6704477804710245
C1orf115,ENSG00000162817,chr1,220680362,220709153,236,0.23923455450232564,0.46471882761024524,0.347848165160283,0.19546858212634255,0.39413661702700187,0.23545771652577627,0.17067880797399143,0.3895053977477705,0.45428430629955535
MTARC2,ENSG00000117791,chr1,220738224,220794815,625,0.2189824821024462,0.3773229428723125,0.4026243729356167,0.24151985091620579,0.4548760905075159,0.10283789444383323,0.07171188024381664,0.37088936752095186,0.40201538172096846
MTARC1,ENSG00000186205,chr1,220776912,220829659,462,0.3120871110541335,0.3646111966862375,0.36543193370092975,0.37228078623012717,0.36146469928810154,0.18640026032887055,0.23530109250577014,0.26711791844972005,0.21821708627282044
RP11-295M18.8,ENSG00000286231,chr1,220776989,220894503,837,0.33857426457859,0.4111204247761753,0.3794366028520347,0.35490623118136905,0.3972670187901494,0.23288181636944863,0.23080608487099707,0.2966517561914196,0.29872748768987123
HLX,ENSG00000136630,chr1,220869430,220895059,171,0.380740899941652,0.39528666507491206,0.327643195035801,0.39791365785479965,0.34483261003934107,0.2926330778216008,0.2937453297379331,0.21036768199107908,0.2092554300747469
DUSP10,ENSG00000143507,chr1,221691423,221752089,412,0.3527150848995123,0.3485298344082758,0.3307007377696271,0.3722031091884932,0.2770225539231997,0.23098420187220653,0.2848425058773716,0.19753947500613026,0.14368117100096514
HHIPL2,ENSG00000143512,chr1,222512257,222558104,256,0.351869345201157,0.4396675278400445,0.3990979199055874,0.31498545306282316,0.3187070601447812,0.2517823301494713,0.28688863583372304,0.3274426409881258,0.29233633530387415
TAF1A,ENSG00000143498,chr1,222547901,222599933,278,0.44557440383127406,0.44951933041435543,0.4511779560714154,0.4064798409203882,0.3597907599611488,0.2934025324448304,0.3363436591475659,0.30356090527693397,0.2606197785741984
MIA3,ENSG00000154305,chr1,222608096,222678007,307,0.5942681571939513,0.5648757694150003,0.5596088959761725,0.5876296824174576,0.5393685068027799,0.45704722515439095,0.47140014286161447,0.375076475959701,0.3607235582524774
AIDA,ENSG00000186063,chr1,222658012,222723210,263,0.5316663499819834,0.46117690142876305,0.4922953626211917,0.49544282578561616,0.4805722802012472,0.34954342583751274,0.3237072349048632,0.2688245391278501,0.2946607300604996
BROX,ENSG00000162819,chr1,222702552,222745196,182,0.4897831492124069,0.4984215669253132,0.5115079101325177,0.5085339880568995,0.4691883962566561,0.3232413662674171,0.38350483221188497,0.36675392058296075,0.30649045463849295
FAM177B,ENSG00000197520,chr1,222727206,222760805,148,0.7145201183390845,0.5813323956456125,0.4782790563529224,0.6021825953947973,0.4921959708100454,0.7368196377861164,0.5573902335756409,0.1338583431385243,0.3132877473489998
DISP1,ENSG00000154309,chr1,222805021,223015995,1175,0.4011476284375386,0.6105799858315558,0.4795667095377499,0.41864371680018025,0.5003759287251216,0.40137169791733895,0.3957944775468359,0.541725091993871,0.5473023123643741
TLR5,ENSG00000187554,chr1,223099403,223153248,427,0.4309329418118742,0.462954412842145,0.39252138817215076,0.4163517241925322,0.38124472162671347,0.34349549181582195,0.3400418032006798,0.27817680397408817,0.28163049258923056
SUSD4,ENSG00000143502,chr1,223210818,223374233,866,0.34784474229366114,0.3178697324445938,0.31467023782096987,0.32211303619151155,0.266867722615008,0.2160760497009836,0.23044011156169014,0.16645858153166782,0.15209451967096116
CCDC185,ENSG00000178395,chr1,223383414,223405465,98,0.3832005802061066,0.5519219085722751,0.6487393464702219,0.3830352240173454,0.5475727291928367,0.11988620973978859,0.24630142007615807,0.682901540795199,0.5564863304588294
CAPN8,ENSG00000203697,chr1,223528006,223675723,0,,,,,,,,,
CAPN2,ENSG00000162909,chr1,223691592,223786018,649,0.4657940674505522,0.3718480529422096,0.413415601395037,0.4425287221419303,0.4386576459346349,0.27925417082437415,0.23594659079456398,0.18571901704201277,0.22902659707182293
TP53BP2,ENSG00000143514,chr1,223769892,223855954,469,0.2910160773450341,0.2154695300745123,0.15054540115493437,0.2528617722413641,0.12385033756574823,0.2117157562830982,0.20097828981808774,0.030954111349688812,0.04169157781469926
FBXO28,ENSG00000143756,chr1,224104110,224172047,428,0.5698741668364826,0.5254026914049533,0.5686237459484502,0.5844957863745349,0.5814872261906742,0.3740957466312016,0.37625163142652973,0.3711928592565303,0.36903697446120226
DEGS1,ENSG00000143753,chr1,224165755,224203441,154,0.3809809785295233,0.38656898167372256,0.39059961222347267,0.37542312973706043,0.40010628051616876,0.23651348101422087,0.22418277658368618,0.2521739797047219,0.2645046841352565
NVL,ENSG00000143748,chr1,224217333,224340189,596,0.659214366278656,0.6462298244257234,0.6334258483928072,0.7277787651304758,0.7094276844077078,0.5560274916078558,0.552172589632745,0.483080306617661,0.48693520859277184
CNIH4,ENSG00000143771,chr1,224346857,224389459,200,0.610279384223663,0.6346543901463798,0.6695028213256743,0.6226767357516827,0.6879858726321344,0.42103975360334633,0.4084288395089226,0.5858717434896046,0.5984826575840283
WDR26,ENSG00000162923,chr1,224375145,224447033,269,0.5249224780652696,0.5350640650797112,0.6366514277810531,0.47074497137437177,0.5703705561762082,0.24887014501132088,0.2786541622371578,0.5169855122401896,0.4872014950143527
CNIH3,ENSG00000143786,chr1,224424659,224750554,1827,0.4090298471079384,0.4026301439876551,0.36176979339961973,0.3869297906313074,0.3500792632282106,0.29607618167601724,0.2867948908557203,0.2191426514306939,0.22842394225099086
DNAH14,ENSG00000185842,chr1,224886261,225409292,2666,0.3729137982232724,0.3591422984923018,0.3729108529116343,0.43713529046051935,0.37907147216313763,0.22247626902181822,0.2715622640014254,0.2224715722118533,0.17338557723224612
LBR,ENSG00000143815,chr1,225391501,225438925,280,0.39178470760523587,0.5095352504949497,0.3831478867129747,0.4910511061202032,0.4559429345572175,0.36325112941773163,0.38955420175937927,0.3491507395940019,0.3228476672523541
ENAH,ENSG00000154380,chr1,225476834,225663142,693,0.4560350192875129,0.48869656578108683,0.3970931964857656,0.507097521083988,0.4310180766627504,0.38683490963152234,0.40716469088692586,0.2839571506454945,0.2636273693900909
SRP9,ENSG00000143742,chr1,225767812,225800468,171,0.3471156335009266,0.38032746959464603,0.35674747264191664,0.2798736246204072,0.2962740521035735,0.23185073212286764,0.22776320054386473,0.24671338512017285,0.2508009166991758
EPHX1,ENSG00000143819,chr1,225800123,225855563,406,0.42057702661266444,0.4227299887147156,0.37784088046401954,0.34910284026223176,0.3462185222861176,0.31030415456120986,0.27693333573759304,0.2391410102037655,0.27251182902738236
TMEM63A,ENSG00000196187,chr1,225835535,225892380,383,0.452099601137935,0.4130441320386817,0.41163188469449413,0.46313949044527564,0.41811125481106837,0.302032463126438,0.3066733061479129,0.23077318120262819,0.2261323381811533
LEFTY1,ENSG00000243709,chr1,225876281,225921382,94,0.21287807254834865,0.23140018424609765,0.25734961555857083,0.4045220322156105,0.30969861301085716,0.10251353270560135,0.20547437263159393,0.16067130786231532,0.057710467936322785
RP4-559A3.7,ENSG00000255835,chr1,225876695,225934278,94,0.21287807254834865,0.2861320094408725,0.276199116900665,0.38521363288851823,0.3104460194977437,0.12659519441550313,0.22591368375585338,0.21046202649288015,0.11114353715252992
PYCR2,ENSG00000143811,chr1,225909876,225934340,0,,,,,,,,,
LEFTY2,ENSG00000143768,chr1,225926597,225951383,57,0.47255073515151375,0.3795001067008111,0.3609174626694289,0.515282336751592,0.4281244094590809,0.3346053891960564,0.3212923655842854,0.14262445710083888,0.15593748071260993
SDE2,ENSG00000143751,chr1,225972701,226009343,186,0.5090978023445114,0.5003972210044724,0.48196828884513304,0.5516715759410112,0.4452916492328441,0.3738667396470309,0.45342918328219,0.3200751986581459,0.24051275502298664
H3-3A,ENSG00000163041,chr1,226051850,226082019,118,0.5789239950264672,0.5275656516427942,0.5896411850259926,0.6309609072752413,0.558911688616226,0.36203753532729105,0.4640995070876116,0.38781895165059255,0.28575697989027204
ACBD3,ENSG00000182827,chr1,226134678,226196741,264,0.4451116070887647,0.44122362835912193,0.3845394058095451,0.4179932732812034,0.3632112037318453,0.34280492903425885,0.3359809857876159,0.2392010075663028,0.2460249508129458
MIXL1,ENSG00000185155,chr1,226213617,226237060,98,0.47813449063542435,0.49150192953600647,0.49102501795558245,0.4481424550358007,0.43363302497496,0.32564140621345594,0.35112307484229044,0.35065245185168364,0.3251707832228492
LIN9,ENSG00000183814,chr1,226221148,226319869,330,0.48654631843994967,0.4419301958748477,0.39327441180006806,0.4390345039076388,0.3459175785159855,0.37509400683006816,0.3684225991686241,0.20817722059625404,0.2148486282576983
PARP1,ENSG00000143799,chr1,226350209,226418154,388,0.33782424641968284,0.3577321822571516,0.2943922766829803,0.3836288490957501,0.2569874133649936,0.25313917078514897,0.31480679287799973,0.18961072990151132,0.12794310780866056
STUM,ENSG00000203685,chr1,226538763,226619230,530,0.5124775995937387,0.5234091286151111,0.4599780097946145,0.5227380771934227,0.4826129022792491,0.4216852452593667,0.4109113781001475,0.31941162286118213,0.33018549002040126
ITPKB,ENSG00000143772,chr1,226621689,226749323,695,0.31397628964258467,0.3042001081638116,0.2743469500608691,0.34126077836665913,0.2676053289856928,0.20942649466840949,0.23434248527836624,0.15326667704834357,0.1283506864383868
PSEN2,ENSG00000143801,chr1,226860183,226937726,463,0.3159597194057204,0.37352847334952377,0.33023711130072436,0.35882364167917347,0.417954317123191,0.22327945030029975,0.1854481712318205,0.24437250366187682,0.282203782730356
RP5-1087E8.6,ENSG00000288674,chr1,226860183,226997545,754,0.3539689885398387,0.39237888207305205,0.3500736971060858,0.36864090650623865,0.4064008658971407,0.25210761043891405,0.2182665993313081,0.24609614212712527,0.2799371532347313
COQ8A,ENSG00000163050,chr1,226930285,226997544,333,0.34151175481512197,0.4535793034130924,0.466481422845753,0.40524551191846025,0.4772596892886023,0.19695665732293932,0.2376511004743186,0.40740943603266144,0.3667149928812822
CDC42BPA,ENSG00000143776,chr1,226979864,227328502,2406,0.3551988278215299,0.5848392744965434,0.6089131778413738,0.3269918914057954,0.5469996693712292,0.1895385605829809,0.24161251035173414,0.68955098277624,0.6374770330074868
ZNF678,ENSG00000181450,chr1,227553542,227687443,435,0.392596049322598,0.483771779339974,0.41108634672045297,0.4248077252743662,0.45733699750449325,0.3151459202025623,0.30149522658266803,0.3460604029777381,0.3597110965976324
SNAP47,ENSG00000143740,chr1,227718199,227791826,371,0.2561328846218978,0.3444773065308514,0.2617106667102089,0.25278246858499726,0.29734336747999407,0.20739787203318688,0.18041717381491335,0.21492448425422286,0.24190518247249637
JMJD4,ENSG00000081692,chr1,227720424,227745411,70,0.04989509799819485,0.23842682606410928,0.21222025693514696,0.05751075958924798,0.23808824831429778,0.04250757733755528,0.029837626860253263,0.22986144208624396,0.24253139256354597
PRSS38,ENSG00000185888,chr1,227805692,227856470,376,0.45661964006323813,0.4890871154079839,0.4598630474391476,0.45432719591257853,0.47480615766467343,0.33278467670042444,0.3166520326498965,0.3387715068618756,0.35490415091240357
WNT9A,ENSG00000143816,chr1,227908655,227957932,235,0.3365693084859697,0.32056636678117395,0.2056036206642399,0.39256215581662995,0.27681340352544087,0.2833269428818126,0.2804565697881667,0.1031687773029562,0.10603915039660214
WNT3A,ENSG00000154342,chr1,227996997,228071271,127,0.19115024242296297,0.4234101304641612,0.32853594864592517,0.2203550666201269,0.38964531658390916,0.18223567843431795,0.15291284861511056,0.36838838480788577,0.39771121462709313
ARF1,ENSG00000143761,chr1,228072659,228109212,194,0.42414219991480717,0.6368410687431761,0.6893205527945677,0.4258424583803084,0.5932437319465871,0.19790781113061662,0.3341125240184584,0.8150069022512265,0.6788021893633847
C1orf35,ENSG00000143793,chr1,228090725,228115411,128,0.5006905941021961,0.6916733520774758,0.6501149087315324,0.4322927210612526,0.6089058653764537,0.4104871736021728,0.40196893270427553,0.7661083391841508,0.774626580082048
MRPL55,ENSG00000162910,chr1,228096678,228119312,111,0.49981537336193294,0.6967461890508937,0.6704030449690016,0.4489663069079764,0.5946238184376055,0.388039220145343,0.4431023436538319,0.8051459440706382,0.7500828205621493
GUK1,ENSG00000143774,chr1,228129961,228158984,145,0.6696042282774561,0.7795642942947208,0.754903818681471,0.6049280232859878,0.8029878698116211,0.6067543384595581,0.40817327214476806,0.9053948722576306,1.1039759385724206
GJC2,ENSG00000198835,chr1,228139929,228169826,157,0.6446288989632414,0.8004487323448755,0.8210614783964116,0.587729611165686,0.804349721547174,0.4627818942756696,0.43316672457257877,1.1489022006629992,1.17851737036609
IBA57,ENSG00000181873,chr1,228155803,228192257,189,0.6054735487705818,0.7418127946127945,0.8052939203966577,0.5799604064076205,0.7801365912279004,0.32393765212005754,0.35336393096491614,1.0301327027865297,1.0007064239416708
OBSCN,ENSG00000154358,chr1,228198043,228388876,753,0.36388353297904874,0.6409714630290585,0.59224156351949,0.3747200697439794,0.55949667441088,0.2898233321374322,0.337035980267541,0.7345300713458486,0.6873174232157399
TRIM11,ENSG00000154370,chr1,228383672,228416835,195,0.2207874737567941,0.573723967788484,0.5367789324833373,0.27841014313844237,0.5480377725772911,0.16629437970622302,0.19240493805487935,0.6863737999060574,0.660263241557401
TRIM17,ENSG00000162931,chr1,228397934,228426861,144,0.32191107533500646,0.6362624150548878,0.552506601470473,0.47045472672056315,0.5729883369258968,0.297852970433869,0.39805762766496033,0.7134696213801193,0.613264964149028
H3-4,ENSG00000168148,chr1,228414844,228435360,90,0.6018338267920817,0.7229245975849073,0.7631299155508746,0.7015008164371229,0.7844988844613753,0.3820539920690963,0.4788322436501079,0.9014116068835519,0.8046333553025402
H2AW,ENSG00000181218,chr1,228446978,228467873,63,0.6054821713684302,0.7418673316347735,0.8386699153793911,0.630014526179872,0.7933666271655099,0.2300348783525651,0.38588197001944546,1.124246729403096,0.9683996377362154
H2BU1,ENSG00000196890,chr1,228448106,228470470,65,0.5561426510498224,0.7445446591903283,0.7001093084398683,0.5578923039045739,0.7047775628626693,0.48631124905071343,0.4804416318228365,0.8783964269170315,0.8842660441449085
RNF187,ENSG00000168159,chr1,228477381,228506188,152,0.5741381305754446,0.8098101964502764,0.70800716904529,0.5954497610558775,0.6886597120654111,0.6411734731675575,0.6989216489702414,1.0185592662374505,0.9608110904347666
RHOU,ENSG00000116574,chr1,228725478,228756664,156,0.3283362860393834,0.593242498445572,0.4903176611435546,0.304389162782366,0.5721480020751707,0.3117839837212008,0.20676253244889153,0.587754106665773,0.6927755579380823
RAB4A,ENSG00000168118,chr1,229261061,229315894,280,0.2300140397558511,0.194891294825895,0.14757484824397352,0.2885159012240708,0.18904923286872272,0.15924554937055663,0.17381612534526536,0.057532423826397006,0.04296184785168822
CCSAP,ENSG00000154429,chr1,229311010,229353294,224,0.2347630058786389,0.2406567961864184,0.1376176690584578,0.2513109154056036,0.18875200297779812,0.19740727723446275,0.1777757169393529,0.07789414761660698,0.09752570791171677
ACTA1,ENSG00000143632,chr1,229420364,229444104,141,0.32542464013574657,0.3949700928912042,0.2948961233237239,0.28816751119916956,0.3411548302998117,0.27336956364305764,0.21256166664772352,0.22910782529234117,0.28991572228767526
NUP133,ENSG00000069248,chr1,229430258,229518341,499,0.18775869344088902,0.44062917285194814,0.46917882557259316,0.2088491003877085,0.42527126446794455,0.07778518572365883,0.13067604737928512,0.5031574641042413,0.45026660244861494
ABCB10,ENSG00000135776,chr1,229506581,229568707,316,0.18178384020089852,0.5331415312539802,0.5412894517902462,0.14816862152575067,0.49096020836545,0.09151098676062636,0.12343336348572653,0.6702181452697092,0.6382957685446091
TAF5L,ENSG00000135801,chr1,229583120,229636047,300,0.29645612455942927,0.2813722848684429,0.23651102513966682,0.32225378914569563,0.2084714725335748,0.20609013956681496,0.24280243008852437,0.12432169724758052,0.08760940672587114
URB2,ENSG00000135763,chr1,229616246,229670200,339,0.30717501124853214,0.2334458069688228,0.2366624972358253,0.31785060357723116,0.21473116495050495,0.1813863627135569,0.20331365761524686,0.08446351852358483,0.06253622362189482
GALNT2,ENSG00000143641,chr1,230047989,230292122,1824,0.3891046411902809,0.48339645188683766,0.40698280505582435,0.4015871779766853,0.4361587118121768,0.3153886214625721,0.30048574225375185,0.34509090867939307,0.35999378788821346
PGBD5,ENSG00000177614,chr1,230304489,230436332,955,0.42657933437229895,0.5794237807576739,0.5210220629407225,0.48311370970918444,0.501898346635528,0.34308225000727943,0.41455541395043427,0.5230473073847703,0.45157414344161556
COG2,ENSG00000135775,chr1,230632480,230703982,473,0.46995097119924517,0.6380360847643868,0.560380374090673,0.5059341802224058,0.5518536030874224,0.41457555540709934,0.4593309824614836,0.6016351983873911,0.5568797713330069
AGT,ENSG00000135744,chr1,230680775,230755576,720,0.37333732392287333,0.5597976419165531,0.4741935402347683,0.3617422240541507,0.5153221614558442,0.32252277584952516,0.27263146679160644,0.4979979772089672,0.5478892862668859
CAPN9,ENSG00000135773,chr1,230737383,230812003,650,0.29486997586725794,0.2758234301266905,0.2363190866616342,0.26872959566039756,0.2417060974678496,0.2012439336580503,0.17950388923354052,0.12147610163203434,0.14321614605654415
C1orf198,ENSG00000119280,chr1,230827118,230879589,340,0.3286196801237302,0.5119403431694574,0.5392536891576962,0.2644033682955542,0.5123280860574547,0.17041472530755725,0.15313929575639973,0.546902907689491,0.5641783372406485
TTC13,ENSG00000143643,chr1,230896242,230988875,583,0.45216278512682656,0.41413194884906024,0.3513103916012571,0.47117303144277767,0.3495104016830615,0.3518184173747837,0.3708623521007397,0.18284226606901816,0.16379833134306226
ARV1,ENSG00000173409,chr1,230968980,231010733,258,0.3736316902499246,0.2874947398860883,0.2828081028594235,0.3486566404169878,0.2049123613403473,0.2371864378445204,0.26919169644877905,0.10178154640604606,0.06977628780178743
FAM89A,ENSG00000182118,chr1,231008957,231050254,248,0.2746061970497259,0.3930818856983995,0.34831676979631127,0.3263652222324341,0.41394645376404154,0.19610265803820212,0.1800422346302722,0.3032587412883593,0.3193191646962892
TRIM67,ENSG00000119283,chr1,231152057,231231565,537,0.28339092603405713,0.2853347704840517,0.2424975957563907,0.2459714906523665,0.24374068587224293,0.19571865019055182,0.16944760188612792,0.14022240620952933,0.1664934545139533
C1orf131,ENSG00000143633,chr1,231213762,231251187,211,0.29611950292822065,0.2721719829788617,0.23831524503781118,0.22173287763007815,0.21628827875447673,0.19830733423302702,0.16233096954550238,0.1193831648171517,0.15535952950467632
GNPAT,ENSG00000116906,chr1,231231206,231287973,246,0.4610872230117949,0.3810887986037431,0.3965098156764195,0.37457910769871317,0.15939955724953794,0.2964847566491678,0.387742535016143,0.18330871487236539,0.0920509365053902
EXOC8,ENSG00000116903,chr1,231322752,231347852,99,0.3670728955314765,0.5342811929397443,0.5356267702001719,0.48122949080447863,0.4980939458551401,0.22725329603792171,0.36556229889539243,0.5369199492743096,0.39861094641683903
SPRTN,ENSG00000010072,chr1,231327103,231365023,184,0.3710214420609137,0.5192966624041128,0.4599123853381428,0.4835186150293484,0.3969868718415852,0.29006958484291956,0.44370234080456444,0.4424353760641402,0.28880262010249524
EGLN1,ENSG00000135766,chr1,231353750,231432287,575,0.281663789335494,0.4783547018379617,0.2931177631887168,0.3963097347954025,0.2637581310289571,0.31734689632398283,0.4246324290574332,0.3334205311806785,0.22613499844722812
RP5-876B10.7,ENSG00000287856,chr1,231353796,231538603,1103,0.2739247811676717,0.41475597094301137,0.2715035108736521,0.3326042557838346,0.23753910283436014,0.26952778234166586,0.33444720508435155,0.2661985927016945,0.20127916995900874
TSNAX,ENSG00000116918,chr1,231518540,231576524,327,0.2848286051210367,0.3866982595751516,0.2978675372491071,0.30489206506532207,0.24576401110774268,0.23524904053437143,0.2852681973173342,0.25364918801641634,0.20363003123345358
TSNAX-DISC1,ENSG00000270106,chr1,231518652,231829244,1686,0.38364906907204227,0.418216051237217,0.3719959426493656,0.40874246960313193,0.3742132102947407,0.2801931275197933,0.2992070838312834,0.26146299470794454,0.24244903839645449
DISC1,ENSG00000162946,chr1,231616789,232051272,2597,0.3862506125085802,0.46257690234963783,0.39568721976659976,0.3884220004658714,0.3949967461068898,0.3027374170953341,0.3050804691421031,0.3182321862599269,0.31588913421315806
SIPA1L2,ENSG00000116991,chr1,232387964,232640571,1780,0.34827708449736633,0.44058236496413133,0.35592401928644846,0.3479631967526384,0.39829993201194863,0.2845280900213614,0.25025853099328577,0.2963308837776446,0.3306004428057202
MAP10,ENSG00000212916,chr1,232795415,232819929,175,0.25366806895819977,0.4061141263380068,0.38003758955178363,0.32358101789168947,0.41363860614723985,0.16777825441606373,0.18909587122069194,0.3532898555452893,0.3319722387406611
NTPCR,ENSG00000135778,chr1,232940604,232993882,391,0.24318797636240222,0.16055611318229612,0.16732961211247552,0.17996523161877492,0.12222196128163576,0.13526930592913,0.12153133223051804,0.03974633996330407,0.05348431366191597
PCNX2,ENSG00000135749,chr1,232973434,233305725,2282,0.3257778683841381,0.355424847062826,0.3793401821687936,0.30441258282135664,0.3240895645050637,0.17819368127263788,0.20523386953308498,0.26097017555391694,0.23392998729346984
MAP3K21,ENSG00000143674,chr1,233317723,233395148,573,0.3820051265682703,0.4210117660782538,0.3159892557794946,0.42095974432065925,0.34737470766068096,0.32398329320641384,0.3330521306480366,0.22248982978788653,0.21342099234626377
KCNK1,ENSG00000135750,chr1,233604105,233682514,543,0.39915983857022086,0.4674649290227368,0.4306414428543774,0.36416330726478185,0.41108138628250823,0.2881439832963887,0.27672638084587764,0.34196253928074233,0.3533801417312533
SLC35F3,ENSG00000183780,chr1,233894675,234334511,3243,0.32535386545820383,0.5169674050743354,0.44308760635681776,0.35193989814938265,0.46102327884241656,0.2679453900264895,0.2716800412484942,0.45972575326189274,0.455991102039888
COA6,ENSG00000168275,chr1,234363455,234395080,223,0.3810766449736646,0.45260013260013265,0.28623147665576437,0.39713116640591006,0.25033412975596314,0.37257649650457175,0.4102518377645452,0.22999922810728302,0.1923238868473096
TARBP1,ENSG00000059588,chr1,234381312,234489179,876,0.1966094811921492,0.3793511095229221,0.2806965398313818,0.2144712956625034,0.3100139607071874,0.18321607875399906,0.17365205769547917,0.2937736719466996,0.3033376930052195
IRF2BP2,ENSG00000168264,chr1,234594268,234620178,168,0.33048765047460055,0.2311752552103361,0.18620235894973322,0.3966727703345259,0.23700138575076962,0.2290271808087676,0.24884436586241104,0.03386505478438945,0.01404786973074601
TOMM20,ENSG00000173726,chr1,235099340,235138837,185,0.3790810142940549,0.24369455838671228,0.26136335142490386,0.31063557673033987,0.13374251924779312,0.22645773282001555,0.25386104997882947,0.052852228280024616,0.025448911121210727
RBM34,ENSG00000188739,chr1,235121182,235171283,249,0.3791480344747654,0.16106478842887567,0.27287525170372534,0.19682179677756587,0.14888723360702344,0.16681358992839473,0.11679490780304924,0.008808206580002642,0.058826888705348135
ARID4B,ENSG00000054267,chr1,235121633,235338219,1026,0.3915863864014238,0.20268515319640176,0.37256299992372205,0.23992556951365712,0.22675588007795888,0.12864698488777382,0.12184204106386212,0.09785865340772945,0.10466359723164112
GGPS1,ENSG00000152904,chr1,235317349,235354532,184,0.40465458282678846,0.26553397683893937,0.37687687210564635,0.2587355775067757,0.2862183256709077,0.17710695453097197,0.13541563655787184,0.13150458836728302,0.1731959063403832
TBCE,ENSG00000285053,chr1,235318569,235458952,799,0.4256060683844883,0.5726483762837803,0.5432042637904766,0.414896235962371,0.4755200159017406,0.31053450059581605,0.37038309459390406,0.5396136292817584,0.4797650352836705
TBCE,ENSG00000284770,chr1,235357359,235462443,612,0.4800000525084038,0.647909081470746,0.5622595255911161,0.49740803089590135,0.5046448542102363,0.43583167272271073,0.5146810853673458,0.6080341727364884,0.5291847600918533
B3GALNT2,ENSG00000162885,chr1,235437189,235514452,0,,,,,,,,,
GNG4,ENSG00000168243,chr1,235537684,235660754,844,0.36780255295047243,0.4170942225334645,0.32865664107733095,0.37160117472696713,0.340562329279395,0.29990433958089646,0.29397107159647046,0.2398253828076131,0.2457586507920391
LYST,ENSG00000143669,chr1,235651040,235893640,1264,0.4241155935412843,0.43188971602355064,0.44297915511572655,0.36873434040385883,0.37011124172677135,0.266067711285172,0.2816280796198806,0.29937200589243324,0.28381163755772454
NID1,ENSG00000116962,chr1,235965829,236075109,694,0.3419032649406356,0.3046818700120072,0.267892183642315,0.30314512191481224,0.22734060790880756,0.23498082804615414,0.23332346885810373,0.12840496911272128,0.13006232830077172
GPR137B,ENSG00000077585,chr1,236132504,236231865,705,0.3184124994163208,0.5136413725075741,0.45627249049668755,0.25873367635107763,0.47899916375611906,0.2474162966351281,0.18410034276418508,0.47339271392206217,0.5367086677930052
ERO1B,ENSG00000086619,chr1,236205100,236291958,710,0.286996543441449,0.45185361901116056,0.4144697030365166,0.3201246857854906,0.43081390483876714,0.20212228397686188,0.2117554631902076,0.3990906251343065,0.38945744592096077
EDARADD,ENSG00000186197,chr1,236338256,236512915,1272,0.36709500534514183,0.33969610849562765,0.3485667310615285,0.37538414397715025,0.3339748909446407,0.22195487466457228,0.23962282448143174,0.19310023359454165,0.17543228377768216
LGALS8,ENSG00000116977,chr1,236507999,236562981,566,0.30403371330355844,0.24757956234576148,0.21783668404972742,0.41831974216625223,0.2747410572655083,0.2006111804004868,0.2525339302610371,0.08384883824054498,0.03192608837999472
HEATR1,ENSG00000119285,chr1,236539004,236614516,743,0.2784490926940582,0.2389298219291075,0.19742612272803106,0.3943454179944137,0.2930127017537053,0.1897253417482706,0.21386629015295583,0.08330436539682876,0.0591634169921435
ACTN2,ENSG00000077522,chr1,236654140,236774631,906,0.4209991489840137,0.39450683446448565,0.45711689829288066,0.5041297739061065,0.4436419585514511,0.2186510352174474,0.30840489912306346,0.2830609681424053,0.19330710423678926
MTR,ENSG00000116984,chr1,236785259,236931278,1021,0.3316436681082097,0.5197453693535398,0.4275677781424855,0.4258941064585943,0.45558209012403467,0.28925585579218765,0.34017107050395157,0.44418297942960056,0.39326776471783664
MT1HL1,ENSG00000244020,chr1,236994102,237014441,155,0.5193233868740654,0.42541212729304645,0.38887372978266044,0.5278540356198587,0.4640991498817882,0.39710555783033663,0.34038160838821796,0.15699668045594173,0.2137206298980604
RYR2,ENSG00000198626,chr1,237032183,237843988,5642,0.4210165330409557,0.5447104679325313,0.486251180597096,0.4361215010034249,0.4906990439795522,0.3336411366549503,0.34251101911382775,0.453180591536788,0.44431070907791065
ZP4,ENSG00000116996,chr1,237867863,237900922,262,0.41715580098001953,0.4175992655601213,0.426993906212087,0.413373420569934,0.4300330665644319,0.261786481025769,0.2558932010798845,0.27881004001720305,0.28470331996308745
MTRNR2L11,ENSG00000270188,chr1,237933723,237955275,39,0.3444369538283183,0.2583163698784526,0.31860319849745544,0.3951165938917253,0.3163859927978324,0.1687414167944171,0.21059511016764518,0.13009108444305437,0.08823739106982631
CHRM3,ENSG00000133019,chr1,239376564,239925452,3536,0.442255562475282,0.47992128393926076,0.4325713711647067,0.47586772681944656,0.4401285165659703,0.33549460945091447,0.359869141573437,0.31828049237221434,0.29390596024969184
FMN2,ENSG00000155816,chr1,240004347,240485187,3835,0.31679410491194915,0.37514659183457655,0.32901265835692295,0.35568925455449574,0.31715281379468974,0.22609610224644403,0.2641640827168503,0.2441421014450482,0.20607412097464195
GREM2,ENSG00000180875,chr1,240479572,240622155,952,0.33541375915722416,0.37016386966054055,0.31190507486068214,0.32955255044476905,0.2865146730041875,0.2485288761071868,0.26225607562115844,0.21376672789628054,0.20003952838230893
RGS7,ENSG00000182901,chr1,240765513,241367230,4537,0.44104653614096484,0.42035635777743974,0.37584484826886594,0.4534139040674814,0.39395303428024997,0.3278372657544717,0.32430371134267616,0.21750450847545238,0.22103806288724787
FH,ENSG00000091483,chr1,241487510,241529799,239,0.44885418944083677,0.448531814540108,0.4181635239213292,0.43639563132478876,0.41847011977419757,0.3246805827241985,0.3132404766248557,0.2704905465177642,0.2819306526171069
KMO,ENSG00000117009,chr1,241522133,241605642,0,,,,,,,,,
OPN3,ENSG00000054277,chr1,241580101,241687376,640,0.4240279647207803,0.5440743235090459,0.502451506632712,0.43875568631918166,0.47713496706009056,0.31952969460106007,0.3572962664866097,0.46589577830244566,0.428129206416896
CHML,ENSG00000203668,chr1,241618850,241650369,217,0.44675091079042645,0.6203188817523058,0.588659589835659,0.44651725453600594,0.5934620628371489,0.3360181643246741,0.3299351069464192,0.6324053767370569,0.6384884341153118
WDR64,ENSG00000162843,chr1,241642277,241812777,1313,0.36937747278449307,0.5261123852742866,0.4597805114219774,0.3797004350567245,0.48831064464963236,0.29602656625215895,0.2771501337975037,0.4507585188822693,0.46963495133692457
EXO1,ENSG00000174371,chr1,241837966,241905148,570,0.42635737274585883,0.624967657043104,0.5597107379441582,0.43802595601830746,0.5698320185621468,0.35808416584941927,0.3567315660066364,0.622658842996386,0.6240114428391688
BECN2,ENSG00000196289,chr1,241947766,241969062,191,0.28194710678067214,0.4335931220471643,0.33320912432030925,0.30686015512350046,0.3713681119724623,0.24718791333302162,0.23537833496578417,0.3212546800650228,0.3330642584322602
MAP1LC3C,ENSG00000197769,chr1,241985489,242009098,163,0.4058267286111295,0.459521754919106,0.3945693780000735,0.4709246713674663,0.3295070211503758,0.3170349447867417,0.42609165179637315,0.2982659475452375,0.189209240535606
PLD5,ENSG00000180287,chr1,242072985,242534697,2584,0.4620711258706272,0.5521872439577157,0.49899143454132516,0.43780915225210176,0.4821854176998182,0.36613846982931775,0.3605779695816385,0.43724161936823785,0.44280211961591714
CEP170,ENSG00000143702,chr1,243114427,243265348,281,0.5087590793328237,0.5410837389796838,0.49719170342452895,0.4818969410339269,0.4989404980022592,0.4010809099230601,0.3727191029607331,0.3778066135065781,0.40616842046890506
SDCCAG8,ENSG00000054282,chr1,243246033,243510091,1256,0.4561988792681948,0.5641655927376465,0.5243107525120604,0.4811020827439147,0.5228813760518713,0.3483370570677021,0.37327544126355633,0.4821558505646208,0.45721746636876665
AKT3,ENSG00000117020,chr1,243478232,243861079,1576,0.4372885253728487,0.403026923407214,0.38856090424486084,0.5706080803938275,0.4806852489067294,0.29946579908953896,0.3530116766084002,0.21641746535146317,0.16287158783260203
ZBTB18,ENSG00000179456,chr1,244038938,244067476,109,0.5568235025864603,0.5639127651060424,0.48068296622079426,0.5412608051375186,0.3770474999294695,0.4942297113124116,0.5679507009847671,0.33568326430201845,0.26196227462966304
C1orf100,ENSG00000173728,chr1,244342634,244399663,418,0.3976399620228597,0.49977937432134933,0.44138656328436615,0.3753635806488527,0.4248949061597897,0.30865419887602286,0.3050445355448826,0.3840518276493732,0.3876614909805134
ADSS2,ENSG00000035687,chr1,244398493,244461909,285,0.40921376610982757,0.4197574548422467,0.3842580238683461,0.408445423022145,0.3834719519839335,0.29284141891249116,0.29282947537546034,0.25146766263614323,0.25147960617317405
CATSPERE,ENSG00000179397,chr1,244444376,244651177,1161,0.5226495267455141,0.46172649306680336,0.4553537984517429,0.5370494064036107,0.4073566934263452,0.3756369586631344,0.4331804215512801,0.24375151213787666,0.186208049249731
DESI2,ENSG00000121644,chr1,244643102,244719033,450,0.577078673376748,0.5486240692986095,0.5143008815902469,0.5755220714403724,0.49811206234094685,0.4669289495208693,0.4814857950245888,0.32852578794078585,0.3139689424370663
RP11-173A6.4,ENSG00000284188,chr1,244719897,244740962,156,0.41371437001425476,0.34062458368982546,0.32927245701983454,0.4407682966908344,0.30288203712314193,0.27550907261078345,0.3184264938785414,0.14095315833624067,0.09803573706848268
COX20,ENSG00000203667,chr1,244825615,244855057,158,0.21519453204876365,0.2477820574546622,0.14801087051458253,0.1918138662533282,0.16983500677085323,0.18343353609483326,0.1557806261627449,0.10129564371181538,0.12894855364390373
HNRNPU,ENSG00000153187,chr1,244830637,244874560,220,0.2015086377159429,0.21318525118582773,0.17240114182731273,0.18708751407412158,0.1597822169157816,0.1377834316719899,0.13640005538578043,0.10197901565551466,0.10336239194172413
EFCAB2,ENSG00000203666,chr1,244959704,245137164,1237,0.5181833390134194,0.8275730801663894,0.756239069018223,0.4323690497020164,0.7560897072966971,0.5382030345237665,0.4565554090458992,1.2195787508917904,1.3012263763696577
KIF26B,ENSG00000162849,chr1,245144984,245719432,4460,0.40849255190053696,0.4486844293803461,0.41877042036903045,0.41778459709005616,0.4106892898769227,0.28895972978425155,0.30378049448323824,0.3064881805408037,0.29166741584181705
SMYD3,ENSG00000185420,chr1,245739341,246517312,6277,0.41244375504583886,0.4640879543437685,0.38868750056908613,0.4463734610276453,0.43743281958408803,0.331710765946424,0.319902721024625,0.2920744593547335,0.3038825042765324
TFB2M,ENSG00000162851,chr1,246530560,246576261,436,0.4735339705613956,0.5080228070248755,0.4956513931837497,0.4365270532304421,0.44253605818258596,0.33320191022972756,0.3493007095743724,0.3761210090761788,0.36002220973153387
CNST,ENSG00000162852,chr1,246556443,246678595,764,0.5189088449822516,0.5980764108709087,0.4752007186813467,0.5165750898381193,0.5249883104783364,0.49922619489578157,0.44696835018725795,0.4122670903275228,0.46452493503604636
SCCPDH,ENSG00000143653,chr1,246714408,246778137,412,0.3851931528404489,0.3744410852608708,0.3910183307244682,0.3632035191005312,0.3568741396325328,0.22979489200332875,0.23950005068439364,0.23931487327525444,0.22960971459418952
AHCTF1,ENSG00000153207,chr1,246829097,246941948,543,0.3574858454836477,0.28951906471801536,0.20434927293607205,0.3349065434906546,0.1841109435867522,0.27779231108813085,0.2730819915905398,0.0640208535360205,0.06873117303361154
ZNF695,ENSG00000197472,chr1,246935546,247018093,526,0.36274718562847197,0.4750394466248495,0.4170802294589051,0.4112356604062031,0.40431409290652204,0.2776576289956068,0.32805984061996496,0.36677452664607424,0.31637231502171603
ZNF670-ZNF695,ENSG00000135747,chr1,246935546,247088811,1105,0.3427254803149485,0.44743386253325507,0.3926785313636689,0.3544638807754924,0.3796133971645098,0.25706931538621147,0.27672190973041577,0.336112831546025,0.3164602372018207
ZNF670,ENSG00000277462,chr1,247024636,247088811,529,0.3121717453210635,0.30961555718524986,0.2952510344027554,0.3039569084454242,0.26798908610059735,0.1974045791701772,0.21044526251347115,0.17310209387897013,0.16006141053567619
ZNF669,ENSG00000188295,chr1,247089961,247114372,197,0.30330678659545895,0.30318277153558054,0.25496685728015817,0.31688489186770985,0.26068908260689083,0.21415783598027233,0.22014365488900695,0.14707429264807945,0.14108847373934488
ZNF124,ENSG00000196418,chr1,247111974,247182020,466,0.3959623520144774,0.43835043258940687,0.4201489039355114,0.3363782067747425,0.4073451693343012,0.26800599083426924,0.23188846343725283,0.308871178272296,0.3449887056693125
ZNF496,ENSG00000162714,chr1,247287411,247341867,199,0.3504581918854989,0.39221532886438865,0.3496656105694938,0.369704390429884,0.34041188076653106,0.24957704560854105,0.2716806333157906,0.24835757345307954,0.22625398574582992
NLRP3,ENSG00000162711,chr1,247406155,247459108,424,0.5099330389765943,0.7175797051802792,0.6970039271741,0.5132455739683335,0.6618419264409615,0.3917683589865292,0.4500563163031641,0.8725905514497966,0.8143025941331614
OR2B11,ENSG00000177535,chr1,247439117,247468105,350,0.4606883682944539,0.5493365255763896,0.5537113592463129,0.4551708022619646,0.5250897364098669,0.30385337172830384,0.3298439574918993,0.4931810227236833,0.46719043696008794
GCSAML,ENSG00000169224,chr1,247497057,247587690,606,0.517838093901062,0.5774708418768288,0.48666575600539924,0.5046938034512014,0.5328234590763936,0.4620720197967897,0.4015139446159968,0.39942480146014686,0.4599828766409398
OR2C3,ENSG00000196242,chr1,247514676,247546440,237,0.5192887256537466,0.5745283566722773,0.5628811487305879,0.515130106367239,0.5860664511571151,0.3797476383557659,0.34819091643511746,0.47480933801178765,0.5063660599324362
OR2G2,ENSG00000177489,chr1,247578359,247599313,157,0.3205852266781702,0.36392233577298855,0.2949589502240726,0.34931538507798593,0.2601439926923527,0.24472941856632785,0.29043256487211233,0.20770519096645812,0.16200204466067364
OR2G3,ENSG00000177476,chr1,247595585,247616515,180,0.22060894123407568,0.21986969544069954,0.16000606689157892,0.3128502323864077,0.21767529192578222,0.16158803227567947,0.18900596369508385,0.0867062838479999,0.05928835242859554
OR14L1P,ENSG00000198452,chr1,247607142,247632372,236,0.42239728988474784,0.5842226090154529,0.3750856168224537,0.40880410839995796,0.44663373582767785,0.478166826807317,0.405738981947506,0.39943845296580593,0.47186629782561706
OR13G1,ENSG00000197437,chr1,247660811,247689739,102,0.3059065473288368,0.37750895576615523,0.29681228899867446,0.2853199250576502,0.35533377780213227,0.24352164922310693,0.18546187024150476,0.23050438829659825,0.28856416727820045
OR6F1,ENSG00000169214,chr1,247701435,247726646,0,,,,,,,,,
RP11-634B7.5,ENSG00000239395,chr1,247701812,247733764,0,,,,,,,,,
OR14A2,ENSG00000241128,chr1,247712956,247734043,0,,,,,,,,,
OR14K1,ENSG00000153230,chr1,247728614,247749559,0,,,,,,,,,
OR1C1,ENSG00000221888,chr1,247744845,247770556,0,,,,,,,,,
OR14A16,ENSG00000196772,chr1,247804659,247834119,294,0.551432603508525,0.8110594633662684,0.9008996495399763,0.47445296263475895,0.7162671369708375,0.07819848553803621,0.5249582053636083,1.5881244488735717,1.1413647290479993
OR11L1,ENSG00000197591,chr1,247830927,247851896,182,0.5720752493686023,0.7251978320615375,0.7070953684755114,0.5377354429667535,0.6808479423617774,0.4563017660143388,0.4606170634903678,0.8354020635005686,0.8310867660245398
TRIM58,ENSG00000162722,chr1,247847186,247890138,243,0.4544188110996683,0.4765578131642863,0.41679127153770384,0.4037109969751721,0.47189823237157075,0.3570111047913113,0.2629461217635694,0.2903175858226296,0.3843825688503716
OR2W3,ENSG00000238243,chr1,247885586,247906531,0,,,,,,,,,
OR2T8,ENSG00000177462,chr1,247910251,247933152,0,,,,,,,,,
OR2AJ1,ENSG00000177275,chr1,247914888,247945339,0,,,,,,,,,
OR2L8,ENSG00000279263,chr1,247938857,247959796,0,,,,,,,,,
OR2AK2,ENSG00000187080,chr1,247955232,247976386,0,,,,,,,,,
OR2L5,ENSG00000197454,chr1,248003659,248034276,0,,,,,,,,,
OR2L2,ENSG00000203663,chr1,248020069,248052305,0,,,,,,,,,
OR2L3,ENSG00000198128,chr1,248036835,248073407,43,0.6720760752664907,0.7149001109877914,0.7803382139185308,0.6303253786683221,0.6469781232554955,0.4271115275544112,0.6044112421099622,0.8278041448034277,0.6505044302478769
OR2L13,ENSG00000196071,chr1,248085183,248111103,197,0.40602621625238594,0.4459170997792363,0.5186139891243408,0.39262004169951453,0.5859705254314419,0.19013762321613425,0.1036117868796082,0.4003033408259154,0.4868291771624415
OR2M5,ENSG00000162727,chr1,248135147,248156086,168,0.28872190635526657,0.29023668261563007,0.368189079389472,0.23835647293834733,0.34473199881847727,0.11217520491032187,0.09619470020299226,0.23064851540851097,0.24662902011584065
OR2M2,ENSG00000198601,chr1,248164820,248191067,173,0.4115337111393572,0.44476303274082085,0.2835034540435324,0.34644287374738236,0.31766001043615494,0.3926070364829199,0.31572919764350926,0.19575325184313958,0.27263109068255015
OR2M3,ENSG00000228198,chr1,248187264,248222925,350,0.49721714809039386,0.547166589886273,0.4393761277988906,0.43502788037260076,0.37956241417235975,0.4505614097075888,0.4429397988878221,0.3416695595207447,0.3492911703405114
OR2M4,ENSG00000171180,chr1,248221416,248254679,241,0.7257667933429286,0.7627848461980928,0.6905896815124966,0.5751204613599245,0.7027210021568874,0.7797385758580191,0.5408265609986334,0.6590491518611356,0.8979611667205214
OR2T33,ENSG00000177212,chr1,248259916,248287976,97,0.6824504471111839,0.6574689748272134,0.5260801723233615,0.5424036163802306,0.43596809941957576,0.7358986650786834,0.6402581575210454,0.33549437585760467,0.4311348834152427
OR2T12,ENSG00000177201,chr1,248280138,248313424,192,0.7209610130983268,0.657749562535565,0.4149525168203728,0.5492519151216871,0.41532524616407374,0.9062770191607892,0.6661798197770803,0.16593551745218948,0.4060327168358983
OR2M7,ENSG00000177186,chr1,248313629,248334568,119,0.6298523707591228,0.550612553898818,0.3737790391582283,0.4548931362109141,0.2686444166661658,0.6628356059114828,0.54689388710987,0.1370342485089372,0.25297596731055
OR14C36,ENSG00000177174,chr1,248338774,248359713,200,0.37509877233337885,0.42182166759620754,0.25585998217400874,0.30605412419356537,0.3130023305618544,0.3612542679704839,0.26890492772657576,0.1866186563553948,0.27896799659930294
OR2T4,ENSG00000196944,chr1,248351664,248372627,217,0.2914205566581668,0.36322112833899417,0.2522558233215558,0.25029778911859224,0.2753214438742108,0.25256577592335616,0.20869246703815736,0.19876704800334008,0.24264035688853888
OR2T6,ENSG00000198104,chr1,248365745,248401811,355,0.3726647354682089,0.4267511119417204,0.31024965442211644,0.3610436397782872,0.3359387769460997,0.3256419505901302,0.2974867436994475,0.2307933463710429,0.25894855326172567
OR2T1,ENSG00000175143,chr1,248393047,248418020,220,0.30304121646163173,0.3166747545295812,0.18243189175525515,0.2998726439660627,0.23734392442369331,0.27019613435136997,0.233164626307291,0.11058819713341575,0.1476197051774947
OR2T2,ENSG00000196240,chr1,248435511,248465725,15,0.13912967316416075,0.0904062870117718,0.0222358585011612,0.12821469706110739,0.0,0.11104091989454559,0.11598467301320953,0.0,0.0
OR2T3,ENSG00000196539,chr1,248463350,248484307,13,0.19536153164695294,0.2480916652125865,0.0,0.2299022260863265,0.0,0.2512515338851035,0.27318932538926655,0.03388932380652432,0.01195153230236129
OR2T5,ENSG00000203661,chr1,248478588,248501113,1,0.1447017581133479,0.18129402129402133,0.0,0.208091987064319,0.0,0.17816765494665637,0.21667014957022587,0.021862604997467436,0.0
OR2G6,ENSG00000188558,chr1,248498072,248537337,8,0.09744610281923714,0.05463751438434983,0.0,0.06873201443586839,0.0,0.07935685653286628,0.06369751924638199,0.0,0.0
OR2T29,ENSG00000182783,chr1,248546911,248572772,1,0.1066666666666667,0.1066666666666667,,0.1066666666666667,,,,,
OR2T34,ENSG00000183310,chr1,248563800,248584757,0,,,,,,,,,
OR2T10,ENSG00000184022,chr1,248580486,248607700,0,,,,,,,,,
OR2T11,ENSG00000279301,chr1,248613556,248645091,0,,,,,,,,,
OR2T35,ENSG00000177151,chr1,248626355,248655278,0,,,,,,,,,
OR2T27,ENSG00000187701,chr1,248639837,248665528,0,,,,,,,,,
RP11-438F14.11,ENSG00000286015,chr1,248671248,248758349,233,0.18473821007664293,0.3667192750383919,0.3135710129953693,0.18857996412162545,0.3418282630611398,0.14241748663513223,0.12376076200693661,0.3144239851608339,0.3330807097890295
OR14I1,ENSG00000189181,chr1,248671321,248692328,0,,,,,,,,,
LYPD8,ENSG00000259823,chr1,248729414,248765759,132,0.18278034801429147,0.27193329200549415,0.5025054744280399,0.1781668104159754,0.42110130904951637,0.0,0.0,0.4068429805328332,0.33388627769701706
SH3BP5L,ENSG00000175137,chr1,248800445,248835915,223,0.22156251694632034,0.35637436090309554,0.30745690003135884,0.2775845310837614,0.38433828461184844,0.16185990915571366,0.14036763095341892,0.27877811849591194,0.30027039669820665
ZNF672,ENSG00000171161,chr1,248828209,248859517,182,0.3535550339427367,0.38138115512978304,0.29325440522536594,0.4167674230655282,0.3357763881543801,0.28472432516015106,0.30514938749510817,0.19554163029397148,0.1751165679590143
ZNF692,ENSG00000171163,chr1,248840005,248869144,164,0.32994142893895656,0.42582127376444473,0.3295176944678767,0.3436560604366499,0.3537453038786919,0.27772337286771787,0.26966165211933163,0.27709118851199843,0.28515290926038467
PGBD2,ENSG00000185220,chr1,248896195,248929946,153,0.47262484115446335,0.5453809411948946,0.5185423353647522,0.5192033440261838,0.602930904792607,0.34860078795784183,0.29848066246083554,0.4396946561443417,0.4898147816413481
