gene_name,gene_id,chrom,start,end,n_snps,fst_afr_sas,fst_afr_mel,fst_mel_sas,fst_afr_eur,fst_eur_mel,pbs1_african,pbs2_african,pbs3_melanesian,pbs4_melanesian
FAM20C,ENSG00000177706,chr7,182570,270772,303,0.45163972277146747,0.5636203042209919,0.46982143688364186,0.4388920068229736,0.5057378744882712,0.3977619514762105,0.3511975797179161,0.4314806012586285,0.47804497301692295
FOXL3,ENSG00000248767,chr7,280169,304422,0,,,,,,,,,
PDGFA,ENSG00000197461,chr7,487257,530296,262,0.3368150720178061,0.3792140067737237,0.27641145206792606,0.3162340104639046,0.3102080203514734,0.28196896117202486,0.24277160383391763,0.19479991165331287,0.23399726899142007
PRKAR1B,ENSG00000188191,chr7,539196,737650,127,0.37099386687047564,0.5053083358035056,0.5261623975254943,0.24143834518708082,0.35198011978770527,0.2102721280153998,0.2731589528305793,0.49354848309437716,0.43066165827919767
DNAAF5,ENSG00000164818,chr7,716698,796475,0,,,,,,,,,
SUN1,ENSG00000164828,chr7,806614,906435,393,0.47645094890546913,0.7599091929124531,0.6479521681834086,0.41593801041146017,0.5967155642804217,0.5149371961292737,0.5281865247029532,0.911800868207272,0.8985515396335921
GET4,ENSG00000239857,chr7,866553,906436,170,0.4322224661392731,0.7073839004735156,0.6514193203605747,0.4178562311292667,0.5981928124785265,0.37051690108581703,0.4290743336775252,0.8583768685188262,0.7998194359271179
ADAP1,ENSG00000105963,chr7,887899,965407,483,0.3661111778323683,0.52651293155836,0.4644790751079852,0.3992996874206247,0.4320046909248541,0.28949853107815593,0.34582383755413615,0.4581321462281067,0.40180683975212633
COX19,ENSG00000240230,chr7,888777,985549,673,0.3422090675231057,0.4964369029196551,0.45885445702391436,0.3580422942402381,0.4027920374318906,0.2454236885962079,0.3068946169182053,0.4406225691367292,0.3791516408147318
CYP2W1,ENSG00000073067,chr7,973180,999640,286,0.28887009163502936,0.2645005819127815,0.14848989065625187,0.33349225124017506,0.15082188261768464,0.24368088862347875,0.27471136275582675,0.06352464149733153,0.032494167364983534
C7orf50,ENSG00000146540,chr7,986985,1148260,1402,0.2725857679883431,0.26190764839655234,0.15438081523546113,0.26920690839627076,0.1604412821593379,0.227129674317762,0.2212161855852564,0.07655665021891986,0.08247013895142538
GPR146,ENSG00000164849,chr7,1034545,1069261,346,0.25900527620892033,0.3825050225226515,0.15360069705743523,0.28085978387938537,0.1728851423805553,0.30754103841014924,0.31098578001256627,0.17454330574285526,0.17109856414043825
GPER1,ENSG00000164850,chr7,1072207,1103815,305,0.31430520181744115,0.1567080012360965,0.16017245171663771,0.29086878109880193,0.16464904486894713,0.18660297171570578,0.16712667855738525,0.0,0.003315321895922374
ZFAND2A,ENSG00000178381,chr7,1142070,1170759,320,0.34287654605928725,0.1710418742239525,0.3514379091634276,0.3137768943468684,0.19931388176952572,0.08723573748311858,0.17092592149397745,0.10034989936922162,0.016659715358362692
UNCX,ENSG00000164853,chr7,1222871,1247326,132,0.5815409924053958,0.40120841212020963,0.49730612759825954,0.5716065540631321,0.467043971854681,0.3481220608700309,0.3656192786413159,0.16471961396225426,0.14722239619096933
MICALL2,ENSG00000164877,chr7,1418464,1469470,441,0.3304581423896079,0.3280167846791508,0.27945908436388317,0.3419141979067014,0.2750026055438253,0.23546521687807218,0.24717732791221328,0.16205669909396817,0.150344588059827
INTS1,ENSG00000164880,chr7,1460276,1514389,533,0.487784588840295,0.337471321325681,0.2661218359507199,0.4127040814098824,0.2014545668609746,0.38564459890795627,0.3594772422899657,0.026046834585716605,0.05221419120370718
MAFK,ENSG00000198517,chr7,1520701,1553043,280,0.36840709266033167,0.25065683231321334,0.2738069351529134,0.38805905606798874,0.229150971277795,0.21406454447581436,0.25970749683463357,0.07449368810980062,0.028850735750981404
TMEM184A,ENSG00000164855,chr7,1532234,1570821,327,0.44824554565778596,0.35368393924297425,0.29736554326046427,0.47688658023876773,0.2960952161170663,0.33910014943805367,0.3666557146062559,0.09736648727140929,0.06981092210320705
PSMG3,ENSG00000157778,chr7,1557331,1581005,153,0.49508741573541865,0.5757111739352088,0.5162730024029547,0.4658430918894053,0.5042505455597136,0.4072381206545244,0.3913609489109423,0.45010274145363494,0.46597991319721704
ELFN1,ENSG00000225968,chr7,1678118,1757954,546,0.2954718407353661,0.3253485743625081,0.29984385977892997,0.30811178106502224,0.3074680919966327,0.1936670972387949,0.19724451612834193,0.1998920307175269,0.1963146118279799
MAD1L1,ENSG00000002822,chr7,1805792,2243243,3649,0.4215767947557822,0.47145201017847177,0.4372409656238646,0.4310298106496098,0.4361665026906753,0.3050837089243113,0.3142763114456703,0.33253796504492145,0.3233453625235626
RP11-383A19.1,ENSG00000286192,chr7,1805803,2252215,3742,0.42173794057639813,0.47882135059856556,0.43765808635785175,0.4311693630543545,0.44069035180508553,0.3118726475586293,0.31739145579085126,0.3397897513222492,0.3342709430900273
MRM2,ENSG00000122687,chr7,2224194,2252205,211,0.3822024539669593,0.530995662656229,0.44023879869647065,0.39960751931537014,0.41792784110489334,0.32924636034002563,0.3630770555374584,0.4278969021708532,0.3940662069734203
NUDT1,ENSG00000106268,chr7,2232225,2261146,199,0.3972496769873712,0.5913308473704515,0.5447376276195081,0.4314447474678133,0.5612607872583444,0.3071101052288478,0.31782802885093697,0.5877392628371818,0.5770213392150927
SNX8,ENSG00000106266,chr7,2241769,2364318,787,0.4200582465113584,0.5604951579350275,0.4775896594756839,0.43033433460094234,0.4652976212238522,0.3588161216294087,0.37938359932334054,0.46329042307550655,0.4427229453815747
EIF3B,ENSG00000106263,chr7,2344085,2390745,389,0.4020071216680327,0.3415398751337757,0.28111811642580686,0.4062120079884451,0.3224359562085298,0.30098476742956504,0.27491652607282524,0.11686654669593888,0.14293478805267873
CHST12,ENSG00000136213,chr7,2393587,2458484,410,0.3938059406477659,0.43145105749956825,0.3978811104273422,0.3720198615029495,0.366981071644284,0.2789613154703981,0.286329831924426,0.2857065634367009,0.27833804698267306
GRIFIN,ENSG00000275572,chr7,2464843,2486894,164,0.48409527703315103,0.5749298062704854,0.5142212698654128,0.3900367255535428,0.49790972999502153,0.3976660456980588,0.33044106835122283,0.45783491628085116,0.5250598936276871
LFNG,ENSG00000106003,chr7,2502528,2539177,246,0.32075583842481,0.3042368561422181,0.2890951057956679,0.33734655027031063,0.29463203124563475,0.20415199583781052,0.21260672099290598,0.15859399127784657,0.15013926612275105
BRAT1,ENSG00000106009,chr7,2527809,2565694,254,0.29864057912665926,0.2936906067126754,0.18577564372333544,0.23743887872713734,0.1629289116076321,0.24845868589712108,0.22046411915168235,0.09924321747027656,0.12723778421571533
IQCE,ENSG00000106012,chr7,2548971,2624733,797,0.3710582558754383,0.5418472476222888,0.4518430967094167,0.34554821783031203,0.4403223672255585,0.3215377800403411,0.3120578404118376,0.45901484995784936,0.4684947895863529
TTYH3,ENSG00000136295,chr7,2621985,2674802,437,0.3678730753720211,0.4409975621636013,0.31827923063964914,0.3931171399275434,0.2766187083692705,0.3285656927964923,0.37860105577720315,0.2530357519731522,0.2030003889924413
AMZ1,ENSG00000174945,chr7,2669521,2785500,1143,0.38602673646102487,0.44924429424637896,0.37390352774432667,0.37882426923134566,0.3761361692029824,0.30800850958499193,0.30039101792831213,0.2884554237980962,0.296072915454776
GNA12,ENSG00000146535,chr7,2718104,2854308,1227,0.33849539308225923,0.4329844641861864,0.36087145405646914,0.3538353849408771,0.35557999081311775,0.2664786146155866,0.28233249195596744,0.3008899609898096,0.2850360836494289
CARD11,ENSG00000198286,chr7,2896141,3053867,1380,0.328998308054583,0.446360920484503,0.4146010997670671,0.30667141400954356,0.41445840563897696,0.22738206132997968,0.2111377349764303,0.3638602242298049,0.38010455058335424
SDK1,ENSG00000146555,chr7,3291251,4279000,10091,0.3569076679129055,0.4975631651739357,0.44427348843575887,0.3406185894398085,0.42285793030941565,0.27113666331922026,0.2775358337482033,0.4171486854695021,0.41074951504051904
FOXK1,ENSG00000164916,chr7,4672294,4781442,892,0.32512454552279335,0.5308410969249346,0.5104759779686735,0.31452741952459745,0.49658730432336806,0.21785956441344811,0.22405777936930477,0.5389541909796208,0.5327559760237641
AP5Z1,ENSG00000242802,chr7,4765614,4804397,458,0.2574464404480187,0.1973646250860496,0.15305922971560953,0.2657012080907769,0.2199070001722219,0.17569525397604552,0.1401759353097416,0.044159492747170515,0.07967881141347441
RADIL,ENSG00000157927,chr7,4787054,4893716,991,0.2534123352196887,0.413190326179336,0.33504444477722,0.2675089081562412,0.4632837939100534,0.2086309534072404,0.11103652107580048,0.3244237937216716,0.42201822605311157
PAPOLB,ENSG00000218823,chr7,4847737,4872030,240,0.2539908867564551,0.43696506384525363,0.3458416128706352,0.24769957361429581,0.2621643834101858,0.22151264361219045,0.2774994549531563,0.3529009555946703,0.29691414425370444
MMD2,ENSG00000136297,chr7,4895988,4969213,528,0.4473731597729989,0.5132467203609545,0.3989607874890608,0.41596167579291154,0.3507278263506854,0.4019875463280785,0.41294164763892127,0.31801035059384664,0.3070562492830039
RBAK-RBAKDN,ENSG00000272968,chr7,4973717,5083221,758,0.34208003525494496,0.37300567141451674,0.2850998461974644,0.2826154422245907,0.2469750684052109,0.27493869090920836,0.2576520405227566,0.1918790927991256,0.20916574318557732
RBAK,ENSG00000146587,chr7,5035820,5079487,283,0.2424855803308466,0.2592222935890005,0.22973827919435005,0.18957391519791947,0.23056134862704214,0.1583712356086975,0.12407788742465545,0.1416834544319372,0.17597680261597926
WIPI2,ENSG00000157954,chr7,5180195,5243840,528,0.4250933447927963,0.5095915496812939,0.46313493598539635,0.49270450035347607,0.4918841142729476,0.32202787983550435,0.357066266376861,0.3904887831912275,0.3554503966498707
SLC29A4,ENSG00000164638,chr7,5264368,5316912,0,,,,,,,,,
TNRC18,ENSG00000182095,chr7,5296789,5435414,494,0.4590397271597306,0.36429561379925063,0.3246553585510814,0.39880029808400913,0.3380018519174909,0.3374494612198058,0.2746786108389513,0.11557216404709181,0.1783430144279462
FBXL18,ENSG00000155034,chr7,5421334,5523809,811,0.5014559664842193,0.4702934532406054,0.4222658493110244,0.5513625514716207,0.46794752882943436,0.3914270047834598,0.4029795641842599,0.2440051063524853,0.23245254695168527
ACTB,ENSG00000075624,chr7,5516408,5573902,390,0.2898254088598112,0.3751070918610185,0.2561193325172967,0.2942184894667468,0.27823180053188873,0.25827238844236855,0.2462866552251358,0.211902602462567,0.2238883356797997
FSCN1,ENSG00000075618,chr7,5582815,5616655,261,0.3269136635597284,0.3587205459004158,0.3005405165885563,0.27991932870345193,0.2868835274005741,0.24136210704321007,0.21728573239223764,0.20292784418976467,0.22700421884073702
RNF216,ENSG00000011275,chr7,5610046,5791696,1072,0.48179839117655227,0.45400252784816886,0.47793638551545076,0.5379033064107043,0.5017838153789814,0.30628300376567935,0.34020042941650386,0.29885792924082105,0.2649405035899966
OCM,ENSG00000122543,chr7,5869826,5896363,73,0.4954110863569271,0.5456441539578796,0.5222366026688962,0.38161017008026743,0.5195500877952132,0.36712307300008956,0.26823925837204693,0.4217515130980686,0.5206353277261111
CCZ1,ENSG00000122674,chr7,5888724,5936550,44,0.41835746834804755,0.5475146141276671,0.3736207041539674,0.4513495666228618,0.27021852650806605,0.43354992602733866,0.5391417226958092,0.35944988675109196,0.2538580900826214
RSPH10B,ENSG00000155026,chr7,5915549,5980683,0,,,,,,,,,
PMS2,ENSG00000122512,chr7,5960924,6019106,0,,,,,,,,,
AIMP2,ENSG00000106305,chr7,5999254,6033834,0,,,,,,,,,
EIF2AK1,ENSG00000086232,chr7,6012246,6069175,0,,,,,,,,,
ANKRD61,ENSG00000157999,chr7,6021375,6046552,0,,,,,,,,,
USP42,ENSG00000106346,chr7,6094883,6171564,250,0.28138895428792754,0.43949464323380716,0.3692557965930418,0.2584663522633741,0.3275381427224288,0.2242483155782455,0.2405706664894628,0.3546681638165737,0.33834581290535637
CYTH3,ENSG00000008256,chr7,6151775,6282644,846,0.29825883070363673,0.39622049760539124,0.32076041563003277,0.2853428066555648,0.3669037888601847,0.23597774640062616,0.1916828175113014,0.2685684635587264,0.31286339244805117
FAM220A,ENSG00000178397,chr7,6319410,6358981,241,0.30377570447082525,0.563234336506947,0.46052263490579126,0.2730461171415889,0.5274362828438525,0.2866437116144166,0.19883400758157288,0.5417147552460927,0.6295244592789364
AC009412.8,ENSG00000286075,chr7,6321214,6358758,225,0.32261581507265735,0.587025012025012,0.4413383708499947,0.3364965052282745,0.5266249964200147,0.3458368157865849,0.27336101125426077,0.5385314338723626,0.6110072384046867
RAC1,ENSG00000136238,chr7,6364526,6413967,273,0.33301564549060564,0.4836915211805195,0.3812484107654018,0.31564234993575296,0.431336433573649,0.29299407908260483,0.23792959568858701,0.3680567858759072,0.423121269269925
DAGLB,ENSG00000164535,chr7,6399125,6494190,605,0.4083281940870829,0.4510134586527673,0.3452736888094999,0.47649896007492404,0.3467257055809806,0.3504732780862173,0.41056971480870447,0.2492080745370967,0.18911163781460955
KDELR2,ENSG00000136240,chr7,6435952,6494190,402,0.40032401062873973,0.35030494524096956,0.31340467088394025,0.5118632977790083,0.3508714761102735,0.2833038795714972,0.35814370470014034,0.14794829312918795,0.07310846800054493
GRID2IP,ENSG00000215045,chr7,6487461,6561436,418,0.3638169167966568,0.42812649272587044,0.3266372238841861,0.505186211923895,0.3902619420703626,0.30781764613811236,0.3838426994057598,0.25101980704867577,0.17499475378102836
ZDHHC4,ENSG00000136247,chr7,6567433,6599374,212,0.3556560737254086,0.40862380306061996,0.32810064453445426,0.3969432163749157,0.29150512183339655,0.2835894255655014,0.3432171950974325,0.2417134954734931,0.18208572594156192
C7orf26,ENSG00000146576,chr7,6580020,6618726,277,0.36138605494440923,0.44146655267792884,0.4223549240987392,0.3987761370889835,0.3836215184156752,0.24105014103029726,0.30366730913934803,0.3413906334612627,0.2787734653522118
ZNF853,ENSG00000236609,chr7,6605609,6634290,165,0.4064712756395253,0.5341692871497813,0.5355818381824011,0.2849870039100786,0.4917880853076311,0.25931636703471056,0.21126539231225672,0.5046166209683611,0.552667595690815
ZNF316,ENSG00000205903,chr7,6627317,6668279,268,0.5066246047221568,0.563464494991615,0.49470594666330275,0.31620822056504216,0.4656439208606947,0.426377887640039,0.2911472715713778,0.40250767914498264,0.5377382952136438
ZNF12,ENSG00000164631,chr7,6678432,6716947,115,0.1927009378702567,0.2577048898071625,0.2782003023082197,0.1447146230098993,0.24418419071757302,0.09303094048669708,0.08718545636458463,0.2049774517668843,0.21082293588899678
RSPH10B2,ENSG00000169402,chr7,6744108,6809365,0,,,,,,,,,
CCZ1B,ENSG00000146574,chr7,6784133,6836770,25,0.2156188642524139,0.1735344891457361,0.11680075097649,0.09565984466722774,0.11380613478102401,0.1546264361105767,0.08516363013868,0.035970655635112536,0.10543346160700924
C1GALT1,ENSG00000106392,chr7,7146933,7258616,985,0.2649522260025326,0.3015820505712022,0.28615341391597937,0.25826130921121343,0.28596091860987927,0.16483507604442127,0.1604391291451056,0.19410249795678977,0.19849844485610546
COL28A1,ENSG00000215018,chr7,7346202,7545873,1670,0.46013831447866466,0.546602115575374,0.5060351685769408,0.47106468667071616,0.5196594105198067,0.3510682806601226,0.34730723865140456,0.4399169262836754,0.44367796829239337
MIOS,ENSG00000164654,chr7,7556874,7618932,524,0.6564992590050477,0.6210230867115071,0.6224817556513075,0.6434853178419447,0.5883213256071917,0.5323548093161594,0.557073847957453,0.43792518124502067,0.4132061426037271
RPA3,ENSG00000106399,chr7,7626517,7728607,810,0.45227305849476723,0.33996152421124626,0.3298874173796066,0.4225845734078567,0.2818785935444761,0.30856300010117943,0.3167669046621636,0.10689414891004323,0.09869024434905899
UMAD1,ENSG00000219545,chr7,7630710,7978020,3081,0.3733910559431258,0.39668563180025007,0.354029372451268,0.36415407758955914,0.32627063657148386,0.26787412999983296,0.28159454825628694,0.23744274780766483,0.22372232955121085
GLCCI1,ENSG00000106415,chr7,7958795,8104272,1166,0.34052310673439173,0.2958769086131902,0.1985830971273165,0.36404914608429273,0.24036153325200815,0.27286822362550145,0.2642617121010431,0.07793386876242445,0.08654038028688271
ICA1,ENSG00000003147,chr7,8103183,8272687,1598,0.5378433651091453,0.5473165634477661,0.5449245110199423,0.5348218789362303,0.5464691036394075,0.3885608290980415,0.38360261048754146,0.40400138424444976,0.40895960285494987
NXPH1,ENSG00000122584,chr7,8423608,8762961,3114,0.4002638435098409,0.5024768404385722,0.448390129066549,0.3933594206714343,0.45506387155081657,0.3072321965587925,0.29542263725127965,0.3908809750259354,0.40269053433344837
NDUFA4,ENSG00000189043,chr7,10921942,10950153,241,0.48486950043966554,0.7246782241606659,0.6529869603502627,0.43270156440798174,0.5467167122590495,0.4473784315471353,0.5327232769844534,0.842436339833623,0.7570914943963049
PHF14,ENSG00000106443,chr7,10963335,11179623,1602,0.36637276657160506,0.4673174336316742,0.3918072548550899,0.3587780352956212,0.35545929695836265,0.29443030882845617,0.31749594579013596,0.33539928368887467,0.3123336467271947
THSD7A,ENSG00000005108,chr7,11360364,11842198,4356,0.3588024010604179,0.45747783568182815,0.4292330851839947,0.358734673087926,0.4307721853025593,0.24758479175753056,0.2461818860101635,0.36394154675853974,0.36534445250590686
TMEM106B,ENSG00000106460,chr7,12201269,12253367,506,0.34020869921130326,0.31144605272637416,0.20192531713871636,0.3360178278489186,0.19634672278237295,0.2817201078095849,0.2820371190347079,0.09144150128238646,0.09112449005726345
VWDE,ENSG00000146530,chr7,12320884,12413941,1133,0.4560402142839129,0.6228377226187524,0.4444429568668078,0.43673971243226895,0.4339940921594826,0.4980878555375939,0.4899712061969859,0.47699188462887815,0.48510853396948606
AC005281.1,ENSG00000226690,chr7,12459620,12552222,802,0.34432943153975354,0.4078730746518,0.3363882990857307,0.35902399002830687,0.31609466732224656,0.26803648810561786,0.29443087069986995,0.2559977780470939,0.22960339545284175
SCIN,ENSG00000006747,chr7,12560576,12670182,877,0.44134402392407934,0.47729789056644173,0.44472276026083035,0.42778108085989686,0.4051524125407032,0.3213386107090485,0.3437635654479791,0.32740494691368877,0.304979992174758
ARL4A,ENSG00000122644,chr7,12676855,12700958,223,0.27682716498008453,0.4386437648373132,0.25405041238060555,0.2641849865242769,0.3223206743579449,0.30420467476144075,0.24754751648518994,0.27319489993538093,0.3298520582116317
ETV1,ENSG00000006468,chr7,13881228,14001425,993,0.30789078148736626,0.6841137424795781,0.6230909202191632,0.3056495779309203,0.6160523089588147,0.27231664601720074,0.2799513164004755,0.8800564287292416,0.872421758345967
DGKB,ENSG00000136267,chr7,14135048,14984777,6565,0.41866417150942886,0.5535192331187508,0.4756611758197356,0.4150715038684723,0.4741941941275095,0.35158421667833356,0.3499006490873433,0.4547747382089717,0.4564583057999618
AGMO,ENSG00000187546,chr7,15190316,15572015,3533,0.38885586117525694,0.40025990473254236,0.315566610989482,0.4050391611074187,0.3169754893393984,0.3122586905175495,0.3246470257335603,0.19900020164987808,0.18661186643386718
MEOX2,ENSG00000106511,chr7,15601211,15696683,827,0.38636412339836607,0.389227050057778,0.3295888683350348,0.40805687678437524,0.37133851937477313,0.29075971452775595,0.27660618174824925,0.20227027836722014,0.21642381114672682
CRPPA,ENSG00000214960,chr7,16077524,16512504,3412,0.4154275943055831,0.5169998540529529,0.43956556799276575,0.43922895384319766,0.4287342680933,0.3427849640211477,0.3731400497906193,0.3849533591406629,0.3545982733711914
SOSTDC1,ENSG00000171243,chr7,16451480,16540580,739,0.39955466017861946,0.3615067347147238,0.30437879853868094,0.4083548277025836,0.3572618441138219,0.29788889987365175,0.2657372429679892,0.1507552514044771,0.18290690831013967
LRRC72,ENSG00000205858,chr7,16516824,16591568,572,0.43001072306519106,0.4878029410343821,0.4287024608522853,0.4034914243728748,0.4451263771393024,0.33566922860095644,0.29834630522410927,0.33337661859706325,0.3706995419739105
ANKMY2,ENSG00000106524,chr7,16589778,16655817,530,0.36736533737841104,0.42995707011752177,0.2888290644448092,0.34230325056822125,0.31050341039229046,0.3395316593663268,0.3046306992386336,0.2225119460399954,0.2574129061676885
BZW2,ENSG00000136261,chr7,16636130,16716523,578,0.34606772853137663,0.377932014758362,0.33646867462264496,0.3206644962623231,0.2857161528716413,0.24463908525888114,0.2624355997543546,0.23006680592542675,0.21227029142995327
TSPAN13,ENSG00000106537,chr7,16743754,16794536,479,0.3402109776948505,0.47983009600023896,0.45172978352074855,0.34758144972505783,0.42572627111189304,0.23422396137549267,0.26300982015857777,0.41937582093747894,0.39058996215439384
AGR2,ENSG00000106541,chr7,16781810,16843433,587,0.4798782509538958,0.5107194596287155,0.450442022425243,0.484172014464571,0.43927249144039726,0.38493530641857576,0.39914048315473916,0.3298839454021106,0.31567876866594713
AGR3,ENSG00000173467,chr7,16849411,16891987,481,0.4535327220008233,0.3830526436851951,0.3704491462344069,0.47688128142304803,0.4189966448314427,0.3122518925416616,0.2939598393573307,0.17071968819336258,0.1890117413776934
AHR,ENSG00000106546,chr7,16906358,17356152,3003,0.41587663248340373,0.6622337897916095,0.6083623472932731,0.4385383052356612,0.6171834216895948,0.34281307965106605,0.3512068614421912,0.7425882289470145,0.7341944471558897
RP11-507K12.1,ENSG00000283321,chr7,17289294,17477234,1030,0.4078715804349649,0.6904007021747252,0.6106573638659681,0.415152025274914,0.5954527792559404,0.3766063187948511,0.4019464661587671,0.795870086480504,0.7705299391165881
SNX13,ENSG00000071189,chr7,17780760,17950501,898,0.49609815762751636,0.5941262008356759,0.536972924684918,0.4434025547369362,0.5232366513363956,0.40855852283514127,0.37344549569846397,0.4931544843626118,0.5282675114992891
PRPS1L1,ENSG00000229937,chr7,18016769,18037846,145,0.40712119615469544,0.45832099116337865,0.3797028665440296,0.4594424442078913,0.285920453244865,0.32914514911964887,0.445737468072367,0.2839365384818149,0.16734421952909673
HDAC9,ENSG00000048052,chr7,18076948,19012416,6553,0.4423405000884987,0.4895576674658155,0.4514860038187849,0.421663256898576,0.43425252970874056,0.32797092307261183,0.3252345620016501,0.3445066874001968,0.3472430484711586
TWIST1,ENSG00000122691,chr7,19010990,19127636,888,0.5194809676098942,0.6694618324019893,0.7137444354882111,0.5638958317161783,0.7149913749845499,0.2945256493949999,0.3408357260373486,0.8125074925516773,0.7661974159093287
FERD3L,ENSG00000146618,chr7,19134781,19155421,143,0.2238150970248025,0.21697289405395617,0.16398691799237006,0.2218782992205743,0.20929239394669405,0.1594207289955809,0.13031663713241937,0.08516723652847724,0.11427132839163878
POLR1F,ENSG00000105849,chr7,19685460,19719037,198,0.09665678806472693,0.11232508809020438,0.08773850024455172,0.09861104208483673,0.11847371891640456,0.0644869067519852,0.04843382419851022,0.05466278645702678,0.07071586901050177
TMEM196,ENSG00000173452,chr7,19709314,19783617,555,0.25611881970716177,0.24197580706901037,0.14502800718148562,0.2707571610844088,0.14202033904480693,0.2081136851724176,0.21980679108701967,0.06892629188117702,0.05723318596657498
MACC1,ENSG00000183742,chr7,20124654,20227404,802,0.3195815732416315,0.5137185118042688,0.4146582055167402,0.2775777153213132,0.4296587003563541,0.285227813611471,0.2422963660649715,0.4357398153197964,0.4786712628662959
ITGB8,ENSG00000105855,chr7,20320701,20425754,709,0.49315946788863657,0.48933462421320295,0.39927485371784255,0.46318880214295105,0.33377468010271244,0.4209909130031962,0.44401111542200733,0.2510498321823518,0.22802962976354063
ABCB5,ENSG00000004846,chr7,20605666,20787038,1374,0.35736223789508276,0.4174646490393645,0.4170676216065823,0.3385492645274355,0.37730024422424185,0.22142769405792773,0.2399971849491174,0.3189377129813781,0.30036822209018854
SP8,ENSG00000164651,chr7,20772278,20796886,109,0.32283360205908024,0.4285431672384933,0.4560829338555483,0.2841340155430514,0.45443081344375363,0.17022304259909998,0.14395149180571837,0.38934328922665945,0.415614840020041
SP4,ENSG00000105866,chr7,21418042,21524822,840,0.4193207456344634,0.3349421084225405,0.2549995464311982,0.37670831629021173,0.2652407499681387,0.3285337338935022,0.2862047401603207,0.07934745321814923,0.12167644695133076
DNAH11,ENSG00000105877,chr7,21533038,21911839,3780,0.33664262342159834,0.42170883942056053,0.36790096300082914,0.37564527539087494,0.3746936862961411,0.24970500530373538,0.2746003774706258,0.29797279381272024,0.2730774216458297
CDCA7L,ENSG00000164649,chr7,21890898,21955903,525,0.38415050504183273,0.415468529267656,0.3447795959963178,0.43283512050956924,0.3184593296533596,0.2994568618791157,0.3603252651081581,0.23748779549774407,0.1766193922687016
RAPGEF5,ENSG00000136237,chr7,22108235,22367154,0,,,,,,,,,
STEAP1B,ENSG00000105889,chr7,22409443,22737613,1634,0.3939131091749639,0.339997767893778,0.3456357575303587,0.4274590692462511,0.2966303485007935,0.24607642204525132,0.31065520401031627,0.1694356399430092,0.10485685797794425
IL6,ENSG00000136244,chr7,22715883,22742002,210,0.46270528467603306,0.540978530105712,0.46961583653461053,0.3995005481045581,0.45904783349602896,0.38285655664076135,0.3371137119990906,0.3958017380059448,0.4415445826476155
TOMM7,ENSG00000196683,chr7,22802627,22832852,204,0.35081066017839235,0.4206642552662287,0.3650634199043445,0.32331310761242965,0.3451568009342023,0.26183690224039446,0.2565301212753971,0.2840361972218808,0.2893429781868781
FAM126A,ENSG00000122591,chr7,22879370,23024130,754,0.29457207664884283,0.3983527004678226,0.2877846331521353,0.29112856322863423,0.2723052619799864,0.25882981579848885,0.267145675586077,0.24925407074605377,0.2409382109584656
KLHL7,ENSG00000122550,chr7,23095757,23187914,547,0.48599652235739704,0.6470199335423714,0.6112140910983599,0.4881482052743642,0.5482520819924744,0.38107124536024384,0.45821644681302104,0.6602724472415873,0.5831272457888101
NUP42,ENSG00000136243,chr7,23171840,23211011,217,0.16332492144309807,0.4361278134498777,0.5067381548341082,0.2179920589362468,0.5510176568470357,0.022266017220599232,0.009023169797038821,0.5506616555375605,0.563904502961121
GPNMB,ENSG00000136235,chr7,23225966,23285108,415,0.2366391675605299,0.5860347386786803,0.5574653242839459,0.3178372825379557,0.5489048937194854,0.16838060542302197,0.23419159821562874,0.7135926131063139,0.6477816203137072
MALSU1,ENSG00000156928,chr7,23288738,23321729,202,0.4026526138507343,0.44514561600853975,0.3659751941799647,0.4538765540254709,0.4128862325517303,0.3243194099544867,0.33071157092234665,0.26473016089311524,0.25833799992525547
IGF2BP3,ENSG00000136231,chr7,23300208,23480491,941,0.30406494007675733,0.4556743994487678,0.4098233330226039,0.308147484747459,0.4192195810805591,0.22168662855427268,0.21660381252738214,0.3865210521947572,0.3916038682216477
TRA2A,ENSG00000164548,chr7,23494779,23542041,262,0.3881829221959726,0.5190955329970843,0.4747404291054115,0.28172387096569657,0.3892295557969866,0.2897729288508635,0.28497687473325684,0.4423137130512974,0.44710976716890405
CCDC126,ENSG00000169193,chr7,23587381,23654708,373,0.4841789215463743,0.26516729479841755,0.4054866493651846,0.44930320478593677,0.3562271522397854,0.2250478161356283,0.2321369919436844,0.0830646015118442,0.07597542570378812
FAM221A,ENSG00000188732,chr7,23670129,23713249,282,0.5013642111696903,0.22403517525829825,0.3935832774257313,0.3841407665448079,0.32223575018555395,0.22466977618278283,0.17471459090096705,0.028978312584629018,0.07893349786644477
STK31,ENSG00000196335,chr7,23700202,23842513,993,0.44709594686223836,0.5037854618241089,0.46909836592965864,0.4217658132061001,0.40236461934882345,0.33006959131670405,0.36687439584395276,0.37067731781257307,0.33387251328532425
NPY,ENSG00000122585,chr7,24274187,24301862,201,0.509066169685614,0.36452897545418766,0.4040116993976438,0.525583868094693,0.4075976471081366,0.3236502337845233,0.3377449931720395,0.1297385503427262,0.11564379095520994
MPP6,ENSG00000105926,chr7,24563267,24704193,903,0.3935291682257985,0.44483347714571964,0.3867265959648273,0.30474538045397276,0.3230361832964071,0.2998206904433026,0.28091342824495197,0.2886664786168693,0.30757374081521993
GSDME,ENSG00000105928,chr7,24688354,24767940,571,0.4198970008951858,0.5175420393449945,0.40113591932243864,0.32731964525824075,0.390755438668336,0.3803452398584153,0.3149054974024836,0.3485162503167156,0.4139559927726474
OSBPL3,ENSG00000070882,chr7,24786539,24991634,1284,0.4136223675765201,0.44895584767039926,0.37493622575962743,0.33885531971862026,0.3915354880623039,0.329915009564668,0.25645311756182254,0.2660253322052003,0.3394872242080458
CYCS,ENSG00000172115,chr7,25108655,25135260,158,0.4019654325534571,0.4115542834392334,0.3922535366666357,0.28343781403416696,0.29234422224815776,0.273189916700404,0.2588816739613584,0.25708068017434776,0.27138892291339334
C7orf31,ENSG00000153790,chr7,25124691,25190356,173,0.516813166399451,0.16729485325591698,0.4891301528100187,0.5035545141704283,0.4580403562231463,0.11939356132619294,0.13539676256129013,0.06368210364297122,0.047678902407874035
NPVF,ENSG00000105954,chr7,25214569,25238486,219,0.3368883747831116,0.5006587580528722,0.5287391082172864,0.2863991711928775,0.5031405289935277,0.17646703827193744,0.16622452712146724,0.517998527081187,0.5282410382316572
NFE2L3,ENSG00000050344,chr7,26142197,26197137,274,0.29338854379160584,0.22577246493265382,0.2213422894409462,0.28370659323587705,0.16321036825317223,0.17649004053164427,0.20568615475402036,0.07939943510712066,0.05020332088474461
HNRNPA2B1,ENSG00000122566,chr7,26161150,26211529,274,0.20645288574914672,0.1714997628855966,0.09266175655214177,0.2365347662295944,0.10087016997463635,0.1610702742970893,0.17584900386188962,0.027067881621242976,0.01228915205644271
CBX3,ENSG00000122565,chr7,26191161,26223607,159,0.19585269091694082,0.0964960372960373,0.07385401149993635,0.08622026692694108,0.08271171542490678,0.12136209377519933,0.05265351682833353,0.0,0.04882126618319977
SNX10,ENSG00000086300,chr7,26281861,26384383,567,0.32454165564447485,0.416248440930148,0.3487226786516183,0.3069623357160256,0.33442813379119113,0.2509119272307171,0.2489210360937795,0.2873678719884071,0.28935876312534464
SKAP2,ENSG00000005020,chr7,26657067,27005239,1916,0.38439010062814427,0.6138957353030551,0.5215272436360574,0.3339279364137671,0.4559560800857108,0.3498168106419942,0.3746399703303387,0.6018310195548212,0.5770078598664767
HOXA1,ENSG00000105991,chr7,27082992,27106000,103,0.5178263040931892,0.6125753713218738,0.5550361696509569,0.42087817488956614,0.5438913309255163,0.43396127020319264,0.3547260923690571,0.5142726855415056,0.5935078633756412
HOXA2,ENSG00000105996,chr7,27090353,27112686,100,0.5961378519226168,0.6503898069020067,0.7435091190531706,0.5197000408415281,0.6200637272382179,0.2984779945893534,0.40826459546390115,0.7524584845776536,0.6426718837031057
HOXA3,ENSG00000105997,chr7,27096183,27162583,333,0.6173317096110401,0.7444531238223947,0.8072867519802733,0.5845336468919751,0.7289153359061095,0.33919210444645087,0.46868948587334613,1.0251573133146965,0.8956599318878012
HOXA4,ENSG00000197576,chr7,27118506,27140780,127,0.648242565255225,0.8172936284457312,0.8585257889827397,0.7040022798149705,0.790077324927965,0.39452527787991243,0.6781312192746274,1.3053496639187596,1.0217437225240449
HOXA5,ENSG00000106004,chr7,27131051,27153681,104,0.5364676641027883,0.7368533391095708,0.7136609196874094,0.5455326917091624,0.7370231397574865,0.42667215656574176,0.3939919093103059,0.9083715996941526,0.9410518469495885
HOXA6,ENSG00000106006,chr7,27135395,27160603,117,0.5509477386767923,0.7682552634617607,0.7343214896139725,0.5349149922194115,0.698883049951899,0.4686332404801695,0.5136986564728995,0.9934855461230274,0.9484201301302978
HOXA7,ENSG00000122592,chr7,27143715,27167936,117,0.5996611043732201,0.7068126302047022,0.6904514621709875,0.5774965051320076,0.6536091770964091,0.48487343297012087,0.5141566759594445,0.7420699540238933,0.7127867110345696
HOXA9,ENSG00000078399,chr7,27152437,27185180,168,0.475688202435248,0.6857240782801324,0.6950280116743319,0.5407434224959814,0.6277566007206844,0.30780866864787293,0.47371142026263857,0.8496752786926534,0.6837725270778878
HOXA10-HOXA9,ENSG00000257184,chr7,27153534,27190013,189,0.4800349692945573,0.6585475278601665,0.6682251160122934,0.5291586358384535,0.6223946757287846,0.3126209507297929,0.4269375435559417,0.7619258327489381,0.6476092399227894
HOXA10,ENSG00000253293,chr7,27160591,27190261,149,0.49931358277084764,0.6152632642628719,0.6063111764785301,0.5273200785735175,0.5827241128353096,0.35738839985214826,0.41526256214352675,0.5978075820224882,0.5399334197311098
HOXA11,ENSG00000005073,chr7,27171156,27195232,131,0.5677499843258474,0.7047298031506191,0.5656749766042015,0.5849863631497344,0.6826603987655228,0.6123267075704893,0.47576276923284444,0.607537712748671,0.7441016510863161
HOXA13,ENSG00000106031,chr7,27183502,27210091,168,0.6212067945224717,0.7121841429003078,0.7430167333059087,0.6947293335110313,0.7036174747742888,0.42872746843026954,0.6079432545907271,0.8167069199802408,0.6374911338197828
EVX1,ENSG00000106038,chr7,27232699,27260493,195,0.6561669165126122,0.6074398810852073,0.6549927192319029,0.6469914316341284,0.644545573931703,0.4692373937845097,0.4709851494805549,0.4658281904947069,0.4640804347986617
HIBADH,ENSG00000106049,chr7,27515441,27672883,1040,0.5524643322710673,0.6777777145291242,0.5349297310219796,0.5475124998825808,0.5274360987614543,0.5854729576731219,0.5879632419262264,0.5470406863817634,0.5445504021286589
TAX1BP1,ENSG00000106052,chr7,27729330,27854564,835,0.4435679512044299,0.47121449880104643,0.4038218396793889,0.41960493073683547,0.3817663992913734,0.3530834497830828,0.3501648821377677,0.28408895934504286,0.28700752699035814
JAZF1,ENSG00000153814,chr7,27820572,28190795,2502,0.45610825922547055,0.5130637364117198,0.4627297651451676,0.47404561230630654,0.46416297408221174,0.3536865087518623,0.36911880259980334,0.3659355313013891,0.350503237453448
CREB5,ENSG00000146592,chr7,28289320,28835894,3908,0.4396154241085882,0.4826040476303656,0.4612667744696008,0.4194704151849098,0.42718854417052615,0.30977202330731896,0.32278134161140326,0.34917480897313674,0.33616549066905244
TRIL,ENSG00000255690,chr7,28943357,28968330,175,0.36410549903133926,0.48274462834570225,0.40325310106406487,0.5015170041052684,0.4583770069195577,0.29783948770086816,0.3711096368965758,0.3613790896843151,0.2881089404886076
CPVL,ENSG00000106066,chr7,28985234,29205451,1242,0.4568608215462109,0.4588351173126166,0.37824939862141216,0.4486416338909869,0.41644403152266246,0.37460236078600895,0.3353933241932995,0.23942891186994897,0.2786379484626583
RP5-1189D6.2,ENSG00000285162,chr7,29112339,29524667,2658,0.36594760247805025,0.44244739646904807,0.39620919581395414,0.3792056006262945,0.38741791088976935,0.26764730714504265,0.285440716632296,0.31655111684474746,0.29875770735749396
CHN2,ENSG00000106069,chr7,29136568,29524328,2596,0.37211746548849056,0.4570999565337574,0.40167357788240843,0.3683388088744573,0.39439514834987455,0.28130670870014096,0.2843523055010511,0.3295233493075206,0.3264777525066104
PRR15,ENSG00000176532,chr7,29553834,29577293,163,0.443478990881976,0.41110197576216995,0.29861164630091086,0.50077852880689,0.25316320205143206,0.380429527504674,0.46614955066443675,0.14907271653709975,0.06335269337733695
WIPF3,ENSG00000122574,chr7,29796485,29927066,870,0.44846441159414874,0.613310870633379,0.5426118699714225,0.4370589778472337,0.5452627952768632,0.3814800777609751,0.3683395029197985,0.5686541142866682,0.5817946891278447
SCRN1,ENSG00000136193,chr7,29910103,30000289,506,0.25189019969032045,0.3377093011331589,0.3285262801968827,0.2610486224437981,0.32550260057088815,0.1519879084291849,0.16039319674802976,0.26006278884651274,0.2516575005276679
FKBP14,ENSG00000106080,chr7,30000586,30036702,152,0.11351081744794157,0.157441361490774,0.14663684205496488,0.15974782046024155,0.10902625780072103,0.06661414723395771,0.11496245752762374,0.10469787133924974,0.05634956104558368
PLEKHA8,ENSG00000106086,chr7,30017403,30140483,612,0.22798814460792338,0.23374448472838366,0.23719777193605235,0.22272911655883665,0.18958208270496885,0.12711924100238894,0.1540003694769324,0.1391203530108698,0.1122392245363264
MTURN,ENSG00000180354,chr7,30124985,30172762,307,0.3648709008069455,0.4110959249358558,0.5113120052655075,0.3570043876620117,0.4382874053439775,0.13369396173966897,0.19717219523169527,0.39579800752620187,0.3323197740341755
ZNRF2,ENSG00000180233,chr7,30274596,30377689,570,0.409512083886254,0.5424165242479373,0.4367742053025435,0.3996528493419445,0.49946165428659695,0.3672636913411122,0.29998604427596953,0.4145322589091242,0.4818099059742669
GS1-114I9.3,ENSG00000281593,chr7,30352399,30422502,401,0.2915041389272593,0.43546273960223925,0.42932707745391946,0.2664075778258308,0.4066042366657661,0.1777104523169366,0.17982843424545147,0.3940384392347227,0.39192045730620784
NOD1,ENSG00000106100,chr7,30414526,30488784,326,0.21871871430659606,0.18261837873218736,0.09053464653417645,0.1998593903917688,0.08076624566358898,0.17678542486782645,0.17020108276946486,0.02486376761688093,0.03144810971524256
GGCT,ENSG00000006625,chr7,30486620,30514841,163,0.42736138418993863,0.4679095237825199,0.39554462500657855,0.5287573856547166,0.33326411596494426,0.3425073760973303,0.48898133069845484,0.28843435992512845,0.1419604053240039
RP4-777O23.3,ENSG00000281039,chr7,30487076,30560761,376,0.4703781690106267,0.47619279427278366,0.4264033761118649,0.49562800075217,0.41593887242475097,0.36319738418665076,0.39666157433054317,0.28343420617805376,0.24997001603416147
GARS1,ENSG00000106105,chr7,30570532,30644033,279,0.36132740944359976,0.37456018356313064,0.305001682191889,0.48894198867720495,0.3609811640868446,0.27690882517633075,0.3463754963468261,0.19239134525559373,0.12292467408509838
CRHR2,ENSG00000106113,chr7,30641941,30710129,416,0.3593076750418171,0.4030246666814097,0.3445201418277842,0.47795879576892625,0.4702053370840971,0.26934885502522643,0.26531123355363456,0.24653062914221363,0.2505682506138054
INMT,ENSG00000241644,chr7,30687984,30767602,631,0.4488351400937632,0.4397369179233802,0.3927292398494993,0.46049883714338347,0.40092760964886076,0.3381448024589908,0.34204315941788305,0.24120401368791777,0.23730565672902554
INMT-MINDY4,ENSG00000254959,chr7,30742136,30902081,1253,0.36389026311403655,0.40588838153917756,0.33380025829994553,0.37109554117231996,0.30846654502934806,0.2834532573569364,0.3078101231112944,0.2372348100486989,0.21287794429434087
MINDY4,ENSG00000106125,chr7,30761416,30902387,1085,0.3484208172517474,0.384738997087905,0.31039927422608954,0.34594493990916547,0.3046883276337527,0.2712112748572983,0.2734386815305653,0.21449743136938232,0.21227002469611542
RP5-877J2.1,ENSG00000250424,chr7,30842272,30933812,738,0.29698358218942333,0.30806579160589864,0.2424311347471387,0.3032366562644028,0.2668032095370629,0.22149930073538507,0.20961636170133313,0.1467651017239543,0.15864804075800626
AQP1,ENSG00000240583,chr7,30901852,30935517,274,0.28448040415563025,0.36916703598010253,0.27115488113583214,0.23188900597914877,0.3029979292331918,0.23958321699581334,0.1817841516667788,0.2211309507804157,0.2789300161094503
GHRHR,ENSG00000106128,chr7,30928668,31003254,569,0.42906968363174786,0.47208439568228744,0.3228392587484128,0.4273484978923691,0.36021712768546227,0.40473018022516416,0.37483518611003364,0.23408866813389723,0.26398366224902775
ADCYAP1R1,ENSG00000078549,chr7,31042307,31121479,0,,,,,,,,,
NEUROD6,ENSG00000164600,chr7,31327464,31350726,118,0.14058087093157337,0.2566113940026984,0.17130232780038832,0.21127724507066514,0.1853364747870457,0.13006750863198854,0.16444832621926994,0.16646883948459773,0.13208802189731636
ITPRID1,ENSG00000180347,chr7,31504089,31668720,1092,0.4696768109795002,0.5319198678013651,0.4505062684800716,0.4731997330565296,0.4368013504860682,0.3973132649710904,0.4129633527201105,0.3618025101036685,0.34615242235464844
PPP1R17,ENSG00000106341,chr7,31677214,31718455,352,0.4793253974039926,0.2982439762803676,0.3016504583802903,0.4961794661247717,0.37274931456398086,0.3238819749105858,0.2866478184274085,0.030287505012275118,0.06752166149545252
PDE1C,ENSG00000154678,chr7,31741178,32438131,5383,0.4343747378330561,0.550696168623578,0.4959106316303536,0.4561249798359954,0.4723033597587904,0.342438864050051,0.3849290154932185,0.457617071457605,0.4151269200144375
LSM5,ENSG00000106355,chr7,32475337,32505283,184,0.4427925424919955,0.4333586903806273,0.39439205353790857,0.5174434710890758,0.433625845482952,0.3256619921477775,0.36409281212281003,0.24236679418989,0.20393597421485743
AVL9,ENSG00000105778,chr7,32485425,32598726,729,0.4386545249089174,0.3618865205240985,0.33566604084530405,0.4406127213467674,0.3412060349839976,0.30884379070009943,0.3064039710872016,0.14039535323671204,0.14283517284960984
KBTBD2,ENSG00000170852,chr7,32858171,32904131,182,0.561871755754917,0.5145672731151584,0.4604638944095405,0.5472444277866192,0.3911434208664562,0.46545630474268185,0.5094724495074399,0.257258260712865,0.213242115948107
FKBP9,ENSG00000122642,chr7,32947403,33016930,136,0.47930928452239435,0.30411917448811226,0.31476920765856997,0.5305127900222734,0.3237913502104366,0.3185881682510112,0.36371874324625253,0.04398869277064943,0.0
NT5C3A,ENSG00000122643,chr7,33004129,33072796,354,0.49166750136701143,0.4199367786268939,0.2243503754928251,0.5591130386478794,0.31465807857817085,0.48359166204267856,0.49287376448737236,0.06102651697189565,0.051744414527201854
RP9,ENSG00000164610,chr7,33084796,33119405,198,0.4189556439867376,0.352407647420554,0.2856984232492702,0.3350463507088117,0.25972529387919496,0.32048600874167754,0.27089893499954465,0.11400785737105612,0.16359493111318893
BBS9,ENSG00000122507,chr7,33099556,33887180,5073,0.4619112035529198,0.43037950606582087,0.38443332564486576,0.49222814577239116,0.3722285128277649,0.3486523047926564,0.3874644627418584,0.21413263521968678,0.17532047727048483
BMPER,ENSG00000164619,chr7,33894307,34166427,1543,0.5070090568898376,0.6646287912878038,0.6232429437899437,0.39466059492339167,0.5720548253086734,0.41181351925541804,0.37286153246413317,0.6807037556674265,0.7196557424587114
NPSR1,ENSG00000187258,chr7,34648217,34888332,1485,0.236989419356266,0.2407663978380425,0.18398952430415166,0.2395091490693208,0.17633494510772574,0.17130053355026456,0.17762282595148404,0.10414523915516882,0.09782294675394931
DPY19L1,ENSG00000173852,chr7,34918875,35048271,323,0.24336912733608418,0.19228663676503951,0.1803758867204584,0.22576078972855929,0.17945860346987946,0.14675917637690156,0.13581575544898583,0.066788855493848,0.07773227642176372
TBX20,ENSG00000164532,chr7,35192429,35264100,207,0.21548247171361534,0.26032683702925086,0.12506008397448354,0.16311899998941568,0.14417674816400203,0.20531658171456127,0.16196442468517278,0.09623028029616733,0.13958243732555584
HERPUD2,ENSG00000122557,chr7,35622658,35707459,415,0.2828259355473607,0.37557661842773343,0.3082555529696567,0.3244785942104944,0.31874445171927174,0.2174123284685796,0.23968964454078787,0.25351431610914954,0.23123700003694123
SEPTIN7,ENSG00000122545,chr7,35790931,35917105,597,0.4545120924396046,0.5025682072564217,0.3790467046019304,0.5015011121581586,0.39661896486112114,0.41393603239987603,0.4446221848189445,0.2843607993955874,0.2536746469765189
EEPD1,ENSG00000122547,chr7,36143253,36311538,1147,0.4996180200392704,0.479972111319177,0.47761384959220676,0.47808660004694065,0.46684188569383245,0.34845406811587487,0.33759459651194934,0.30541876865043205,0.31627824025435736
KIAA0895,ENSG00000164542,chr7,36314151,36400125,343,0.5135361782678323,0.5593066862553249,0.5638786760842303,0.4935487365749401,0.5402976847930976,0.35508200758099995,0.36127856074548936,0.46432407156600947,0.45812751840152
ANLN,ENSG00000011426,chr7,36379820,36463791,377,0.387121035381007,0.43375214227858483,0.3861691289634987,0.3691904272275802,0.3999956695521884,0.28513767624645225,0.2593281137443142,0.28358570921903664,0.30939527172117476
AOAH,ENSG00000136250,chr7,36502940,36734549,1567,0.4158681015143188,0.3617935936792506,0.35679107758523504,0.3697623422142101,0.3261196720107079,0.27271815293177476,0.2580245422422204,0.17637537414825005,0.19106898483780443
ELMO1,ENSG00000155849,chr7,36842905,37459223,0,,,,,,,,,
GPR141,ENSG00000187037,chr7,37673765,37843788,969,0.4730595960393847,0.4499323208806004,0.3995912061963788,0.47134275755949673,0.4343833035373613,0.36411862246284554,0.33264515123917304,0.23359533291880447,0.2650688041424769
EPDR1,ENSG00000086289,chr7,37673842,37961936,1933,0.46276080533989716,0.43899763313284906,0.3924414383568226,0.44720940303274104,0.3835638410746559,0.35051764989062184,0.34350282758020756,0.22751250456318978,0.23452732687360395
NME8,ENSG00000086288,chr7,37838596,37910397,599,0.41714693953188925,0.3334902764577954,0.3797788373821272,0.35777114478504285,0.3139138566252932,0.23392078231068184,0.2358795156588577,0.17177976819856267,0.16982103485038674
SFRP4,ENSG00000106483,chr7,37895931,38035695,1107,0.47570563888209,0.3875736841774577,0.41829071865233536,0.4801746481686948,0.39734190538873054,0.2971220831958914,0.31909188991954623,0.19320456130196317,0.17123475457830833
STARD3NL,ENSG00000010270,chr7,38168244,38240670,449,0.3465451996961541,0.4133486026018215,0.3570063412364849,0.41072861619827444,0.33269524655463484,0.25859300212287184,0.3288422596916323,0.2747315049960857,0.20448224742732518
AMPH,ENSG00000078053,chr7,38373703,38641420,1982,0.3761761649227641,0.3927313293487541,0.3366197310975044,0.40059405853639823,0.36214358168387073,0.28013216804730656,0.28047905325419675,0.21865179729013504,0.21830491208324487
VPS41,ENSG00000006715,chr7,38712973,38942394,1352,0.4884159162503236,0.5110214542035549,0.48837149856001993,0.4695096638666044,0.4854478572399586,0.3577617420796036,0.3424659096724911,0.3576749220170388,0.3729707544241514
POU6F2,ENSG00000106536,chr7,38967908,39503095,3194,0.38340725603261816,0.37235742026945845,0.31942522765698805,0.37902851066593163,0.30160130894874204,0.28225668105568436,0.291644687710498,0.18352773403668132,0.1741397273818677
YAE1,ENSG00000241127,chr7,39556384,39620320,389,0.4028214984588828,0.622211503250023,0.5526249023929897,0.41728057360922954,0.5570919385455013,0.34230104668598715,0.3495385862397257,0.6311197256807045,0.6238821861269661
RALA,ENSG00000006451,chr7,39613564,39718120,476,0.41552607774221795,0.23544899836395944,0.3563179294088944,0.40811653408343934,0.3719043668633926,0.1824796519907539,0.16392460648809978,0.08598689143927696,0.10454193694193104
CDK13,ENSG00000065883,chr7,39940120,40109580,797,0.5078761698257349,0.593021852682422,0.5535715930671316,0.5163007796579728,0.5817350720536745,0.40077222977486715,0.37682377489207575,0.49822355730055,0.5221720121833415
MPLKIP,ENSG00000168303,chr7,40116026,40144622,118,0.4503816846252487,0.5261668315055343,0.46139933018085677,0.46557950703482315,0.3646448205606839,0.3633251715895622,0.459950597781307,0.38357481285333683,0.286949386661592
SUGCT,ENSG00000175600,chr7,40125004,40870763,3561,0.43472117751788053,0.49123325336870166,0.4834508016401858,0.42665583249375577,0.44836782853950585,0.29280853119966166,0.31858045794751394,0.3829570943560329,0.3571851676081806
INHBA,ENSG00000122641,chr7,41657167,41715834,231,0.43701148824332164,0.3377302650490222,0.4124463470749494,0.392493529081127,0.40369999695696135,0.2273953474369006,0.19673171288973285,0.18468700398658794,0.21535063853375566
GLI3,ENSG00000106571,chr7,41950948,42274100,1851,0.4117496614321943,0.44965120376619044,0.4217775279984242,0.3796227354761998,0.39437406619965065,0.29000455895252614,0.2865688835803994,0.30719846783650134,0.31063414320862803
C7orf25,ENSG00000136197,chr7,42898725,42922305,144,0.677743974126712,0.7871471987134934,0.801055320339729,0.7443069325498175,0.843131816265492,0.5324174396743675,0.5292912573528405,1.0147369862721651,1.017863168593692
RP11-111K18.1,ENSG00000256646,chr7,42899272,42942214,282,0.7135868339818258,0.8068330042820452,0.7956945514232429,0.7586118074464322,0.8218853355168958,0.6531904838039809,0.6701106658515242,0.9910097176099906,0.9740895355624474
PSMA2,ENSG00000106588,chr7,42906827,42942185,227,0.7376416846432781,0.8104398109248225,0.8042022559283617,0.7609753932677797,0.8284886088067003,0.6852098537919732,0.6655659330614482,0.9778388306488944,0.9974827513794194
MRPL32,ENSG00000106591,chr7,42922375,42958958,241,0.681800593672631,0.7612462366025659,0.6589187469075763,0.6843639377484969,0.662430301220118,0.7508825072035404,0.7497523462929732,0.6814400296208005,0.6825701905313679
HECW1,ENSG00000002746,chr7,43102628,43576001,3142,0.3256596834690044,0.4944620981766953,0.44129757756745314,0.3246675634467393,0.4249961571200861,0.24700717629749996,0.2606519601327775,0.4351250881559456,0.4214803043206681
STK17A,ENSG00000164543,chr7,43572757,43660713,388,0.37740823902388426,0.47897879826941986,0.415222902836451,0.3219541748624774,0.350105228577297,0.29465213161090986,0.3047800645332871,0.35731241214531306,0.3471844792229358
COA1,ENSG00000106603,chr7,43598455,43739717,593,0.5190593299512559,0.5386944449206735,0.44425449912556664,0.4486948683629035,0.3820575367778101,0.45913059403847195,0.4439007820024138,0.31456405222537276,0.32979386426143076
BLVRA,ENSG00000106605,chr7,43748679,43817342,260,0.6262363480108152,0.6886885824186133,0.5910465723710351,0.5062094951148333,0.48868311779236906,0.6284695773444544,0.6009198483951435,0.5384919477622052,0.5660416767115162
MRPS24,ENSG00000062582,chr7,43856557,43879893,133,0.4896611222369168,0.6191006936838263,0.5710499730476088,0.3410580646088846,0.5276452088012236,0.3957428401307518,0.31615759285827477,0.5694773865389401,0.649062633811417
URGCP-MRPS24,ENSG00000270617,chr7,43856557,43916589,327,0.4964823525286855,0.4988822672817826,0.5168537684948841,0.35335555625711484,0.4770689295970068,0.3248074067446739,0.23928363571626243,0.3661068033141592,0.4516305743425707
URGCP,ENSG00000106608,chr7,43865893,43936411,375,0.4828290670656465,0.5312349215727135,0.5004095516211039,0.35075479917458857,0.4464820706967483,0.3615343749697789,0.29906861024246395,0.39611915993354985,0.45858492466086476
UBE2D4,ENSG00000078967,chr7,43916435,43966136,170,0.4186706291900624,0.4039355854084399,0.41655757496698453,0.3090996055494488,0.42390568713107996,0.2605174075897692,0.16784112903884346,0.25688913199328445,0.3495654105442102
SPDYE1,ENSG00000136206,chr7,43987896,44020122,0,,,,,,,,,
DBNL,ENSG00000136279,chr7,44034639,44079456,223,0.22449624205914825,0.2206087888015599,0.17631163317144768,0.2161110948072719,0.18549997881461444,0.15476079842707952,0.14377465440629156,0.09448136408246449,0.10546750810325246
PGAM2,ENSG00000164708,chr7,44052726,44075567,129,0.19397651993295223,0.23735911675209756,0.23659213628104225,0.22486751511894496,0.2186570396780075,0.10832379507336928,0.139474121429674,0.16264422757885388,0.1314939012225492
POLM,ENSG00000122678,chr7,44062061,44092530,188,0.19769860132096695,0.24885542583541917,0.22037634669345116,0.20298997469961846,0.22333069591472954,0.12874204913033047,0.1301522665339668,0.15741508774085208,0.15600487033721566
AEBP1,ENSG00000106624,chr7,44094344,44124562,140,0.3958461557657668,0.3140691610400268,0.3053654581950162,0.31667171432203456,0.3059667317479817,0.2582677339078243,0.19626148693870807,0.11871074027349243,0.18071698724260876
POLD2,ENSG00000106628,chr7,44104679,44134358,148,0.3222049771256224,0.34163205335723196,0.2796561175132076,0.2768729514522226,0.25082347361762697,0.23943755549258888,0.22669051108330598,0.17855375902567877,0.19130080343496167
MYL7,ENSG00000106631,chr7,44128863,44151332,119,0.25264300074828283,0.23406901650897075,0.15647135957973507,0.20622600343208378,0.10379862858526379,0.1938570436195443,0.1940147820707666,0.07280616956240238,0.07264843111118006
GCK,ENSG00000106633,chr7,44133212,44208170,327,0.3328674343691217,0.40505901210688444,0.3338047737175776,0.3593461043216438,0.3315100250544725,0.2589435216344703,0.2809125458479144,0.26034953673227,0.2383805125188259
YKT6,ENSG00000106636,chr7,44190958,44224294,116,0.31182427312704053,0.5159373131658359,0.37001911546558297,0.3705767649555131,0.448133280323308,0.3185930585148795,0.29702176476600034,0.4069478038849854,0.42851909763386464
CAMK2B,ENSG00000058404,chr7,44207149,44344577,708,0.2526992632333173,0.4453172125115723,0.3159848479599842,0.2875379425855121,0.3835450389297701,0.2504356276758958,0.2223087444126037,0.3389232550340061,0.3670501382972982
NUDCD3,ENSG00000015676,chr7,44369118,44500658,609,0.26793288705552376,0.5192627158067158,0.5505618223861996,0.2039825373237756,0.37688443401478305,0.12228022962236113,0.24377261095906302,0.6101541151766589,0.4886617338399568
NPC1L1,ENSG00000015520,chr7,44502534,44551330,105,0.24223675218672253,0.21201007746462294,0.20298515073692605,0.25748320740327557,0.19222706792280078,0.14438614452632115,0.16125274276153145,0.09388383334040148,0.07701723510519112
DDX56,ENSG00000136271,chr7,44555803,44585051,137,0.4096709101672229,0.3437272007276371,0.3318065010368457,0.3159000992102417,0.29555871309656456,0.2725381819261665,0.22523987547938096,0.14864054200525512,0.19593884845204057
TMED4,ENSG00000158604,chr7,44567893,44592287,112,0.40853481574636996,0.4051544609236917,0.27336100138252617,0.39566715875539404,0.21248867249297312,0.3626402374156494,0.3921030761209625,0.15681326791337935,0.12735042920806633
OGDH,ENSG00000105953,chr7,44596571,44719066,572,0.23388392171199382,0.31228318176816033,0.2780649278642186,0.26201143166643753,0.2984574679952202,0.1574898188757946,0.16186566027967006,0.21688830831131894,0.2125124669074435
ZMIZ2,ENSG00000122515,chr7,44738580,44779881,145,0.5264693131915222,0.4838584486829394,0.4666732242288501,0.4191984556788765,0.45038180298075703,0.3901459159630073,0.3030944771649098,0.2712283108997169,0.3582797496978143
PPIA,ENSG00000196262,chr7,44786679,44834564,212,0.47700099992679285,0.5206929160699856,0.48633463458027515,0.5366975134725465,0.5601504675640079,0.35870312721219794,0.3417331652371893,0.3767106659722535,0.393680627947262
H2AZ2,ENSG00000105968,chr7,44816790,44858087,166,0.3936400610494661,0.5050543057542989,0.3542831440811948,0.5469414353170109,0.47734400732631294,0.3830972833923795,0.4231046609459614,0.32020994763403854,0.2802025700804566
PURB,ENSG00000146676,chr7,44866298,44895530,107,0.43179364340976195,0.42135301330305647,0.3523577135765961,0.5594627831860091,0.532301063872227,0.3389582711895171,0.3034462713727995,0.20810441098302712,0.24361641079974478
MYO1G,ENSG00000136286,chr7,44952661,44989088,220,0.5126667315107977,0.6444942846651501,0.5936920628460488,0.45102010243181107,0.5340648804874293,0.42618853620127267,0.4350992622538539,0.6080254167755211,0.5991146907229399
CCM2,ENSG00000136280,chr7,44989474,45086469,658,0.5531919885413535,0.6430800204618533,0.5185523826978068,0.5140114893996119,0.5023885804528686,0.552456053083136,0.5269390884051757,0.4777876161960148,0.5033045808739749
NACAD,ENSG00000136274,chr7,45070436,45098969,153,0.27581657802118476,0.21910360873958307,0.11724628881815688,0.30539459873667013,0.1399631965524292,0.22265716646062145,0.23047203313122255,0.02465563312055366,0.016840766449952527
TBRG4,ENSG00000136270,chr7,45090099,45122047,218,0.36874127794816147,0.24468981195171668,0.13286002142830372,0.3635500818759914,0.17915849026559447,0.29905569339613264,0.26752554138222,0.0,0.013101227627566325
RAMP3,ENSG00000122679,chr7,45147790,45196302,548,0.3162477519023433,0.46635426429240856,0.3288986337465314,0.28633105932933056,0.337188040294928,0.3046738139184048,0.27704760988892985,0.3233492625394113,0.35097546656888623
ADCY1,ENSG00000164742,chr7,45564139,45733116,997,0.3984941925080777,0.45862622685573856,0.4320363766870478,0.36725500539213113,0.4213376223798376,0.27813326422899387,0.2621485256777051,0.33551208140561395,0.35149681995690274
CCDC201,ENSG00000283247,chr7,45849993,45883082,14,0.06764552032540448,0.0,0.0,0.0,0.0,0.03502109680505804,0.0,0.0,0.0
IGFBP1,ENSG00000146678,chr7,45878359,45903660,163,0.22091646986986954,0.21894079842944056,0.19598912749218866,0.23551872461882578,0.2262620993793974,0.13929942717586216,0.12956999193293278,0.1078049025723941,0.11753433781532346
IGFBP3,ENSG00000146674,chr7,45902244,45931874,160,0.31501908946141277,0.430199698449191,0.361379338430044,0.3816775488412041,0.36343930597041785,0.2461944959425022,0.29576950501599286,0.3162748317537678,0.26669982268027714
TNS3,ENSG00000136205,chr7,47265153,47592558,2235,0.45326822433466396,0.48329438444485123,0.4119624257346151,0.4862180942015234,0.404532317288022,0.36655724820838514,0.4039151130820067,0.29372472742442207,0.25636686255080054
PKD1L1,ENSG00000158683,chr7,47730201,47958466,1783,0.3500178560202466,0.430556053755044,0.3905437469511407,0.3521800588554832,0.3908957850507407,0.24935860334349902,0.25073575792234887,0.31373632385553774,0.31235916927668794
HUS1,ENSG00000136273,chr7,47953287,47989615,195,0.31648341553401554,0.45061205210258254,0.3581004626831936,0.40100335162157674,0.38965557380375376,0.2680656650097665,0.3088589352994501,0.3308847773967031,0.2900915071070194
SUN3,ENSG00000164744,chr7,47977147,48039119,377,0.3208424749557135,0.3324448199283122,0.246933920516973,0.3460216194864777,0.27590958108610647,0.2537165539793706,0.2529876021744159,0.1504166713710072,0.15114562317596192
C7orf57,ENSG00000164746,chr7,48025510,48071304,244,0.47349763208123885,0.26803552866472324,0.26156737904327465,0.5176388269606357,0.3739501772405496,0.3251486668485386,0.2863800522619553,0.0,0.02564325036401821
UPP1,ENSG00000183696,chr7,48078627,48118736,230,0.5192721092346237,0.5125786554065243,0.3908477655061637,0.5346606915450388,0.4107928479443126,0.4776965813156461,0.47731866699822395,0.24092976466964033,0.24130767898706235
ABCA13,ENSG00000179869,chr7,48161457,48657497,3417,0.29733525604333416,0.3931840472444949,0.3414779285783405,0.3010170772609,0.35046635804222415,0.21732394777095984,0.21307903120227334,0.2822057941095588,0.28645071067824535
CDC14C,ENSG00000218305,chr7,48909764,48937454,106,0.43741218757710265,0.31865718167004436,0.2627327718149589,0.4660432892223922,0.263430533013077,0.3270464389608693,0.3526892386762607,0.05664325623476246,0.03100045651937111
VWC2,ENSG00000188730,chr7,49763637,49931950,958,0.5180694997424741,0.5573215950380525,0.5094052926223192,0.49875202730776186,0.4786897942420461,0.41636507556053237,0.4270780278600168,0.39854664517159555,0.3878336928721111
ZPBP,ENSG00000042813,chr7,49840420,50131329,1713,0.5745106311440501,0.5110450206539051,0.4423599166978589,0.5250944040467849,0.36801684773138976,0.49297932007595857,0.5006157787953804,0.2225055404466144,0.2148690817271927
SPATA48,ENSG00000164500,chr7,50085882,50169256,601,0.5393226968139804,0.48153200672288266,0.38456877568459746,0.5465787217080716,0.3607019927746987,0.47325118886023254,0.5002130129212264,0.18362579381356092,0.15666396975256708
IKZF1,ENSG00000185811,chr7,50294067,50415101,689,0.2989567094063447,0.4703481344110976,0.40424420494782676,0.3043180195296383,0.40939913970940234,0.23639827414175862,0.23589157014340228,0.39913707149896493,0.3996437754973212
FIGNL1,ENSG00000132436,chr7,50434127,50552535,958,0.40176060083961274,0.5520139407378648,0.4749677927690306,0.4014458556263507,0.4858344913754066,0.3362308828517385,0.3255106959564754,0.4667622819180278,0.4774824688132909
DDC,ENSG00000132437,chr7,50448435,50575405,1007,0.4314442340622774,0.512491202062009,0.47436538482533835,0.4062953482199637,0.4633842320933061,0.3199769317789414,0.3086736437874155,0.39847000987585074,0.4097732978673766
GRB10,ENSG00000106070,chr7,50580062,50803462,1494,0.49345820909506044,0.6324421526584704,0.5685778923616102,0.4781793785203492,0.5413186548169003,0.4201773572076435,0.4359532025316409,0.580697207776846,0.5649213624528485
COBL,ENSG00000106078,chr7,51006211,51326818,2008,0.4090492032162339,0.5471313386330362,0.5101058212690662,0.4419740494408097,0.46479751455313106,0.30230488626753904,0.37519640568913154,0.48984824002686594,0.4169567206052734
POM121L12,ENSG00000221900,chr7,53025632,53046925,198,0.2594768227927875,0.3873801244612494,0.3188870092865662,0.36835179569361065,0.3695389466859627,0.2031909595648526,0.24406471126134435,0.2868196809828096,0.2459459292863179
VSTM2A,ENSG00000170419,chr7,54532324,54581080,369,0.3039275152361205,0.31617020525581974,0.3267077262468048,0.3343114805515464,0.2853038997813297,0.17338597551207802,0.22554088773801442,0.20666025490614764,0.15450534268021124
SEC61G,ENSG00000132432,chr7,54742249,54769974,185,0.19815707250285594,0.271578922722111,0.2675204632041721,0.18078208402442206,0.27959604372172586,0.1131993309218105,0.09416898803743107,0.2036766642198548,0.22270700710423424
EGFR,ENSG00000146648,chr7,55009016,55221628,1498,0.4248485801205953,0.5239748243345851,0.4675163932628651,0.44058489906844694,0.48610149054377716,0.3326016513425179,0.32870927717961995,0.40968288475343606,0.413575258916334
LANCL2,ENSG00000132434,chr7,55355336,55443737,590,0.36774345535071956,0.4334539852717381,0.3448614419834779,0.39244839685667515,0.3239693335086998,0.30187424541102104,0.33749915002706055,0.2663227300499942,0.23069782543395476
VOPP1,ENSG00000154978,chr7,55426055,55582988,893,0.426634515751177,0.46721933602346244,0.4470300098270697,0.47191381818613837,0.4480046182008992,0.2967129138679749,0.33696281908341164,0.3329325378818567,0.29268263266641986
SEPTIN14,ENSG00000154997,chr7,55783539,55872755,505,0.41100536807526655,0.30636134385098274,0.20340330345173488,0.34487548277781044,0.20992925501740103,0.333867788256496,0.2765506471542771,0.03193633418685654,0.08925347528907546
RP11-15K19.2,ENSG00000249773,chr7,55877276,55965239,434,0.49181895361317307,0.2716563168877226,0.34830777567025056,0.4465358273083008,0.2929712207792208,0.2828584386448234,0.2809282998877455,0.03412381135389059,0.03605395011096851
ZNF713,ENSG00000178665,chr7,55877455,55952530,369,0.48226096780142086,0.24264851346708532,0.34777387848293945,0.46046690906090554,0.26614332887662207,0.2544239078404274,0.29276871883666694,0.0235039103622372,0.0
NIPSNAP2,ENSG00000146729,chr7,55941792,56010181,334,0.35732221651049545,0.4342778353082271,0.36821708248497476,0.38016964168790557,0.39928801392636387,0.2762772811423222,0.26916098329695015,0.2933749152581311,0.3004912131035032
MRPS17,ENSG00000239789,chr7,55941876,55966500,105,0.4777138246202748,0.32222920978612746,0.29414808625241495,0.4899874855679726,0.35277058910499426,0.34506795548342245,0.3136058301047612,0.04387816024719077,0.07534028562585199
PSPH,ENSG00000146733,chr7,56001050,56061604,276,0.3052979135873733,0.43341053201209345,0.39838885072337765,0.3123016859896109,0.38229829498662676,0.21212424199839014,0.23038784906041967,0.35599603785061995,0.3377324307885904
CCT6A,ENSG00000146731,chr7,56041684,56073989,150,0.2211945612279367,0.41110931762026387,0.3959598744544981,0.24219515630549895,0.3786027513257597,0.13769704149031625,0.16552969510412635,0.3918176697419693,0.36398501612815926
SUMF2,ENSG00000129103,chr7,56054001,56090670,173,0.2676123659939759,0.40826810371038247,0.4106087281798875,0.30262282917120215,0.37571721452454004,0.15374097886341187,0.20698933655731977,0.3709606457040422,0.3177122880101344
PHKG1,ENSG00000164776,chr7,56070282,56102996,173,0.29192798813450144,0.46230671613440344,0.3601440294635948,0.309304646969707,0.3627972284174791,0.25958214526249135,0.26992803261269827,0.36088484046817115,0.3505389531179643
CHCHD2,ENSG00000106153,chr7,56091572,56116476,150,0.4647720983003504,0.29827725094320384,0.31009647210429225,0.4350177117686121,0.32975689331442926,0.3040380149138271,0.26253150365531985,0.050178882417103,0.09168539367561018
NUPR2,ENSG00000185290,chr7,56104680,56126417,164,0.5361664124366906,0.5435321387830604,0.37992251199748833,0.554308465682409,0.3431760655945549,0.5372777972460034,0.5860129483901142,0.24695918677107837,0.19822403562696755
ZNF479,ENSG00000185177,chr7,57107675,57149864,110,0.30530495544048175,0.4881361547581963,0.24633126749999448,0.26429298174051985,0.2653828274936197,0.37558828837771563,0.33410707994924127,0.2941083281919399,0.33558953662041424
ZNF716,ENSG00000182111,chr7,57440176,57483559,144,0.26853008217863356,0.20782954172054302,0.3500585072769892,0.3146713162317878,0.33907711473831037,0.05740246860803652,0.09835865051128262,0.17557621661694942,0.13462003471370337
ZNF722P,ENSG00000241149,chr7,63988873,64026130,157,0.4425132468232437,0.6401288193910581,0.5335858279754204,0.6309160885937741,0.5114367882143286,0.42182221091946936,0.6512269928573673,0.6001869322913589,0.37078215035346096
ZNF727,ENSG00000214652,chr7,64035433,64095339,186,0.36514359606374974,0.5867455904481567,0.45487466844162705,0.5016737695190913,0.4900927341425763,0.36565438425827385,0.45333290280469973,0.5180374876577747,0.43035896911134885
ZNF735,ENSG00000223614,chr7,64197089,64230508,0,,,,,,,,,
ZNF679,ENSG00000197123,chr7,64218473,64276931,87,0.3635191926798712,0.5150707626423263,0.3695352243661323,0.3880452058505584,0.4740470176671188,0.35712766172859994,0.2861528542860554,0.36662463931614986,0.43759944675869444
ZNF736,ENSG00000234444,chr7,64297458,64366634,47,0.23874097820755383,0.364062420866042,0.36399865282010574,0.2572035151858287,0.4069997075093244,0.1364409388892663,0.11371383079427672,0.31621392758517325,0.33894103568016287
ZNF680,ENSG00000173041,chr7,64509877,64573075,0,,,,,,,,,
ZNF107,ENSG00000196247,chr7,64656098,64721582,0,,,,,,,,,
ZNF138,ENSG00000197008,chr7,64784387,64843681,0,,,,,,,,,
ZNF273,ENSG00000198039,chr7,64860171,64940966,0,,,,,,,,,
ZNF117,ENSG00000152926,chr7,64961771,65016684,0,,,,,,,,,
ERV3-1,ENSG00000213462,chr7,64980355,65016743,0,,,,,,,,,
ZNF92,ENSG00000146757,chr7,65363798,65411136,263,0.3232943112948944,0.3605141495208911,0.3207321233837827,0.34320073627160247,0.35057542816680015,0.22543495025361146,0.2178995218406222,0.22165583386667112,0.2291912622796604
VKORC1L1,ENSG00000196715,chr7,65863073,65969563,336,0.30260527688491407,0.4922782344694755,0.42698311295580355,0.2764211637166019,0.41637690980348324,0.24069265347891378,0.23143378139459742,0.4371290336188436,0.44638790570316
GUSB,ENSG00000169919,chr7,65950683,65992215,206,0.3033234234765451,0.4450032513582886,0.4304938304431781,0.2630593308254765,0.4032868462639116,0.19362067940351546,0.1888610780919635,0.3951723441525699,0.3999319454641218
ASL,ENSG00000126522,chr7,66065799,66104697,0,,,,,,,,,
AC068533.7,ENSG00000249319,chr7,66077760,66162277,156,0.43289979917816956,0.3796352492037078,0.3009674539553348,0.512592772120313,0.28967647098488214,0.34330447953327076,0.4270341182828016,0.13414318665892772,0.05041354790939684
CRCP,ENSG00000241258,chr7,66104603,66164568,166,0.4286367867707355,0.44702133600770844,0.37242691780183085,0.5098045093350179,0.3637459183515912,0.34313544135946783,0.42661478571166517,0.24930041913707057,0.16582107478487323
TPST1,ENSG00000169902,chr7,66195316,66430543,689,0.49655388012282936,0.46993620782138906,0.36524538259585576,0.5096063320202754,0.3889325040009971,0.43325985836881464,0.4273784328215414,0.2014980587089989,0.20737948425627212
KCTD7,ENSG00000243335,chr7,66618880,66659067,198,0.44855327128412337,0.38160312250482314,0.2608814886700068,0.4462613895006427,0.2732978162725483,0.3867689328574132,0.3762244102296072,0.09385589819288681,0.10440042082069284
RP11-792A8.5,ENSG00000284461,chr7,66618957,66821189,810,0.42798070452693343,0.4416399130864799,0.33583004029186414,0.4011625240263217,0.3257542208792546,0.36605828183145583,0.3506778369278233,0.21669292584756417,0.23207337075119677
RABGEF1,ENSG00000154710,chr7,66672163,66821464,541,0.35526102403228715,0.4497274776988947,0.3973291900197051,0.324235680071212,0.36051826637974,0.2649336045711897,0.2710776546808008,0.33240802380867,0.3262639736990588
TMEM248,ENSG00000106609,chr7,66911224,66968551,245,0.18289649790264367,0.2700351377179144,0.1916210852466199,0.1756330819849583,0.2170382058232525,0.15201200498393,0.13161353042639218,0.16274687487439843,0.18314534943193622
SBDS,ENSG00000126524,chr7,66977679,67005587,80,0.2155793653592782,0.24874927179912526,0.19980670317593294,0.21979041438374383,0.16694048001468503,0.15296187153857765,0.175779166446722,0.1330539522756439,0.11023665736749949
TYW1,ENSG00000198874,chr7,66985172,67249519,106,0.25007767828832156,0.25953506797693404,0.17235415420199052,0.24919289136694542,0.2464969951123371,0.19954635692997,0.15203061838760193,0.10093064662563722,0.14844638516800523
SPDYE21,ENSG00000230358,chr7,67268713,67296664,8,0.02469803570702347,0.3888625147844529,0.3447977803397253,0.06267925798621568,0.48377321003019336,0.04731505934046018,0.0,0.4451182690631567,0.5444563375392854
AUTS2,ENSG00000158321,chr7,69588295,70803506,5402,0.3373933356786144,0.41233105212455445,0.38857653926643115,0.3328332475560882,0.3548197346443541,0.22559986833737997,0.24904062201917548,0.3059916351151929,0.28255088143339735
GALNT17,ENSG00000185274,chr7,71122143,71723600,4552,0.41605683603939897,0.4896099624168295,0.44248547091916024,0.44841380476003384,0.4764661725999265,0.3131324870015895,0.3101917965622748,0.35944757898221297,0.3623882694215278
CALN1,ENSG00000183166,chr7,71769490,72457151,4409,0.38581571502387113,0.49494493391312844,0.4533691403677786,0.3680374334491968,0.44026206964236464,0.28328326085754696,0.28086317216555967,0.39980455303766915,0.40222464172965644
TYW1B,ENSG00000277149,chr7,72548743,72838200,93,0.3252306252495588,0.22419005984161683,0.2589073440003325,0.33384226250579496,0.34574094779392794,0.17380120256644394,0.11791230150549267,0.08004650870719277,0.135935409768144
POM121,ENSG00000196313,chr7,72869364,72961440,3,0.3377662250545028,0.3367041198501873,0.0,,,0.41133538231754796,,0.0,
TRIM74,ENSG00000155428,chr7,72949484,72979466,0,,,,,,,,,
SPDYE8,ENSG00000273520,chr7,73010337,73039766,0,,,,,,,,,
SPDYE11,ENSG00000286228,chr7,73038480,73067911,0,,,,,,,,,
SPDYE9,ENSG00000262461,chr7,73066164,73096038,0,,,,,,,,,
NSUN5,ENSG00000130305,chr7,73292515,73318826,0,,,,,,,,,
TRIM50,ENSG00000146755,chr7,73302535,73338082,0,,,,,,,,,
FKBP6,ENSG00000077800,chr7,73318160,73368637,0,,,,,,,,,
FZD9,ENSG00000188763,chr7,73423777,73446120,64,0.08862523632923493,0.10010352995385069,0.011063652055123269,0.09992736959613546,0.04179914538569029,0.09357566813851181,0.08402875569197117,0.011899887418206176,0.02144679986474682
BAZ1B,ENSG00000009954,chr7,73430405,73532293,351,0.19493626683271378,0.2275493184845266,0.21161257910121123,0.17158704075039632,0.18714415616098956,0.11862764447480934,0.11961456090601169,0.1395594704718754,0.13857255404067303
BCL7B,ENSG00000106635,chr7,73526355,73567690,122,0.07826927608237567,0.18780130944948695,0.21339676048044887,0.12220450564839123,0.16426259431993528,0.024740564958458486,0.07945554365357343,0.18326971099820175,0.12855473230308684
TBL2,ENSG00000106638,chr7,73557536,73588791,88,0.12915037362476148,0.07954182903894996,0.08350899046875687,0.15862341909614097,0.10263410423019853,0.06698333075625394,0.0736540365764444,0.015900390235389444,0.009229684415198988
MLXIPL,ENSG00000009950,chr7,73583193,73634543,221,0.17150047325227352,0.18585334147326737,0.1962963089650693,0.15897089476975615,0.12674244073867494,0.08761457556929539,0.12160951594418701,0.11800018345873782,0.0840052430838462
VPS37D,ENSG00000176428,chr7,73657830,73682112,103,0.4736277434208424,0.5128305098226359,0.397636065815042,0.513876106320687,0.4190538016937378,0.42699815863162444,0.4486689106694689,0.2921450287043756,0.2704742766665312
DNAJC30,ENSG00000176410,chr7,73670917,73693453,100,0.3297459739336761,0.4077045255234171,0.27009725364162657,0.4356527896915836,0.3501203390968953,0.3045020867557596,0.3324335909019698,0.2192475695659567,0.19131606541974655
BUD23,ENSG00000071462,chr7,73673024,73715161,175,0.37836007819108664,0.4462522517520482,0.32789558210984665,0.4666361683772,0.4307029175943806,0.33454935747621883,0.32812231642322587,0.25649666652422776,0.2629237075772207
STX1A,ENSG00000106089,chr7,73689205,73729672,164,0.42623577263218965,0.5380940348700733,0.4427619907090381,0.4515673042464147,0.4983269904733558,0.37158392173075494,0.34163895656512366,0.400810025566264,0.43075499073189527
ABHD11,ENSG00000106077,chr7,73726093,73748852,83,0.42322545076713336,0.4032993246276057,0.31728150132187116,0.4027769338615416,0.25528105777392646,0.3424854160474837,0.36852793616193186,0.17385425656144848,0.1478117364470004
CLDN3,ENSG00000165215,chr7,73758996,73780270,76,0.4045231085167095,0.47607556329144246,0.37970357809223854,0.3296097747365924,0.20078272184974041,0.34362134532133237,0.41109034380740483,0.302786464492929,0.23531746600685644
CLDN4,ENSG00000189143,chr7,73789541,73842690,223,0.3492381917535915,0.5912254246508482,0.3949837626515963,0.5236291607140175,0.5233366613228095,0.4108515211784933,0.44760263156204927,0.48373991422115337,0.4469888038375972
METTL27,ENSG00000165171,chr7,73824589,73852516,117,0.2522932085486387,0.4878705122326722,0.3562013603985651,0.41301460104831333,0.3273751894345138,0.2597764374102215,0.40268276039803325,0.40940134271212536,0.2664950197243135
TMEM270,ENSG00000175877,chr7,73851158,73875890,106,0.24958114141644974,0.6045160855651001,0.4639567992832136,0.42391679882982497,0.45110932536082243,0.29561419574626724,0.43964617677972734,0.6320309683220189,0.4879989872885588
ELN,ENSG00000049540,chr7,74017788,74079907,174,0.2626153616081453,0.4930715994119325,0.4948744856104609,0.35218690753055026,0.6576909009631405,0.15054139768174585,0.02074870856031774,0.5288441094017222,0.6586367985231503
LIMK1,ENSG00000106683,chr7,74072932,74132525,123,0.5331611073142412,0.742809517830236,0.6721962307897931,0.6110950286866518,0.7610036757301376,0.5021846215037571,0.43552572048073623,0.8557536713604312,0.9224125723834519
EIF4H,ENSG00000106682,chr7,74164230,74207122,176,0.5481898139580128,0.7045998066071093,0.7060009615438044,0.4960506730693208,0.6953727321613951,0.39486930086654004,0.35801874479926776,0.8245549533371146,0.8614055094043869
LAT2,ENSG00000086730,chr7,74189651,74239834,190,0.17785014461502782,0.3542171948937387,0.41111315219603173,0.19066414775677132,0.4130336141667586,0.051801709340679125,0.05802281237738294,0.3854903373975805,0.3792692343608766
RFC2,ENSG00000049541,chr7,74221498,74264458,184,0.24862010727568276,0.23888943550074362,0.5339997443944712,0.2306038140770517,0.4236930885206747,0.0,0.0,0.37535091681786537,0.28097116255717375
CLIP2,ENSG00000106665,chr7,74279406,74415935,684,0.37263057838859925,0.7660174297745109,0.6687563156830904,0.47915430071370535,0.7280336273510336,0.40691370360904056,0.40136662300519854,1.0455949490054897,1.051142029609332
GTF2IRD1,ENSG00000006704,chr7,74443789,74612605,789,0.2925871763198388,0.30054433926135943,0.2884330900337768,0.34805067434837633,0.29292459561081086,0.18165396163580677,0.2193116753381818,0.17579891232826675,0.13814119862589166
GTF2I,ENSG00000263001,chr7,74640230,74770692,272,0.5794694295462569,0.5707643480087794,0.5254265560109186,0.6396263425888405,0.5521563358058583,0.48332420821710326,0.5315259913839288,0.3624249973091294,0.3142232141423037
NCF1,ENSG00000158517,chr7,74763961,74799376,0,,,,,,,,,
GTF2IRD2,ENSG00000196275,chr7,74786150,74861605,0,,,,,,,,,
CASTOR2,ENSG00000274070,chr7,74954704,75041528,0,,,,,,,,,
RCC1L,ENSG00000274523,chr7,75017121,75084228,53,0.5698812571789952,0.18309920168327246,0.28055294951763865,0.5488764064086236,0.35386222926351346,0.3583296141193548,0.2807545082110561,0.0,0.0
GTF2IRD2B,ENSG00000174428,chr7,75082572,75159817,0,,,,,,,,,
SPDYE13,ENSG00000286038,chr7,75271242,75297121,0,,,,,,,,,
SPDYE14,ENSG00000286137,chr7,75299170,75325049,0,,,,,,,,,
SPDYE15,ENSG00000286014,chr7,75327137,75353016,0,,,,,,,,,
TRIM73,ENSG00000178809,chr7,75385062,75420996,0,,,,,,,,,
POM121C,ENSG00000272391,chr7,75406785,75496299,0,,,,,,,,,
SPDYE5,ENSG00000170092,chr7,75483624,75514304,0,,,,,,,,,
HIP1,ENSG00000127946,chr7,75523297,75748962,0,,,,,,,,,
CCL26,ENSG00000006606,chr7,75759532,75799896,197,0.16469175149546306,0.2756228446252542,0.19342185633760864,0.1572862048498327,0.18883085322939516,0.14372152899116464,0.14214614731338965,0.17872156040561665,0.1802969420833917
CCL24,ENSG00000106178,chr7,75800824,75833356,76,0.16994954184909153,0.25873809413281756,0.2168435591254383,0.15433013354983224,0.25070708327550645,0.12062362391702902,0.08920109819572516,0.17877764300400836,0.2102001687253122
RHBDD2,ENSG00000005486,chr7,75832601,75898926,308,0.40505809014585625,0.4825456155177272,0.44030222379733414,0.3854272869416396,0.4066122612547016,0.29888354303384945,0.31187734888062735,0.3599503606218195,0.3469565547750415
POR,ENSG00000127948,chr7,75889199,75996855,680,0.3360270382998608,0.5766215884871461,0.6031414104636392,0.36575284479060916,0.5814048205110658,0.1724137506270479,0.2219772454718787,0.6870751593509374,0.6375116645061066
TMEM120A,ENSG00000189077,chr7,75976830,76004656,195,0.45341252898136924,0.6455539281950995,0.6036345551931164,0.5335477323346699,0.5648328178512303,0.357920671901905,0.4838868291743064,0.6792783973490089,0.5533122400766073
STYXL1,ENSG00000127952,chr7,75986337,76058004,373,0.4532978767626931,0.5736305803493663,0.5414806050013851,0.5432423336972755,0.5678011683244035,0.33827381418630936,0.39859094375348203,0.5141753120332926,0.45385818246611986
MDH2,ENSG00000146701,chr7,76038050,76077508,245,0.4096113627004848,0.47128522511705206,0.3442576273015435,0.3838114908870688,0.23869497667862077,0.37114656518773387,0.4243936645394576,0.26615960525981786,0.21291250590809419
SRRM3,ENSG00000177679,chr7,76191895,76297288,501,0.27127324058713936,0.22669086542953265,0.18276824274819561,0.29056529351449084,0.19400737444762944,0.18585013604810463,0.19234126157423664,0.07122625893508183,0.06473513340894976
HSPB1,ENSG00000106211,chr7,76292672,76314295,181,0.29022847223023834,0.4127123967323096,0.3111600211964358,0.2852318133389996,0.258648302886366,0.2511532454864605,0.28437874335001834,0.28108737919663684,0.24786188133307901
YWHAG,ENSG00000170027,chr7,76316798,76368991,293,0.3378549020593618,0.4281044823232324,0.3802346346034738,0.35034524266795586,0.35712366123669415,0.24632760804720105,0.2741551365147823,0.3124713576440166,0.2846438291764353
SSC4D,ENSG00000146700,chr7,76379333,76419697,233,0.2734483359823087,0.5112728131358276,0.42508667084804075,0.28243723935153603,0.40059940059940063,0.24093027436340486,0.2680102925261517,0.4750205709012799,0.44794055273853317
ZP3,ENSG00000188372,chr7,76387517,76452071,283,0.3155912931307634,0.46353991723561505,0.4073623457909702,0.31458670583255305,0.3615922108819735,0.23939551634701428,0.2758591821594115,0.38336760638109046,0.3469039405686933
DTX2,ENSG00000091073,chr7,76451675,76515995,0,,,,,,,,,
UPK3B,ENSG00000243566,chr7,76500524,76526522,0,,,,,,,,,
SPDYE16,ENSG00000185040,chr7,76521318,76551459,0,,,,,,,,,
POMZP3,ENSG00000146707,chr7,76599985,76637279,13,0.14620898216818715,0.21861288166191925,0.0727668494105007,0.120021993716575,0.043720366577905005,0.16460158632101018,0.1649190207095523,0.08208299553810888,0.08176556114956676
SPDYE17,ENSG00000186645,chr7,77012318,77042361,0,,,,,,,,,
CCDC146,ENSG00000135205,chr7,77112433,77339533,1041,0.45632182721464754,0.638822443532969,0.589414572511018,0.4521302615524634,0.6072797314620256,0.3688060654646523,0.34272280690359735,0.6495795299322233,0.6756627884932782
FGL2,ENSG00000127951,chr7,77183368,77209848,124,0.22725397629903707,0.28825892680612125,0.23627636736759997,0.22969769587905373,0.22435486207396063,0.16414832296777263,0.17347658675291025,0.17589277198772713,0.16656450820258956
GSAP,ENSG00000186088,chr7,77300750,77426349,735,0.3229308600592238,0.5453181072267302,0.47414653726212647,0.30539960482507184,0.44413403930338047,0.2677032163180809,0.2826738596859494,0.520454024985227,0.5054833816173584
PTPN12,ENSG00000127947,chr7,77527294,77650069,543,0.5031152095033571,0.5513904511659962,0.49292670730954535,0.4712587107490863,0.490422781790539,0.4109498682864713,0.3823422566460708,0.39065250298232257,0.41926011462272306
RSBN1L,ENSG00000187257,chr7,77686458,77793022,522,0.3708572730046704,0.5206899908404904,0.4258703268809453,0.38362694125761954,0.44668396660523624,0.32195241520251594,0.3137423111724394,0.41345527496224943,0.42166537899232603
TMEM60,ENSG00000135211,chr7,77783727,77808434,101,0.433628133893566,0.5134943040719404,0.49482675808876125,0.479129678398024,0.4685316832318765,0.3030786117326488,0.37032457329468105,0.41742805772062075,0.35018209615858853
PHTF2,ENSG00000006576,chr7,77788791,77967503,757,0.33690831340988925,0.3980383701230688,0.326601596984021,0.3566443557633717,0.35822318670922604,0.26149271877184815,0.25255225052974434,0.24606885467876566,0.25500932292086953
MAGI2,ENSG00000187391,chr7,78007054,79463667,10231,0.4238526166839431,0.4759189910193553,0.44654535095631787,0.43711127629459157,0.43877476622375083,0.30296266072588257,0.32157468036541736,0.34314634859283544,0.3245343289533006
GNAI1,ENSG00000127955,chr7,79758027,80236181,3044,0.4142784393162053,0.6432473894420087,0.6455347539787514,0.3856975994569968,0.5561820603884258,0.2642392426777339,0.35281991076433766,0.766473462362482,0.6778927942758783
CD36,ENSG00000135218,chr7,80359574,80689277,2398,0.3743019460852457,0.4505055887149033,0.38447364682157614,0.3559890362359569,0.3692129023505152,0.2911832617921397,0.2890046631148515,0.30757341394381654,0.3097520126211048
GNAT3,ENSG00000214415,chr7,80448634,80522064,516,0.30135253042345206,0.27250544190689224,0.24740092439971523,0.3637942505869565,0.2963784068711047,0.19626756524414865,0.20943372287334178,0.12188119500470612,0.10871503737551305
SEMA3C,ENSG00000075223,chr7,80732537,80932359,1265,0.4331728459356776,0.4845059195476932,0.4743801635693022,0.5075595416106456,0.4885446589355632,0.2935766256899173,0.3502580869552934,0.36905283301984304,0.312371371754467
HGF,ENSG00000019991,chr7,81689009,81780438,578,0.6671425129914725,0.42393070406102956,0.46970825924362614,0.624416535961291,0.43087960152155325,0.5086200989983863,0.48356930376485213,0.04290722107437828,0.0679580163079126
CACNA2D1,ENSG00000153956,chr7,81936443,82453777,3499,0.354339338675436,0.3955417974777469,0.3432233297549974,0.3779336626574802,0.34680904988249117,0.26024635933719775,0.27612276139257014,0.24317639586442355,0.22729999380905114
PCLO,ENSG00000186472,chr7,82744011,83172930,2777,0.3961254167555786,0.48791004031463525,0.42658085626674885,0.3630630305375477,0.37823097600979216,0.3087526866847208,0.3225764724674447,0.36050228018130875,0.3466784943985848
SEMA3E,ENSG00000170381,chr7,83353237,83659139,2260,0.46950310076624635,0.4572017130749067,0.38997330926653073,0.4378989976715648,0.37883003154435296,0.37535305274253095,0.3554703497660858,0.23566445428038402,0.2555471572568293
SEMA3A,ENSG00000075213,chr7,83945776,84502724,3500,0.320783604402144,0.44136451765730816,0.40364098968613604,0.3361235940410945,0.4147436288167154,0.22608059254862584,0.22810605169297382,0.35617751481320103,0.354152055668853
SEMA3D,ENSG00000153993,chr7,84985552,85197056,1061,0.3517950082788496,0.5694352927360575,0.4851595979632538,0.27781525210633357,0.4714178736149172,0.3061538106395187,0.26528742899284286,0.5365038485365174,0.5773702301831931
GRM3,ENSG00000198822,chr7,86633908,86874879,1496,0.4682091430288072,0.49976037743872276,0.5159855824543141,0.34890460887023633,0.4115601920811779,0.2992662293878972,0.2957432647844433,0.39340182085076003,0.39692478545421406
ELAPOR2,ENSG00000164659,chr7,86866905,87069654,1101,0.196621579341322,0.1714564266178133,0.04774676902410328,0.29942725938741777,0.12297136840557037,0.17904549360059657,0.20636364403227217,0.009040356799295587,0.0
DMTF1,ENSG00000135164,chr7,87142408,87206337,336,0.6524199476162528,0.6965113344870334,0.6819653874708788,0.5793532725592102,0.6813034889091979,0.5517881156713831,0.4574284674753095,0.6406228994296097,0.7349825476256835
TMEM243,ENSG00000135185,chr7,87186159,87230587,215,0.6849715119701332,0.7233531438464426,0.758550031524894,0.6077511153740144,0.7373853772430287,0.5095063412579041,0.44190228522646025,0.775507132429657,0.843111188461101
CROT,ENSG00000005469,chr7,87335663,87409794,485,0.4687363889025868,0.5825661525022903,0.6861422338360124,0.5287349270120945,0.716404353798825,0.1736553824188647,0.18287895781107355,0.6999738139340304,0.6907502385418214
ABCB4,ENSG00000005471,chr7,87391695,87490435,516,0.3497245668638255,0.41478369159979184,0.3757423727852387,0.4742046473024264,0.4658066805556782,0.24747043650663164,0.2758097316510237,0.28830330563819895,0.2599640104938068
ABCB1,ENSG00000085563,chr7,87493016,87723323,1018,0.4230050471935319,0.4129152875779554,0.4610630608627988,0.35705440030555674,0.3948584848740604,0.23217560212563576,0.2359941893023204,0.30041055326344596,0.29659196608676114
RUNDC3B,ENSG00000105784,chr7,87617547,87842296,736,0.27606677540907065,0.2697925940581,0.32812723196311966,0.23555823259942915,0.28050329884182384,0.11989824993980078,0.12691637861747515,0.19452841752506794,0.1875102888473936
SLC25A40,ENSG00000075303,chr7,87823567,87886360,259,0.18688510489565285,0.16349508571333257,0.03511796124414163,0.1408977258883917,0.041423467175810566,0.17482815801719714,0.14404215638818893,0.003694725735631871,0.0344807273646401
DBF4,ENSG00000006634,chr7,87866215,87919553,214,0.09333419115273361,0.07161402884546358,0.033324886736472055,0.0683863316629655,0.05058539508406412,0.06919812805154203,0.046617547493169986,0.005109587421586292,0.02769016797995834
ADAM22,ENSG00000008277,chr7,87924142,88212889,1279,0.4552916496311452,0.4666288316081193,0.44802975045410526,0.3532063838204562,0.38637709326182174,0.3208906778948803,0.2879455222347745,0.3076470433088925,0.3405921989689983
SRI,ENSG00000075142,chr7,88195114,88236993,227,0.3402350041623241,0.3915887099945567,0.3388156353370664,0.4245951646515877,0.3607564012215175,0.24952658797288904,0.301057953914853,0.24737757391686022,0.1958462079748962
STEAP4,ENSG00000127954,chr7,88260891,88316894,260,0.3095623403671507,0.3219400720336157,0.3785810389213316,0.23449772060688437,0.3186765864653387,0.1415997148780138,0.13601225801451297,0.24691989073888404,0.2525073476023849
ZNF804B,ENSG00000182348,chr7,88749699,89348528,4044,0.3846597234039721,0.4308426257912518,0.3676297302812765,0.3854700637830736,0.3676219630903055,0.2954489925462047,0.29611401677574767,0.2681493102191713,0.2674842859896284
TEX47,ENSG00000164645,chr7,88784105,88805737,122,0.3015501584172341,0.4045956528393713,0.321260502154514,0.2127940990093951,0.3227990404911217,0.24494428008158395,0.18399637721540135,0.2735702491016132,0.3345181519677957
STEAP1,ENSG00000164647,chr7,90144455,90174829,77,0.46635927395400806,0.5859070752494024,0.49106631477608753,0.5816023974656581,0.44293035660352936,0.4171298915953734,0.583961478454598,0.46453498282859257,0.29770339596936796
STEAP2,ENSG00000157214,chr7,90157589,90248137,442,0.45409736903360304,0.5729439812035234,0.49340829394680336,0.5289645138240867,0.4870979841040972,0.38805241008324814,0.4679957370975544,0.46278767271428944,0.3828443456999833
CFAP69,ENSG00000105792,chr7,90235173,90321063,477,0.4151635597274612,0.6299228434772308,0.5253231080103241,0.515631942291794,0.5556881415253451,0.39267294513196627,0.4538626981186558,0.6013708188088778,0.5401810658221883
FAM237B,ENSG00000283267,chr7,90306502,90331308,135,0.33679897880165743,0.6632071960980765,0.6021795749829945,0.534029241410468,0.5541622565653835,0.28860496467309993,0.5220597812246583,0.7996823982560491,0.5662275817044908
GTPBP10,ENSG00000105793,chr7,90325222,90401453,500,0.477444206649603,0.6802041453059886,0.5839694164872787,0.4860979428487506,0.614292284942049,0.4560497283985782,0.42655980579859243,0.6840227124502933,0.7135126350502792
CLDN12,ENSG00000157224,chr7,90373720,90523402,897,0.3638151224694221,0.43597424111633687,0.4103068565812319,0.4183507447841649,0.41325636873018123,0.24838422670515736,0.2906878626886804,0.3242711300423003,0.2819674940587772
CDK14,ENSG00000058091,chr7,90456423,91220590,4147,0.4455129404665295,0.4961821495733154,0.4418167758789872,0.4516550791040494,0.44151413154544483,0.3460921409517041,0.3519326464941544,0.33944834316619527,0.333607837623745
PTTG1IP2,ENSG00000251154,chr7,90459638,90523397,353,0.417463506136401,0.4105098807891598,0.3885914518929874,0.3898082935627887,0.3711101256984908,0.28843543856205744,0.2793401502891909,0.24006188188789268,0.24915717016075928
FZD1,ENSG00000157240,chr7,91254432,91281326,107,0.4169247783990335,0.24062704203592944,0.20054717948921422,0.3897065010344812,0.2737458045926129,0.2954367788874336,0.2246111696084794,0.0,0.05065107194917243
MTERF1,ENSG00000127989,chr7,91682007,91890702,1027,0.39077586519574703,0.38971779084919783,0.33770129015829736,0.4636059852105461,0.3763423147359204,0.28868211544633116,0.3222832170740192,0.20515167540025622,0.17155057377256822
AKAP9,ENSG00000127914,chr7,91930839,92120673,809,0.34077937406585845,0.30697162151261803,0.2344274035503714,0.3362177183814615,0.20137027710206742,0.25812505446093736,0.2758137682719263,0.10855927597149051,0.09087056216050168
CYP51A1,ENSG00000001630,chr7,92102152,92144803,207,0.24752574103713523,0.20551688059956275,0.11402774704543352,0.30156303679060803,0.11932850592390065,0.1966911921402292,0.23095164465449652,0.03337234791220431,0.0
CTB-161K23.4,ENSG00000285772,chr7,92102158,92189511,384,0.2571266279932848,0.1848746715140977,0.11384814436166572,0.2801571680117778,0.12020076049502239,0.1903880643085757,0.2025371227615065,0.01402533597189734,0.0018762775189664904
CTB-161K23.3,ENSG00000285953,chr7,92121773,92255924,564,0.2558191940187394,0.23701127289654514,0.11088734213190884,0.30423876415837886,0.14921393183461612,0.22422597494529578,0.2358330904642156,0.04628604729998753,0.034678931781067734
LRRD1,ENSG00000240720,chr7,92131642,92189531,248,0.25154434106442225,0.2011239106015416,0.1262793566363001,0.24328800634000702,0.12925728551769486,0.18964907984265678,0.18245662304200533,0.03490034750423637,0.04209280430488782
KRIT1,ENSG00000001631,chr7,92188968,92256166,273,0.33585071487985935,0.16721671376683916,0.26249176560026916,0.34939098299298144,0.2812483825888929,0.14387606674599357,0.14129440009960667,0.03910576450137718,0.04168743114776405
ANKIB1,ENSG00000001629,chr7,92235973,92411383,623,0.24780823615997657,0.30072281177466564,0.2709665699910289,0.287153913847959,0.2884748855380551,0.16321817871758548,0.17792662566414644,0.19448988695719532,0.1797814400106344
GATAD1,ENSG00000157259,chr7,92437481,92470075,157,0.10718056085236122,0.14901614448260556,0.08641174283937515,0.08209131890054522,0.10554224011252203,0.09217887129915471,0.06774094591450458,0.06918325047946432,0.09362117586411443
ERVW-1,ENSG00000242950,chr7,92458379,92487986,131,0.19802996292494682,0.21426015237937907,0.15850962569590163,0.1853783547861363,0.19299037615770678,0.14461642596382757,0.11587067560877196,0.09651309804692217,0.12525884840197776
PEX1,ENSG00000127980,chr7,92477019,92538520,270,0.43022049236513354,0.3914509544573793,0.3833024157630061,0.4557791617366087,0.3255992985547429,0.287903538271454,0.3555735493477611,0.20877423080376895,0.1411042197274619
RBM48,ENSG00000127993,chr7,92518772,92550481,156,0.15603440296071527,0.2223820980956424,0.18059589096532658,0.1329214498155768,0.1844552232483267,0.1109928259642815,0.09512337955695059,0.1405271781402836,0.15639662454761452
FAM133B,ENSG00000234545,chr7,92550757,92600393,234,0.23590654839348998,0.2248309161609462,0.19378825096829932,0.2093991495009649,0.17989442378272913,0.15416521205481934,0.1456569787792125,0.10050888867461888,0.10901712195022575
CDK6,ENSG00000105810,chr7,92594920,92846573,1060,0.3136163568127595,0.365282937433248,0.32209442519195425,0.299184083697388,0.3206221111587528,0.2210736200794974,0.21175410461698724,0.2335023300671168,0.24282184552962693
SAMD9,ENSG00000205413,chr7,93089512,93128023,188,0.31295772808672034,0.30155536879795725,0.2711700736726064,0.3009064781579472,0.2710817407328479,0.20897197882157842,0.20033822151840586,0.14992739274853023,0.1585611500517028
SAMD9L,ENSG00000177409,chr7,93120055,93158385,208,0.3992041257753177,0.3711317773931038,0.36655050807919276,0.4793628772587559,0.3737327457661004,0.25837929095753936,0.3242787266517288,0.20545425628268227,0.13955482058849278
HEPACAM2,ENSG00000188175,chr7,93178533,93236469,219,0.30220894308229185,0.35954743071037365,0.3595394155660721,0.352094674850981,0.4048972499411055,0.17992404057879235,0.18028485515841508,0.26565617243992784,0.2652953578603051
VPS50,ENSG00000004766,chr7,93222339,93371123,605,0.3976121799661047,0.37952366489323586,0.35862919895719275,0.37656218208603787,0.37289477223476636,0.26998705935602835,0.24156656898176082,0.20728075413457853,0.23570124450884605
CALCR,ENSG00000004948,chr7,93414485,93584730,986,0.3231884961102811,0.3048576711685311,0.26821476661078986,0.33776254492525476,0.26621350992225784,0.2208664664902445,0.23311629022826197,0.1427721982080789,0.13052237447006146
GNGT1,ENSG00000127928,chr7,93581572,93921265,1848,0.49033703955338614,0.4863471648325475,0.39160400188514066,0.5117363785589508,0.4161946839580577,0.42164199847304695,0.42245987806538077,0.24456566121354956,0.2437477816212158
TFPI2,ENSG00000105825,chr7,93875395,93900753,197,0.20904326296256862,0.27914321764793637,0.2157550648315732,0.18461563489061236,0.2883172358217322,0.15939645777330375,0.09564371971924446,0.16791834116940302,0.23167107922346236
GNG11,ENSG00000127920,chr7,93911734,93938610,198,0.35751869482166476,0.25813497201306523,0.23649760126124714,0.3869375047366621,0.3153386300524529,0.23558325120831028,0.20452272016729903,0.0630047041353681,0.09406523517637941
BET1,ENSG00000105829,chr7,93952761,94014382,338,0.26791908726883057,0.2549553464270446,0.1944381530223142,0.25087477266853586,0.1667818627010832,0.19498003043481277,0.20035021993374924,0.09933109428213663,0.09396090478320013
COL1A2,ENSG00000164692,chr7,94384894,94441227,340,0.2917475375884127,0.38231727387328,0.31244052481909707,0.3957425568024708,0.3402352403331991,0.22606403059569677,0.28483167532631426,0.2557163109020306,0.19694866617141304
CASD1,ENSG00000127995,chr7,94499218,94567019,319,0.35927830829338653,0.7558341257965687,0.6821973478165562,0.4065102277776489,0.7045775244115821,0.3543714437651778,0.3561469719524186,1.0555360285823299,1.0537605003950892
SGCE,ENSG00000127990,chr7,94514203,94666572,596,0.39935835311276596,0.6396635153980693,0.5518196337918033,0.4195020688708332,0.5561838798069486,0.3639571319383175,0.37612055018971025,0.6567598726846975,0.6445964544333047
PEG10,ENSG00000242265,chr7,94646324,94679695,125,0.3084888229313716,0.4685017423495509,0.319533851716785,0.29418485515499027,0.3907929603372159,0.3079770601942695,0.24243008360404436,0.32407829918536973,0.3896252757755948
PPP1R9A,ENSG00000158528,chr7,94897201,95306415,2011,0.3559244846940135,0.5113724004436921,0.454353242421562,0.3506150476013655,0.42307966779786854,0.2751552289733046,0.2989165657086306,0.4409994057639298,0.4172380690286038
PON1,ENSG00000005421,chr7,95287675,95334532,299,0.3825286741570404,0.6471729907340038,0.6415427663907128,0.3680526491861118,0.5808942735117232,0.24897706485144067,0.31554726725699805,0.7928003360519817,0.7262301336464244
PON3,ENSG00000105852,chr7,95349871,95406375,340,0.2915458073056368,0.6275637293628369,0.6484482388378406,0.26194223842139275,0.6025520990637271,0.14348044827995288,0.18436555537756438,0.8442088930571872,0.8033237859595757
PON2,ENSG00000105854,chr7,95394861,95445329,305,0.34654556998744546,0.5819114110838195,0.44802391034911604,0.29182624669832075,0.4636154144296343,0.3516469323772372,0.29711193501479244,0.5204150013290633,0.5749499986915079
ASB4,ENSG00000005981,chr7,95468443,95550233,471,0.3483319080601512,0.40867276317555257,0.38639588335295777,0.274675598507155,0.3404805485342398,0.23260015138501872,0.21513908773583115,0.29278556321584903,0.3102466268650366
PDK4,ENSG00000004799,chr7,95573498,95606516,262,0.31961565874114756,0.519124046352556,0.34325981233753344,0.26899832554104386,0.3527291260353411,0.34838828811565203,0.30524752635963837,0.38375764664560197,0.42689840840161564
DYNC1I1,ENSG00000158560,chr7,95762505,96120322,2134,0.41210614276503715,0.6694835924330232,0.6013378018298936,0.42432153193032,0.6082620325979508,0.35933349836042505,0.36107142616788646,0.747765477881511,0.7460275500740496
SLC25A13,ENSG00000004864,chr7,96110219,96332147,1104,0.4688232953884411,0.7642540301919003,0.6964723503394691,0.5285882592803566,0.7055416653604406,0.44268920944935686,0.48720303566455714,1.0023112433589765,0.9577974171437761
SEM1,ENSG00000127922,chr7,96471625,96719891,1282,0.47404232827622195,0.4000175074337237,0.349488834054035,0.49934845458363725,0.38305711954224053,0.36169626436797186,0.35986045282772394,0.14915853887994202,0.15099435042018994
DLX6,ENSG00000006377,chr7,96995552,97021040,107,0.5327954696953345,0.5947961282516637,0.4679386914188755,0.5457151639174737,0.4830007226862936,0.5166782738571671,0.516341017297836,0.3866866776422512,0.38702393420158215
DLX5,ENSG00000105880,chr7,97010395,97034950,113,0.3687127778213297,0.5815892597142597,0.49478835017540695,0.5283932518031603,0.4228503156579547,0.32425410101029556,0.5366239350414446,0.5470375956515977,0.3346677616204487
SDHAF3,ENSG00000196636,chr7,97107697,97191763,476,0.3596699450515654,0.40407390696883977,0.3548650603214234,0.4190763599436045,0.4045475444726224,0.26255718701423425,0.27117042543533104,0.25508143757308105,0.24646819915198426
TAC1,ENSG00000006128,chr7,97722083,97750472,206,0.208612058301359,0.3449687924742084,0.2762103372078789,0.22216954744714965,0.2254557802845039,0.16689246820547693,0.2094192895225984,0.25617993119885446,0.21365310988173303
ASNS,ENSG00000070669,chr7,97841676,97882542,220,0.3608028436414045,0.42862415488561095,0.4399743313602509,0.33755116128817353,0.38770717631260637,0.21373886854317692,0.24048768555472624,0.3459691946993,0.3192203776877507
OCM2,ENSG00000135175,chr7,97974683,98001169,95,0.17194438884871424,0.25848214855504664,0.13086773541683958,0.23144693593867907,0.05613153567757865,0.17373552222508676,0.2522666256221653,0.12532052069481253,0.046789417297734004
LMTK2,ENSG00000164715,chr7,98096861,98219638,647,0.46249919677437,0.41132885269308084,0.3467962119043359,0.5283742805703199,0.464412370472104,0.36242324050165786,0.32853319418654564,0.16746433450699333,0.20135438082210544
BHLHA15,ENSG00000180535,chr7,98201438,98225457,142,0.447478042953549,0.42081437992240206,0.3235827741497626,0.4986633427409326,0.3686041199114648,0.37422458761402666,0.38839373525145165,0.171907677818896,0.15773853018147105
TECPR1,ENSG00000205356,chr7,98204623,98262232,345,0.45092976287901043,0.4377887471039459,0.3779473624699469,0.4725357089466616,0.4039675361802291,0.35033797525229693,0.3490457857956774,0.22553962963407587,0.22683181909069544
BRI3,ENSG00000164713,chr7,98242378,98320441,480,0.4781523501621707,0.49687072320621994,0.48509183937219824,0.49188952617490994,0.5053488249452417,0.33676049976676153,0.330031027792244,0.3501476306189893,0.3568771025935069
BAIAP2L1,ENSG00000006453,chr7,98281649,98411090,678,0.32758437994813144,0.3541086060275084,0.34539389450289765,0.4127362502937537,0.3826116051043499,0.2051404838231354,0.24357409414582507,0.23198342629589996,0.19354981597321025
NPTX2,ENSG00000106236,chr7,98607284,98639869,131,0.37117528779299597,0.4154594663753482,0.3748739453239493,0.41664487812533707,0.37282085408586607,0.26551496445564005,0.3046826213015186,0.2714141885001503,0.2322465316542719
TMEM130,ENSG00000166448,chr7,98836487,98880771,242,0.6168981106865093,0.6712177561260481,0.6284435911584495,0.5996796482439016,0.6257309212378337,0.5408796650618048,0.5225347573830509,0.57147995501296,0.589824862691714
TRRAP,ENSG00000196367,chr7,98867932,99060831,1003,0.5593100914794105,0.7526305268754021,0.7765776674831252,0.5607582422663657,0.7493224515697993,0.358797296354862,0.4179948502749806,1.0380749210477247,0.9788773671276062
SMURF1,ENSG00000198742,chr7,99017439,99154108,640,0.5402333481860412,0.6796319814239073,0.61116400019044,0.5827240759889915,0.6189596986231392,0.485361732121216,0.5237211710587191,0.6529231538270206,0.6145637148895174
KPNA7,ENSG00000185467,chr7,99163571,99260075,556,0.4743206289025597,0.5679782390065753,0.5590935468071946,0.6099966419211817,0.5794280398407485,0.33171029088692405,0.457369782274929,0.5075690284497985,0.38190953706179337
RP5-900K19.2,ENSG00000284292,chr7,99315878,99404653,179,0.5229341907505805,0.44181557019154644,0.31243220465576815,0.5741891296655521,0.38277698812274086,0.47428592083676185,0.47715048730502596,0.10877993100357025,0.1059153645353062
ARPC1A,ENSG00000241685,chr7,99315897,99376262,179,0.5229341907505805,0.44181557019154644,0.31243220465576815,0.5741891296655521,0.38277698812274086,0.47428592083676185,0.47715048730502596,0.10877993100357025,0.1059153645353062
ARPC1B,ENSG00000130429,chr7,99364248,99404816,0,,,,,,,,,
PDAP1,ENSG00000106244,chr7,99382047,99418597,68,0.41649027925257787,0.30535179127804724,0.19393936624712188,0.5081713965469696,0.2757397903522427,0.34372379637980727,0.3756850903202293,0.020625939687883454,0.0
BUD31,ENSG00000106245,chr7,99398640,99429616,127,0.32596517675567266,0.3618127110014595,0.26686197768032793,0.4404681052471642,0.3589664165309407,0.26658784409258796,0.2925523991035941,0.182535638199971,0.1565710831889649
PTCD1,ENSG00000106246,chr7,99406738,99476163,366,0.3648704692363427,0.35425208966418464,0.2776689727749978,0.4611154719616514,0.32914840296019277,0.2830003198871073,0.3281963572151996,0.15434576315092774,0.10914972582283539
ATP5MF-PTCD1,ENSG00000248919,chr7,99409748,99476197,350,0.3501866252798534,0.36217493854228955,0.28886694040819916,0.4383603642502101,0.3199764362292579,0.2699327911580217,0.32047912752689234,0.1797584404207108,0.12921210405184008
CPSF4,ENSG00000160917,chr7,99428921,99467373,212,0.27990932000885943,0.292452313341958,0.2411302721899118,0.3158804533198029,0.32093180043999714,0.19920161381897433,0.16926956779653887,0.1467486362803498,0.1766806823027852
ATP5MF,ENSG00000241468,chr7,99438474,99476186,195,0.24849994421485258,0.2550425691443206,0.2485979578096089,0.2812377353350751,0.326932458309771,0.14714888479238708,0.11437161495564993,0.14727931723376478,0.18005658707050193
ZNF789,ENSG00000198556,chr7,99462889,99513650,205,0.33594456945216505,0.3342492026457179,0.34275695347849255,0.3555795508780357,0.40113626410376874,0.1982640573881635,0.16676127924012818,0.20857579922241837,0.24007857737045377
ZNF394,ENSG00000160908,chr7,99463876,99514857,200,0.3329956558333074,0.32651418786692754,0.3288276891569878,0.269096140455058,0.4020128218053719,0.20075884571462577,0.0972878648967101,0.19452950351415207,0.29800048433206777
ZKSCAN5,ENSG00000196652,chr7,99494661,99544700,183,0.19843440112951016,0.26774479333302864,0.2510816737928602,0.19740958296209787,0.30698076961559245,0.12184465137767675,0.08241970660438294,0.1897815314173269,0.2292064761906207
FAM200A,ENSG00000221909,chr7,99536299,99568536,109,0.24213512308541807,0.3453607707277432,0.2680704616346768,0.2318218289194768,0.3041505399514335,0.19442506662634043,0.16239131708232607,0.22924592346802328,0.2612796730120377
ZNF655,ENSG00000197343,chr7,99548405,99586453,133,0.30647243585589434,0.3847248715362819,0.26698901633404065,0.33415728656370364,0.35773709513167623,0.2705277243906563,0.22481500011228103,0.21515802346647542,0.26087074774485075
GS1-259H13.13,ENSG00000272647,chr7,99548694,99617810,224,0.22800826838516303,0.2892526535996627,0.26147048886501467,0.2641694126768753,0.32431230064138417,0.14856274222076016,0.12808466805557367,0.19287551975769138,0.21335359392287784
TMEM225B,ENSG00000244219,chr7,99588266,99621045,100,0.3073515678841999,0.31546890743053657,0.15862225359785298,0.4671318819855031,0.2153658051861645,0.28676968826334975,0.38298243332109255,0.09225152325352112,0.0
ZSCAN25,ENSG00000197037,chr7,99606945,99642408,167,0.18066884609892164,0.11192722950628554,0.07220859829024869,0.1585569351283637,0.1365043313971017,0.1215100870121649,0.07228605991332789,0.0,0.046415530680071884
CYP3A5,ENSG00000106258,chr7,99638193,99689998,176,0.3725537077144371,0.2713216422999606,0.24879576940472464,0.4770577298249218,0.35462398459797684,0.24827116846234537,0.26344244763798713,0.06825168616104352,0.053080406985401785
CYP3A7-CYP3A51P,ENSG00000282301,chr7,99674956,99745102,284,0.5037400026997464,0.5194419624262884,0.5101460928831278,0.7586144183256991,0.6746516544733275,0.35990724624459014,0.5156540669270752,0.37290002582785187,0.21715320514536673
CYP3A7,ENSG00000160870,chr7,99695035,99745196,225,0.5664283308366997,0.5519839114077364,0.47560794815454854,0.7821618197758653,0.694118537408246,0.4965543104706023,0.5711856451616433,0.30637182470506863,0.23174049001402763
CYP3A4,ENSG00000160868,chr7,99746959,99794248,222,0.5562863870079633,0.5422644147590908,0.5563068818404681,0.6029715495356853,0.6255558464041215,0.39070869799666047,0.36144915694551016,0.3907548883889326,0.42001442944008277
CYP3A43,ENSG00000021461,chr7,99818012,99876102,307,0.33232304479037794,0.26819253970498136,0.11618952177626696,0.3489638865076454,0.08551386608568833,0.29633801196392673,0.32601751134884105,0.015899820039837836,0.0
OR2AE1,ENSG00000244623,chr7,99866061,99887033,121,0.3813053252257232,0.30486145526368597,0.30317359180448944,0.3837378977000966,0.3100943696700103,0.24128426851401455,0.2382632825775183,0.12235983982555682,0.12538082576205306
TRIM4,ENSG00000146833,chr7,99866957,99929531,320,0.4708908820824152,0.36720122601940786,0.2547735578269339,0.43565463193025095,0.23185887451344048,0.4000481193805498,0.38295492728678915,0.057554680601675956,0.07464787269543649
GJC3,ENSG00000176402,chr7,99913265,99939620,128,0.4478689278904279,0.3694696235486383,0.19409629299901254,0.4358823093411024,0.1913360069489364,0.41968637198406344,0.41065726995144836,0.0415075744009637,0.0505366764335789
AZGP1,ENSG00000160862,chr7,99956719,99986042,86,0.4209585539760313,0.5718071846815548,0.37049305345350436,0.4128043127183774,0.397399849555364,0.4658722565605713,0.43703871269779543,0.38230942520533556,0.4111429690681114
ZKSCAN1,ENSG00000106261,chr7,100005571,100051689,199,0.3817523475500737,0.46195588927698855,0.36289429738562023,0.36997288230758757,0.3482778587858119,0.3249306013301708,0.3268350884428052,0.29488413065972285,0.2929796435470885
ZSCAN21,ENSG00000166529,chr7,100039773,100075040,146,0.38586429451655085,0.4910350111488833,0.3558319520872224,0.29428669795995305,0.32006327222757747,0.3615598812896914,0.31908336408600535,0.3138161676901451,0.35629268489383126
ZNF3,ENSG00000166526,chr7,100054032,100092548,151,0.36647272985408347,0.48376697328077095,0.3846434676234634,0.26806536292965033,0.4146352257732403,0.31604789745618334,0.21887049775661316,0.3451491158169119,0.442326515516482
COPS6,ENSG00000168090,chr7,100078968,100102187,96,0.4118275496007163,0.5370491787967516,0.4712265144446463,0.3314028398142766,0.444084717779383,0.3318372034247271,0.292784317101105,0.4382972448162428,0.4773501311398651
MCM7,ENSG00000166508,chr7,100082727,100111940,116,0.43092047851358095,0.6073732227622933,0.4966282929388874,0.27120167594377603,0.5081635181760995,0.406102245541061,0.27082252773272086,0.5287935490399303,0.6640732668482705
AP4M1,ENSG00000221838,chr7,100091548,100120345,121,0.45380234574982425,0.6228572220502706,0.5359961789537568,0.34887079276029653,0.5354154463065355,0.40602165736313417,0.31878345883115156,0.5691097845157544,0.6563479830477371
TAF6,ENSG00000106290,chr7,100097069,100129841,102,0.5684799672129447,0.6157790504736927,0.6220422774483969,0.36700227656085976,0.5215172056204666,0.4120029556835337,0.3383454648189584,0.544534546792456,0.6181920376570313
CNPY4,ENSG00000166997,chr7,100109633,100135508,49,0.5428256842664217,0.6217719990052932,0.6436572644195676,0.3943936668504751,0.5250666862939679,0.3615431715216646,0.3646011651169848,0.6107149164444821,0.607656922849162
MBLAC1,ENSG00000214309,chr7,100116784,100138495,20,0.6773774791809147,0.6151529062623173,0.47193816766495017,0.3286915993802512,0.48458831353568194,0.7238197963228914,0.34532325519771284,0.2310893863829362,0.6095859275081149
LAMTOR4,ENSG00000188186,chr7,100138906,100165944,45,0.526889201561242,0.4326205910877443,0.4840125299239315,0.3549085201972274,0.40349030860770785,0.3267399613364013,0.2442152000631747,0.23998708617930553,0.32251184745253214
TRAPPC14,ENSG00000146826,chr7,100144419,100168723,50,0.5236127890493087,0.4326205910877443,0.4840125299239315,0.3414624583473291,0.40349030860770785,0.32328926898748916,0.23390050279827956,0.24343777852821763,0.3328265447174273
GAL3ST4,ENSG00000197093,chr7,100149243,100178617,68,0.4616111320805019,0.41534464715981245,0.4484227397803552,0.33811364279748357,0.3613213689549568,0.28046678192883595,0.2505201367593043,0.256265963876991,0.28621260904652257
GPC2,ENSG00000213420,chr7,100159605,100187381,43,0.4634040566062801,0.48148048753214806,0.41472824094559807,0.35499720564696796,0.32394784532669846,0.3718042630573319,0.3518965976612222,0.28497335643128996,0.3048810218273996
STAG3,ENSG00000066923,chr7,100167562,100231488,129,0.4875316555200889,0.575183122215597,0.35200904383211506,0.5061716890351988,0.3577420780941619,0.5453674381000851,0.5594495705580249,0.310729640612691,0.29664750815475127
PVRIG,ENSG00000213413,chr7,100208240,100231490,103,0.3983174919088932,0.5058333549570746,0.4244452229546659,0.5264825539107584,0.4181196532525665,0.3302434874196287,0.4554792802207329,0.37463899311673093,0.24940320031562674
SPDYE3,ENSG00000214300,chr7,100297701,100332196,15,0.04863601607022909,0.10129018268553151,0.0833817923370162,0.14401087859786957,0.11572680446852632,0.03479469464122365,0.06965173633235934,0.07200038583008828,0.03714334413895258
PILRB,ENSG00000121716,chr7,100342175,100377733,132,0.12131246629691596,0.23255975460258815,0.17003296544456722,0.1718856054146518,0.16844739932903596,0.10382564305697929,0.13441895638329132,0.16086901565447762,0.13027570232816557
PILRA,ENSG00000085514,chr7,100357529,100410096,171,0.18836085335955685,0.2878101388252575,0.22609041302924163,0.2217516234778251,0.24125830482318034,0.14590497876702369,0.15701320890959208,0.19350576539702713,0.18239753525445876
ZCWPW1,ENSG00000078487,chr7,100390825,100438992,163,0.27380773089086746,0.36495021459968724,0.41656403423658017,0.3076818841094196,0.33950595430989655,0.11758588589679037,0.20349721749858485,0.3364659950607304,0.25055466345893584
MEPCE,ENSG00000146834,chr7,100418789,100444118,89,0.14272922164484497,0.19304148645189106,0.038993141781088834,0.19165588271468476,0.04813614449493666,0.16435536816575133,0.1889585901658653,0.05012765211062571,0.025524430110511726
PPP1R35,ENSG00000160813,chr7,100425281,100446497,72,0.11635680457269167,0.2092452732452732,0.20405700875166982,0.1748313153589646,0.27084787823641326,0.06512082371164145,0.05553099482925006,0.16964661554366922,0.17923644442606063
C7orf61,ENSG00000185955,chr7,100446619,100474260,86,0.13252513614880065,0.20121923893128765,0.07737799811160408,0.15880095704451674,0.09905348888399736,0.14315092252401965,0.14664317306123076,0.08151783999779702,0.07802558946058591
TSC22D4,ENSG00000166925,chr7,100453358,100489232,118,0.1865371083703669,0.1627232789176776,0.2233334792314089,0.23429579380541976,0.22256374538186666,0.06565570631981116,0.09640318210599164,0.11194494620040267,0.0811974704142222
NYAP1,ENSG00000166924,chr7,100473926,100504802,114,0.29037814347497437,0.31364626327991324,0.353679682814446,0.29565964087872454,0.266737501582775,0.1414625645894275,0.2083020909605442,0.23489956837375478,0.16806004200263813
AGFG2,ENSG00000106351,chr7,100529202,100578220,155,0.2533199186101043,0.2528571474609973,0.28463410468753214,0.19623934101723783,0.23930484300094168,0.12432810423415,0.11821501779444091,0.16717077290627852,0.1732838593459876
SAP25,ENSG00000205307,chr7,100562227,100583900,82,0.18264404299665823,0.28430291268661106,0.28747581924262716,0.15821063266857802,0.2513611719260439,0.0986187127794701,0.10861255013752769,0.23587955116963935,0.22588571381158176
LRCH4,ENSG00000077454,chr7,100564010,100596129,111,0.29455443056837516,0.3658585026884738,0.38170277770984623,0.1842284193854926,0.3845639088666977,0.16181141753595768,0.08683994265028702,0.29367175003094526,0.3686432249166159
FBXO24,ENSG00000106336,chr7,100573981,100611117,117,0.3066209083072508,0.46389132432771973,0.3967135377197175,0.29364773725288756,0.390416752142147,0.24211682580274457,0.238039920000534,0.38130155954030054,0.3853784653425111
PCOLCE,ENSG00000106333,chr7,100592362,100618175,86,0.2537190129110245,0.5559403942670875,0.08372299568071674,0.23811782895550057,0.07994167140187172,0.5085065081263104,0.500220817271364,0.30328997028774435,0.31157566114269075
MOSPD3,ENSG00000106330,chr7,100602101,100625384,95,0.33033418019041183,0.6400783800532458,0.648917692564951,0.36586692426213546,0.5845613474143526,0.18805543607467323,0.2994725593716338,0.8338135575323913,0.7223964342354309
TFR2,ENSG00000106327,chr7,100610415,100652779,156,0.4225415881053814,0.641958210961303,0.5996692493766198,0.4864389626161519,0.6150793339775148,0.33038011323010424,0.3693869666518162,0.6967254570052792,0.6577186035835669
ACTL6B,ENSG00000077080,chr7,100633096,100666448,122,0.4375715548899735,0.6851437496690845,0.4758015537341313,0.4770183835327558,0.5871147512671784,0.5426227510260013,0.4596312427157384,0.6130163414448357,0.6960078497550987
GNB2,ENSG00000172354,chr7,100663566,100689174,39,0.29091814980617686,0.8225247079964063,0.7244877470431316,0.20957800098574075,0.6996497731020292,0.39179250912606034,0.38065305883472444,1.3371313706095764,1.3482708209009124
GIGYF1,ENSG00000146830,chr7,100669506,100704250,61,0.5656887914737326,0.8782342323068898,0.7878218221646713,0.6050394424446657,0.8177105424383807,0.6946605261680456,0.6662329804290805,1.4109954904639503,1.4394230362029155
POP7,ENSG00000172336,chr7,100696120,100717486,88,0.5205978863845934,0.7998418046340473,0.6420626146360532,0.574173288366036,0.6876104042792432,0.6582327936401163,0.6494329390058552,0.9504144546215343,0.9592143092557953
EPO,ENSG00000130427,chr7,100710467,100733700,80,0.4202295691211827,0.6313422397249409,0.5836142050996678,0.5213253222782911,0.7135936647031044,0.33343327498727926,0.24213845127508338,0.6644532692584213,0.7557480929706173
ZAN,ENSG00000146839,chr7,100723594,100807797,406,0.3076921482012027,0.49892599075858507,0.45833431115437456,0.3503415226841321,0.4797083652661978,0.22280986871183917,0.23447207543416287,0.4681915970586501,0.4565293903363262
EPHB4,ENSG00000196411,chr7,100792564,100837523,255,0.37157728799702555,0.48053926966373317,0.4297144311833925,0.38268115695358446,0.48136105965280773,0.2789441237727647,0.24039318320985803,0.3760199387952679,0.41457087935817466
SLC12A9,ENSG00000146828,chr7,100816819,100877010,301,0.3412932400850652,0.4450073599017986,0.4059163194317343,0.2822220023936544,0.4159380036189965,0.24277107706131373,0.1913236180426784,0.34602934934663965,0.397476808365275
TRIP6,ENSG00000087077,chr7,100857386,100883454,135,0.33344019531481056,0.4697713223098961,0.3973970305451952,0.26073808645257096,0.41236840650445045,0.26678779375991124,0.20244741684595124,0.3676591043915063,0.4319994813054663
SRRT,ENSG00000087087,chr7,100865102,100898664,172,0.3465700607402128,0.5103690708252111,0.45106543095177126,0.2548238584073372,0.38224170569827354,0.26992365547558456,0.26329001337672636,0.4441797219695964,0.4508133640684545
UFSP1,ENSG00000176125,chr7,100878720,100899715,101,0.3498309829568229,0.5348994046593543,0.5385967051699821,0.25390501866902404,0.5255505928929054,0.21127084703576493,0.15640181929200087,0.5542307156899509,0.6090997434337149
ACHE,ENSG00000087085,chr7,100879993,100906974,134,0.3914335024937929,0.5802756962501776,0.43529542402863014,0.2631503996297417,0.4752242627883815,0.3966768677063814,0.2643722028445859,0.4714803351793231,0.6037850000411186
MUC3A,ENSG00000169894,chr7,100939533,100978347,136,0.29940171507879537,0.3822043407445786,0.3934519091199828,0.2630231712578143,0.358619908729638,0.16872343980710058,0.1713316601078319,0.31287408484760915,0.31026586454687777
MUC12,ENSG00000205277,chr7,100959564,101028939,266,0.2920145823663877,0.32881786870207874,0.36645058950223175,0.3363513661125388,0.36278537117609483,0.14381462102888323,0.17903421918554807,0.25490012517798905,0.21968052702132418
MUC17,ENSG00000169876,chr7,101010071,101068859,301,0.35544964467536816,0.5327256398742705,0.45705569362186294,0.343725526741177,0.4958670327930705,0.2946462484456472,0.248549825104404,0.4661924504592599,0.5122888738005033
TRIM56,ENSG00000169871,chr7,101075480,101107967,201,0.3864513014323062,0.38794101116077395,0.32099565730668683,0.3768645092390487,0.3744063623189212,0.29614724905541023,0.2474318285278609,0.19477936506712895,0.24349478559467827
SERPINE1,ENSG00000106366,chr7,101117103,101149247,152,0.41522449100767966,0.6625651963879321,0.6492121295411577,0.44828971889329366,0.5574473510831122,0.2876683083217202,0.4329596721802239,0.7987146534911876,0.653423289632684
AP1S1,ENSG00000106367,chr7,101144455,101171596,141,0.37979661642148466,0.7184143712541179,0.636845853053498,0.45503218159334075,0.5639850936333349,0.3660493096853077,0.5221341889189668,0.9012693805983247,0.7451845013646655
VGF,ENSG00000128564,chr7,101152508,101175569,127,0.39827003054317855,0.6821294921627885,0.601537623781335,0.5097584105272454,0.5559880664867168,0.3669577392518858,0.5235321586025675,0.7791534479408739,0.6225790285901922
NAT16,ENSG00000167011,chr7,101160495,101190293,158,0.45907474272946824,0.6575818925851232,0.5630355652558191,0.5153866871764597,0.5901595923270337,0.4291467231905126,0.452069653433869,0.6425760291172058,0.6196530988738495
MOGAT3,ENSG00000106384,chr7,101185006,101211038,121,0.3460949767801248,0.5043219430581664,0.45433849294267165,0.2824252973700032,0.4402031048853602,0.2604326791606829,0.2267628075076784,0.4413959625856367,0.4750658342386411
PLOD3,ENSG00000106397,chr7,101195976,101228420,170,0.19769186703706162,0.1952938982586042,0.16979886551735332,0.21772712634346708,0.09719876208400062,0.12572671079871292,0.1802884761975789,0.09155144843128442,0.03698968303241845
ZNHIT1,ENSG00000106400,chr7,101208164,101234190,154,0.1656165518415788,0.14157518768724203,0.1270874968153812,0.14972729432863202,0.12207743700522582,0.09889922073905348,0.09232872362475558,0.053756962040572925,0.060327459154870824
CLDN15,ENSG00000106404,chr7,101222091,101248820,113,0.2103968440414228,0.2777393168938582,0.23070888517989294,0.23400377640729686,0.19217657737581845,0.14965406200272918,0.18926770345524918,0.17571508631823687,0.1361014448657168
FIS1,ENSG00000214253,chr7,101229457,101262316,203,0.2873288110550077,0.29826559192933094,0.1481093441687414,0.22535265521492776,0.17831426381479817,0.266319157261241,0.2065752008494096,0.08788112536390483,0.1476250817757362
IFT22,ENSG00000128581,chr7,101300913,101331823,195,0.1777263411841694,0.1801301314379785,0.09164681549787772,0.1904872151198708,0.0923841066297862,0.14908483148132876,0.15649917291336643,0.04952481671177461,0.04211047527973695
COL26A1,ENSG00000160963,chr7,101352874,101569024,1761,0.3833515676234092,0.365173569710239,0.22216580115709525,0.3854639370311583,0.20875786401541965,0.34330899258555925,0.3535700381469175,0.11109466299392115,0.10083361743256286
MYL10,ENSG00000106436,chr7,101603329,101639296,221,0.5518135590090085,0.44862649203732186,0.4349775399420838,0.5095815186221067,0.37921386055086015,0.4134995002462259,0.4155351990234827,0.18184332634452421,0.17980762756726737
CUX1,ENSG00000257923,chr7,101805903,102293958,3011,0.38511645444389636,0.41816572406319835,0.3181143960299518,0.39131426092817717,0.32816028209314163,0.32249931782596303,0.3201436556891275,0.2190703032229832,0.2214259653598188
SH2B2,ENSG00000160999,chr7,102275090,102331711,108,0.4832265102387813,0.6520719094280525,0.5897038479021838,0.45548604148118277,0.5243730420501024,0.4125170118677132,0.46024986225687015,0.6432424449796756,0.5955095945905187
SPDYE6,ENSG00000260097,chr7,102335745,102366444,0,,,,,,,,,
PRKRIP1,ENSG00000128563,chr7,102353871,102436676,148,0.6751744360692025,0.7130056493761519,0.708872326855965,0.6344180923136914,0.663987405390182,0.5693831730300144,0.5819755195757691,0.6789095746237016,0.666317228077947
ORAI2,ENSG00000160991,chr7,102423105,102466825,231,0.5256910728503642,0.5693903015454669,0.5468273180166886,0.5403224689782875,0.5437127824692778,0.398483783011021,0.4175752106457782,0.44406938817667546,0.4249779605419183
ALKBH4,ENSG00000160993,chr7,102446237,102474863,214,0.36422279689498166,0.39067447793111515,0.38037002613255444,0.4369549652975066,0.43191649945097876,0.2348384631132832,0.2521557177371458,0.2605641719668232,0.24324691734296067
LRWD1,ENSG00000161036,chr7,102454955,102483168,156,0.31312749844318116,0.38090645306305937,0.2964916277049162,0.43427016342010233,0.3345001961292442,0.2517149907316585,0.3209602956071729,0.22778390107643193,0.1585385962009176
POLR2J,ENSG00000005075,chr7,102463117,102488907,115,0.2455615057279564,0.23870369656719811,0.19608111003916684,0.37081384028974984,0.347857910411102,0.16812863043899845,0.15428396449261414,0.10460400584133914,0.11844867178772339
RASA4B,ENSG00000170667,chr7,102469975,102527777,72,0.28001427503468346,0.28553992342521656,0.24917884030961907,0.4312727898299084,0.3121564027370479,0.18908213050167696,0.2631943711522526,0.147146028704155,0.07303378805357935
POLR2J3,ENSG00000168255,chr7,102527917,102582653,0,,,,,,,,,
UPK3BL2,ENSG00000284981,chr7,102528416,102553849,0,,,,,,,,,
RP11-514P8.7,ENSG00000270249,chr7,102531500,102602444,0,,,,,,,,,
SPDYE2,ENSG00000205238,chr7,102541231,102572308,0,,,,,,,,,
POLR2J3,ENSG00000285437,chr7,102552132,102582583,0,,,,,,,,,
RASA4,ENSG00000105808,chr7,102563806,102626756,0,,,,,,,,,
RP11-514P8.6,ENSG00000205236,chr7,102572522,102652869,0,,,,,,,,,
UPK3BL1,ENSG00000267368,chr7,102627024,102652791,0,,,,,,,,,
RP11-577H5.5,ENSG00000267645,chr7,102627048,102681641,0,,,,,,,,,
SPDYE2B,ENSG00000173678,chr7,102640324,102671398,0,,,,,,,,,
POLR2J2,ENSG00000228049,chr7,102655367,102681629,0,,,,,,,,,
FAM185A,ENSG00000222011,chr7,102738970,102819225,72,0.31967441977927613,0.5531821132043664,0.4523288851354738,0.37783897229298785,0.5108914677538753,0.29435382643640795,0.2824948227165155,0.5112503530373194,0.5231093567572118
FBXL13,ENSG00000161040,chr7,102803229,103084843,1140,0.4277527895316204,0.6299806262476111,0.5998130760430223,0.438941315495913,0.598463609841141,0.3182802884595506,0.3298362855022244,0.6759196247621886,0.6643636277195147
LRRC17,ENSG00000128606,chr7,102902999,102955111,186,0.4666533015616143,0.6237240277472104,0.559838877299922,0.5221482274102462,0.5740612528388418,0.3927008025384996,0.43121370038325996,0.584731633519666,0.5462187356749055
ARMC10,ENSG00000170632,chr7,103064880,103109759,199,0.7806587170873994,0.8200043175693544,0.8517438945535916,0.7952511305932196,0.829624406656297,0.6615673745363515,0.7655217932832261,1.0532550403396694,0.9493006215927948
NAPEPLD,ENSG00000161048,chr7,103089775,103159560,339,0.7324434794992262,0.7210418420898101,0.8369614955216584,0.696343404468853,0.8389389861520968,0.3906745205753579,0.32128964915398206,0.8860189594803506,0.9554038309017264
PMPCB,ENSG00000105819,chr7,103287434,103339511,130,0.3963458788286868,0.29306666323240904,0.41090290252473816,0.46100149019494935,0.17670592037253713,0.16120427122058906,0.38520978245198556,0.18561463659687655,0.0
DNAJC2,ENSG00000105821,chr7,103302288,103354830,180,0.3862997720179082,0.29156086541840276,0.3506504790682307,0.4195191536152635,0.46555469680195527,0.2005778374424185,0.13103185899620973,0.144113293535234,0.21365927198144274
PSMC2,ENSG00000161057,chr7,103318569,103380346,248,0.3834514627495618,0.4760656314918489,0.43050341909549067,0.40730550316966213,0.5282658333505792,0.2835022913977086,0.20906269514181536,0.362886562046583,0.4373261583024764
SLC26A5,ENSG00000170615,chr7,103342729,103456207,593,0.3479859942652237,0.4803884131192477,0.4065464081485969,0.34160375371647006,0.4603202443987613,0.28028333445489384,0.2279213325981091,0.3743903603628952,0.42675236221968005
RELN,ENSG00000189056,chr7,103461380,103999658,4404,0.3632937720339399,0.4132245737626458,0.3493576242961629,0.3620573674202768,0.344434495686245,0.2773824438725032,0.2801814889834666,0.2557306672954852,0.25293162218452175
ORC5,ENSG00000164815,chr7,104116340,104218047,698,0.2884408688273878,0.34869823885819107,0.291794223600599,0.3104920118317879,0.3305265611175229,0.21202919182533916,0.19964770902708892,0.21675301756724283,0.2291345003654931
LHFPL3,ENSG00000187416,chr7,104318602,104918561,3843,0.4260607152668121,0.47320579697925347,0.4819470494400697,0.41597484774204097,0.45057190700602845,0.26924957825249485,0.2899395843909569,0.37169573505783793,0.35100572891937587
KMT2E,ENSG00000005483,chr7,105004189,105125019,465,0.39331219830951425,0.5447461214064938,0.4600815179698799,0.3755102266722048,0.49913151541226797,0.3351519404613155,0.2831543239332037,0.4517481002492183,0.50374571677733
SRPK2,ENSG00000135250,chr7,105100703,105409308,1426,0.4234917923019648,0.49681831163187107,0.43180219001587317,0.48398675128152097,0.4222646011662084,0.336142001503301,0.3998937500157059,0.35066196312015424,0.2869102146077494
PUS7,ENSG00000091127,chr7,105429660,105532271,703,0.43670487790736734,0.5418984503857575,0.539046516758181,0.43454353024952447,0.5114016098360263,0.2900789214638243,0.31728597169832123,0.4905854739327073,0.46337842369821036
RINT1,ENSG00000135249,chr7,105522168,105577677,338,0.32051693657635916,0.3226942368454204,0.1890122038637821,0.28982274554396836,0.2218979919051282,0.28327658082118484,0.2404877510653211,0.10635588296318546,0.14914471271904914
EFCAB10,ENSG00000185055,chr7,105555119,105610875,326,0.4036942454043065,0.46063175203742285,0.42187663602577136,0.4176374630165736,0.4277169564811347,0.29319523363902145,0.29994863311167597,0.3241615018455112,0.31740810237285677
ATXN7L1,ENSG00000146776,chr7,105594771,105886599,1592,0.4179372584419473,0.5837822242844923,0.5039839467895977,0.431164777072522,0.49794415830646893,0.3582883513210116,0.3758336033857458,0.5182583050617019,0.5007130529969677
CDHR3,ENSG00000128536,chr7,105866795,106046432,1162,0.3459072681730714,0.4333344366737278,0.36069405879317545,0.3195787959478398,0.385280794807378,0.2725599862594199,0.2332197735830747,0.29542599841969913,0.33476621109604443
SYPL1,ENSG00000008282,chr7,106080504,106122576,257,0.5887280135650699,0.5757022329069341,0.5261804085851081,0.6380939107729341,0.5741327127277248,0.4994458333318339,0.5100313993585868,0.3578739560222964,0.34728838999554357
NAMPT,ENSG00000105835,chr7,106238297,106295966,342,0.5351489344145611,0.6017912102949622,0.5490809384714782,0.406351046668039,0.5231697137122645,0.4451748038592853,0.35082564531526483,0.4756040101426075,0.5699531686866279
CCDC71L,ENSG00000253276,chr7,106644359,106671158,165,0.5080357248583227,0.6005064935064935,0.5229152636663218,0.5048659705712558,0.5351832684978277,0.44342289252665046,0.4271862388242839,0.47413487546509486,0.4903715291674614
PIK3CG,ENSG00000105851,chr7,106855277,106918980,281,0.45542390412618233,0.5377270155866762,0.5048485359265419,0.44892637056685,0.4765948559481329,0.3382278522783883,0.3600435381392649,0.4333718347666026,0.41155614890572606
PRKAR2B,ENSG00000005249,chr7,107034704,107171811,629,0.39002336445907937,0.4211565008728944,0.30004555389852267,0.430923466547799,0.33447949294802953,0.34215886747437974,0.35163882732836826,0.20456426558833254,0.195084305734344
HBP1,ENSG00000105856,chr7,107158960,107212522,237,0.21367379986569013,0.22034400113358033,0.11845555538250066,0.2194367589304299,0.11349608553780918,0.18160309215863113,0.18808613089400483,0.06729939151525466,0.06081635277988097
COG5,ENSG00000164597,chr7,107191371,107574261,1959,0.25352896212188625,0.29038138968348093,0.19070909520328663,0.2556261573633986,0.17651033254811746,0.21191462045583492,0.2220176194855067,0.1311130013859469,0.12101000235627515
GPR22,ENSG00000172209,chr7,107460017,107485684,117,0.20916821730323756,0.3528310470433233,0.2508255459404222,0.2687574407553185,0.21957604353950103,0.190517238514454,0.2501199842800789,0.2446306472018176,0.18502790143619263
DUS4L,ENSG00000105865,chr7,107553483,107588523,161,0.5094675095852097,0.3175340793588267,0.355869201322348,0.3947050596299199,0.28708548940830847,0.3272264895625563,0.2728441772727208,0.05481619673365201,0.10919850902348749
DUS4L-BCAP29,ENSG00000288558,chr7,107553970,107633317,318,0.5524812076033643,0.32086206098273956,0.41711372811138303,0.4741710580815066,0.31828422632309933,0.32560229208366526,0.3232839421392056,0.06132872972565917,0.06364707967011879
BCAP29,ENSG00000075790,chr7,107570245,107639170,230,0.6614307098923817,0.35071127912276473,0.5099619283363568,0.5467672833054534,0.3599802304646835,0.4008160536328226,0.38848556981914273,0.031061737189766014,0.04339222100344592
SLC26A4,ENSG00000091137,chr7,107650827,107727809,416,0.5267286408281961,0.5338696220353197,0.5075517681653556,0.4869903403559636,0.49942030540072757,0.4015051614906668,0.3693810221434819,0.3617847414571545,0.39390888080433933
CBLL1,ENSG00000105879,chr7,107733948,107771667,234,0.5470052045054498,0.6257523630529234,0.46425680650863255,0.46014478556785215,0.4797557406877488,0.5753059314998226,0.4729175091766867,0.40753163830517836,0.5099200606283143
SLC26A3,ENSG00000091138,chr7,107755466,107813225,419,0.3614139728610851,0.4181331355775479,0.3055881327746464,0.3468299331497921,0.31704368652057835,0.31266123311154254,0.2930534864443688,0.22885237959552146,0.24846012626269523
DLD,ENSG00000091140,chr7,107881161,107941730,413,0.4099987181122906,0.5815961155755067,0.3966851948406792,0.33771205669972376,0.4185894975546937,0.4468112490641267,0.37053235663131895,0.4244968332130383,0.5007757256458462
LAMB1,ENSG00000091136,chr7,107913798,108013213,713,0.403589572768495,0.5123383484246403,0.3750338346402044,0.36350897218094375,0.377298389717436,0.3824509485109956,0.3481152883001217,0.33568250202294314,0.370018162233817
LAMB4,ENSG00000091128,chr7,108013547,108140361,777,0.32406612958384723,0.28387186520240887,0.17230469796184333,0.30066822144829236,0.1364295722824606,0.2682230081702144,0.2724231733944489,0.06567316064805423,0.06147299542381973
NRCAM,ENSG00000091129,chr7,108137622,108466717,2225,0.48312081905216,0.5628209240518814,0.5027295029856409,0.480688152617556,0.526327814253617,0.394368683016865,0.36771165475055645,0.4330437000302304,0.459700728296539
PNPLA8,ENSG00000135241,chr7,108460416,108579666,660,0.31448691611285495,0.39618165743736883,0.2975997536844832,0.30965071299063524,0.2909381770512863,0.2644088455874034,0.2656134605921524,0.24007303804311708,0.23886842303836814
THAP5,ENSG00000177683,chr7,108544542,108579750,194,0.29260785694007047,0.40139647000793494,0.29349632013256194,0.28935468595480013,0.29162661205925505,0.2559495136379081,0.25497683750502625,0.25720627286305636,0.2581789489959382
DNAJB9,ENSG00000128590,chr7,108559866,108584850,159,0.4500623661800037,0.6501770933073225,0.5796832906132662,0.4217255857593267,0.5013012480096241,0.3907659258818461,0.451140961161023,0.6595623075464168,0.5991872722672399
IMMP2L,ENSG00000184903,chr7,110652643,111572517,5580,0.5532778126425372,0.5811646684216878,0.5513622671618938,0.49438467711305484,0.5225052984619108,0.4372781370380983,0.40652717729338106,0.4329993026610234,0.46375026240574074
LRRN3,ENSG00000173114,chr7,111081005,111135454,300,0.6537316536009082,0.3887005175549029,0.5108886805361984,0.5824080174579204,0.4292992138858078,0.4187721786192887,0.40226425305065716,0.07339610997485935,0.08990403554349097
DOCK4,ENSG00000128512,chr7,111716109,112216407,3228,0.3744561013399176,0.42254188677002574,0.3882743413356983,0.3595806909104551,0.3854937328871254,0.26339088655897824,0.2539076829088529,0.28572848386123284,0.29521168751135823
ZNF277,ENSG00000198839,chr7,112196694,112353934,819,0.37198235242882793,0.44332289130341807,0.4614699377361171,0.3709426613580051,0.4363317749892476,0.2160224789728824,0.23800665910036445,0.3697474253049229,0.3477632451774409
IFRD1,ENSG00000006652,chr7,112412886,112491017,517,0.29309322682539174,0.5656975087718299,0.4280059444306287,0.3808582075389552,0.47082017006342736,0.31112190379102966,0.33850400354621857,0.5228920994748187,0.49550999971962983
CTB-163K11.1,ENSG00000288640,chr7,112440459,112500941,425,0.28628358642108515,0.5363641908465635,0.4349303574780274,0.3975867883944289,0.4851012544070018,0.267559605041159,0.305841295992678,0.501096323971215,0.4628146330196959
CTD-2252G20.1,ENSG00000288634,chr7,112440486,112460645,157,0.27644460628293477,0.5253433075370214,0.4062416249791365,0.30660865022551415,0.4711836926708586,0.2737294214206699,0.2371050286565441,0.471434067548001,0.5080584603121269
LSMEM1,ENSG00000181016,chr7,112470852,112501062,193,0.3611753192689538,0.5129858305164219,0.46022890680995515,0.48830727326886963,0.47204139658652666,0.2754885786906637,0.3753778185511564,0.4439734821833222,0.3440842423228296
TMEM168,ENSG00000146802,chr7,112752376,112800423,229,0.4506319975256143,0.3487892788930188,0.21343812011563523,0.4679791987797872,0.17945824143907205,0.39391243332248455,0.4311021077370726,0.035009567490474236,0.0
BMT2,ENSG00000164603,chr7,112809146,112949875,765,0.4006886791747595,0.5329710787141024,0.45135416511696896,0.5171216077154598,0.4808279343896517,0.33651800987519864,0.4169173041640036,0.42484608340723234,0.34444678911842747
GPR85,ENSG00000164604,chr7,113068330,113097778,154,0.535426550617028,0.5436283456905794,0.6265384133987806,0.587918720557154,0.5470894187938145,0.2830716253835377,0.43946093673473907,0.5013761446616221,0.3449868333104205
SMIM30,ENSG00000214194,chr7,113106717,113128560,95,0.2489429545135052,0.4872144340602285,0.19481612320427533,0.347388898456665,0.32437787267502466,0.3687432913905723,0.35127503127736026,0.2991542299246013,0.3166224900378133
PPP1R3A,ENSG00000154415,chr7,113866776,114085920,1368,0.5148261580632502,0.41933645105373435,0.3692539438934836,0.534511943235629,0.3970992075119419,0.40298992528017774,0.40112499990859124,0.14059385418053283,0.14245877955211927
FOXP2,ENSG00000128573,chr7,114076326,114703772,2886,0.4555669238396017,0.5853349780902763,0.583812702004039,0.458166347067665,0.5726530627231744,0.3058373146473576,0.3214607013492392,0.5744469461672812,0.5588235594653994
MDFIC,ENSG00000135272,chr7,114912358,115029202,518,0.572553610437757,0.6865586518664494,0.6712959160784503,0.5881389647145214,0.6876048183645896,0.4487360263914637,0.4418630091963731,0.7114069973140084,0.7182800145090987
TFEC,ENSG00000105967,chr7,115925147,116169896,1147,0.33158863193439403,0.4044702557589081,0.29745047017098947,0.3741224118717079,0.336562106049523,0.28405802122453794,0.2882921914641085,0.23424592186186022,0.23001175162228968
TES,ENSG00000135269,chr7,116200505,116268783,376,0.283018538838852,0.43168098830936796,0.3286388027569811,0.2931081778963796,0.34106489361724857,0.24966484127678087,0.24740989498821567,0.31540753634468016,0.31766248263324537
CAV2,ENSG00000105971,chr7,116277379,116518541,1276,0.3471606862844434,0.3777892681428057,0.3499200770898038,0.3627536910398093,0.35589927974813756,0.23512036751261445,0.2425876535520729,0.23935607891109278,0.23188879287163433
CAV1,ENSG00000105974,chr7,116514993,116571179,340,0.4361852885970717,0.3560105650733429,0.38653145081632573,0.44148524952307694,0.413728806271767,0.26223814251403554,0.2442871999101494,0.17783481589170752,0.1957857584955937
MET,ENSG00000105976,chr7,116662195,116808377,544,0.4158750583818918,0.45158160562505095,0.4044084277949808,0.4338653868785727,0.3945793981670928,0.3100785197532141,0.3339041668960776,0.29063827020877087,0.26681262306590736
CAPZA2,ENSG00000198898,chr7,116801069,116932049,542,0.44311387791277207,0.6514131022135561,0.5110655699822899,0.4101333468306311,0.5218421562470652,0.4618676760158433,0.4219560635497873,0.5920000558235377,0.6319116682895937
ST7,ENSG00000004866,chr7,116943237,117240176,1334,0.5651982014047156,0.5415278497953452,0.5436941434206911,0.5465144929756256,0.5610001930323663,0.41406438058652395,0.37369569630189237,0.3657913496460795,0.4061600339307111
CTB-114A6.2,ENSG00000288635,chr7,116944390,117129719,704,0.6451821617812983,0.6065711088405586,0.6956395347001826,0.6490990791815336,0.646895940872522,0.38973157507958767,0.4695569139397353,0.5431233609912741,0.4632980221311265
WNT2,ENSG00000105989,chr7,117265450,117333152,369,0.2903242794395786,0.35741440104730904,0.3440851498601843,0.26295632779834077,0.3444258260507471,0.18173904397560434,0.1625597745431598,0.2605161991692804,0.279695468601725
CFTR,ENSG00000001626,chr7,117277119,117725971,2116,0.3290132779261333,0.36818210612475805,0.28580854046374715,0.3241565018524156,0.29877256933796614,0.2607778987265086,0.2480124016072979,0.19837617023229231,0.21114166735150294
ASZ1,ENSG00000154438,chr7,117353221,117438123,432,0.39531164893577564,0.41181578997722973,0.32146232513930456,0.3704279584102201,0.3492440715155889,0.3229709495591179,0.2819047311837791,0.2077441482354111,0.24881036661074996
CTTNBP2,ENSG00000077063,chr7,117700650,117884139,993,0.4019701562793703,0.5089278479003857,0.5015287027728532,0.3582534002310881,0.459941182922631,0.2645347817840794,0.26932437273695087,0.44662943091314233,0.4418398399602708
LSM8,ENSG00000128534,chr7,118174143,118214035,289,0.539579420442777,0.7331750555681097,0.7003110938905501,0.4346667729490741,0.7133416609766181,0.4458835281384451,0.32101909249688043,0.875278946300444,1.0001433819420087
ANKRD7,ENSG00000106013,chr7,118204668,118506171,1790,0.40669943488237964,0.5280871512610674,0.4433345450952405,0.41370189238513777,0.41917671222638964,0.34361213355340514,0.3707895676959474,0.40734881939396345,0.3801713852514213
KCND2,ENSG00000184408,chr7,120263174,120760337,2538,0.4429443525321085,0.565175208094135,0.5875061479260624,0.4425356033134307,0.604710040651869,0.2661841336169557,0.2445165186539759,0.5666279726409289,0.5882955876039088
TSPAN12,ENSG00000106025,chr7,120777319,120868402,449,0.44749462529648976,0.6992503321681715,0.6835611537992219,0.4121356321898989,0.6301323773533022,0.32207193561972114,0.3690629696415729,0.8794050929743107,0.8324140589524589
ING3,ENSG00000071243,chr7,120940762,120987216,229,0.33264594685781573,0.7856000516896039,0.7515424126233009,0.32324391326139257,0.7268258251519969,0.2759317639575509,0.3163553816011514,1.2639803269175387,1.2235567092739381
CPED1,ENSG00000106034,chr7,120978696,121307442,1946,0.4364066471399763,0.7223931700757703,0.6705964983427858,0.4358862189431418,0.6556161146005305,0.37224995469750843,0.39402522883103974,0.9092994924811897,0.8875242183476583
WNT16,ENSG00000002745,chr7,121315366,121351104,146,0.2925931472157535,0.5546637066781056,0.49496437146845074,0.2825252466680597,0.503358833143148,0.23597429061068365,0.22052778696417757,0.5729512762841605,0.5883977799306666
FAM3C,ENSG00000196937,chr7,121338877,121406364,349,0.36136450780009133,0.5797739969136881,0.5183542490198144,0.3544143922097689,0.5190665955782809,0.2924188201663896,0.28626679703850433,0.5745437896771578,0.5806958128050431
PTPRZ1,ENSG00000106278,chr7,121863088,122072036,1031,0.491682618098465,0.5063056455500733,0.3714862008066466,0.4256617595515391,0.37648765202637224,0.4590453162486763,0.393994373167775,0.24679335271748398,0.31184429579838513
AASS,ENSG00000008311,chr7,122054582,122154308,337,0.45980380034214247,0.4482022880318335,0.3459721754981234,0.4116973333790854,0.28045604528822404,0.39289562654423704,0.39797491208716645,0.20167813715086713,0.19659885160793777
FEZF1,ENSG00000128610,chr7,122291302,122320691,132,0.43080388368453454,0.3703290358126721,0.31031234149503983,0.42816736396970617,0.3207147178325177,0.3272858291187003,0.31737635533710107,0.13527204598081105,0.14518151976241023
CADPS2,ENSG00000081803,chr7,122308410,122896759,3282,0.3680397623825648,0.35406366629104324,0.3463642718659523,0.3444099404520801,0.3084468773754739,0.23538903167035347,0.2452293103826406,0.2016653030161063,0.19182502430381917
RNF133,ENSG00000188050,chr7,122687734,122709117,117,0.5909668586085131,0.6070907007668761,0.6202592237407223,0.7201205664410354,0.5637328853798093,0.42993457682345904,0.6890361362340869,0.5042419076811115,0.2451403482704836
RNF148,ENSG00000235631,chr7,122691667,122712922,112,0.6526446701727103,0.6142894489626112,0.5510240454162297,0.7475850991352089,0.620929109574265,0.604644565176585,0.6796585632630128,0.34802349341097916,0.2730094953245513
TAS2R16,ENSG00000128519,chr7,122984703,123005700,146,0.33271866624520263,0.5039062048173665,0.41998463004337466,0.3550773962984606,0.3756058848772089,0.28041656166703505,0.334320857677468,0.4205737052771357,0.3666694092667028
SLC13A1,ENSG00000081800,chr7,123103530,123209972,674,0.33078065455903755,0.6996858556352228,0.5771136772603186,0.32606777784291124,0.6243249486905862,0.3719588648382421,0.30926060177666626,0.8309673394820086,0.8936656025435844
IQUB,ENSG00000164675,chr7,123442192,123545077,433,0.36366612766145795,0.4941374722838137,0.46706643514806456,0.3770180928579472,0.3994524094191341,0.2520818607246378,0.32240737203714387,0.429408470238277,0.35908295892577097
NDUFA5,ENSG00000128609,chr7,123526996,123567904,160,0.30844918598579474,0.451320971944495,0.3257024403035654,0.24572911733740838,0.35967517948315003,0.2874882606782696,0.2182328360711154,0.3127533961184551,0.38200882072560927
ASB15,ENSG00000146809,chr7,123557009,123649481,458,0.3550866987845667,0.5924725603891892,0.47888526322415575,0.35872777236612463,0.4273185184172667,0.34225068135234055,0.3922613184158701,0.5553963307476298,0.5053856936841004
LMOD2,ENSG00000170807,chr7,123645865,123674290,132,0.4377695111367674,0.6316896798530824,0.5012675878750926,0.44533723218738386,0.5758617292599364,0.43949362510644624,0.36526432184532875,0.5593358097829941,0.6335651130441116
WASL,ENSG00000106299,chr7,123671942,123759003,456,0.4168909627557642,0.5405195378596594,0.455446515499626,0.3630826560076835,0.4061660730459893,0.3546254127763775,0.3538093325178534,0.42303344513916774,0.4238495253976918
HYAL4,ENSG00000106302,chr7,123818982,123887481,304,0.37163249905588885,0.47461887906332356,0.4672623648157373,0.3651379640255231,0.4646421439723953,0.23926760425910454,0.2365795195373534,0.4043637308604776,0.40705181558222886
SPAM1,ENSG00000106304,chr7,123915236,123981414,337,0.32244934778254525,0.3864281730082521,0.34599162521478755,0.31349958167071995,0.2910245710231121,0.22654689387520577,0.26033598987278883,0.26191105039782847,0.2281219544002454
TMEM229A,ENSG00000234224,chr7,124020920,124043067,148,0.18053341838160722,0.22059839278417603,0.04629297410225272,0.18925215413861105,0.03957182211727667,0.20046586457206783,0.20932546969980317,0.048762959388233204,0.03990335426049789
SSU72P8,ENSG00000230268,chr7,124466370,124486955,110,0.4210419812032845,0.5681329865236612,0.5317936693245953,0.5283918077057959,0.6187224255760891,0.31365834251417785,0.31350834459004684,0.5259792347911958,0.5261292327153266
GPR37,ENSG00000170775,chr7,124733884,124775792,264,0.3382208612887484,0.5072422556246086,0.37337109764365345,0.28434677618283094,0.4049226536273167,0.3265801233134042,0.2616166410357402,0.38115749311731517,0.4461209753949792
POT1,ENSG00000128513,chr7,124812385,124939983,803,0.35352682662736806,0.49872655447603786,0.32109406867043083,0.32202534783229236,0.35349427387634264,0.36977720155367444,0.32153784078512226,0.3208263257889157,0.36906568655746785
GRM8,ENSG00000179603,chr7,126428597,127263093,4839,0.3962518342074364,0.5375877817239629,0.44338718958005596,0.34235110124216467,0.39814229407503826,0.3450056178710071,0.34132419321861074,0.4262929204947131,0.4299743451471094
ZNF800,ENSG00000048405,chr7,127336789,127441924,659,0.5976844064826983,0.7121177068271523,0.5833485214796986,0.5267458734086025,0.5985251718653204,0.6401084184697696,0.5403579568873995,0.6050951681797168,0.7048456297620869
GCC1,ENSG00000179562,chr7,127570627,127603611,154,0.3433302795213354,0.35849050788954634,0.3151101978958622,0.33143568210901386,0.29744274823219713,0.24300403362254547,0.24676279459603603,0.2009272646706532,0.19716850369716268
ARF5,ENSG00000004059,chr7,127578385,127601700,105,0.41475874765448817,0.40797108137209664,0.2821233921953346,0.401649577715654,0.3117844176495024,0.36423666786019404,0.33206267939026857,0.15996312839739218,0.1921371168673176
FSCN3,ENSG00000106328,chr7,127581408,127612144,148,0.40529339417073795,0.4913470334996572,0.4614188021188417,0.5184158445416769,0.40098331370394663,0.28842968784636813,0.4470988753228195,0.38755960180775384,0.22889041433130253
PAX4,ENSG00000106331,chr7,127600291,127628142,132,0.4919988788292116,0.6228826208266077,0.5411735355790892,0.5778586383015685,0.570480737454208,0.43669360010588343,0.49626257015846564,0.5385051892952277,0.4789362192426455
SND1,ENSG00000197157,chr7,127642193,128102609,2064,0.48710732342498675,0.5034396643379007,0.4911712781804634,0.45430762446612755,0.42256352009252096,0.346047562812009,0.3782966617761339,0.3540027180900531,0.32175361912592826
LRRC4,ENSG00000128594,chr7,128017070,128042107,133,0.2970119064753762,0.41488489033022974,0.31828219787279455,0.3341886922626788,0.271302079650537,0.25261125988941524,0.3130998222562187,0.2833354225510064,0.22284686018420302
LEP,ENSG00000174697,chr7,128231277,128267629,258,0.5866750564048768,0.832216129411304,0.7798872861405978,0.5917914406618403,0.7629626757797245,0.5774921456541163,0.6207590043257204,1.2075864667475726,1.1643196080759688
RBM28,ENSG00000106344,chr7,128287684,128353908,467,0.5151573268714387,0.6432726200569656,0.6091567589418617,0.6013793943993149,0.6126860721070249,0.40763276955827643,0.5010044382746959,0.6231506609831545,0.5297789922667351
PRRT4,ENSG00000224940,chr7,128340324,128371685,201,0.36836431840282,0.4662419614584837,0.372377332419849,0.5615485591041484,0.37927322665835156,0.310719508686532,0.4877272970459532,0.31709314536685085,0.14008535700742963
IMPDH1,ENSG00000106348,chr7,128382276,128420252,185,0.3734718664284826,0.6395266224800416,0.5590441481760797,0.3355667614241698,0.5230318004110566,0.33454412783726173,0.3444262952203799,0.6857930459125444,0.6759108785294263
HILPDA,ENSG00000135245,chr7,128445848,128468418,87,0.4270774408513468,0.6538122192801803,0.5891373488289777,0.48615370626057375,0.6153362512814887,0.36414117556279446,0.38560966185024403,0.6966327567368172,0.6751642704493678
METTL2B,ENSG00000165055,chr7,128466728,128516602,2,0.006690684508492023,0.05950413223140496,0.030068512655577317,0.023160815445681923,0.0,0.018765674900046825,0.04239063283357426,0.0425823490044637,0.018957391070936254
FAM71F2,ENSG00000205085,chr7,128661692,128697877,247,0.30377531095590793,0.3295972303708601,0.2508163085094044,0.3268154499451502,0.2657021516319575,0.23659418181323252,0.24338591037048718,0.16328241670118213,0.15649068814392747
FAM71F1,ENSG00000135248,chr7,128699060,128741743,282,0.29335356138955776,0.49249668616921166,0.39219604476860287,0.3158481633841281,0.4210313918225033,0.2637869861541049,0.2556602104102032,0.41446505221756924,0.4225918279614709
CALU,ENSG00000128595,chr7,128729291,128783400,298,0.25007271610522025,0.3180084879757567,0.22982737822657562,0.24929981143282523,0.21602962748605203,0.20468824687447856,0.21305147031827776,0.17804982005389824,0.169686596610099
OPN1SW,ENSG00000128617,chr7,128762484,128785794,125,0.2089066447212559,0.2847367327542383,0.26304970901644026,0.17400640327248665,0.1712537345995115,0.13210452880225126,0.16921580598097113,0.20300006931892095,0.16588879214020108
CCDC136,ENSG00000128596,chr7,128780756,128832132,230,0.26829785632362474,0.21650750176822023,0.2173072149827716,0.28707451293394415,0.2294641285119013,0.1556802655065887,0.16085154648954864,0.08831352641353024,0.08314224543057028
FLNC,ENSG00000128591,chr7,128820405,128869274,273,0.22244632632710457,0.28207682553258817,0.25494279478564674,0.26937359438878483,0.3344059252563323,0.14435052031426032,0.11908522313753203,0.1870421946934999,0.21230749187022815
KCP,ENSG00000135253,chr7,128852041,128920719,0,,,,,,,,,
ATP6V1F,ENSG00000128524,chr7,128852855,128875847,164,0.25469530070089313,0.30917134986225897,0.2971534764209409,0.2943832878232878,0.30652009433760985,0.155604442095821,0.17625676716465105,0.21425901762068075,0.1936066925518507
ATP6V1FNB,ENSG00000272899,chr7,128856329,128882047,184,0.27132199144474095,0.3449411348651921,0.25197934105288194,0.28899198640915147,0.2894552666074887,0.2246144141229406,0.2111891911661583,0.19841576282722884,0.21184098578401112
IRF5,ENSG00000128604,chr7,128927456,128960038,219,0.2863885589561807,0.2004028474845208,0.21338571512715526,0.3169428938028028,0.28940577198232953,0.16052332180838913,0.13158516572900358,0.06312391569006282,0.09206207176944836
TNPO3,ENSG00000064419,chr7,128944179,129065173,550,0.4284990844437555,0.35704755565761603,0.29594724681977236,0.4686990985482958,0.3210058590114099,0.3251358590501184,0.3434842425021656,0.11654865746156556,0.09820027400951842
RP11-286H14.4,ENSG00000230626,chr7,129116517,129140793,140,0.5824875387737205,0.558267411834941,0.520171905838399,0.6098377146877629,0.5650550668843352,0.47808204782143143,0.4628536239624447,0.33896853632331936,0.354196960182306
TSPAN33,ENSG00000158457,chr7,129134706,129179699,0,,,,,,,,,
SMO,ENSG00000128602,chr7,129178632,129223545,232,0.48341302109553685,0.3608764255034574,0.3562104229742211,0.47669515463124346,0.3529930261093767,0.3338928549874003,0.32992517832259005,0.11376460099558594,0.11773227766039612
AHCYL2,ENSG00000158467,chr7,129215022,129440211,904,0.4904351028050801,0.6216657299246853,0.5998580943177655,0.5135191801085424,0.637160394683232,0.36511959566876434,0.3393702817937674,0.6068575660990496,0.6326068799740467
STRIP2,ENSG00000128578,chr7,129424431,129498399,319,0.45340995486642666,0.6229100016346357,0.5586652593795729,0.4425725447309551,0.5253050260078066,0.3806879865621994,0.4073057327625383,0.5945834110070509,0.567965664806712
SMKR1,ENSG00000240204,chr7,129492530,129522918,129,0.5554099742656279,0.7200687344837529,0.6384900552338172,0.614409206864564,0.6120705218388375,0.533174085080769,0.6396290331530808,0.7400371011664564,0.6335821530941443
NRF1,ENSG00000106459,chr7,129601719,129767082,714,0.5000224284465983,0.4495877061914798,0.45520100503695643,0.4885066625568991,0.4637104378977067,0.3414706630035,0.32221366985035144,0.25561699347428485,0.27487398662743345
UBE2H,ENSG00000186591,chr7,129820731,129962960,638,0.5121328550746223,0.5602626316838796,0.5638161186704521,0.46561466527484485,0.5391805304204723,0.3547991981477452,0.3367334006552803,0.4667784223225883,0.4848442198150531
ZC3HC1,ENSG00000091732,chr7,130008286,130061451,218,0.5777895571855215,0.8037437463798613,0.7693544321596826,0.626973712020653,0.7806847409160199,0.5118561908604308,0.5485976983998283,1.1164778663865609,1.0797363588471633
KLHDC10,ENSG00000128607,chr7,130060533,130145705,427,0.295991237700505,0.35005283375105156,0.20193173337711,0.36602231940510366,0.26531268728335194,0.2781337702493018,0.28914771810006923,0.15273043184069518,0.14171648398992767
TMEM209,ENSG00000146842,chr7,130154712,130217770,321,0.4440005963546382,0.5508255633652427,0.49007780403433715,0.42468616372328843,0.4609017163086304,0.35691745093352023,0.3676630855308707,0.44342651545293643,0.432680880855586
SSMEM1,ENSG00000165120,chr7,130196343,130226844,137,0.524730220445079,0.559575299860059,0.47448332453006303,0.5034346693600178,0.5363477179053266,0.46025755631886095,0.37571780604025873,0.3597582336928062,0.4442979839714084
CPA2,ENSG00000158516,chr7,130256862,130299798,254,0.41555599678441013,0.6018187658893001,0.5311412136950721,0.3328534618366708,0.4655259769047266,0.3502443348123781,0.3495607124877118,0.5706036804439876,0.5712873027686538
CPA4,ENSG00000128510,chr7,130283133,130334180,323,0.4770469632905502,0.6375186766668878,0.5698174889001679,0.39554218914261396,0.5338236450079811,0.40975011342138756,0.3775072293784452,0.6050322144330058,0.6372750984759483
CPA5,ENSG00000158525,chr7,130334815,130378730,0,,,,,,,,,
CPA1,ENSG00000091704,chr7,130370338,130398114,155,0.25040654473192303,0.2969809643805416,0.27719666986855795,0.22970572543329387,0.2630927693893429,0.15798873794788504,0.15403035158459794,0.19438257189536146,0.19834095825864853
CEP41,ENSG00000106477,chr7,130383770,130452433,350,0.3031037743196053,0.428712650264144,0.3842676270960222,0.24645664598349332,0.3853290864193348,0.21801942671917682,0.17808171395026787,0.3418435297221167,0.3817812424910255
MEST,ENSG00000106484,chr7,130476170,130516465,179,0.4456113893036323,0.5861914285291026,0.47108477680420313,0.4143131351722671,0.580234599837249,0.41765702803059634,0.27463124881324064,0.46469477181186286,0.6077205510292184
COPG2,ENSG00000158623,chr7,130496237,130678748,549,0.40871595766207997,0.5164987562745101,0.44978787111811064,0.46868477229209266,0.4664547753577345,0.3273543847281283,0.3654448671736584,0.3993470070258299,0.3612565245802998
TSGA13,ENSG00000213265,chr7,130658642,130697432,183,0.30809858899804615,0.42100203548406967,0.4227021206255469,0.37670229523310206,0.42896825396825394,0.18268561491170787,0.2294384304384608,0.3637707020201413,0.3170178864933883
KLF14,ENSG00000266265,chr7,130720696,130744207,0,,,,,,,,,
MKLN1,ENSG00000128585,chr7,131100095,131506632,2036,0.4162824284444278,0.4990395296760576,0.46244237391991116,0.40514661461398366,0.4495726124379881,0.30442339631254545,0.30680408162676465,0.38680468624663483,0.3844240009324157
PODXL,ENSG00000128567,chr7,131490261,131568217,429,0.4606421423883562,0.5319316050791056,0.47935346633916215,0.4795726268957324,0.4698790561869915,0.3619164723018291,0.38879784087875735,0.39722437844714414,0.37034300987021584
PLXNA4,ENSG00000221866,chr7,132113331,132658688,3598,0.4679601321199841,0.57177331387965,0.5421073599360784,0.47173869090111,0.5477807332843893,0.34900945163967195,0.34633934191237503,0.4990931315025686,0.5017632412298656
CHCHD3,ENSG00000106554,chr7,132774869,133092090,0,,,,,,,,,
EXOC4,ENSG00000131558,chr7,133243072,134076589,4149,0.5968045954816984,0.5820376673145715,0.5701502044098107,0.5798400814452552,0.5453248602693174,0.4681892398126111,0.47565587588626995,0.4041747238979621,0.3967080878243033
LRGUK,ENSG00000155530,chr7,134117298,134274591,1068,0.34354689962736934,0.37234098076846345,0.4084232649223551,0.4099323436224967,0.45201266284855596,0.18084918765435865,0.19588660006013353,0.2849090353244792,0.2698716229187043
SLC35B4,ENSG00000205060,chr7,134279331,134326930,350,0.3471853433432206,0.21559272947925862,0.1982891140220182,0.3097599613678431,0.19523164119201608,0.22414085599941153,0.19817098980736708,0.018686059809123245,0.044655926001167745
AKR1B1,ENSG00000085662,chr7,134432355,134469284,139,0.4278880526237997,0.5788909667973967,0.43903235796246254,0.38759268975313654,0.5114482491325917,0.42259601647817036,0.3194556480155936,0.4422674761232681,0.5454078445858448
AKR1B10,ENSG00000198074,chr7,134517566,134551412,30,0.2525543045237557,0.13105038730350968,0.25622081129436447,0.17892680014529916,0.23007696369895173,0.06777634273030897,0.03807421530985128,0.07269379575556367,0.10239592317602135
AKR1B15,ENSG00000227471,chr7,134539109,134589875,138,0.17144884400808535,0.5582286318762463,0.443800902828862,0.20015073502254452,0.40646786977402255,0.2092052678686473,0.2593154278641464,0.6077575295526971,0.5576473695571978
BPGM,ENSG00000172331,chr7,134636810,134689816,366,0.4812812962467481,0.521018177724388,0.442947033912767,0.377418223007963,0.37151197656542495,0.40369560956284234,0.37276730764768673,0.3323970220486986,0.3633253239638543
CALD1,ENSG00000122786,chr7,134734251,134980729,1484,0.4090014322816356,0.5989055448630705,0.5035303892841425,0.36698466003179275,0.4701367618708001,0.3696335055613949,0.36784130340875903,0.5439248248815769,0.5457170270342127
AGBL3,ENSG00000146856,chr7,134976507,135157963,968,0.5959563183057552,0.555407040098796,0.5098466838691951,0.5194407854182372,0.4869036883204195,0.50189567468169,0.438054612856551,0.30870043757587357,0.3725414994010128
CYREN,ENSG00000122783,chr7,135082362,135180795,558,0.5580902290079752,0.5171602158476781,0.4872976672986061,0.45784022406813285,0.4407664105383745,0.43833004779581647,0.37953844937708836,0.28974034239118385,0.348531940809912
TMEM140,ENSG00000146859,chr7,135138071,135176215,235,0.5308085935176977,0.5128278920281325,0.47792832416362346,0.44218308506638127,0.40492968456728734,0.4129659505019379,0.3918932952649629,0.30617186337056973,0.32724451860754467
WDR91,ENSG00000105875,chr7,135173838,135221555,301,0.5626251112021913,0.7433250799052411,0.7386586976264987,0.5038124856815879,0.6391474307326501,0.4224907128304781,0.520730234149727,0.9374541842756926,0.8392146629564436
STRA8,ENSG00000146857,chr7,135221978,135268492,302,0.470289145033716,0.6183830483257416,0.5541378321221224,0.5519842872547992,0.5048000368585294,0.3955082401921054,0.5317356299075373,0.5678296775760927,0.4316022878606607
CNOT4,ENSG00000080802,chr7,135351794,135520127,878,0.3763169470112711,0.528261728104113,0.52037255166192,0.38445958867574137,0.5285326506614464,0.244349148853663,0.24234010375849485,0.5069818070348768,0.508990852130045
NUP205,ENSG00000155561,chr7,135547916,135658757,674,0.298554168462245,0.45908024771968947,0.4644821218432296,0.3592758673467293,0.4924858005287215,0.1722874700351955,0.19070501955310343,0.442196873301825,0.42377932378391703
STMP1,ENSG00000243317,chr7,135652495,135703418,294,0.38987002885811817,0.785640050459362,0.7618509760581945,0.37709763367752386,0.7378055640137579,0.29966164828511144,0.33739761461370543,1.240437021465823,1.2027010551372288
SLC13A4,ENSG00000164707,chr7,135671230,135739258,382,0.4033128603449987,0.814587836671749,0.7370270987704693,0.41486366857091583,0.7293831877017259,0.432916045001308,0.45701650019286455,1.2522579771312992,1.2281575219397425
FAM180A,ENSG00000189320,chr7,135718347,135758813,247,0.3224858105719612,0.692255638022509,0.6214734576699558,0.3097116883755992,0.6264434509361527,0.2981707666744834,0.28222293859949094,0.8803150675490349,0.8962628956240274
MTPN,ENSG00000105887,chr7,135916759,135987359,449,0.1788593361672788,0.33633220988930335,0.2933574916626589,0.19498962512233423,0.2902645328491311,0.12990201790406172,0.14200536227679847,0.2800715528998504,0.26796820852711367
CHRM2,ENSG00000181072,chr7,136858651,137030255,1008,0.3632900513554522,0.5309347196132396,0.4210126903778248,0.3978548193276554,0.36474364174332846,0.33098983849378605,0.4052716903515359,0.42602349113807547,0.35174163928032565
PTN,ENSG00000105894,chr7,137217340,137353774,798,0.452524050627162,0.44319609364152035,0.4295142771589472,0.43511441427713315,0.41514710685705764,0.3133558824554655,0.3101396488291761,0.27218627180104366,0.275402505427333
DGKI,ENSG00000157680,chr7,137371036,137857092,3065,0.313500654256744,0.4950676989245519,0.41061597852182896,0.352304131126181,0.46782055432986114,0.2654018019604293,0.24344520215367538,0.4179291140091682,0.4398857138159221
CREB3L2,ENSG00000182158,chr7,137864978,138012086,1042,0.45875047258329904,0.4122386231306677,0.43038349918224983,0.49327613994655917,0.4179885060166751,0.29125857886472467,0.3349791156324443,0.24017565623747222,0.19645511946975253
AKR1D1,ENSG00000122787,chr7,137992323,138128305,861,0.4927100226370995,0.6655232628627911,0.5429438711851843,0.5723003755494123,0.5959071190770668,0.49545568148784785,0.5192057823296957,0.5997322655246264,0.5759821646827785
TRIM24,ENSG00000122779,chr7,138450258,138599996,863,0.3493991015636279,0.43644978002371215,0.3818906107421426,0.39951876665265235,0.4061228913823372,0.26113394002306656,0.28121992437139415,0.31236488793073813,0.2922789035824106
SVOPL,ENSG00000157703,chr7,138584284,138711362,800,0.32369358763356004,0.38325117210310194,0.3362680943136713,0.3765095868846336,0.3590578003503023,0.23226274469820024,0.2554496578213434,0.2510306793271919,0.22784376620404873
ATP6V0A4,ENSG00000105929,chr7,138696293,138809560,914,0.35955071952405615,0.4520512988573551,0.465967633591055,0.34030101273055674,0.4088800582960277,0.20993006251773844,0.24590445012031448,0.3916435449517388,0.3556691573491628
TMEM213,ENSG00000214128,chr7,138787951,138848101,418,0.32824239795069193,0.5290540460470626,0.4871460986985228,0.3283572862262246,0.457388458528222,0.24155269330280404,0.26983954323715453,0.5114592456928999,0.4831723957585495
KIAA1549,ENSG00000122778,chr7,138821380,138991389,1182,0.3276743251396508,0.3539561356533726,0.28067721067299717,0.3024176141232595,0.2595543107596173,0.2522276083610687,0.2482597705113462,0.18466026767829913,0.18862810552802167
ZC3HAV1L,ENSG00000146858,chr7,139015705,139046042,228,0.2531296744662913,0.21130418854729174,0.16211515287195483,0.37073008577382255,0.2706779582384698,0.17618183500046888,0.19246484046267784,0.06119273428954469,0.044909728827335765
ZC3HAV1,ENSG00000105939,chr7,139033514,139142122,646,0.2698920419711692,0.3081644183287815,0.22331223628691985,0.27656871784378056,0.2613650803778029,0.2151264802597329,0.19460258397155053,0.15328047007680098,0.17380436636498336
TTC26,ENSG00000105948,chr7,139123743,139201986,249,0.3594507673052574,0.4232532476840922,0.3458496003560953,0.42577155055281035,0.4330400479125789,0.28568166121435656,0.2688066851268584,0.2646703517381673,0.2815453278256656
UBN2,ENSG00000157741,chr7,139220355,139318236,415,0.2577048244696893,0.2615801907793156,0.1514576468779123,0.24642089485998964,0.10905584825054086,0.2185078964493843,0.2353452589345554,0.08473487248200859,0.06789750999683744
FMC1,ENSG00000164898,chr7,139329456,139356328,136,0.4335046101938561,0.32170767128702654,0.1341210562458461,0.4076163031354548,0.14077534217121948,0.4062265446228573,0.3800263905379204,0.0,0.008150530134533429
LUC7L2,ENSG00000146963,chr7,139330358,139433457,563,0.48011190685034943,0.37593429915947724,0.10019009088978378,0.47470864430526233,0.09544920032490713,0.5100347861644434,0.5074925104937814,0.0,0.0
FMC1-LUC7L2,ENSG00000269955,chr7,139331359,139432599,561,0.4933083254348825,0.38031996939583024,0.10176145245764673,0.4605590545834881,0.09577859148563095,0.5255425041742046,0.49754647407097585,0.0,0.0
KLRG2,ENSG00000188883,chr7,139442689,139493673,368,0.3374020869841455,0.38918996667456635,0.2213358196826284,0.35943326495504846,0.21754319686748594,0.3271904006294575,0.3465273442251373,0.16577887861162696,0.14644193501594716
CLEC2L,ENSG00000236279,chr7,139513684,139554985,268,0.37145485328511296,0.2525382555568929,0.26136039953411133,0.368886821666877,0.21110594646324857,0.22623720582812112,0.25710948776825127,0.06483494720134544,0.033962665261215275
HIPK2,ENSG00000064393,chr7,139551569,139787998,1374,0.3055788261231906,0.3518755059545438,0.31718614351325525,0.3514909536609015,0.32405522553156624,0.20840805488275885,0.23755395273956556,0.22526442575935307,0.19611852790254636
TBXAS1,ENSG00000059377,chr7,139767050,140030325,0,,,,,,,,,
PARP12,ENSG00000059378,chr7,140013748,140072951,374,0.3197623500894166,0.3349904344746677,0.22997854647139607,0.35450034191616636,0.2291722034723882,0.2659650040445567,0.2926970856980516,0.14198885013655857,0.11525676848306368
KDM7A,ENSG00000006459,chr7,140074745,140186983,554,0.2849180763238555,0.1895353680744109,0.21012091342109623,0.2721648535869823,0.1875996543288015,0.15481517009821544,0.1600331279962554,0.05533240601308656,0.05011444811504656
SLC37A3,ENSG00000157800,chr7,140283692,140414433,817,0.4214257874070671,0.5246842014350873,0.496330632410821,0.402410523952567,0.4369241208510365,0.3025645349792413,0.34214311449579987,0.4412113217918251,0.40163274227526663
RAB19,ENSG00000146955,chr7,140394057,140437974,282,0.2969452311343905,0.46962585177696237,0.4361873430496794,0.28378434652626716,0.40770669796718806,0.20672990655852275,0.22209661132646652,0.4274426748924454,0.4120759701245016
MKRN1,ENSG00000133606,chr7,140443032,140489536,301,0.3698402336616566,0.4086014467253177,0.2927893219259332,0.34962277554770044,0.26112632579347644,0.32031017176863624,0.32641977138769274,0.20495494607021217,0.19884534645115579
DENND2A,ENSG00000146966,chr7,140508419,140683993,1062,0.3598287302213568,0.28768985695720334,0.2566592689870764,0.35933667933911284,0.24387284488465302,0.24433032322122195,0.2524736733655938,0.09491154503130339,0.0867681948869316
ADCK2,ENSG00000133597,chr7,140662944,140706261,200,0.24366849647599148,0.2974211957321096,0.20373628566255025,0.3471962805401297,0.2695688222456043,0.20222418038736803,0.23267811003447628,0.15077352678443126,0.12031959713732299
NDUFB2,ENSG00000090266,chr7,140680776,140732790,181,0.21539623771179187,0.275036443792328,0.21352456187843535,0.2415541591171645,0.235635017748143,0.16200827821347943,0.16470394996353507,0.1596256144771887,0.1569299427271331
BRAF,ENSG00000157764,chr7,140709326,140934929,961,0.25971401606610006,0.2679297716289478,0.1840398178343958,0.27354846319180876,0.23072480334000797,0.20460390515878207,0.18457791235525156,0.10727492406641675,0.12730091686994724
MRPS33,ENSG00000090263,chr7,140992609,141025228,108,0.6764261026079315,0.7433252611497589,0.7229513608205681,0.6887944953193355,0.7210186942981925,0.6023555839837419,0.6253184487221385,0.757590019247444,0.7346271545090473
TMEM178B,ENSG00000261115,chr7,141064063,141490380,2466,0.4164103181988137,0.4788219505196348,0.4165627777429203,0.43993591010965966,0.39316443395083545,0.3257011357115597,0.36593509239198896,0.3259624142552569,0.28572845757482757
AGK,ENSG00000006530,chr7,141541277,141665244,548,0.24012825983756714,0.40501120462432444,0.36004962142042196,0.30000333131543977,0.45106165411343824,0.17372684434974797,0.13806163076686795,0.34548586056545605,0.38115107414833604
DENND11,ENSG00000257093,chr7,141646727,141712166,350,0.32058026749654256,0.38830724027540237,0.3358968822247729,0.3945412243270286,0.40497880644792783,0.2343617425375761,0.2370678479443809,0.2571634065835714,0.2544573011767666
WEE2,ENSG00000214102,chr7,141698352,141741271,234,0.429495117864995,0.307852476210816,0.2466945596713262,0.3444670519775903,0.1920558148184367,0.32295260565552786,0.288500286956372,0.045003555763110714,0.07945587446226662
SSBP1,ENSG00000106028,chr7,141728333,141797922,335,0.2350041673612269,0.569874926652628,0.4052711719542873,0.3133844814650468,0.3804304628097033,0.2959572042669649,0.3704648518092785,0.5477220400718299,0.47321439252951614
TAS2R3,ENSG00000127362,chr7,141754096,141775197,98,0.1831588243479721,0.5233621590729073,0.40887036883368677,0.2509568556583716,0.32061036299028656,0.2087944893591418,0.3216982689068827,0.5322038304452785,0.4193000508975375
TAS2R4,ENSG00000127364,chr7,141766673,141791691,111,0.19178109808434043,0.5565183949832229,0.3333458972053786,0.27962020125749515,0.38168351484356955,0.31026866989486857,0.33016041101735866,0.5028302850483817,0.4829385439258914
TAS2R5,ENSG00000127366,chr7,141780216,141801367,111,0.20983284712920874,0.5540466348113731,0.41602082479783525,0.28220625326564447,0.35789441653480675,0.2525808545430739,0.3480556891075911,0.5549600402433621,0.459485205678845
PRSS37,ENSG00000165076,chr7,141826299,141851487,105,0.14557734920944235,0.31598505800797394,0.2825210768002031,0.11428032907484963,0.27553448767780575,0.1025465549201787,0.08940458656619968,0.2772289616604249,0.29037093001440384
MGAM,ENSG00000257335,chr7,141897812,142116747,1409,0.42718456814502836,0.49108950470453977,0.47088462585100593,0.513396349874796,0.482787874710458,0.2980630361973655,0.3682431406130011,0.3774200859098964,0.3072399814942608
OR9A4,ENSG00000258083,chr7,141906398,141930625,38,0.5247360485626108,0.4166561264822134,0.35412029335270284,0.5503604556902495,0.39258803145288707,0.4228606844483096,0.4198697199220792,0.11611774755998366,0.11910871208621399
CLEC5A,ENSG00000258227,chr7,141917356,141957007,286,0.5904077613942394,0.6872735141678963,0.648270694128608,0.6549221487723784,0.6776364626119661,0.505063027581562,0.5471680885742151,0.6573632900692195,0.6152582290765662
TAS2R38,ENSG00000257138,chr7,141962630,141983773,103,0.4370281627652657,0.46287790904815507,0.23859966666107227,0.4324931260889083,0.5111588747952385,0.4617297651968286,0.2361572651572474,0.15980008766600734,0.38537258770558863
MGAM2,ENSG00000257743,chr7,142101748,142232324,742,0.3665382642759143,0.37355867889652283,0.36231288759209557,0.4062860985877466,0.33548431473100204,0.23717415877584636,0.29018054854678743,0.23052601170363876,0.17751962193269766
PRSS58,ENSG00000258223,chr7,142242142,142268058,210,0.29694715326913707,0.36269508378254617,0.28533898521422196,0.23882543377611506,0.26675170660998176,0.2334416627446654,0.20656436041348208,0.2170653998132036,0.2439427021443869
MTRNR2L6,ENSG00000270672,chr7,142656271,142677718,0,,,,,,,,,
PRSS1,ENSG00000204983,chr7,142739467,142763076,0,,,,,,,,,
PRSS2,ENSG00000275896,chr7,142750397,142784564,0,,,,,,,,,
EPHB6,ENSG00000106123,chr7,142845060,142881094,237,0.5271714617776018,0.8250192639829945,0.7828178732907156,0.5944674268993524,0.7779582955550025,0.4825414309208248,0.5703717072712836,1.2605379600998612,1.1727076837494026
TRPV6,ENSG00000165125,chr7,142861207,142895745,0,,,,,,,,,
TRPV5,ENSG00000127412,chr7,142898100,142943746,0,,,,,,,,,
LLCFC1,ENSG00000165131,chr7,142929342,142950868,129,0.3942525411193475,0.7283296397384156,0.726334117853343,0.3974184152732243,0.7531696099487916,0.2543053239184737,0.2053221063575159,1.0488605345284236,1.0978437520893816
KEL,ENSG00000197993,chr7,142931113,142972363,0,,,,,,,,,
OR9A2,ENSG00000179468,chr7,143016199,143037132,124,0.2254017620947558,0.0,0.03461569397306263,0.22185271524338293,0.01154651241306354,0.11009088720742961,0.11961288484367265,0.0,0.0
OR6V1,ENSG00000225781,chr7,143042340,143063282,110,0.2568223245739017,0.5534647278898447,0.5168674103876142,0.239671400992513,0.5416615470091407,0.18779643246649763,0.15004703473935715,0.6184404524319295,0.65618985015907
PIP,ENSG00000159763,chr7,143122076,143149739,166,0.33969764369975414,0.3067981885628945,0.04387460168640106,0.3320654169637028,0.019358000490075963,0.3683126682507045,0.3752256637785302,0.0,0.0
TAS2R39,ENSG00000236398,chr7,143173418,143194435,132,0.053997061144758225,0.022453138663929128,0.022748486413766568,0.07445915454669025,0.0,0.027603713060194223,0.05004303141872518,0.0,0.0
TAS2R40,ENSG00000221937,chr7,143212036,143233079,106,0.07130211131521005,0.029948728828542128,0.043172922393534034,0.05966813870234395,0.05368544498979281,0.030122774801806796,0.01837425973775631,0.00028357720198569913,0.012032092266036184
GSTK1,ENSG00000197448,chr7,143234092,143280854,172,0.14179932902510156,0.15320661990556086,0.0671310215434733,0.1537332436366677,0.06949847387635408,0.1248626817586446,0.1305938243720493,0.04143587554832408,0.03570473293491935
TMEM139,ENSG00000178826,chr7,143269956,143298048,111,0.03888480185033245,0.029819312377606856,0.025978679770024552,0.04943588040671541,0.01991717609938868,0.021805933348968347,0.030427206376499864,0.008467015583566922,0.0
CASP2,ENSG00000106144,chr7,143278214,143317696,125,0.01046196795341286,0.0,0.0,0.030036571641131042,0.07504802889418273,0.005258539528771323,0.0,0.0,0.023758277514160393
CLCN1,ENSG00000188037,chr7,143306110,143362083,193,0.4162890286473149,0.4855172868667631,0.3568804244422041,0.45275849800387713,0.30354234412812886,0.3807590237096101,0.452855055841759,0.2838342999152027,0.21173826778305382
FAM131B,ENSG00000159784,chr7,143343399,143372770,165,0.5220141003028552,0.5217917995785109,0.46344092010812,0.47266996177767756,0.45706097767464426,0.42665225951686786,0.3834397402307741,0.3110568160696992,0.35426933535579314
ZYX,ENSG00000159840,chr7,143371294,143401111,183,0.5379217418253781,0.5911262585005147,0.5676968975039417,0.4814097153357375,0.5508000962447196,0.4138707863650005,0.375351370269781,0.4804780847223954,0.5189975008176149
EPHA1,ENSG00000146904,chr7,143380288,143418856,211,0.5539010171441127,0.5608657775294792,0.4614323307760882,0.4950848495368546,0.4899381484580506,0.5056612278910382,0.4165458831577754,0.3172889388001779,0.40640428353344055
TAS2R60,ENSG00000185899,chr7,143433452,143454409,124,0.2639941479583575,0.26615139746609784,0.2189554063306321,0.33972226325287697,0.24095780030802488,0.18442335587885958,0.22442467519063297,0.1250291793418092,0.08502786003003579
TAS2R41,ENSG00000221855,chr7,143467872,143488796,122,0.45877756421255717,0.5422967404473268,0.5244511237019405,0.47553734008081183,0.4790966310723151,0.326086762330476,0.3873622642312231,0.45544744742539073,0.39417194552464363
CTAGE15,ENSG00000271079,chr7,143561800,143584387,0,,,,,,,,,
TCAF2,ENSG00000170379,chr7,143610951,143740410,65,0.44785745557570567,0.36978521735070274,0.435378921947528,0.35950014992222784,0.312840107888137,0.24202159755246344,0.26600635517215554,0.2196729953056092,0.19568823768591703
TCAF2C,ENSG00000283528,chr7,143629229,143657646,0,,,,,,,,,
CTAGE6,ENSG00000271321,chr7,143745088,143767696,0,,,,,,,,,
TCAF1,ENSG00000198420,chr7,143841374,143912198,160,0.3710691027875747,0.39056980447997625,0.3395511179235266,0.38888660668568503,0.3350304126253493,0.27206460147476597,0.28984482100771014,0.22316626259350344,0.2053860430605592
OR2F2,ENSG00000221910,chr7,143925232,143946186,139,0.3471202024904437,0.343234462629319,0.14857377552857975,0.3121870210855011,0.17032982605511887,0.3429740061118184,0.3039697328728778,0.07745418661621481,0.1164584598551553
OR2F1,ENSG00000213215,chr7,143944843,144007312,387,0.24519507389715578,0.2735292273672227,0.2752986346219554,0.25373885649172195,0.31406522957060956,0.1394286737437168,0.11763198312662956,0.18012835341205022,0.20192504402913747
OR6B1,ENSG00000221813,chr7,143990319,144018793,214,0.2837100107170104,0.2966176084333863,0.2216948925406637,0.2867212093157962,0.24608174783826292,0.21744405545552642,0.20363309052491266,0.13441053711452025,0.14822150204513398
OR2A5,ENSG00000221836,chr7,144038947,144068845,255,0.33556676028660376,0.3369231057966833,0.15314911876938297,0.2683174940705815,0.1716055712810716,0.32672726705348526,0.26750351783815873,0.08413704927733265,0.14336079849265917
OR2A25,ENSG00000221933,chr7,144059810,144085870,191,0.2929998827859164,0.26912936173025853,0.170772470641082,0.2782107428833112,0.177637258597817,0.23649127427462638,0.22198359032395282,0.07702752604923194,0.09153520999990553
OR2A12,ENSG00000221858,chr7,144076277,144108953,149,0.338796538858877,0.19116142107280487,0.15843440899111283,0.2216895854341655,0.1212026349326904,0.22667913440690007,0.1667924102856807,0.0,0.04536350315743398
OR2A2,ENSG00000221989,chr7,144099582,144120539,127,0.3146714780196855,0.12282050041760584,0.1648032289505772,0.22532233429934975,0.08053714374030387,0.16440633330763393,0.1511931265162571,0.0,0.0
OR2A14,ENSG00000221938,chr7,144113175,144141188,189,0.26764368904864494,0.11141882822104546,0.19067460064741348,0.25705509143608424,0.15411382139036553,0.10903158928578602,0.1239460962824147,0.009097688054007708,0.0
CTAGE4,ENSG00000225932,chr7,144173465,144196053,0,,,,,,,,,
ARHGEF35,ENSG00000213214,chr7,144176082,144205833,0,,,,,,,,,
OR2A42,ENSG00000212807,chr7,144218243,144249605,0,,,,,,,,,
OR2A7,ENSG00000243896,chr7,144247662,144274792,0,,,,,,,,,
CTAGE8,ENSG00000244693,chr7,144256700,144279288,0,,,,,,,,,
OR2A1,ENSG00000221970,chr7,144302418,144332737,0,,,,,,,,,
ARHGEF5,ENSG00000050327,chr7,144345287,144390632,60,0.46717382139381514,0.7941445772346807,0.5054001811910885,0.3608622019310856,0.6743789938156586,0.75306746226828,0.4530976288119153,0.8275137255594258,1.1274835590157906
NOBOX,ENSG00000106410,chr7,144387239,144420227,219,0.49392278945332435,0.6901304757140013,0.5335790992730963,0.4175033277535037,0.5508729539585846,0.5450015793766394,0.45579314399995946,0.6266023801251144,0.7158108155017944
TPK1,ENSG00000196511,chr7,144441940,144846395,2819,0.32818280002224665,0.46090468195789086,0.45917135567075135,0.33398394118436253,0.4597029860651497,0.20048954578256417,0.20433405644929692,0.41737333554666467,0.41352882487993187
CNTNAP2,ENSG00000174469,chr7,146106001,148430998,17676,0.41635786380128126,0.4569952291008377,0.40291465956477784,0.39721429988795925,0.3929738848043168,0.31670460517986165,0.3088236211960279,0.29393256772063575,0.3018135517044695
C7orf33,ENSG00000170279,chr7,148580765,148625860,389,0.44813398084227757,0.3584206028432969,0.30301341688814365,0.4602960275526037,0.3135224275651664,0.338641598902203,0.34218754989020606,0.10518073570671244,0.10163478471870935
CUL1,ENSG00000055130,chr7,148687913,148811110,662,0.31985929749844333,0.6806387782915286,0.5747298621241637,0.34334372114718936,0.5696914776471241,0.3359286768513639,0.35938709584966205,0.8055037835250383,0.78204536452674
EZH2,ENSG00000106462,chr7,148797256,148894321,368,0.4745358943389457,0.5718275548140872,0.49842699764130594,0.4965166933338049,0.5277565490154335,0.4008482685938937,0.3920866684040391,0.44738098663972764,0.4561425868295824
PDIA4,ENSG00000155660,chr7,148993061,149038662,345,0.5181404467864242,0.529426931219384,0.526097498893754,0.5006207870618081,0.4808796317319044,0.3685764750947755,0.39628702927557125,0.385227556642156,0.35751700246136026
ZNF786,ENSG00000197362,chr7,149059640,149100782,193,0.6249293237523145,0.5916105464969101,0.517209676404487,0.4716347969509441,0.5358295048246488,0.5740009927591636,0.38299911557251204,0.3215330242054515,0.5125349013921031
ZNF425,ENSG00000204947,chr7,149092783,149136324,341,0.5491986292096781,0.5424049234347742,0.4635364257406139,0.4034235214082051,0.4570672938344705,0.4778712199511917,0.3437742676126994,0.3038993782775527,0.43799633061604487
ZNF398,ENSG00000197024,chr7,149116415,149193042,537,0.6204579824199629,0.4999715021692402,0.4715704971057115,0.47949130748943886,0.45085876408944847,0.5120171415196058,0.37331963351649833,0.18107304500301086,0.3197705530061182
ZNF282,ENSG00000170265,chr7,149185545,149236238,319,0.5994305537352677,0.42430718219736074,0.4165062203714731,0.47643515763704114,0.329226537550096,0.4641638519002321,0.39997582264533954,0.08801721106830529,0.15220524032319788
ZNF212,ENSG00000170260,chr7,149229650,149265606,220,0.22694332882190746,0.18234784299996104,0.11275852144237486,0.2797051670252921,0.11314195565822466,0.16954154835621538,0.2046712898127263,0.03177672040288945,0.0
ZNF783,ENSG00000204946,chr7,149252170,149307302,344,0.3226232903346917,0.42527468536327334,0.27051908613878634,0.2865048300751664,0.31422606564843036,0.3139843562332377,0.257117715156422,0.23987870976833747,0.2967453508451532
ZNF777,ENSG00000196453,chr7,149421362,149471062,282,0.39541636878114833,0.3826491929622265,0.30872300337342473,0.33659491516418916,0.29082095741348407,0.30815922316695665,0.2745200396980194,0.17415862454096603,0.2077978080099032
ZNF746,ENSG00000181220,chr7,149462695,149507817,164,0.44016115073544504,0.35199396657154514,0.3128928063444863,0.41832512683608836,0.3134124800965969,0.31934830512705714,0.2998386607811976,0.11450696669976995,0.13401661104562945
KRBA1,ENSG00000133619,chr7,149704780,149744575,299,0.353840000660763,0.4046618936266443,0.2843877217976035,0.3152032418240967,0.3400347608449679,0.3103585740551076,0.24084543183190704,0.20826721476638455,0.27778035698958514
ZNF467,ENSG00000181444,chr7,149754181,149783588,165,0.34681370389300414,0.3199257884972171,0.32394543726044117,0.3231864737929188,0.27656852067350324,0.20998237892654892,0.22608169647385312,0.17557097327726293,0.1594716557299587
ZNF862,ENSG00000106479,chr7,149828374,149877479,338,0.2839502359338576,0.33391162966564025,0.31194226975112227,0.35551322722902445,0.30064913860223036,0.1832280031408749,0.24401559703175996,0.22310492591344283,0.1623173320225578
ATP6V0E2,ENSG00000171130,chr7,149862967,149901204,125,0.33487818176709394,0.3624213981618308,0.227888719252127,0.41382945345552674,0.32456640105140433,0.2996180945200214,0.29591089185516706,0.1504596180289351,0.15416682069378945
ACTR3C,ENSG00000106526,chr7,150233915,150333725,203,0.17732959485540148,0.28525783066611954,0.35517114886397505,0.15733168584917895,0.2257850180801669,0.04613134873608593,0.1255547857058744,0.2897020549149353,0.21027861794514685
ZBED6CL,ENSG00000188707,chr7,150312638,150342721,224,0.241535227784684,0.27186663211540124,0.24338511427231396,0.233262875814093,0.23416524952735635,0.15741454136557886,0.1580467278979186,0.15985650855483188,0.1592243220224921
LRRC61,ENSG00000127399,chr7,150313262,150348156,250,0.21776271071348235,0.23948513002217964,0.21914894088309408,0.22082814491694464,0.20778657839776177,0.13599295368605285,0.14517940520407874,0.1377666608913498,0.12858020937332398
RARRES2,ENSG00000106538,chr7,150328316,150351662,169,0.22704038897919882,0.15803999812655145,0.09273447391100015,0.20032833934659638,0.04767294547018175,0.16611556565394575,0.17336503540567572,0.005907203927445703,0.0
REPIN1,ENSG00000214022,chr7,150358188,150384044,158,0.3399116630532982,0.1566356136264951,0.3464242071518327,0.22324633821214693,0.19618259142504332,0.08022050055545504,0.10230252096989909,0.0901356642643665,0.06805364384992243
ZNF775,ENSG00000196456,chr7,150358789,150408630,351,0.3725711745336988,0.40192040043404226,0.3580120445737788,0.3777498405600683,0.3698393528529383,0.2684853638611492,0.26333200456002315,0.24554606038658855,0.2506994196877146
RP11-511P7.5,ENSG00000284691,chr7,150390701,150422470,264,0.47690830076889046,0.6355762074697653,0.42220418804370463,0.6079285437567347,0.5674497303932259,0.554450790648643,0.5538461318963857,0.4549870327349204,0.455591691487178
GIMAP8,ENSG00000171115,chr7,150440629,150489393,300,0.2873298421428433,0.30598883633375157,0.31045232951200485,0.32212885596178514,0.3118308567730105,0.16614218178094114,0.1901723356123183,0.19912505084934778,0.1750948970179707
GIMAP7,ENSG00000179144,chr7,150504871,150531073,223,0.37306190143180434,0.3738608880074382,0.29631459068706895,0.35739166297775027,0.31232296632842294,0.291833147030643,0.2679832941830044,0.17634956190911863,0.20019941475675723
GIMAP4,ENSG00000133574,chr7,150557368,150583953,206,0.3315581487980685,0.3775729116481782,0.22717925895791127,0.35453259846668517,0.2686275598076923,0.3096132486210251,0.2995384504282582,0.16451553602783683,0.1745903342206037
GIMAP6,ENSG00000133561,chr7,150615374,150642648,184,0.228152063444332,0.4201933014970471,0.34268144820582147,0.27800901715255394,0.3403902866067304,0.1922208556490368,0.22734808825754563,0.35283965378542304,0.31771242117691423
GIMAP2,ENSG00000106560,chr7,150675696,150703641,155,0.33031357539027656,0.4166379172511576,0.3405363665220642,0.3372864064571382,0.4170069635137152,0.2617822327243039,0.20538977399497715,0.2771649845105334,0.33355744323986014
GIMAP1,ENSG00000213203,chr7,150706605,150734284,167,0.22279843858498036,0.3326084876283341,0.2530057610534028,0.15906660444883128,0.3070485721680614,0.18236808826063852,0.105412938557954,0.222010341938395,0.29896549164107944
GIMAP1-GIMAP5,ENSG00000281887,chr7,150706667,150753646,340,0.24239061581894852,0.312872741009109,0.23373340697637335,0.20444787222748295,0.288875817460704,0.19329898927498654,0.13152323240183872,0.18193677593356247,0.2437125328067103
GIMAP5,ENSG00000196329,chr7,150712252,150760033,386,0.2626696469150959,0.3081301881936325,0.24137896646738793,0.2136721182344049,0.2807427612324824,0.1984118989503514,0.13960134159056076,0.1699455753411843,0.22875613270097497
TMEM176B,ENSG00000106565,chr7,150781284,150811360,240,0.37938062874766076,0.41160845565948595,0.3828702093279039,0.36334186150208736,0.34409637316289077,0.2623620275582166,0.2800718457722521,0.2680006333972549,0.2502908151832193
TMEM176A,ENSG00000002933,chr7,150790402,150815118,199,0.38555966899751337,0.4579917272086504,0.39578169484238307,0.3812549881741169,0.37607005324910353,0.29784887831678714,0.3104094296482097,0.3146251358895146,0.30206458455809193
AOC1,ENSG00000002726,chr7,150814626,150871504,461,0.3639234394846509,0.37456025052506353,0.30980940089792197,0.3505624016566922,0.27059818058888796,0.27547456663051273,0.2927091476100159,0.1938257108651687,0.1765911298856655
KCNH2,ENSG00000055118,chr7,150934960,150988321,303,0.4007746992217097,0.7076314721631611,0.621661551519413,0.34966667138534613,0.6190850857391345,0.38494584831548884,0.3474155870869114,0.8447943425209123,0.8823246037494897
NOS3,ENSG00000164867,chr7,150981016,151024588,250,0.43207807118254893,0.6363826379559137,0.6204305643902588,0.43177283998398375,0.5912778674254023,0.30435337677324026,0.34108372087301486,0.7072997906493099,0.6705694465495353
ATG9B,ENSG00000181652,chr7,151002208,151034499,199,0.3811298061370082,0.4140946121088688,0.3747694907619572,0.36675712419936496,0.32121399263105,0.2724109026733026,0.3020244186601604,0.26218605387763727,0.23257253789077967
ABCB8,ENSG00000197150,chr7,151018421,151057782,232,0.4394175010970786,0.4825199833444338,0.3364454213313474,0.45586871033555215,0.41288806197432265,0.413709529567481,0.36740465373261516,0.24507484017904252,0.29137971601390844
ASIC3,ENSG00000213199,chr7,151038291,151062756,136,0.5142040118962071,0.402788521092836,0.4076101197670914,0.5039807807594069,0.4178841464516012,0.356930116837395,0.33776940342443645,0.15855387545350763,0.17771458886646613
CDK5,ENSG00000164885,chr7,151043814,151067897,138,0.5508491656098824,0.46662474438076185,0.44236880730969486,0.5453358444166313,0.4128110671758649,0.4224345458520598,0.4421588305841202,0.2060955123733978,0.1863712276413374
SLC4A2,ENSG00000164889,chr7,151047209,151086526,207,0.4180355023241923,0.4137745719296008,0.4162083898166194,0.42324346038933974,0.32661373201913724,0.2685927578981293,0.34447487628657214,0.26545811594111535,0.18957599755267246
RP11-148K1.15,ENSG00000288608,chr7,151051927,151071978,121,0.44138670903333543,0.45447354770757353,0.3879413307590762,0.3536208470290367,0.3979909615066402,0.34868733958306963,0.2674450933236239,0.2573166434731699,0.3385588897326156
FASTK,ENSG00000164896,chr7,151066592,151090866,123,0.4090583535354484,0.4183914085464996,0.43940408638980727,0.36767818404018315,0.37163727102591726,0.24462032728823285,0.267838353694585,0.29733725348345963,0.27411922707710734
TMUB1,ENSG00000164897,chr7,151071084,151093493,111,0.24066311285946002,0.38988052064312345,0.34506420506233115,0.36023783674011356,0.40296906153159,0.17309607276769173,0.21248646054835318,0.32100440042852296,0.2816140126478615
AGAP3,ENSG00000133612,chr7,151075830,151154436,448,0.4279667704659384,0.3860594545430388,0.32178369813995994,0.4842516360259029,0.3424207866624198,0.3290631850484035,0.3654017202822182,0.15879400197838434,0.12245546674456959
GBX1,ENSG00000164900,chr7,151138008,151184745,211,0.24034076435103163,0.2611349189838893,0.08285199639817023,0.26742744989560907,0.14606408127973003,0.2455194224005247,0.2279668591084419,0.05712052196824882,0.07467308526033165
ASB10,ENSG00000146926,chr7,151165697,151197832,212,0.3392810050371176,0.4143345110318038,0.3400100524064964,0.31590223008841284,0.34634697889731453,0.2669512329708532,0.2447411531760275,0.2680552573625089,0.2902653371573347
IQCA1L,ENSG00000278685,chr7,151180872,151215496,237,0.36640912622062843,0.5329662326572101,0.44059084558297257,0.38595999200516856,0.43585841970252953,0.31841571284252296,0.3382994401250682,0.44293800414086226,0.42305427685831687
H2BE1,ENSG00000285480,chr7,151197836,151220488,138,0.3232440934769403,0.3815567458492218,0.4012994104615207,0.3110026091345373,0.47160390174411765,0.17900040264346717,0.10757927163792996,0.30154943624828856,0.3729705672538258
ABCF2-H2BE1,ENSG00000285292,chr7,151197836,151237166,233,0.3554799461524676,0.35326669839758845,0.3454221990509457,0.30155538462638076,0.37212418922180734,0.22565289451785456,0.16465389290564125,0.21016838266858795,0.27116738428080134
ABCF2,ENSG00000033050,chr7,151201483,151237205,215,0.3596276743047417,0.335452815296116,0.3586757732517077,0.307592578270397,0.37050625563476997,0.2050673862109239,0.15669538469806102,0.20358200930757225,0.25195401082043517
CHPF2,ENSG00000033100,chr7,151222488,151248827,133,0.4342503836373687,0.3810248931104546,0.2936296547218569,0.4019846157773566,0.2894081744599752,0.3508391420379653,0.32608596116048616,0.12885108010934426,0.15360426098682345
SMARCD3,ENSG00000082014,chr7,151228763,151287896,308,0.37997881223985674,0.36073083173897824,0.35751014599817604,0.37784444895724684,0.30616914642960374,0.24151352682958466,0.2782338700669214,0.20591615288365434,0.16919580964631756
NUB1,ENSG00000013374,chr7,151331771,151388449,438,0.36721390313615354,0.4695812394612485,0.41168257599545705,0.44617121738790805,0.4790199319798775,0.28061133188967524,0.2864723358638716,0.3534771382981581,0.3476161343239619
WDR86,ENSG00000187260,chr7,151365908,151420727,431,0.3301634322156379,0.4284939414947656,0.3318544376718097,0.44679481711713653,0.3838144166948041,0.27847624913503344,0.3336497079220306,0.28100394560940134,0.22583048682240425
CRYGN,ENSG00000127377,chr7,151418831,151450813,291,0.3410669114153143,0.4633504241065415,0.35543655381242106,0.2586784333979678,0.39407735151707873,0.3001806108969265,0.2103638986539355,0.32222934544316867,0.41204605768615976
RHEB,ENSG00000106615,chr7,151456011,151530120,402,0.4168274494073746,0.4123149704642575,0.4059446823568503,0.3834463196021737,0.35944489593703366,0.27502673416392603,0.28487694876911523,0.2565374044936879,0.24668718988849872
PRKAG2,ENSG00000106617,chr7,151546123,151887125,3025,0.35002080118651563,0.41668036225470906,0.39592270186239115,0.3551596399893969,0.38763751953221093,0.23289089270125013,0.24367079619099924,0.30612908645798276,0.29534918296823365
GALNTL5,ENSG00000106648,chr7,151946378,152029929,617,0.3949987426628278,0.5326790129110055,0.45411453541776087,0.41912287633890655,0.4414140204584463,0.3289587822711099,0.36080411472457685,0.4317801366307347,0.3999348041772678
GALNT11,ENSG00000178234,chr7,152015673,152132340,611,0.3297177709517632,0.27377241037578215,0.19066778082977576,0.3975127002809178,0.2690012966826143,0.254201227372405,0.2566184645073889,0.06569060158000367,0.0632733644450198
KMT2C,ENSG00000055609,chr7,152124921,152446644,955,0.28651503716040994,0.2840174885799854,0.31749677804882503,0.3417264728130889,0.2853485857899585,0.14485271203944372,0.208136944593865,0.1892468256713934,0.12596259311697208
XRCC2,ENSG00000196584,chr7,152634775,152686141,338,0.530231664660929,0.5432121611081077,0.4644796588696301,0.5591994510118231,0.48790488736646676,0.45726772410134464,0.4667270573804728,0.3262685192841526,0.3168091860050245
ACTR3B,ENSG00000133627,chr7,152749748,152865378,232,0.3933520615082864,0.5211896057601751,0.48056611100051355,0.4273324473887776,0.5140754136509871,0.2906207599122689,0.2860993377040326,0.4458298366830372,0.45035125889127353
DPP6,ENSG00000130226,chr7,153877096,154904285,7068,0.4191910256518145,0.5204723382315676,0.4753286979238913,0.43675792774826816,0.49526815824160775,0.3166518788421321,0.3126357375815432,0.41830181870373556,0.4223179599643245
PAXIP1,ENSG00000157212,chr7,154933686,155013124,455,0.4203017506578458,0.3049366643403387,0.3449202686413662,0.3773641930870795,0.3060795864251405,0.24300077710630055,0.23607390747426746,0.1207515300176154,0.12767839964964847
HTR5A,ENSG00000157219,chr7,155060323,155097392,413,0.5338891605433397,0.5610045622927734,0.49109917882615756,0.5355624510641327,0.41882635798786766,0.4555479734458246,0.5237443684172685,0.3677182849815975,0.29952189001015345
INSIG1,ENSG00000186480,chr7,155287775,155320235,287,0.33008226612626074,0.7102646200979972,0.6102290854593703,0.4284827131468001,0.5283011739765948,0.34859575200242304,0.523416613070754,0.8901915036618628,0.7153706425935318
EN2,ENSG00000164778,chr7,155448128,155474831,223,0.5340125301259099,0.56995465885206,0.4786690673281819,0.4489937273210149,0.46892592847258635,0.4780454569092407,0.403509971989113,0.3658191744140789,0.4403546593342066
CNPY1,ENSG00000146910,chr7,155464205,155565450,851,0.4267143105844622,0.4348413249216557,0.42611841090837155,0.39798133705274724,0.39190693403912574,0.28584382642262723,0.29034411964129125,0.28480491999485047,0.28030462677618645
RBM33,ENSG00000184863,chr7,155634450,155791485,930,0.5107200941465448,0.6851603323968011,0.755136175263896,0.38032118315925995,0.6434419303067432,0.23172963488391318,0.30149378497223944,0.9239621265887328,0.8541979765004066
SHH,ENSG00000164690,chr7,155789979,155822463,192,0.5897680532062207,0.6973050598079064,0.5721527492708287,0.49473197932574997,0.6274609201445002,0.6185366480587406,0.44514135043320574,0.5764931306215102,0.749888428247045
RNF32,ENSG00000105982,chr7,156630280,156687130,482,0.33544668592395366,0.31642382691897075,0.22842064505107904,0.3804707866068191,0.22780599296739365,0.26487080056086765,0.3003465749723724,0.1155463828472191,0.08007060843571437
LMBR1,ENSG00000105983,chr7,156658945,156903216,1415,0.26040561518404715,0.3387405488892854,0.24925078588264565,0.3126682346836747,0.23535115363448111,0.21428937794459318,0.26010430629970244,0.19931962517214424,0.15350469681703496
NOM1,ENSG00000146909,chr7,156939711,156983176,257,0.44251929676927515,0.6411016917936168,0.5435081244295833,0.43426856189875646,0.5657846381464319,0.4124296038165996,0.3800686782752855,0.6122865908531688,0.644647516394483
MNX1,ENSG00000130675,chr7,156984050,157020663,0,,,,,,,,,
UBE3C,ENSG00000009335,chr7,157128915,157279370,1132,0.4402526791056616,0.5549497008976216,0.47278452679335375,0.45813188945343514,0.48867285160821106,0.3748459174209563,0.37577746781602656,0.4347220540918029,0.43379050369673255
DNAJB6,ENSG00000105993,chr7,157325380,157427439,830,0.38753271131850936,0.42038857456105677,0.44186948421371247,0.37531847119925177,0.4060940561214799,0.22624732781681556,0.2474381766687772,0.3191500282855091,0.29795917943354744
PTPRN2,ENSG00000155093,chr7,157529055,158597823,7516,0.4368449810141007,0.4780614105252924,0.4378060939995969,0.45362751302234655,0.4484588089449417,0.32424861338164346,0.3298104570060147,0.32595672932300174,0.32039488569863045
NCAPG2,ENSG00000146918,chr7,158621168,158714804,590,0.5394409013679027,0.44814919197368397,0.3908449514690352,0.5437218489778499,0.4059231189907308,0.43705459594641405,0.4291918404914119,0.15742294860422779,0.16528570405923
ESYT2,ENSG00000117868,chr7,158720994,158840253,818,0.38720351653157786,0.34377974898236097,0.337704561362598,0.5145140892744584,0.4354966586275308,0.249468828127187,0.28602741672646104,0.17178996975927815,0.1352313811600041
DYNC2I1,ENSG00000126870,chr7,158846557,158966747,737,0.3833319403564558,0.49963235750796764,0.43351390246157917,0.4193469777164179,0.4242806595529191,0.3037669083377904,0.341939540433211,0.38864525742765804,0.35047262533223733
VIPR2,ENSG00000106018,chr7,159018174,159154867,925,0.396477208968489,0.5577141524667169,0.5328137849644715,0.3977186520560842,0.5233039091598154,0.279871506532311,0.2909766811263507,0.535927385525224,0.5248222109311843
