gene_name,gene_id,chrom,start,end,n_snps,fst_afr_sas,fst_afr_mel,fst_mel_sas,fst_afr_eur,fst_eur_mel,pbs1_african,pbs2_african,pbs3_melanesian,pbs4_melanesian
SCGB1C2,ENSG00000268320,chr17,127568,149067,0,,,,,,,,,
DOC2B,ENSG00000272636,chr17,132788,191650,351,0.6102934802280221,0.7639993303531029,0.6564758521297723,0.5654691033730241,0.6711731515058174,0.6588920513518431,0.5825924508431775,0.7850285851218572,0.8613281856305227
RPH3AL,ENSG00000181031,chr17,202388,396254,1019,0.4423245554042524,0.5976712038949821,0.5237603928614231,0.4501260636371566,0.5203020938159455,0.3763147875855407,0.38697656110758893,0.5341708363173803,0.5235090627953318
C17orf97,ENSG00000187624,chr17,400324,441062,226,0.3173385834053048,0.46023962983843514,0.29722128380293217,0.33182035865349996,0.1240871172622997,0.3228365307531057,0.44366978619052566,0.29379346612092205,0.1729602106835022
RFLNB,ENSG00000183688,chr17,429977,455939,122,0.37247859556506535,0.705360030961644,0.6369370847197886,0.3118405240643193,0.6091204983333264,0.33739973521430355,0.3281899185225037,0.8846013767139915,0.8938111934057913
VPS53,ENSG00000141252,chr17,498502,731717,997,0.455747707866002,0.6651589902279009,0.6155328001042538,0.45725148959788536,0.6229587463836921,0.3732725126508041,0.3649040003959774,0.7208269448586253,0.7291954571134519
TLCD3A,ENSG00000167695,chr17,722411,752968,205,0.509480401756455,0.7013341829058921,0.6279139131311186,0.5142308001399525,0.6280675576900309,0.46604500459675724,0.47070430831183296,0.7423849946335828,0.737725690918507
GEMIN4,ENSG00000179409,chr17,734420,763999,188,0.5758643204510636,0.7827543146486589,0.6796078026908656,0.4919976062908503,0.659646890477855,0.6231094171387035,0.5631119259171204,0.9036169581881719,0.9636144494097547
GLOD4,ENSG00000167699,chr17,747096,793390,261,0.3535747394118102,0.6393198948533,0.5326070892955129,0.37074505281137543,0.5578378754534145,0.3477382589901287,0.3334519826215609,0.6720255898368338,0.6863118662054015
MRM3,ENSG00000171861,chr17,772352,802509,221,0.4426933103934275,0.7452720870940119,0.6597422036516072,0.45560587877415365,0.6779323679439797,0.4370735842236769,0.4213237002678458,0.9304857274703638,0.946235611426195
NXN,ENSG00000167693,chr17,789309,989776,1642,0.3963657222472015,0.5747721715403827,0.5203686579067489,0.436255820202824,0.5075872867865353,0.3125897220473995,0.35992341644926346,0.5425404646790815,0.49520677027721743
TIMM22,ENSG00000177370,chr17,987128,1013671,179,0.31785276004962715,0.3346889453768233,0.27441112869696327,0.3875860924575154,0.2852005672367813,0.23461931446355608,0.281047106337197,0.17288128191122337,0.12645349003758238
ABR,ENSG00000159842,chr17,993518,1239738,1647,0.4304604346167995,0.5392280431405493,0.4614529553604905,0.4367940579904209,0.46258202244821167,0.3594493148749114,0.363991411092259,0.4154027140873101,0.4108606178699625
BHLHA9,ENSG00000205899,chr17,1260443,1281815,133,0.4114280986014158,0.42903126477469716,0.413289662685698,0.3829104022231063,0.4249706317127081,0.2786264819046461,0.24491385573090008,0.28179434334209497,0.31550696951584106
TRARG1,ENSG00000184811,chr17,1269661,1310978,250,0.44682263263122113,0.6200432517039668,0.5123911697397734,0.43002582052132937,0.5148934012378504,0.4207663366731201,0.4032377252100384,0.5469315163402013,0.5644601278032828
YWHAE,ENSG00000108953,chr17,1334274,1410222,444,0.4192207491425743,0.6162244045023865,0.5052059978016955,0.4056970741636112,0.536796452211804,0.3987340324756391,0.3542373519728545,0.5589632514642116,0.603459931966996
CRK,ENSG00000167193,chr17,1410688,1473162,435,0.42595648694275756,0.32742232814749017,0.2817156104494873,0.4340999271284785,0.31221139428734995,0.31039902659129337,0.2958508478292381,0.0862386504056818,0.10078682916773718
MYO1C,ENSG00000197879,chr17,1454185,1502686,398,0.4009257711442786,0.33038452335444174,0.2741321419151578,0.47529626108067335,0.32551393963221087,0.2965170598361101,0.3260844295662123,0.1045345869679194,0.07496721723781719
INPP5K,ENSG00000132376,chr17,1484576,1526742,322,0.3875042820126447,0.33462527444820994,0.28877041561361194,0.38688164343344067,0.3017101241953312,0.27842911489277156,0.26874060823286655,0.12897578506800744,0.13866429172791242
PITPNA,ENSG00000174238,chr17,1507717,1572792,418,0.1920413427312013,0.24686977361253523,0.2502558923865913,0.1653409726641887,0.2135494819857059,0.10436909536157762,0.11201181906456306,0.1791480273640056,0.17150530366102013
SLC43A2,ENSG00000167703,chr17,1559267,1638886,521,0.411724976854643,0.4991571262437404,0.4689451193214842,0.43941076279039143,0.4823875192063706,0.2945668283417184,0.3058506340946014,0.39689602398324064,0.3856122182303575
SCARF1,ENSG00000074660,chr17,1623857,1655744,135,0.42909245409275437,0.6442507343478587,0.6041849877870157,0.4619473360832241,0.6240916202584273,0.3336243935129421,0.33745905267192494,0.6999047127258435,0.6960700535668608
RILP,ENSG00000167705,chr17,1636144,1659866,81,0.30068432611716195,0.4841805622189197,0.08381706875878231,0.27106374013101775,0.0849651530502594,0.46605615235860837,0.44468717850224243,0.19594234916148048,0.21731132301784645
PRPF8,ENSG00000174231,chr17,1640628,1694867,187,0.330211926180326,0.2081901970165273,0.07098471216280527,0.44169397285688866,0.12298221886616748,0.28029895202326216,0.34252704154495517,0.0,0.0
TLCD2,ENSG00000185561,chr17,1692815,1720377,106,0.3854994581033814,0.7329698931693105,0.5449541381908141,0.3982834013459659,0.6601887790317231,0.5099911327371967,0.3744987650652496,0.8104027345360804,0.9458951022080274
WDR81,ENSG00000167716,chr17,1706522,1748599,215,0.3831544235073459,0.6524277994448009,0.5212639886842824,0.34410558499893423,0.5917507919381017,0.40165673684621644,0.29133041647096863,0.6551261273306902,0.765452447705938
SERPINF2,ENSG00000167711,chr17,1732835,1765265,176,0.3915060726501785,0.5333060432614903,0.45416720500091107,0.3317952542216821,0.47143932518920656,0.32670366746881613,0.2638222736096366,0.4353779075625168,0.49825930142169633
SERPINF1,ENSG00000132386,chr17,1752028,1787565,243,0.3876577185712444,0.44630582643436084,0.3747357434019922,0.4049378485023518,0.3527068980066255,0.30601286965918606,0.3376380652291547,0.28512990827715423,0.25350471270718544
SMYD4,ENSG00000186532,chr17,1769484,1840634,527,0.33658847684055787,0.3515643868725865,0.22997775470770335,0.4062577498479838,0.2741752383825287,0.2911082371049666,0.31702793681075225,0.14208432889808234,0.11616462919229675
RPA1,ENSG00000132383,chr17,1819701,1910082,576,0.3229065231311783,0.24885237392204487,0.2742537780539729,0.3926726462446424,0.3841603556323642,0.17777206625514902,0.1500358712233476,0.10838100760702116,0.13611720263882263
RTN4RL1,ENSG00000185924,chr17,1924676,2035334,729,0.3750752941848441,0.4250772976274986,0.3547174582960287,0.36501935905511473,0.3488016161780583,0.29278838806406904,0.28936974949513006,0.2607312898138474,0.26414992838278645
DPH1,ENSG00000108963,chr17,2020136,2053898,185,0.31010658875821057,0.44722218602529845,0.37881498569672195,0.4091407248797178,0.40742607129595965,0.24394549962127343,0.29784845238222823,0.3488536416225199,0.2949506888615652
OVCA2,ENSG00000262664,chr17,2032021,2053425,121,0.3157062870929915,0.4571168052021231,0.49115743066019313,0.35503661411384696,0.4361232567295937,0.15730626872461206,0.23825161562737307,0.4535548243327227,0.37260947742996176
HIC1,ENSG00000177374,chr17,2044153,2073241,153,0.38959701286386983,0.5067639855476613,0.41222615966593973,0.35695676368616464,0.5123910330231666,0.33449518164469616,0.21503465614785233,0.3722723067092977,0.4917328322061414
SMG6,ENSG00000070366,chr17,2049838,2313785,1265,0.3606096440703179,0.3698964749049928,0.28132832195950336,0.35105870467050626,0.29742433930656914,0.2893803052641154,0.270640993218466,0.17249084228477674,0.1912301543304261
SRR,ENSG00000167720,chr17,2293382,2335260,182,0.3116878408616891,0.2917011655174089,0.23873622664018507,0.36352264164568454,0.30402270857390956,0.22281332448507468,0.2171286895100231,0.12207586725261715,0.12776050222766877
TSR1,ENSG00000167721,chr17,2312395,2346657,127,0.19930645718436507,0.29933411217850936,0.21712914685179582,0.29938053456978114,0.2756529324843184,0.16660679552410718,0.19451494300754932,0.18911733226718166,0.16120918478373947
SGSM2,ENSG00000141258,chr17,2327497,2391058,301,0.30106665135121335,0.3498708260624122,0.2237906837478299,0.3175735959434073,0.25138121434649624,0.26772552134850314,0.26157970393871177,0.16285868535321935,0.1690045027630107
MNT,ENSG00000070444,chr17,2374072,2411104,195,0.3578083702985168,0.33365186236325384,0.30539627658745255,0.3298175521576739,0.3743962273495072,0.2421988844294928,0.16855512498474132,0.1637441314032591,0.23738789084801054
METTL16,ENSG00000127804,chr17,2395561,2521891,649,0.5096645821926427,0.602072043692121,0.5220428054128473,0.5688843845082862,0.5622994275927442,0.44795789936610564,0.46832152640507047,0.4735264050184712,0.45316277797950644
PAFAH1B1,ENSG00000007168,chr17,2583209,2695615,600,0.40194195123340354,0.7264172456597425,0.6119410770065818,0.47366114438826096,0.6230410086641153,0.43181024916260813,0.4811711576623939,0.8643408784398574,0.8149799699400717
CLUH,ENSG00000132361,chr17,2679385,2722663,224,0.5369354816367454,0.6623766501612125,0.5005843083136993,0.5420122313864985,0.5640241078625944,0.5806983799863537,0.5182844126608059,0.5051259744512975,0.567539941776845
RAP1GAP2,ENSG00000132359,chr17,2745704,3047741,2257,0.4291277764730242,0.42234811729417754,0.3585514133351337,0.449264957288342,0.37657428212438937,0.332673749101527,0.3363798321123711,0.21611012170678995,0.21240403869594593
OR1D5,ENSG00000262628,chr17,3052668,3073607,1,0.44991858887381275,0.5280895915678524,0.0,0.613190082644628,0.0,0.6743275577685695,0.8503940001485331,0.0766385662884671,0.0
OR1D2,ENSG00000184166,chr17,3078483,3114422,262,0.32261122793000035,0.23090057422531654,0.17333703095712472,0.3249048638934883,0.2069062246564385,0.23084336893937793,0.21181143538131725,0.03169165659986653,0.05072359015792721
OR1G1,ENSG00000183024,chr17,3116609,3137551,157,0.2689690487300049,0.19549469572349787,0.10084723056637153,0.2697648767031445,0.03963342506007895,0.21226243606235948,0.2457381053965569,0.005265283250526803,0.0
OR1A2,ENSG00000172150,chr17,3187518,3208448,197,0.3849496826795203,0.1981656082610215,0.263259810734277,0.431270482342899,0.3219288713115873,0.20069220529260123,0.19835021091556282,0.02016098123691079,0.022502975613949205
OR1A1,ENSG00000172146,chr17,3197538,3228896,319,0.2380615816923431,0.19593879160055627,0.16915248271803188,0.2906605468373191,0.19436397913393577,0.15233021563778942,0.17268887350568335,0.0657496672130568,0.045391009345162936
OR3A2,ENSG00000221882,chr17,3266941,3396317,895,0.38764985903167976,0.35499135586815544,0.3707337694008859,0.26389418438228573,0.3165027421130579,0.232870871545249,0.18217016259647406,0.20562068897612054,0.25632139792489544
OR3A1,ENSG00000180090,chr17,3281016,3308360,271,0.39391718885346094,0.419295548895549,0.3614713827330764,0.25592722099312987,0.28881020900796045,0.2978316033848626,0.249156909872642,0.24568173818157074,0.2943564316937914
OR1R1P,ENSG00000180042,chr17,3375929,3396874,136,0.31202220960553373,0.2979469997513061,0.36507252462177764,0.22994785490800826,0.21168974626446613,0.13675030161738613,0.18858994040347415,0.21699607725907719,0.16515643847298916
OR1E1,ENSG00000180016,chr17,3387103,3408410,112,0.506082638487583,0.4857494953787316,0.4624104018719493,0.32406907761383763,0.414625576914785,0.374885995334242,0.2606027830634481,0.29015877383914374,0.40444198610993776
OR3A3,ENSG00000159961,chr17,3401369,3434070,123,0.3700122883686558,0.43633389158069236,0.3605103629054495,0.3712981997610431,0.28999230884248567,0.29413165573870625,0.3474559764574715,0.2791615533990669,0.22583723268030165
OR1E2,ENSG00000127780,chr17,3422869,3443841,61,0.3066737781372247,0.3122532503667729,0.27166767072501563,0.48735893313232,0.30265618732322264,0.2117957092605561,0.341018621928453,0.16253889601570293,0.033315983347806
SPATA22,ENSG00000141255,chr17,3430018,3523852,580,0.3576157421230908,0.42733766900440895,0.3867463335889817,0.4184003735017417,0.3383101031612869,0.25552552038647114,0.3432368822711509,0.30193351576873984,0.21422215388406013
ASPA,ENSG00000108381,chr17,3462373,3513405,294,0.38209349092266304,0.4533538480400543,0.40079148076811894,0.45367807647160535,0.3885166074786768,0.28661302900686225,0.35831648253838383,0.3173405454318306,0.24563709190030902
TRPV3,ENSG00000167723,chr17,3500501,3567812,484,0.4079708949914558,0.5396271852240427,0.5303322263987308,0.44708764955676833,0.46418714798832306,0.2720942166918675,0.37215205179332994,0.5036244341538296,0.4035665990523672
TRPV1,ENSG00000196689,chr17,3555443,3619411,410,0.48400437112977945,0.6183250802215081,0.5588480493420461,0.45415096208067257,0.547955703421737,0.4032385545864938,0.3873118770718429,0.5599474734354276,0.5758741509500787
RP11-235E17.2,ENSG00000262304,chr17,3575148,3646249,456,0.4207482288256377,0.5172586675730795,0.46008433846999525,0.40681927250032573,0.4761393749589366,0.3289750182059719,0.3020004289580837,0.399299294207866,0.42627388345575423
SHPK,ENSG00000197417,chr17,3598239,3646250,295,0.41583405023046016,0.502684293683897,0.4825762032312481,0.4050227201339412,0.4998455340908567,0.2886036946141394,0.26246199669608355,0.4099265359646575,0.4360682338827134
CTNS,ENSG00000040531,chr17,3626458,3673103,230,0.3993217288321013,0.40585512860488815,0.3952009945501221,0.4406128744048453,0.38504858843895695,0.2637344049357224,0.3076667956881906,0.2568976931828406,0.21296530243037232
TAX1BP3,ENSG00000213977,chr17,3652894,3678679,89,0.49995417332689407,0.5289685846889254,0.39932179789406713,0.4423341324951914,0.36796215779858094,0.4680950470784642,0.43900988899956206,0.28473544093729003,0.31382059901619214
P2RX5-TAX1BP3,ENSG00000257950,chr17,3653062,3706194,244,0.5133074123650169,0.5074027249346397,0.5105565956341747,0.45473740404413293,0.4364868515553446,0.35684973709176077,0.3704932428624398,0.35121358795825564,0.33757008218757667
EMC6,ENSG00000127774,chr17,3658811,3679668,77,0.3489241092175737,0.35995439515777594,0.326743295837981,0.3656267317829417,0.26182027474409225,0.23985816301757565,0.2988828201938683,0.20635768458356854,0.1473330274072759
P2RX5,ENSG00000083454,chr17,3662198,3706240,221,0.4935089681403656,0.4567810291055646,0.421621236984522,0.4670536432707253,0.41156315615522204,0.37148255749108106,0.3546458038624969,0.2387602215293932,0.2555969751579774
ITGAE,ENSG00000083457,chr17,3704627,3811188,776,0.3897122732837893,0.3706464325381375,0.29650176502794223,0.44835389440005474,0.32351626350508883,0.3025984541503196,0.33353187440281806,0.16046361562405417,0.1295301953715557
HASPIN,ENSG00000177602,chr17,3713902,3736699,207,0.34555188170362244,0.286320766568251,0.31061590371889486,0.26718047411564877,0.21254504176416364,0.19466397119152115,0.2046141925335725,0.14265769929205835,0.132707477950007
NCBP3,ENSG00000074356,chr17,3792157,3856246,430,0.33389944930269566,0.3319474761469912,0.26896671267987077,0.3612416117767892,0.3215015001576781,0.24820341962462836,0.23187223730788406,0.15518506038945493,0.1715162427061991
CAMKK1,ENSG00000004660,chr17,3850314,3904891,394,0.3624834189158232,0.47804494375406653,0.45707727563704675,0.34320750191136823,0.383925026179853,0.2447802525566491,0.29308716233233795,0.4053935413953148,0.357086631619626
P2RX1,ENSG00000108405,chr17,3886591,3926476,309,0.46905675158192467,0.548733376317572,0.4999496367573744,0.3486092576260334,0.3784500479322367,0.36787530596746953,0.3744017655494155,0.4278216248606869,0.421295165278741
ATP2A3,ENSG00000074370,chr17,3913869,3974464,458,0.3109444908311955,0.4551068048548074,0.24914514256233247,0.27055351333702404,0.28609568797910934,0.3465280052459355,0.2928142016143144,0.26063747048867625,0.3143512741202974
ZZEF1,ENSG00000074755,chr17,3994444,4153030,1042,0.46111673835058775,0.5088046791196761,0.4294558106272449,0.4167465629168484,0.3973344051992238,0.38400254371090514,0.37182704898250063,0.32691088437877697,0.3390863791071814
CYB5D2,ENSG00000167740,chr17,4133167,4197310,0,,,,,,,,,
ANKFY1,ENSG00000185722,chr17,4153820,4273995,0,,,,,,,,,
UBE2G1,ENSG00000132388,chr17,4259258,4376675,728,0.6067334295427902,0.6990581390818246,0.6603315129602754,0.6280557798305755,0.636076479711967,0.5271603057796488,0.5895190125991849,0.673677880205837,0.6113191733863008
SPNS3,ENSG00000182557,chr17,4423939,4498208,517,0.3795733813770757,0.3900768790685556,0.36460968765338003,0.3874595542420336,0.36273748267414696,0.25912725011492005,0.2669945363376499,0.23529511090239383,0.227427824679664
SPNS2,ENSG00000183018,chr17,4488880,4549035,496,0.4137387074669872,0.4958357874391922,0.4906822529866701,0.4059441330895303,0.4492444010261226,0.2720798713450865,0.30458551507382897,0.4127733740599953,0.38026773033125294
MYBBP1A,ENSG00000132382,chr17,4528896,4565386,284,0.5273397330927833,0.536985932328882,0.5560043647520903,0.5292467626003022,0.4936539598026836,0.35371784741799106,0.4214420532273001,0.41627999420057266,0.34855578839126367
GGT6,ENSG00000167741,chr17,4546926,4570818,137,0.5386583136896737,0.5218386330567009,0.5046462117425741,0.5361508104925473,0.4501726822470575,0.40447014661560177,0.4539259000689081,0.33333686909751403,0.28388111564420776
SMTNL2,ENSG00000188176,chr17,4573998,4618319,329,0.4697204574472768,0.5506398076655645,0.46743282939746167,0.45155626163034257,0.5411553479376925,0.4021176140332285,0.3107787530063319,0.3978128887062288,0.4891517497331254
ALOX15,ENSG00000161905,chr17,4620918,4652294,179,0.5926278081266823,0.6500165833635156,0.6903698037881464,0.5464546285816596,0.5578533439720272,0.38776046634615746,0.5122079114461142,0.6621090403136531,0.5376615952136965
PELP1,ENSG00000141456,chr17,4659773,4714337,459,0.7468397531893605,0.8010254543286037,0.85918396487962,0.6749790230775964,0.7457152059211205,0.5140050109246949,0.6845717622239373,1.1005733627132988,0.9300066114140562
ARRB2,ENSG00000141480,chr17,4700595,4731499,292,0.5483345413343311,0.6616463169461547,0.732274017302027,0.4534451081270364,0.577826564453161,0.280342882877441,0.4127225000904814,0.8033206481484956,0.6709410309354553
MED11,ENSG00000161920,chr17,4721427,4743608,177,0.4679309444807306,0.6003567605543048,0.603056483333445,0.48189326917843267,0.48963180842154747,0.31210187094053043,0.451067087830827,0.6050811603000847,0.4661159434097882
CXCL16,ENSG00000161921,chr17,4723532,4749928,168,0.47773981808858074,0.5922091013605597,0.4794302713341431,0.4651698730563683,0.48035440763788373,0.4468793433295358,0.43409929430287664,0.4501213959578673,0.4629014449845264
ZMYND15,ENSG00000141497,chr17,4729832,4756119,122,0.46329869564614445,0.5408720806381933,0.4884491299870964,0.42661941977621853,0.47009002257418864,0.3652158699445589,0.34979193471170944,0.4132105463842148,0.42863448161706424
TM4SF5,ENSG00000142484,chr17,4761883,4793213,197,0.4247701427041773,0.4607683133710532,0.3840709658094499,0.38438552936525305,0.37253663308373375,0.3429859975158172,0.31833716837516024,0.2746239575916367,0.29927278673229374
VMO1,ENSG00000182853,chr17,4775284,4796433,124,0.3895352013773097,0.3198346752085848,0.31349389165324565,0.30821715336401434,0.2875059528416741,0.2514069383363962,0.20745942099001452,0.1340124473323495,0.17795996467873124
GLTPD2,ENSG00000182327,chr17,4778963,4800589,118,0.36923189766496656,0.35274017659677076,0.23713506564339762,0.35088070071405014,0.3011889531219125,0.3125750964706603,0.25438567492077846,0.12243238685598368,0.18062180840586556
PSMB6,ENSG00000142507,chr17,4786143,4808502,89,0.4990510665460472,0.4678888058798837,0.34062662609672184,0.4218344305907992,0.42229119297817413,0.4528442919317075,0.31505623385208886,0.17805850804466844,0.315846566124287
C17orf114,ENSG00000262165,chr17,4791158,4817013,100,0.37512650293919975,0.4598513456618194,0.29569581862859995,0.3915079713228795,0.29949184815364843,0.3677860028006441,0.3783665410010385,0.24812488869591384,0.23754435049551953
PLD2,ENSG00000129219,chr17,4797151,4833434,137,0.4155489973703682,0.39480526110514647,0.3433665810213921,0.3837018581414105,0.3028036904190348,0.3093289707483069,0.31277058386835543,0.1928760195252051,0.1894344064051565
MINK1,ENSG00000141503,chr17,4823339,4908061,319,0.3270514758976267,0.3839130419403561,0.32109195186752965,0.3702712174201909,0.38821344980385797,0.2465920080658401,0.22773069218342212,0.23777515166447413,0.2566364675468922
CHRNE,ENSG00000108556,chr17,4887770,4944438,301,0.350281627991745,0.38567453583832806,0.3376059891029301,0.3596540075662091,0.35599407642930636,0.2532759928464972,0.24646485002463853,0.2339544265024466,0.24076556932430526
C17orf107,ENSG00000205710,chr17,4889417,4912934,154,0.3346407951853815,0.31196392062822,0.3098734593116489,0.3030043799962184,0.2974974127668737,0.20523096105807917,0.19089197945003344,0.16868304041833798,0.18302202202638368
GP1BA,ENSG00000185245,chr17,4922276,4945023,101,0.25526582653213997,0.40613165486493574,0.31870790933063864,0.35969892447188184,0.352831138549588,0.216030706670401,0.2658831904973898,0.3050669187018895,0.25521443487490064
SLC25A11,ENSG00000108528,chr17,4927129,4950053,109,0.3154251036308022,0.40849094454760065,0.4182759549646382,0.42975439824945305,0.38602090898625957,0.1811382079333705,0.2994860059658568,0.3439400784450608,0.2255922804125745
RNF167,ENSG00000108523,chr17,4930007,4955222,120,0.3708644665515228,0.45530775865176887,0.4332775476011127,0.45290275350985065,0.3909863312704632,0.25152865628172816,0.35737424123013206,0.35600568231119517,0.2501600973627912
PFN1,ENSG00000108518,chr17,4935651,4959061,110,0.40429031266628557,0.4423812223334579,0.4014326957603255,0.5660497950628922,0.5393605481977799,0.2944326355860157,0.3218827943325125,0.28964710864426185,0.2621969498977652
ENO3,ENSG00000108515,chr17,4938091,4967131,142,0.4151568395819328,0.5287466566620553,0.31688102510489846,0.5253659402880856,0.42988946537333633,0.4538423875841549,0.46782280076889105,0.2985170580446001,0.28453664485986396
SPAG7,ENSG00000091640,chr17,4949225,4977817,148,0.3017470593796742,0.4715013340956738,0.41962796396676744,0.4066498357380249,0.48486249149808247,0.22640146054562604,0.24818207442759332,0.41131353743531535,0.389532923553348
CAMTA2,ENSG00000108509,chr17,4957991,4997675,189,0.4098766555183472,0.4955311908774513,0.38786622063022663,0.45090030201854064,0.4550386163694591,0.3604342726493899,0.3383420892978813,0.32381499377730794,0.3459071771288166
INCA1,ENSG00000196388,chr17,4978129,5007610,134,0.4416347340793967,0.3948041884729974,0.3244818337885022,0.45821735203561814,0.3263175812557389,0.3463349606372397,0.3600485632334022,0.15586825726263837,0.14215465466647587
KIF1C,ENSG00000129250,chr17,4987949,5038401,283,0.4576449399709721,0.5583862903706615,0.45834447584870164,0.45362656013372404,0.42710286321292734,0.40801454748328697,0.43236161252035926,0.40930519166156965,0.38495812662449724
SLC52A1,ENSG00000132517,chr17,5022599,5062009,231,0.5718603112039581,0.6006047025293237,0.5451025797602027,0.551952626670986,0.4974390957381653,0.4892130287701745,0.5163107481457396,0.4285906032838475,0.4014928839082822
ZFP3,ENSG00000180787,chr17,5068466,5106374,211,0.47443638714053643,0.5207211927448685,0.4725479304581925,0.4382951751440755,0.47769351080609357,0.3695297762835978,0.33137543010930987,0.36594301354403624,0.40409735971832417
ZNF232,ENSG00000167840,chr17,5095540,5133116,186,0.437895220485161,0.5072894348426414,0.48822889003467146,0.3992771413735366,0.41687714682937455,0.3070112837868797,0.33904878091382246,0.4008220824870615,0.36878458536011877
USP6,ENSG00000129204,chr17,5106031,5185034,304,0.42990716005528146,0.401713014913265,0.3811453726477045,0.41464665009756974,0.4254475057699554,0.2978779508080136,0.24753025852378635,0.21580678117079122,0.26615447345501847
ZNF594,ENSG00000180626,chr17,5169534,5201868,135,0.3914483107746197,0.3910307068970009,0.2770559906481864,0.4563794900067306,0.4252076901923213,0.33411867864350253,0.27587239904530114,0.16186875573411674,0.2201150353323182
SCIMP,ENSG00000161929,chr17,5198919,5244860,202,0.43109169834405603,0.46062467798645645,0.41094654268479147,0.46583049950098215,0.35353906773942184,0.3260706474971578,0.4040715908272723,0.29127297263510166,0.21327202930498707
RABEP1,ENSG00000029725,chr17,5272264,5396340,732,0.43058878718129917,0.5942155089484525,0.5505235188720863,0.35550049061052774,0.5636266925483404,0.3327068668920218,0.2559785480687895,0.5692262036358631,0.6459545224590955
NUP88,ENSG00000108559,chr17,5350962,5429676,546,0.3911637105909335,0.6905079236437784,0.5703275295479802,0.28960983673071367,0.5634011706003381,0.41214829878892506,0.3430116033625316,0.7606744898301394,0.829811185256533
RPAIN,ENSG00000129197,chr17,5409640,5442877,240,0.3433782896791943,0.4699417604307448,0.3887186969339225,0.21594006773098784,0.39331530615895594,0.28160878712559434,0.18914606846386728,0.3531596053676703,0.4456223240293974
C1QBP,ENSG00000108561,chr17,5422776,5458830,214,0.25257081858122926,0.35798997831720347,0.26182704377132315,0.16393939857678475,0.25987046099925765,0.21534498014638992,0.1606377443500237,0.22780638516980833,0.28251362096617455
DHX33,ENSG00000005100,chr17,5430916,5478982,264,0.2697859133922943,0.4829946030122367,0.43717173048601426,0.22349178961858748,0.3992280645552976,0.19966937955518715,0.2015550683772997,0.46003258592510915,0.45814689710299666
DERL2,ENSG00000072849,chr17,5461253,5496811,214,0.35179496919897557,0.6127087787780104,0.5406832277480984,0.3371374382253883,0.5258718642793585,0.3020557075580033,0.3067441508965479,0.6465226517702088,0.6418342084316642
MIS12,ENSG00000167842,chr17,5476284,5500814,160,0.35827556756965495,0.5755988326933804,0.49346936021340615,0.34539045825641634,0.4765419017351248,0.3102509791059217,0.3167470844687634,0.5468251426533188,0.5403290372904772
RP11-807C20.3,ENSG00000286190,chr17,5489426,5511006,150,0.2610335504974529,0.4093920544082276,0.48561575825886233,0.2399025408289852,0.4492487358365659,0.082160437243041,0.10221973827905839,0.44444241909651866,0.42438311806050133
NLRP1,ENSG00000091592,chr17,5489426,5629424,1014,0.34803296405251766,0.4801022626985179,0.4482667363535919,0.28503374759701994,0.4110298269052113,0.24359692747709455,0.23013167305043725,0.41052621830510444,0.42399147273176174
RP11-960B9.3,ENSG00000285471,chr17,5762925,6090792,2756,0.3694695783980404,0.4448389086300249,0.3912188635427913,0.3808037307921014,0.3921262554872514,0.27669718484972083,0.2850209294527556,0.31179976778105783,0.30347602317802314
WSCD1,ENSG00000179314,chr17,6047806,6134427,759,0.49392267875041257,0.5753323259708342,0.5497929514173396,0.4865318350047894,0.5335297031786155,0.3697332389486684,0.38022733695754374,0.48671512044708887,0.47622102243821357
AIPL1,ENSG00000129221,chr17,6383692,6445199,577,0.40536069709541267,0.39668772798236296,0.3404672012210142,0.43980829062839766,0.31329294921414985,0.3044485239281908,0.35447453607976726,0.20087182832955214,0.1508458161779756
PIMREG,ENSG00000129195,chr17,6434440,6461469,206,0.5289792533156663,0.4765753270723044,0.4204527279564639,0.5194919520688034,0.3779714444152533,0.427353621185274,0.452752086959821,0.22000852909520702,0.19461006332066005
PITPNM3,ENSG00000091622,chr17,6441262,6566555,819,0.42245848625247934,0.4708342766625944,0.3638150171233703,0.42831864251547636,0.3954640943686041,0.3665813345475335,0.34616645812983093,0.2698722850069252,0.29028716142462774
KIAA0753,ENSG00000198920,chr17,6568146,6650711,544,0.3561373144048603,0.7459811775879575,0.7109399640631877,0.33706371702119997,0.7013938801456729,0.284747915912258,0.28639670465755795,1.0855989948124876,1.0839502060671877
CTC-281F24.5,ENSG00000282936,chr17,6618618,6650456,210,0.31986335836247853,0.7576243342584952,0.6886996341152828,0.3513428908532475,0.7131316931246281,0.3178654749522294,0.3006927141009973,1.0994009437292247,1.1165737045804567
TXNDC17,ENSG00000129235,chr17,6630984,6654541,158,0.38604862703901294,0.7470823608197673,0.6622441105702092,0.4610138861362268,0.6926284038542103,0.38854953307273254,0.4065294994089548,0.9861418470175277,0.9681618806813054
MED31,ENSG00000108590,chr17,6633310,6661634,172,0.35331460458326125,0.7331817701902104,0.6999273838937177,0.42401140843235574,0.6772236068598001,0.27667610687550714,0.3710297938220203,1.0445115327764873,0.9501578458299741
C17orf100,ENSG00000256806,chr17,6641761,6703202,494,0.33183438591175995,0.5416521276197129,0.5084751780342832,0.32922420352057774,0.5057920235905806,0.23655160459557584,0.23732416112015392,0.5435752319001272,0.5428026753755492
SLC13A5,ENSG00000141485,chr17,6674718,6723377,348,0.32898645818219774,0.48917706828041724,0.43799176962430153,0.35502486182758375,0.40298547798131623,0.24722971918266623,0.2972309647996829,0.4245025429142799,0.3745012972972632
XAF1,ENSG00000132530,chr17,6745446,6785647,342,0.3799397726389732,0.3075846562775192,0.253634805761749,0.31453225908183274,0.2011755367919751,0.2764838492158612,0.2603045415255415,0.09108544650975411,0.10726475420007386
FBXO39,ENSG00000177294,chr17,6766214,6807101,266,0.30384371083099176,0.3305249380712535,0.22770761908296383,0.3289743145384277,0.21374534508987414,0.25252519244807325,0.2798673380601253,0.14873617089607277,0.12139402528402074
TEKT1,ENSG00000167858,chr17,6779132,6841761,375,0.2935788618816345,0.19682009660157604,0.21606197243652425,0.28368514493862684,0.1975164297628411,0.16164747460611723,0.1663840602942147,0.05752907642087016,0.05279249073277267
ALOX12,ENSG00000108839,chr17,6986048,7020754,157,0.46120978682767244,0.4124505928853754,0.4209421128564413,0.4811218192487367,0.3890595143655599,0.30193555470141015,0.34756267620562364,0.22985938458200328,0.18423226307778978
RNASEK,ENSG00000219200,chr17,7002416,7024532,89,0.6313561104014986,0.484296484397043,0.5510870828348127,0.5588536007959835,0.4202562606817927,0.4296105360513157,0.46771632330190427,0.2326127247496616,0.19450693749907322
RNASEK-C17orf49,ENSG00000161939,chr17,7002634,7027520,104,0.6528022100186309,0.4592880857868803,0.5677202422079648,0.5422697047633217,0.4182182997645377,0.41702349833470626,0.4273419021380147,0.19784514970822686,0.1875267459049184
C17orf49,ENSG00000258315,chr17,7004494,7027525,93,0.6333306489798416,0.4691008143541415,0.5621770632296085,0.5264704517506206,0.4054529205795742,0.4052686084727346,0.4303843616702992,0.2279145248334442,0.20279877163587962
BCL6B,ENSG00000161940,chr17,7013049,7040290,133,0.7255467029351216,0.5578719738432013,0.6803255122243219,0.6457935096653838,0.4904190012885665,0.4843389654986531,0.5899322773449267,0.33181682140835145,0.2262235095620777
SLC16A13,ENSG00000174327,chr17,7026014,7050117,139,0.5571234078211149,0.53157142395136,0.6077110233123554,0.5546373850868234,0.5349263222773764,0.3185396183417271,0.4008393328818788,0.4398320229881656,0.3575323084480141
SLC16A11,ENSG00000174326,chr17,7031620,7054092,127,0.5317809398233695,0.49911364517827755,0.5596241177667712,0.5917134039531554,0.5116619231090798,0.3150342083175797,0.4352073088592193,0.37634183199421306,0.2561687314525735
CLEC10A,ENSG00000132514,chr17,7064536,7090307,176,0.3586063564093384,0.29876958465127923,0.279122808722072,0.3751550886438685,0.29384177400146433,0.2358720827080703,0.23862730107548472,0.11904666802862787,0.11629144966121344
ASGR2,ENSG00000161944,chr17,7091321,7125700,281,0.21869403094092169,0.21137079098679099,0.23365123035276708,0.18367867079920408,0.21349927010266512,0.10906477962179717,0.10012230322261291,0.12839423952943674,0.137336715928621
ASGR1,ENSG00000141505,chr17,7163430,7189564,118,0.25565541397411456,0.41217126844534613,0.4359301757958462,0.3612165740321081,0.3523873528709788,0.12699680556113285,0.2725234633945306,0.4043228408167925,0.2587961829833947
DLG4,ENSG00000132535,chr17,7177186,7229841,250,0.44270918827906863,0.5974386937218794,0.6058719015509701,0.4565411782960168,0.6031004557130604,0.2817483260523814,0.2978185764690221,0.6281595539352356,0.612089303518595
ACADVL,ENSG00000072778,chr17,7207124,7235266,137,0.48429692122999823,0.7069693055513273,0.7099906506877373,0.46149742685882883,0.7063062685033605,0.32592995329575136,0.31061156803249546,0.9015479629456943,0.9168663482089503
DVL2,ENSG00000004975,chr17,7215341,7244517,141,0.42313791738524137,0.6620372524457169,0.5812492126640335,0.37645693003868,0.5974175903085857,0.3822461771232065,0.3236507919634347,0.7025734267863983,0.7611688119461703
PHF23,ENSG00000040633,chr17,7225028,7249722,102,0.36491506855395284,0.6354998530980839,0.5243678411667969,0.22376497225768702,0.532782915263401,0.36005718208936704,0.25078348929210387,0.6491711424210489,0.7584448352183122
GABARAP,ENSG00000170296,chr17,7230007,7252449,85,0.21132820031162838,0.4677410800092453,0.3969354290260706,0.35210011148943865,0.4785103229909558,0.18114961293231258,0.20678925219321498,0.449475603392233,0.4238359641313306
CTD-2545G14.7,ENSG00000262526,chr17,7230426,7254635,97,0.30972065169708524,0.5750543462525117,0.49992946695926965,0.3262904946210344,0.5539870538124119,0.2667233890254047,0.22167147680573607,0.5890706027441548,0.6341225149638234
CTDNEP1,ENSG00000175826,chr17,7233590,7262491,122,0.4745101539080699,0.680591402282423,0.5312453391057504,0.4355594629292062,0.6243928273448568,0.5135163889725715,0.36699646410097003,0.6277677362516312,0.7742876611232323
RP1-4G17.5,ENSG00000262302,chr17,7236828,7272089,155,0.4379531688250459,0.6764602660207923,0.5127407950642959,0.4720272417367076,0.5475842986720705,0.4928222006009719,0.4869950547500619,0.6356111466991317,0.6414382925500417
ELP5,ENSG00000170291,chr17,7241415,7269940,120,0.4813642644256038,0.7315888121273123,0.6310571080903732,0.5130762913571799,0.5721501328875684,0.4873376401274084,0.5929500461988294,0.8278975510466249,0.7222851449752039
CLDN7,ENSG00000181885,chr17,7249902,7273983,119,0.4949466877394674,0.6548728550984397,0.48248865834746774,0.5322332539406428,0.5697970017469496,0.5441049212484808,0.4900649071650423,0.519737472648437,0.5737774867318752
SLC2A4,ENSG00000181856,chr17,7271717,7298257,114,0.49893397478695173,0.7054479409967905,0.5952763549712229,0.5066424404910005,0.5851994917807735,0.5043830588451881,0.5244315191381547,0.7179164618585655,0.6978680015655987
YBX2,ENSG00000006047,chr17,7278262,7304639,88,0.4816727636036155,0.616359868020349,0.5545994211064383,0.4995417857061786,0.49106065102813357,0.40320880167237194,0.48742753349096446,0.5548415204305478,0.47062278861195544
EIF5A,ENSG00000132507,chr17,7296998,7322463,108,0.4847969896815066,0.45548347870383743,0.38622165366060945,0.3405601930980764,0.34712437347318154,0.39146492033452995,0.2989264720714661,0.2163920745931926,0.30893052285625655
GPS2,ENSG00000132522,chr17,7301323,7325564,110,0.3927218661178206,0.4845335311662272,0.3593943932163548,0.405644213739752,0.34743591221489317,0.35805505814435634,0.3780571349648354,0.30462796540561,0.28462588858513105
RP11-542C16.2,ENSG00000261915,chr17,7302660,7329174,118,0.3744223880016871,0.48584873087267094,0.3479428919511742,0.38837762296709555,0.3500159827751107,0.3533472519454369,0.3630352357676139,0.3118905069655795,0.3022025231434026
NEURL4,ENSG00000215041,chr17,7305627,7339393,166,0.39712409511209984,0.4360204594711748,0.3419988810402285,0.33420571180064357,0.31992913029531167,0.3301162781641833,0.29697678522153936,0.2426210256359836,0.2757605185786276
ACAP1,ENSG00000072818,chr17,7326528,7361477,181,0.33783405599527433,0.3709908816346585,0.24078220749764082,0.3179661714719067,0.23945795410322235,0.30019100671594284,0.286280832283073,0.16341851906456223,0.17732869349743205
KCTD11,ENSG00000213859,chr17,7341888,7364944,116,0.3481049393729806,0.3118796569661183,0.23555078173242194,0.34235459033021404,0.25183858043451274,0.26653176926439964,0.25137220020172096,0.10725976988021416,0.12241933894289278
TMEM95,ENSG00000182896,chr17,7345122,7367219,114,0.3987586429381801,0.4110425079074639,0.3166864821146731,0.3638323049996618,0.34607165479844915,0.3286793030084406,0.27846842456530213,0.20072196454864194,0.25093284299178054
TNK1,ENSG00000174292,chr17,7370533,7399774,172,0.3420099858305694,0.3189851418422848,0.33503026839130895,0.3716714212958886,0.2934302041055853,0.19736146149519834,0.25076494955398154,0.18680969342901413,0.13340620537023093
PLSCR3,ENSG00000187838,chr17,7379726,7404842,149,0.3430137115954142,0.2921845953872929,0.2757980596880602,0.3927989938638446,0.30858231899304356,0.22148953777505923,0.23772808203201695,0.12408240945695262,0.10784386519999484
TMEM256-PLSCR3,ENSG00000262481,chr17,7379733,7414097,197,0.31720499980686706,0.2746997999555457,0.27402464466317383,0.3626675245744054,0.3210938705000461,0.19124552042365944,0.19218052589659076,0.1299241203798917,0.12898911490696044
TMEM256,ENSG00000205544,chr17,7392974,7414097,108,0.34141888715671825,0.2263532427342278,0.3020666658113982,0.38759012247623237,0.27682512112539914,0.15733789608845966,0.21144458753937384,0.09930199944125534,0.04519530799034116
NLGN2,ENSG00000169992,chr17,7394873,7429860,194,0.34237450927471785,0.33281099321715263,0.38502185505575287,0.3763888374268638,0.334929630069441,0.16881651447887094,0.2345238609913327,0.23586539023888387,0.17015804372642207
SPEM1,ENSG00000181323,chr17,7410323,7431632,122,0.35468847825649086,0.421815853966078,0.350258572133918,0.3899910113112694,0.3965745098275219,0.2773520850555602,0.2685058733752732,0.2705107842395855,0.2793569959198725
SPEM2,ENSG00000184560,chr17,7415615,7437568,122,0.26525253158323553,0.2800313861083027,0.2939055451182316,0.2935405316079122,0.274742366777765,0.14438490863887543,0.17740438836955413,0.1841627511003986,0.1511432713697199
SPEM3,ENSG00000283439,chr17,7418856,7442820,131,0.2704060758750274,0.24696829497886996,0.29607500042300255,0.25994770753428187,0.29563570427357805,0.12391582593604378,0.11711139288528322,0.15973212119084812,0.1665365542416087
RP11-104H15.13,ENSG00000286007,chr17,7418860,7446278,150,0.3100035864133724,0.3169790695339062,0.3654026935919776,0.3189919601348437,0.36984382705901697,0.14876700484687327,0.15181167257736408,0.2324627701349066,0.2294181024044158
TMEM102,ENSG00000181284,chr17,7425434,7447679,112,0.26006562463274174,0.3180549292672953,0.2908205376059956,0.3152661206635306,0.23232559873065914,0.1701766402228963,0.24857079347173738,0.21262952560706228,0.13423537235822125
FGF11,ENSG00000161958,chr17,7428272,7454937,115,0.2760098410069127,0.37615444463624104,0.3365457296350738,0.31963936301361157,0.3016919671729446,0.19226728925049186,0.24894487788650402,0.27958515942710993,0.22290757079109774
CHRNB1,ENSG00000170175,chr17,7435060,7467710,134,0.34735158840654706,0.44304671784225685,0.36544123910821597,0.4028044207238876,0.35358495537752904,0.2785826225945917,0.33223551740501167,0.3066912940214346,0.25303839921101473
ZBTB4,ENSG00000174282,chr17,7449365,7494263,243,0.5228812370831438,0.7139251710106735,0.6010101210242188,0.542016147829335,0.630170922240909,0.5363362371971339,0.5188544416204836,0.7151656253640599,0.7326474209407103
SLC35G6,ENSG00000259224,chr17,7471331,7493496,160,0.5269836968299265,0.7422330805853299,0.6437657875248175,0.549117666522426,0.6879531258486002,0.5360790373796648,0.4938232628066581,0.8196204781258645,0.8618762526988709
POLR2A,ENSG00000181222,chr17,7474365,7524616,372,0.4504638921106225,0.6625892490767337,0.5880359202890455,0.5480781576252811,0.5909953025812978,0.3991579618003967,0.493335818338452,0.6872962835488703,0.593118427010815
TNFSF12,ENSG00000239697,chr17,7539057,7567890,0,,,,,,,,,
TNFSF12-TNFSF13,ENSG00000248871,chr17,7539098,7571601,0,,,,,,,,,
TNFSF13,ENSG00000161955,chr17,7548291,7571608,0,,,,,,,,,
SENP3,ENSG00000161956,chr17,7551918,7581969,0,,,,,,,,,
SENP3-EIF4A1,ENSG00000277957,chr17,7553286,7588715,0,,,,,,,,,
EIF4A1,ENSG00000161960,chr17,7562823,7589006,0,,,,,,,,,
CD68,ENSG00000129226,chr17,7569490,7592111,126,0.46006038459896376,0.3295434316936168,0.3985897391635309,0.5085054037900738,0.4718812636518372,0.2538081877302589,0.235833273136838,0.1459881657118352,0.16396308030525608
MPDU1,ENSG00000129255,chr17,7573528,7602789,138,0.47795495194767784,0.3344597197957039,0.4296245958149089,0.44322937100264465,0.36633544427627635,0.24784849075956095,0.26826124063410617,0.159307625991706,0.13889487611716078
SOX15,ENSG00000129194,chr17,7578177,7600094,96,0.4494708265479409,0.41317830140943823,0.3552116230775913,0.46707085844600094,0.41836609120635704,0.3455382357552066,0.31024350501834114,0.187496019811907,0.2227907505487724
FXR2,ENSG00000129245,chr17,7581229,7624897,157,0.368380693053191,0.2751359872932335,0.23582540349883305,0.31499135198534967,0.3145350110330654,0.256140326341316,0.1612185856802616,0.06563088405967332,0.16055262472072773
SHBG,ENSG00000129214,chr17,7603945,7643382,189,0.5652595805573287,0.300316759175845,0.2895289393254115,0.6096967338489133,0.26607069914608594,0.42415332959160634,0.49430811030708127,0.0,0.0
SAT2,ENSG00000141504,chr17,7616233,7637876,82,0.3642502085324561,0.29986936417235205,0.25682458254113244,0.3431487896650246,0.22509577568401098,0.2563076863920211,0.2608851271896589,0.1001806523476188,0.09560321154998094
ATP1B2,ENSG00000129244,chr17,7636626,7667770,221,0.4457211161113414,0.23095760385086103,0.3441562891267971,0.5108311253483244,0.37759482250638376,0.2154318668985113,0.2517463470476387,0.04717731256432828,0.010862832415200863
TP53,ENSG00000141510,chr17,7651778,7697538,221,0.3149426195732828,0.5171786252552832,0.5016372227621118,0.45373487493004944,0.5069471659701718,0.20496709832295362,0.3128102100264915,0.5231414199536728,0.41529830825013486
WRAP53,ENSG00000141499,chr17,7676070,7713502,167,0.28018677120160684,0.4374093841851301,0.4394775152471589,0.36839631677972257,0.5240504487292529,0.16254032320910156,0.14612640652486297,0.4126627398868403,0.42907665657107896
EFNB3,ENSG00000108947,chr17,7695201,7721372,124,0.3327307155057058,0.544751065919654,0.5288858297861114,0.41662495928962034,0.6129221509648957,0.21940883834940667,0.1883532304071066,0.5675020634218323,0.5985576713641323
DNAH2,ENSG00000183914,chr17,7707353,7843744,674,0.4497436971232464,0.570828968667169,0.5332477173617217,0.4627526628179103,0.5094489992213622,0.34065713153110144,0.3774852183328609,0.5052426335370523,0.46841454673529287
KDM6B,ENSG00000132510,chr17,7824216,7864796,161,0.4101415837894061,0.4371326042378673,0.4618147626602774,0.40228873218681915,0.4690974421919544,0.24151574136875958,0.22809094996650042,0.3331954687215695,0.3466202601238287
TMEM88,ENSG00000167874,chr17,7845065,7866099,86,0.27884214917649525,0.368759394261253,0.3112107267879051,0.26644513659074676,0.37586764692308405,0.20707275691841653,0.14926411957161065,0.2529954235829136,0.3108040609297195
NAA38,ENSG00000183011,chr17,7846684,7895238,161,0.29573011534281646,0.40275308131359083,0.41207311924540846,0.31887458197599,0.4434773726942401,0.16743279904178338,0.1566930126233907,0.3479918529165853,0.358731639334978
CYB5D1,ENSG00000182224,chr17,7847745,7872282,89,0.3539541859000863,0.4049398035081333,0.3318690226682355,0.44587587861611416,0.3215353763619088,0.2763532576093678,0.3607681696743116,0.24273945036997105,0.15832453830502718
CHD3,ENSG00000170004,chr17,7874795,7922760,146,0.40281982053719395,0.5666439703565451,0.48450648839852184,0.32626473924149263,0.5481156811333305,0.34455074511728107,0.21839230963921913,0.4916449043546371,0.6178033398326991
RNF227,ENSG00000179859,chr17,7903338,7926289,74,0.5269129464085658,0.6868643035952582,0.6681667454352345,0.38355159751535745,0.6959161445583173,0.4032359139041968,0.2272237631771854,0.7578827336474325,0.9338948843744439
KCNAB3,ENSG00000170049,chr17,7911858,7939856,115,0.46671523420729644,0.6851741804035831,0.6479543391652288,0.2918941302857401,0.6706282889707857,0.3702205404727228,0.1951645322501151,0.7855152062812061,0.9605712145038137
RP11-1099M24.7,ENSG00000262730,chr17,7915930,7940622,102,0.515740218176799,0.6563585858585859,0.6368087800679866,0.3097953546474863,0.5995556626248026,0.3902322681245749,0.26187159948427535,0.6779242979133833,0.8062849665536829
TRAPPC1,ENSG00000170043,chr17,7920344,7942123,92,0.4355056469744679,0.6694629368048891,0.6647711178135978,0.3150389314085412,0.6029128583993683,0.2929598160367257,0.28091511877938485,0.8140766671420787,0.8261213643994196
CNTROB,ENSG00000170037,chr17,7922100,7959920,149,0.46006711091769487,0.6952109100079092,0.6151567151011849,0.3364327455454609,0.5972932938981904,0.42476329832518545,0.34435677928692704,0.763371951474284,0.8437784705125424
GUCY2D,ENSG00000132518,chr17,7992614,8030342,157,0.36689855541609634,0.5269431000654022,0.5390902951873722,0.2761318012842177,0.38403857215925336,0.2155555441484286,0.29355730823551623,0.5329840577319248,0.4549822936448372
ALOX15B,ENSG00000179593,chr17,8029033,8059134,178,0.3287287430714296,0.21996220959923315,0.18035092823174906,0.2965800643903335,0.23878043701929838,0.22405794281982525,0.1636903425482045,0.024354968420548156,0.0847225686921689
ALOX12B,ENSG00000179477,chr17,8062635,8097716,272,0.3907480542409685,0.44060184543034714,0.32479263816457793,0.407812879036537,0.30711501993325097,0.34184087869221175,0.3689675705008734,0.23905291847342652,0.21192622666476485
ALOXE3,ENSG00000179148,chr17,8085899,8129047,321,0.4310842377840724,0.4412214707496351,0.3517642804956238,0.3987066157746786,0.35111035559466053,0.3562620461590705,0.3290908812864667,0.22574002913770175,0.2529111940103056
HES7,ENSG00000179111,chr17,8110591,8134106,176,0.4484791088660814,0.4588429723920516,0.4359183391462874,0.4841037081731176,0.4691185376009741,0.31828254955619223,0.32133939455548044,0.2957632383366104,0.2927063933373223
PER1,ENSG00000179094,chr17,8130471,8166506,194,0.4473579517413215,0.40307125099877783,0.37168305812756613,0.44085596357405016,0.4160934639033299,0.32214587175950987,0.2796456711096936,0.19381164935927592,0.23631185000909227
RP11-599B13.6,ENSG00000263620,chr17,8140815,8172975,161,0.5271541940240454,0.438569670452808,0.46115803530889654,0.48833676917039204,0.4762189451797707,0.353960287446077,0.30033734901091386,0.22330730422397604,0.2769302426591392
VAMP2,ENSG00000220205,chr17,8149148,8173546,147,0.557409579104753,0.4847463639511496,0.3844528718712389,0.5056241370807358,0.4495145837768789,0.4964813646697639,0.38530019115748043,0.16661463770333612,0.2777958112156197
TMEM107,ENSG00000179029,chr17,8162456,8186399,126,0.47185569050853154,0.40253262353262353,0.3801533379646463,0.45188573312100316,0.36198810844441315,0.3375790825404036,0.3334643686402877,0.1774765141813051,0.18159122808142086
BORCS6,ENSG00000196544,chr17,8178344,8200180,54,0.5166009106482394,0.4003005855244662,0.48613424843905473,0.36953202219176623,0.4009360761772337,0.28622309417499125,0.23011633480571975,0.22510363099544972,0.2812103903647212
AURKB,ENSG00000178999,chr17,8194732,8220600,0,,,,,,,,,
CTC1,ENSG00000178971,chr17,8214814,8258056,161,0.4702131237532148,0.39432023805543487,0.32769444905525785,0.5113274421391768,0.42852856976183995,0.36982099946487956,0.32896286001042513,0.13158287876057911,0.1724410182150336
PFAS,ENSG00000178921,chr17,8237617,8280491,220,0.4260270207675298,0.374323013974975,0.31350377868507684,0.4969671916909442,0.42411818456634054,0.3239697190165693,0.30208405134231764,0.1449513188027488,0.1668369864770004
SLC25A35,ENSG00000125434,chr17,8277762,8305400,91,0.3731599072845161,0.2737836862400309,0.2270105314734144,0.4621574751992804,0.3680330407974615,0.26474065373612965,0.24058932812623346,0.055166701962920006,0.07931802757281614
RANGRF,ENSG00000108961,chr17,8278653,8300092,87,0.37329577933645935,0.23382132437674327,0.26665642060662387,0.4875492533307971,0.37371374248008193,0.2117397544888944,0.23347141153825807,0.05460012395925978,0.032868466909896144
ARHGEF15,ENSG00000198844,chr17,8300240,8332514,59,0.31756511649770813,0.3243104058824193,0.19914233261310035,0.33781026837327116,0.30564723756977713,0.2760188063021346,0.219724752366227,0.11600268239203226,0.17229673632793985
ODF4,ENSG00000184650,chr17,8329839,8356048,189,0.2658900266993478,0.27207342965932874,0.15761765837743072,0.31366981343322325,0.20280966244852552,0.2275651273131386,0.23364486755920552,0.0899899734761807,0.08391023323011379
KRBA2,ENSG00000184619,chr17,8346901,8386704,132,0.27892739353891116,0.23275789003681654,0.12571290615934508,0.3169815512632543,0.14604149354872628,0.22881091938894096,0.2441568019220543,0.03614194967417239,0.020796067141059
RP11-849F2.7,ENSG00000263809,chr17,8358637,8393187,78,0.19816666705658703,0.22410180693243342,0.16518180964815715,0.2583976577687165,0.16935966563344484,0.14702357747922307,0.1835588399235088,0.10671038442700502,0.07017512198271927
RPL26,ENSG00000161970,chr17,8367515,8393213,73,0.2352842204149717,0.2713686234690485,0.13455853660428838,0.2816493047588453,0.18325949898754101,0.2201614177037206,0.2224754340484854,0.09642591349317986,0.09411189714841503
RNF222,ENSG00000189051,chr17,8380703,8407826,133,0.31123747971654314,0.30353151823428764,0.1841193122479001,0.35584809766802217,0.24141973728750593,0.26555216440413426,0.2626233892464951,0.0961805746925942,0.0991093498502334
NDEL1,ENSG00000166579,chr17,8403130,8500411,588,0.6054846175475718,0.6020737413720233,0.5687947493441129,0.5908252156651657,0.5540216110324983,0.5052073176295657,0.5038083279954755,0.41628125306376584,0.4176802426978561
MYH10,ENSG00000133026,chr17,8464206,8640761,1083,0.6533538136229042,0.6784205607122273,0.5951756500659224,0.65332219700708,0.6735748313301364,0.6448296607417818,0.5371577896635829,0.4896810155422132,0.5973528866204123
CCDC42,ENSG00000161973,chr17,8719934,8755219,251,0.39022791692825604,0.3086281719853402,0.3339576703764124,0.3789951073627287,0.28641830704675514,0.22867273604469163,0.25401773225647417,0.14040476257070192,0.11505976635891943
SPDYE4,ENSG00000183318,chr17,8743105,8768559,188,0.34373761989412577,0.35978378829618496,0.23490465933423554,0.3945327034009384,0.28675562862545645,0.2996945523121912,0.30488643823705697,0.14625477658098876,0.14106289065612304
MFSD6L,ENSG00000185156,chr17,8787109,8809365,213,0.3307439759533913,0.3949424686486457,0.3619222861097191,0.3853466123030778,0.35254552687761276,0.2273625666557777,0.27721084998305867,0.27506916567384976,0.22522088234656876
PIK3R6,ENSG00000276231,chr17,8792721,8877677,668,0.25421474990706755,0.31645132094458817,0.2789234075229967,0.2620052802025786,0.25200703246640255,0.1733825386847944,0.19695715574565079,0.20707486639811332,0.1835002493372569
PIK3R5,ENSG00000141506,chr17,8868910,8975712,794,0.37079638792849146,0.3443240612608495,0.32736903593221195,0.38840938066690744,0.2954197321404635,0.24441526531939392,0.28181386633365657,0.17767334259925566,0.14027474158499298
NTN1,ENSG00000065320,chr17,9011509,9254000,1903,0.4365543335687378,0.6041147946551075,0.5532332737855851,0.40552611501482705,0.4914578846986123,0.34729834055578546,0.385251121225907,0.5793326546894881,0.5413798740193667
STX8,ENSG00000170310,chr17,9240470,9586591,2565,0.4240693886970402,0.44601592940952983,0.43306222480554624,0.4197106192468835,0.4131764304590804,0.2874408564620317,0.3009083231671559,0.3031784896330146,0.2897110229278904
CFAP52,ENSG00000166596,chr17,9566626,9653447,582,0.5288749738580921,0.5531452779015328,0.596422402421393,0.5856103455416096,0.5923555221133656,0.325383508527036,0.3945552174836162,0.48013823515871284,0.41096652620213264
USP43,ENSG00000154914,chr17,9634697,9739687,834,0.23791096634976902,0.20987832734345932,0.16927134905775176,0.16735286573056893,0.20373619274872967,0.16090407340364896,0.09544446617144793,0.07466425595573309,0.1401238631879341
DHRS7C,ENSG00000184544,chr17,9761433,9801592,292,0.2950210979621712,0.4482883701434707,0.353540775451344,0.28963297495982687,0.370810058327019,0.25403601392873876,0.2366905954505737,0.34069376495998327,0.35803918343814833
GSG1L2,ENSG00000214978,chr17,9792385,9832071,359,0.4194017999689173,0.4217514590074317,0.35478365441808596,0.3905367293141023,0.2892353228878782,0.32663911484034847,0.35075710789468345,0.22111238617640927,0.19699439312207423
GLP2R,ENSG00000065325,chr17,9812205,9902099,738,0.40521977927652814,0.3960890877377937,0.30087241063390424,0.3516141537050173,0.29533651660760046,0.3329849423328682,0.2937814937767662,0.17134364584772155,0.21054709440382355
RCVRN,ENSG00000109047,chr17,9886319,9915271,237,0.23967997196155974,0.27907071954494,0.1921606589002619,0.27919990132799566,0.1241754367233361,0.19391900058760583,0.2610090946647219,0.13329523128079276,0.06620513720367674
GAS7,ENSG00000007237,chr17,9900605,10208606,2489,0.33747176391963385,0.3475901434691801,0.3026169711017593,0.32990623077574877,0.2788263737994663,0.23917696095835728,0.2502722824567778,0.1879053392812683,0.1768100177828478
MYH13,ENSG00000006788,chr17,10290864,10383130,568,0.44070167615509986,0.37825422255504226,0.3173676154266553,0.44678316531719386,0.2979192180685167,0.3372487305511964,0.3567612141604102,0.13797525717385334,0.11846277356463963
MYH8,ENSG00000133020,chr17,10380321,10431950,262,0.39462819581263675,0.44684953572105357,0.3204929865064533,0.4116482440038885,0.31004709728979873,0.3538249803034377,0.37571178598411065,0.23830024686170126,0.2164134411810284
MYH4,ENSG00000264424,chr17,10433289,10479559,242,0.5152261328583434,0.463741951203339,0.33910780169122845,0.40691484237344244,0.3863185520273242,0.46652400415489215,0.3286388925635435,0.15661579528663533,0.29450090687798397
MYH1,ENSG00000109061,chr17,10482306,10528542,230,0.46606227297090946,0.41866340295679927,0.3875098855939241,0.3353160810557849,0.3732179178344128,0.33983946772554696,0.2418563275408786,0.2025858812917165,0.30056902147638487
MYH2,ENSG00000125414,chr17,10511147,10559700,283,0.3818715905770741,0.37898717470519033,0.3266208216827636,0.3345192106840622,0.34216067033473385,0.28100795626034436,0.2324272477029213,0.19539558835293003,0.24397629691035302
MYH3,ENSG00000109063,chr17,10618525,10667309,327,0.35326565028607876,0.3671195197272589,0.3102389918606516,0.5433517837020287,0.41891845279809264,0.260941619779992,0.34922573298134607,0.1965320696207214,0.1082479564193673
SCO1,ENSG00000133028,chr17,10662473,10708375,376,0.32505947228435095,0.3846972364867101,0.3235976335141596,0.37039889601312015,0.3300680075391805,0.24390218484148865,0.2738652933936787,0.24173864907763612,0.21177554052544612
ADPRM,ENSG00000170222,chr17,10687593,10721558,312,0.30928981294032754,0.32453850759963654,0.22551055634272799,0.30871434326121083,0.2791815519389857,0.2534214171404436,0.21709664730999767,0.13893771213538758,0.1752624819658336
TMEM220,ENSG00000187824,chr17,10689014,10740023,450,0.29177762801468027,0.3545829282567485,0.22012020235921909,0.31324904758106914,0.24950406750938342,0.26712011070701724,0.2633105339006287,0.17073843759207463,0.17454801439846318
TMEM238L,ENSG00000263429,chr17,10784912,10814099,205,0.44197724512108943,0.38971276559623613,0.4741910537845278,0.49722645334770704,0.49402293189242436,0.2171818711511349,0.25008852081058636,0.27664368541924944,0.24373703575979788
PIRT,ENSG00000233670,chr17,10812469,10848087,238,0.37360004272936503,0.3938766146319282,0.37978350401514155,0.3942039151228994,0.3573925960253392,0.24537561755864037,0.2798311200486898,0.2552960898611747,0.22084058737112533
SHISA6,ENSG00000188803,chr17,11231212,11574063,2533,0.41015693195366365,0.4310613430431998,0.3992631237961397,0.4445127615326715,0.4078912764873656,0.29114158635692944,0.31391364801168514,0.2728410728224066,0.2500690111676509
DNAH9,ENSG00000007174,chr17,11588469,11979748,2489,0.4461080383169337,0.4648795060860153,0.47469374007149157,0.46812920469738173,0.4451907605695614,0.2861375636057418,0.33374354161452313,0.3391257715699863,0.29151979356120494
ZNF18,ENSG00000154957,chr17,11967438,12007475,247,0.5455083090140432,0.4100953774816806,0.3732050651346773,0.5636154646193436,0.35288571969523586,0.42461710480716397,0.4608967526723576,0.10317730709167983,0.06689765922648616
MAP2K4,ENSG00000065559,chr17,12010828,12153830,689,0.4563304620352235,0.40362820057107895,0.361251943811431,0.4628546874502062,0.3796416227049439,0.3390297424684643,0.33045983112769073,0.17786123940080106,0.18643115074157457
MYOCD,ENSG00000141052,chr17,12655889,12778949,740,0.36167359682525785,0.3298306828628159,0.3234563484993155,0.35677833796318553,0.33270891014019977,0.2291860505825425,0.21848092891797677,0.17103883579586746,0.18174395746043312
ARHGAP44,ENSG00000006740,chr17,12779497,13001643,1602,0.3525173949090852,0.4881048190546147,0.44724947842659546,0.3736007862908949,0.4651307586259345,0.25572511723183505,0.255834909286118,0.41391028238580374,0.4138004903315208
ELAC2,ENSG00000006744,chr17,12981611,13028065,371,0.2155722320456979,0.36553121698445445,0.29273353129314034,0.2300946016339233,0.2691738051397006,0.17571009695132242,0.20143760614928757,0.2792570954317816,0.25352958623381655
HS3ST3A1,ENSG00000153976,chr17,13484031,13611929,1033,0.39063749122749736,0.39420146656494826,0.3190461941855381,0.39661625456198046,0.30985454641691135,0.30614446456242816,0.3177783954296257,0.19506333670264236,0.1834294058354447
COX10,ENSG00000006695,chr17,14059489,14241736,876,0.48627238156642316,0.5501948242597469,0.4815257304288354,0.5109652114999368,0.5069184592448044,0.40406896734568143,0.40359083056407874,0.3948717654183204,0.39534990219992316
CDRT15,ENSG00000223510,chr17,14225672,14246862,104,0.5975307424831299,0.6414401769550374,0.4536469658225929,0.5676546118413277,0.4766228665953761,0.6656531984433968,0.6083686422940914,0.3600065640020792,0.41729112015138464
HS3ST3B1,ENSG00000125430,chr17,14291080,14359404,520,0.4265198566718564,0.4334739184270558,0.35618168126208566,0.45529204301823645,0.3879660510120356,0.3419627099821395,0.34238506030666516,0.22626944974541074,0.22584709942088504
PMP22,ENSG00000109099,chr17,15219772,15282292,412,0.4128176321320648,0.45570024008724175,0.3712326564860165,0.3806976249573426,0.3667718005521549,0.33834050520512166,0.31524618674504346,0.2699146494305496,0.2930089678906279
TEKT3,ENSG00000125409,chr17,15293810,15351632,385,0.36427502599339767,0.5567602573892864,0.48002519175295544,0.3669244101576993,0.5426077077174085,0.3063294006646127,0.24429803782998233,0.5073150749491584,0.5693464377837888
CDRT4,ENSG00000239704,chr17,15426014,15513608,633,0.41740043408475774,0.3787775952951721,0.33622589069007364,0.49322170004510474,0.43142141421539054,0.3032539584374637,0.29556601449482395,0.1728121631065797,0.18050010704921954
TVP23C-CDRT4,ENSG00000259024,chr17,15426020,15573561,698,0.40212725008444156,0.3828417596250824,0.3294193274678337,0.4719982310416273,0.4124199812981684,0.2986979472563509,0.29477131268262746,0.18393187332017297,0.18785850789389646
TVP23C,ENSG00000175106,chr17,15492263,15573595,229,0.3336244016381424,0.3922535511972385,0.26346688732960966,0.4225871283584987,0.26916950213531476,0.29904911515128485,0.3668107526946708,0.19894839383924906,0.13118675629586313
CDRT1,ENSG00000241322,chr17,15555482,15629704,2,0.21257939692219904,0.40800637958532693,0.05157368239018809,0.1340468366974391,0.1252081252081252,0.35515048982184566,0.2672072990067488,0.1691089306609165,0.2570521214760134
RP11-385D13.1,ENSG00000251537,chr17,15561490,15661653,2,0.21257939692219904,0.40800637958532693,0.05157368239018809,0.1340468366974391,0.1252081252081252,0.35515048982184566,0.2672072990067488,0.1691089306609165,0.2570521214760134
TRIM16,ENSG00000221926,chr17,15617959,15694311,0,,,,,,,,,
ZNF286A,ENSG00000187607,chr17,15689576,15730787,39,0.4081721914105291,0.4649679487179488,0.2768387633167052,0.22568820027775807,0.31252230922411356,0.41292255207948575,0.2532416848434057,0.2125060728627,0.3721869400987802
AC005324.8,ENSG00000255104,chr17,15689691,15754778,109,0.34578749438979073,0.39812643264991665,0.22602591547694317,0.264689104337343,0.2802473352235311,0.33790701822045094,0.2431610557591553,0.16980085852351706,0.26454682098481275
TBC1D26,ENSG00000214946,chr17,15722246,15759192,76,0.33701143375721004,0.3576808100648023,0.17023428080788133,0.34800839428728936,0.25538539130772137,0.3335277843111997,0.28775250592705237,0.1091421339498724,0.15491741233401976
ADORA2B,ENSG00000170425,chr17,15935129,15985746,352,0.5901108549252103,0.7752438841340444,0.8412744543102865,0.621268357161668,0.8224269471139778,0.27201461593650156,0.36764679802201217,1.2207247782022705,1.12509259611676
ZSWIM7,ENSG00000214941,chr17,15966559,16009717,305,0.4084291501132565,0.6962014197396116,0.6225900171422313,0.4047611492454543,0.601548388583264,0.37097049503815815,0.39500683565847,0.8204198670638372,0.7963835264435252
TTC19,ENSG00000011295,chr17,15989783,16055015,445,0.3562742290660288,0.6654555649845421,0.6387486978769786,0.3630573814938306,0.5963258586939034,0.25864329907886785,0.3194569845139736,0.8363422690514487,0.7755285836163432
NCOR1,ENSG00000141027,chr17,16019156,16228185,1031,0.3252691459479314,0.6206590161462447,0.5164597634373964,0.37379895830323706,0.5122751923767771,0.31807021950592407,0.35969982020515756,0.651249565329908,0.6096199646306746
PIGL,ENSG00000108474,chr17,16207190,16361797,608,0.4309624143474173,0.5692843681225211,0.520027791726275,0.4687621352655921,0.5333344843475952,0.3360444543417328,0.35635503840446003,0.5062627391189669,0.4859521550562397
CENPV,ENSG00000166582,chr17,16332533,16363656,164,0.3964840584192237,0.4945696990418762,0.4793162900236075,0.4593614012274272,0.45522178128999613,0.26735772542028063,0.3449864369712483,0.41498740599632195,0.3373586944453544
UBB,ENSG00000170315,chr17,16370797,16392745,127,0.185840702097508,0.2067998522610129,0.19964097210956436,0.1960409715216885,0.211575500770416,0.10729203170580105,0.10608401860895925,0.1243876643737948,0.12559567747063663
TRPV2,ENSG00000187688,chr17,16405570,16447003,270,0.24666376399600376,0.30989411763830316,0.20610587174276043,0.299843333633356,0.17891142410786803,0.21167434820106934,0.2651185564056981,0.15923589226431228,0.10579168405968353
LRRC75A,ENSG00000181350,chr17,16431576,16502193,478,0.2328199853973559,0.22601357064905378,0.19893600787561566,0.2324369300131655,0.1734431668244865,0.1497101497062101,0.16512448264520835,0.10649078897821951,0.09107645603922124
ZNF287,ENSG00000141040,chr17,16536953,16579204,227,0.23656950843629976,0.30498880770817544,0.3544243293709056,0.22233624476717145,0.35073071441454023,0.09807383978570242,0.09169032224903811,0.2657534897442971,0.27213700728096135
ZNF624,ENSG00000197566,chr17,16610733,16663856,262,0.1884651741293532,0.3487576936767757,0.3329211497308922,0.1799925501532764,0.3094642497302438,0.11642722672640235,0.1285139101360217,0.31244627296508176,0.30035958955546244
CCDC144A,ENSG00000170160,chr17,16679536,16787881,0,,,,,,,,,
RP11-219A15.1,ENSG00000266302,chr17,16680260,16814453,0,,,,,,,,,
TNFRSF13B,ENSG00000240505,chr17,16919815,16982118,465,0.3683450278588478,0.45016660265905883,0.34560266900561154,0.356795819204728,0.3744904112881704,0.31675567618947914,0.2851222010986229,0.2813842843793929,0.3130177594702491
MPRIP,ENSG00000133030,chr17,17032456,17227679,1076,0.3803472039043677,0.5784051047268026,0.5373689178099825,0.38294020925037864,0.557684828895942,0.2857405063410608,0.2653835748913786,0.5779698834730006,0.5983268149226828
PLD6,ENSG00000179598,chr17,17190994,17216333,155,0.3467959767323901,0.40082735815260817,0.3916375166500943,0.4064700430517183,0.41915791050635925,0.2205434396292305,0.24529837340234834,0.29166206599032346,0.2669071322172057
RP11-45M22.4,ENSG00000264187,chr17,17192648,17247185,346,0.3747353033380348,0.29432750810224445,0.29535826335441495,0.4175029444578722,0.32547599273352634,0.23405923277734195,0.2476435893763418,0.1145448088390616,0.10096045224006173
FLCN,ENSG00000154803,chr17,17202211,17247188,297,0.36684483174780524,0.22742534533634662,0.2720467494071386,0.4689206620696448,0.2882168648744227,0.19877397041502243,0.27544424583883387,0.059252664123292165,0.0
COPS3,ENSG00000141030,chr17,17236615,17291273,327,0.35361626102273785,0.21704428485121033,0.2553919529926414,0.4118449959957709,0.34875468687472777,0.19307188022009766,0.1732875067022717,0.05160726229050458,0.07139163580833052
NT5M,ENSG00000205309,chr17,17293334,17357663,356,0.3230238078826817,0.28703023788876264,0.24141714512782939,0.4360200810786174,0.3165264400516922,0.22606609564058605,0.26524279741279655,0.11225017320771194,0.07307347143550147
MED9,ENSG00000141026,chr17,17466993,17503221,251,0.37524718950524055,0.4633652880688111,0.3341171903493396,0.5401704603621026,0.43193643058551734,0.34309763985285757,0.41690756503493903,0.27934001457699664,0.20553008939491524
RASD1,ENSG00000108551,chr17,17484436,17506395,160,0.4046867435996763,0.44392933020239295,0.3182951835053875,0.5291229351522976,0.3825960323322562,0.36118444213428225,0.42889318809263294,0.22567544672176482,0.15796670076341413
PEMT,ENSG00000133027,chr17,17495562,17601708,750,0.31160854315277287,0.4720070039690918,0.4318398534067779,0.3820647104359775,0.39670231798067235,0.22335896678159411,0.30734963059751724,0.41531329367524045,0.3313226298593173
RAI1,ENSG00000108557,chr17,17671457,17821453,749,0.41305676477462,0.524023416892779,0.4580973257742046,0.46243787925520846,0.4467063104122534,0.3312724633107892,0.3856156195519082,0.4111141578029462,0.35677100156182706
SREBF1,ENSG00000072310,chr17,17800398,17847002,254,0.24521368406273858,0.5317902663935152,0.4067487850062717,0.4869350572639751,0.34781959217517366,0.2590110970619179,0.4993788631529599,0.49982783765941863,0.25946007156837664
TOM1L2,ENSG00000175662,chr17,17833510,17982422,774,0.46919820491433506,0.38509317607297194,0.3731827562303018,0.37634693582798123,0.3201878810102359,0.3262754325328081,0.286253383003058,0.16000909593068602,0.2000311454604361
DRC3,ENSG00000171962,chr17,17962812,18026889,338,0.46578107034059013,0.22305091638629865,0.35254750689223757,0.31931340415865245,0.15110651933523284,0.2223100729019497,0.23660609282660947,0.03007038731438416,0.015774367389724375
ATPAF2,ENSG00000171953,chr17,17967408,18049209,409,0.4713212694231516,0.30614701287705315,0.37348439693395946,0.3179893643056182,0.23287745071146965,0.2676439607114609,0.241548244242158,0.09785121432067861,0.12394693078998142
GID4,ENSG00000141034,chr17,18029407,18078405,214,0.41188240071550125,0.4503896358643318,0.39129390094894495,0.41142147553546043,0.35587169330529694,0.31647715460857706,0.3443666357836881,0.2820685260455731,0.2541790448704621
DRG2,ENSG00000108591,chr17,18077891,18117970,223,0.5618105908136246,0.5793716477762024,0.509152270349169,0.546250471571444,0.5465285411060152,0.4897441539047132,0.4326962975385766,0.3762614550845185,0.4333093114506551
MYO15A,ENSG00000091536,chr17,18098705,18189802,512,0.429656551548494,0.4705904653214356,0.4132643924539553,0.46007141551724035,0.3202350401530342,0.3321642819043498,0.43315159514232005,0.3038286970983415,0.2028413838603712
ALKBH5,ENSG00000091542,chr17,18173077,18219954,246,0.36237257689101604,0.4213923437206146,0.3537347293260155,0.3777497043931664,0.32133041872104634,0.2802932864363467,0.3169613107026331,0.26683736766927535,0.23016934340298895
LLGL1,ENSG00000131899,chr17,18215634,18254875,223,0.533220700639868,0.5592307661856974,0.5262761465750879,0.45801226238729426,0.5105073324710436,0.4170009152273876,0.3586799626599865,0.40223290459896116,0.4605538571663623
FLII,ENSG00000177731,chr17,18234814,18268738,174,0.33859713959402404,0.47598436861714416,0.4647707796961529,0.34234959647796065,0.41245469106858224,0.21728287160681486,0.26675682017817587,0.42895089261589914,0.37947694404453813
MIEF2,ENSG00000177427,chr17,18250596,18276552,133,0.20989242921910306,0.5095852598291623,0.37581973283711073,0.3405672469796195,0.3989817495929209,0.23838697598168737,0.3098745689136833,0.474116861385552,0.40262926845355596
TOP3A,ENSG00000177302,chr17,18261427,18325007,344,0.19474347016490162,0.49903523154802865,0.4254931577012718,0.2978558792051408,0.3979455363750622,0.1767853063945325,0.26871436597166076,0.5144341964266343,0.42250513684950597
SMCR8,ENSG00000176994,chr17,18305292,18338056,191,0.3290176320353753,0.4940235716296087,0.40089685727219554,0.27620226200964704,0.3835059204407284,0.28397805523845476,0.260400964168681,0.397287139789535,0.4208642308593088
SHMT1,ENSG00000176974,chr17,18317859,18373563,320,0.19640223847718072,0.39999958287867105,0.33201949962282085,0.26740777740511495,0.3190770535170489,0.16299253162350946,0.2188424232949827,0.34783239694050805,0.2919825052690348
EVPLL,ENSG00000214860,chr17,18367777,18399647,61,0.07001660851827494,0.26850420020231347,0.24198198969697235,0.18737062707583377,0.15358593174433127,0.054102109365054524,0.1766986764749909,0.258561691076756,0.13596512396681962
LGALS9C,ENSG00000171916,chr17,18466736,18504945,0,,,,,,,,,
TBC1D28,ENSG00000189375,chr17,18624246,18654427,0,,,,,,,,,
FOXO3B,ENSG00000240445,chr17,18657628,18692314,0,,,,,,,,,
FBXW10,ENSG00000171931,chr17,18734025,18789349,52,0.2876330488791514,0.5365737397652165,0.45044982014190754,0.3291641293349965,0.44308687650159184,0.25480746466911475,0.29149637629471425,0.5143005353083889,0.4776116236827894
TVP23B,ENSG00000171928,chr17,18771110,18816714,63,0.2524022134016802,0.6283046245438353,0.4851839940441874,0.4133162561289645,0.43406281236358374,0.3083125476488019,0.476838915842661,0.6813680957105267,0.5128417275166675
PRPSAP2,ENSG00000141127,chr17,18830084,18941287,481,0.2702325687474129,0.45776227884701454,0.40180789666043737,0.35624554980392886,0.38279590335461133,0.20661841156722505,0.28496658342063796,0.4054323622188353,0.32708419036542236
SLC5A10,ENSG00000154025,chr17,18940344,19032595,472,0.37703277162840304,0.44463179106708806,0.3782581817844736,0.43331750687494813,0.3912045916265325,0.2930774772700573,0.32990352004538515,0.29504646842559296,0.2582204256502651
FAM83G,ENSG00000188522,chr17,18958788,19014764,339,0.3864567866525374,0.3628160642290173,0.3546644750228603,0.48568049201896146,0.37054060545684897,0.25060829407442614,0.32635678791459416,0.20008861784406398,0.12434012400389599
GRAP,ENSG00000154016,chr17,19010655,19057011,41,0.2724504734472237,0.4355556656183188,0.3930849849231551,0.5479958957159953,0.49296037657405,0.19531010471075363,0.3434057019624521,0.37660340602817877,0.2285078087764803
GRAPL,ENSG00000189152,chr17,19117534,19169187,0,,,,,,,,,
EPN2,ENSG00000072134,chr17,19205614,19346715,387,0.5745779111535383,0.7449049452094697,0.6779348761265019,0.7088159655141094,0.7418851233207129,0.5438954931219288,0.6227841477387203,0.8222235462765456,0.7433348916597541
B9D1,ENSG00000108641,chr17,19324307,19388193,239,0.7075213949255621,0.7560855922981212,0.6535216025649647,0.782664060795679,0.7320788055481933,0.7901834280030474,0.8100932633312466,0.6207544753334822,0.600844640005283
MAPK7,ENSG00000166484,chr17,19367720,19393544,89,0.48671071164940083,0.5830851657992417,0.6722914605391851,0.690515546813988,0.6832949205924168,0.21307916278482497,0.44896822285203886,0.6617941497877782,0.4259050897205645
MFAP4,ENSG00000166482,chr17,19373441,19397190,80,0.4579190052188821,0.6072727272727271,0.695455316042973,0.557068172068172,0.6261956491069667,0.17902113256446572,0.382478267104052,0.7556187379778854,0.5521616034382991
RNF112,ENSG00000128482,chr17,19401124,19427276,115,0.26878742352218155,0.24502702916320881,0.21009043799006524,0.36452199578403505,0.3150713192600492,0.17914378562968616,0.17800528473496777,0.10192954496043985,0.10306804585515825
SLC47A1,ENSG00000142494,chr17,19485384,19589034,464,0.3474625490694845,0.4356766817859727,0.4350076848899344,0.3272180901257152,0.40609582141570405,0.21403576417832199,0.22371235142413698,0.35809216831133883,0.3484155810655238
ALDH3A2,ENSG00000072210,chr17,19638135,19695760,299,0.3956793072141065,0.565721241234006,0.5180911607686408,0.3269567191102237,0.48788110562922776,0.3038593051749904,0.280407912725728,0.5302093445898061,0.5536607370390685
SLC47A2,ENSG00000180638,chr17,19668287,19728979,357,0.4062130437429905,0.542299744654466,0.47115240834987016,0.3394832131314216,0.49193544469122746,0.3328602308657282,0.2595633756419441,0.4486805425685389,0.521977397792323
ALDH3A1,ENSG00000108602,chr17,19727983,19758943,190,0.3649214119169782,0.4294311203546603,0.3631339487991421,0.36904754023502745,0.3162802921605147,0.2819659910841849,0.3207194562848225,0.2791553903091216,0.24040192510848402
ULK2,ENSG00000083290,chr17,19760828,19877936,534,0.6502238920266636,0.8428019734060794,0.767377412195111,0.7446240254341872,0.7975557888322908,0.7211865198508545,0.808988215688742,1.1290624326887597,1.0412607368508724
AKAP10,ENSG00000108599,chr17,19894301,19988343,352,0.2844746740412956,0.3944229101704941,0.2689033906538555,0.30512988252042106,0.3129691777291626,0.261551012556911,0.2451138087850267,0.2400223955500997,0.25645959932198403
SPECC1,ENSG00000128487,chr17,19998864,20329026,1521,0.4799013861450706,0.5912581828530371,0.5904836450056791,0.35629267850273744,0.5554946131821203,0.32781499099531697,0.2621947984061731,0.5668565851880671,0.632476777777211
LGALS9B,ENSG00000170298,chr17,20439394,20477539,0,,,,,,,,,
CDRT15L2,ENSG00000214819,chr17,20569723,20590911,0,,,,,,,,,
USP22,ENSG00000124422,chr17,20989595,21053760,221,0.40786257354527344,0.5685071563492795,0.4980102621687799,0.4338372449689885,0.4143218710633445,0.3376726415524551,0.43719656706837157,0.5028317118624531,0.40330778634653675
DHRS7B,ENSG00000109016,chr17,21113363,21203265,217,0.41996311666147507,0.5728367106188552,0.46294598504397966,0.47299738280951226,0.48408594257699783,0.38679795530214406,0.41466180480909465,0.46379097282303927,0.4359271233160886
TMEM11,ENSG00000178307,chr17,21187953,21224176,247,0.5354257860044009,0.5911954767334264,0.5210806586000306,0.5609907009378935,0.5026863664031808,0.4624645259010009,0.5096092303839581,0.4320536495107478,0.38490894502779044
NATD1,ENSG00000274180,chr17,21228869,21263410,218,0.493647366200566,0.4849881017755812,0.4340756775291649,0.5075744544836504,0.47126884051940343,0.38739615365732316,0.36735105010364216,0.2761691215795701,0.29621422513325113
MAP2K3,ENSG00000034152,chr17,21274671,21325232,209,0.33308970718386055,0.31149533718164846,0.2315594810035729,0.34273569553221417,0.26404900058964786,0.25747040310703373,0.24315525026866522,0.11576278529889589,0.1300779381372644
KCNJ12,ENSG00000184185,chr17,21366356,21429870,283,0.3811142592692778,0.3848533849496484,0.2400110588291589,0.3777201642176138,0.2533042072393638,0.3456389272170357,0.3340813081958386,0.1402557139151235,0.1518133329363206
KCNJ18,ENSG00000260458,chr17,21682522,21714612,0,,,,,,,,,
MTRNR2L1,ENSG00000256618,chr17,22513414,22534663,0,,,,,,,,,
WSB1,ENSG00000109046,chr17,27284075,27325926,165,0.3638538317951887,0.20275542256666976,0.15772812607527767,0.33897768940828354,0.20511431629702387,0.253634133159608,0.20550224643311632,0.0,0.021091528270783422
KSR1,ENSG00000141068,chr17,27446469,27636438,983,0.3695777470030818,0.4816413186991114,0.40175561884254246,0.3966705965835492,0.4048526323975426,0.302348669144504,0.3217167855133915,0.3547391722568164,0.33537105588792887
AC015688.3,ENSG00000266728,chr17,27613363,27650777,141,0.24976809790827303,0.603053480480427,0.4710110784428735,0.20308412267619066,0.5087353249153934,0.2872694233919587,0.2200938152625323,0.6366842955150015,0.703859903644428
LGALS9,ENSG00000168961,chr17,27619797,27659560,102,0.25081804067685054,0.46177319720131427,0.4870433575016387,0.2365439019137438,0.4558237215754371,0.12034233740360095,0.14044642728284795,0.499132903710652,0.47902881383140505
NOS2,ENSG00000007171,chr17,27746765,27810529,369,0.45867027725325293,0.5062833044149878,0.43544128960827,0.4006862621464046,0.39341082217658563,0.3739046186058012,0.3589299705179778,0.33188879841571345,0.34686344650353684
RP1-66C13.4,ENSG00000266202,chr17,27788805,27903365,489,0.39531305726575755,0.44862709191525557,0.40322220119802216,0.3785692156567031,0.39459022039471564,0.2910889441394791,0.2846124644709592,0.30425497042204086,0.3107314500905608
LYRM9,ENSG00000232859,chr17,27868313,27904752,128,0.5063973368826848,0.6394163244338451,0.6887593269407871,0.5149444161403628,0.6413463494000408,0.27943342641048485,0.35906245520814994,0.7405978130263994,0.6609687842287342
NLK,ENSG00000087095,chr17,28031736,28206381,712,0.42217111846564764,0.254358065620142,0.35759319386958016,0.4202760689325983,0.30831889371296145,0.19972688001159256,0.23504139288054096,0.09378289471845525,0.05846838184950687
TMEM97,ENSG00000109084,chr17,28309199,28338685,106,0.3233596149308231,0.3423219996540063,0.3168418229659148,0.36550700567038596,0.4160212305755582,0.2143131550553746,0.16803910560185925,0.20472667355400462,0.2510007230075199
IFT20,ENSG00000109083,chr17,28318324,28345489,107,0.3405242912111952,0.3632571004229581,0.36006387854201694,0.4090119805048641,0.38641265647736306,0.2106562693312277,0.24445809692533266,0.24073304689074926,0.20693121929664426
TNFAIP1,ENSG00000109079,chr17,28325601,28357009,148,0.4718909372783316,0.43186019900229394,0.4041780856736637,0.4364986225201355,0.45983214732877176,0.3430133812084677,0.26154895679128504,0.22237438082008415,0.3038388052372668
POLDIP2,ENSG00000004142,chr17,28336632,28367527,202,0.48606747538882766,0.44806484492549636,0.42335489245774777,0.4407468838456573,0.42764342609675526,0.35472987144714335,0.3087423590131879,0.23959484084947202,0.2855823532834274
TMEM199,ENSG00000244045,chr17,28347641,28373683,0,,,,,,,,,
SEBOX,ENSG00000274529,chr17,28354267,28375244,0,,,,,,,,,
CTB-96E2.2,ENSG00000273171,chr17,28354287,28378012,0,,,,,,,,,
SARM1,ENSG00000004139,chr17,28354355,28414049,0,,,,,,,,,
VTN,ENSG00000109072,chr17,28357283,28383091,0,,,,,,,,,
SLC46A1,ENSG00000076351,chr17,28384641,28417197,137,0.3050517478455737,0.2492727096685768,0.2505486017413404,0.36381244243062427,0.3399282334741147,0.18110845315599852,0.16178398322534718,0.10560436872901197,0.12492883865966323
RP11-192H23.4,ENSG00000258472,chr17,28445751,28624185,843,0.27406793165046,0.23668228397104937,0.27688106773930365,0.28440417501609694,0.2828417989798118,0.13309909844893508,0.13613093628916825,0.1369818322130414,0.13394999437280827
SLC13A2,ENSG00000007216,chr17,28463292,28507781,280,0.20750745623734299,0.20406338620823897,0.1242550668764352,0.2527277994947421,0.14541369205529853,0.1640637531608466,0.1812118591890156,0.0641719740624901,0.0470238680343211
FOXN1,ENSG00000109101,chr17,28496242,28548900,302,0.40064425980156376,0.3747374778714985,0.3431416765217824,0.41315741102252185,0.3197841296988822,0.2805983618475688,0.30861863207949924,0.1889853201827409,0.1609650499508104
UNC119,ENSG00000109103,chr17,28536707,28562631,118,0.16936998091181213,0.19798163395154936,0.15447248341069392,0.22358394785343436,0.06871282141575605,0.11920000581876135,0.20125146854854606,0.10142376524928043,0.019372302519495732
PIGS,ENSG00000087111,chr17,28543382,28581794,134,0.120442479970941,0.10147890914603058,0.08378513208440826,0.11970051095259779,0.1214128415112518,0.07391852294407694,0.052529018574392766,0.03308657668541336,0.05447608105509755
ALDOC,ENSG00000109107,chr17,28563114,28586948,64,0.09529250664847914,0.09233493366372414,0.10405760317003342,0.03320277375600092,0.11545785206891439,0.04357214003512482,0.0039806112264055005,0.05330769806857671,0.09289922687729604
SPAG5,ENSG00000076382,chr17,28567564,28609025,109,0.276137735321601,0.23247473186267617,0.09865140058211397,0.29373396949014746,0.06243356643356643,0.24193741542652672,0.2739397574714654,0.022646461981703225,0.0
RSKR,ENSG00000167524,chr17,28591826,28624197,78,0.046249399653005195,0.09468212000482917,0.07679821809816993,0.04833556555456904,0.03971533516988062,0.03345738108621018,0.05424321344292044,0.06601176725590513,0.04522593489919485
KIAA0100,ENSG00000007202,chr17,28604445,28655454,159,0.2399492241184888,0.10366706293355925,0.09509960110284872,0.2644047262858973,0.09693205345379258,0.14194149661806277,0.15728054088823157,0.0,0.0
SDF2,ENSG00000132581,chr17,28638345,28672189,130,0.3711835717511603,0.37296584162233015,0.3064848092969471,0.4151364740128785,0.38433349945765305,0.28234401877781473,0.25904057567989336,0.1844102419840886,0.20771368508200994
SUPT6H,ENSG00000109111,chr17,28652197,28712679,201,0.42868668011665406,0.5121322039626409,0.46022659567439883,0.5029876606257512,0.45227191870841416,0.33046123448204334,0.40743746393218205,0.38724958510913443,0.3102733556589958
PROCA1,ENSG00000167525,chr17,28693196,28721888,94,0.26625225036749123,0.3166372305893264,0.2010405204510626,0.36499178781634345,0.4157529640833684,0.23293717279300058,0.14870769398507788,0.14779224646623593,0.23202172527415865
RAB34,ENSG00000109113,chr17,28704280,28728429,88,0.342323502352192,0.3855873735203344,0.26814708379440466,0.4306174270819904,0.40820202648276643,0.29697747027936167,0.26285064690446264,0.1901110761695659,0.22423789954446488
RPL23A,ENSG00000198242,chr17,28709984,28734359,84,0.22855737821623856,0.260164779936395,0.27526990949161173,0.32476456613319515,0.25464424925005835,0.11943239649947035,0.20006399719300544,0.1818953966700644,0.10126379597652926
TLCD1,ENSG00000160606,chr17,28714347,28737935,73,0.23598708804839877,0.2922516160900286,0.17329451632241752,0.359194371571667,0.33293079128026826,0.21226522718912505,0.1929171304941587,0.13340141122293694,0.15274950791790326
NEK8,ENSG00000160602,chr17,28715896,28753455,111,0.2938050337142539,0.3992854795240913,0.33284250616809646,0.3687530328604442,0.4201647362230395,0.22638512498733632,0.2123411620029213,0.2832503398390134,0.29729430282342845
TRAF4,ENSG00000076604,chr17,28734004,28760956,80,0.3414746857245226,0.4444815509289194,0.3407240771979579,0.3990868050327828,0.43110223608055875,0.29449632107271007,0.26655185512365676,0.29335713773212696,0.32130160368118027
FAM222B,ENSG00000173065,chr17,28745979,28865232,401,0.3645689066879058,0.3865284772242397,0.29466813810872444,0.4509046313356256,0.342346984049419,0.29649309801779855,0.3345133772848954,0.19212833553412695,0.1541080562670301
ERAL1,ENSG00000132591,chr17,28845009,28871061,95,0.5339388286900184,0.43970032473028914,0.3411897260257304,0.6361180611683125,0.5556279424640674,0.4627011013620017,0.38955810588800444,0.11658240261409941,0.18972539808809663
FLOT2,ENSG00000132589,chr17,28869334,28907733,124,0.4209642897101557,0.4418598685265352,0.4106898344474849,0.415480106960538,0.4729797744709387,0.3003668534468687,0.23979666412820405,0.28277836300936143,0.34334855232802614
DHRS13,ENSG00000167536,chr17,28887780,28913079,79,0.4146969849268878,0.4485241087779024,0.28719357278569657,0.4049144886531008,0.25015573486821735,0.39611868076046924,0.4131587914361576,0.19903847540276964,0.1819983647270813
PHF12,ENSG00000109118,chr17,28895249,28961771,238,0.2837987946959738,0.26843459480968757,0.24145836930403683,0.227792285913851,0.1974773689502062,0.18500259622722162,0.17553756592595593,0.1275660538648412,0.13703108416610696
PIPOX,ENSG00000179761,chr17,28940512,29067216,627,0.27753382240925684,0.3483980976372871,0.2718826463714458,0.2754309428315505,0.2699791213533541,0.2180565560550573,0.21790877156568558,0.2102649266781095,0.21041271116748117
SEZ6,ENSG00000063015,chr17,28944900,29016440,321,0.2691685942598311,0.2964018739599851,0.21622209999944716,0.28498105795756473,0.20654610993256411,0.2107454104319333,0.22781716176130332,0.14080251907861507,0.12373076774924502
MYO18A,ENSG00000196535,chr17,29061121,29190398,661,0.40304789966818155,0.42748039179270586,0.34814554391457714,0.3292338485576948,0.2953963860555643,0.32284636395893324,0.30346156013583364,0.23486193003758682,0.25424673386068636
TIAF1,ENSG00000221995,chr17,29063520,29088857,131,0.3343805833068507,0.4150332512829071,0.28051824082510884,0.33399020762897136,0.31625778663591203,0.30700669314535267,0.2812384325059246,0.22919358002021173,0.2549618406596398
CRYBA1,ENSG00000108255,chr17,29236858,29264494,97,0.32379164933350735,0.2955226114238398,0.2359811753273967,0.34323700713700717,0.24722480096311872,0.2361951163744999,0.2433712373450164,0.11410392748850823,0.10692780651799166
NUFIP2,ENSG00000108256,chr17,29245838,29304148,231,0.32893455366769697,0.3396488320909099,0.285660847985271,0.4018670633113762,0.28282807643755065,0.23873734876138905,0.29824303757279436,0.17624616411117652,0.11674047529977116
TAOK1,ENSG00000160551,chr17,29380362,29561903,771,0.5128951961523885,0.6674646732577766,0.5418444882511582,0.4756318612875652,0.5143975045149891,0.5198692737856284,0.512102782476741,0.5811399049030161,0.5889063962119034
ABHD15,ENSG00000168792,chr17,29550546,29577037,96,0.5112225937469796,0.6679564766874412,0.5771360243457035,0.46865743109925556,0.5770995078792616,0.47881629860726316,0.4371095900498951,0.623672925735558,0.6653796342929259
TP53I13,ENSG00000167543,chr17,29556051,29583157,103,0.4610932812827746,0.6645464344981918,0.5676502257976109,0.46404469859453856,0.5904413984584858,0.4359820834204693,0.41165048474370486,0.6562896525980548,0.6806212512748192
GIT1,ENSG00000108262,chr17,29563474,29604054,172,0.4961803826883011,0.6435485646361518,0.4582214535445769,0.484894231797335,0.5633000653344448,0.5520981524080469,0.43321566537494344,0.47945912218773373,0.5983416092208371
ANKRD13B,ENSG00000198720,chr17,29579768,29624761,187,0.40133289891872054,0.5899985972748245,0.5409609381754412,0.3243949027792144,0.4829047276920154,0.3130121603159654,0.31210655251428804,0.5785825376927549,0.5794881454944323
CORO6,ENSG00000167549,chr17,29604755,29632912,98,0.39258480788418076,0.5684800424950676,0.5545152696088159,0.39789557971603906,0.582049707049707,0.2651959625807699,0.23768657062340254,0.5752455554875837,0.6027549474449511
SSH2,ENSG00000141298,chr17,29615937,29940276,942,0.4196182868166219,0.45642234052504305,0.37614849407186757,0.3845608493860179,0.3649178083398585,0.34090452522102566,0.32050052104507876,0.26867816968891295,0.28908217386485974
EFCAB5,ENSG00000176927,chr17,29919199,30118452,657,0.4280589157574618,0.5211867743375342,0.47114616640119555,0.401614933564332,0.4594666138790371,0.329060391671474,0.31738330838100903,0.40738429148857,0.41906137477903493
NSRP1,ENSG00000126653,chr17,30105520,30196475,348,0.47097498106973884,0.2266590899142442,0.274069308969862,0.35231651288398413,0.20133093454323409,0.2867270616879856,0.23328992417711192,0.0,0.023745381336090388
SLC6A4,ENSG00000108576,chr17,30184318,30246002,259,0.5324658822728929,0.44482638090995075,0.3895807948411433,0.4360692658656502,0.28524684335612344,0.42757400225798653,0.41274010122626115,0.1609003847086612,0.17573428574038652
BLMH,ENSG00000108578,chr17,30238202,30302056,262,0.24341893874989032,0.384089027954262,0.35117912792034534,0.22867735765017672,0.3610779618360162,0.1654999219323669,0.1481642670641702,0.3191529298609005,0.33648858472909715
TMIGD1,ENSG00000182271,chr17,30306332,30344059,169,0.2860655932453315,0.3900083404846688,0.3276629915713646,0.34613327774807195,0.28870430663140734,0.21713930972818904,0.289247339939526,0.27717068510575293,0.205062654894416
CPD,ENSG00000108582,chr17,30368926,30479989,449,0.4342741275501943,0.4457017990359182,0.3580251894729239,0.30285024695027263,0.3330920432544004,0.35824594927788567,0.2728521336291809,0.23180651888346743,0.3172003345321722
GOSR1,ENSG00000108587,chr17,30467361,30537592,297,0.4340837887916392,0.49904315675629046,0.45344806587762265,0.3903893137440652,0.4010173816036686,0.3282093129224966,0.3368236843318583,0.3630260099152653,0.3544116385059037
CRLF3,ENSG00000176390,chr17,30759387,30834692,391,0.17582642738821153,0.20989784045038715,0.1774632198278161,0.12584509981784256,0.15338130609053538,0.11680253553509556,0.10179292185839182,0.1187904904609668,0.13380010413767057
ATAD5,ENSG00000176208,chr17,30821965,30905869,397,0.21437751843847225,0.2984806149825542,0.23847104403183914,0.23016576571841732,0.24547119850675012,0.1616792844929122,0.1672124925345662,0.19282746166144735,0.18729425361979338
TEFM,ENSG00000172171,chr17,30887335,30916238,144,0.2693069128366722,0.29582376891379325,0.28291634252431497,0.2407626290558457,0.2454903096061316,0.16596280930249618,0.17224013864964233,0.18476381660103358,0.17848648725388735
ADAP2,ENSG00000184060,chr17,30896343,30969322,316,0.19830159999824948,0.2565109493999275,0.15945813740152098,0.1812830469427873,0.18606034041483652,0.17185776056047775,0.1452745257736576,0.12454347946234175,0.1511267142491619
RNF135,ENSG00000181481,chr17,30960983,31009911,134,0.6074949567375932,0.5735004139310333,0.2863608325013398,0.6227327641639171,0.3548419139873711,0.7249859816570581,0.694342739616916,0.1271579009237887,0.15780114296393083
NF1,ENSG00000196712,chr17,31084926,31392116,1251,0.5073311915181522,0.4366939128874351,0.38577133205382586,0.5979737332692433,0.47135993691036215,0.3972311244661759,0.4238612453001544,0.17670100250899767,0.15007088167501936
OMG,ENSG00000126861,chr17,31262012,31307539,217,0.40796066090492655,0.40199872445442697,0.33847325121824234,0.5297546529322738,0.487563443775417,0.3125698637287562,0.3000423645460745,0.20159252828567104,0.21412002746835274
EVI2B,ENSG00000185862,chr17,31293769,31324105,171,0.4956934116420926,0.2673526450810031,0.30081765352663425,0.5052268868247303,0.34777530018299363,0.3189089868407583,0.29369031255207867,0.0,0.017400478645318462
CTD-2370N5.3,ENSG00000265118,chr17,31295212,31328831,187,0.45029702395615523,0.30761637629957367,0.25736340219656123,0.516125040936191,0.34658467709315166,0.3342219212647172,0.33400076654601163,0.03339318619647297,0.033614340915178564
EVI2A,ENSG00000126860,chr17,31306409,31331749,146,0.4505168249897912,0.19584076216400137,0.25203983030644106,0.4982299363637722,0.3197437818702285,0.26316477261932836,0.2611427583897611,0.0,0.0
RAB11FIP4,ENSG00000131242,chr17,31381674,31548211,1088,0.403370177425181,0.4023042647138404,0.3726031123735424,0.44900533583826785,0.40252461015415125,0.28247796749790544,0.29783071380563697,0.23219549088751018,0.21684274457977876
COPRS,ENSG00000172301,chr17,31841870,31869291,102,0.6636548962504549,0.6810240326756865,0.680365958526372,0.6621938336071217,0.5624192340082016,0.5458392550937321,0.7007142772715461,0.5968002614829124,0.4419252393050984
UTP6,ENSG00000108651,chr17,31850903,31911708,259,0.5908082244727376,0.5990365931435717,0.6204389589694759,0.6007716927357168,0.5597240982558941,0.4193583027123775,0.5058766192375302,0.4945268078492798,0.40800849132412703
SUZ12,ENSG00000178691,chr17,31927006,32011038,169,0.2482112169843488,0.6806533199963274,0.6011543255018523,0.24008955073916313,0.5591231031087404,0.25379857282532936,0.298521544911744,0.887679422308862,0.8429564502224474
LRRC37B,ENSG00000185158,chr17,31997871,32063504,72,0.45194121862630027,0.7956381528697363,0.48175517577639926,0.36167770462499393,0.6220049837071113,0.7659641568572297,0.5319503930583375,0.8218989390935292,1.0559127028924218
RHOT1,ENSG00000126858,chr17,32132453,32263374,729,0.2442723230907569,0.5077964227769929,0.5112055152948874,0.21225645212520866,0.48528433438129254,0.13656195106349445,0.1416524629004728,0.572300922164028,0.5672104103270496
RHBDL3,ENSG00000141314,chr17,32255831,32334659,461,0.39809196806475433,0.4501045378280045,0.2995789195678781,0.3742348391532744,0.21487512622921284,0.3748020612479026,0.4124473546492753,0.22322502635126734,0.1855797329498946
C17orf75,ENSG00000108666,chr17,32314564,32360023,179,0.37117314382659844,0.29120064334539614,0.22233995209838842,0.4678653574514189,0.3222770652677195,0.27830815460204805,0.29301239805541085,0.06587463274396965,0.051170389290606966
ZNF207,ENSG00000010244,chr17,32340131,32391885,198,0.4036276321232862,0.39881647648791074,0.245351103095065,0.44311122637651756,0.3653191651568972,0.3721211905322317,0.3198058730113743,0.1367338369478195,0.18904915446867687
PSMD11,ENSG00000108671,chr17,32434378,32493319,227,0.3704150996301768,0.3995521446717713,0.20154145898510212,0.46441925151077146,0.340464961600692,0.37385090397911985,0.35913145339265296,0.1362285726768254,0.15094802326329226
CDK5R1,ENSG00000176749,chr17,32476992,32501253,117,0.3653045091193674,0.292862527276334,0.1533416323370251,0.4971547773127075,0.27990062111801245,0.3173410571010059,0.35281850058578723,0.029189129732866914,0.0
MYO1D,ENSG00000176658,chr17,32482521,32887177,2212,0.39049837588750574,0.35131434172664566,0.3359399087327368,0.3635497514427426,0.29806017450616823,0.25926902905794796,0.26537422912392183,0.1735379983612367,0.1674327982952629
TMEM98,ENSG00000006042,chr17,32917909,32955106,234,0.23596782314575293,0.29794454170792817,0.2850488705376569,0.2693858975346393,0.3016296400346768,0.14367358151765422,0.1543035123088912,0.2100692961429835,0.19943936535174658
SPACA3,ENSG00000141316,chr17,32960375,33007877,379,0.4496577524329461,0.5801626753877777,0.48921520256014966,0.4467889511404214,0.49838895889430573,0.39664798677177054,0.38498669685653414,0.47123997831348036,0.4829012682287167
ASIC2,ENSG00000108684,chr17,33003086,34184964,8390,0.3731901580153815,0.4491056537455278,0.40312910173813443,0.3854158289808218,0.3992500245443032,0.2736349320884471,0.2867225883134997,0.32257730521142414,0.30948964898637144
CCL2,ENSG00000108691,chr17,34245217,34267203,129,0.40420126798991435,0.4414560598830261,0.3970415846976943,0.3418364409438979,0.35315168749934817,0.2971836538038025,0.28254016873492044,0.2852383345319886,0.2998818196008708
CCL7,ENSG00000108688,chr17,34260220,34282242,141,0.3108541517673378,0.3263659947895241,0.376641856971862,0.3122876737119279,0.3330383026820277,0.14736831346236443,0.18221516669635718,0.24770002107121955,0.21285316783722674
CCL11,ENSG00000172156,chr17,34275741,34298334,98,0.3773837221664881,0.4905473344655578,0.4553147908126591,0.3274460902681171,0.44291068728624966,0.27034798088347195,0.24303081801005266,0.40407035351138876,0.431387516384808
CCL8,ENSG00000108700,chr17,34309434,34331402,149,0.4248757667550146,0.7186709696841836,0.6414234047517773,0.27601553862741146,0.6315157186146315,0.39789329250256467,0.2964292466716745,0.870337075754657,0.9718011215855471
CCL13,ENSG00000181374,chr17,34346479,34368610,181,0.571851908940929,0.7606330372935111,0.643759893446424,0.6256663861700088,0.5957996831901522,0.6229466565044326,0.7532603345712588,0.8068108392673679,0.6764971612005415
CCL1,ENSG00000108702,chr17,34350327,34373233,175,0.5869904285047106,0.7615848704055042,0.6533807888639035,0.6967418470760495,0.6883972340430378,0.6292489588289618,0.73044332035229,0.8044929239115153,0.703298562388187
TMEM132E,ENSG00000181291,chr17,34569486,34649318,561,0.44528348723525146,0.4564139513731949,0.38459496545637417,0.5113761384496154,0.3943032859847076,0.35669535507848604,0.41217682823794977,0.2528719067337767,0.19739043357431296
CCT6B,ENSG00000132141,chr17,34917858,34991078,247,0.4141763324782466,0.3902041508838384,0.3954956907382282,0.4586502508150321,0.4368769131246003,0.26301050722459174,0.26703186299449444,0.23162054418595235,0.2275991884160496
ZNF830,ENSG00000198783,chr17,34951539,34973777,91,0.46886111096898087,0.523499718551234,0.5369918415380464,0.5871059483262392,0.5271829867117378,0.3020040458621341,0.43840219410658243,0.4392829193674401,0.3028847711229918
LIG3,ENSG00000005156,chr17,34970511,35019743,205,0.3047116814254728,0.3062487627139501,0.21837559756683605,0.35253072436851374,0.24790982762076003,0.24134477270342047,0.25771335780099347,0.12429705774427538,0.10792847264670244
RFFL,ENSG00000092871,chr17,34995989,35099319,374,0.29582588872781385,0.32584072797262537,0.2211677474002385,0.34243554206627613,0.2692610993748383,0.24752946522610206,0.24990115403572546,0.14675942211426182,0.14438773330463844
RP5-837J1.3,ENSG00000267618,chr17,35001348,35131493,473,0.36250734612368163,0.42048403792589845,0.36728579006026996,0.3361506769657836,0.32484749324469914,0.2690190767454035,0.28122273636066697,0.2765429952735426,0.26433933565827916
RAD51D,ENSG00000185379,chr17,35082220,35131522,120,0.5081942720894571,0.5743879393939393,0.4192973672869306,0.3617821109847837,0.47044058996415294,0.5101910164895898,0.33379630929846893,0.34403598697644283,0.5204306941675637
FNDC8,ENSG00000073598,chr17,35111614,35140732,120,0.5668963423434509,0.6289990752091532,0.5914174131947596,0.49943602641035967,0.4963963803642771,0.4666338474749903,0.49880240169938267,0.5249168762051182,0.4927483219807257
NLE1,ENSG00000073536,chr17,35118729,35152304,156,0.5254451200576403,0.5918879699351245,0.5882974657643123,0.48660286740394476,0.4486488576551844,0.3770686866224046,0.4837678817946837,0.5191448721543765,0.41244567698209744
UNC45B,ENSG00000141161,chr17,35137816,35199345,360,0.4156055084662238,0.42097330146432593,0.3941048685389879,0.38714497292104744,0.34250753002686074,0.29126867886432967,0.3083557959718022,0.25513801214733595,0.23805089503986343
SLC35G3,ENSG00000164729,chr17,35182519,35204523,111,0.3041661380269946,0.27767730212174657,0.2754368976766921,0.31463104764032845,0.23811418494511385,0.18287060895810325,0.21556133778840147,0.1424126810137137,0.10972195218341543
SLFN5,ENSG00000166750,chr17,35233070,35283655,200,0.3056679478271576,0.3115751418237504,0.2778841688141344,0.30334354122686685,0.29189882919171173,0.206292177413241,0.19482184081150486,0.16705692780756484,0.17852726440930097
SLFN11,ENSG00000172716,chr17,35340304,35383701,192,0.4240069366416233,0.48977281281451357,0.46246841564824437,0.49833207242761884,0.5128645452643421,0.30189554470079866,0.32175150549438075,0.3710036426834939,0.3511476818899116
SLFN12,ENSG00000172123,chr17,35400921,35443283,169,0.21227444473955617,0.16717573035916453,0.22050230645186897,0.23038785906026082,0.21028147145767437,0.08621630021260347,0.10436126699940619,0.09671631967337731,0.07857135288657463
SLFN13,ENSG00000154760,chr17,35425095,35458837,86,0.4041349518011541,0.288745351989855,0.3300621754317133,0.3479705898899502,0.33011731726695875,0.22894772763615978,0.18386884339482956,0.11177703093888813,0.1568559151802183
SLFN12L,ENSG00000205045,chr17,35454248,35497857,241,0.3607707699912513,0.42888864386471726,0.39685530859483203,0.3530164090274074,0.40893631109648915,0.2510325334521509,0.23488695630648,0.309138535386436,0.325284112532107
SLFN14,ENSG00000236320,chr17,35533984,35570819,213,0.30276298541538216,0.41259143172115587,0.3361370702062236,0.31277301788257833,0.36865483370462016,0.24149248404693494,0.22361138375115247,0.2905421894897956,0.30842328978557804
PEX12,ENSG00000108733,chr17,35564794,35588863,125,0.24614660500932975,0.40102808882574453,0.4037484507379693,0.24220820364168605,0.41639110836625026,0.13900265131094125,0.12568147713780564,0.37353792351959925,0.3868590976927348
AP2B1,ENSG00000006125,chr17,35568045,35736413,852,0.47920211580027283,0.4937365325679089,0.4553544012112756,0.5349668003614582,0.4939619395301449,0.36273566798996426,0.3826005716239855,0.31796239059026493,0.29809748695624366
TAF15,ENSG00000270647,chr17,35703790,35874615,729,0.27277841870142755,0.33942394653390195,0.2844743265178014,0.24930589389559776,0.29093147089303095,0.19921463845392204,0.17879847043616257,0.21542837790143707,0.23584454591919654
RASL10B,ENSG00000270885,chr17,35721638,35753521,151,0.27870661406884945,0.3977428951436069,0.26947972044392593,0.2912070527257442,0.32975060892957325,0.25989093127820556,0.22557862998294453,0.2471799090906696,0.28149221038593064
GAS2L2,ENSG00000270765,chr17,35734510,35763239,149,0.20004705130438488,0.2342196220627593,0.18159584872774567,0.17678046264245822,0.22170304535354857,0.14483161923424143,0.10537254334588944,0.12202824399296372,0.16148731988131576
MMP28,ENSG00000271447,chr17,35746248,35805707,242,0.2961883194652543,0.24190478172280744,0.20625088935328634,0.24311761407649946,0.13769271144638723,0.19860144603847416,0.20367505056162186,0.07834483741060652,0.07327123288745885
C17orf50,ENSG00000270806,chr17,35750886,35775079,104,0.3328646030617262,0.37649459699841026,0.1721981419010038,0.347425847994727,0.2861635957303827,0.34408932650460544,0.2810634415265755,0.128308521795003,0.191334406773033
HEATR9,ENSG00000270379,chr17,35844945,35878891,124,0.16458294221434683,0.17707523181340215,0.08703517983206499,0.16940727053792012,0.08412027073814841,0.14182838566537237,0.14631798624176495,0.05306210849892326,0.04857250792253062
CCL5,ENSG00000271503,chr17,35861490,35890793,95,0.269466190914296,0.2564144088030728,0.16091233241859812,0.29314266507099274,0.18788212429830928,0.21740553987287925,0.21754402048691895,0.0788658605382935,0.0787273799242538
RDM1,ENSG00000278023,chr17,35908065,35940773,242,0.2372853477005003,0.3099935275866394,0.31646589750212584,0.20607438743751594,0.30323556862856005,0.13072343494648675,0.1202559548868069,0.24033086617912186,0.2507983462388017
LYZL6,ENSG00000275722,chr17,35924517,35953713,219,0.42711834550538635,0.48345920314663465,0.4746836437015394,0.4628958374772162,0.49153156703645173,0.28696125611132434,0.302906047180172,0.3736397502990441,0.3576949592301965
CCL16,ENSG00000275152,chr17,35966492,35991497,158,0.21061543906259406,0.23686909702413575,0.21843173386588235,0.20642231315108034,0.18157203642769787,0.13018729627948328,0.15057982115786817,0.1401384026002938,0.11974587772190899
CCL14,ENSG00000276409,chr17,35973287,35997004,153,0.27456495232430633,0.33685646685304127,0.2723146781875969,0.2814751997238289,0.27559434568430075,0.20693049282717405,0.2094575658213004,0.2038333289820337,0.20130625598790744
CCL15-CCL14,ENSG00000275688,chr17,35973655,36011621,286,0.31642001543886855,0.3432286802983953,0.239971087963919,0.34328669390690303,0.2324376377758145,0.2632160959345384,0.288195781667998,0.1572032925777735,0.13222360684431392
CCL15,ENSG00000275718,chr17,35986439,36011553,210,0.3815821079426007,0.39444599275391184,0.21456118048763972,0.43952484720065177,0.22959685941712762,0.37034483158683784,0.40987027571673207,0.13126669391881995,0.09174124978892567
CCL23,ENSG00000274736,chr17,36003055,36027972,185,0.2919257161992086,0.326850540037838,0.3060148697898812,0.29096325002486223,0.3468113387163416,0.1878447095332887,0.1568732686574318,0.20794318427875513,0.23891462515461198
CCL18,ENSG00000275385,chr17,36054271,36082032,104,0.28856843741963506,0.43563822324426876,0.4527448742764916,0.31323677177697123,0.4939934923365638,0.1548478311394056,0.1333098641602668,0.41721195383614307,0.43874992081528186
CCL3,ENSG00000277632,chr17,36078255,36100169,0,,,,,,,,,
CCL4,ENSG00000275302,chr17,36093826,36115621,0,,,,,,,,,
TBC1D3B,ENSG00000274808,chr17,36155682,36186636,0,,,,,,,,,
CCL3L1,ENSG00000276085,chr17,36184868,36206758,0,,,,,,,,,
CCL4L2,ENSG00000276070,chr17,36200923,36222878,0,,,,,,,,,
TBC1D3I,ENSG00000274933,chr17,36243455,36274553,0,,,,,,,,,
TBC1D3G,ENSG00000260287,chr17,36313883,36344759,0,,,,,,,,,
TBC1D3H,ENSG00000274226,chr17,36367530,36398423,0,,,,,,,,,
TBC1D3F,ENSG00000275954,chr17,36418617,36449566,0,,,,,,,,,
ZNHIT3,ENSG00000273611,chr17,36476628,36509310,66,0.2576500712162057,0.3670158842171849,0.3195829013218576,0.292105736007655,0.29722502203201095,0.18509760355431923,0.22502598256912285,0.27221234714854514,0.23228396813374155
MYO19,ENSG00000278259,chr17,36485635,36553435,260,0.32918618596977,0.43462481830893285,0.4268846527111179,0.37177876246671565,0.4429223856712007,0.20643055367086638,0.22503895502213667,0.3638351761494997,0.3452267747982293
PIGW,ENSG00000277161,chr17,36524986,36549310,110,0.4501353079104235,0.4085271716413864,0.4571945596296791,0.43579629034620504,0.4491539930387381,0.25610912529130336,0.25058972536841834,0.2690304081684112,0.2745498080912962
GGNBP2,ENSG00000278311,chr17,36534911,36599848,150,0.4590551368707937,0.5039819971500362,0.41820082722094404,0.46825546641497556,0.4268392618560013,0.38697551200316055,0.38807304028213413,0.31416754484425996,0.3130700165652864
DHRS11,ENSG00000278535,chr17,36581878,36610804,0,,,,,,,,,
MRM1,ENSG00000278619,chr17,36591582,36618964,0,,,,,,,,,
LHX1,ENSG00000273706,chr17,36926784,36954612,165,0.5090717503287162,0.5638597312830302,0.480122452743398,0.6435461507938003,0.5429278051999883,0.4435433409154488,0.5392139739048889,0.3862480292167923,0.29057739622735224
AATF,ENSG00000275700,chr17,36938924,37066871,674,0.35322506107803286,0.45634197303701735,0.506337615617409,0.3712548516498553,0.49811020936286327,0.16964416356099915,0.19204470334222679,0.439790693140215,0.4173901533589873
ACACA,ENSG00000278540,chr17,37074991,37416836,0,,,,,,,,,
C17orf78,ENSG00000278505,chr17,37365984,37402708,189,0.38685382762753395,0.5173913343986883,0.5054971281601844,0.2978633244578787,0.4523652157492211,0.25674938343082016,0.24001485148582602,0.4717997864475954,0.48853431839258954
TADA2A,ENSG00000276234,chr17,37396885,37489725,0,,,,,,,,,
DUSP14,ENSG00000276023,chr17,37479890,37523501,0,,,,,,,,,
SYNRG,ENSG00000275066,chr17,37504806,37619472,0,,,,,,,,,
DDX52,ENSG00000278053,chr17,37599738,37653446,236,0.4597796543126792,0.5569141058297211,0.493200014947707,0.37587946509351644,0.41553717417644676,0.3750654753767143,0.37417064999976596,0.4389261603226856,0.43982098569963396
HNF1B,ENSG00000275410,chr17,37676430,37755059,0,,,,,,,,,
TBC1D3K,ENSG00000273513,chr17,37914414,37945365,0,,,,,,,,,
TBC1D3L,ENSG00000274512,chr17,37968154,37999060,0,,,,,,,,,
TBC1D3D,ENSG00000274419,chr17,37993975,38024902,0,,,,,,,,,
TBC1D3C,ENSG00000278299,chr17,38047692,38078634,0,,,,,,,,,
TBC1D3E,ENSG00000278599,chr17,38117950,38148868,0,,,,,,,,,
TBC1D3,ENSG00000274611,chr17,38171658,38202555,0,,,,,,,,,
MRPL45,ENSG00000278845,chr17,38287022,38333217,116,0.6092728359266649,0.80525061328171,0.9129773590237584,0.6634925288191663,0.8807097703620884,0.0671002714445561,0.29949041009152855,1.5689414718633634,1.3365513332163907
GPR179,ENSG00000277399,chr17,38314570,38353956,194,0.627511434650345,0.8087569538189039,0.8577937436513411,0.6288296572602122,0.8765407839122907,0.34564116985035453,0.27672996605559264,1.3085689969235783,1.37748020071834
SOCS7,ENSG00000274211,chr17,38341843,38415593,0,,,,,,,,,
ARHGAP23,ENSG00000275832,chr17,38409279,38522385,522,0.405968198788572,0.40840341480677395,0.37998732230776394,0.3709478344762322,0.3682566356884798,0.28386869535759024,0.2645996877732089,0.24106162495935124,0.26033063254373257
SRCIN1,ENSG00000277363,chr17,38520030,38615952,0,,,,,,,,,
EPOP,ENSG00000273604,chr17,38661702,38684957,0,,,,,,,,,
MLLT6,ENSG00000275023,chr17,38695272,38739795,124,0.23643651174180907,0.36367510423848454,0.34986789138198965,0.2794077113317668,0.2589966700946978,0.14561265725755496,0.23998881288956142,0.30643334642769543,0.21205719079568894
CISD3,ENSG00000277972,chr17,38720340,38745605,86,0.3263144047615552,0.4926378215911895,0.3868539805710445,0.3914966873557182,0.36159487656233863,0.292184880299714,0.36325044488006064,0.38634529428600406,0.3152797297056573
PCGF2,ENSG00000277258,chr17,38723897,38759817,72,0.3414905092810411,0.575122671187241,0.355237431016341,0.39667230869947184,0.41818705337277173,0.41742899751021467,0.40982165211067384,0.43852579229912164,0.4461331376986626
PSMB3,ENSG00000277791,chr17,38742740,38774225,26,0.17049384893713249,0.2405537156253489,0.16365026393404739,0.15753151373620455,0.19161721509045956,0.14169101481086122,0.11693255898627433,0.13347466962057908,0.15823312544516596
PIP4K2B,ENSG00000276293,chr17,38755690,38810126,193,0.3401499093944472,0.4880183977675881,0.4934836930179437,0.3848275950132162,0.48538884060905774,0.20250521627348284,0.24548780553584376,0.4669613714545776,0.4239787821922167
CWC25,ENSG00000273559,chr17,38790440,38835355,217,0.3388336026466005,0.4522473481139396,0.4174190755204178,0.42380038266181075,0.4176354000454581,0.23769700854068393,0.30628700627705535,0.36423445056078174,0.2956444528244102
C17orf98,ENSG00000275489,chr17,38825085,38851438,129,0.4387333777860885,0.508306369361547,0.4613058276737202,0.47570625227524926,0.45181433944375377,0.3344257074825474,0.37723068504839125,0.3754737509210308,0.33266877335518696
RPL23,ENSG00000125691,chr17,38837859,38863764,96,0.3377312721997988,0.2616771159874609,0.4762737662466476,0.3828963816708695,0.3900611591383696,0.03433586208682465,0.14584789017905542,0.2690381757632886,0.15752614767105785
LASP1,ENSG00000002834,chr17,38859858,38931770,420,0.39759471808447067,0.48772002696700784,0.45386577135075334,0.3623316215609967,0.40555357800724556,0.2854091610231194,0.299348102565347,0.3834748200422971,0.36953587850006964
LINC00672,ENSG00000263874,chr17,38915167,38939384,114,0.46205626563199914,0.5046101471520846,0.4344880220049827,0.434683656877385,0.37802801740867437,0.37619387486357536,0.3989599093739987,0.32621637001850395,0.3034503355080807
FBXO47,ENSG00000204952,chr17,38926431,38977403,205,0.41008829046258066,0.5686964509279049,0.5880639999480941,0.33561121952313655,0.5060128001304474,0.24091913166853285,0.27229263067188586,0.6000240149153298,0.5686505159119768
PLXDC1,ENSG00000161381,chr17,39053312,39164394,751,0.2916913433369593,0.3515502828433477,0.2941039103025171,0.31323913610105036,0.2686724124134334,0.21487945294108834,0.2480230834208889,0.2182913624431356,0.18514773196333506
ARL5C,ENSG00000141748,chr17,39146893,39177484,263,0.3961788898253047,0.37705658179973245,0.30667863176018717,0.32445173574828745,0.38501260958328326,0.305757616750354,0.18968837275958877,0.16754196907725155,0.28361121306801684
CACNB1,ENSG00000067191,chr17,39163452,39207703,202,0.3516483263314672,0.28931620629035903,0.2393598759946004,0.24896795365029634,0.208881456328432,0.2506273872343482,0.196763591189905,0.09090029545390116,0.14476409149834435
RPL19,ENSG00000108298,chr17,39190282,39214840,39,0.37005905060319155,0.38928571729238487,0.2507257206909436,0.25106747497349563,0.23769012216217186,0.33330253910103363,0.2554151478640556,0.15982351248875953,0.23771090372573764
STAC2,ENSG00000141750,chr17,39200540,39235945,0,,,,,,,,,
FBXL20,ENSG00000108306,chr17,39242662,39412523,695,0.4186817224944688,0.5114762731025954,0.49169469014443035,0.3602083995595507,0.47770954641338376,0.2910755458872261,0.2567242981846351,0.4252916918654929,0.459642939568084
MED1,ENSG00000125686,chr17,39394284,39461272,269,0.5430623028499276,0.47390190121679177,0.5038789528646963,0.5221809240761711,0.5454448545046385,0.3622702380632836,0.29617733196793133,0.2799973459821814,0.3460902520775336
CDK12,ENSG00000167258,chr17,39451485,39574907,516,0.6077730169525081,0.42751651893116865,0.5323732911862669,0.5535758162346561,0.466868891971225,0.3668005171502472,0.36763459425333883,0.19097088084802294,0.19013680374493125
NEUROD2,ENSG00000171532,chr17,39593535,39619777,115,0.4091815067962369,0.3414985142471439,0.4458192693648263,0.36043574573377674,0.39128313933033904,0.17688525576264547,0.18417732218176688,0.240903245770127,0.2336111793510055
PPP1R1B,ENSG00000131771,chr17,39616739,39646626,138,0.36614053676677016,0.36526544673933903,0.36597207428376466,0.4149831042767521,0.42097356884420367,0.2274070655726324,0.22212789582533066,0.2271413282753533,0.23242049802265508
STARD3,ENSG00000131748,chr17,39627089,39674201,250,0.4123052124965252,0.42307591918378795,0.42843440385698206,0.4308667878624,0.4440974966125472,0.26110805406321935,0.2632614995669007,0.28893654277613234,0.28678309727245094
TCAP,ENSG00000173991,chr17,39655348,39676554,129,0.4601704183156277,0.5507273311709183,0.48699735532062144,0.49819968415267907,0.5249344453778297,0.3745763977593879,0.3726879180996019,0.42554889755757913,0.4274373772173652
PNMT,ENSG00000141744,chr17,39657980,39680475,150,0.4416483763007787,0.5885128874639872,0.4237553724521123,0.4865756374780574,0.3996030760582137,0.4597604674183731,0.5222329167033796,0.4282171101970596,0.36574466091205315
PGAP3,ENSG00000161395,chr17,39661121,39706797,232,0.392549672005371,0.5418273320655399,0.3569538223906831,0.48239117301738427,0.4182486717636386,0.4187276459875948,0.44866622516447785,0.36178151570488115,0.3318429365279982
ERBB2,ENSG00000141736,chr17,39677913,39740426,237,0.39766085193422473,0.44259798080596785,0.40604696215890246,0.4797406840557057,0.42572659369087745,0.2852240706128943,0.34162338508224316,0.2992444708054733,0.2428451563361244
MIEN1,ENSG00000141741,chr17,39718495,39740532,79,0.4501927321817552,0.44487699499532524,0.4647198095709176,0.49251015957234207,0.41595336481700107,0.2808940473589633,0.36453485085235016,0.30767151179412744,0.22403070830074062
GRB7,ENSG00000141738,chr17,39727926,39757291,147,0.4503992199108872,0.4587477857870468,0.4899568746244458,0.5076735310455623,0.42363942001878235,0.26958651508462844,0.38573066463685124,0.3442833936645519,0.22813924411232905
IKZF3,ENSG00000161405,chr17,39747717,39874312,600,0.34502435887476246,0.34003413890044504,0.40604980856772804,0.3271009823048458,0.38943816469410447,0.15888229406172516,0.15917573763753046,0.25668487684449093,0.25639143326868563
ZPBP2,ENSG00000186075,chr17,39858201,39887896,161,0.1600061652357436,0.26357191218442916,0.2866943582332157,0.24217303595408052,0.28980723395836416,0.07122956734209784,0.12051252148993832,0.23471412094499358,0.18543116679715307
GSDMB,ENSG00000073605,chr17,39894594,39929854,197,0.42321435052375855,0.5303151064758125,0.3200178938761772,0.3801735320028361,0.3801921219276591,0.4601445128104591,0.3778316279196048,0.2955487356227495,0.37786162051360384
ORMDL3,ENSG00000172057,chr17,39911040,39937601,153,0.48420035852834215,0.5488213551018885,0.424881480129558,0.49161195641919914,0.49515738498789347,0.45237482610198937,0.394446807724862,0.3435170833861663,0.4014451017632937
LRRC3C,ENSG00000204913,chr17,39917731,39954999,199,0.44856530762226954,0.4991481959836682,0.48058591041163584,0.3666859671759583,0.46889796508475784,0.31581151701778404,0.25771638970963284,0.3756335050036491,0.4337286323118003
GSDMA,ENSG00000167914,chr17,39943262,39987768,280,0.38212202556823993,0.4739763485312237,0.38115891429091525,0.39611068957154755,0.3683829187355188,0.3219833145878264,0.3436507543375368,0.32042578789794907,0.2987583481482387
PSMD3,ENSG00000108344,chr17,39970806,40007959,241,0.3841130255212957,0.45677559681070506,0.26040405369005887,0.4203158295625995,0.32081752311190914,0.3966366668716579,0.3843195962034929,0.21359611200524853,0.22591318267341354
CSF3,ENSG00000108342,chr17,40005360,40027813,161,0.34614397573116823,0.3828126287525399,0.32283801507112253,0.37154573290156656,0.2592012596326366,0.2588029761204713,0.32352417140082795,0.22377964394385638,0.15905844866349975
MED24,ENSG00000008838,chr17,40009096,40071215,362,0.35812194032695305,0.33731348695980123,0.32482839414827497,0.37688187174091337,0.33947146130476247,0.23101088681685117,0.23487872479165198,0.1804423448095131,0.1765745068347123
THRA,ENSG00000126351,chr17,40048289,40103867,259,0.4176783820149047,0.3701461007369749,0.29258722349303923,0.38713659342235246,0.3071767788268719,0.3284294134646156,0.2924500918156129,0.1338379789579877,0.1698173006069905
NR1D1,ENSG00000126368,chr17,40082792,40110589,98,0.4150622398587205,0.3390667059632578,0.4600084886663539,0.42594312114838734,0.44894383105075314,0.1670751659957287,0.18660531072397718,0.24702719496431091,0.22749705023606254
MSL1,ENSG00000188895,chr17,40111970,40146917,144,0.3875911060358697,0.5169913601957336,0.47134218278496887,0.3581166596108893,0.4653817813392283,0.29033096254296786,0.27243352274136673,0.43738977515306876,0.45528721495467
CASC3,ENSG00000108349,chr17,40130317,40182171,186,0.19468584887246415,0.31672379340338996,0.298023060921283,0.2045369296540019,0.2675428082594207,0.12176210057362022,0.1491682867432054,0.25909399854137793,0.23168781237179276
RAPGEFL1,ENSG00000108352,chr17,40167009,40205656,135,0.18065712002629966,0.153655818806094,0.14339686782569824,0.17021301499103708,0.13423650152178418,0.10565061856708235,0.10463596004138404,0.061178549980629965,0.06219320850632831
WIPF2,ENSG00000171475,chr17,40209303,40294136,227,0.13721976836708946,0.14837744471611378,0.02999227914846364,0.15409928964257244,0.05306266060983041,0.13887794463578348,0.13672139748822393,0.021733915905241458,0.023890463052801014
CDC6,ENSG00000094804,chr17,40277878,40314657,66,0.35459776704030144,0.32860088709618485,0.020070488969751166,0.3627083242560765,0.02087766750860166,0.407999208919329,0.4139103332617463,0.0,0.0
RARA,ENSG00000131759,chr17,40299179,40367643,187,0.3302229028492107,0.36360746857160053,0.09675580541280088,0.33899171788077637,0.0602242413922986,0.3754938473950363,0.4019073204609723,0.07644587084852422,0.05003239778258822
GJD3,ENSG00000183153,chr17,40350651,40374737,92,0.251405630755938,0.1918620880898461,0.20629474648501642,0.2738571106313042,0.1845854707377446,0.13576872666755957,0.16448617399714877,0.0772538253010566,0.048536377971467426
TOP2A,ENSG00000131747,chr17,40378524,40427896,162,0.505796540447301,0.7085463350849646,0.7128655860377002,0.5679382372201649,0.7474966277089098,0.34493869671026145,0.3478651483085943,0.8879355430951463,0.8850090914968136
IGFBP4,ENSG00000141753,chr17,40433449,40467725,137,0.3718976129909799,0.2909663450027586,0.26958150540158876,0.2984417058314313,0.15242379855548227,0.24738337282472853,0.26646451916658775,0.09646891249059195,0.07738776614873283
TNS4,ENSG00000131746,chr17,40465827,40511623,247,0.48917932426222294,0.5435661572442737,0.6129098274580368,0.4685791563374474,0.5639306062949141,0.25347529079199055,0.29327932308323423,0.530836221426936,0.49103218913569235
CCR7,ENSG00000126353,chr17,40543768,40575472,181,0.22410915374763377,0.17057574782888385,0.49340358220438474,0.23528876838923737,0.4761939505117677,0.0,0.0,0.30666033637390594,0.2827001486413429
SMARCE1,ENSG00000073584,chr17,40614961,40658654,165,0.5262963628172385,0.6771654847644292,0.6080329305639083,0.46196135029011376,0.6042629256730802,0.4706056826803363,0.41171753180478365,0.6600097411004314,0.7188978919759841
RP5-1028K7.3,ENSG00000264058,chr17,40617355,40675141,227,0.46368889049412915,0.7079281719032603,0.636970433033828,0.4819464932899341,0.6526499832223656,0.42026269105305436,0.41550497701980915,0.8104928292778819,0.815250543311127
KRT222,ENSG00000213424,chr17,40644664,40675181,109,0.4453978559616821,0.7460088434377565,0.6431803340683402,0.5468882948823808,0.642879756193445,0.4647176734348234,0.5661948434800415,0.9057381558189725,0.8042609857737547
KRT24,ENSG00000167916,chr17,40687990,40713752,145,0.29173454181239017,0.47141363730883384,0.34792815089857615,0.33804115579909705,0.4020608738912955,0.277442432781978,0.26791732195241647,0.36010664328224173,0.3696317541118033
KRT25,ENSG00000204897,chr17,40738020,40765331,150,0.2932707195979398,0.42689843224706514,0.42557280293783883,0.34143215287178125,0.3733619540679765,0.17470900385282728,0.25349693393471817,0.3819833180092545,0.30319538792736345
KRT26,ENSG00000186393,chr17,40756237,40782162,149,0.25726755301560045,0.4973129586958838,0.4831757494760342,0.3011777434252537,0.518468516538334,0.16257724048294808,0.1576813373301218,0.5252102463224666,0.530106149475293
KRT27,ENSG00000171446,chr17,40766807,40792550,149,0.28499631320628616,0.6094506884538817,0.519241035094177,0.2986094082789956,0.4720952193954355,0.27163968635863056,0.32802602167104566,0.668561353349145,0.6121750180367298
KRT28,ENSG00000173908,chr17,40782195,40809959,176,0.3845005615558882,0.6688329352368583,0.6216868781559304,0.3475114220215501,0.580509745481977,0.30921024383547163,0.33168948198948106,0.7959220597205308,0.7734428215665213
KRT10,ENSG00000186395,chr17,40808116,40832614,127,0.3470013954099918,0.6129059763804814,0.5296500481341624,0.36752317868998813,0.6020988927449374,0.3104948320503793,0.242823793384024,0.6385928283215889,0.7062638669879441
KRT12,ENSG00000187242,chr17,40851302,40877223,153,0.4216206471398282,0.3074517916382112,0.30272754679665076,0.3927138888341031,0.2564204725467795,0.2771618418342774,0.2849265596743232,0.09021558654650313,0.08245086870645738
KRT20,ENSG00000171431,chr17,40865888,40895242,170,0.34227819447945884,0.27898278063100423,0.2554179674505878,0.3459988288963206,0.2300298104078307,0.2255666181040359,0.24516745825566486,0.10152564125837094,0.08192480110674191
KRT23,ENSG00000108244,chr17,40912699,40947646,239,0.32604559423813423,0.23584557482636875,0.2674624973471108,0.26604896261452016,0.12142537491444456,0.1761687297024943,0.22442195663354983,0.09281665334745387,0.04456342641639832
KRT39,ENSG00000196859,chr17,40948416,40976948,230,0.2463691388873757,0.24908606638332578,0.08888211147294353,0.29613080081318105,0.11927578147101393,0.23811692833472195,0.25530811924425567,0.0483473078252358,0.031156116915702053
KRT40,ENSG00000204889,chr17,40967714,40997135,324,0.4464039690742961,0.49527391316139185,0.15358094548575354,0.462991940563602,0.11090184843232037,0.5541593688628575,0.5939669663172729,0.12958003029704634,0.08977243284263092
KRTAP3-3,ENSG00000212899,chr17,40983429,41004164,229,0.32325698866506053,0.29383476837821787,0.12280652790883335,0.3742731797746124,0.08207040201483302,0.3036710014352648,0.3655564201704371,0.04423502831217638,0.0
KRTAP3-2,ENSG00000212900,chr17,40989192,41009906,216,0.27117152222737717,0.3222871174550785,0.09934828722821858,0.3794726634082351,0.07897513523801594,0.30035588215873743,0.39197446592215696,0.08867567564712914,0.0
KRTAP3-1,ENSG00000212901,chr17,40998520,41029324,258,0.2347434841818753,0.26269851422620494,0.09355707437167264,0.29040714457670763,0.08416254664442545,0.2370376866909407,0.2799529663021413,0.0677207121426035,0.024805432531402882
KRTAP1-5,ENSG00000221852,chr17,41016025,41037208,180,0.27333517908944704,0.1660517056753863,0.14696311424928699,0.17151703694392942,0.09060037671538375,0.1709606688074832,0.13738611492457847,0.010623206950507114,0.04419776083341184
KRTAP1-4,ENSG00000204887,chr17,41019696,41040104,174,0.2282809931924116,0.18379196266663203,0.15312138198520886,0.16629119922860564,0.08516994373312525,0.14801144105212405,0.14797007216349484,0.055074567747090575,0.05511593663571979
KRTAP1-3,ENSG00000221880,chr17,41023883,41044874,196,0.18894278483182983,0.1386799004538135,0.12198439550962413,0.1635315987882554,0.08244855677312944,0.11430741643769758,0.12090448486315515,0.03498165073205188,0.02838458230659431
KRTAP1-1,ENSG00000188581,chr17,41030540,41051450,174,0.26879472787714237,0.1913289142468473,0.16938069684338342,0.23255688672556143,0.1383012308262992,0.16992017704885828,0.16410220508807555,0.042442836454674504,0.04826080841545724
KRTAP2-1,ENSG00000212725,chr17,41036540,41057316,149,0.23866544262258432,0.1618159354474745,0.13120455882283377,0.26292825681018067,0.1669564377475128,0.15427618360675643,0.14945912962636332,0.022241371574883012,0.027058425555276155
KRTAP2-2,ENSG00000214518,chr17,41044497,41065230,69,0.2525122950117381,0.20276684675070586,0.23691526258673376,0.3245362807609211,0.08435588773442139,0.12362966538252457,0.26541821168808666,0.10297843900916753,0.0
KRTAP2-3,ENSG00000212724,chr17,41049239,41070114,36,0.14309797294700635,0.05998288931095256,0.045940004711171295,0.11725206218548427,0.059050392383725704,0.08463008369986358,0.0628535442561664,0.0,0.0
KRTAP2-4,ENSG00000213417,chr17,41055115,41075879,0,,,,,,,,,
KRTAP4-7,ENSG00000240871,chr17,41074149,41095141,0,,,,,,,,,
KRTAP4-8,ENSG00000204880,chr17,41086980,41108142,0,,,,,,,,,
KRTAP4-16,ENSG00000241241,chr17,41091501,41112209,0,,,,,,,,,
KRTAP4-9,ENSG00000212722,chr17,41095331,41116488,0,,,,,,,,,
KRTAP4-11,ENSG00000212721,chr17,41107180,41128373,0,,,,,,,,,
KRTAP4-12,ENSG00000213416,chr17,41113090,41134182,0,,,,,,,,,
KRTAP4-6,ENSG00000198090,chr17,41129432,41150487,0,,,,,,,,,
KRTAP4-5,ENSG00000198271,chr17,41138923,41159825,0,,,,,,,,,
KRTAP4-4,ENSG00000171396,chr17,41149648,41170748,0,,,,,,,,,
KRTAP4-3,ENSG00000196156,chr17,41157230,41178221,0,,,,,,,,,
KRTAP4-2,ENSG00000244537,chr17,41167445,41188221,30,0.7664223755573945,0.3169490914634992,0.4045859816656819,0.7216646429783462,0.3421126093432293,0.6584642088223438,0.6206964782497543,0.0,0.0
KRTAP4-1,ENSG00000198443,chr17,41174099,41194911,63,0.727797241476365,0.36794719004878773,0.4512623311546899,0.6787210480037872,0.3202778793816382,0.5799277983579012,0.604078320842461,0.0,0.0
KRTAP9-1,ENSG00000240542,chr17,41179886,41200639,98,0.7113662426054335,0.356675873775825,0.41158117812682465,0.6566700036389609,0.3259491874245974,0.5766934824386079,0.5578600109496058,0.0,0.0
KRTAP9-2,ENSG00000239886,chr17,41216647,41237652,5,,0.005605570265764442,,0.0,0.005500868558193406,,5.264319303535398e-05,,0.005568697243209579
KRTAP9-3,ENSG00000204873,chr17,41222448,41243454,4,,0.0,,0.03565815887582449,0.005500868558193406,,0.01539669310216266,,0.0
KRTAP9-8,ENSG00000187272,chr17,41227998,41249004,0,,,,,,,,,
KRTAP9-4,ENSG00000241595,chr17,41239686,41260653,0,,,,,,,,,
KRTAP9-9,ENSG00000198083,chr17,41245383,41266364,0,,,,,,,,,
KRTAP9-6,ENSG00000212659,chr17,41255338,41276641,0,,,,,,,,,
KRTAP9-7,ENSG00000180386,chr17,41265658,41286697,40,0.6289214173909916,0.23974912618822072,0.2521384924827788,0.5052776351301106,0.29437367172015594,0.4874553801822631,0.314597947101415,0.0,0.0
KRTAP29-1,ENSG00000212658,chr17,41291825,41312851,84,0.34892952989884063,0.3247298239028468,0.30068525368323584,0.25872397553566795,0.28425803449507225,0.23206272184805882,0.17879453367839088,0.16057968545989637,0.21384787362956428
KRTAP16-1,ENSG00000212657,chr17,41297699,41319253,132,0.2610310562453174,0.28478973784360084,0.28510359301444244,0.19190976002402632,0.2592700950367595,0.1510302290296888,0.12407051463734503,0.18414847754340144,0.21110819193574523
KRTAP17-1,ENSG00000186860,chr17,41304911,41325710,136,0.11522270510019865,0.24864136166863443,0.2623233151140617,0.10822831406117066,0.22522564577114967,0.05202092829229327,0.07261694113598693,0.2338512652037899,0.21325525236009624
KRT33A,ENSG00000006059,chr17,41336091,41360828,150,0.1544915164530754,0.372833770719781,0.2637578990963043,0.13694319012443223,0.24468628622259717,0.16408222952536805,0.16659815781167508,0.3024614254922907,0.2999454972059837
KRT33B,ENSG00000131738,chr17,41353497,41379813,68,0.27588753672680255,0.35757412772338143,0.4015227539415564,0.23142441577224182,0.3015384461059023,0.12597281620801248,0.17342253395627993,0.31653102654936016,0.2690813088010927
KRT34,ENSG00000131737,chr17,41367668,41392306,0,,,,,,,,,
KRT31,ENSG00000094796,chr17,41383720,41407608,0,,,,,,,,,
KRT37,ENSG00000108417,chr17,41410546,41434585,86,0.10305539789496276,0.22300197493547694,0.25953354650776633,0.11700065952382002,0.20069141694583387,0.03030184973184233,0.07637004972954825,0.22201562063037805,0.1759474206326721
KRT38,ENSG00000171360,chr17,41426153,41450983,95,0.45771825777642317,0.38304173291358634,0.3401665774693555,0.37162076009180267,0.3539083758207264,0.3395778114383649,0.25537567660553584,0.1433760843596557,0.2275782191924848
KRT32,ENSG00000108759,chr17,41449512,41477386,274,0.35965836426561004,0.4372606354491124,0.35432611141988846,0.3695687529536855,0.3947955904889021,0.2916157092773842,0.26705043101808806,0.2833229891620048,0.30788826742130093
KRT35,ENSG00000197079,chr17,41466688,41491140,219,0.43173853904394266,0.18727401841164093,0.3200126562261498,0.294563462580357,0.2158798443929359,0.19342691338594228,0.15655336368731385,0.01393435887793748,0.05080790857656592
KRT36,ENSG00000126337,chr17,41476135,41502546,215,0.4948193761461295,0.36237477724705397,0.3306137511361686,0.46894138079698316,0.27666125349440973,0.3657249015766316,0.3795049128748039,0.08427969181458955,0.07049968051641725
KRT13,ENSG00000171401,chr17,41490980,41515705,200,0.5420185933602762,0.4462766196960799,0.3611555368901474,0.5310150043664073,0.42050736021791607,0.46196123103302517,0.40133610825064203,0.12912879943117012,0.1897539222135532
KRT15,ENSG00000171346,chr17,41503744,41532529,193,0.5973957811322773,0.6680467797048969,0.6213213580595726,0.5872652003876347,0.6243268433611329,0.5207475827341704,0.5043377344021356,0.5820136399847926,0.5984234883168275
KRT19,ENSG00000171345,chr17,41513616,41538308,145,0.6223114670508123,0.8640905804387538,0.7553437214456984,0.5576130440993875,0.7350184422474386,0.7807755297767441,0.7416209565203459,1.2149911180055066,1.254145691261905
KRT9,ENSG00000171403,chr17,41555835,41582059,120,0.6242005650554724,0.8650300727584709,0.751706629778033,0.39832729984271215,0.7488312267988417,0.7941293473210514,0.5645573964417938,1.2085739392114703,1.4381458900907278
KRT14,ENSG00000186847,chr17,41572278,41596895,153,0.4930444438261333,0.7220914053231589,0.7508767193206156,0.398024338500002,0.5754911688311689,0.28499377660635394,0.46558940481222877,0.9954692388769145,0.8148736106710396
KRT16,ENSG00000186832,chr17,41599777,41625899,58,0.4365033629114391,0.8073126318383144,0.6462989031406002,0.27197494277305434,0.675099065308961,0.5904885446445438,0.419935555100159,1.0561977128993822,1.2267507024437672
KRT17,ENSG00000128422,chr17,41609441,41634842,59,0.40673470185728244,0.6682797330000604,0.538563969623931,0.2937149028389175,0.5461107941728096,0.42608249222230665,0.33064869320661805,0.6773807422816381,0.7728145412973267
EIF1,ENSG00000173812,chr17,41678884,41702668,141,0.10975622052339928,0.16686406682712432,0.20064506700587512,0.13138432310579315,0.2463773069036226,0.03743409947580903,0.02027476618782853,0.14512436557123898,0.1622836988592195
GAST,ENSG00000184502,chr17,41702330,41725969,182,0.5107453089678503,0.3807025424640255,0.4610666175168911,0.46300368466144554,0.31415296807445836,0.28793917530429064,0.3619164804206682,0.1912304011257971,0.11725309600941958
HAP1,ENSG00000173805,chr17,41707741,41744644,295,0.5919611448041666,0.49574592133883993,0.5820806276063959,0.5018267533748848,0.5381885650315085,0.3543005676634665,0.30444188532106753,0.3303744459475822,0.3802331282899811
JUP,ENSG00000173801,chr17,41744603,41796931,386,0.5095923590472405,0.5763506385245846,0.5206519523968945,0.5228042584107434,0.5034600081050182,0.4180195622401401,0.449293202481103,0.4408295812970182,0.4095559410560553
P3H4,ENSG00000141696,chr17,41791946,41822604,150,0.5895493780155999,0.6356645513008485,0.5169947208814348,0.5026591983594786,0.5921904182773747,0.5862261113214415,0.4056025593364907,0.4234541620415335,0.6040777140264844
FKBP10,ENSG00000141756,chr17,41802679,41833213,154,0.5354883171690188,0.5800080071142858,0.5094868300054415,0.4716580320279969,0.508794312823448,0.46099252594060774,0.39731942333197284,0.40652710650366963,0.4702002091123045
NT5C3B,ENSG00000141698,chr17,41815056,41846260,152,0.5190466896319992,0.5106658968187548,0.4620881786032781,0.4899748871335456,0.4504432924186011,0.413317116822485,0.3946808934135052,0.30139266839586304,0.32002889180484273
KLHL10,ENSG00000161594,chr17,41825684,41858384,165,0.5565372730140101,0.5566646289904307,0.5852958111427637,0.5303175388302284,0.5430651627120582,0.37319023148635627,0.39295634553883113,0.4402385186964673,0.42047240464399255
KLHL11,ENSG00000178502,chr17,41838517,41875423,137,0.6562396249285111,0.6345842771977759,0.658848211505486,0.6037194284233743,0.5304411622332939,0.4995511410953153,0.5881953716712994,0.5071684658532454,0.4185242352772613
ACLY,ENSG00000131473,chr17,41856916,41940542,309,0.6292732304473537,0.620084736485083,0.6187129719341387,0.6113184426872109,0.6073738529464624,0.49794708340387095,0.488952265798808,0.46985995847418704,0.47885477607925003
ODAD4,ENSG00000204815,chr17,41920616,41976503,197,0.5861305567511381,0.5589142836725701,0.5736590653830671,0.5137388938212991,0.5755981119276106,0.4241024134515486,0.341225587362312,0.394413640881362,0.4772904669705986
CNP,ENSG00000173786,chr17,41956762,41987740,138,0.46764422027424574,0.508073211004907,0.5218268984592443,0.4793789122240435,0.43597485607740577,0.3010430778813478,0.3947508549640157,0.4083822985362265,0.3146745214535587
DNAJC7,ENSG00000168259,chr17,41966420,42031376,273,0.5570936443142815,0.49529650788257196,0.5045282165425979,0.5819122078998361,0.5486629507713315,0.39796810601629634,0.38015356248339566,0.28581606044913294,0.3036306039820337
NKIRAS2,ENSG00000168256,chr17,42001381,42035644,138,0.6149272335613223,0.5593495848709654,0.3980639570609802,0.685606145722676,0.5617095885858561,0.6331111529438299,0.5758693224372753,0.18639227440971673,0.24363410491627158
ZNF385C,ENSG00000187595,chr17,42015575,42108479,404,0.48462861651436084,0.4636948445434031,0.42125801530100776,0.5345157508604544,0.4184708070117061,0.3695104711244714,0.4228174369614521,0.2535414889062328,0.20023452306925205
C17orf113,ENSG00000267221,chr17,42028231,42060601,133,0.6449609045109453,0.42276073179259577,0.44351524907311635,0.7342104380724881,0.4670081869699522,0.4994551396003687,0.6226498054654244,0.05004328255878032,0.0
DHX58,ENSG00000108771,chr17,42091403,42122714,143,0.3498972821382772,0.36697957945616966,0.31469462305054346,0.3756208290295739,0.3713716932248616,0.25499338210860045,0.23201746130531034,0.20225921530684118,0.2252351361101313
KAT2A,ENSG00000108773,chr17,42103110,42131367,117,0.4657171503432617,0.3655171389282022,0.3061160312534637,0.5116322698406219,0.33464255451605646,0.35816218934331323,0.3821003723323635,0.09678281455637866,0.07284463156732829
CTD-2132N18.3,ENSG00000267261,chr17,42109673,42164916,232,0.4953872510634279,0.4287805965966663,0.33324939397374037,0.5064066639013685,0.3645279662336814,0.41930333482928883,0.4063190050498944,0.14067856416077384,0.1536628939401683
HSPB9,ENSG00000260325,chr17,42112803,42133352,82,0.4783928989270121,0.5054112440955693,0.3161758408637141,0.5258689943566062,0.3619382435656821,0.48740742030740813,0.5004900333627901,0.21662123756109142,0.20353862450570936
RAB5C,ENSG00000108774,chr17,42114977,42165044,209,0.48662578363351366,0.38759943713371164,0.3484025316355068,0.5378824587781459,0.3681861942908641,0.3643953208515709,0.40157207932614813,0.12597337523203156,0.08879661675745432
KCNH4,ENSG00000089558,chr17,42146890,42191142,176,0.14027943825810535,0.45666291922243585,0.4458504942425545,0.14987672876529906,0.5107069744267407,0.08542624241246655,0.02880277854608998,0.5245991343241363,0.5812225981905128
HCRT,ENSG00000161610,chr17,42174059,42195452,90,0.26677933952782007,0.41839646821825044,0.5893297442406734,0.3054433862167214,0.5944507932395358,0.0,0.0019674093050767727,0.5608111896281982,0.5399988709491086
GHDC,ENSG00000167925,chr17,42178798,42204532,109,0.2953148078330487,0.14663697788697785,0.5284193921159931,0.32618564618564616,0.5605171263781537,0.0,0.0,0.28011567920810976,0.29296306213644324
STAT5B,ENSG00000173757,chr17,42189176,42286707,425,0.19265551137611384,0.39268359687588017,0.3822235831953542,0.15662604556853169,0.29683562257979207,0.11554076030655239,0.15844279729354524,0.383164606217304,0.3402625692303112
STAT5A,ENSG00000126561,chr17,42277546,42321943,210,0.24413483064612176,0.39343625881654637,0.4031345691719592,0.2072420480894505,0.3467167087601441,0.13188706274522127,0.1532191903921181,0.3680583966175389,0.34672626897064207
STAT3,ENSG00000168610,chr17,42303323,42398540,384,0.34281744821209376,0.5447240194264724,0.5056075797707239,0.3216781934093197,0.5134675748517177,0.2511096157399753,0.22726661306091905,0.535741877457694,0.5595848801367501
CAVIN1,ENSG00000177469,chr17,42392448,42433256,175,0.5370369874296546,0.5876791896518111,0.5562277880520083,0.4903296043575605,0.5975100914508911,0.4218088984674631,0.3249296788125856,0.46414466827449014,0.5610238879293677
ATP6V0A1,ENSG00000033627,chr17,42448843,42532582,281,0.6097954282557462,0.6114148126936939,0.6303736515118906,0.594054372043681,0.6156690673674078,0.445532171379141,0.44526380835029744,0.49971068948625696,0.49997905251510044
NAGLU,ENSG00000108784,chr17,42526240,42554449,120,0.47757511335327085,0.6546112383775772,0.6689818808818813,0.49498430204942256,0.6474441453554454,0.3033882748040174,0.3518520999157284,0.7596963762779743,0.7112325511662634
HSD17B1,ENSG00000108786,chr17,42542921,42565214,97,0.5299085085687293,0.8465676228469725,0.7606834252014276,0.5112472063049949,0.7509291344022236,0.5996776332783403,0.6001879891126619,1.2748177154623663,1.274307359628045
COASY,ENSG00000068120,chr17,42551466,42576277,117,0.35691746438029665,0.7459050232624401,0.6696101546940262,0.37436474850014395,0.6717008744190979,0.35202369405160006,0.3626023913857136,1.0180234636405967,1.0074447663064832
MLX,ENSG00000108788,chr17,42557071,42583239,129,0.4515224102663229,0.7146051915842793,0.6414321629810089,0.40548484666470375,0.6530925983055182,0.4144266049427239,0.35759672503607787,0.8394551597167148,0.8962850396233608
PSMC3IP,ENSG00000131470,chr17,42562309,42587831,113,0.379435633143855,0.7446456255971077,0.6480553587768813,0.36662788213859393,0.6539911970874316,0.3989737779432262,0.3802545491825996,0.9661292170839939,0.9848484458446203
RETREG3,ENSG00000141699,chr17,42569512,42620623,206,0.46809019956047304,0.7809590766354514,0.6758660776234644,0.4654773254598934,0.6684193418650132,0.5115897730412707,0.5204968215344956,1.0069069289030907,0.997999880409866
TUBG1,ENSG00000131462,chr17,42599640,42625238,92,0.6234630573004731,0.818941102030995,0.7688158303031911,0.5078273956977237,0.7460737958074367,0.6105656989915167,0.5235735554568157,1.098367198513241,1.185359342047942
TUBG2,ENSG00000037042,chr17,42649283,42677006,110,0.4983878415240912,0.7359431527440392,0.7315910698123652,0.4765908310231046,0.6362732343103306,0.3531376582852276,0.4838151512525374,0.9784532102158783,0.8477757172485683
PLEKHH3,ENSG00000068137,chr17,42657913,42686994,101,0.6096592161376928,0.8220761376936634,0.755741456209212,0.5642492858535455,0.7261618192812208,0.6288033338512329,0.6309332936838419,1.0975962261976462,1.0954662663650367
CCR10,ENSG00000184451,chr17,42668888,42693917,73,0.5710846134481479,0.7810926543206452,0.6264541382048642,0.46336478968064243,0.7135674252300115,0.6904439193804847,0.445645665919276,0.8286627983980652,1.0734610518592738
CNTNAP1,ENSG00000108797,chr17,42672530,42709993,129,0.48054483153382294,0.6293854739708141,0.5976359836473268,0.39517755081891687,0.6333632359176495,0.3685847263885042,0.24601472084019482,0.6240080435332197,0.746578049081529
EZH1,ENSG00000108799,chr17,42690274,42755049,230,0.4158176124687542,0.4885270917168136,0.468938921809917,0.3649731709819488,0.42937404183031463,0.28756222910333096,0.2817636711551094,0.38289843112309463,0.3886969890713163
RAMP2,ENSG00000131477,chr17,42748446,42773041,90,0.3305225548771646,0.4045203486047812,0.2710144719430531,0.38435282177084656,0.3799843005199032,0.3017722330013119,0.2627294120124334,0.2166158283902587,0.2556586493791372
VPS25,ENSG00000131475,chr17,42763448,42789599,109,0.22354085738891813,0.3899354838709678,0.3705075595259712,0.2673153725440019,0.39216081076546194,0.1421801920312195,0.15369277929345326,0.35201037123023926,0.34049778396800545
WNK4,ENSG00000126562,chr17,42770609,42807066,135,0.258244200205164,0.27019225271583763,0.32783070776401313,0.3119502983071889,0.3805720635361583,0.1082321464829549,0.10495471611762305,0.20674199292675874,0.21001942329209056
COA3,ENSG00000183978,chr17,42785146,42808704,87,0.30556682313237316,0.2726943992725874,0.24469197500412673,0.4493505306732789,0.3813337910254211,0.20121911868132203,0.21743799056234647,0.11718941245855474,0.1009705405775303
CNTD1,ENSG00000176563,chr17,42788799,42821587,123,0.26818060536633964,0.19479654084044548,0.5023370801353805,0.3944980834143829,0.6327946862298007,0.0,0.0,0.30113553198608406,0.35839844389469033
BECN1,ENSG00000126581,chr17,42800133,42843350,165,0.05836089127732179,0.02145774929915899,0.010186091813227825,0.10256241517388016,0.05312771456454364,0.03579308927404556,0.03765598063979658,0.0,0.0
PSME3,ENSG00000131467,chr17,42814384,42853760,172,0.08770664287208904,0.023545865898807073,0.011254863375837454,0.12964850897567,0.023053173241852486,0.052151248972109564,0.06968129113513087,0.0,0.0
AOC2,ENSG00000131480,chr17,42834579,42860707,108,0.07057217333306107,0.0055650039449460864,0.003976897491624744,0.08930851895708124,0.021034558661677298,0.03739092110353005,0.03893635399027116,0.0,0.0
AOC3,ENSG00000131471,chr17,42841183,42868130,110,0.03133376931444654,0.020156622403813412,0.016272463711527387,0.022602401328344932,0.024769216707796356,0.01789569909263513,0.009071577345320315,0.002466839776667777,0.011290961523982589
G6PC1,ENSG00000131482,chr17,42890796,42924438,172,0.30823249205073106,0.3843077655648585,0.3238004677289239,0.45828072841235556,0.3605935597379448,0.23112316514991285,0.3254002252466891,0.25388489457354746,0.1596078344767713
AARSD1,ENSG00000266967,chr17,42940525,42974498,119,0.7656541124320919,0.8093124762417069,0.7859340535325819,0.7771745645510528,0.7984001366778734,0.7833025722795594,0.778507692954733,0.8738166196328786,0.8786114989577046
PTGES3L-AARSD1,ENSG00000108825,chr17,42940525,42990528,180,0.7438805773759075,0.7836795594479531,0.7905103927659932,0.7395930951823525,0.7635665128941995,0.6650123749403053,0.7172079766490221,0.8659820746136456,0.8137864729049287
PTGES3L,ENSG00000267060,chr17,42958087,42990433,119,0.7468519104558722,0.7407039953854669,0.7932163114402916,0.709670589852408,0.7830182602994575,0.5737418036707261,0.5292910103317584,0.7760431912367052,0.8204939845756729
RUNDC1,ENSG00000198863,chr17,42970564,43003690,145,0.7236009928606237,0.7176365619113713,0.7444305677829418,0.7464167683688098,0.7450309665201277,0.593104436792103,0.6350051258355729,0.6714558134774058,0.629555124433936
RPL27,ENSG00000131469,chr17,42988272,43012959,125,0.7465644517818676,0.7048966382953215,0.697321404755328,0.7623381664800323,0.6933355240841249,0.6989957815319846,0.7376675236143694,0.5214338238186734,0.482762081736289
IFI35,ENSG00000068079,chr17,42996739,43024456,138,0.6350148007773173,0.6355511205138626,0.594975832921847,0.687757424785246,0.6251282290723975,0.5567294600655892,0.5960863193030383,0.45263952562690524,0.4132826663894562
VAT1,ENSG00000108828,chr17,43004606,43035123,129,0.6137262476499258,0.5627322623781498,0.5777538918868529,0.623653504760771,0.5874440878597924,0.45812580856808055,0.4595355459140283,0.3690837910217259,0.36767405367577816
RND2,ENSG00000108830,chr17,43015230,43042041,109,0.5279892332174833,0.4143734672498909,0.3927697298212849,0.4807860036465691,0.34877467710868604,0.39348964465500036,0.3808062932878209,0.141583364048468,0.15426671541564746
BRCA1,ENSG00000012048,chr17,43034294,43180245,372,0.379821596526825,0.3530441539059225,0.201284157987417,0.2727443138712184,0.20008854748558705,0.34423764357863884,0.26535007601870275,0.09123958728994219,0.1701271548498782
NBR1,ENSG00000188554,chr17,43160480,43221689,175,0.44163178356338134,0.42193939756426685,0.28292119405287847,0.32897500380116607,0.24672735296155685,0.39912184084361324,0.33184871109445646,0.14895472645763802,0.21622785620679488
TMEM106A,ENSG00000184988,chr17,43201834,43230041,100,0.3510571929385347,0.35423296376724805,0.23033953699165746,0.2998038760190286,0.2819552718269801,0.3039606688122036,0.23124392748190808,0.13335579645487378,0.2060725377851693
CCDC200,ENSG00000236383,chr17,43206940,43315397,101,0.3812809752103592,0.3679876756018553,0.14119406128947348,0.3063910059310511,0.25437722766192794,0.3933690569093755,0.2655788984948183,0.06547732748606314,0.19326748590062037
ARL4D,ENSG00000175906,chr17,43388992,43411137,104,0.296510847441903,0.5177359362365717,0.4139870103272859,0.30935413804975603,0.44409343533578655,0.27327648181856157,0.2561182520900194,0.45598698299647644,0.4731452127250186
DHX8,ENSG00000067596,chr17,43473864,43620338,538,0.4024738449643603,0.7174793902761666,0.5891826080121995,0.40804625607317463,0.6377021594915065,0.44467726667418817,0.3865209585431483,0.8193265096078917,0.8774828177389317
ETV4,ENSG00000175832,chr17,43517843,43589620,234,0.408424477953691,0.764520150415436,0.5310652391315454,0.415036090130663,0.6183491259844279,0.606902117799371,0.5095430145622547,0.8392278157838914,0.9365869190210074
MEOX1,ENSG00000005102,chr17,43630388,43671922,268,0.32061415027864965,0.5042010737561234,0.48947227806493937,0.37904509586998625,0.42723638673892517,0.2079202684078047,0.31039972661649534,0.4936645566797493,0.3911850984710586
SOST,ENSG00000167941,chr17,43743737,43768791,135,0.544080725475947,0.7637177288120683,0.6371294552793454,0.45629698208738473,0.7194644529323323,0.6072292522852308,0.390512696966241,0.8354988720307848,1.0522154273497746
DUSP3,ENSG00000108861,chr17,43756124,43788977,196,0.5142686735940438,0.7635408169566108,0.7321211687162429,0.4510703256203635,0.7203658951612991,0.42342939249315437,0.3837456590169548,1.0185502810063205,1.0582340144825202
CFAP97D1,ENSG00000231256,chr17,43770434,43797620,134,0.2514423232934743,0.3877214404487132,0.19193047748271636,0.2064060843677151,0.33473307135668756,0.2835338888096607,0.15709220239304672,0.20703404854975335,0.33347573496636734
MPP3,ENSG00000161647,chr17,43790798,43843170,204,0.21460055710389814,0.315639896766358,0.4736760194988729,0.2275609137166249,0.3574723061159176,0.0,0.09756389969272089,0.3897732551782686,0.2817071334859958
CD300LG,ENSG00000161649,chr17,43837147,43873639,208,0.5460669163980879,0.8437793359850192,0.8561614903036618,0.4100407564918253,0.8155015104402585,0.3536135869465188,0.34703678968101803,1.502872171350525,1.509448968616026
MPP2,ENSG00000108852,chr17,43865356,43919711,348,0.6172933857628522,0.6540570713922136,0.5609997573951623,0.49821727818438966,0.5067992123558511,0.5993563770433877,0.5221153155594527,0.4621250867064194,0.5393661481903544
PPY,ENSG00000108849,chr17,43930803,43952476,149,0.5428911516535092,0.7051618913122031,0.5963947697927604,0.5201245492175193,0.4716293811249301,0.5484222809745617,0.6588001159248736,0.6729065764140317,0.5625287414637198
PYY,ENSG00000131096,chr17,43942737,44014469,335,0.5957245119926506,0.6117525851394219,0.591474271369955,0.5408175472153448,0.5641598214085247,0.47828541216717174,0.446970228501167,0.467827063248573,0.49914224691457776
NAGS,ENSG00000161653,chr17,43994621,44019068,100,0.6665062099556062,0.7074870692229588,0.7397201560355259,0.540479043998043,0.7346400532735176,0.49068976800620123,0.3400745262641578,0.7385566374964037,0.8891718792384471
TMEM101,ENSG00000091947,chr17,44001187,44033946,138,0.5916637340221628,0.6664679127269723,0.6480640619762683,0.4775527834996863,0.5847257100164528,0.4746871765276891,0.43421574424206805,0.623329028014785,0.6638004603004058
LSM12,ENSG00000161654,chr17,44024327,44077619,203,0.5399779292345686,0.6213507497535901,0.5434402409711564,0.47708063443815873,0.5537005083968393,0.48179504683423213,0.40635396027980386,0.4893499166602568,0.564791003214685
G6PC3,ENSG00000141349,chr17,44060734,44086344,121,0.542974288387026,0.6327326139622423,0.6317407826315633,0.4196679071940395,0.4820191272633434,0.39285627903646964,0.4440014633852373,0.6088088448610935,0.5576636605123259
HDAC5,ENSG00000108840,chr17,44066745,44133702,308,0.6844885281138137,0.6482134238344035,0.5901453673092864,0.5026119163675207,0.5128697478126261,0.6531690525529046,0.5119457884116843,0.39156155242742474,0.5327848165686451
HROB,ENSG00000125319,chr17,44131905,44172476,169,0.3734624867266045,0.36274887356037416,0.2010764718133937,0.38923479527693594,0.22814564680521487,0.3468240248888024,0.34233736681831123,0.10376744318135411,0.10825410125184531
ASB16,ENSG00000161664,chr17,44160446,44189084,135,0.4240649329173879,0.4290718281559432,0.24226639847002449,0.46165283769818266,0.28020041588630057,0.4174144109878575,0.42548052678813847,0.14307745986906412,0.13501134406878318
TMUB2,ENSG00000168591,chr17,44176969,44201929,79,0.3518942416533818,0.41742334491930616,0.412586344681804,0.4867048293548624,0.43900173981833657,0.220984940340468,0.314580624327916,0.31930956515484626,0.22571388116739832
ATXN7L3,ENSG00000087152,chr17,44181804,44210113,55,0.4905678195573823,0.5461205863426787,0.4567502285760311,0.5142359642833577,0.48432800731034364,0.4270980947533109,0.4248358161999485,0.3628256301520264,0.3650879087053887
UBTF,ENSG00000108312,chr17,44195032,44231626,0,,,,,,,,,
SLC4A1,ENSG00000004939,chr17,44238389,44278141,173,0.32276460934403345,0.4094883460820277,0.35339246778320066,0.3225744314844886,0.29042949622636366,0.24024325643925082,0.286563042922393,0.2865226514220234,0.24020286493888118
RUNDC3A,ENSG00000108309,chr17,44298412,44328670,151,0.5099280635787777,0.626103000749041,0.535253155758329,0.34368163723568224,0.5471587284883134,0.4653577847844504,0.30633530616270116,0.5184171377858472,0.6774396164075966
SLC25A39,ENSG00000013306,chr17,44309624,44334870,116,0.5341258709833473,0.5514718998495592,0.5139212804614404,0.4655848768493399,0.5666921237120945,0.422119521365903,0.2960297653594086,0.37966442445586845,0.5057541804623629
GRN,ENSG00000030582,chr17,44335245,44363106,127,0.34021393523061827,0.5474896069832779,0.4137260671288767,0.2963176946572715,0.387264973832138,0.3374080262578054,0.3272750748197523,0.45553652185535487,0.46566947329340813
FAM171A2,ENSG00000161682,chr17,44343214,44373853,123,0.303428583390902,0.3911946653812163,0.3938005620637238,0.24828644505341757,0.2998137442494809,0.17864771150865744,0.21262387442158984,0.31760899844996615,0.2836328355370338
ITGA2B,ENSG00000005961,chr17,44362179,44399649,149,0.2602161859688551,0.42987744693947094,0.381154587311978,0.3054717996919832,0.377690456663392,0.19170071994931595,0.22605439818763642,0.370203215945218,0.33584953770689746
GPATCH8,ENSG00000186566,chr17,44385280,44513430,522,0.2662093937312788,0.787396691051082,0.689948938164538,0.4620014070153834,0.7102990226981752,0.34342026907833545,0.46466029118650753,1.2049069799170844,1.0836669578089126
FZD2,ENSG00000180340,chr17,44547483,44571262,51,0.544858893050735,0.831536725775738,0.8255263129436566,0.5331395225754741,0.8084723016793828,0.4111019769004779,0.4450197487490438,1.3699355331713905,1.3360177613228248
MEIOC,ENSG00000180336,chr17,44646403,44700308,186,0.31310574379249045,0.4972433164799576,0.49449397014278756,0.3593799946319365,0.480080155810638,0.19051428205228849,0.23944357230029367,0.49713467444194515,0.44820538419393996
CCDC43,ENSG00000180329,chr17,44663068,44699779,115,0.3900103214483423,0.602315367388068,0.5681963398344577,0.44980862097740176,0.6615661312371841,0.2883124630632138,0.2180792481641466,0.6337835051057777,0.7040167200048448
DBF4B,ENSG00000161692,chr17,44698607,44762264,258,0.4882111877732003,0.6688699642963561,0.6173972037047962,0.4554275386616662,0.6366058227732844,0.4071647127292971,0.3503656221206246,0.6980794109132202,0.7548785015218928
ADAM11,ENSG00000073670,chr17,44748987,44791846,215,0.5384808254647011,0.7583500062172,0.6511107317448148,0.5361459071407583,0.6468740891445687,0.5702479469858196,0.5737597699999948,0.8500169594333438,0.8465051364191684
GJC1,ENSG00000182963,chr17,44788447,44840816,275,0.5045593975732324,0.750686294295413,0.6606830021705543,0.5445155782242502,0.6666842199822813,0.5052653039651573,0.5383860631743707,0.8837780092453766,0.8506572500361634
HIGD1B,ENSG00000131097,chr17,44836352,44860476,140,0.3529006100310822,0.4595994908648182,0.3689793614894823,0.3282752281581425,0.37901089431895113,0.2951417005170034,0.2684547892138436,0.3203030302344896,0.3469899415376495
EFTUD2,ENSG00000108883,chr17,44839947,44909445,415,0.3016148322068056,0.3239351829260579,0.23596040510657798,0.29129011708605596,0.25074247339393857,0.2406575855000914,0.22355141255368363,0.15080873879010975,0.16791491173651749
CCDC103,ENSG00000167131,chr17,44889141,44915390,154,0.20950255897057668,0.181266502526345,0.14135524993478554,0.15625215507093249,0.11840582381433937,0.1413447513706667,0.12193739619233228,0.05865189662250664,0.07805925180084107
FAM187A,ENSG00000214447,chr17,44889711,44915390,154,0.20950255897057668,0.18270807021546465,0.14970105012013696,0.15625215507093249,0.13384279421532191,0.13734225132463582,0.11398583186963081,0.0644166774230821,0.08777309687808711
GFAP,ENSG00000131095,chr17,44893158,44926937,199,0.20063127775946762,0.16754525724360264,0.17159735689622838,0.20894300912318528,0.12506547860454859,0.10952671141120891,0.1420777291030274,0.07384971024943231,0.0412986925576138
KIF18B,ENSG00000186185,chr17,44914708,44957773,248,0.26933871953270927,0.16224324636098805,0.14797307695094908,0.2965942010101367,0.17066284338068557,0.1653478145802898,0.1708601508876028,0.01167967617680063,0.0061673398694876425
NMT1,ENSG00000136448,chr17,44947991,45119016,949,0.34241279259484,0.33620444870325783,0.2598310999062437,0.3637491608617838,0.24037831175835392,0.2640410475114098,0.2935043627822839,0.14574003408025116,0.1162767188093769
C1QL1,ENSG00000131094,chr17,44949692,44978303,166,0.368504778181483,0.2636955836955837,0.10193761425638542,0.35429909726293557,0.09102013416043732,0.32913039952927636,0.324049091545438,0.0,0.0
DCAKD,ENSG00000172992,chr17,45013339,45071109,320,0.3508063382863786,0.32564001353200567,0.2762112531807958,0.33597842150340335,0.23309394193311805,0.2513798486904131,0.2690204367892778,0.14261135741056558,0.12497076931170081
PLCD3,ENSG00000161714,chr17,45098958,45143354,237,0.42386377405583314,0.3611155255972832,0.3381658326660069,0.4316129144397019,0.30132361613128983,0.2933512590560405,0.32720831089540126,0.15468037312532162,0.12082332128596085
ACBD4,ENSG00000181513,chr17,45122599,45154181,157,0.4812967244829178,0.32553698840402445,0.3794532167581191,0.40331721369837326,0.3256415942738284,0.2865537223698287,0.25810727298044517,0.10728472072469247,0.13573117011407604
HEXIM1,ENSG00000186834,chr17,45138474,45162099,110,0.23126466862188994,0.20132411004769574,0.1413074740464775,0.2050116248639341,0.1365313173823812,0.16773211802727,0.15371509851025167,0.05706794210001426,0.07108496161703257
HEXIM2,ENSG00000168517,chr17,45150699,45180040,149,0.33813308469495995,0.2910177750418839,0.2777334369580975,0.27408228322832284,0.22607169341037636,0.21562729677236853,0.20398369743903585,0.1282975265728497,0.13994112590618232
FMNL1,ENSG00000184922,chr17,45211443,45257319,240,0.3165272677553114,0.3480781284763518,0.3217950012827328,0.3232599191869099,0.3007967373365624,0.21004669617507316,0.2302423862514807,0.21778385701193312,0.1975881669355256
SPATA32,ENSG00000184361,chr17,45244392,45272094,136,0.4019283403080823,0.5532086800672787,0.5004164489024566,0.3995904118496729,0.4875237072766257,0.3128639568481083,0.3236530108845205,0.4927996823149779,0.4820106282785657
MAP3K14,ENSG00000006062,chr17,45253118,45327029,371,0.4471373030618733,0.5451783336069911,0.44292665142725757,0.4018923109446763,0.40974446352830757,0.3977185560509609,0.3873173074406118,0.3901313228029516,0.4005325714133006
ARHGAP27,ENSG00000159314,chr17,45383901,45444421,294,0.32044967792733514,0.2611121884328686,0.26411839885823757,0.29114718838935355,0.24272698970573486,0.19112356506106315,0.18434255590202747,0.11148561563790266,0.11826662479693836
PLEKHM1,ENSG00000225190,chr17,45425899,45500749,104,0.2187002371667566,0.30032864215617516,0.27030469634851434,0.20122875063204348,0.20000229452526275,0.1444063511404054,0.17933939693471235,0.21273819183723403,0.17780514604292708
LINC02210-CRHR1,ENSG00000263715,chr17,45610343,45845826,1572,0.36045894835425507,0.5639684704901414,0.49997844150713805,0.2784177338967034,0.4005212485883231,0.291970562515217,0.32232743009996717,0.5380701603429336,0.5077132927581833
CRHR1,ENSG00000120088,chr17,45774279,45845828,554,0.38713912876482864,0.4994289296684017,0.4995297828940115,0.30482305713206587,0.4018332370901282,0.24470791794869684,0.2708544336219447,0.44729777369448886,0.42115125802124104
SPPL2C,ENSG00000185294,chr17,45834880,45857067,225,0.30949494781342424,0.4584273564535319,0.37881504187177917,0.2509463541318863,0.3134698535176718,0.25374182816613444,0.2630588011853182,0.35953624093220704,0.35021926791302327
MAPT,ENSG00000186868,chr17,45884526,46038334,1213,0.24631132926066257,0.6431284478658836,0.552679066341955,0.23904505669298157,0.4243043128525212,0.2543381450309626,0.3756922055794504,0.7760412148579972,0.6546871543095093
STH,ENSG00000256762,chr17,45989249,46009694,155,0.21217560638709987,0.680108238030626,0.5491860332023155,0.20677046333932989,0.4791509100993294,0.29077606695391395,0.35956014802497666,0.8489965172975096,0.7802124362264469
KANSL1,ENSG00000120071,chr17,46019915,46235389,1055,0.17500804402059605,0.5028002644930842,0.3991606458389528,0.17871354516485286,0.30151187065442303,0.19085870829380858,0.26840483855307773,0.5079047430170873,0.4303586127578182
ARL17B,ENSG00000228696,chr17,46264783,46371797,6,0.04302840463396284,0.9494739177049059,0.8837673794024118,0.08554449773595713,0.7853415832883869,0.438542708948229,0.7679923957589007,2.546722885992073,2.217273199181401
LRRC37A,ENSG00000176681,chr17,46282732,46347794,6,0.04302840463396284,0.9494739177049059,0.8837673794024118,0.08554449773595713,0.7853415832883869,0.438542708948229,0.7679923957589007,2.546722885992073,2.217273199181401
LRRC37A2,ENSG00000238083,chr17,46501510,46565650,0,,,,,,,,,
ARL17A,ENSG00000185829,chr17,46506701,46589691,0,,,,,,,,,
NSF,ENSG00000073969,chr17,46580668,46767464,183,0.5045667016215398,0.6848790544743624,0.7136033299466373,0.5397506219935967,0.693800249688862,0.3033719189880031,0.3736339794455752,0.8514268408103516,0.7811647803527795
WNT3,ENSG00000108379,chr17,46752505,46843154,442,0.6209951200739494,0.7262560004327072,0.6965437264697497,0.5794669484208492,0.692687207244778,0.5366251813855775,0.4909524691473184,0.7589367360949673,0.8046094483332261
WNT9B,ENSG00000158955,chr17,46823200,46896730,442,0.3607165409929519,0.5191685865258938,0.3955648181978968,0.3266529270566527,0.44422380326627753,0.33809252319273014,0.2701716722631602,0.39414603885805555,0.46206688978762556
GOSR2,ENSG00000108433,chr17,46913074,46985524,421,0.4491547413079725,0.419876740597172,0.35702576333558833,0.4502392028014936,0.33931704450834865,0.3495827026780126,0.3641527467102317,0.19493197913025823,0.18036193509803916
RP11-156P1.2,ENSG00000262633,chr17,46913132,47059932,616,0.45936264706281726,0.39850345547876714,0.32645467095691133,0.44745715437555794,0.30709170272064557,0.36407052942595036,0.36735058630112105,0.14426395892730964,0.14098390205213895
RPRML,ENSG00000179673,chr17,46968155,46989253,147,0.388974228355978,0.3642915570003501,0.22558495246187546,0.4420455082965787,0.31186404097631243,0.3449920364848088,0.3313621370041019,0.10802320722165873,0.12165310670236568
CDC27,ENSG00000004897,chr17,47107702,47199422,371,0.32730695500892404,0.6602358682315902,0.5873483982826773,0.3795490253762887,0.5918739362115519,0.29540908187274934,0.3303165733536331,0.7840945503341602,0.7491870588532765
MYL4,ENSG00000198336,chr17,47190445,47233679,281,0.34508049701423843,0.3964260283886632,0.48968606646765855,0.359451094844636,0.4350304801319875,0.12770021767191614,0.18966649220718523,0.3771864572625778,0.3152201827273088
ITGB3,ENSG00000259207,chr17,47243826,47323743,485,0.2988498728984689,0.20393466251420012,0.24648179958206035,0.2395802137956475,0.18906052996962092,0.15005258053350917,0.14619839914681756,0.07802143370421716,0.08187561509090874
RP11-290H9.2,ENSG00000259753,chr17,47243896,47354292,622,0.3297754014175149,0.22283999589150683,0.2648612179588496,0.2632919449657457,0.21592463723331265,0.17227772341869216,0.15721123922965669,0.0798313009019854,0.09489778509102079
EFCAB13,ENSG00000178852,chr17,47313289,47451312,272,0.4276730648266514,0.3768530947054437,0.436783397682998,0.46472101372691854,0.36261993493282174,0.22846343740943814,0.32377551520446035,0.24450954754139181,0.14919746974636955
NPEPPS,ENSG00000141279,chr17,47512941,47634665,0,,,,,,,,,
KPNB1,ENSG00000108424,chr17,47639475,47695505,161,0.3739850046230822,0.4294995472294061,0.29973903221350734,0.40345543978857445,0.3939843463746284,0.33666003382143,0.28849659565482066,0.2245812822206902,0.27274472038729963
TBKBP1,ENSG00000198933,chr17,47684080,47722050,186,0.3737235999265534,0.36352733989441655,0.2810240406568954,0.4326022546072321,0.347779219385615,0.29492496449962047,0.29556819589273975,0.15688885089449014,0.1562456195013709
TBX21,ENSG00000073861,chr17,47723235,47756122,189,0.18223674709070561,0.19666623617030435,0.2464661476799833,0.1433663117447435,0.19626083927825574,0.0685930381315174,0.07762470128809133,0.15039196714658426,0.14136030399001032
OSBPL7,ENSG00000006025,chr17,47797371,47831834,233,0.41341247764584244,0.5764376887416551,0.45829937159849254,0.44124716196188646,0.47555623240845046,0.38972312961166217,0.397842813573302,0.4693315120794486,0.46121182811780886
MRPL10,ENSG00000159111,chr17,47813271,47841541,162,0.35005812908909,0.5401093112198939,0.4986182654013711,0.41958864282531966,0.4968555031820057,0.2586256387803411,0.31695338051363087,0.5181408120445969,0.4598130703113072
LRRC46,ENSG00000141294,chr17,47821633,47847719,135,0.32677871007187925,0.5333332173741625,0.5168839077116092,0.45437902748017434,0.4544308015512794,0.2151613491275845,0.3810224544414058,0.5469784544354057,0.38111734912158435
SCRN2,ENSG00000141295,chr17,47827691,47851289,113,0.4112519501570609,0.684981497777477,0.5371278878958295,0.45015672238072635,0.557038110665871,0.4572881859422756,0.46948717729148337,0.6978357187248321,0.6856367273756244
SP6,ENSG00000189120,chr17,47834907,47865874,144,0.3561376976983619,0.5236829130108563,0.42321731291942766,0.4182936103574846,0.4724006843969135,0.3158260902543758,0.3220213928801806,0.42584540713833474,0.41965010451252993
SP2,ENSG00000167182,chr17,47886149,47938957,223,0.2618757223059016,0.6089322515111266,0.616857911899956,0.3015605017802481,0.557677462362503,0.1415840817097055,0.24103262255551317,0.7972903825040274,0.6978418416582199
PNPO,ENSG00000108439,chr17,47931505,47959308,134,0.41277515504360035,0.6925061323068795,0.6322493579458645,0.42017216009976777,0.6120827971716009,0.35564872623797916,0.3886804123774255,0.8236514081578359,0.7906197220183895
PRR15L,ENSG00000167183,chr17,47941966,47967883,137,0.4639758913481705,0.6837291202624537,0.5864814694874287,0.4896617381336338,0.5639369168817459,0.4458397033108892,0.49693468637361726,0.7053165149234109,0.6542215318606828
CDK5RAP3,ENSG00000108465,chr17,47957809,47991781,187,0.449795037707348,0.6211617247196964,0.5848625571992873,0.5215691635974194,0.5474136601932661,0.3444823323097847,0.45755638624364303,0.6261635469583712,0.5130894930245129
COPZ2,ENSG00000005243,chr17,48016166,48048030,104,0.2627431815035708,0.19744056111613317,0.20382519554959608,0.21407468747481778,0.1284303135411794,0.1484159143425719,0.16169170858534082,0.07153344523322439,0.05825765099045549
NFE2L1,ENSG00000082641,chr17,48038328,48071545,95,0.2941215711970031,0.2384081847836831,0.29476269319732984,0.20281027471982555,0.2855292766457232,0.13571793422728534,0.08139693208147086,0.1366266081627587,0.19094761030857316
CBX1,ENSG00000108468,chr17,48060051,48111478,186,0.5145833304211324,0.6201706624581272,0.6337810817615843,0.4103139739538105,0.5389859292999497,0.3431284480406087,0.36093578376112284,0.6249047908338902,0.607097455113376
SNX11,ENSG00000002919,chr17,48093356,48133601,175,0.5837629992805219,0.6318268700244345,0.6676261275039738,0.5135097417362082,0.5430767818573321,0.3871038177720403,0.46825023810765726,0.6120981717835396,0.5309517514479226
SKAP1,ENSG00000141293,chr17,48123441,48440275,1364,0.44918197559762274,0.670826511378919,0.6774840210055081,0.3999326256589267,0.5897945163164648,0.28795926904095503,0.36539331027506133,0.8232110771239701,0.7457770358898639
HOXB1,ENSG00000120094,chr17,48518525,48541011,104,0.5642442969379136,0.7685661590861108,0.6413503725118128,0.5438487950858403,0.6653962447868524,0.6343627011872557,0.5767919489481788,0.8290985295019807,0.8866692817410575
HOXB2,ENSG00000173917,chr17,48530893,48555109,101,0.399364951142806,0.6596611688017657,0.6660111835021572,0.4485005127541268,0.6658362714384464,0.24546679694367668,0.2884018822268375,0.8323467983191007,0.78941171303594
HOXB3,ENSG00000120093,chr17,48538869,48614912,357,0.43763982933534057,0.6477315379502995,0.6472225744974903,0.4600101960207447,0.6189622854205026,0.2885282677598602,0.3473549092806906,0.7548334500363814,0.6960068085155511
HOXB4,ENSG00000182742,chr17,48565506,48588350,103,0.4260585795333644,0.6918966369182676,0.6186552620645454,0.45864187554809016,0.7281694915254238,0.38424820585447594,0.24420883597080922,0.7930717520320898,0.9331111219157566
HOXB5,ENSG00000120075,chr17,48581256,48603779,113,0.49138578902770963,0.6460587009798919,0.671227443668158,0.48414709783663645,0.6398899809893621,0.30115030058948566,0.3396060715930672,0.7374739009859568,0.6990181299823752
HOXB6,ENSG00000108511,chr17,48585750,48614992,147,0.45266697035134834,0.6573099246653594,0.6137757280445137,0.5134894585563593,0.6646194407191197,0.36114479020222046,0.349468063171827,0.7097840205327717,0.7214607475631651
HOXB7,ENSG00000260027,chr17,48597231,48643572,220,0.40647001789928194,0.5713107627453564,0.5174809024929464,0.44964941284026755,0.5896031114075948,0.3199778906707798,0.2767961086532176,0.5270451205634112,0.5702269025809734
HOXB8,ENSG00000120068,chr17,48601376,48625292,120,0.360065777554803,0.5509271387720234,0.5316516060803054,0.4050320695794485,0.5409354251547988,0.2442085933655379,0.2706267552086918,0.5563615365895825,0.5299433747464286
HOXB9,ENSG00000170689,chr17,48611155,48636358,110,0.2969021623059929,0.503658070073831,0.4830225579660491,0.31391410202859016,0.4903287903158486,0.19649670111568124,0.2016266051257677,0.5039935138000746,0.4988636097899882
PRAC1,ENSG00000159182,chr17,48711718,48732518,89,0.3291716871902288,0.3068783792772505,0.21175212441707997,0.3434466063288998,0.24527405922405546,0.26392458152071646,0.25295023303824715,0.10262521479121756,0.11359956327368687
PRAC2,ENSG00000229637,chr17,48713184,48734758,88,0.32112614803021156,0.39171178001870255,0.24006630938595,0.3540174437038981,0.22586477899782623,0.3049511591621026,0.3390402625029596,0.19215530415631554,0.15806620081545852
HOXB13,ENSG00000159184,chr17,48714762,48738750,106,0.3135830615252813,0.3063888190122235,0.2270509642795178,0.34685439937846857,0.1623645598447117,0.24228581209842145,0.3073133136781663,0.12355792132272159,0.058530419742976764
TTLL6,ENSG00000170703,chr17,48752233,48827229,362,0.37922647775625445,0.476798663585296,0.4630854499717534,0.3808516183613857,0.44262007415635307,0.2513307823654932,0.2713455346015793,0.3964581421674676,0.37644338993138154
CALCOCO2,ENSG00000136436,chr17,48821017,48876522,255,0.4695649927761874,0.5718773342278874,0.5074724256721248,0.5338673122540286,0.6047320065406122,0.3870992657363198,0.34171959512303557,0.4612462564553149,0.5066259270685991
ATP5MC1,ENSG00000159199,chr17,48882764,48905871,80,0.41502180650153314,0.3843297848707003,0.322787326527387,0.42775736856707186,0.31301598742870723,0.3157273089973899,0.3338958810876659,0.16931651486010246,0.1511479427698264
UBE2Z,ENSG00000159202,chr17,48898406,48939056,185,0.46825555975238986,0.4184406078854195,0.30927360713332225,0.4026767887495069,0.2943968252425432,0.40181148243356446,0.35431841048481294,0.1402306937527959,0.18772376570154747
SNF8,ENSG00000159210,chr17,48919315,48954842,182,0.4394022556238628,0.4494939491842146,0.37202145807720194,0.413621759681169,0.24552541843365933,0.35520985661334337,0.4244869386338116,0.24170747477548332,0.17243039275501515
GIP,ENSG00000159224,chr17,48948553,48978596,158,0.39479471071082073,0.4413439538492725,0.35939428694552045,0.4496194992900833,0.3436327092126739,0.31953386553370783,0.37916598275559305,0.26268743172527,0.20305531450338482
IGF2BP1,ENSG00000159217,chr17,48987384,49066145,325,0.3691485544057753,0.4068123983332219,0.2813476454248205,0.41806865637572527,0.2804219494866977,0.32627594510289665,0.3672785472382466,0.19596862459791628,0.15496602246256636
B4GALNT2,ENSG00000167080,chr17,49122459,49186840,333,0.3061597054716262,0.4050713841725805,0.379018058912299,0.29182143723169723,0.36636781190779544,0.20418702215165263,0.2040431129807813,0.31512683188153356,0.31527074105240493
GNGT2,ENSG00000167083,chr17,49192790,49220574,148,0.4175098015446072,0.43828868308868324,0.45563701231272663,0.40183707864515095,0.4696680518996877,0.25453557727190573,0.22820359955946362,0.32223165476697696,0.348563632479419
ABI3,ENSG00000108798,chr17,49200410,49233225,155,0.48929258875113757,0.4737212134046271,0.4546317877926605,0.4825927765616408,0.364075402759464,0.35379426694349386,0.4240869809695856,0.2881299271692378,0.21783721314314614
PHOSPHO1,ENSG00000173868,chr17,49213365,49240787,122,0.4066511234122539,0.4297224271940181,0.3437931664763633,0.4573662145417643,0.31877740876480115,0.33116277516666187,0.3945432574087328,0.23046929168315428,0.16708880944108334
ZNF652,ENSG00000198740,chr17,49279205,49372473,454,0.36588086485509563,0.4064869068741822,0.35581897871366164,0.3717711711734566,0.37297737036693246,0.2687194663796755,0.25988707949786016,0.2529765379269645,0.2618089248087798
PHB,ENSG00000167085,chr17,49394051,49424901,123,0.29135634809106115,0.3327394675686248,0.31873741341141193,0.3233468195673902,0.39565737846644955,0.1825848669766307,0.14577857225719498,0.2219898390101202,0.2587961337295559
NGFR,ENSG00000064300,chr17,49485292,49525008,255,0.33374637693292564,0.34735462381032006,0.3145757934982544,0.3177824092263046,0.27592378277537316,0.2275444392654217,0.24313468504203023,0.19917692657769406,0.18358668080108548
NXPH3,ENSG00000182575,chr17,49565870,49593827,114,0.4307755287343871,0.6305982948958613,0.585455075024903,0.4372036478650112,0.5564787537630989,0.33938854495654985,0.37884922910262264,0.6564820503963342,0.6170213662502615
SPOP,ENSG00000121067,chr17,49588883,49688163,360,0.3305905109206436,0.613784617758235,0.4486886485856158,0.2888446428625446,0.48344538816360555,0.3786319157627819,0.31582509320347424,0.5727281642880228,0.6355349868473303
SLC35B1,ENSG00000121073,chr17,49690933,49719014,129,0.4891139702931662,0.6019313515404309,0.5961850983235574,0.489603352401782,0.547053381358292,0.3429704411615172,0.40085846003859593,0.5781603638430057,0.5202723449659268
FAM117A,ENSG00000121104,chr17,49700331,49799180,299,0.42657262313327055,0.6007124886786755,0.5969183795998783,0.41462816104745237,0.6028387652164586,0.282790659087922,0.2650843027876496,0.6352828827445993,0.6529892390448717
KAT7,ENSG00000136504,chr17,49778647,49845026,216,0.4086693383082147,0.575385834125515,0.47639976783875926,0.4236720207264564,0.4925818260252534,0.36746374431717405,0.3646164623317425,0.489110623082611,0.4919579050680426
TAC4,ENSG00000176358,chr17,49828308,49858017,0,,,,,,,,,
DLX4,ENSG00000108813,chr17,49958969,49984959,171,0.44813590528575575,0.634453244506712,0.5560871923118069,0.4856930302090092,0.6507435912273594,0.39434371964912707,0.3096735646763621,0.6120173663182391,0.6966875212910041
DLX3,ENSG00000064195,chr17,49980004,50005224,180,0.5130541088399404,0.5048172439996294,0.445827242274248,0.5855928249984614,0.5437116041757736,0.41607592261767523,0.3995522160550392,0.2867524578936597,0.3032761644562958
ITGA3,ENSG00000005884,chr17,50045967,50100481,320,0.28390534209065327,0.33836978098179915,0.27710627444102914,0.3774216048163207,0.35827323225129803,0.21124915953667206,0.22167076094866123,0.20179930111674968,0.19137769970476054
PDK2,ENSG00000005882,chr17,50084736,50122152,210,0.37936770974369166,0.45291818503313486,0.36211906257079823,0.4092221912609519,0.45806951690021847,0.31528489176711155,0.2584273310478581,0.2878720256542333,0.3447295863734868
SAMD14,ENSG00000167100,chr17,50100039,50140160,194,0.4219981271052066,0.5314047870638313,0.38813469406642154,0.4400237631572603,0.4742708845648323,0.4074755148042226,0.3474538552155186,0.3505404538282546,0.41056211341695864
PPP1R9B,ENSG00000108819,chr17,50123736,50160677,0,,,,,,,,,
SGCA,ENSG00000108823,chr17,50154213,50185928,160,0.569652224353343,0.6094971714557648,0.5279765798104425,0.6015871235711695,0.6015588535964883,0.5163775036816418,0.47019551014933103,0.4239425626558604,0.47012455618817117
COL1A1,ENSG00000108821,chr17,50174100,50211632,258,0.5722480454659332,0.5096972422062349,0.5119229674869361,0.601190016266983,0.5459132979696358,0.42233098522032275,0.42126764343355794,0.29040122041360245,0.29146456220036715
TMEM92,ENSG00000167105,chr17,50261405,50291485,219,0.44503139030281924,0.6773326252581938,0.5559375921630562,0.4457383854266015,0.56994250589874,0.45409342181588225,0.438707694567906,0.6770398641124489,0.6924255913604253
XYLT2,ENSG00000015532,chr17,50336125,50373138,281,0.3743608901660936,0.4835285766603219,0.48060392094802445,0.331645214439174,0.4306626271015806,0.2373141833373345,0.25019467586121713,0.42342113612845655,0.4105406436045739
MRPL27,ENSG00000108826,chr17,50357856,50383207,182,0.3714866295920935,0.5221313364175424,0.3719692645821353,0.3496060193517989,0.346840478702865,0.3688255761592004,0.37133121630533505,0.3695937704653749,0.3670881303192402
EME1,ENSG00000154920,chr17,50363219,50391483,209,0.31137633827030814,0.4202111643430753,0.3770341448658541,0.314784572062642,0.2881929213548465,0.2224440579541269,0.29158247688292777,0.3226472602330459,0.253508841304245
LRRC59,ENSG00000108829,chr17,50365058,50407523,301,0.2948397578518255,0.4462262783604495,0.3924720901767853,0.42232864084607,0.40628386717992376,0.22098608290407293,0.3091976552184753,0.37001303746098657,0.2818014651465843
ACSF2,ENSG00000167107,chr17,50416157,50484845,367,0.29145820970227354,0.6148849853004652,0.5218151163165566,0.32500538378071586,0.49970053759390454,0.28050082595324627,0.32735768945500154,0.6737124238755486,0.6268555603737933
CHAD,ENSG00000136457,chr17,50454495,50478906,136,0.35052231772951925,0.6202941595207588,0.5131073348545646,0.4045811457736957,0.5075653736492014,0.34011682729792125,0.389227514448661,0.6282416027389981,0.5791309155882582
RSAD1,ENSG00000136444,chr17,50468859,50495974,159,0.3776052790532752,0.6444227038697442,0.45352651696060087,0.358571411580028,0.43379356534257635,0.451961958992856,0.45463675155635846,0.5820506650406398,0.5793758724771375
MYCBPAP,ENSG00000136449,chr17,50498383,50541501,293,0.5577785433274766,0.7461124354782233,0.6318598051784822,0.5329036361237218,0.5776911405183657,0.5937584046702191,0.6350325635774199,0.7771053646590433,0.7358312057518426
EPN3,ENSG00000049283,chr17,50522681,50553750,209,0.5231988607323697,0.6812431838941528,0.692143327568166,0.45317837286168355,0.6415315637097266,0.3529308095712489,0.36052237748019544,0.7903959893054024,0.782804421396456
SPATA20,ENSG00000006282,chr17,50533057,50565852,138,0.36665640419087375,0.8346805278990127,0.8046338748718245,0.36579937769002263,0.776201912610656,0.3118688825883048,0.3791271944767769,1.4880065999504917,1.4207482880620197
CACNA1G,ENSG00000006283,chr17,50550714,50637474,95,0.4874353127658219,0.6820940583859966,0.7072751791354671,0.3712014107786843,0.6152670272371022,0.29290289438855477,0.3273691199733713,0.8530968266532986,0.8186306010684821
ABCC3,ENSG00000108846,chr17,50624776,50702253,329,0.40926694072267056,0.5317627141090127,0.5142644586663894,0.3595108824867432,0.41837074392542195,0.2815400867812011,0.3311905937683698,0.47724000364048613,0.42758949665331747
ANKRD40,ENSG00000154945,chr17,50683197,50717914,127,0.3381447832154601,0.5987719664495538,0.6191672691618219,0.35251293081519924,0.5376541757687785,0.18026938844152013,0.28821983822160646,0.7329559626405729,0.6250055128604867
LUC7L3,ENSG00000108848,chr17,50709564,50766219,255,0.3943550599803469,0.7154205319159388,0.7407299262965412,0.33589269982642805,0.7047356826104035,0.2041595531059197,0.2230849761275182,1.0525831858866355,1.033657762865037
ANKRD40CL,ENSG00000167117,chr17,50751028,50777557,171,0.5213958088106404,0.7264365654051405,0.6633196178304895,0.5427737949868565,0.533090535984892,0.47224093724211813,0.6585894363703764,0.8239808104096017,0.6376323112813438
WFIKKN2,ENSG00000173714,chr17,50824649,50852353,179,0.42606281767595083,0.4810671546285278,0.46031183357752053,0.46183369446611916,0.45035578115402874,0.29722617391782036,0.33854218006793557,0.35875462261817787,0.3174386164680626
TOB1,ENSG00000141232,chr17,50852222,50877978,128,0.37468946476993975,0.5605205764057214,0.51010447737035,0.3835372800134423,0.49664913662729626,0.289054073624093,0.3097269993918703,0.5331103070892562,0.5124373813214789
SPAG9,ENSG00000008294,chr17,50952173,51130868,737,0.24459985880225968,0.4597747646371247,0.44150964421248406,0.2937328787724367,0.42368342815952775,0.15687943848264146,0.20621635642941694,0.4588896853804092,0.40955276743363367
NME1,ENSG00000239672,chr17,51143558,51172428,153,0.20606962828400016,0.49310505411720806,0.4935250122666544,0.21781472010872874,0.4417507087681666,0.11496533987675156,0.1710827409993404,0.5644861643163787,0.5083687631937899
NME1-NME2,ENSG00000011052,chr17,51143589,51181744,190,0.24355398375781312,0.5485177391065642,0.5485738724314967,0.22812300553063797,0.4717333827318502,0.13949988463780527,0.2079975528171218,0.6557193115317028,0.5872216433523862
NME2,ENSG00000243678,chr17,51155434,51181744,111,0.3189798621405698,0.5945048558041597,0.5432407288426404,0.33433875932347723,0.47373970050827174,0.2516054983911674,0.33383072156891835,0.6510408819633288,0.5688156587855777
MBTD1,ENSG00000011258,chr17,51167424,51270163,521,0.4111397868515709,0.48545565561831683,0.4927948679520421,0.39247894899720964,0.4795038364343235,0.2576001166229283,0.25493461451682436,0.4068734215247781,0.40953892363088196
UTP18,ENSG00000011260,chr17,51250545,51307936,283,0.48220938265169183,0.40284216193031364,0.3887017608377113,0.44526164270545526,0.32261290574361184,0.3407939123885287,0.3576600645939024,0.17477990276830185,0.1579137505629281
CA10,ENSG00000154975,chr17,51620312,52170017,3424,0.4574692418087381,0.4989090386624869,0.4638004667530451,0.46943245120759985,0.46428579730175107,0.33961460460276166,0.3503105846951512,0.35135303021853787,0.3406570501261482
KIF2B,ENSG00000141200,chr17,53812926,53835193,220,0.46817125567218854,0.6030202319992343,0.5565192061766857,0.5166506826806165,0.5540109660064818,0.37110146416900874,0.4217123547759516,0.5527684976392516,0.5021576070323088
TOM1L1,ENSG00000141198,chr17,54889386,54971956,501,0.33222634551652885,0.5614070704544782,0.4836337454866053,0.36505671274905604,0.48169519448353265,0.2835252986881787,0.31060568849448555,0.5406582649473536,0.5135778751410467
COX11,ENSG00000166260,chr17,54941901,54978703,230,0.33893390117256605,0.5330053646137684,0.4515292236921317,0.3058870837649488,0.4290636259035727,0.28735883734981843,0.28304031626927284,0.4740786714250514,0.4783971925055971
STXBP4,ENSG00000166263,chr17,54958726,55183632,1428,0.374231117346348,0.5746095606070951,0.4743238106534489,0.40171876205108104,0.43565716309992997,0.34022607926804316,0.3981744217796982,0.5145217715942456,0.4565734290825906
HLF,ENSG00000108924,chr17,55254959,55335187,450,0.3712082063134362,0.36550792638359264,0.33648105501359316,0.34442984902625096,0.31692015402892104,0.25434385021531736,0.24801846262814914,0.20058663402073437,0.2069120216079026
MMD,ENSG00000108960,chr17,55382621,55431924,279,0.42815297890703324,0.7513194546408618,0.6606966454883324,0.4278967106248757,0.6345679291815213,0.43480460245317754,0.4716735074111986,0.9567815541145519,0.9199126491565308
SMIM36,ENSG00000261873,chr17,55438432,55521444,547,0.4153255474634652,0.8184615537816016,0.6848511937887772,0.4357260349585086,0.6591866024303681,0.544138774910899,0.6010415209682486,1.1621490479033008,1.105246301845951
TMEM100,ENSG00000166292,chr17,55709626,55742121,200,0.20466394278692282,0.3015155139387222,0.23642295948068034,0.27231523720126877,0.24247163811964695,0.15904579803222763,0.19951767636009157,0.19979651286278532,0.15932463453492146
PCTP,ENSG00000141179,chr17,55741050,55852830,693,0.39379024777120714,0.2623168016097656,0.3182135889578984,0.47405662582958813,0.3601083392144518,0.2108655967744793,0.2501730728729926,0.09337522024406852,0.05406774414555521
ANKFN1,ENSG00000153930,chr17,55872300,56527016,4046,0.3448728726369638,0.3582011743930936,0.3718663511033839,0.38420836984613277,0.38966924229513694,0.20070201815563612,0.21728638627002822,0.2427783619951945,0.22619399388080244
NOG,ENSG00000183691,chr17,56583698,56605611,100,0.5660906407966585,0.6239001604894073,0.4683278547672654,0.5437694883563123,0.4609905680977206,0.5905460043551661,0.5723177600470601,0.387354635870812,0.40558288017891797
C17orf67,ENSG00000214226,chr17,56781912,56848773,359,0.3903550852679154,0.31482205021912035,0.21029791354097652,0.4893790091304303,0.2377214130840882,0.3184278908325422,0.38938058404420406,0.059648802922519284,0.0
DGKE,ENSG00000153933,chr17,56824106,56879567,322,0.38570403016785165,0.3742328337224774,0.30352922796098336,0.5294486654168379,0.3541580636290243,0.2971629483243978,0.39271332485248006,0.17161396759784986,0.07606359106976768
TRIM25,ENSG00000121060,chr17,56826386,56924080,571,0.4344689550393437,0.37081225754067304,0.36360304011904276,0.5437341109310844,0.45701060530961846,0.29069145811748237,0.3186698241394676,0.17263413102202924,0.1446557650000439
COIL,ENSG00000121058,chr17,56928198,56971050,223,0.39185752528514717,0.486999613742038,0.39213175508410025,0.3563975293351752,0.4183783228662399,0.33351382449351585,0.2831088120080472,0.33396485637863815,0.3843698688641067
SCPEP1,ENSG00000121064,chr17,56968128,57016768,273,0.4546737707952436,0.48758761741039464,0.3488233620112376,0.4875667150133629,0.401521845105731,0.4230111404135673,0.41192252052780204,0.24561440297223996,0.2567030228580053
AKAP1,ENSG00000121057,chr17,57075091,57131346,384,0.39597316799022253,0.4721558941142484,0.4596767980837731,0.34334640822107415,0.42847872072212645,0.2637515773266693,0.25004969381537656,0.37520271554950957,0.3889045990608023
MSI2,ENSG00000153944,chr17,57245850,57694689,3011,0.4523097904765915,0.5125692672378211,0.48853775361942575,0.45652100529475076,0.49040994690184914,0.3250855211601843,0.3271113063462412,0.3935215641209985,0.39149577893494164
CCDC182,ENSG00000166329,chr17,57734494,57755299,166,0.44901513926233316,0.41820744165622714,0.3365516345378566,0.4468291153873842,0.29795383244474355,0.3636925101171221,0.38998676190365517,0.17794881363206716,0.1516545618455341
MRPS23,ENSG00000181610,chr17,57824780,57860056,186,0.6193913136082994,0.6321064686949923,0.6128269928477255,0.5933283123329074,0.6430036364889785,0.5085307811638105,0.434840549779111,0.491430918615621,0.5651211500003206
CUEDC1,ENSG00000180891,chr17,57851242,57965412,679,0.413690447440472,0.6304658893819637,0.6072617464869053,0.4138366201978926,0.5934867558620748,0.2974038494175165,0.3147650903827046,0.6981083778268053,0.6807471368616173
VEZF1,ENSG00000136451,chr17,57961546,57998259,154,0.1404119966544417,0.11825629418990415,0.0015129460876973917,0.12151611783045888,0.03361114550276617,0.13782091341937552,0.11061129090872646,0.0,0.015242557275785218
RP11-159D12.5,ENSG00000266086,chr17,57979037,58017246,172,0.26975133880237834,0.2308713476931086,0.2551266756926858,0.17908923674394042,0.2112784378741826,0.14116304339896094,0.11124798666479939,0.12133398188189809,0.1512490386160596
SRSF1,ENSG00000136450,chr17,57990918,58017346,125,0.27982615509570186,0.21463682046596622,0.36493912733198236,0.3113824289545104,0.34140414457669244,0.05791862087348479,0.09851651418847532,0.18369039822739436,0.1430925049124038
DYNLL2,ENSG00000264364,chr17,58073418,58105542,39,0.6739876660409163,0.7568599359406392,0.8397887600548569,0.5798803803003659,0.2188084080867586,0.35183779281697114,1.017199281378263,1.0622798135705755,0.3969183250092837
OR4D1,ENSG00000141194,chr17,58138383,58169585,70,0.030108360166408075,0.1182706780552382,0.059878732778194846,0.13209687411360782,0.113487167264376,0.047347341087878574,0.0735428300627613,0.07852282020730503,0.05232733123242231
OR4D2,ENSG00000255713,chr17,58156981,58181411,170,0.10201423645158372,0.1253053207122623,0.06735687901993435,0.185778012204052,0.0988548875189905,0.08587439874609067,0.11765682607436653,0.048005992728317695,0.01622356540004183
EPX,ENSG00000121053,chr17,58182725,58215174,176,0.18381693578833005,0.17042822377762865,0.04352307663105338,0.22013409069235929,0.08597871712257549,0.17273181643255803,0.17278875321914805,0.014113827159983938,0.014056890373393915
MKS1,ENSG00000011143,chr17,58195440,58229605,146,0.14653838069563282,0.10972595899807545,0.09668041779927894,0.23593688976178007,0.12028759329105244,0.08650089110895087,0.12858530256701944,0.029725061303819772,0.0
LPO,ENSG00000167419,chr17,58208547,58278518,338,0.22209570689554586,0.249787873034503,0.09240404260608402,0.22540211983259356,0.10571150252475049,0.22079753758829285,0.21554183665926385,0.0666017389000402,0.07185743982906914
MPO,ENSG00000005381,chr17,58259854,58290935,152,0.23276237436549746,0.07109077145413256,0.07017058405906,0.1922484292351041,0.07915494416348791,0.13297441707930982,0.102390745898072,0.0,0.0
TSPOAP1,ENSG00000005379,chr17,58291227,58338795,274,0.24812024546925412,0.41001302858352173,0.4299481588028126,0.22017598635043778,0.3231347581646295,0.12540286027923603,0.1930293775637433,0.4022519643919066,0.3346254471073993
SUPT4H1,ENSG00000213246,chr17,58335174,58363093,151,0.25916310153158695,0.39468550608726566,0.3464073209240698,0.21932120433053764,0.2671862198727155,0.18835549144191652,0.21936747860647368,0.3136516399222606,0.28263965275770336
RP5-1171I10.8,ENSG00000285897,chr17,58335205,58427595,402,0.4560276803831749,0.599172860424425,0.5628296417064754,0.3845068088415048,0.5076993574677331,0.34782480526462206,0.3454453633246664,0.5664002127274024,0.5687796546673582
RNF43,ENSG00000108375,chr17,58343675,58427595,350,0.49723693081326076,0.6093804289037605,0.5906732163734884,0.39865689822082273,0.5163498044408728,0.36720797593326754,0.3611087045419737,0.5728131806484085,0.5789124520397022
HSF5,ENSG00000176160,chr17,58410166,58498408,286,0.5480628854392442,0.7155481726114749,0.6554371916809265,0.4293548965472141,0.6334744061069483,0.49296235580316117,0.4072461171810736,0.764229007715646,0.8499452463377335
MTMR4,ENSG00000108389,chr17,58479528,58527905,151,0.5932443389977128,0.6633805737988249,0.6250368651277521,0.5158350448526902,0.6292750248589281,0.5037086681788335,0.41091855080452727,0.585093617695961,0.6778837350702672
SEPTIN4,ENSG00000108387,chr17,58510249,58554368,139,0.4645203635403862,0.5938890420407354,0.5098861952327338,0.41059021398225976,0.59315737158714,0.40630180900280843,0.2652168180122608,0.49482705224983026,0.6359120432403779
TEX14,ENSG00000121101,chr17,58546677,58702055,602,0.34670559008236224,0.616574128134972,0.549915154992378,0.3103713144506369,0.5534142284983651,0.29300859744479224,0.26204356699935133,0.6656003731163344,0.6965654035617752
IGBP1P2,ENSG00000266826,chr17,58650423,58702018,194,0.3015135874017207,0.6113401456424712,0.5711809345569275,0.3048460670191879,0.5629076847851595,0.22858503655683193,0.24053092067446658,0.7164656917185849,0.7045198076009502
RAD51C,ENSG00000108384,chr17,58682572,58745611,197,0.344473095224813,0.6238907799972822,0.5754750357251591,0.2787861169554431,0.5295658569514273,0.27170358234960135,0.27529796746859947,0.7061721166927869,0.7025777315737888
PPM1E,ENSG00000175175,chr17,58745853,58995179,787,0.4014844836747919,0.7106009073500742,0.6411610774983288,0.35603083573417815,0.6232841650305531,0.36418487700632507,0.3518944532615149,0.8757637230634894,0.8880541468082995
TRIM37,ENSG00000108395,chr17,58972637,59116921,546,0.3977230053880563,0.6112558530031379,0.5682824254076742,0.4272175002605622,0.5259514460977135,0.30594401003236904,0.3778187796759309,0.6388898615262911,0.5670150918827291
SKA2,ENSG00000182628,chr17,59099856,59165260,228,0.38177203750859745,0.7673935452360447,0.6693142906868468,0.35467051149106293,0.6674264208799138,0.4163592168066237,0.3977536968662774,1.0420480719860676,1.0606535919264142
PRR11,ENSG00000068489,chr17,59145731,59216709,300,0.3898432269375712,0.7708426097153203,0.6945535546770849,0.34572893928449205,0.7201488722292654,0.39070237501907845,0.3120411307057732,1.0826438426674903,1.1613050869807953
CTD-2510F5.6,ENSG00000265303,chr17,59187565,59225226,151,0.47133348364935396,0.7635050173448987,0.6415517460488275,0.37891592471386015,0.626608967955122,0.5266273831232677,0.46649402018004693,0.9152009031409236,0.9753342660841444
SMG8,ENSG00000167447,chr17,59199399,59225239,99,0.40989778168617347,0.73499988197566,0.5599647581885762,0.40508179554158386,0.6015303405307145,0.517292026539568,0.4636162207579133,0.8107329810815782,0.8644087868632329
GDPD1,ENSG00000153982,chr17,59210466,59285970,307,0.35709446362331554,0.7103873654648004,0.5974608508957427,0.3008732560949869,0.6524197075106238,0.38550277309479325,0.27018732008628954,0.8537082187887632,0.969023671797267
YPEL2,ENSG00000175155,chr17,59321654,59411729,518,0.36775162303885556,0.49384426757207817,0.42855518310955004,0.41976981926039064,0.4129690768758539,0.2898982435940276,0.34628174783711835,0.391012641855923,0.33462913761283214
DHX40,ENSG00000108406,chr17,59555557,59618345,147,0.35440485840927566,0.6505856453126907,0.6059801115957637,0.2813267655658731,0.5333838344042426,0.2788627965006708,0.30979851033062245,0.7726340018037062,0.7416982879737546
CLTC,ENSG00000141367,chr17,59609688,59706956,360,0.6387363252477252,0.739277941949192,0.6143999444410142,0.5742449851659619,0.6052612242250873,0.7047464824443215,0.6343302357212304,0.639553868319168,0.709970115042259
PTRH2,ENSG00000141378,chr17,59664635,59717626,178,0.6201801456830822,0.7327944693500129,0.6211163493157074,0.5169264485710044,0.6628492287289982,0.6586346169690165,0.48004921967041736,0.6611025220244708,0.8396879193230699
VMP1,ENSG00000062716,chr17,59697191,59852255,564,0.522535376908321,0.7209424954144723,0.625750066345021,0.48403933713617897,0.6575662587798452,0.5163855926939891,0.4331925318265325,0.7599518160789058,0.8431448769463623
TUBD1,ENSG00000108423,chr17,59849478,59902945,221,0.4265025639817075,0.6984345251143684,0.5974968659042221,0.38538113228806137,0.6265850088532197,0.4223587700977394,0.35022807609159534,0.7764093524940292,0.8485400465001733
RPS6KB1,ENSG00000108443,chr17,59883045,59960574,229,0.29138747458024544,0.7239363004671403,0.6314316480033423,0.34861430374278274,0.6417750340079161,0.31672047872438963,0.3445914480076603,0.9704031657608486,0.9425321964775779
RP11-178C3.1,ENSG00000267318,chr17,59930907,59983101,111,0.4527481521313616,0.7486398656403899,0.6093049322927966,0.46201598632000146,0.6205473449757445,0.5219434173191776,0.5158847787160894,0.8589251526251971,0.8649837912282854
RNFT1,ENSG00000189050,chr17,59942239,59974761,76,0.44618123120051406,0.6977787484266096,0.5775592106695981,0.44191988612922617,0.561871817085955,0.4629038505108376,0.4773024530172985,0.7336920582283268,0.7192934557218659
HEATR6,ENSG00000068097,chr17,60031007,60088922,207,0.18982190044651634,0.15344920531647924,0.11377996684184317,0.17513489628363,0.09144284450523722,0.1281481191910762,0.13161150457610898,0.03843695448532422,0.03497356910029144
CA4,ENSG00000167434,chr17,60139941,60180899,199,0.4749626813966487,0.6702915125920237,0.5786889041649721,0.5287427239633263,0.5723714279495941,0.44472427453452573,0.5061986022001751,0.6648221118805923,0.603347784214943
USP32,ENSG00000170832,chr17,60167326,60432470,947,0.3480943052090523,0.5226406992508688,0.5341239432360715,0.4059208391069484,0.6213304999432169,0.2017527675817698,0.14456851787393055,0.5377330530168175,0.5949173027246568
C17orf64,ENSG00000141371,chr17,60382428,60441426,286,0.22279994713591345,0.5708321846464051,0.5894034831553445,0.29598380456169937,0.6262099558039281,0.1039102472521169,0.1064000792069284,0.7419970113117548,0.7395071793569432
APPBP2,ENSG00000062725,chr17,60433157,60536242,619,0.45052482906943164,0.5296253933318431,0.5095299677257147,0.4086031338687556,0.5354348889128853,0.3203132295765395,0.2564201404702391,0.4339126367014198,0.4978057258077201
PPM1D,ENSG00000170836,chr17,60590182,60676280,328,0.36186797573279983,0.3130531428500625,0.4031957653382738,0.2947422779240962,0.4118393734429234,0.1542711463266504,0.09696756523626193,0.22122719837433047,0.27853077946471894
BCAS3,ENSG00000141376,chr17,60667452,61402838,3558,0.5445472847382877,0.45233527926797124,0.6011813361003865,0.5110901279773326,0.6176719058245701,0.23465346850662383,0.17809648315619692,0.3674385342495593,0.4239955195999862
TBX2,ENSG00000121068,chr17,61389842,61419466,183,0.4094028473922052,0.48099000791112034,0.36777351901944483,0.5647280365717771,0.4425673859577435,0.3619728406219046,0.45160136438183274,0.2938593027999428,0.20423077904001463
TBX4,ENSG00000121075,chr17,61442403,61495110,328,0.34978876062680153,0.4494441760554876,0.3819592737833146,0.27786891458720603,0.3948355785851834,0.27304199181762323,0.21006021647587736,0.3237849302492537,0.38676670559099957
NACA2,ENSG00000253506,chr17,61580420,61601219,141,0.3314862066056306,0.42755599149910073,0.3653603521704875,0.3426159816487047,0.26724437855573874,0.2529203372413137,0.3331921254022525,0.3049200128404853,0.22464822467954648
BRIP1,ENSG00000136492,chr17,61669138,61873559,799,0.5180823957331763,0.6763585755000934,0.6358332921871347,0.5395778370612807,0.6151310850631375,0.4239788439563248,0.4744390360267138,0.7041402466006597,0.6536800545302708
INTS2,ENSG00000108506,chr17,61855366,61938016,287,0.38185913875678884,0.6182064005607222,0.5341422693886355,0.33827723025857215,0.5566227627858846,0.34001952904904825,0.28122469977860237,0.6228556029535757,0.6816504322240216
MED13,ENSG00000108510,chr17,61932604,62075278,607,0.4162435231706722,0.6419471192884134,0.5810032467150741,0.4202369611018521,0.6137533352723228,0.3477269295206094,0.31046565936721837,0.6793476624842159,0.7166089326376068
EFCAB3,ENSG00000172421,chr17,62333940,62426480,234,0.4936335800906,0.5848946400570949,0.5809043980619101,0.5888610148440055,0.6549927457614062,0.34503070758481996,0.3519285172266168,0.5341922040080409,0.5272943943662441
METTL2A,ENSG00000087995,chr17,62413874,62463385,3,0.0666666666666667,0.0666666666666667,,0.02644136166863441,,,,,
TLK2,ENSG00000146872,chr17,62448657,62625481,274,0.5183546122124245,0.42459990465611736,0.5163508994443291,0.4801692857215625,0.42702309543479033,0.27842058689578014,0.3250159313949155,0.2742690752687445,0.22767373076960928
MRC2,ENSG00000011028,chr17,62617669,62703597,404,0.6314573798806518,0.47652232859324195,0.4214748814747279,0.6352296962611855,0.4231941442564068,0.5490932522736758,0.5527493947389723,0.09816764982564596,0.09451150736034952
MARCHF10,ENSG00000173838,chr17,62691313,62818344,790,0.40199959186268475,0.4118669904821417,0.33484252338052506,0.39307129959355264,0.35705209733256266,0.3186172665575893,0.29422726338446775,0.21218488344376601,0.23657488661688753
TANC2,ENSG00000170921,chr17,62999555,63437699,1821,0.43856204655220765,0.4534095292681454,0.43062518463385163,0.4315057690424955,0.4164678152384676,0.3090465582248807,0.3150819411850426,0.2950088811293911,0.28897349816922924
CYB561,ENSG00000008283,chr17,63422303,63456354,162,0.3347129661659669,0.47306015293118087,0.4517782073231917,0.3032050736521727,0.4274553174078869,0.2235651190061465,0.22213425778374318,0.41710376013374706,0.4185346213561504
ACE,ENSG00000159640,chr17,63467060,63508380,200,0.5091478927392659,0.6851606510190359,0.47480030457825295,0.4382798432710843,0.45856751730138334,0.6116642303867652,0.5594536811740385,0.544028543100658,0.5962390923133847
CTD-2501B8.1,ENSG00000264813,chr17,63474822,63531848,257,0.46204279379154434,0.6497685064513058,0.527047525395241,0.4061246568394895,0.4777373573932056,0.46018841264065047,0.46033105187904366,0.5889725203541872,0.588829881115794
KCNH6,ENSG00000173826,chr17,63513333,63558977,236,0.27396581907872425,0.31674609448522506,0.11987106041190915,0.3351715348291456,0.28444803263363644,0.2866800311142754,0.22720695251747627,0.09420870699146205,0.15368178558826115
DCAF7,ENSG00000136485,chr17,63540476,63604279,0,,,,,,,,,
TACO1,ENSG00000136463,chr17,63590881,63618365,124,0.10183101005079921,0.07089130583487245,0.009961681264696752,0.11398748155123761,0.014942922246293042,0.0854574792673664,0.089749026264802,0.0,0.0
MAP3K3,ENSG00000198909,chr17,63612414,63706305,448,0.29979217026146,0.5173896893355437,0.4382420213828678,0.2502853252631673,0.3936723394483709,0.2541198423505168,0.25813679732915695,0.47442591884409735,0.4704089638654573
STRADA,ENSG00000266173,chr17,63672335,63751986,416,0.5745081450591956,0.6832099277679681,0.6067504101460084,0.37885209264186703,0.575067087679315,0.5353573253258368,0.3849390153056884,0.6141586318584782,0.7645769418786267
LIMD2,ENSG00000136490,chr17,63685887,63711172,127,0.5493260073715862,0.5008616987484911,0.6312764684890623,0.40738254226533055,0.6181390181057292,0.24708748365213812,0.12768979558925625,0.4477845811626843,0.5671822692255664
RP11-51F16.8,ENSG00000125695,chr17,63692844,63762097,360,0.6429957765913106,0.7212044507372124,0.5695474090513519,0.5041944199555399,0.5890912330345995,0.7321830721962872,0.5447319508167432,0.5450934919336933,0.7325446133132373
CCDC47,ENSG00000108588,chr17,63735254,63786351,268,0.65758913298208,0.6960765226604609,0.6131371418350539,0.534616490414908,0.5187397459941162,0.6565191027744628,0.6122628517390998,0.5344602257658992,0.5787164768012623
DDX42,ENSG00000198231,chr17,63763602,63829317,368,0.653796015999459,0.6983481825012393,0.5721104385176782,0.5119758294052782,0.5582301180450641,0.7051594134059773,0.5494530159155824,0.4933224355168867,0.6490288330072815
FTSJ3,ENSG00000108592,chr17,63809432,63840012,138,0.6156311777875847,0.6882367417412492,0.5956965186074606,0.44405299248991786,0.4666887703232613,0.6080371941074321,0.5619716808500536,0.557473972722476,0.6035394859798546
PSMC5,ENSG00000087191,chr17,63817151,63842026,101,0.6521083872250719,0.7102272116269785,0.5667907930769565,0.4970084978766968,0.4963320899832852,0.728993972962843,0.6200010090433046,0.509664178495088,0.6186571424146267
SMARCD2,ENSG00000108604,chr17,63822080,63853065,102,0.6315796417438532,0.7056355236268349,0.5133979103677213,0.5029604928027895,0.4730092318886716,0.7505793622293969,0.6407250400970295,0.47235720167188966,0.5822115238042572
CSH2,ENSG00000213218,chr17,63862011,63883766,101,0.664672991514484,0.7209636620237327,0.5151002390900642,0.5617475498235001,0.43738919086531436,0.8226246263005117,0.7631031280446707,0.45378863569869143,0.5133101339545325
GH2,ENSG00000136487,chr17,63870214,63891944,112,0.6360435483705417,0.7627249109614274,0.45963401030217954,0.47864604744843026,0.47169325478836965,0.9168737721476445,0.7258914934910603,0.5216613255632494,0.7126436042198337
CSH1,ENSG00000136488,chr17,63884908,63906661,93,0.6115833121165735,0.7336859611167528,0.6113745159013831,0.4951289250609389,0.576618128199145,0.6618082410459772,0.5735252558649855,0.6612708282059946,0.7495538133869865
CSHL1,ENSG00000204414,chr17,63899596,63928838,227,0.3257186853968486,0.3237040484848484,0.18995689678660374,0.40860682926873715,0.3125575212189386,0.2872822780948966,0.2708107998686212,0.10384222255056619,0.12031370077684156
GH1,ENSG00000259384,chr17,63907199,63928839,179,0.1492443711910794,0.1559942407871484,0.022640982103184753,0.29099772900219667,0.2205213963688541,0.15416254264521354,0.13218123517713312,0.015433418052338346,0.03741472552041877
CTC-264K15.5,ENSG00000285947,chr17,63907202,63941385,287,0.15799140830612493,0.13192038174679216,0.044991661970436476,0.30631943484009444,0.25347353286602387,0.1337008478457973,0.10744566997686705,0.007770994584405222,0.034026172453335474
CD79B,ENSG00000007312,chr17,63918739,63942336,181,0.14190760084570136,0.09408599340426856,0.04435374885448077,0.2977165587903107,0.2525359868611728,0.10324346114014968,0.08057998455316842,0.0,0.018230908347996483
SCN4A,ENSG00000007314,chr17,63928553,63982918,376,0.44328297646372866,0.466976412649041,0.4673528925547234,0.4666104022907263,0.4834851988265078,0.29249582265226587,0.29852071848954503,0.33669377920144167,0.33066888336416256
PRR29,ENSG00000224383,chr17,63988350,64014305,137,0.7247199107970498,0.7320815093121248,0.7425008301530415,0.7364577186858824,0.7221998715211385,0.6251499473125133,0.6848802806291105,0.6919225366428269,0.6321922033262297
ICAM2,ENSG00000108622,chr17,63992593,64030634,214,0.7460501693743663,0.734759391852274,0.7576461251666454,0.7248937115206217,0.630182571052136,0.6401900650618352,0.8114849158459145,0.6869278446017011,0.5156329938176216
ERN1,ENSG00000178607,chr17,64029079,64140819,707,0.6753581457073788,0.7753289552480511,0.7696444843955599,0.6419599535204488,0.7291471798473731,0.57500960877217,0.6070243511810715,0.9181083611291604,0.8860936187202593
TEX2,ENSG00000136478,chr17,64137226,64273260,621,0.4630619313285254,0.5126870713214848,0.4022188586365939,0.492142071152738,0.4256040751473113,0.4130953706770962,0.42098299024308944,0.3057534275567271,0.29786580799073387
PECAM1,ENSG00000261371,chr17,64309414,64423776,125,0.5157790504731947,0.3805130226228492,0.3509709807528334,0.4911653794156282,0.3625234347572095,0.3858998594858637,0.3521290309789405,0.09296373983099332,0.12673456833791652
MILR1,ENSG00000271605,chr17,64439036,64478643,54,0.6795259062437771,0.6998533370463194,0.8091274397244549,0.6615199521694175,0.6733145354381489,0.3426442932802597,0.5840083627355548,0.8608397539945967,0.6194756845393017
POLG2,ENSG00000256525,chr17,64467784,64507054,177,0.5058629143153072,0.6083282360663066,0.27080997772000737,0.5313093708498441,0.38097745559067114,0.6632262531932198,0.6077649540615013,0.2741048736646612,0.3295661727963796
DDX5,ENSG00000108654,chr17,64488253,64518199,146,0.5226641174168712,0.5860534161413687,0.20415361625198608,0.530537663185339,0.23292636987358817,0.696602060255536,0.6865065283204183,0.18541627772172287,0.19551180965684056
CEP95,ENSG00000258890,chr17,64496864,64552461,235,0.43999324285198665,0.5739971803255237,0.34347906569385034,0.45866536881921516,0.3060316717111754,0.506157522385093,0.5508490036112037,0.3471517913954091,0.30246031016929836
SMURF2,ENSG00000108854,chr17,64532281,64672307,565,0.32469275219660637,0.39491606523120737,0.46750189824751365,0.26111093541479985,0.3822299236234219,0.13239982948632356,0.16167832242738112,0.3699882659327745,0.3407097729917169
LRRC37A3,ENSG00000176809,chr17,64844129,64929480,0,,,,,,,,,
GNA13,ENSG00000120063,chr17,64999288,65066740,389,0.750817328122576,0.8322674992204645,0.9007797757556926,0.7300020506731028,0.8851614377577313,0.4322702216405141,0.46524889873154485,1.3531146041918485,1.320135927100818
RGS9,ENSG00000108370,chr17,65090811,65237703,1192,0.42349851124144405,0.5367556024869888,0.45588078242841923,0.4733371083305038,0.4749944242105449,0.3558454792214884,0.3831743606194974,0.41365502854200514,0.3863261471439962
AXIN2,ENSG00000168646,chr17,65518562,65571648,246,0.4899725087765056,0.5904549272495732,0.5343386262379028,0.5124733231762765,0.5735421846793147,0.4008511947917924,0.3794383782052277,0.49185711918762265,0.5132699357741872
CTD-2535L24.2,ENSG00000266076,chr17,65528101,65651033,625,0.39711134876939513,0.6681506208238682,0.5881311129167205,0.4273744358574765,0.6198473506873262,0.3610233159861785,0.34670746678507436,0.7420507742024243,0.7563666234035283
CEP112,ENSG00000154240,chr17,65625536,66202133,3356,0.4698816018668982,0.7406319763072068,0.6185341335530554,0.42208369588611355,0.6310875453345886,0.5102141427120623,0.45031879750582643,0.8392931422529306,0.8991884874591666
APOH,ENSG00000091583,chr17,66202032,66266525,380,0.4316766276704584,0.7424595741565954,0.6641019537770467,0.34183977935158505,0.6074531738027547,0.4153478417442399,0.4198930060213751,0.9412307358896866,0.9366855716125514
PRKCA,ENSG00000154229,chr17,66292612,66820743,3655,0.4384354352447722,0.5067758978189593,0.45194649460192227,0.3987875855809388,0.44324908935647545,0.3412189029501044,0.31498063730918974,0.3655727369556808,0.39181100259659546
CACNG5,ENSG00000075429,chr17,66825116,66904751,593,0.4038343473992827,0.45302416189304046,0.4080616134106971,0.36359980561104954,0.4221254327209753,0.29811731644739675,0.2534399403830644,0.3052333327392518,0.3499107088035841
CACNG4,ENSG00000075461,chr17,66954706,67043398,609,0.370182623406479,0.3252489499343543,0.31913961968115967,0.32996180231341005,0.2888773859319561,0.23566941774390096,0.22646080826875123,0.15774205311214332,0.16695066258729305
CACNG1,ENSG00000108878,chr17,67034553,67066797,201,0.43664115336143583,0.28910851171564883,0.30952406200838395,0.36208046670310823,0.2178770001561428,0.27234989808825283,0.27251767211059214,0.0688855811847871,0.0687178071624478
HELZ,ENSG00000198265,chr17,67060443,67255989,554,0.47477718414473763,0.3032803922526837,0.3675069415141618,0.3558098000320952,0.28453772837875524,0.27360944785239016,0.233153538524636,0.0877627857444504,0.12821869507220465
PSMD12,ENSG00000197170,chr17,67327915,67376605,204,0.4305090570830241,0.5681067626026869,0.523376231434657,0.4980109045765362,0.47768475326879767,0.3307807061318527,0.4396348931402186,0.5087961508035901,0.39994196379522423
PITPNC1,ENSG00000154217,chr17,67367280,67707261,1880,0.3862877269983609,0.39613839395806133,0.4174395964982284,0.3941434241440879,0.4219410028340581,0.22615845293259101,0.22872144325161414,0.27825178343844487,0.27568879311942174
NOL11,ENSG00000130935,chr17,67707930,67754531,300,0.5611956105377754,0.717156202132763,0.7204821902648341,0.5321069979272908,0.6002102927074412,0.4059363817917735,0.5527797600422812,0.8569241029273149,0.7100807246768073
BPTF,ENSG00000171634,chr17,67815502,67994378,732,0.3687193631314518,0.46833799382533975,0.4098635153427767,0.42828708843601315,0.4376808348758153,0.28217532264751627,0.307589976964473,0.3495719956378917,0.324157341320935
C17orf58,ENSG00000186665,chr17,67981098,68006469,69,0.5343977623196234,0.640136111355069,0.6021094109468408,0.6343368515273938,0.5340071064628586,0.4324373846588076,0.632243619982617,0.5895920214635351,0.3897857861397257
KPNA2,ENSG00000182481,chr17,68025635,68057364,158,0.5069349703296018,0.4998896835454025,0.4047301180606735,0.5401215547243816,0.4647454013544588,0.44065019320841387,0.42235344292079663,0.25227637877819736,0.27057312906581465
AMZ2,ENSG00000196704,chr17,68195480,68267712,467,0.30574493423862903,0.35013525028886955,0.2784557286762651,0.3161814091850561,0.30364590533442043,0.23477266432941143,0.22457831921843388,0.1962183507816332,0.20641269589261077
ARSG,ENSG00000141337,chr17,68249181,68432731,1115,0.3096803387921806,0.3511134473855036,0.3059292790621345,0.359435817831666,0.3255067564253242,0.21895823609237205,0.24205485845791996,0.21353914483305825,0.19044252246751026
SLC16A6,ENSG00000108932,chr17,68257025,68301267,230,0.2505408853946618,0.27369935340704754,0.15881743530855744,0.2651200013971137,0.19138310396115923,0.21762409359481694,0.20770463492458324,0.10216714251956682,0.11208660118980052
WIPI1,ENSG00000070540,chr17,68410947,68467513,353,0.3953550222110271,0.24871119559122634,0.17607418251458923,0.4570993352928366,0.2692365544931168,0.2977020838301747,0.29156428974497195,0.0,0.0
PRKAR1A,ENSG00000108946,chr17,68501779,68561319,357,0.39281543972191807,0.4364384654534451,0.37505760302222907,0.35032926072903486,0.33921782336705786,0.30115271674077004,0.2952186603524303,0.2723260341084849,0.27826009049682465
FAM20A,ENSG00000108950,chr17,68525112,68611367,461,0.29968768702320264,0.3868509651427571,0.31225830003152183,0.2931000123396364,0.3547904902617549,0.2355170916284929,0.1989165692398053,0.2536301572196802,0.29023067960836774
ABCA8,ENSG00000141338,chr17,68857288,68965392,697,0.4160465727967915,0.4535088222696292,0.3693953500774486,0.40857926672190736,0.32053345388788423,0.3405475019488653,0.3715087246176656,0.2636896127667973,0.23272839009799684
ABCA9,ENSG00000154258,chr17,68964487,69070949,555,0.507695294445791,0.478130502018307,0.4872166113648071,0.47380589572464255,0.522071613366915,0.3455466964110108,0.27706423226439186,0.30479102981115214,0.37327349395777115
ABCA6,ENSG00000154262,chr17,69068701,69151895,456,0.4996580476226493,0.44988372725410203,0.4142801328750399,0.5528674835096551,0.47746325068492945,0.3775877407573884,0.3767329624687279,0.22003787734857688,0.22089265563723742
ABCA10,ENSG00000154263,chr17,69137213,69254846,702,0.42884491567978467,0.3091116599380809,0.23828898531626244,0.509383492771384,0.3504005786844555,0.32884176198526655,0.32523508990677125,0.040935298092758365,0.044541970171253664
ABCA5,ENSG00000154265,chr17,69234310,69337244,579,0.44735249110424363,0.49985168914239086,0.4489668523811721,0.4494897508854341,0.4286352971791464,0.3449625935024521,0.36501637187341857,0.3478880093257985,0.32783423095483205
MAP2K6,ENSG00000108984,chr17,69404696,69563865,936,0.36823802377916415,0.4111953511734562,0.33937412380785986,0.3948340607929897,0.3354913356553611,0.28716789790029623,0.31160301651536226,0.24249291827282707,0.21805779965776112
KCNJ16,ENSG00000153822,chr17,70043428,70145608,714,0.5753654810822526,0.6894194674331181,0.5157685826822433,0.6867839196528954,0.6009798466609481,0.6503230655153904,0.7057153337129966,0.5189889815777311,0.463596713380125
KCNJ2,ENSG00000123700,chr17,70158672,70190044,115,0.11842122491622585,0.3283076415832527,0.321817713637242,0.12362928628871975,0.34896815012598564,0.06782829567175164,0.05036210911034433,0.3301265475847158,0.34759273414612313
SOX9,ENSG00000125398,chr17,72111019,72136416,138,0.23267241068584274,0.23631872831820558,0.2716116708707757,0.31050802476646555,0.24806808716344023,0.10876263537012759,0.17814774014894538,0.16084212515337595,0.09145702037455813
SLC39A11,ENSG00000133195,chr17,72635948,73102712,3565,0.4250069081325702,0.45870033593912996,0.40867506782533314,0.44514371289930565,0.42545633078027345,0.3208949430841513,0.3243246073537926,0.29288730271067187,0.2894576384410307
SSTR2,ENSG00000180616,chr17,73155009,73186633,174,0.41332146853806845,0.29174616078148463,0.3507523969045212,0.44268558914564377,0.33499542478894057,0.22314492753185156,0.2608085438201385,0.12180779204342262,0.08414417575513566
COG1,ENSG00000166685,chr17,73182631,73218507,198,0.4456397525601867,0.3861348557373246,0.3870737391437264,0.4700007245829382,0.38481895258674664,0.294204952308198,0.31851049041161433,0.19377505740138373,0.16946951929796739
FAM104A,ENSG00000133193,chr17,73197352,73246753,316,0.37523361945056055,0.364263025365673,0.28044676858621714,0.4350849006452577,0.3020740595964502,0.2971115409137205,0.33220395220545657,0.15585882216431246,0.12076641087257639
C17orf80,ENSG00000141219,chr17,73222232,73258959,246,0.2619221676738313,0.30107539914222303,0.2200371838433375,0.3919414399360566,0.2574261447056953,0.20670468688990162,0.27903177531998424,0.15150772283276134,0.07918063440267878
CPSF4L,ENSG00000187959,chr17,73238448,73272352,211,0.34605740351644837,0.3538011646265005,0.38917069990048,0.3996044776397452,0.411254268887202,0.18422299772562353,0.20852689021643545,0.2524250301371617,0.22812113764634978
CDC42EP4,ENSG00000179604,chr17,73273623,73322005,315,0.5288137553981876,0.541561490253836,0.5474339308243471,0.5170855999558238,0.5248964317929835,0.36980471506743207,0.3818112571493807,0.4101243929978771,0.3981178509159285
SDK2,ENSG00000069188,chr17,73324383,73654445,2303,0.42480861226030847,0.48305286921112006,0.4364138121598125,0.44841933497550185,0.42887156081649036,0.3197160551363396,0.3473203500468118,0.3400986160966478,0.3124943211861757
RPL38,ENSG00000172809,chr17,74193581,74220655,274,0.31171713089700476,0.26615562136311816,0.33689176404783655,0.2694841042293736,0.27627787414694255,0.13609830966993577,0.15005740730909778,0.17335998138260594,0.15940088374344397
TTYH2,ENSG00000141540,chr17,74203570,74272020,566,0.25899664174508247,0.27189943089362817,0.2323429763436213,0.27122462925742946,0.18903615481562244,0.17632699411228353,0.21208700871022956,0.14098910183733898,0.10522908723939298
DNAI2,ENSG00000171595,chr17,74264233,74324884,424,0.3868098326479202,0.4394534026451855,0.3419469474330876,0.40946899973349593,0.38950090758810696,0.32472667388787213,0.3060487894581163,0.254116230703409,0.2727941151331647
KIF19,ENSG00000196169,chr17,74316209,74365820,384,0.35336696202091683,0.4806528077693722,0.3799558078305062,0.4285926364408448,0.3910882658037746,0.3065972249585591,0.3593768003090681,0.3485854306787497,0.2958058553282406
BTBD17,ENSG00000204347,chr17,74346415,74371868,174,0.3895080092264735,0.6640864338881224,0.525239417401558,0.4547930193085881,0.5333295820934933,0.41972343090921,0.46767957872531,0.6711779649172127,0.6232218171011127
GPR142,ENSG00000257008,chr17,74357406,74382622,161,0.39642318213959715,0.5605287178291893,0.5454826239293588,0.35943825561561704,0.5399146533528844,0.2692728652037073,0.24562469876104304,0.5529100408340196,0.5765582072766838
GPRC5C,ENSG00000170412,chr17,74414850,74461653,333,0.48267243526445297,0.4647206103589083,0.49599638266469065,0.511163515980557,0.48666463419205386,0.29943681434730074,0.33693388291040494,0.32552963042192545,0.2880325618588211
CD300A,ENSG00000167851,chr17,74456398,74494794,266,0.42819911386773507,0.5224933049695532,0.40866809201275756,0.43683060853136224,0.4561719398946515,0.38638186617360787,0.35211488661732426,0.35279523197986623,0.3870622115361498
CD300LB,ENSG00000178789,chr17,74511173,74541475,244,0.355590217127,0.32393060981262,0.13753468420348494,0.43603948001798165,0.26624615842173094,0.34145983098693955,0.3273244588272896,0.049999729014016614,0.06413510117366655
CD300C,ENSG00000167850,chr17,74531072,74556115,238,0.38479648123624705,0.29963701554160194,0.23339707859183653,0.36155225447270295,0.3634996292571194,0.2880861775167559,0.17655084844112778,0.06807035159588345,0.1796056806715116
CD300LD,ENSG00000204345,chr17,74569364,74602283,219,0.3596606962758813,0.20799657979682362,0.1850478814228697,0.3523131265834386,0.2104075566317684,0.237160366052589,0.21564956354106996,0.0,0.01754000519761162
CD300E,ENSG00000186407,chr17,74599884,74633738,244,0.24990904725863808,0.23189678428477897,0.1709008627195165,0.30411794291004984,0.16676667932371833,0.1819882122374492,0.22198233571442932,0.08184294716474944,0.04184882368776932
RAB37,ENSG00000172794,chr17,74660577,74757335,432,0.4706284576781546,0.41598272004496223,0.4330537857025689,0.5301738790293848,0.47855907934394143,0.3031993064743066,0.3210290087231202,0.2346254011532422,0.21679569890442868
CD300LF,ENSG00000186074,chr17,74684310,74722978,193,0.4131140547640861,0.28436474236170084,0.46634854051969377,0.5089330688801663,0.4975611294265013,0.11974854348232333,0.17873910301352675,0.21483611504222683,0.15584555551102336
SLC9A3R1,ENSG00000109062,chr17,74738627,74779353,262,0.3483388687805298,0.31248407121540744,0.24952096163547163,0.4064342405021079,0.22081725686586917,0.25792865580099766,0.32338393917349856,0.1167416247675879,0.05128634139508703
NAT9,ENSG00000109065,chr17,74760528,74786367,195,0.30192425162769665,0.19942808300445353,0.1648530890203537,0.3224598146863728,0.17232552525330577,0.20085447112836155,0.21128998800861026,0.02157443935801151,0.011138922477762825
TMEM104,ENSG00000109066,chr17,74766498,74849753,534,0.30248420686641286,0.26983681099791024,0.24598111120563174,0.33728096041527944,0.28047261858620465,0.1961897432326429,0.19836533800645895,0.1182974800116654,0.11612188523784939
GRIN2C,ENSG00000161509,chr17,74832022,74871504,221,0.40868955744541324,0.24735571524530112,0.2657052042116387,0.4251535361085801,0.25069299771944603,0.2503659871602192,0.27460417840092727,0.03379657304094874,0.009558381800240656
FDXR,ENSG00000161513,chr17,74852496,74883031,190,0.5947570782765067,0.3756493901764172,0.3704873657804547,0.532042504556266,0.3521165581897796,0.45575121159868404,0.3981882650098165,0.015291982089240597,0.07285492867810806
FADS6,ENSG00000172782,chr17,74867301,74903781,0,,,,,,,,,
USH1G,ENSG00000182040,chr17,74906082,74933256,141,0.45780884248769216,0.2693297633328252,0.33219792294672407,0.37917919931862615,0.248417787836875,0.26108312152262936,0.25246557985849927,0.0527099121220469,0.06132745378617699
OTOP2,ENSG00000183034,chr17,74912949,74943912,186,0.4337148970045528,0.3100340291157771,0.3310004668168257,0.42797140387905436,0.26767542709571696,0.2688993477951553,0.3090739190552519,0.10221365237092467,0.062039081110828065
OTOP3,ENSG00000182938,chr17,74925897,74959992,243,0.5419577663925613,0.37487069052267197,0.41158256292397694,0.5075351330114986,0.48062851683883423,0.36013599276103264,0.26149651388741374,0.10966076272083086,0.2083002415944497
HID1,ENSG00000167861,chr17,74940741,74983166,256,0.5704625933773709,0.46091347940142646,0.45491656191378516,0.5819052522816714,0.45893411977244314,0.428054624833057,0.43785608534359327,0.1898245755310889,0.18002311502055257
CDR2L,ENSG00000109089,chr17,74977631,75015800,179,0.4882357837623187,0.3705491057728415,0.42704031157865013,0.5713969155977049,0.38579954542631384,0.2879293973790598,0.411348752381664,0.17497803874338136,0.0515586837407771
MRPL58,ENSG00000167862,chr17,75002669,75031261,197,0.25537527862318243,0.3717923160224797,0.42692936098330847,0.2128850635574437,0.4046622030014418,0.1015065434114959,0.09281957459730383,0.3633779168033657,0.37206488561755774
KCTD2,ENSG00000180901,chr17,75022574,75075889,312,0.2961156531304529,0.400183831888012,0.33151078906467285,0.28313824147783434,0.38600395407720856,0.22976912587088588,0.17811876442566565,0.2813629313210517,0.3330132927662719
ATP5PD,ENSG00000167863,chr17,75028862,75056985,186,0.3742944652948535,0.4168567513509515,0.37607432883491876,0.3034963955169474,0.3919317088365881,0.26823689463034905,0.20176832080131124,0.27108551866484215,0.33755409249387985
SLC16A5,ENSG00000170190,chr17,75077726,75116162,262,0.4878314969798429,0.49438370213386706,0.41207821061615946,0.4211958143503885,0.4101677344623881,0.40995872570426695,0.35042558820808906,0.27201847626116366,0.3315516137573415
ARMC7,ENSG00000125449,chr17,75099951,75140272,215,0.4432465808262519,0.4312998058909285,0.41607584676624765,0.4334682445979107,0.41201967885259666,0.30602526785763007,0.3007811144610909,0.25837661549112984,0.263620768887669
NT5C,ENSG00000125458,chr17,75120224,75141757,99,0.4990214788988728,0.5502026985313788,0.5521479827294505,0.5192044317381911,0.5671521157070291,0.3434289350103908,0.3469512164609436,0.45552930386732604,0.4520070224167733
JPT1,ENSG00000189159,chr17,75125247,75178281,217,0.6076909366765295,0.5486467679025967,0.5862698095413384,0.5944622935150939,0.5518227174524009,0.42433455890824123,0.4477400217769529,0.37117046739956483,0.34776500453085313
SUMO2,ENSG00000188612,chr17,75155585,75192959,159,0.6176607618900125,0.5626764789542686,0.5160491312781256,0.5451782322355955,0.5801037620011482,0.5313785766469812,0.37359202019629084,0.29570345838417234,0.4534900148348628
NUP85,ENSG00000125450,chr17,75195658,75245758,281,0.6739934906899457,0.7811025045329854,0.7968660036390561,0.6653780117154602,0.7931096880560552,0.5230501047354643,0.5191694866342517,0.9961016112313921,0.9999822293326048
GGA3,ENSG00000125447,chr17,75226598,75272363,282,0.5684934129051994,0.7377967625693005,0.7308013172607025,0.6500996809954616,0.7505077854483724,0.43340114454252454,0.5002073799879678,0.9052342160058441,0.8384279805604006
MRPS7,ENSG00000125445,chr17,75251673,75276376,129,0.5091809363035839,0.5902946092794618,0.6124556720725807,0.5315304196460569,0.7293452423827704,0.3280358097609865,0.1718449093338026,0.5642811270284088,0.7204720274555927
MIF4GD,ENSG00000125457,chr17,75256227,75281231,162,0.5139191658128811,0.6163569201627372,0.6246185552028256,0.5589782717946182,0.7072645213167333,0.34980519888699535,0.27410894589744284,0.6082374393318868,0.6839336923214392
SLC25A19,ENSG00000125454,chr17,75262980,75299510,246,0.509583573133627,0.6066580567877665,0.5266748645661481,0.5694505020026771,0.5680742133029952,0.4488018111225253,0.46813372457800595,0.48427414978495553,0.46494223632947485
GRB2,ENSG00000177885,chr17,75308075,75415709,584,0.5546583934075754,0.4358829277337991,0.5093853845273567,0.6642340174487991,0.5769864632169964,0.33465537677411217,0.40174160883219995,0.23783809731059058,0.17075186525250285
TMEM94,ENSG00000177728,chr17,75431158,75510452,414,0.571150812172088,0.5075335666474575,0.5427747079272062,0.5578682126099472,0.5544742355449531,0.3861999563047559,0.35798802753979325,0.32212902001729343,0.3503409487822559
CASKIN2,ENSG00000177303,chr17,75490260,75525537,237,0.5405415807661506,0.5975345336826844,0.5775943108725037,0.5016202757813647,0.530134752048464,0.4130318691411807,0.4256148229911092,0.4971141146325969,0.48453116078266834
TSEN54,ENSG00000182173,chr17,75505943,75534735,197,0.3915177977747037,0.48599830553048323,0.49572650150190745,0.3965357459142661,0.4705510671711109,0.23883991506953628,0.2673393126888248,0.4266888018295686,0.3981894042102801
LLGL2,ENSG00000073350,chr17,75515079,75585209,699,0.40997537688620667,0.49991229859533487,0.4869365846151945,0.3979498421968383,0.4864120613658375,0.276603488638578,0.2670261504081071,0.4163683044933111,0.4259456427237819
MYO15B,ENSG00000266714,chr17,75578057,75636849,559,0.4099261177347097,0.5846950808307998,0.577349825510256,0.4256842346655487,0.5748115255106897,0.27251967827089596,0.28904773234019837,0.6062226052874707,0.5896945512181685
RECQL5,ENSG00000108469,chr17,75616844,75677189,314,0.4975652751159474,0.5566680626387003,0.5959354864946858,0.4851402440976299,0.6184535720015724,0.2977726582941268,0.2568872460902193,0.5156638369543765,0.556549249158284
SMIM5,ENSG00000204323,chr17,75623433,75651404,136,0.6577888912723241,0.7020191341008595,0.6464380387543153,0.6062196036189523,0.6144074964278508,0.6216784643187194,0.5948568701078152,0.5890475386116061,0.6158691328225103
SMIM6,ENSG00000259120,chr17,75636242,75657975,89,0.42925508299671966,0.5178861185928324,0.531894736154337,0.39042234921389024,0.5818934331761788,0.2656628690910357,0.1762724636706804,0.4639120552679019,0.5533024606882572
SAP30BP,ENSG00000161526,chr17,75657250,75718062,225,0.6020316096241786,0.7137071902671769,0.7027570341257497,0.5867831420619608,0.7217844539933264,0.47945873598240607,0.4275819026746883,0.7712814456615302,0.823158278969248
ITGB4,ENSG00000132470,chr17,75711327,75767818,0,,,,,,,,,
GALK1,ENSG00000108479,chr17,75741593,75775236,157,0.43517889396459164,0.49297810029720857,0.4037175529712843,0.49372347965142066,0.4922513340771083,0.36670324316939124,0.3410523258746689,0.31249783847436396,0.33814875576908643
H3-3B,ENSG00000132475,chr17,75766433,75795893,141,0.425078670501435,0.4135299540546492,0.4386767156397478,0.47194905941480414,0.46342029368232046,0.25484873778958067,0.2748280227898483,0.2787849469602204,0.25880566195995275
UNK,ENSG00000132478,chr17,75774805,75835799,360,0.4626212887190572,0.4903704647172248,0.3861314814394561,0.5057096472607172,0.32759470807867763,0.4035744517919242,0.4909046936110746,0.2704967668354998,0.1831665250163495
UNC13D,ENSG00000092929,chr17,75817224,75854552,256,0.4094161680465754,0.5102826167409263,0.47238944424445495,0.385107957215239,0.4381941194110222,0.30058682879343684,0.3118182464716781,0.41333999433820373,0.40210857665996236
WBP2,ENSG00000132471,chr17,75835698,75866507,194,0.37381646843217786,0.4879306743511859,0.40872115863945047,0.372978087703608,0.4399499450447211,0.30596973541597156,0.2781699685853904,0.3633255260347949,0.39112529286537606
TRIM47,ENSG00000132481,chr17,75864163,75888581,116,0.23747426216535175,0.42326960877068365,0.44577095790885823,0.23887425042126498,0.4787840771585166,0.1156610767386716,0.08587309480785116,0.4347193045030448,0.4645072864338652
TRIM65,ENSG00000141569,chr17,75870334,75906951,170,0.30985063180502614,0.46786313457969775,0.46253361416961014,0.2747730543569524,0.5067942338128985,0.19040636357378798,0.12264819257707849,0.44044819332624724,0.5082063643229566
MRPL38,ENSG00000204316,chr17,75888643,75915093,118,0.2975891974185512,0.501885207366476,0.4639973391375872,0.3601005224000709,0.5222901696477625,0.2132727124229809,0.2023085610732907,0.48365200880099535,0.4946161601506856
RP11-552F3.12,ENSG00000267426,chr17,75888644,75940129,240,0.2988076750086984,0.48331352178706904,0.4419886812036446,0.3305192223092368,0.49724086738848916,0.21595802642395157,0.18696387703330353,0.44436098711989724,0.4733551365105453
FBF1,ENSG00000188878,chr17,75899573,75951140,230,0.28091317305092267,0.44428337614808305,0.40241091963756176,0.28634999957993373,0.4410500877970758,0.20120901700794502,0.1715820019825604,0.3862877669802558,0.41591478200564036
ACOX1,ENSG00000161533,chr17,75931506,75989177,277,0.3132085714931711,0.3393732921924411,0.3138068626155137,0.2967222008551041,0.3337738105907216,0.20684740904370236,0.18022179885895998,0.20771892817811197,0.23434453836285432
TEN1-CDK3,ENSG00000261408,chr17,75969230,76015999,228,0.3214804926792406,0.3885927251380478,0.3791964458459569,0.3774028797447859,0.39301455496579274,0.2015467176773765,0.23329857525142048,0.2904452532240948,0.2586933956500509
TEN1,ENSG00000257949,chr17,75969239,76010586,194,0.28318056735745245,0.4130862528632047,0.3860017984080698,0.3516298939129583,0.39990372425389736,0.1890227179817727,0.22775291281656967,0.343854690406946,0.30512449557214905
CDK3,ENSG00000250506,chr17,75990905,76015999,120,0.4996323323756006,0.5988853084532256,0.47554515762616495,0.489074526649767,0.488126222043366,0.4802620214499994,0.45768110555200275,0.4332458572873722,0.45582677318536874
EVPL,ENSG00000167880,chr17,75994501,76037306,249,0.5222008614931202,0.5838915142798436,0.445862138175838,0.528402153697616,0.4635941535257409,0.5125161708683422,0.5027868593445867,0.3642930988693574,0.374022410393113
SRP68,ENSG00000167881,chr17,76028774,76082517,258,0.37537115007043464,0.3481417016659307,0.3456160617487739,0.3925179566123615,0.3497480293887479,0.2372323410193634,0.24798269640967477,0.19069573349999483,0.1799453781096835
ZACN,ENSG00000186919,chr17,76061960,76093666,130,0.507901494114215,0.5066534551774993,0.31040450794364743,0.49265912583697014,0.25437981779957947,0.5219848459124965,0.5457883196549136,0.18455857529255887,0.16075510155014183
GALR2,ENSG00000182687,chr17,76064780,76087537,85,0.4851716245163073,0.5266736578568222,0.28339410150874883,0.46265775390262587,0.2504325742513847,0.5393313148522515,0.5404156202309276,0.208638872431815,0.2075545670531389
EXOC7,ENSG00000182473,chr17,76071015,76131576,366,0.4633210448260199,0.5153868669403646,0.3742213984759804,0.45986287629731915,0.33769400059558374,0.4390004700554738,0.4641545069629901,0.28540390008678795,0.2602498631792716
FOXJ1,ENSG00000129654,chr17,76126332,76151245,108,0.34028042434409383,0.3840603742482197,0.2553460019156103,0.3132508584685562,0.2770669083748384,0.30285557471497426,0.267976965319198,0.18175075568016477,0.21662936507594094
RNF157,ENSG00000141576,chr17,76132464,76250493,662,0.1794281788585645,0.24785923170750068,0.16176240094130231,0.21481741405723243,0.2046965561841853,0.15306596599003344,0.1488196142706329,0.13176581468215376,0.1360121664015543
UBALD2,ENSG00000185262,chr17,76255347,76281298,174,0.3618436262753311,0.2585490447147623,0.232970799796372,0.3397863420635747,0.20251299610486867,0.24154389013903016,0.24402414692560193,0.05760237202143231,0.05512211523486055
QRICH2,ENSG00000129646,chr17,76264048,76318276,350,0.4105859701031312,0.267063665097078,0.21961228647257855,0.380885671022327,0.16261350096552857,0.2956792137430463,0.3063461061270095,0.015017222645850814,0.004350330261887636
PRPSAP1,ENSG00000161542,chr17,76299477,76394521,638,0.3766586931124188,0.3282657184289716,0.3063706111665489,0.38367831598407987,0.28595428313029203,0.25236800705012014,0.2725351894825605,0.1455244239345541,0.12535724150211372
SPHK1,ENSG00000176170,chr17,76366583,76397860,170,0.35425633615741414,0.31347413451999334,0.27274989402030586,0.35474178731702616,0.2885539120845772,0.2474896002143592,0.2368802264830165,0.12862177694977708,0.1392311506811198
UBE2O,ENSG00000175931,chr17,76379455,76463152,0,,,,,,,,,
AANAT,ENSG00000129673,chr17,76443350,76480117,228,0.48430057171196633,0.5135544351662201,0.5358881556662345,0.5798062444110553,0.5371850157173689,0.307615874788218,0.40862085976389473,0.4130144002284159,0.31200941525273906
RHBDF2,ENSG00000129667,chr17,76460890,76511790,397,0.4917436504787573,0.5499463596112293,0.44495488196925526,0.5564867155146531,0.4337167973496772,0.44322598065458124,0.5213775292591043,0.35516252180311386,0.27701097319859075
CYGB,ENSG00000161544,chr17,76517355,76561175,205,0.5779628186301685,0.6308888169955784,0.6205382772534288,0.5672784247256477,0.6546638984670801,0.4451588415628025,0.38554050677725293,0.5514985298081623,0.6111168645937117
PRCD,ENSG00000214140,chr17,76517585,76563578,217,0.5975157982439594,0.6423045842579272,0.6260582527824794,0.571400836075197,0.6520204635541088,0.4772588160581434,0.409847495566114,0.5508146326704928,0.6182259531625224
RP11-666A8.13,ENSG00000284526,chr17,76553709,76580544,178,0.4285386908317168,0.61217918599129,0.628809583678091,0.512071256236189,0.5588990977949161,0.2578651338129245,0.4231580698714271,0.6893467317826182,0.5240537957241155
ST6GALNAC2,ENSG00000070731,chr17,76555376,76596956,283,0.47520143417328137,0.6380766259672613,0.5397106795567618,0.5140746300707351,0.5042071893267642,0.44258175396814947,0.518212915125552,0.5737410095370181,0.4981098483796157
ST6GALNAC1,ENSG00000070526,chr17,76614760,76653786,288,0.4777016462556819,0.7564038455397781,0.6247025320314801,0.5019591073421497,0.646220323612913,0.5408617527442401,0.5351178392102489,0.8713817768148473,0.8771256903488385
MXRA7,ENSG00000182534,chr17,76662550,76721004,376,0.4375511633803955,0.6743500368851115,0.6653355078606252,0.5229765649528785,0.5656477267026991,0.3013802742028874,0.514111240990089,0.8205519330529641,0.6078209662657627
JMJD6,ENSG00000070495,chr17,76702831,76736799,202,0.5268959229012171,0.645150853134394,0.6654589415282864,0.569967552168705,0.6784734343842832,0.34475336781432797,0.37264101139795036,0.6913091504110473,0.6634215068274251
METTL23,ENSG00000181038,chr17,76716829,76743936,152,0.7313002746048504,0.8434082229074263,0.8593230650230833,0.7341836055176787,0.8476071347879147,0.6034922661580635,0.6488845038047336,1.2506207396334128,1.2052285019867428
RP11-318A15.7,ENSG00000267168,chr17,76722977,76748522,147,0.7151941749393725,0.8536431747855805,0.886932670436661,0.8500113856965198,0.8831417247771755,0.4989417381558543,0.8360550608931965,1.4227658925310713,1.0856525697937291
SRSF2,ENSG00000161547,chr17,76724114,76747333,135,0.7041280039484673,0.8657604588445711,0.8872930628789312,0.8444922979547234,0.8248418462980318,0.5214967561802151,1.0635617471851035,1.48663269818013,0.9445677071752416
MFSD11,ENSG00000092931,chr17,76725864,76791449,350,0.6376450506908715,0.8272074209245746,0.8488256558717648,0.7611810102035064,0.8706472606180191,0.4407364409877387,0.5712502775246302,1.314926927711975,1.1844130911750836
MGAT5B,ENSG00000167889,chr17,76858403,76960393,714,0.3472562739531061,0.4778474679773007,0.414095141995525,0.3458379808228907,0.4087327061630948,0.27088417446154295,0.274354329659919,0.37891135238205154,0.3754411971836754
SEC14L1,ENSG00000129657,chr17,77078748,77227101,823,0.36707237965753176,0.43037919753191056,0.3872050540729491,0.4174184841765964,0.3890648728889304,0.2652293487464672,0.30515302999062843,0.2975550496178314,0.25763136837367023
SEPTIN9,ENSG00000184640,chr17,77270568,77510596,1568,0.3633756674072678,0.4312848189232424,0.35148286051440947,0.3985368150428986,0.3644623771344331,0.29144211333074593,0.3097407466970803,0.2729334173450785,0.2546347839787442
TNRC6C,ENSG00000078687,chr17,77949239,78118835,968,0.21748331694856002,0.34675562672998245,0.31194154332590596,0.25855922703084333,0.391789212489976,0.14858127304920035,0.11386510807898034,0.27722271500977375,0.31193887997999376
TMC6,ENSG00000141524,chr17,78097396,78142407,349,0.3048384961473331,0.3968186300878609,0.3916930194620294,0.35652482176594935,0.3779692042180267,0.1860364033615633,0.2358217486886068,0.3195009448279645,0.26971559950092094
TMC8,ENSG00000167895,chr17,78120769,78152968,274,0.332044486429558,0.3629305457869869,0.31920945155795993,0.37005792892957284,0.367568880141414,0.23495485766524177,0.22741002241919064,0.21592173838699685,0.22346657363304803
C17orf99,ENSG00000187997,chr17,78136352,78176177,307,0.2938015319356819,0.4110640785770619,0.3309003431378706,0.3249650694391018,0.3359636847286045,0.23773729606392446,0.2565051472710177,0.29170059733612974,0.2729327461290366
SYNGR2,ENSG00000108639,chr17,78158580,78183527,180,0.37790894646632706,0.45985766713102355,0.32015739693867773,0.3370602028873792,0.35569901192517767,0.3523487148579813,0.29370220108161027,0.26357387990978604,0.322220393686157
TK1,ENSG00000167900,chr17,78164090,78197233,236,0.30708755672066373,0.40943320614012163,0.2553449196793241,0.32442601673072385,0.32209074433975415,0.29934501033583505,0.2650616491625707,0.2273275253331856,0.2616108865064499
AFMID,ENSG00000183077,chr17,78177316,78217701,270,0.31333431767336833,0.31958374572237874,0.3077991679749909,0.2506839191472312,0.2961926316460207,0.19653956152033827,0.1611971626801375,0.1885109679285213,0.22385336676872203
BIRC5,ENSG00000089685,chr17,78204185,78235636,216,0.37067535350766145,0.35216387690080353,0.2496104682377002,0.36219603575779286,0.24255888229764735,0.3050313518755051,0.3030161714853189,0.1290861591899147,0.1311013395801009
TMEM235,ENSG00000204278,chr17,78221309,78250987,255,0.30749688338958064,0.3590069767964085,0.34792542795508635,0.32609086713969176,0.3318038507186142,0.19229144873753298,0.21811159466609267,0.25244525762093445,0.2266251116923748
SOCS3,ENSG00000184557,chr17,78346777,78370077,155,0.5097835547103422,0.5252813412225148,0.4922824822244202,0.516213362093915,0.37132575936815754,0.39005557731318635,0.5035010955515691,0.35497737042221233,0.24153185218382967
PGS1,ENSG00000087157,chr17,78368648,78435114,705,0.3423689166845973,0.4553536899066209,0.34435866515271707,0.3673658480938418,0.36748570555557364,0.30229422531128614,0.3037145957846432,0.3053244419870125,0.3039040715136554
DNAH17,ENSG00000187775,chr17,78413696,78587396,0,,,,,,,,,
CYTH1,ENSG00000108669,chr17,78664047,78792297,678,0.29927592899479394,0.43795337582233596,0.37486244839160376,0.35038334103779306,0.39725377156016495,0.23101399593529517,0.25064214883685665,0.34515647542401773,0.32552832252245634
USP36,ENSG00000055483,chr17,78777380,78851441,509,0.3608599376344383,0.4761501815915916,0.3858519695347281,0.39170375772650246,0.41289742892676795,0.3033313062970172,0.30554389014195704,0.3432189355342763,0.3410063516893364
TIMP2,ENSG00000035862,chr17,78842976,78935387,685,0.5104538861902723,0.43597541469838286,0.31997815768293303,0.5993403562404909,0.3778557945899895,0.45065184635243294,0.5063585233090768,0.12200559112138948,0.06629891416474543
CEP295NL,ENSG00000178404,chr17,78860909,78913217,440,0.48181349322765343,0.4106772508825175,0.29531807455233006,0.6255177646302532,0.3845614688565642,0.4180962932712987,0.5127859952447806,0.11068499098491652,0.015995289011434488
LGALS3BP,ENSG00000108679,chr17,78961237,78989947,201,0.44746182024846415,0.29998362266217216,0.30123206112595463,0.5760371328488944,0.510750683925878,0.2957238551677295,0.24993894123048005,0.06092769284779276,0.10671260678504213
CANT1,ENSG00000171302,chr17,78981715,79019867,262,0.2002896868917085,0.13831902591730133,0.14277436122167964,0.1876169306702742,0.15152503907038367,0.10916089804215652,0.09616938087553216,0.03970927845211698,0.05270079561874136
C1QTNF1,ENSG00000173918,chr17,79012813,79059788,330,0.1753544054190078,0.3671336393461704,0.3254079290150877,0.09112550879825207,0.34189645277829045,0.12832522846487798,0.06732563706046096,0.32917077127223987,0.39017036267665695
ENGASE,ENSG00000167280,chr17,79064823,79098599,281,0.22126303412521184,0.350894642405417,0.24858690287135893,0.22194922995626473,0.2642517385067497,0.19822123383127616,0.1881282410634354,0.23393900326384492,0.2440319960316857
RBFOX3,ENSG00000167281,chr17,79079344,79526148,3853,0.4121779914539961,0.5277095368179641,0.47764623218411034,0.418180635786648,0.4903156724175434,0.31604098675624387,0.30889631716958155,0.43412010781641214,0.4412647774030744
ENPP7,ENSG00000182156,chr17,79720942,79752219,0,,,,,,,,,
CBX2,ENSG00000173894,chr17,79768147,79797983,109,0.42620714752810224,0.45533351378523657,0.36402860898677186,0.4034182669056071,0.41960527035153905,0.3552333780961352,0.2900369053451988,0.25234824544126216,0.3175447181921984
CBX8,ENSG00000141570,chr17,79782131,79811683,115,0.34760779182045576,0.4500204602288514,0.4999967700816514,0.21758323905529803,0.45295102442135493,0.16592141637191798,0.12001249709492418,0.4319527854917484,0.47786170476874223
CBX4,ENSG00000141582,chr17,79823155,79849440,119,0.37957386759372347,0.6060045841043086,0.6203329897647215,0.290243235184802,0.5462476281373918,0.22015201597625522,0.24202264538637286,0.7112639885581417,0.6893933591480239
TBC1D16,ENSG00000167291,chr17,79922342,80045872,902,0.3898653399030059,0.5183611281815523,0.4629991633032743,0.41775028293924876,0.45733557538638936,0.3014403199380023,0.3300761889256319,0.4291203543979788,0.4004844854103492
CCDC40,ENSG00000141519,chr17,80026631,80110613,774,0.4714048554651903,0.4469427428537501,0.38974656148106585,0.44586077937096613,0.3876039833747299,0.36797263546561215,0.34612847347840037,0.224321108210688,0.2461652701978998
GAA,ENSG00000171298,chr17,80091555,80129881,351,0.4067856658735309,0.3467591749586209,0.381964271253838,0.43422400563129443,0.36824828763805617,0.2333999575125611,0.2680538231733525,0.19240946226296524,0.15775559660217386
EIF4A3,ENSG00000141543,chr17,80124368,80157151,211,0.30354442570110285,0.19477858199597967,0.24963808751632124,0.24044005087809345,0.20780813005601306,0.14559480955212634,0.12935117859680179,0.07104317641056135,0.0872868073658859
CARD14,ENSG00000141527,chr17,80159991,80219331,431,0.35487231274700687,0.4385462426970076,0.31037230968331386,0.4242773925801503,0.4021167396252489,0.3219647373112056,0.3074977108082888,0.2552611265330139,0.2697281530359307
SGSH,ENSG00000181523,chr17,80196715,80230923,248,0.31063180184071537,0.2821371905670471,0.29270958312309964,0.29612016800050484,0.32928062213068676,0.17857131659596698,0.14160999384688275,0.15290548480791538,0.18986680755699964
SLC26A11,ENSG00000181045,chr17,80209698,80263500,437,0.32992642407386025,0.5144212474047354,0.4407753806193895,0.3249897848617125,0.4767221759334335,0.2707887449999048,0.23389925311797333,0.45162505014631055,0.4885145420282422
RNF213,ENSG00000173821,chr17,80250865,80408786,956,0.3475207221098238,0.4546937427677766,0.4249470593922961,0.4130069222295584,0.4436988206266905,0.2400452143918564,0.2763522560892538,0.36636248788048525,0.3300554461830878
ENDOV,ENSG00000173818,chr17,80405164,80448086,360,0.40949062792787316,0.5372110197389007,0.47717676314148844,0.4583769664148048,0.5263953311925063,0.32437100786676054,0.31814339356939486,0.4461130870968455,0.4523407013942112
NPTX1,ENSG00000171246,chr17,80456833,80487843,160,0.41437858360133045,0.633561939208458,0.5588907875348015,0.4578574947027687,0.5252890442408321,0.3602723661370893,0.43555149335541177,0.6436534077338143,0.5683742805154919
RPTOR,ENSG00000141564,chr17,80534818,80976371,3513,0.35475549584563143,0.423942747091802,0.3725940181964829,0.374155303076678,0.34638385535763955,0.26175636731402735,0.2974831089112165,0.28979185850174777,0.25406511690455863
CHMP6,ENSG00000176108,chr17,80981597,81019517,103,0.5174594171578628,0.5765774833926282,0.45887529815845224,0.4776881595810011,0.3759693993116207,0.48698473461958647,0.518659671506996,0.3724000066143808,0.3407250697269713
BAIAP2,ENSG00000175866,chr17,81025121,81127434,725,0.3850874251021552,0.5692191215081569,0.5239195551398147,0.388761338701683,0.5446899936152297,0.29313122971266103,0.27382337489953645,0.5490244910172647,0.568332345830389
AATK,ENSG00000181409,chr17,81100486,81176221,646,0.41843215532987293,0.5932405508730481,0.49757934042965596,0.38277393717203156,0.5166837042469383,0.3766217007175714,0.3274846255962898,0.5229116016375801,0.5720486767588617
PVALEF,ENSG00000225180,chr17,81155506,81193166,318,0.3136148116124748,0.41095423564438816,0.431485790151537,0.3785769918414017,0.4340701788442597,0.17041936945749142,0.21785472848908377,0.3588320304947984,0.31139667146320615
CEP131,ENSG00000141577,chr17,81179592,81232999,470,0.4208278024652859,0.5550944591066518,0.5652731381838849,0.4777068427463541,0.6123304477158439,0.261505689290643,0.2559087801015206,0.5483875977126185,0.5539845069017408
TEPSIN,ENSG00000167302,chr17,81218276,81249091,140,0.43628997372131567,0.617873476959075,0.5694809638649199,0.4261136411933859,0.5932362502410813,0.34622753656986527,0.30890233350148577,0.6157759764953137,0.6531011795636932
NDUFAF8,ENSG00000224877,chr17,81229304,81251310,63,0.15271961339400592,0.0,0.0,0.18780538782297646,0.0,0.08286180207805788,0.10400764868400876,0.0,0.0
SLC38A10,ENSG00000157637,chr17,81234810,81305547,350,0.26286360287361327,0.22325647288364772,0.06501460030489267,0.28056355034013997,0.09320109030418605,0.24520151605414173,0.24204879178736619,0.007443547980384796,0.010596272247160365
BAHCC1,ENSG00000266074,chr17,81385456,81476332,429,0.4684231973612645,0.8430386230267652,0.7801841621718179,0.45552469802928053,0.7473472156335454,0.4843489582151995,0.5419745402584845,1.367406552223108,1.3097809701798229
ACTG1,ENSG00000184009,chr17,81499412,81533847,232,0.43990306055350564,0.650555248588856,0.6653343745412784,0.4270347728916059,0.6728432483723873,0.26821591711961734,0.24551209917937378,0.7831938916225187,0.8058977095627622
FSCN2,ENSG00000186765,chr17,81518376,81547130,186,0.41300954997806394,0.6402111895465864,0.7172875807703711,0.4324774311094813,0.6697754215269395,0.14582985062033427,0.24036525179538892,0.8764082066802333,0.7818728055051788
FAAP100,ENSG00000185504,chr17,81529884,81563961,215,0.3867161765287606,0.6667540641684088,0.6524382609108327,0.41050936763653645,0.6674491869321794,0.2654944975720218,0.26320417809701213,0.8333800179797786,0.8356703374547882
NPLOC4,ENSG00000182446,chr17,81546886,81658465,772,0.3765249776838597,0.8348601334874958,0.7958138564364807,0.30997290711991926,0.7921633845984339,0.3423429153453018,0.3004919473067996,1.4586195729771503,1.5004705410156525
TSPAN10,ENSG00000182612,chr17,81627170,81658749,234,0.4803302544291666,0.8595742141232459,0.746510457916051,0.3950624672211041,0.7617160590070469,0.6226026035484967,0.5157069675138649,1.3404735406145378,1.4473691766491699
PDE6G,ENSG00000185527,chr17,81640458,81673112,223,0.4054373814353153,0.7455220513953136,0.6436023211202635,0.34975737795681866,0.7517606596880818,0.42838111760514197,0.20279444872489527,0.9401599750944762,1.1657466439747226
OXLD1,ENSG00000204237,chr17,81655035,81676635,102,0.2083538256743039,0.7622594266166296,0.6956547308529215,0.2244544824782875,0.7203096066825996,0.24031174795989396,0.20834590277439669,1.1962634796640992,1.2282293248495963
CCDC137,ENSG00000185298,chr17,81656736,81683904,99,0.19575891644831256,0.775756644967626,0.7113383548820353,0.22226596268214766,0.7747755745421634,0.23518977756375603,0.12786807531188882,1.2598336328811683,1.3671553351330354
ARL16,ENSG00000214087,chr17,81671186,81693797,99,0.1474657244308986,0.3560445700871233,0.4182609717482299,0.18793423345099805,0.4238708629165423,0.028967145644571146,0.048438132603426,0.41115861783802976,0.3916876308791749
HGS,ENSG00000185359,chr17,81673325,81713138,246,0.19573032716446276,0.41878757880737755,0.4364269511021396,0.21963041360841606,0.46930036836869143,0.09350065414592013,0.07853376771394005,0.44913832173628015,0.46410520816826034
MRPL12,ENSG00000262814,chr17,81693366,81717517,182,0.18756389558405967,0.3950475687103595,0.368469189094044,0.21428594361524075,0.46027043967406706,0.12535745512542212,0.06354035980825656,0.3772479948845932,0.4390650902017588
RP13-1032I1.10,ENSG00000262660,chr17,81693370,81730539,206,0.2137960029789673,0.5620519293969138,0.5002356441740367,0.22604311685433204,0.6039115746718086,0.18628766896730364,0.07788812650220667,0.6393672669341379,0.7477668093992349
SLC25A10,ENSG00000183048,chr17,81702235,81731016,147,0.20496794745891167,0.28116962237066667,0.43702668675486694,0.18806359447315613,0.49832432320470604,0.0,0.0,0.3376400344252831,0.4057990167064851
GCGR,ENSG00000215644,chr17,81794131,81824008,4,,,,0.0,,,,,
MCRIP1,ENSG00000225663,chr17,81812360,81843302,98,0.2874417725493862,0.759850228511646,0.6192856342110074,0.22525444744956935,0.6072715020828229,0.39984013436984284,0.37353818719266835,1.0266523680390611,1.0529543152162355
PPP1R27,ENSG00000182676,chr17,81823491,81845050,115,0.24671918432820242,0.7073538056146751,0.6192856342110074,0.2060295649110132,0.6072715020828229,0.2732011188616394,0.2624316151455334,0.9555898084475745,0.9663593121636804
P4HB,ENSG00000185624,chr17,81833158,81870856,209,0.25722496537745543,0.5258844409386709,0.4833946796609054,0.21584373284490013,0.3617813093482653,0.19159507589546337,0.27018843529981384,0.5547091156168519,0.4761157562125014
ARHGDIA,ENSG00000141522,chr17,81857720,81881378,137,0.3870674304924507,0.5551139834894347,0.5378239961500269,0.3114399729024509,0.4356348098969114,0.26381401123272247,0.3055181073734025,0.5461231610661986,0.5044190649255187
ALYREF,ENSG00000183684,chr17,81877834,81901586,109,0.18871209417948107,0.15840475956980815,0.1360885845613371,0.18408553379179973,0.11823569193383847,0.11765166769402173,0.12503567981576297,0.05480442470303823,0.04742041258129699
ANAPC11,ENSG00000141552,chr17,81880789,81910991,162,0.3044810450263166,0.4344174263159086,0.46852014152804455,0.29544601450261826,0.42251135270118745,0.15045300594829453,0.1855114005572901,0.4194459692442116,0.38438757463521617
NPB,ENSG00000183979,chr17,81890744,81912905,123,0.39265361557295075,0.6327357490993855,0.633592603951131,0.38504097142968213,0.6486613754086167,0.24816010027175983,0.22093425788639343,0.7535135600508818,0.780739402436248
PCYT2,ENSG00000185813,chr17,81890957,81921432,165,0.4959904971789716,0.5988781192419392,0.6907491899247004,0.49966927157951124,0.6881536174180383,0.21252373193602425,0.22036566112946876,0.7009662238805163,0.6931242946870719
SIRT7,ENSG00000187531,chr17,81901938,81931323,162,0.6164157986596356,0.6266083902383419,0.7461261727564517,0.6928686436179624,0.7876845156432131,0.2862028807576502,0.30796264659804795,0.6989246372095453,0.6771648713691475
MAFG,ENSG00000197063,chr17,81908269,81937735,158,0.6680516799643803,0.7206464403578922,0.667554345154145,0.7245779865132206,0.7764916919407937,0.6383870844889896,0.5332105652898531,0.6368899760806386,0.7420664952797751
PYCR1,ENSG00000183010,chr17,81922383,81952412,151,0.4073521800097145,0.40537435715092607,0.40055352479699247,0.486872524309444,0.46703739901242364,0.2656148020531378,0.2788750964523498,0.25420844107716095,0.24094814667794895
MYADML2,ENSG00000185105,chr17,81929644,81957233,150,0.4471285720813738,0.3472040440671448,0.43158378137929343,0.545429340408233,0.409119035899544,0.2271095623456718,0.344375942431347,0.19938110796155456,0.08211472787587931
NOTUM,ENSG00000185269,chr17,81942506,81971840,132,0.261086057232782,0.18398428458754415,0.1245440354780824,0.4305133550555667,0.16509661863802444,0.18644252740898504,0.2929511701060311,0.016879137710606784,0.0
ASPSCR1,ENSG00000169696,chr17,81966806,82027406,373,0.29969441593777907,0.2591086749981729,0.20758389509593547,0.3990543843800148,0.30697601672382413,0.21173558737104586,0.22123074511383115,0.0881657369871841,0.0786705792443988
CENPX,ENSG00000169689,chr17,82008701,82034107,149,0.35892359508300425,0.23838527873972973,0.17698891008882287,0.48026048679181965,0.21412018504654293,0.26106774780985503,0.34289529496640636,0.011246718496077557,0.0
LRRC45,ENSG00000169683,chr17,82013304,82041151,196,0.48881079105585085,0.3171581602781412,0.2131997132969349,0.5154742312556008,0.3211123774504056,0.4063633352910076,0.35938850329445726,0.0,0.022103509957770162
RAC3,ENSG00000169750,chr17,82021677,82044204,146,0.4940705647667825,0.38678185401198323,0.2815207498084143,0.41674343388241153,0.35614620305301586,0.4198870811979348,0.2939395242237887,0.06914745894125379,0.19509501591539985
DCXR,ENSG00000169738,chr17,82025135,82047709,153,0.4513068215401258,0.34719753696115463,0.3062377224312423,0.4309004498777741,0.2879062231964166,0.3305353264000552,0.325317469466736,0.09594537590185559,0.1011632328351747
RFNG,ENSG00000169733,chr17,82037901,82061831,157,0.40542971184547405,0.4532513604909581,0.4415342853460794,0.43719018498459744,0.46816375329273663,0.27056019813198756,0.27357998903341574,0.3332059096200226,0.33018611871859443
GPS1,ENSG00000169727,chr17,82040690,82067470,183,0.40800491740141775,0.3047229072602294,0.32687983134519805,0.38172654344720414,0.4088056282914198,0.24593518012805737,0.1593294109195421,0.11750963815725846,0.20411540736577374
DUS1L,ENSG00000169718,chr17,82047505,82075887,157,0.3219612925026834,0.4337943400698888,0.5262330967554194,0.45521713893386545,0.5175807063688351,0.10515448421366802,0.2236121272509924,0.4636434257963885,0.3451857827590642
FASN,ENSG00000169710,chr17,82068337,82108294,310,0.25732255365965934,0.3998167377533628,0.35194103613807665,0.3208269616901682,0.3848334688041678,0.18712004602835242,0.20576865447254972,0.3234001872963177,0.30475157885212034
CCDC57,ENSG00000176155,chr17,82091459,82222830,967,0.3913239785840435,0.6220983569615715,0.4819591224062697,0.3344501379599556,0.4241209474325453,0.40594466631284465,0.41420271104171885,0.5671766545105764,0.5589186097817022
SLC16A3,ENSG00000141526,chr17,82207933,82271129,398,0.5474583473074544,0.7134824014733994,0.6936139945668415,0.5958540774833928,0.6263021485408047,0.42996063619434854,0.585813449399706,0.8199946825976716,0.6641418693923142
CSNK1D,ENSG00000141551,chr17,82229022,82283731,350,0.4945968991925982,0.5524672714722257,0.5880442627057966,0.4831101469322576,0.5491152766801223,0.2997825935522784,0.3336937551758008,0.5042230140143683,0.4703118523908459
CD7,ENSG00000173762,chr17,82304867,82327608,147,0.2681278406534031,0.5030876614720923,0.5634255669703429,0.2936258526658526,0.5815676441554388,0.09134733990677668,0.08785592045541885,0.6079943097673044,0.6114857292186622
SECTM1,ENSG00000141574,chr17,82311023,82344074,209,0.30135809873079916,0.40600086879044717,0.4309785112041902,0.3049587698437256,0.4097097000003505,0.15782865602689733,0.17876035212408725,0.36304876620384485,0.34211707010665493
TEX19,ENSG00000182459,chr17,82349246,82373775,133,0.2196022145974638,0.38310541677397214,0.33272254931401063,0.21159684818723853,0.3564501883215333,0.1632296399688332,0.14002349095147718,0.31982748347165096,0.34303363248900703
UTS2R,ENSG00000181408,chr17,82361764,82387458,171,0.22766158467447092,0.41249977800149,0.39538174974750556,0.2953133965133966,0.2785087539967454,0.14352655342749998,0.2777228651333158,0.3883521016665904,0.2541557899607745
OGFOD3,ENSG00000181396,chr17,82379209,82428637,285,0.285442366464812,0.42239133212518754,0.37139815265351384,0.3125926267674775,0.37833364308674056,0.21034654556311957,0.22416756966711815,0.3385121392445302,0.3246911151405316
HEXD,ENSG00000169660,chr17,82408317,82452645,298,0.2707007234836108,0.5064886208098794,0.4688025624838035,0.20282858667581916,0.4585737805747423,0.19462947923553625,0.15967321916788024,0.5115798830028899,0.546536143070546
CYBC1,ENSG00000178927,chr17,82432585,82460829,236,0.3499963243873544,0.5946015506587383,0.4567820948103592,0.20343554128117736,0.5528086241122476,0.36170869522266635,0.16278172670820729,0.5411761747581078,0.7401031432725668
NARF,ENSG00000141562,chr17,82448179,82500537,161,0.28639108277918696,0.5403650697380739,0.4081325551785365,0.1669234810905116,0.4459100317603632,0.29513517809992224,0.18476215408939733,0.48218755635535515,0.59256058036588
FOXK2,ENSG00000141568,chr17,82509712,82654662,742,0.33919113589878574,0.3555383752794165,0.3204655724841024,0.33841439457592093,0.2969636593908089,0.23364163151920453,0.2500545994612485,0.2056983695708061,0.1892854016287622
WDR45B,ENSG00000141580,chr17,82604561,82658553,345,0.4802472105612315,0.49670745912067193,0.39283134409011405,0.4692778861833068,0.381625855261418,0.4210184980870769,0.41971940704537747,0.26556518764909826,0.2668642786907976
RAB40B,ENSG00000141542,chr17,82644972,82708698,467,0.49071031128496695,0.6190112485314198,0.5694148025820897,0.5145656006524786,0.5512156308614571,0.39855682400094167,0.44324189732586755,0.5664286039948414,0.5217435306699156
FN3KRP,ENSG00000141560,chr17,82706705,82740328,256,0.4520236183211202,0.6404394101069796,0.5335189517954677,0.4899487323253272,0.5977276479009781,0.4309288918755313,0.39274534158551244,0.5919436848058555,0.6301272350958744
FN3K,ENSG00000167363,chr17,82725614,82761196,178,0.502817897682258,0.6954356744547058,0.6415855155677855,0.5807582667548155,0.6820356158992524,0.43080334839966483,0.4561823293399381,0.758069616004364,0.7326906350640907
TBCD,ENSG00000141556,chr17,82742041,82955914,1486,0.3797050303490051,0.5837566158346975,0.5172456438497269,0.37606431341681745,0.5644590496544333,0.31289897709506204,0.2585133287712695,0.5635861546159019,0.6179718029396946
ZNF750,ENSG00000141579,chr17,82819433,82850022,194,0.3160599669005575,0.6128072858528238,0.5440119240329228,0.3642305353883498,0.5323974023099841,0.2717145788154545,0.32080775243601156,0.6771181617099549,0.6280249880893978
B3GNTL1,ENSG00000175711,chr17,82932154,83061810,818,0.38736588087729773,0.6976587685034099,0.5625780432394822,0.412958270027063,0.5683953890599631,0.4296647053727496,0.4443065014993746,0.7665342884795845,0.7518924923529595
METRNL,ENSG00000176845,chr17,83069608,83105122,213,0.31631484799397563,0.6912721601616267,0.7824645980827822,0.3050594146954987,0.7917171234476055,0.015079632286174482,0.0,1.160215535132478,1.1901121906860679
