gene_name,gene_id,chrom,start,end,n_snps,fst_afr_sas,fst_afr_mel,fst_mel_sas,fst_afr_eur,fst_eur_mel,pbs1_african,pbs2_african,pbs3_melanesian,pbs4_melanesian
IQSEC3,ENSG00000120645,chr12,56766,188455,867,0.34505332377054143,0.44659481762553266,0.4220312187091538,0.38135749016329007,0.40264739845443376,0.23331544034302787,0.2783224155735658,0.3583494067214083,0.31334243149087027
SLC6A12,ENSG00000111181,chr12,180076,224570,415,0.37282478310005707,0.26285815171308274,0.2651881048977548,0.29843565210131884,0.262399561209715,0.2316817626045181,0.17753229047708335,0.07329317556127968,0.12744264768871444
SLC6A13,ENSG00000010379,chr12,210620,272873,459,0.35794441481045886,0.6395476475372489,0.5714659197072994,0.44099114983921317,0.5811848023458925,0.3080454446359175,0.3658299817212615,0.712350057056252,0.6545655199709081
KDM5A,ENSG00000073614,chr12,270056,399320,651,0.4332036472131865,0.6250269637954801,0.6115905792115486,0.40873150550933707,0.5666106831527866,0.3014805387501391,0.3351336892866573,0.679420620301378,0.6457674697648597
CCDC77,ENSG00000120647,chr12,379272,452642,341,0.4833977880488674,0.6854743930261264,0.6958972308578366,0.49706232623880464,0.6424280956401701,0.3133911616007594,0.40778000226151945,0.8432986233348265,0.7489097826740666
B4GALNT3,ENSG00000139044,chr12,449938,573509,884,0.39427809670308966,0.48093428626696955,0.45842044532151094,0.418275814960721,0.48343440782837305,0.2718968917582759,0.2684653176470656,0.3838278960171734,0.3872594701283837
NINJ2,ENSG00000171840,chr12,554295,673589,802,0.33978458366839503,0.4462302625625868,0.3892973953987365,0.3864759999482424,0.42042559885608344,0.2565251250227526,0.2670404874041961,0.3344811900074097,0.32396582762596604
WNK1,ENSG00000060237,chr12,742578,921452,801,0.4152056704594924,0.428781988465207,0.3717051655727403,0.403943877167705,0.3994951914063398,0.31586683077139094,0.28371007816729066,0.24411750488351242,0.2762742574876127
RAD52,ENSG00000002016,chr12,901735,1000053,546,0.5267673018241079,0.5598754298313885,0.5311171376973342,0.5526912394730145,0.510703499235057,0.40573161249332934,0.45520851463981904,0.41496586562614074,0.36548896347965104
ERC1,ENSG00000082805,chr12,980508,1505933,3611,0.3719391197053997,0.41269543623656463,0.3866929668304851,0.3743340037757944,0.3676924885627427,0.2542201605651871,0.2713854569590711,0.2779915851653305,0.26082628877144637
WNT5B,ENSG00000111186,chr12,1519890,1657212,1101,0.4449471328807273,0.4643272390885645,0.43418438543116006,0.41835635279189864,0.43573814706652364,0.3217183577889022,0.2969461384313976,0.3025134672536972,0.3272856866112017
FBXL14,ENSG00000171823,chr12,1555992,1604581,295,0.48883759634962304,0.5521579345487255,0.45577988337372394,0.5774023132250264,0.5339580419580421,0.4329905386451967,0.45058483930574544,0.37032410255096987,0.35272980189042114
ADIPOR2,ENSG00000006831,chr12,1678573,1798674,750,0.4519855077070068,0.5940788189367571,0.5331627987206237,0.4569537299145998,0.5439254258676003,0.37063756632263845,0.3635290405996567,0.5309587072166746,0.5380672329396563
CACNA2D4,ENSG00000151062,chr12,1781962,1928666,1162,0.49085354524426117,0.5631764668450672,0.5173637114010873,0.5273315070464665,0.5473435004950455,0.38737680925723594,0.3924826280633359,0.44084917047502936,0.43574335166892947
LRTM2,ENSG00000166159,chr12,1810266,1846753,326,0.46063328202181975,0.5079562710128471,0.4869329836420163,0.4705600216404788,0.4333417751365607,0.32959922616385356,0.38856211352531805,0.37958846022038467,0.32062557285892024
DCP1B,ENSG00000151065,chr12,1936052,2014535,530,0.31873902150851563,0.6684346739083582,0.6564863738624965,0.33101914643100666,0.6159035284137993,0.2096058724937898,0.27453436776889667,0.8943245541600519,0.8293960588849449
CACNA1C,ENSG00000151067,chr12,1960771,2707950,5035,0.40462585539622337,0.5409504287084557,0.5163544899461905,0.42753107360618153,0.5026669217263887,0.2853796375177928,0.31894929931165,0.493217438778689,0.45964777698483184
FKBP4,ENSG00000004478,chr12,2784969,2815423,137,0.32633051302892196,0.37512875016570907,0.28878422464356773,0.2908544705609415,0.3074764930533144,0.2622229503913589,0.22324553382885737,0.20798670034048017,0.24696411690298162
ITFG2,ENSG00000111203,chr12,2802621,2869791,371,0.24873353445618243,0.33783888757685476,0.2063355980671393,0.20641032090541417,0.2721730190298763,0.23357334079183212,0.1628715930748343,0.17867303962311562,0.24937478734011348
NRIP2,ENSG00000053702,chr12,2815347,2845544,157,0.2260457677189299,0.2569691023137426,0.18292838986320523,0.1657597606533777,0.21304753931746706,0.1756158253952728,0.1193320366454219,0.1214018246916698,0.17768561344152067
TEX52,ENSG00000283297,chr12,2839045,2867039,173,0.2922976427636371,0.42476660301294306,0.38782915524028433,0.2813726253034296,0.38837770467919464,0.20398360424055145,0.19587568589028556,0.3489958084989447,0.35710372684921066
FOXM1,ENSG00000111206,chr12,2847679,2887174,237,0.24545604269926272,0.45426940498957047,0.43389818596323,0.20875816624730617,0.4492351961452767,0.15914512476890375,0.12166702639606497,0.4464847159697416,0.48396281434258015
RHNO1,ENSG00000171792,chr12,2866257,2899524,243,0.23138635320206866,0.49997811681709536,0.2973650076356265,0.22668677208053048,0.3488893910592989,0.3016762622394149,0.26054938593031407,0.39142715291244057,0.4325540292215415
TULP3,ENSG00000078246,chr12,2867222,2951138,605,0.27924847181445733,0.4488589861440859,0.3259522506651984,0.2978074496001882,0.34822495052814023,0.264385537692181,0.2606282052857847,0.331379041366422,0.33513637377281813
TEAD4,ENSG00000197905,chr12,2949329,3050676,822,0.5331222498582677,0.4584670392103939,0.5136994301093037,0.566420769811632,0.5374921969403283,0.3270553939376917,0.3389701125727323,0.2862959510383127,0.2743812324032721
TSPAN9,ENSG00000011105,chr12,3067354,3296564,2049,0.47429418850793476,0.5376597581902575,0.5109987230561689,0.4514118831998479,0.4837538082605692,0.34953877154563556,0.35534502748706326,0.4219154332703976,0.41610917732896996
PRMT8,ENSG00000111218,chr12,3371348,3603973,1298,0.474386090179252,0.4567935199511135,0.4533168661060154,0.5097383824817031,0.46802090285281733,0.32478409830634264,0.34596540448884183,0.2854816751046599,0.2643003689221606
CRACR2A,ENSG00000130038,chr12,3596632,3774819,1256,0.365264874440263,0.39601041066152703,0.3542903936377196,0.3393847322754725,0.34549281287981815,0.2606702037910175,0.24745462958522257,0.24352811359943058,0.2567436878052255
PARP11,ENSG00000111224,chr12,3781046,3883448,597,0.2580965553523106,0.40783079958560126,0.3592698301014845,0.24238676638393464,0.34535018917815047,0.18867609186503995,0.1889451582939047,0.3352867815586117,0.335017715129747
CCND2,ENSG00000118971,chr12,4259770,4315353,323,0.5225138564826892,0.6135959508855928,0.5812518569428093,0.5814875446716732,0.5483852854760674,0.40980310278773147,0.5134972305686681,0.5410685948363951,0.4373744670554583
RP11-388F6.5,ENSG00000285901,chr12,4263761,4415490,943,0.5074013792343537,0.6110588220461323,0.5715790750042716,0.5345113322050037,0.5807480531346717,0.4023693282086024,0.4198557261991529,0.5419578320752014,0.524471434084651
TIGAR,ENSG00000078237,chr12,4297762,4370028,385,0.4351422382406817,0.5498392262175988,0.5512004009936385,0.4353983832753449,0.5690451622092995,0.2840764976640227,0.26401670277815115,0.5140739872892874,0.5341337821751588
FGF23,ENSG00000118972,chr12,4358226,4389712,206,0.45941907208766997,0.4873161502016285,0.5111552354965434,0.5395330615558176,0.49250575073296843,0.28374826565900824,0.3826701110670398,0.38434763532536387,0.28542578991733225
FGF6,ENSG00000111241,chr12,4418154,4455815,328,0.35919159101904646,0.5737471166633137,0.5451868857130995,0.36206452340667644,0.5066794780398598,0.2549392822138093,0.2978222251850145,0.5977832037672364,0.5549002607960312
C12orf4,ENSG00000047621,chr12,4477734,4548508,360,0.2893375135932997,0.5713124495034722,0.5859171354117287,0.22948412734679938,0.5601705313255002,0.15344772065148532,0.14317688575787374,0.6935792252777893,0.7038500601714008
RAD51AP1,ENSG00000111247,chr12,4528797,4570047,235,0.30736087881707236,0.5651570653613912,0.5599003390597777,0.31121097897605465,0.48990859700697803,0.18963123569656992,0.26621265019984897,0.6431391471945789,0.5665577326912998
DYRK4,ENSG00000010219,chr12,4552203,4625302,554,0.38559194472457475,0.465744130825194,0.47178522875053935,0.3795993617398204,0.409401894891149,0.23786203560267072,0.28882534990993897,0.38901836341967133,0.338055049112403
RP11-500M8.7,ENSG00000272921,chr12,4594943,4672643,276,0.48639830659863237,0.5801413996692945,0.5298384797251806,0.49057933707064955,0.47168269738877694,0.38973276830149217,0.452130110199456,0.4781045219671835,0.4157071800692196
AKAP3,ENSG00000111254,chr12,4605507,4659051,182,0.46847612953344403,0.6133121408168193,0.5474282381469453,0.5085094975621712,0.48231768231768224,0.3946678544171213,0.5010283144198908,0.5554696224022674,0.449109162399498
NDUFA9,ENSG00000139180,chr12,4639094,4704317,192,0.4625379079882029,0.40265554289333766,0.39682687023552965,0.4999198456570523,0.4116836624777935,0.3153036952152268,0.3388788749290689,0.19995765668515303,0.17638247697131093
RP11-234B24.6,ENSG00000255639,chr12,4639100,4784184,688,0.3588546123004045,0.35823651881592966,0.3141036214614392,0.4231696527203905,0.3412074681823752,0.2555028860396711,0.28819795849020813,0.188032566502516,0.155337494051979
GALNT8,ENSG00000130035,chr12,4710399,4861927,993,0.32695078316337095,0.3326017409099669,0.3005826902062344,0.3421920469113853,0.2941393849962268,0.22139871874583347,0.23743654293734862,0.18296960241803722,0.16693177822652205
KCNA6,ENSG00000151079,chr12,4799175,4823412,142,0.36032942100225096,0.48577550868944586,0.33215798575439665,0.36164327333332086,0.34867032638414214,0.3540968358871266,0.34260701033441665,0.31099851946642454,0.32248834501913454
KCNA1,ENSG00000111262,chr12,4899904,4928256,188,0.4134490633766304,0.5119320881292072,0.4498844551739656,0.4090090107423441,0.41980638327071096,0.32658477201047614,0.3494309091180735,0.39071594713122154,0.36786981002362423
KCNA5,ENSG00000130037,chr12,5033878,5056788,175,0.5679393018267939,0.592331179061191,0.5606915813650888,0.5416030246887867,0.5259805299170793,0.45696788936161126,0.4654064887695938,0.4403322582193283,0.4318936588113459
NTF3,ENSG00000185652,chr12,5422107,5531536,673,0.4461542029111303,0.5283763247031548,0.4793164049252781,0.45039740679579426,0.4515917313135713,0.3449150801304752,0.3746992378375025,0.406658829377185,0.3768746716701577
ANO2,ENSG00000047617,chr12,5521868,5956232,2973,0.43128369479546735,0.41677947557731565,0.3752187905681452,0.4069873824765748,0.34318378840575314,0.3166048523824295,0.3206892352266201,0.22258505375584686,0.21850067091165631
VWF,ENSG00000110799,chr12,5938876,6134770,1436,0.42486904742977377,0.4840203103254197,0.3957065931709984,0.42096770620281143,0.40216608033412593,0.3555749848919832,0.3468213066475043,0.306112890479034,0.3148665687235128
CD9,ENSG00000010278,chr12,6189714,6248271,354,0.35696359385452126,0.5190280695252566,0.46018628994153554,0.3328420513771783,0.37018539030038017,0.2784845620056361,0.33717252526411967,0.45346180517491763,0.39477384191643383
PLEKHG6,ENSG00000008323,chr12,6300435,6338506,253,0.4194232178381355,0.44120482697051966,0.3967398053438906,0.4520041170214263,0.44464233052247387,0.31014941612490915,0.29765843565858735,0.2718228736121586,0.2843138540784806
TNFRSF1A,ENSG00000067182,chr12,6318756,6352114,187,0.22726880055586057,0.263097140160544,0.22143939062626547,0.32405010051028293,0.3429998519057045,0.15640739564921768,0.1384322420449346,0.14889180466173443,0.16686695826601755
SCNN1A,ENSG00000111319,chr12,6336842,6387730,332,0.381785272783923,0.43348250428080515,0.3539468180521468,0.40905612103046196,0.40902132272690656,0.30614664417414983,0.2841530996726169,0.26210067093474954,0.28409421543628244
LTBR,ENSG00000111321,chr12,6365044,6401571,248,0.39009740685569755,0.5400890268531844,0.37662615050271764,0.31278230419644815,0.44150319368001884,0.3992847510410194,0.2846600620585957,0.37743759382596603,0.4920622828083897
CD27,ENSG00000139193,chr12,6434954,6461718,172,0.2835684489992707,0.5028113018921325,0.4115151577677661,0.33133341687119067,0.44890871766292373,0.25102705508990764,0.2527002789328162,0.4477585955923318,0.44608537174942325
TAPBPL,ENSG00000139192,chr12,6441689,6476517,220,0.3475293632631809,0.5889446369661683,0.5057642289451144,0.40657816388911866,0.4326505931585213,0.30563695298530347,0.42204860828999247,0.5833904173269339,0.4669787620222448
VAMP1,ENSG00000139190,chr12,6452236,6480677,181,0.41937507931701556,0.610393221029632,0.4956619358378474,0.4309833803604206,0.35180525495503,0.4008795700097308,0.5364494245084589,0.5417377375341283,0.40616788303540025
MRPL51,ENSG00000111639,chr12,6481885,6503841,152,0.30599080131343176,0.46729713377429105,0.39159888141094945,0.26300770298395226,0.3729383289033341,0.24907033422947894,0.2341294694940669,0.3807211502815575,0.3956620150169695
NCAPD2,ENSG00000010292,chr12,6483355,6541955,411,0.31984630168823674,0.4752695993396102,0.4288690064132187,0.34327863757677524,0.38550507199802325,0.23508523273069903,0.2892057616623911,0.4097854381093152,0.35566490917762317
GAPDH,ENSG00000111640,chr12,6524511,6548374,160,0.24433027108376737,0.5386536162810771,0.43669151039454585,0.328121240706468,0.4116134096076225,0.23991457311823017,0.32045621772626515,0.5336915703464413,0.45314992573840623
IFFO1,ENSG00000010295,chr12,6528960,6566073,213,0.3056998767224604,0.4816334057044286,0.4023341902879129,0.2751945375343243,0.38469385129447403,0.25360000291161006,0.24664461576944471,0.40347257312506807,0.41042796026723327
NOP2,ENSG00000111641,chr12,6546862,6578691,135,0.31423839124386593,0.4061944161191641,0.20821975930965625,0.3734405118078587,0.13204882840053986,0.3324785671322675,0.42354752458500594,0.18872474592542807,0.09765578847268955
RP5-940J5.10,ENSG00000285238,chr12,6546885,6617367,257,0.2666889910367241,0.3318592135148217,0.23748924708289065,0.321144653750296,0.2007954844019047,0.22115153605846405,0.2832325907203568,0.1821048333820744,0.12002377872018163
CHD4,ENSG00000111642,chr12,6560081,6624524,222,0.2679847152255153,0.3274209031100479,0.22638170416855122,0.3250029109285165,0.26837678608916266,0.22595637887663875,0.2385964130989243,0.17067917935250895,0.1580391451302234
LPAR5,ENSG00000184574,chr12,6608834,6645960,159,0.5060793997771085,0.6215350378787879,0.7088032643425727,0.5843180321982164,0.6626982987172559,0.22162805552953524,0.38134454960965725,0.7500037252134667,0.5902872311333447
ACRBP,ENSG00000111644,chr12,6628074,6657433,152,0.6427606656462378,0.7023782294326302,0.7161656664664016,0.6956012827874594,0.6729443589114003,0.4909582993638306,0.64186186286959,0.7209735255467722,0.5700699620410129
ING4,ENSG00000111653,chr12,6640300,6673142,146,0.7230891717225922,0.8143104223043314,0.7487532330136543,0.762359245177389,0.8097049013150908,0.7932094967032576,0.730747427523781,0.8904694399127621,0.9529315090922387
ZNF384,ENSG00000126746,chr12,6656476,6699572,195,0.4140628231392059,0.701038320117818,0.6581639974466419,0.6146129599567101,0.7163367420917429,0.33427919749112023,0.45048978483262736,0.8731606772428011,0.756950089901294
PIANP,ENSG00000139200,chr12,6683790,6710815,135,0.11362243567640354,0.5240705312250529,0.5480973856267839,0.1349609830916546,0.5131375452112193,0.03440465379914759,0.08384632394863761,0.7080809567730941,0.658639286623604
COPS7A,ENSG00000111652,chr12,6714013,6741875,199,0.5422992070005912,0.48423565705082766,0.6073865834398612,0.444143864140367,0.5363787335517851,0.254357546084229,0.24033189401811478,0.4077477714463275,0.42177342351244185
MLF2,ENSG00000089693,chr12,6737995,6777475,244,0.20255201518063676,0.1974703033980887,0.14829120858797692,0.2078166992427862,0.1259312796857493,0.14290724205170396,0.15917630704568742,0.07707917749951844,0.060810112505535016
PTMS,ENSG00000159335,chr12,6755515,6780952,109,0.3609709286338006,0.3329062738708667,0.25691889346988933,0.3266162488549445,0.17136702941653228,0.277839987600414,0.30614333335254307,0.12698473640372712,0.09868139065159812
LAG3,ENSG00000089692,chr12,6762511,6788455,118,0.3727736391381456,0.36172755076343494,0.3206076286253825,0.3123371147867792,0.34179873191054866,0.2644406899856941,0.2026010440273623,0.18454936038480738,0.2463890063431392
CD4,ENSG00000010610,chr12,6776857,6830799,371,0.38032336302981223,0.32679894487028216,0.24442289127603817,0.41686357307293276,0.29112272653492194,0.296997650148202,0.2954862476901428,0.09871359918381559,0.10022500164187481
GPR162,ENSG00000250510,chr12,6811623,6839972,181,0.4030953175954678,0.4204493897697691,0.4036916711492792,0.3176096865103577,0.38275399719559455,0.27225135480551427,0.22258406839673422,0.27325093090440056,0.3229182173131806
P3H3,ENSG00000110811,chr12,6818406,6849847,172,0.35606552990674456,0.47738894251698744,0.4536323186233523,0.394635311575548,0.4041534546061415,0.24230647966503882,0.31653493002708927,0.4066112878570045,0.3323828374949541
GNB3,ENSG00000111664,chr12,6829953,6857393,143,0.4587943912687331,0.5363456293252085,0.5467953340727797,0.4064154168412234,0.5432092432118593,0.2955802299875625,0.25333079939936376,0.4730356651243963,0.5152850957125952
CDCA3,ENSG00000111665,chr12,6834792,6861292,140,0.41632193672170076,0.5594437126677092,0.529711471659471,0.43280890526443466,0.4114404808296419,0.30185694416901476,0.42834942259218756,0.5178601170500913,0.3913676386269185
USP5,ENSG00000111667,chr12,6842147,6876632,171,0.296707318920959,0.5383305258975155,0.4573420883530996,0.41450024330490814,0.4566737078388867,0.256806027838221,0.34907517315395215,0.5161000401206625,0.42383089480493136
TPI1,ENSG00000111669,chr12,6857118,6880948,115,0.26850416940059674,0.4514262856667418,0.3604408595991127,0.19535299864174255,0.4591959446059243,0.23306059546575805,0.10154348283737819,0.3673730202452654,0.49889013287364536
SPSB2,ENSG00000111671,chr12,6860934,6899358,188,0.27335845629114164,0.4944207234331656,0.32744458946644767,0.2566205159747504,0.38974000513833,0.3023508170399778,0.24236442612334713,0.379699607752473,0.43968599866910374
LRRC23,ENSG00000010626,chr12,6863568,6924241,294,0.30827158889285294,0.4609637073216686,0.36900770828110996,0.3062586253665648,0.3543323078892963,0.26303630719606597,0.2730790539471052,0.35493606978888764,0.3448933230378485
ENO2,ENSG00000111674,chr12,6903744,6933698,108,0.35309064462580014,0.3717607741677909,0.29783252680737937,0.3023166765094175,0.288287822606322,0.2734000043854464,0.24237126405336892,0.1914342478111549,0.22246298814323237
ATN1,ENSG00000111676,chr12,6914462,6952321,185,0.39206198866454867,0.4902884479726361,0.5285136509646875,0.42991743355981754,0.4750410665505004,0.20986376262412504,0.295724565657967,0.46404653490282216,0.3781857318689801
C12orf57,ENSG00000111678,chr12,6932977,6956003,155,0.6037291678056602,0.6787928399622594,0.6494904721648842,0.6175893783201346,0.5746754848743302,0.5064794990600845,0.6210132455204183,0.6291895065731765,0.5146557601128429
PTPN6,ENSG00000111679,chr12,6936467,6971316,250,0.675384142513515,0.6887019511855124,0.6955935533641973,0.6628585556336652,0.7063189192985744,0.5513628835365761,0.5144981649710055,0.6156415858798723,0.6525063044454429
PHB2,ENSG00000215021,chr12,6955326,6980780,151,0.5715981449666018,0.4092767153499515,0.5201677781164142,0.5762662295370384,0.36489116078360223,0.3198912115272995,0.4655493065413091,0.20651637517798654,0.060858280163976985
EMG1,ENSG00000126749,chr12,6960912,7007428,199,0.43705684814322543,0.19976463268985375,0.18129906251334263,0.38891970111178004,0.24663369507205127,0.2986947987454985,0.21608629153967557,0.0,0.006763093907872858
LPCAT3,ENSG00000111684,chr12,6966184,7028477,218,0.5312109377968124,0.25681550238649903,0.26664599731468785,0.4163361173664024,0.22372668822409242,0.3721432899591704,0.29099517051810825,0.0,0.005815780151944783
C1S,ENSG00000182326,chr12,6978258,7081032,445,0.4285946620620105,0.2887571322657818,0.3092329334002856,0.3507393625922105,0.31739292757081544,0.26522258030772144,0.19541324213016906,0.07551874107435647,0.1453280792519089
C1R,ENSG00000159403,chr12,7070213,7102540,115,0.27469140066041964,0.3624657577564554,0.31993422678820144,0.25454286115001334,0.3121936939871722,0.19286979516089928,0.18482845850675705,0.25727749490795826,0.26531883156210045
C1RL,ENSG00000139178,chr12,7079586,7119238,161,0.3109455325220141,0.40353502995530227,0.3498910132632054,0.301350004812408,0.3083112316453079,0.22927723244965878,0.25336048404517897,0.2874575325450926,0.2633742809495724
RBP5,ENSG00000139194,chr12,7105735,7138889,157,0.3678430945997437,0.4183845660228943,0.3187093281028125,0.32846165142304334,0.3779471416659265,0.30839861535316937,0.23269988161462393,0.2335472006621979,0.3092459344007433
CLSTN3,ENSG00000139182,chr12,7119697,7168945,237,0.4571514149653491,0.4380154499411675,0.395267904953659,0.4093115175363925,0.4054421819005703,0.34211801509626394,0.29140505543081896,0.23416290536858503,0.2848758650340301
PEX5,ENSG00000139197,chr12,7178684,7228574,230,0.46315533941186526,0.3250908328308911,0.3574188536411517,0.376821827632591,0.3454362421078765,0.28648074546852254,0.2211568453619019,0.10669641885293252,0.17202031895955314
ACSM4,ENSG00000215009,chr12,7294283,7338724,214,0.3602185207566461,0.5028255652324005,0.44000998008123515,0.4626208246206715,0.5291272046730562,0.2828033108520966,0.2833491891293824,0.41601102822334135,0.4154651499460555
CD163L1,ENSG00000177675,chr12,7336684,7489897,730,0.405385371594927,0.45036697837071077,0.4014284951515698,0.47042641076788405,0.4674788276624583,0.3025684678967271,0.30202748990153133,0.29593598895945855,0.2964769669546543
CD163,ENSG00000177575,chr12,7460810,7513893,265,0.5083873706406785,0.6333680090294241,0.5986501202200574,0.6396616136615302,0.5904502507102846,0.4002695903882833,0.5657057576016707,0.6031270930277812,0.43769092581439384
APOBEC1,ENSG00000111701,chr12,7639399,7675908,223,0.4401885301126361,0.6150245677044541,0.5000495541654776,0.5364834608671888,0.5857769824151038,0.4207423389993585,0.42106910502435596,0.533833419950442,0.5335066539254445
GDF3,ENSG00000184344,chr12,7679783,7705775,208,0.44348405447733347,0.6014808649737499,0.660373593249954,0.46321955873317117,0.5928913728985452,0.21307507527202374,0.32174533097919555,0.7069246890009088,0.598254433293737
DPPA3,ENSG00000187569,chr12,7701432,7727559,214,0.505917897731373,0.610514571050543,0.5262974452645777,0.47014852363701104,0.5194330503933151,0.4504033623815918,0.4226493209584931,0.49252546161862176,0.5202795030417204
CLEC4C,ENSG00000198178,chr12,7719382,7761605,397,0.3694232505844902,0.4689344785501457,0.38637909047847063,0.3486930179492386,0.36535149315768656,0.3028061616013749,0.30348005011280854,0.33006371119012834,0.3293898226786946
NANOGNB,ENSG00000205857,chr12,7755215,7784121,162,0.4447450027812364,0.695231217509995,0.5340409447567099,0.509163260865942,0.6612950739484807,0.5064360916849491,0.40860980906735633,0.681765788382162,0.7795920709997548
NANOG,ENSG00000111704,chr12,7777793,7809146,78,0.5439811897960327,0.728066609681198,0.5209134542013858,0.46502312222812353,0.5901528094720369,0.6757726666767423,0.5178794942814222,0.6264254645333069,0.7843186369286268
SLC2A14,ENSG00000173262,chr12,7802511,7901148,194,0.500747467560677,0.5489970262685812,0.49820645352659343,0.5516734302132251,0.5347944455097818,0.4006790370932006,0.4166193945815509,0.39560230876848634,0.3796619512801361
SLC2A3,ENSG00000059804,chr12,7909229,7946187,0,,,,,,,,,
FOXJ2,ENSG00000065970,chr12,8022715,8065517,244,0.46370917416695867,0.5510344432765653,0.49167056860485353,0.47242880909802865,0.4175022125259843,0.3736311151160235,0.4499253385354137,0.42717799014996916,0.350883766730579
C3AR1,ENSG00000171860,chr12,8046843,8076359,147,0.39485542040245625,0.4220099672900081,0.4621331088240602,0.43963475599111734,0.3542032292032293,0.2151711831305962,0.3450473601660735,0.33302747177423153,0.2031512947387542
NECAP1,ENSG00000089818,chr12,8066938,8107881,203,0.39605364943882326,0.6930637484379715,0.5407733883964059,0.4570294350016263,0.579422909237565,0.4535868138006287,0.4628439430132776,0.7275283887915678,0.7182712595789189
CLEC4A,ENSG00000111729,chr12,8113616,8148607,239,0.6710916478370251,0.7774439918390615,0.7385582986631796,0.6131263430159883,0.7231062779072787,0.6365043295439194,0.5840560364023536,0.866072157436974,0.91852045057854
RP11-266K4.16,ENSG00000284393,chr12,8128139,8185320,260,0.5855868475473367,0.7381840924140977,0.524203439203505,0.5462769404852383,0.5726935352128553,0.7391203027973017,0.6400640630343056,0.6009933621947856,0.7000496019577815
ZNF705A,ENSG00000196946,chr12,8147033,8198537,136,0.3920658748517984,0.6202654384868145,0.40769451758453035,0.39679010648965835,0.5346148857253414,0.47111939138086234,0.3544414199831839,0.49716340129496134,0.6138413726926397
FAM90A1,ENSG00000171847,chr12,8211259,8237618,0,,,,,,,,,
CLEC6A,ENSG00000205846,chr12,8445961,8488330,201,0.5937617394000558,0.6218124112337361,0.5932106611679513,0.5133987613035353,0.4274062315663245,0.4868602800399019,0.5675482367983978,0.4855046598447625,0.4048167030862666
CLEC4D,ENSG00000166527,chr12,8499474,8532366,225,0.28066084840966404,0.24727507850925726,0.20691782028561767,0.30156374925460094,0.17893582490075496,0.1908246650969171,0.22290639640956905,0.09323076293257304,0.06114903161992108
CLEC4E,ENSG00000166523,chr12,8523304,8550905,200,0.29354167536662057,0.41876327447053835,0.351520321486415,0.31879258930897353,0.28376614090899804,0.22848180768465784,0.2963685325041293,0.3141153524554753,0.2462286276360037
AICDA,ENSG00000111732,chr12,8592169,8622867,214,0.4591875632825805,0.5165082985093314,0.5306538433180958,0.4208129070196812,0.4997235707339784,0.2924945882232695,0.29012818761371434,0.43422653942404504,0.4365929400336003
MFAP5,ENSG00000197614,chr12,8627345,8672888,250,0.17578558953894305,0.35076514171468887,0.48947317697368287,0.15406401861452715,0.39717217954868145,0.0,0.046574341837512856,0.4554741373086264,0.3853864087292336
RIMKLB,ENSG00000166532,chr12,8671599,8793095,727,0.33700522956421564,0.4057858497559827,0.5025545207392781,0.3196500216285578,0.418865290671847,0.11661718051869757,0.1814453750669593,0.4038983217770168,0.33907012722875507
A2ML1,ENSG00000166535,chr12,8812620,8897001,562,0.5709298600822291,0.6437321885234101,0.7197430415415149,0.4845899321356526,0.6596163989873685,0.30307952037917574,0.3085914696577262,0.7289930311426457,0.7234810818640951
PHC1,ENSG00000111752,chr12,8903895,8951467,249,0.43624376567345646,0.5668821306783144,0.49921483707262804,0.41591557949906244,0.48208223179297255,0.35915030783824226,0.358258162744597,0.4775950646618047,0.4784872097554501
M6PR,ENSG00000003056,chr12,8930360,8959761,141,0.3794543078018419,0.5588935202310666,0.46364714974385274,0.3990010613102258,0.5038252592079716,0.3363309947579181,0.31340198899797883,0.48213798719870266,0.5050669929586419
KLRG1,ENSG00000139187,chr12,8940043,9020760,425,0.331307681319702,0.5555450560647809,0.42489435015046734,0.3170725734947549,0.42787975671369227,0.33006815668986206,0.31693359024302376,0.4808384359512626,0.4939730023981008
A2M,ENSG00000175899,chr12,9057663,9126229,376,0.28242734873073755,0.29637877237247917,0.22601836337279307,0.297916011461553,0.21258608727235478,0.213594522970042,0.2331080527214024,0.13792057358173862,0.1184070438303782
PZP,ENSG00000126838,chr12,9138839,9218395,472,0.5030571544043555,0.49137691982567666,0.4237044684560769,0.49563702875305954,0.4148307184867428,0.4120968156201983,0.41232651638875534,0.2639512315877375,0.2637215308191803
KLRB1,ENSG00000111796,chr12,9584550,9617916,90,0.3607991132951524,0.3904554178522748,0.3869079409528758,0.31871258208766534,0.3876720584804418,0.22666975409127893,0.1941634542992027,0.26837343320117385,0.3008797329932501
CLEC2D,ENSG00000069493,chr12,9654968,9709553,399,0.45670520942038106,0.5139186227801925,0.5965288616256871,0.4138318562854393,0.5076920602617195,0.21191605909287137,0.27343847882669153,0.5094631671666495,0.4479407474328292
CLECL1,ENSG00000184293,chr12,9705859,9743299,278,0.474135082164933,0.579932578268229,0.42933268507602074,0.43172054762473977,0.4176635452340935,0.47455104354809147,0.44588757148628333,0.3927890091070733,0.4214524811688815
CD69,ENSG00000110848,chr12,9742485,9770901,252,0.4403401352665168,0.6799827471798272,0.60111444930829,0.40662609406899947,0.5438645468176299,0.40036284507913156,0.438172724186666,0.7390175244995582,0.7012076453920237
KLRF1,ENSG00000150045,chr12,9817480,9855007,228,0.5776162520421922,0.5673727992978741,0.7380801337012524,0.49774066223624364,0.6123447430101239,0.18000161858233454,0.2894393632719082,0.6578772715988078,0.5484395269092341
CLEC2B,ENSG00000110852,chr12,9842368,9879386,234,0.43107160139882167,0.5514572749836248,0.502871984190264,0.4984286580631452,0.5043285040796105,0.3334221605294751,0.39495944315180376,0.46832917947004604,0.4067918968477174
KLRF2,ENSG00000256797,chr12,9871488,9905833,229,0.43078437180691076,0.4689910801276943,0.41862952766433587,0.590284426764571,0.48057407983551353,0.32705266851517373,0.4351187332594938,0.30592379111318385,0.19785772636886378
CLEC2A,ENSG00000188393,chr12,9888672,9942370,353,0.3631462723525374,0.3575011996908277,0.3014179335014234,0.4020101100517872,0.34020016991088126,0.2674514942875049,0.27037649167333294,0.1749388351500787,0.17201383776425067
CLEC12A,ENSG00000172322,chr12,9941315,10005694,432,0.4455863720407124,0.5586995590263322,0.5222493597524354,0.33221707360162966,0.5300044539679093,0.33460362883366723,0.2333947106671418,0.4834257346129468,0.5846346527794722
CLEC1B,ENSG00000165682,chr12,9975641,10023424,324,0.42703875362378146,0.5790087812358508,0.5884109292610097,0.38151605636623365,0.5558275985728252,0.2671753362392579,0.26704242540255546,0.5979679673204306,0.598100878157133
CLEC12B,ENSG00000256660,chr12,10000626,10028796,197,0.3666350440239218,0.5116709074484684,0.50093132281687,0.3368095910132246,0.5214310143183878,0.23923132030503158,0.19525197982038006,0.4775344101265713,0.5215137506112228
CLEC9A,ENSG00000197992,chr12,10020677,10076031,290,0.38618436072429196,0.5512147016067427,0.4357158861841467,0.3995826875514477,0.46502610046420895,0.35853696708374877,0.3429018542456136,0.4426737158172247,0.45830882865536
CLEC1A,ENSG00000150048,chr12,10059553,10121627,443,0.4329316321623469,0.5045668779457175,0.5395777428153772,0.5210034988493336,0.6584513854988125,0.24699352455925117,0.1820598183587122,0.4553293803892766,0.5202630865898157
CLEC7A,ENSG00000172243,chr12,10106776,10140258,212,0.24727085204975402,0.3111004566020332,0.383533395140476,0.3361981266160444,0.46124878918459206,0.08647925279047289,0.08196499327860524,0.2861805663914464,0.29069482590331414
OLR1,ENSG00000173391,chr12,10148300,10182138,243,0.26738485879966134,0.2357581095392857,0.1874784289162951,0.381199774749766,0.265151318878196,0.18619643718139495,0.2203765243289887,0.08267449219409204,0.04849440504649832
TMEM52B,ENSG00000165685,chr12,10160541,10201804,290,0.39171539140471184,0.39338593509097547,0.3603761152369664,0.4450468880550144,0.3949812168059848,0.27504997119799923,0.29311918724378305,0.2248125263345213,0.20674331028873755
GABARAPL1,ENSG00000139112,chr12,10202457,10233128,238,0.5021281685379476,0.4230335740260068,0.43080497971583886,0.5620349228804496,0.5313745095056911,0.34192582079202016,0.30881797425786345,0.20804538059507494,0.24115322712923165
KLRD1,ENSG00000134539,chr12,10216057,10339608,782,0.5996632633504464,0.6201621603306386,0.6690337974302547,0.6440162328186877,0.6842504902359918,0.3888605417970754,0.42403746583329516,0.5791503132552867,0.5439733892190668
KLRK1,ENSG00000213809,chr12,10362352,10401874,245,0.5490514395297353,0.6959709502667694,0.5337910712331688,0.4616092442760976,0.5479279150743807,0.6119563130299049,0.5079445312847042,0.5786757107784216,0.6826874925236224
KLRC4-KLRK1,ENSG00000255819,chr12,10362352,10420146,370,0.5079307408804751,0.6499759970437162,0.5141793593899495,0.4302131174137586,0.5423745917072751,0.5184867866815663,0.41527105494988437,0.5312667602935071,0.634482492025189
KLRC4,ENSG00000183542,chr12,10397381,10419757,155,0.30900822572925113,0.4255575938667093,0.364717656914553,0.2922743708201599,0.2885185140028529,0.23514852619462565,0.27982417203339993,0.3192069109448402,0.27453126510606596
RP11-277P12.6,ENSG00000255641,chr12,10402311,10446001,137,0.4763122458772129,0.5951361198778643,0.3934892244797265,0.5012330391346248,0.4368222896778512,0.5255156220785635,0.5128303098388023,0.3786887447546443,0.3913740569944054
KLRC3,ENSG00000205810,chr12,10402314,10430595,118,0.4378457543132603,0.5350296920967748,0.31010303250929383,0.42571895812406313,0.28694469628286495,0.48527386130763744,0.491110907572164,0.2805078680974535,0.274670821832927
KLRC2,ENSG00000205809,chr12,10416853,10452300,57,0.4206634622141222,0.5230276819128331,0.4392514892795298,0.40329424062034347,0.5614026491247054,0.3538428961230819,0.21622724630686724,0.3864539270149517,0.5240695768311663
KLRC1,ENSG00000134545,chr12,10432263,10464685,127,0.4145595854894253,0.5048618148040919,0.5257125913032633,0.4777753545253408,0.5468080626656985,0.2461837347294908,0.28056814060464785,0.45673465863048457,0.4223502527553275
EIF2S3B,ENSG00000180574,chr12,10495601,10533135,258,0.42470074311016304,0.5420847771973175,0.6960861898420236,0.48414628251507147,0.6806371592535115,0.07146250243278818,0.15078793560780734,0.7096087126197597,0.6302832794447405
MAGOHB,ENSG00000111196,chr12,10594192,10623609,258,0.5325734266223127,0.6149828397962044,0.6380736910849477,0.44868129050785976,0.5013594571066649,0.34933286210028924,0.42701989645720695,0.605134511629453,0.5274474772725355
STYK1,ENSG00000060140,chr12,10608922,10684318,556,0.5553108665815518,0.5696112578857856,0.43226956378583503,0.4788466312574729,0.43896718292575604,0.5436688438773967,0.4584007281624363,0.2993975833970897,0.38466569911205
YBX3,ENSG00000060138,chr12,10689088,10733323,258,0.2838235528298615,0.3978443180793013,0.3392628892868835,0.30000358361753054,0.39253111929516027,0.2133343671538826,0.1827324962068067,0.29390489211098525,0.32450676305806114
TAS2R7,ENSG00000121377,chr12,10791531,10812627,151,0.5805913866604886,0.4871530714186971,0.4274970587965124,0.6349853299657868,0.39932170024762614,0.48947504025507493,0.5829499173946722,0.17830282291367217,0.08482794577407504
TAS2R8,ENSG00000121314,chr12,10796050,10817286,124,0.586866435383129,0.5221793218301038,0.4725818816244001,0.7132461013480076,0.43309368816209926,0.49137122646748027,0.710044735228485,0.2471485406818521,0.028475031920847438
TAS2R9,ENSG00000121381,chr12,10799093,10820168,106,0.5525192497534102,0.5345816656011089,0.48498425627728464,0.6608370855122693,0.46933447637035014,0.45269129195704444,0.606234996040429,0.31212734200615033,0.15858363792276586
PRH1,ENSG00000231887,chr12,10814959,11181608,0,,,,,,,,,
TAS2R10,ENSG00000121318,chr12,10815316,10836358,107,0.5689018110137071,0.5145161770354965,0.40784723441059045,0.6745058277068973,0.4445321455491778,0.5200190414566559,0.6285377470852196,0.2025902707107129,0.09407156508214909
PRR4,ENSG00000111215,chr12,10835848,10859475,132,0.6766682217598021,0.5883312562452985,0.60773226245127,0.6608608462273804,0.5449099609160974,0.5404009551959108,0.5908105271263551,0.3471353178470077,0.2967257459165633
PRH1-PRR4,ENSG00000275778,chr12,10835848,11181600,0,,,,,,,,,
TAS2R13,ENSG00000212128,chr12,10897925,10919562,128,0.3958206118543116,0.5872888633068102,0.47375021798425004,0.4354898707758063,0.40647837898766465,0.3734560871608407,0.467561336775106,0.5115512704663683,0.41744602085210303
PRH2,ENSG00000134551,chr12,10919235,10944845,137,0.40031182441946955,0.5331538071839971,0.43742762653527967,0.43821349656609254,0.46107214761388526,0.3489327020583937,0.3601076219607746,0.41282272507471457,0.4016478051723337
TAS2R14,ENSG00000212127,chr12,10927407,11181573,0,,,,,,,,,
TAS2R50,ENSG00000212126,chr12,10975912,10996912,0,,,,,,,,,
TAS2R20,ENSG00000255837,chr12,10985960,11008304,0,,,,,,,,,
TAS2R19,ENSG00000212124,chr12,11011618,11032620,0,,,,,,,,,
TAS2R31,ENSG00000256436,chr12,11020386,11041407,0,,,,,,,,,
TAS2R46,ENSG00000226761,chr12,11051364,11072294,14,0.40091778825701696,0.3001679787786335,0.3617208271033101,0.2926460768548498,0.06249856917195117,0.21014593405657356,0.3193010436664403,0.14676900836325268,0.037613898753385944
TAS2R43,ENSG00000255374,chr12,11081286,11102313,0,,,,,,,,,
TAS2R30,ENSG00000256188,chr12,11122957,11144644,102,0.19715478533182865,0.2313325194685801,0.1968720597525924,0.25964292600629696,0.24817853046899718,0.13172445027965968,0.13923154700300674,0.1313723577415103,0.1238652610181632
SMIM10L1,ENSG00000256537,chr12,11161193,11186016,0,,,,,,,,,
TAS2R42,ENSG00000186136,chr12,11175992,11196937,0,,,,,,,,,
PRB3,ENSG00000197870,chr12,11255923,11279805,0,,,,,,,,,
PRB4,ENSG00000230657,chr12,11297076,11320436,0,,,,,,,,,
PRB1,ENSG00000251655,chr12,11341822,11405566,0,,,,,,,,,
PRB2,ENSG00000121335,chr12,11381539,11511041,553,0.47864169022550707,0.6206015520006938,0.5665406013989742,0.5450785770955081,0.5809357123867638,0.3922644522089009,0.44353397212380996,0.576903859951996,0.5256343400370869
ETV6,ENSG00000139083,chr12,11639673,11905377,1728,0.5068785255553334,0.5626141969168813,0.5308759354464109,0.5173067262359969,0.5288198480843188,0.3885256750253823,0.40139936492555456,0.438413953755433,0.42554026385526067
BCL2L14,ENSG00000121380,chr12,12039843,12221084,1121,0.41688144207712136,0.48522635066150666,0.4257357604284204,0.375744845476687,0.38029863569745315,0.3243635524124388,0.32835324801430177,0.3396644383689484,0.3356747427670854
LRP6,ENSG00000070018,chr12,12106024,12277044,989,0.5005086245665635,0.4815334145366242,0.5422862384730543,0.390092347645419,0.4532528290556854,0.2847666901877094,0.27377931355883783,0.37211300782371537,0.383100384452587
MANSC1,ENSG00000111261,chr12,12316055,12360242,266,0.2365390962245741,0.2040079085427923,0.21761055487800782,0.23268537117666854,0.19907630641398016,0.12632837000968777,0.13551739140455601,0.10183765853268889,0.09264863713782068
BORCS5,ENSG00000165714,chr12,12347077,12481233,949,0.3815634698787088,0.3881970177970177,0.3695089124894318,0.3840788912646001,0.3654770580182427,0.2553247124979343,0.26054976589145346,0.2360202603056247,0.23079520691210556
DUSP16,ENSG00000111266,chr12,12463281,12572863,687,0.36038712308551035,0.653196552819732,0.5728932193837933,0.3632418998235983,0.5666985006876614,0.3275840171533017,0.33702052410641714,0.7314130770056788,0.7219765700525634
CREBL2,ENSG00000111269,chr12,12601826,12655108,290,0.5515203898568681,0.5337540607290354,0.49658216416640283,0.5694715958138182,0.523618007630023,0.4392996560404676,0.4321243767790396,0.3237423613599845,0.3309176406214125
GPR19,ENSG00000183150,chr12,12650889,12706207,313,0.4709054855151625,0.49380383528993854,0.45351106837041977,0.559709340159214,0.5145000512523799,0.3565889897624239,0.38928754516451325,0.3242420177670614,0.29154346236497203
CDKN1B,ENSG00000111276,chr12,12675497,12732369,291,0.5137932354450229,0.5667094296255971,0.4880898558182669,0.5212910043976376,0.5017841971113001,0.4439309239585357,0.4381435735807143,0.39241578886302275,0.3982031392408441
APOLD1,ENSG00000178878,chr12,12715916,12839975,833,0.4256231518662072,0.5808760697603454,0.5286595608813834,0.46373828185064536,0.5692285716075011,0.3359417747076075,0.32527196270438175,0.5336468518572646,0.5443166638604904
DDX47,ENSG00000213782,chr12,12803315,12839981,274,0.5225638165613843,0.5849040293717375,0.4764552894742761,0.5314185139088087,0.48587053623024845,0.48571873040502234,0.4860053117137912,0.3935268005556888,0.39324021924691993
GPRC5A,ENSG00000013588,chr12,12881558,12927937,302,0.4007063721701048,0.5689934687844096,0.4780052331862623,0.42565861915646247,0.5192846495611315,0.35176896160639476,0.331841691792397,0.4898630737543494,0.5097903435683471
GPRC5D,ENSG00000111291,chr12,12930774,12962147,210,0.41039954407125356,0.5115866051036163,0.4610184773363409,0.5616977235343774,0.42152376057243335,0.3134146432165969,0.49704089142171165,0.4031784678273068,0.21955221962219207
HEBP1,ENSG00000013583,chr12,12964869,13010265,249,0.43836694057905096,0.5473393494312712,0.47596669564708954,0.5354734118357447,0.541829947672189,0.36165953636311043,0.3894170807252406,0.4309530136057177,0.40319546924358757
FAM234B,ENSG00000084444,chr12,13034380,13152521,578,0.38693401414963463,0.3907580097228647,0.3403690326684614,0.42497688001414463,0.36061140568516886,0.2843738486931076,0.30082094156045747,0.21116588472752426,0.19471879186017438
GSG1,ENSG00000111305,chr12,13073531,13113683,157,0.325931746188956,0.45413657930786033,0.3651960693631543,0.31344688189561104,0.36166076254181984,0.2726856438883556,0.2662863722545276,0.33270083589291,0.339100107526738
EMP1,ENSG00000134531,chr12,13186722,13229941,308,0.4890277678523185,0.4891944961095303,0.46262241263610493,0.48203310224347246,0.4342426432155925,0.3610760604795797,0.3800101657970832,0.31069031936214964,0.29175621404464613
GRIN2B,ENSG00000273079,chr12,13427941,13992002,3733,0.44061489924404174,0.5447428729512899,0.498810800683198,0.4531280910045053,0.5283422798545104,0.3385192161572259,0.31946592681097813,0.44837368909819797,0.46742697844444575
ATF7IP,ENSG00000171681,chr12,14355675,14512931,796,0.47514830155818066,0.6748495711692514,0.6647206891399334,0.46769325615441715,0.5730646977351309,0.3376577752337153,0.4514399606231951,0.7858095705636134,0.6720273851741337
PLBD1,ENSG00000121316,chr12,14493660,14577883,439,0.6331550896882328,0.7835473935036598,0.7481211196113007,0.6120065188108075,0.7212847545006578,0.5771964153503263,0.599792879948166,0.9531872477911918,0.9305907831933522
GUCY2C,ENSG00000070019,chr12,14602631,14706599,629,0.6841134967374833,0.7317817258192052,0.7549729090557004,0.7067753344092753,0.7563408046592685,0.5309699857981709,0.5653927953215747,0.78498418826385,0.7505613787404462
H4-16,ENSG00000197837,chr12,14757998,14781131,166,0.24383842117438562,0.33029958124953024,0.2597351119427557,0.2375332044555933,0.2654502024137729,0.18983889990928907,0.18181181666704038,0.21108590287636134,0.21911298611861008
H2AJ,ENSG00000246705,chr12,14764382,14788002,145,0.2788974545161443,0.39327746868566826,0.31933531683035915,0.274976979718429,0.27403848974395584,0.22098607465948691,0.2504886490074548,0.27869763257538055,0.24919505822741259
WBP11,ENSG00000084463,chr12,14774581,14813486,175,0.2529505930665448,0.39784758779695145,0.2884916077460972,0.26791640432945263,0.24869660440001434,0.2292502892490763,0.26657976956052065,0.2779944000509561,0.2406649197395117
C12orf60,ENSG00000182993,chr12,14793665,14916586,740,0.2704010838441244,0.34096696504872814,0.25881873283256096,0.25322326901193665,0.21530079349160716,0.21636594201857776,0.23325791593248246,0.2006156748080983,0.18372370089419363
SMCO3,ENSG00000179256,chr12,14794649,14824182,140,0.24449572347362783,0.3735523563313806,0.25677303535025786,0.33814039502859866,0.3307433373720828,0.22565305207147163,0.239402129527069,0.2420370256299301,0.22828794817433276
ART4,ENSG00000111339,chr12,14815568,14853526,232,0.13364315153125458,0.2571904957166447,0.16544405706285617,0.18707966720208175,0.1477583940067753,0.1299592720035571,0.17227630150233847,0.1673563823700464,0.12503935287126505
MGP,ENSG00000111341,chr12,14870863,14895857,179,0.3172098071320161,0.35448638648344427,0.3485394443611336,0.32641541763351173,0.2714393205035215,0.19536910107461025,0.25808316034997925,0.2423398779647427,0.17962581868937375
ERP27,ENSG00000139055,chr12,14904038,14948537,335,0.45758628633440196,0.4758326953748006,0.5533421344902703,0.36812472299333393,0.4211591796199421,0.22585412118603349,0.2791399259870438,0.42009024079935814,0.36680443599834767
ARHGDIB,ENSG00000111348,chr12,14932030,14971728,300,0.30867815249578473,0.26978208714267604,0.23570561750830632,0.331065271478305,0.2588187305905926,0.20737991250573456,0.2084855062265488,0.10703236611598152,0.10592677239516723
PDE6H,ENSG00000139053,chr12,14963041,14991865,219,0.46641609759612357,0.5051563060068975,0.4134403837028861,0.400754345221025,0.4279404072301761,0.3990856601228528,0.3285424414589756,0.30442767586725095,0.37497089453112803
RERG,ENSG00000134533,chr12,15097782,15358675,1292,0.28226134223785543,0.3935741413106901,0.3577998622235163,0.3080184363865602,0.34280961872108856,0.194483641207065,0.22429361983231724,0.30568916139879,0.27587918277353785
PTPRO,ENSG00000151490,chr12,15312256,15612175,1516,0.478469393928593,0.502774706066673,0.5050904545651321,0.49672243288173945,0.4882591840447688,0.32315954800305347,0.35769424235877084,0.3755524998824254,0.34101780552670796
EPS8,ENSG00000151491,chr12,15610133,15892329,1536,0.6917030760885393,0.812011609337499,0.8516711294534427,0.6966705670647658,0.8635450234827752,0.46987180971818165,0.4362751676998381,1.2015032601359346,1.2350999021542781
STRAP,ENSG00000023734,chr12,15872386,15913478,250,0.5194620076260086,0.697443804094111,0.8007722043630167,0.5115108925865147,0.7093855614322998,0.1575154126102788,0.3380842546187204,1.0379728345646513,0.8574039925562096
DERA,ENSG00000023697,chr12,15901301,16047381,805,0.447373682600003,0.41448208958185173,0.4524527956078845,0.4039178214178996,0.36377790878083105,0.2630125732306826,0.3002138338924535,0.2722459332274067,0.23504467256563594
SLC15A5,ENSG00000188991,chr12,16178484,16287685,705,0.4162460699290759,0.5147631957220065,0.5208636799518724,0.3586021649319678,0.5005621698058879,0.2628119297340184,0.23647573264772342,0.46030632122564447,0.4866425183119395
MGST1,ENSG00000008394,chr12,16337141,16619259,1458,0.39503529320563974,0.5295080157089802,0.4848989836017227,0.41650588685762197,0.5094345661812487,0.29658463300047716,0.2902503331322007,0.45739172367729053,0.463726023545567
LMO3,ENSG00000048540,chr12,16538371,16620594,348,0.4841542729645623,0.5865929832921076,0.4962576791821464,0.4651850068760352,0.5057964656973023,0.42978989282776897,0.40217461197821525,0.4535327658821594,0.48114804673171313
RERGL,ENSG00000111404,chr12,18070868,18330107,1543,0.3419493313602101,0.4081363792357177,0.35923418513011185,0.33114061651821874,0.35441508204076577,0.24893057767267532,0.24453097372671087,0.2755484632953811,0.27994806724134536
PIK3C2G,ENSG00000139144,chr12,18232960,18658416,2827,0.28803175508685663,0.3936175174799753,0.3523871164749557,0.24520644068637212,0.33224431790549686,0.20275206901445533,0.18886120675845566,0.2974922637216434,0.31138312597764295
PLCZ1,ENSG00000139151,chr12,18673168,18748100,575,0.4172404956886003,0.5376311684942048,0.4785179994934534,0.4057950501691475,0.4559789327323704,0.3301462708040666,0.34157802463616443,0.441246099004856,0.42981434517275807
CAPZA3,ENSG00000177938,chr12,18728118,18749188,150,0.3552897626719116,0.5423636615579477,0.4569373247266704,0.31266289920380375,0.45967378493100347,0.3050520985424498,0.2705143165558089,0.47662833259592174,0.5111661145825627
PLEKHA5,ENSG00000052126,chr12,19119732,19386400,1512,0.5465399999001312,0.5240937441985298,0.5309449080637314,0.6021485552762003,0.5589255803432044,0.3881737755418702,0.42283465893050864,0.35436061019793913,0.31969972680930075
AEBP2,ENSG00000139154,chr12,19394044,19730801,2481,0.4209559762419761,0.4634836485106968,0.38735622427905314,0.4489245022374082,0.422435119234474,0.33953169061685057,0.33480360186445374,0.28312654868013015,0.287854637432527
PDE3A,ENSG00000172572,chr12,20358536,20698583,2165,0.45392167164341984,0.4778526201666755,0.465076338487486,0.4285181403803118,0.45198880362821053,0.31458350903634347,0.30393418557251156,0.3352218850672523,0.3458712085310843
SLCO1C1,ENSG00000139155,chr12,20685331,20763386,461,0.4738773369481115,0.2843528210214359,0.3466453611020419,0.3580255995889901,0.28866627306835296,0.27557684428709917,0.2185806343165371,0.05899115597356086,0.11598736594412293
SLCO1B3,ENSG00000111700,chr12,20800701,20926911,0,,,,,,,,,
SLCO1B3-SLCO1B7,ENSG00000257046,chr12,20805673,21100245,0,,,,,,,,,
RP11-125O5.2,ENSG00000257062,chr12,21037178,21186895,324,0.45314093004098505,0.5055363197408653,0.49091600374997924,0.4250901366680879,0.44607921560662356,0.31635173779409487,0.3335449984986161,0.3879298402258334,0.3707365795213122
SLCO1B1,ENSG00000134538,chr12,21121193,21249796,697,0.35344525511733943,0.4902402092032796,0.4962645781748142,0.35201175659934825,0.42203979557589866,0.2121044813535623,0.2797240625967269,0.4617111813026117,0.3940916000594471
SLCO1A2,ENSG00000084453,chr12,21254599,21429594,1106,0.28862726421150653,0.39611968671263936,0.3607415023117442,0.2931161585028007,0.4075442353924781,0.1987458153694389,0.16389455708327694,0.3056334421225432,0.34048470040870515
IAPP,ENSG00000121351,chr12,21344958,21389980,272,0.31350683406684987,0.30658052903498023,0.2603354370664257,0.28871495689265575,0.2725793243188925,0.22036034279095826,0.19427593398279247,0.14575982291191933,0.17184423172008514
PYROXD1,ENSG00000121350,chr12,21427614,21481250,455,0.3439547120662253,0.49875793210410746,0.4003158642476866,0.3666421396398591,0.39515741164435003,0.30041968913625194,0.322299381076518,0.39024643599691566,0.36836674405664965
RECQL,ENSG00000004700,chr12,21458909,21511669,351,0.44526712835195675,0.4579366275412516,0.47146654642506974,0.4187735661222305,0.4342707929837497,0.2819958889486784,0.29267373984631423,0.3303764720731907,0.3196986211755549
GOLT1B,ENSG00000111711,chr12,21491780,21528408,251,0.5602254817137514,0.46200499573730786,0.3948395523539553,0.5203915308105835,0.43834867867560917,0.46956874654591757,0.3889085777118597,0.15033725807462572,0.23099742690868363
SPX,ENSG00000134548,chr12,21516295,21551249,224,0.6064929462738108,0.4702807363216755,0.4971141229777378,0.5132428681431216,0.4893871808826616,0.4403361851757138,0.3416272091441692,0.19507191876915625,0.29378089480070085
GYS2,ENSG00000111713,chr12,21526106,21614847,474,0.5896397978285117,0.4328940517252772,0.48974135627661625,0.5011127360034924,0.4252476013649504,0.39254578045720656,0.3543841628494174,0.17466335462551336,0.21282497223330255
RP11-501E24.9,ENSG00000285854,chr12,21526202,21667798,913,0.6751827358060124,0.5902937870639959,0.6341841812070621,0.6514420500965279,0.5995726440474144,0.5055910745812707,0.515521398219185,0.3867238553645257,0.37679353172661145
LDHB,ENSG00000111716,chr12,21625341,21767857,984,0.5618123825558098,0.523024598988694,0.5277270080025863,0.5852080331915871,0.4996953674361144,0.4076001909544794,0.46386521395367214,0.33269016867601103,0.2764251456768182
KCNJ8,ENSG00000121361,chr12,21754954,21785600,146,0.22137894745633888,0.2529951781186349,0.45792431294724195,0.2811472407866206,0.46026243785887705,0.0,0.002555056515629983,0.3269012384793998,0.2891285823593892
ABCC9,ENSG00000069431,chr12,21787388,21952543,795,0.5039018829239696,0.5720422683596922,0.5081327289999226,0.513614458801307,0.4881424876120916,0.4200830139930994,0.44988776613071657,0.4286478321338665,0.39884307999624946
CMAS,ENSG00000111726,chr12,22036217,22075674,259,0.4370988693702123,0.4366865882401916,0.30104471857507753,0.474159129116521,0.2796905162199643,0.3952009440829746,0.44430072110401303,0.17871818001544976,0.12961840299441135
ST8SIA1,ENSG00000111728,chr12,22053772,22447041,2331,0.421030777655924,0.4220422881164758,0.3641156120816313,0.41569334022785487,0.3664395725552025,0.3210110115221348,0.3145920051615682,0.22724356429542825,0.23366257065599494
C2CD5,ENSG00000111731,chr12,22438582,22554546,538,0.2827564135757424,0.19546923473930775,0.2053021785059272,0.30792419076870065,0.2600140365290537,0.16002125126892217,0.1422158945096984,0.057474820544353294,0.07528017730357703
ETNK1,ENSG00000139163,chr12,22615074,22700665,479,0.2812316567706427,0.3958386437031719,0.3794788938074963,0.293703594604195,0.30146614867995136,0.17846723830894481,0.24643131194046222,0.32544673222876447,0.257482658597247
SOX5,ENSG00000134532,chr12,23519503,24572544,6250,0.4163533016231906,0.5494263041438433,0.5050090689182669,0.4108545183463806,0.47960158502414424,0.31623861931613767,0.33657758924647774,0.4809950091903502,0.4606560392600101
BCAT1,ENSG00000060982,chr12,24800023,24959101,1015,0.4312499716433539,0.5113499813487765,0.452620924849453,0.4422495998947605,0.42225305015710185,0.3389046519481789,0.37566658656441493,0.3772041020802336,0.3404421674639975
IRAG2,ENSG00000118308,chr12,24994341,25118334,836,0.432509118527844,0.5239622114939232,0.4938428848521872,0.45274786731418865,0.4610173653975936,0.31394024214181676,0.3635158796881052,0.42831779814212206,0.3787421605958336
CFAP94,ENSG00000118307,chr12,25098288,25205162,531,0.43121262809757355,0.595636615795476,0.52106200173431,0.5224251628047991,0.5105761932937853,0.36675290579291286,0.4649746295997815,0.5386884336522981,0.4404667098454294
ETFRF1,ENSG00000205707,chr12,25185215,25219645,176,0.43793451427981217,0.45547734149106756,0.41113570284348155,0.5032402359061007,0.4285824612280923,0.32721156004949936,0.3739296852863349,0.2806341640022369,0.2339160387654014
KRAS,ENSG00000133703,chr12,25195245,25260936,355,0.3889958483116586,0.42392220327762375,0.38859655580091146,0.44267939178702215,0.35052353698034516,0.2760829261683134,0.3522692439647229,0.27542963748409444,0.19924331968768505
LMNTD1,ENSG00000152936,chr12,25399306,25658579,1744,0.38027549250114523,0.3740016591226186,0.34563958988297433,0.4178915989020698,0.37233491225722093,0.2613954035831687,0.27187879805595183,0.2070121546580028,0.1965287601852197
RASSF8,ENSG00000123094,chr12,25949028,26089892,912,0.4969823779974916,0.5161954203519897,0.5200094532983508,0.47346158510879954,0.5222638202751426,0.3396077104524704,0.3144042890254614,0.38646650440430824,0.41166992583131723
BHLHE41,ENSG00000123095,chr12,26110029,26135037,114,0.5857256417057773,0.7408866871265626,0.7022864355839679,0.6329919313213055,0.7446014670701375,0.5100465935075791,0.4939655887897094,0.8404432180090282,0.856524222726898
SSPN,ENSG00000123096,chr12,26111990,26309290,1259,0.5094083797813795,0.5197064565798822,0.5129273851584785,0.5225398817606198,0.545718173848532,0.36307949031358017,0.34179747334169763,0.37027832289446755,0.39156033986635014
ITPR2,ENSG00000123104,chr12,26325351,26843194,3090,0.42951758659139944,0.43190683663309704,0.41530529166465563,0.43139358371636205,0.4115467505810233,0.295038678209404,0.29988942674832547,0.27043117548924017,0.26558042695031864
INTS13,ENSG00000064102,chr12,26895180,26948326,290,0.475760800263599,0.6890625499955074,0.7081022372775709,0.46285832445052155,0.5943120017495039,0.2913095287532692,0.443743005911868,0.8768539836655402,0.7244205065069418
FGFR1OP2,ENSG00000111790,chr12,26928469,26976650,238,0.4076341022880692,0.5764824441789552,0.5117302905601615,0.4275159094170342,0.4935028152238102,0.33295186683410893,0.3683470657204798,0.5262084447922253,0.4908132459058546
TM7SF3,ENSG00000064115,chr12,26961578,27024434,292,0.42719403146578416,0.5934260432646347,0.5538259029961197,0.4337254464907638,0.5409486025848566,0.32507581175706174,0.3450362872110946,0.5749136193970932,0.5549531439430602
MED21,ENSG00000152944,chr12,27012545,27076343,304,0.3985973076931271,0.6535615096164459,0.6520904743507197,0.3910523903980444,0.6131964215847774,0.2563638539851669,0.30311738541296274,0.8036861390555872,0.7569326076277915
C12orf71,ENSG00000214700,chr12,27071056,27092578,0,,,,,,,,,
STK38L,ENSG00000211455,chr12,27233967,27335959,458,0.42437847043766563,0.5695356405056249,0.5167462106998003,0.4350993506223511,0.5586554064513375,0.33399116425634057,0.29803341744196127,0.508899582916131,0.5448573297305104
ARNTL2,ENSG00000029153,chr12,27322853,27435289,541,0.36497037422770134,0.40019403158490263,0.3699066666113218,0.4168244090150439,0.374512980793868,0.2516726830630701,0.2905956564193414,0.25947637897827847,0.22055340562200715
SMCO2,ENSG00000165935,chr12,27456809,27512185,425,0.22169848113717405,0.341083780773028,0.3046879918807792,0.3125987358521611,0.4547014805360999,0.152202778823289,0.0927870345769114,0.2649561069296914,0.3243718511760689
PPFIBP1,ENSG00000110841,chr12,27513430,27705564,722,0.4916687051231494,0.5785729767210628,0.5161783881862413,0.4925491208542537,0.4943362532169781,0.4073457650718762,0.4302903261268215,0.4567628872138594,0.43381832615891414
REP15,ENSG00000174236,chr12,27686446,27707596,134,0.42808955350479466,0.4522245942422534,0.4745351360447604,0.4541829182448013,0.4619240446501021,0.2585954142298157,0.29380287309035247,0.34329450532087225,0.30808704646033547
MRPS35,ENSG00000061794,chr12,27700821,27766295,290,0.4205633597861767,0.4729134338884779,0.44737696867316973,0.4155396545462034,0.3897691351834492,0.2965051250293543,0.3417694496313286,0.34388535682975785,0.2986210322277836
MANSC4,ENSG00000205693,chr12,27752426,27790236,147,0.32677044206759126,0.39778022831553767,0.25519513421065265,0.3573943810171961,0.24120484704557482,0.3040843610206096,0.3366667452667159,0.20304847003097573,0.1704660857848695
KLHL42,ENSG00000087448,chr12,27770047,27813040,236,0.33926668153046124,0.4457708191404061,0.4575619588331402,0.41857185974339856,0.4141366460012029,0.19645027808462873,0.2988880920958202,0.3937267158317195,0.2912889018205281
PTHLH,ENSG00000087494,chr12,27948083,27982733,231,0.4285235149479314,0.4975845568391595,0.35041332695343264,0.4308543779254188,0.4138990366223671,0.40822043107951744,0.35884183250727186,0.2801074944454988,0.3294860930177443
CCDC91,ENSG00000123106,chr12,28123248,28591511,2071,0.3791913193184958,0.3799215139870208,0.4113220732856019,0.35588831232849866,0.367682137307289,0.21238274357516673,0.22971464724621654,0.26552647503619964,0.24819457136514983
FAR2,ENSG00000064763,chr12,29139102,29350980,1245,0.40044002594223976,0.4388804227855385,0.4088885798153188,0.444669533263071,0.42024028649813855,0.2818148821661764,0.31043580229242773,0.29600636389161805,0.26738544376536677
ERGIC2,ENSG00000087502,chr12,29327351,29391189,250,0.31938815007126975,0.37862277400049715,0.3023193775271709,0.34767167731082005,0.2543220714652018,0.2502930982003051,0.30478135520138927,0.22552383399642095,0.1710355769953367
OVCH1,ENSG00000187950,chr12,29402473,29507686,680,0.2352105161564985,0.17357463280673693,0.16305128347180253,0.30582742547380476,0.2149165844771395,0.14040392611184632,0.15685752175794848,0.050241739513149586,0.033788143867047454
TMTC1,ENSG00000133687,chr12,29490839,29794759,2052,0.394778265601045,0.5135727920574125,0.4775502195538571,0.38870475555151696,0.4496676306495818,0.2868009918649799,0.3078051792655666,0.4338670206476724,0.4128628332470857
IPO8,ENSG00000133704,chr12,30618987,30705869,435,0.3377969975828563,0.40100366196409987,0.3321158734857007,0.3197057308978135,0.2682208205045749,0.2605211652148863,0.29272657110071537,0.2519786291330929,0.21977322324726373
CAPRIN2,ENSG00000110888,chr12,30699551,30764951,398,0.2670132242208274,0.4417250875153387,0.3790438328108596,0.30219949875325225,0.32485180797920354,0.2085182989661625,0.2749513633277607,0.37438546425530406,0.30795239989370576
TSPAN11,ENSG00000110900,chr12,30916427,31006602,282,0.3730175036874834,0.45299153891262467,0.39606708724419143,0.4155109214712698,0.4014554204448067,0.28291775250300844,0.31352696031175864,0.32037325600973016,0.2897640482009799
DDX11,ENSG00000013573,chr12,31063859,31114799,34,0.2475404874084325,0.2109520194397948,0.14780029081114904,0.23625649563317278,0.14586413841325804,0.18070092831477283,0.17439320611864909,0.05622721980707848,0.06253494200320223
SINHCAF,ENSG00000139146,chr12,31270583,31337058,382,0.23217258933548024,0.6680699608868461,0.6010541271343902,0.28936022251612886,0.6709109960943702,0.22404591317378086,0.16649682063059668,0.8787851446604081,0.9363342372035924
DENND5B,ENSG00000170456,chr12,31372225,31601136,1295,0.511810116000336,0.5500799609160814,0.5275267969268347,0.46626024286645096,0.48814926416347854,0.3829809992283364,0.3784050399606687,0.4157044037029632,0.420280362970631
ETFBKMT,ENSG00000139160,chr12,31637159,31683114,282,0.44881116011057415,0.426866275898534,0.3708413261727431,0.45556607246141245,0.38973067053199717,0.3444711150320777,0.3353950038661906,0.2121650990678926,0.22124121023377968
AMN1,ENSG00000151743,chr12,31661141,31739121,215,0.5395015952446746,0.6115164441792824,0.5938839358018768,0.5266211011896409,0.5420628478664193,0.40991701852784507,0.4561701336631551,0.5355874189022181,0.489334303766908
H3-5,ENSG00000188375,chr12,31781184,31802298,131,0.3123766229065015,0.37770563095489906,0.40896546707481096,0.3210296951479676,0.4508857165332505,0.1614876060398201,0.1310356147824132,0.3128544300259515,0.34330642128335837
RESF1,ENSG00000174718,chr12,31949369,32003107,415,0.3833155142479026,0.5386938357078158,0.4798199081786362,0.374830153505823,0.45852813157028205,0.3017554414393665,0.3149805361642129,0.47193788419772925,0.45871278947288274
BICD1,ENSG00000151746,chr12,32096834,32393633,1873,0.36570123564710916,0.40676813512373267,0.3667761094968999,0.3877230468708421,0.37155624631579287,0.26023696486894166,0.2741158831911362,0.2619329883732611,0.24805407005106656
FGD4,ENSG00000139132,chr12,32389557,32656050,1610,0.3062430022343241,0.32702657651094036,0.2716344784558816,0.30231380163250887,0.25739373427470974,0.22236535003889374,0.22922299492777817,0.17368408969331822,0.16682644480443387
DNM1L,ENSG00000087470,chr12,32669199,32755650,561,0.10327424973632905,0.20899261471883665,0.2329932146021258,0.1007034058091495,0.19148991809751098,0.03909677418790802,0.06401411385454675,0.19535120043152243,0.17043386076488373
YARS2,ENSG00000139131,chr12,32717489,32765897,285,0.15076312095315605,0.20484128247092168,0.21505145793612274,0.18138684567177513,0.1718221034364711,0.07524677340642627,0.12041494428273072,0.15396676615706353,0.1087985952807591
PKP2,ENSG00000057294,chr12,32780754,32906777,701,0.3178491824387687,0.23223377763944578,0.23267853084354828,0.38522445076799183,0.3059271176658582,0.19096252777598305,0.19279486115624575,0.07330746236497543,0.0714751289847127
SYT10,ENSG00000110975,chr12,33364237,33449819,538,0.42872485502090324,0.39374304039127045,0.33419493480788764,0.40138351980627013,0.3017837861497557,0.3267886655554718,0.3271795237598978,0.17366269147388774,0.17327183326946183
ALG10,ENSG00000139133,chr12,34012467,34039694,109,0.23331571733170878,0.25875107387545204,0.10429489295985851,0.19441550950811595,0.17967129359828735,0.22747746211203504,0.158777904854345,0.07194131529507058,0.1406408725527606
ALG10B,ENSG00000175548,chr12,38306761,38339721,0,,,,,,,,,
CPNE8,ENSG00000139117,chr12,38636821,38917430,1444,0.5002054214634212,0.42917884197064954,0.47223160143566667,0.5552937746211566,0.5094230423666704,0.3075698520290175,0.3294237966320867,0.2531094747119932,0.23125553010892397
KIF21A,ENSG00000139116,chr12,39283227,39453390,813,0.25503911872454593,0.3132155015224869,0.26059276781778923,0.2093986828460311,0.25695843684085723,0.18412591991117241,0.1568464433931859,0.19160880095246258,0.21888827747044906
ABCD2,ENSG00000173208,chr12,39540032,39629803,459,0.346361032120731,0.3389347034612304,0.3108798967283651,0.33699693434728895,0.30222519554139093,0.23338153427608882,0.23250973321905796,0.18052112525702496,0.1813929263140558
C12orf40,ENSG00000180116,chr12,39616166,39918300,1536,0.6184508962991307,0.6012167556931928,0.5331174888430978,0.634244041263149,0.5607115399172679,0.5605876731673998,0.5512636036094727,0.35874958388853906,0.36807365344646614
SLC2A13,ENSG00000151229,chr12,39745024,40116089,1828,0.54583622405888,0.5796546603431909,0.5176803281870476,0.54881523565207,0.5105570026118914,0.4634139545382073,0.47403487006277867,0.40326471374028605,0.39264379821571466
LRRK2,ENSG00000188906,chr12,40186743,40379285,1163,0.5195345681030518,0.5294248849021449,0.49012035171049434,0.49780001796814394,0.4724346289230792,0.406609556712648,0.4015370280608279,0.3471901264694561,0.3522626551212762
MUC19,ENSG00000205592,chr12,40383394,40580832,1574,0.36869720085127844,0.37202557667241976,0.3139450060747519,0.36839742741841813,0.32872765664123876,0.2742140059028455,0.2630852082508754,0.19104183462584895,0.20217063227781915
CNTN1,ENSG00000018236,chr12,40682438,41082415,2535,0.48249553852656046,0.5145422709361647,0.5005471476575208,0.45818106275088416,0.4564653775549791,0.3435790597364518,0.36291229381119394,0.3790840021146544,0.3597507680399122
PDZRN4,ENSG00000165966,chr12,41178319,41584745,3015,0.3598045003969932,0.44369552207964685,0.4420155345910524,0.3498835624778432,0.44164864791815883,0.2244985184251408,0.21713822921109172,0.3619409940378,0.3693012832518492
GXYLT1,ENSG00000151233,chr12,42071844,42154874,490,0.4860529870074111,0.5509394362803557,0.44660160491603235,0.4753327137509301,0.3997662623977887,0.43727775460772395,0.46757616767883975,0.36331975993857535,0.33302134686745954
YAF2,ENSG00000015153,chr12,42147103,42248349,548,0.465096214167469,0.4615661743398565,0.4207165847264032,0.4288541203361942,0.38864998993873995,0.34939781699451666,0.34355783068038276,0.2696928593673213,0.27553284568145514
PPHLN1,ENSG00000134283,chr12,42228446,42469715,1345,0.3634224301968632,0.4352085316779581,0.3670641593208176,0.37014771071635716,0.36434518511087793,0.2827807390937684,0.29023452012748097,0.28851795948553516,0.28106417845182263
ZCRB1,ENSG00000139168,chr12,42302085,42336257,185,0.3356610571516879,0.40353758131515005,0.37096762121763244,0.3338700374442768,0.372101650698435,0.23106464955707573,0.22881627059671317,0.2856743929148665,0.2879227718752291
PRICKLE1,ENSG00000139174,chr12,42446756,42600355,856,0.4080484223555098,0.45931490668979463,0.4313884619895129,0.4365443922348084,0.46521737539975694,0.28734545308639636,0.2813450282443208,0.3275727991310133,0.33357322397308886
ADAMTS20,ENSG00000173157,chr12,43343865,43562203,1180,0.4316520436999202,0.584245470292716,0.5341209398245574,0.39839740670172946,0.5192410349189153,0.33942625417232986,0.3267146074079865,0.538234011529054,0.5509456582933974
PUS7L,ENSG00000129317,chr12,43708991,43768793,336,0.251284789040575,0.23433705957000342,0.16826881390406864,0.2477789423386914,0.17418444052076754,0.18608192054263392,0.18017722309995682,0.08093131108686974,0.08683600852954684
IRAK4,ENSG00000198001,chr12,43748943,43799543,238,0.25675949340318677,0.2682183893889308,0.11127319344754893,0.2750973959211728,0.14741644374530724,0.24552167539758904,0.23725353331128782,0.0667514802970473,0.07501962238334858
TWF1,ENSG00000151239,chr12,43783722,43816328,160,0.25262905688827086,0.3276060965811659,0.29309008742837844,0.22924980955889962,0.3519327419778592,0.1706262705271851,0.11177055737186387,0.22628467385803547,0.2851403870133567
TMEM117,ENSG00000139173,chr12,43825966,44399762,3586,0.48199714438951613,0.506537319623702,0.551891599238731,0.4955098964469445,0.5761140388792644,0.28068122971549125,0.26611214074317113,0.42562681559041793,0.4401959045627381
NELL2,ENSG00000184613,chr12,44498274,44931848,2528,0.4257445675957649,0.5005856892463878,0.48099908986162543,0.4054356867341398,0.4287771327866279,0.29657529046622333,0.3271348994017551,0.3977439551865157,0.36718434625098384
DBX2,ENSG00000185610,chr12,45004671,45061099,385,0.5788335631112485,0.6428753689500705,0.6271324328609679,0.42653763047923715,0.5332139341255904,0.4539328338365723,0.4119245911322366,0.575737617707014,0.6177458604113497
ANO6,ENSG00000177119,chr12,45205986,45492280,1538,0.4396732540219456,0.5089892379587662,0.5257908355790638,0.5344002342198126,0.5620528831608882,0.27220882189352547,0.32503050235968445,0.4390804109167162,0.3862587304505572
ARID2,ENSG00000189079,chr12,45719705,45918040,714,0.43568103797002683,0.3954544871951724,0.3622285062308398,0.45644729973247905,0.3621792058390933,0.31281937677906957,0.3316045061405588,0.1904589449826551,0.17167381562116585
SCAF11,ENSG00000139218,chr12,45909130,46002120,370,0.5064482777799069,0.5747330069066464,0.6006512394767627,0.44537254191200093,0.5030326753880296,0.32162277478633206,0.37263286263903167,0.5334153134751811,0.48240522562248156
SLC38A1,ENSG00000111371,chr12,46173062,46280017,555,0.41181998578535894,0.5479184594236604,0.4916891955151076,0.4648814478778451,0.49792374548807655,0.3239763742955419,0.3650782051945823,0.46991634161922186,0.4288145107201815
SLC38A2,ENSG00000134294,chr12,46348187,46382773,152,0.42865135539210597,0.6190531543656136,0.5458944813184582,0.3964074823899313,0.5302081228531017,0.3677127040353746,0.35724293893299364,0.5973827223235126,0.6078524874258937
SLC38A4,ENSG00000139209,chr12,46754760,46842408,456,0.466185403579511,0.3505143014745888,0.37069639948012717,0.5435067376870844,0.4524777594143477,0.2980698466731507,0.30670180239003875,0.13350461564720778,0.12487265993031965
AMIGO2,ENSG00000139211,chr12,47065706,47089959,142,0.3996948506135054,0.387777954350705,0.33179418298054725,0.36509177855494435,0.29865313630705725,0.2989091848665126,0.295091182318217,0.1917510577180549,0.19556906026635051
PCED1B,ENSG00000179715,chr12,47069602,47246662,1161,0.39551076020888287,0.41759954965987495,0.39590937749989863,0.40156714008729794,0.3875575478313801,0.2699686815334964,0.2818688265522492,0.2706283273176225,0.2587281822988696
RPAP3,ENSG00000005175,chr12,47651248,47716030,321,0.33159416948386655,0.4871450986259142,0.402855926739578,0.34021480082912603,0.41097603635333246,0.2775126051945181,0.2771574295151588,0.3902497119499358,0.390604887629295
ENDOU,ENSG00000111405,chr12,47699733,47735567,272,0.3136168277919145,0.4175030215290802,0.37954442997164967,0.3455010266920093,0.35804117697978255,0.2197246237259617,0.26054271354138514,0.3207066570041599,0.27988856718873656
RAPGEF3,ENSG00000079337,chr12,47724362,47781040,452,0.3065151727949506,0.509629111536233,0.429118288097681,0.2740301869273064,0.4615358991436781,0.2590229633400575,0.2069028270441292,0.4535702956210953,0.5056904319170236
SLC48A1,ENSG00000211584,chr12,47743915,47792751,344,0.37618906401102326,0.7013819796907944,0.6411519218403567,0.3412009797750667,0.6211265913886654,0.32782091470817654,0.3276868351744521,0.8807691316622708,0.8809032111959951
HDAC7,ENSG00000061273,chr12,47772721,47843132,477,0.4322537209878973,0.6000605455522896,0.549807590598646,0.377989852538599,0.47301965343710256,0.3422212739970463,0.37532447757762366,0.5742208332145009,0.5411176296339237
VDR,ENSG00000111424,chr12,47831536,47953048,866,0.39209960494945434,0.38745885019379833,0.32067671456432556,0.3462966500318453,0.306998455415727,0.30061262251581883,0.2742588641279405,0.18952653294707283,0.21588029133495126
TMEM106C,ENSG00000134291,chr12,47953568,47978878,167,0.32604174670455704,0.47689935022695934,0.48244373238890437,0.2577321697350763,0.42580998045941915,0.1919657325484539,0.1956158186059222,0.4560156538995245,0.4523655678420563
COL2A1,ENSG00000139219,chr12,47962966,48014554,338,0.4150068672180645,0.4754852128269818,0.35723218996691364,0.3963773666889195,0.33392926751535246,0.36973255259826315,0.3718641525446556,0.2755491060507144,0.27341750610432186
SENP1,ENSG00000079387,chr12,48032896,48116079,414,0.24806492428112042,0.3682676582577601,0.2944764324612487,0.23733459570377777,0.30385113983096423,0.19778983793801935,0.18401679641844995,0.26149964650442614,0.2752726880239955
PFKM,ENSG00000152556,chr12,48095138,48156404,300,0.35495668508198336,0.3719261470505599,0.2807798701137975,0.3387678704892275,0.2592825662630384,0.28697376088894977,0.28930589163961307,0.17812375830139265,0.17579162755072933
ASB8,ENSG00000177981,chr12,48137788,48191213,288,0.3350565486992876,0.29842168360322413,0.27073748290938204,0.39239809964476785,0.2955403441324019,0.22337725793408028,0.25116695467091393,0.13104548640158142,0.10325578966474777
CCDC184,ENSG00000177875,chr12,48173643,48195926,152,0.35021514053137476,0.35169211009587764,0.3350798321435624,0.3409829900738992,0.3512093939778057,0.22820760958793151,0.20887511726529986,0.20518194714367033,0.22451443946630198
OR10AD1,ENSG00000172640,chr12,48192338,48213292,133,0.368767344030514,0.3549841322792894,0.3474872106795495,0.3314335036875026,0.34774508899750994,0.23581829817362854,0.20688997608333803,0.2026620631979578,0.23159038528824827
H1-7,ENSG00000187166,chr12,48318979,48340279,76,0.3150359683066151,0.18723273272496074,0.1553373894335486,0.30065702989295484,0.2326319058602523,0.20844070815591367,0.15006789738574228,0.0,0.05724257714431988
ZNF641,ENSG00000167528,chr12,48327179,48361414,103,0.3517767365649244,0.23833434343434343,0.15706543282716823,0.40381112983033307,0.1764219673561597,0.26745087356141745,0.2976741899050083,0.004796716933408135,0.0
ANP32D,ENSG00000139223,chr12,48462558,48483622,0,,,,,,,,,
C12orf54,ENSG00000177627,chr12,48472497,48506524,0,,,,,,,,,
OR8S1,ENSG00000284723,chr12,48515631,48536570,0,,,,,,,,,
OR5BS1P,ENSG00000198678,chr12,48549881,48572956,81,0.4204858206454603,0.5381674877976779,0.5667890651946632,0.42326088546422386,0.5533839738191274,0.24079380366721936,0.25843109094100386,0.5317591776628332,0.514121890389049
LALBA,ENSG00000167531,chr12,48557683,48580066,97,0.3902835763322584,0.4931980461833776,0.5326952314005002,0.40038407953659605,0.5334898103973393,0.20681132986427053,0.21431276018495626,0.4728236454758229,0.46532221515513716
KANSL2,ENSG00000139620,chr12,48643210,48692238,272,0.4038732537527065,0.3480292161881055,0.3840018622894326,0.34652200573809744,0.33197408019955,0.2302730812754571,0.2248868221044765,0.19748244688848604,0.2028687060594667
CCNT1,ENSG00000129315,chr12,48678457,48726998,256,0.4328732463236745,0.3945245545125713,0.3634188037824631,0.349975807694177,0.31666360644915054,0.3086352078243692,0.2758594749801652,0.1931060614436591,0.2258817942878631
TEX49,ENSG00000257987,chr12,48717434,48775790,291,0.4109502245641632,0.3552840600240492,0.3843742412738547,0.35937301382678577,0.31067350168329594,0.24153700912177056,0.25610656557510547,0.197408453208599,0.18283889675526413
ADCY6,ENSG00000174233,chr12,48756193,48799089,202,0.19349012532476725,0.40043726089695325,0.514339404553796,0.22865178575616635,0.34966564803548167,0.0021742664535346345,0.17045068226662513,0.5093803911546491,0.34110397534155856
CACNB3,ENSG00000167535,chr12,48803793,48838941,135,0.2964619388075757,0.28166827622263474,0.26495742461113814,0.2870821995037045,0.26764178033022257,0.1873151256602606,0.17886372212058085,0.1435086801358104,0.15196008367549013
DDX23,ENSG00000174243,chr12,48819755,48862842,168,0.30714477055023387,0.3906331014040495,0.40658100226479776,0.28008824433015284,0.3320020354432621,0.17020719053927663,0.2102456077311317,0.3251275413908964,0.2850891241990413
RND1,ENSG00000172602,chr12,48847144,48875870,111,0.3141266669629096,0.5314225363555124,0.4972515936583053,0.2860173609131001,0.4734970879490236,0.22372537041017748,0.22672603124661977,0.534328476602937,0.5313278157664947
RP11-302B13.5,ENSG00000272822,chr12,48893502,48967365,268,0.3566162333257352,0.4146506961506961,0.3478227275921304,0.3510410827021445,0.3619583042188545,0.2745607702808802,0.25929036564437297,0.2609857390659318,0.27625614370243906
CCDC65,ENSG00000139537,chr12,48894109,48941840,170,0.2801653146283974,0.3856705586795793,0.3361135010940813,0.2832449359085781,0.31339699725594555,0.20315678141521104,0.22212301481008503,0.2840671639291428,0.26510093053426875
FKBP11,ENSG00000134285,chr12,48911517,48936474,95,0.24959163713706672,0.34309613303176373,0.2784740149400609,0.23490956518214529,0.30157221527808287,0.19048422156652353,0.16452766862411408,0.22973337084211462,0.25568992378452404
ARF3,ENSG00000134287,chr12,48925722,48967487,160,0.38313574043759,0.4001224607877933,0.37606313201306885,0.42430934994992153,0.4017453928361055,0.26121496853562254,0.2747378615990928,0.24981477737486454,0.2362918843113943
WNT10B,ENSG00000169884,chr12,48955339,48981735,83,0.4552536297898141,0.5119304749262356,0.4544405349800217,0.4795335867698425,0.4402878766563336,0.35939445636660133,0.39499732094039575,0.35790295749673995,0.3223000929229455
WNT1,ENSG00000125084,chr12,48968321,48992620,77,0.3102989631528901,0.45729504538015175,0.3721513207185109,0.36801443226034664,0.357294309189353,0.2586152127445187,0.31400490861192204,0.35257425563586264,0.29718455976845926
DDN,ENSG00000181418,chr12,48985148,49009375,77,0.28334061124294607,0.15988534866348372,0.16918049635304477,0.19793740839021307,0.16150339726498672,0.16101439853100497,0.10932039360342952,0.013202508241313582,0.06489651316888904
PRKAG1,ENSG00000181929,chr12,48992273,49028807,102,0.37661045051947023,0.2647772652879036,0.2018555143767731,0.3492951509969525,0.25701660870819015,0.2773499112722434,0.2200996588448858,0.030231873979911145,0.08748212640726877
RP11-386G11.12,ENSG00000288710,chr12,48992273,49034075,113,0.3673104975476456,0.25284196011166044,0.2022298733003582,0.31738371426829204,0.22848166539343012,0.2616596299672706,0.20695304597171987,0.029818920143422023,0.08452550413897278
KMT2D,ENSG00000167548,chr12,49008977,49070794,191,0.39045101405822713,0.3197516274881614,0.32813224469469265,0.35065799955987786,0.35270759123480583,0.241319752935755,0.1910679443034224,0.14397754087124132,0.19422934950357387
RHEBL1,ENSG00000167550,chr12,49054675,49080025,89,0.3227990967977239,0.1135130381748683,0.1324988440855631,0.23078768113474274,0.08820468320365843,0.18406886067343187,0.14526868192266149,0.0,0.0
DHH,ENSG00000139549,chr12,49076655,49104801,98,0.3779343311415702,0.14904233617821994,0.25502736653877495,0.27787656447348597,0.14618234924926377,0.17084736018673352,0.16445723002575427,0.0,0.0
LMBR1L,ENSG00000139636,chr12,49087135,49120900,112,0.2950127717703799,0.2097557473681849,0.2589215319408763,0.20431251443272486,0.20377338014461313,0.1426700143026821,0.11804527085702099,0.09274318645824209,0.11736792990390323
TUBA1B,ENSG00000123416,chr12,49117781,49141397,37,0.4126932903052306,0.3693330290742919,0.21311528384106898,0.268031455006245,0.33714405894857025,0.3767559504952443,0.1808987384872841,0.08422138510295468,0.2800785971109149
TUBA1A,ENSG00000167552,chr12,49174685,49199080,51,0.34217423620075876,0.46569428667250873,0.4127865331652261,0.3361480460275641,0.46225017390119555,0.25661770919262084,0.20806069399840538,0.37016939777517316,0.4187264129693886
TUBA1C,ENSG00000167553,chr12,49178735,49284600,399,0.29410097539627944,0.4022964733895978,0.37699101820383163,0.26282106406779077,0.418932920916782,0.19487457796785626,0.13834798763531003,0.31978584489965156,0.3763124352321978
PRPH,ENSG00000135406,chr12,49283251,49308686,131,0.16315925901466122,0.1820920902252763,0.08739979577798784,0.1991489824417548,0.07247997133402949,0.1438348209783512,0.1739224913703172,0.05717070747611466,0.027083037084148665
TROAP,ENSG00000135451,chr12,49313235,49341731,129,0.2153797545266739,0.20073042892715023,0.0994996015802844,0.23142702466851434,0.12401635567326232,0.1809038873002475,0.17743445391758567,0.04315311724430061,0.04662255062696244
C1QL4,ENSG00000186897,chr12,49322408,49347188,114,0.1478314617468307,0.16391613635976268,0.15849456555863603,0.13805833645884422,0.17225407996187725,0.08321725255135884,0.06927250516953794,0.09580910301819018,0.1097538504000111
DNAJC22,ENSG00000178401,chr12,49336887,49367546,137,0.36921894908772457,0.3459896617111586,0.3957062846635786,0.33513730692870236,0.3712657800954972,0.19086683420458922,0.18438010032413538,0.2337652856641878,0.24025201954464162
SPATS2,ENSG00000123352,chr12,49356583,49537425,675,0.3810355518366949,0.40532498359033536,0.36169349511045723,0.32240491853195846,0.27821263419957476,0.275255480001921,0.29146045865976367,0.24448473355930347,0.22827975490146077
KCNH3,ENSG00000135519,chr12,49529029,49568337,159,0.46836637909910256,0.4730733410942956,0.2607876153355682,0.46635285154412137,0.22965694883503104,0.48516230602310434,0.5038974970201511,0.15553160126416948,0.13679641026712286
MCRS1,ENSG00000187778,chr12,49546543,49578145,127,0.2511054816052012,0.35610393637745025,0.19124118471562868,0.27323376394461435,0.1881415273975672,0.2585602798753419,0.2754695540581819,0.18165767791796494,0.16474840373512492
PRPF40B,ENSG00000110844,chr12,49558217,49654666,375,0.3929565562175048,0.36662627217578775,0.29616838917842625,0.39328707568456645,0.3245757533168056,0.30231670116220544,0.28198994671616523,0.1543779225923447,0.17470467703838494
FAM186B,ENSG00000135436,chr12,49572884,49615639,160,0.3076413826320956,0.39157087485293784,0.3359530806385103,0.3964382568819429,0.3582803133089314,0.22756180106605978,0.2790890437912079,0.2693130469688929,0.21778580424374477
FMNL3,ENSG00000161791,chr12,49626498,49718165,365,0.17321472282287803,0.19417210857110168,0.17751934966131488,0.17631605475309334,0.19391356247037428,0.10533251488421828,0.09714458904814875,0.1105525786002875,0.11874050443635704
TMBIM6,ENSG00000139644,chr12,49697724,49774934,325,0.2513601005516724,0.3194405063521036,0.17259114507030404,0.25688353611512504,0.18635827080392592,0.24244044880839746,0.2377536933661098,0.1423995855291092,0.1470863409713969
NCKAP5L,ENSG00000167566,chr12,49781145,49838750,276,0.4679867019569297,0.4231236771610918,0.37094053391597925,0.3573018140671812,0.268473975558603,0.3588423440854259,0.33979247372939136,0.19128503653035672,0.2103349068863914
BCDIN3D,ENSG00000186666,chr12,49826042,49853106,122,0.42922784661645247,0.37244049944925517,0.3639765312482939,0.3709361576166019,0.2563584843673,0.2870810774594478,0.3166215629944411,0.17883571341722115,0.14929522788222782
FAIM2,ENSG00000135472,chr12,49856895,49914217,368,0.5432355530874559,0.5167594987069821,0.455833118590695,0.5478606624405967,0.4044630480305138,0.45116447976053126,0.5013569272926157,0.27607633721249525,0.2258838896804109
AQP2,ENSG00000167580,chr12,49940736,49968878,163,0.508809489223434,0.480786921227184,0.4895387780867701,0.46081772705138063,0.5302448908789728,0.34696176960062836,0.258799377840193,0.3084791540684966,0.39664154582893196
AQP5,ENSG00000161798,chr12,49951871,49975682,143,0.5569107324734065,0.5014805790480333,0.4183926937270438,0.5930720953546318,0.46155641202918574,0.484068481744689,0.4880797168325965,0.21204424981415443,0.2080330147262469
AQP6,ENSG00000086159,chr12,49957193,49987139,183,0.5651243013768247,0.5104354865276063,0.5313269325622951,0.6021519896431939,0.5760925614226954,0.3945421160581793,0.38884205419930634,0.3196969150054816,0.32539697686435454
RACGAP1,ENSG00000161800,chr12,49966922,50043136,403,0.4758004141828382,0.5187681125807949,0.4895818113719144,0.599552920332729,0.5687273379400012,0.3523819486385393,0.40278246258684036,0.37902408198139764,0.32862356803309667
ASIC1,ENSG00000110881,chr12,50047547,50093611,203,0.5961718274916997,0.4956112068937526,0.4579315093460784,0.636221738001935,0.4707883310668299,0.4894053907329334,0.5296259319294029,0.19500250267202635,0.1547819614755569
SMARCD1,ENSG00000066117,chr12,50075199,50110707,148,0.42450783942204345,0.3568286181315226,0.4147809998465188,0.44732693413493785,0.39388178232706167,0.22905229287385803,0.2668262377281447,0.21229176259706706,0.17451781774278036
GPD1,ENSG00000167588,chr12,50093981,50121313,111,0.3221688177802459,0.36964003129047573,0.3134407837943482,0.3004988067989876,0.33796230274836864,0.2371292301621714,0.20320962138827378,0.224335013705153,0.2582546224790506
COX14,ENSG00000178449,chr12,50102081,50130457,135,0.437922792732475,0.5531499087372141,0.34542397571152267,0.38185850087933015,0.3622739470811945,0.4789403109352951,0.4183617598420183,0.32659179598362026,0.3871703470768971
CERS5,ENSG00000139624,chr12,50119288,50177533,263,0.3637028214578592,0.4035793405508548,0.3149982851472203,0.3161242488854428,0.29939063656035614,0.29528234103126566,0.2704916406453689,0.2215267154034651,0.24631741578936184
LIMA1,ENSG00000050405,chr12,50165787,50293546,502,0.39738002992261456,0.4430955099439739,0.35865539332220797,0.35014576818067333,0.31199388270640965,0.32382084010462964,0.32120558806905963,0.26154068572500644,0.26415593776057644
FAM186A,ENSG00000185958,chr12,50316229,50406622,385,0.5561311432972867,0.5375161904528633,0.44669812850699386,0.5843796825787133,0.4940376558933155,0.49575915516472874,0.48391691589593466,0.2753845738622354,0.2872268131310294
LARP4,ENSG00000161813,chr12,50382382,50490004,456,0.5837364759985301,0.7461587054490488,0.7153458774278404,0.6721581056499624,0.7705559823431093,0.4955011696168402,0.5070868185332744,0.8755448622335567,0.8639592133171223
DIP2B,ENSG00000066084,chr12,50494984,50758657,1066,0.4587850614859149,0.4681414389045885,0.43759488772008953,0.5175573682572187,0.4623015016771871,0.3348918098340025,0.36990683142800757,0.296485877756827,0.26147085616282195
ATF1,ENSG00000123268,chr12,50753709,50831162,335,0.43360034525887514,0.42773825871149984,0.3097950767902894,0.5150804829625283,0.4267269015601339,0.37792370672235515,0.3627690422220939,0.18023509587699776,0.19538976037725891
TMPRSS12,ENSG00000186452,chr12,50832919,50897884,304,0.4393512091154352,0.5159079366832791,0.4336815444880861,0.44318603031262105,0.465693473840738,0.3677710354214897,0.3421093361228756,0.3577091414680035,0.3833708407666176
METTL7A,ENSG00000185432,chr12,50913471,50942510,179,0.3094679043109182,0.2988657190900403,0.23067014002513445,0.25203869610609875,0.2413293157428185,0.23155661234003205,0.1846362061781277,0.12349924173243629,0.17041964789434066
HIGD1C,ENSG00000214511,chr12,50943921,50980506,190,0.2049626262463968,0.2205691349696259,0.1446914330846095,0.18138450870050637,0.16816744337924988,0.16113223104677615,0.13260398216772157,0.08805905480077138,0.11658730367982598
SLC11A2,ENSG00000110911,chr12,50969400,51038566,350,0.5270176910227306,0.6512039559218399,0.5565170757805104,0.5593557756165582,0.57974778921083,0.4944346205811984,0.5029425795183879,0.5588333079494658,0.5503253490122763
LETMD1,ENSG00000050426,chr12,51037961,51070424,189,0.44931157004095185,0.48741263594242606,0.42186895738810304,0.5026856959406888,0.46159559658051597,0.3584577449958926,0.37383592215305617,0.3098263710476333,0.2944481938904697
CSRNP2,ENSG00000110925,chr12,51051204,51093664,208,0.4276706715445364,0.48172136411133276,0.39395137734631686,0.4874429023655486,0.4077338807314296,0.35724395886333843,0.4008931095327705,0.29999831535851257,0.25634916468908037
TFCP2,ENSG00000135457,chr12,51083655,51183135,508,0.470695682183143,0.5533717407262988,0.5298958994434797,0.5432768574172998,0.5266955493214382,0.3437096446991978,0.4208450565392859,0.4623190204038292,0.385183608563741
POU6F1,ENSG00000184271,chr12,51176935,51227708,291,0.35775419049383883,0.39840614692733567,0.33091001191118186,0.37801498942159517,0.3981028824470909,0.2745600875979922,0.23767162997949676,0.23361263643258953,0.270501094051085
DAZAP2,ENSG00000183283,chr12,51228723,51281362,247,0.5576315222319324,0.5299096083114041,0.5052392078005463,0.5802377356805114,0.49268316715111543,0.43338074141395627,0.4721387458091951,0.32144953861403075,0.28269153421879184
SMAGP,ENSG00000170545,chr12,51234557,51280415,211,0.5802162743898513,0.5590480262750201,0.4842440520949815,0.6343355462213909,0.5199264861186998,0.5123566786881693,0.5455212193715112,0.30646263389545636,0.2732980932121146
BIN2,ENSG00000110934,chr12,51271037,51334668,343,0.4843283227326787,0.5697431532435188,0.5667417647641355,0.472481973896823,0.5925212586841215,0.33461829421971373,0.29258932793796016,0.5087546363598991,0.5507836026416528
CELA1,ENSG00000139610,chr12,51318441,51356679,222,0.4661286411736733,0.5137715262846336,0.5070367815491158,0.4789875186243532,0.45073500054080157,0.3206781549068314,0.3869418384286685,0.40039850011669986,0.33413481659486277
GALNT6,ENSG00000139629,chr12,51341246,51402867,366,0.4447111447394028,0.5787334756296685,0.5365543843877838,0.5175544252247436,0.5320532048359756,0.3418450883808179,0.41698802948873265,0.5226444827122212,0.4475015416043064
SLC4A8,ENSG00000050438,chr12,51381316,51525763,698,0.4972912388717095,0.5977124667047666,0.5151110841138155,0.5334047584206412,0.5209552110472171,0.43724850784345365,0.4684600628907802,0.47333968124069215,0.4421281261933656
SCN8A,ENSG00000196876,chr12,51580265,51822864,1130,0.43675068381260257,0.6719601142790048,0.5791028938057293,0.6303631665652588,0.6408468862242612,0.41164305519579913,0.5429239405751415,0.7029770199873042,0.5716961346079619
TMDD1,ENSG00000284730,chr12,51803920,51824925,120,0.3837857870551776,0.736455933751585,0.5582849658480709,0.5799611460880777,0.6646667310292362,0.5003024971585082,0.5541561721930799,0.8332321934849795,0.7793785184504076
FIGNL2,ENSG00000261308,chr12,51807898,51858718,204,0.40160929375105714,0.6847326002591967,0.5688964140184316,0.5803078436067964,0.627259855839953,0.4132193082924804,0.5178470715203118,0.7411148038996793,0.6364870406718479
ANKRD33,ENSG00000167612,chr12,51878008,51901727,191,0.2081623186414757,0.24053588632481096,0.15994862053369516,0.27855931007208795,0.12059777234921187,0.16712442048226578,0.23656721344782622,0.1080177875142753,0.03857499454871485
ACVRL1,ENSG00000139567,chr12,51896907,51933361,240,0.30127664152404005,0.2864948456369368,0.27706663017015387,0.32857010414451016,0.29412463966239705,0.18581389084956423,0.1937973426607143,0.1517517271870262,0.1437682753758762
ACVR1B,ENSG00000135503,chr12,51941698,52007078,279,0.39404917768669595,0.5209719023301012,0.46721889952430656,0.4350625971193383,0.35921878961167325,0.3036539196558503,0.4309845819173529,0.4323421046171665,0.30501144235566396
TAMALIN,ENSG00000161835,chr12,51996945,52025889,133,0.3786062124198321,0.38096394791931687,0.3872274844840813,0.4361634269319094,0.3642220305355197,0.23281026642308056,0.29983835893277044,0.2467814991138093,0.17975340660411943
NR4A1,ENSG00000123358,chr12,52012831,52069507,295,0.42512860383276646,0.45066176374902167,0.2824472367527602,0.47639742639349203,0.33884668878920393,0.41037052881047187,0.41614686700889647,0.1886704031960278,0.1828940649976032
ATG101,ENSG00000123395,chr12,52059245,52087495,167,0.20974715251945059,0.22909393801715472,0.1716806933767946,0.20791264750640168,0.18644325620671187,0.15361725687220462,0.14346637482038604,0.10657149516175944,0.11672237721357806
SMIM41,ENSG00000284791,chr12,52069703,52118255,247,0.3228399892373121,0.238225411109578,0.2927351595225444,0.33549341449263653,0.3021237093961052,0.15780108890746983,0.16055082327514567,0.11430349325437264,0.1115537588866968
KRT80,ENSG00000167767,chr12,52158995,52202014,358,0.4169302010082765,0.3992312748290657,0.3440602532149054,0.3796973958835051,0.31068662731465424,0.31365363374785526,0.3075168975783753,0.19589160144731332,0.20202833761679329
KRT7,ENSG00000135480,chr12,52222519,52262186,71,0.39221333898931954,0.3424392200914708,0.3145996224020736,0.3733885305437851,0.24529537179462219,0.2696986523690472,0.3026089237188212,0.14951942590804954,0.11660915455827547
KRT86,ENSG00000170442,chr12,52239299,52319163,502,0.3996220516181625,0.4491865866890413,0.3669969815421347,0.3742883272684636,0.3692196486833355,0.3246374898815203,0.3022135937363426,0.2717216701262221,0.2941455662713998
KRT81,ENSG00000205426,chr12,52275912,52301534,181,0.376324060311768,0.36461060948471624,0.2806866905783385,0.368771570424428,0.2583680141154331,0.29809168428392085,0.3073512949077847,0.1554255703341449,0.14616595971028107
KRT83,ENSG00000170523,chr12,52304300,52331398,242,0.41194874736524434,0.596650475000037,0.40706388584917913,0.37894264201719785,0.40463315923751425,0.4581121683413004,0.4328530491638384,0.44983961689592616,0.47509873607338815
KRT85,ENSG00000135443,chr12,52350005,52377481,243,0.49598088288149933,0.459352769742473,0.3095280961443787,0.444949704217172,0.3248339944574254,0.46487468345203264,0.4054440723450903,0.15011359913785133,0.2095442102447937
KRT84,ENSG00000161849,chr12,52367811,52395652,297,0.3539367035704257,0.37745718551956925,0.30136722089887413,0.3361438511684908,0.31256756376389006,0.27608532302816613,0.25442047109627186,0.19785755169840924,0.21952240363030348
KRT82,ENSG00000161850,chr12,52383930,52416335,260,0.4250942209249902,0.38418416046683235,0.3973509173646404,0.4563619873648142,0.3830976686686603,0.265968115933241,0.30561721492105265,0.21883920601016893,0.17919010702235727
KRT75,ENSG00000170454,chr12,52414069,52444371,237,0.29476860171407804,0.39112448684179313,0.25405086349034267,0.3793734918514873,0.24705227339656607,0.276136443418953,0.34470389221144104,0.22000500063953107,0.15143755184704305
KRT6B,ENSG00000185479,chr12,52436650,52462146,188,0.28821378671491765,0.2538424171938419,0.18839677552724024,0.3251869728643385,0.20724615023841159,0.21202622046123715,0.2269477890162503,0.08079224361895998,0.06587067506394681
KRT6C,ENSG00000170465,chr12,52458515,52483805,263,0.21598818057277985,0.2346235488102125,0.10768478602946785,0.3146556297861948,0.13709944747854727,0.19839141307273478,0.2488827403909883,0.06899606006240354,0.018504732744150015
KRT6A,ENSG00000205420,chr12,52477175,52503257,223,0.2110905284574583,0.22406250971693908,0.13997310288680834,0.22520110395427403,0.18477101280079358,0.16999770211671023,0.1522744243807118,0.08368561368577845,0.10140889142177692
KRT5,ENSG00000186081,chr12,52504574,52530530,292,0.18283594918514268,0.28274409519495636,0.2605234923615168,0.3093515759515067,0.2393834845103299,0.11621261702275398,0.21441049965541117,0.2161099745698671,0.11791209193720997
KRT71,ENSG00000139648,chr12,52533908,52563145,259,0.41244138943544256,0.4864454237402298,0.3131445704249692,0.5536164229677131,0.48183566066416983,0.4112734007257468,0.4077564005701863,0.25512557165366917,0.2586425718092297
KRT74,ENSG00000170484,chr12,52555781,52583843,247,0.47055933885319956,0.46882042035569016,0.3631260964374219,0.4450786525919215,0.34595100666529244,0.40870285647027504,0.3985054990893787,0.2239522670232057,0.23414962440410209
KRT72,ENSG00000170486,chr12,52575588,52611538,322,0.40006580633204086,0.35870342701934343,0.2520921953801803,0.25717057591573683,0.24581150985819217,0.33236149962275124,0.22971956965559917,0.1119017570818494,0.21454368704900154
KRT73,ENSG00000186049,chr12,52597569,52628559,259,0.3227374717752469,0.39636304310554005,0.35416608046904163,0.3078191407352643,0.3118132754539412,0.2286328636292025,0.24949762539081108,0.2761494628742212,0.2552847011126126
KRT2,ENSG00000172867,chr12,52634557,52662211,265,0.27138972595455024,0.32348309496634875,0.3820207319081892,0.26024338043078554,0.4124179547377039,0.11305688364257716,0.08024624543564812,0.2777409590776675,0.3105515972845965
KRT1,ENSG00000167768,chr12,52664735,52690407,155,0.4833853891785767,0.6413037743777584,0.5147052749160518,0.49506631423511016,0.5406088835802771,0.48136932045944747,0.4653771321290323,0.5439100964199596,0.5599022847503747
KRT77,ENSG00000189182,chr12,52679625,52713524,229,0.43748412606885606,0.6305615140378509,0.5320301750569122,0.4891856337768148,0.5249565732262793,0.4058777474002004,0.46158550375662905,0.589893284181017,0.5341855278245882
KRT76,ENSG00000185069,chr12,52758154,52787345,0,,,,,,,,,
KRT3,ENSG00000186442,chr12,52779684,52806117,76,0.480378031745793,0.57082982473868,0.4986347744700016,0.6179544696215687,0.4321575923304852,0.40506751264203716,0.6211029488707704,0.4408342471375542,0.22479881090882087
KRT4,ENSG00000170477,chr12,52796548,52824116,227,0.42358768597089097,0.4730551709472715,0.39327538057315004,0.4174072891526866,0.37323552381960523,0.3459556052048128,0.3568709627927531,0.29470381942070684,0.28378846183276635
KRT79,ENSG00000185640,chr12,52811407,52844311,278,0.3360870554089974,0.3282014812315241,0.2753882919520058,0.3284154011571055,0.22335437514590603,0.24264085480781514,0.27157048941819184,0.15515595186834907,0.1262263172579724
KRT78,ENSG00000170423,chr12,52827803,52859092,273,0.30428698832606843,0.29305644227261807,0.2934687580004874,0.36283644529175374,0.23064754834170365,0.1811173179792265,0.26766362925825593,0.16568713177639374,0.07914082049736432
KRT8,ENSG00000170421,chr12,52887186,52959954,338,0.44426038952881414,0.286175370400364,0.30274549844210363,0.3818550781176381,0.24622410333904404,0.28198429410248294,0.26774506838561696,0.055133669516050254,0.06937289523291632
KRT18,ENSG00000111057,chr12,52938870,52962906,136,0.22695204241392572,0.21204583291804635,0.16548538044094865,0.24291544908198712,0.18981376565269184,0.15741226439277015,0.15305227765287666,0.0809030900246373,0.08526307676453077
EIF4B,ENSG00000063046,chr12,52996281,53052215,268,0.6330836370569715,0.608361333111333,0.5576399355405434,0.6801744729403472,0.6368310884534639,0.5622029400760294,0.5322540301796774,0.3752126923462964,0.4051616022426484
TNS2,ENSG00000111077,chr12,53036968,53074379,204,0.5077630550826427,0.49548200056263053,0.5106415572432373,0.5258496755508929,0.4704111751992576,0.3391433994263276,0.39736412681925243,0.3450083626238165,0.28678763523089174
SPRYD3,ENSG00000167778,chr12,53054315,53089404,205,0.24879757741613875,0.38456162420938594,0.3649499091173137,0.10552047152353031,0.3700766782052226,0.15872459257915925,0.0673882713940939,0.3266958663585139,0.4180321875435792
IGFBP6,ENSG00000167779,chr12,53087435,53112345,161,0.2629712284416932,0.3780314723333261,0.25436971981415507,0.22471551669778392,0.22172415082799635,0.24323436516849115,0.2393583860786357,0.2316314209612528,0.23550740005110826
SOAT2,ENSG00000167780,chr12,53093485,53134535,246,0.2397330388870805,0.3458779144888192,0.205802305576297,0.21967790766125636,0.1787148633968127,0.23406202465252146,0.23781242484453652,0.1903992452004955,0.18664884500848045
CSAD,ENSG00000139631,chr12,53147662,53190925,176,0.24628864201171172,0.36971047853715466,0.35927327347691546,0.20618824964725765,0.39089610264723257,0.1495847846243326,0.0983592603738925,0.3119912226590745,0.36321674690951467
ZNF740,ENSG00000139651,chr12,53170703,53205142,158,0.18912777420972504,0.391627856277346,0.30729209907292104,0.21672387733991338,0.3527944526664118,0.1697332132229283,0.15307358092843085,0.3272352925454729,0.34389492483997036
ITGB7,ENSG00000139626,chr12,53181322,53217282,186,0.14323963623862437,0.36293885610593346,0.34842456901475494,0.1502570865666841,0.3710244363238622,0.08856227690379623,0.07502409912727748,0.36232736383783143,0.3758655416143502
RARG,ENSG00000172819,chr12,53200566,53242980,187,0.19759811287849513,0.49219827305884384,0.40978834998052316,0.1982632172505276,0.5133556442433422,0.18526791090759637,0.08920871829973542,0.4923962979803715,0.5884554905882324
RP11-624J6.2,ENSG00000283536,chr12,53231888,53252723,83,0.4065956621617591,0.584599604773659,0.6203543304477359,0.3008334887213984,0.5255557904793229,0.21593738365310494,0.24538376120507283,0.6625750324518902,0.6331286548999224
MFSD5,ENSG00000182544,chr12,53241250,53264406,114,0.5322515517139813,0.6895538339506062,0.7088777038716564,0.43214043880050224,0.6565798476009421,0.3477787818252517,0.3334126329086583,0.8219659890779223,0.8363321379945157
ESPL1,ENSG00000135476,chr12,53258298,53303638,201,0.6523929818693647,0.8002597568960873,0.800111231186118,0.5668173065856805,0.7554476967673903,0.5287130067674048,0.519503591246849,1.0820245342986885,1.0912339498192445
PFDN5,ENSG00000123349,chr12,53285290,53309452,119,0.7477218149698135,0.8438950627665586,0.804855206450003,0.7428636857929756,0.7823872585308195,0.800218124925476,0.8451687706810171,1.057008698377914,1.0120580526223726
MYG1,ENSG00000139637,chr12,53289694,53317177,123,0.7948307641485619,0.8582476867135266,0.8521403473161013,0.7846961490352332,0.883463259255333,0.8130511844470714,0.6699151603976208,1.1406228325790715,1.2837588566285223
AAAS,ENSG00000094914,chr12,53297455,53334864,175,0.7872601929791097,0.8647458932360585,0.8948464022232187,0.7970331356432624,0.9114214673146875,0.6479761294934858,0.5857233975145659,1.352623867979485,1.4148765999584048
SP7,ENSG00000170374,chr12,53316574,53355315,148,0.7052818333791515,0.8363088482305128,0.8545605856521653,0.6637584366852661,0.8437467204158359,0.551756959463416,0.5217111426065348,1.2580168881022393,1.2880627049591205
SP1,ENSG00000185591,chr12,53370175,53426446,222,0.456096721170186,0.6534781533096943,0.632014315233403,0.4442628480158399,0.6555768010067873,0.3345410076351981,0.2906925546904465,0.7252684050932523,0.7691168580380037
AMHR2,ENSG00000135409,chr12,53413854,53441672,79,0.44330159578133266,0.7197904855655007,0.6621116012141763,0.4142305289059692,0.6759900666579532,0.38645486047847766,0.3400327727161927,0.8857628293082206,0.9321849170705057
PRR13,ENSG00000205352,chr12,53431677,53456645,64,0.4239744616402644,0.7797425726544157,0.7185688902716842,0.38395858697360363,0.7835406842238162,0.3983469936128279,0.2335233570358336,1.1146112987807009,1.279434935357695
PCBP2,ENSG00000197111,chr12,53442101,53491162,165,0.4755545817329981,0.6333731546231546,0.6263142780124792,0.5158802104411169,0.6095603868047459,0.33224224439134403,0.39417583035690773,0.6711684738879242,0.6092348879223605
MAP3K12,ENSG00000139625,chr12,53469668,53510063,142,0.48002915836884447,0.5799916907736813,0.5705313679796398,0.48922630987463467,0.5855786746901119,0.3381283764278153,0.32921865935068695,0.5293524076004186,0.538262124677547
TARBP2,ENSG00000139546,chr12,53490920,53516431,77,0.2802662682524629,0.3082358789535823,0.20794977146303925,0.280364096481419,0.31455391224028756,0.23212686504597296,0.1599173508895588,0.1363833819662164,0.20859289612263066
NPFF,ENSG00000139574,chr12,53496687,53517484,68,0.2930181112996502,0.3494565530405878,0.30386801172005584,0.3613835200466642,0.3253956957826339,0.20724071269756936,0.2423847049205833,0.22270648046334748,0.18756248824033353
ATF7-NPFF,ENSG00000267281,chr12,53496690,53635979,514,0.3411629260388799,0.3322762151147143,0.30160581801101694,0.319416367916436,0.2845138312419467,0.23109404446887974,0.22694612102017356,0.17278664217023412,0.17693456561894033
ATF7,ENSG00000170653,chr12,53497855,53636410,510,0.343180607838561,0.3576618785578248,0.3022036216272105,0.31541714798755804,0.27808554239169403,0.2515793503886188,0.24786870976498157,0.19106109463190685,0.1947717352555441
ATP5MC2,ENSG00000135390,chr12,53622725,53687408,377,0.4185936904572492,0.6085862461917719,0.5259560223185461,0.29621862102911667,0.5380310554971113,0.3669201707618393,0.25850999352120263,0.5710699138444765,0.6794800910851131
CALCOCO1,ENSG00000012822,chr12,53698516,53737745,240,0.23118558345336793,0.18675434639098537,0.16647796395584577,0.24706017132076447,0.186787729824233,0.1437662942143197,0.14186445634749723,0.06295576389957008,0.06485760176639255
HOXC13,ENSG00000123364,chr12,53928830,53956544,161,0.42383495043700153,0.63339707687073,0.4895707545787644,0.5079184540037924,0.5913612961678758,0.441166917684795,0.40883146213371696,0.562309052303041,0.5946445078541192
HOXC12,ENSG00000123407,chr12,53944902,53968956,153,0.47687423000176526,0.49857422075918106,0.47866066108969946,0.4901648527012437,0.4965844657082089,0.34343945945776866,0.33881409407683244,0.3468602206008773,0.35148558598181345
HOXC11,ENSG00000123388,chr12,53963125,53987643,122,0.4034763424758143,0.4674181651395273,0.46022458225762714,0.4267894676798156,0.4337624844523363,0.26502648569320925,0.30888963564450933,0.3649922270238337,0.32112907707253363
HOXC10,ENSG00000180818,chr12,53975064,54000279,113,0.3519985925588187,0.4139526344128733,0.46365910506947344,0.4302668906245248,0.4673763154711501,0.1726158763060291,0.23350089202189211,0.3617387877185805,0.3008537720027173
RP11-834C11.12,ENSG00000273049,chr12,53975844,54044888,332,0.291395979696251,0.3146560414244708,0.3144617111302273,0.35369086404685574,0.40441849084258963,0.1723709621337183,0.1480473820394113,0.20546347530358683,0.22978705539789382
HOXC6,ENSG00000197757,chr12,53980623,54040823,287,0.3405024118277543,0.3355401519667493,0.30943427720397915,0.4054397541031687,0.4099768115512554,0.22740683083238467,0.20056030790171975,0.1813739961512696,0.2082205190819345
HOXC9,ENSG00000180806,chr12,53984894,54013337,120,0.35799037187204463,0.3700833828197583,0.21712004285604786,0.4392622640418465,0.41098713438278406,0.33027194708798546,0.255681273113391,0.13189587495025068,0.2064865489248452
HOXC8,ENSG00000037965,chr12,53998984,54022769,99,0.2742719943260636,0.1078621368957056,0.1939665335107734,0.4190415940224159,0.27493603154480906,0.10954228492178511,0.16785766136005997,0.004592318373086324,0.0
HOXC4,ENSG00000198353,chr12,54006930,54066030,280,0.27554868956719175,0.2014914462170901,0.19918194631886113,0.2874188632753915,0.2485926499219653,0.1626144081215528,0.13903186612136076,0.06239519094866694,0.08597773294885891
HOXC5,ENSG00000172789,chr12,54023049,54045361,127,0.26354769997835276,0.17266066190546098,0.14967421534661116,0.300736285453248,0.2583286105657676,0.1666577140031451,0.12420933625804984,0.022882629938051124,0.06533100768314642
SMUG1,ENSG00000123415,chr12,54111276,54199008,377,0.3471645686991823,0.33933255377990607,0.2965964027287944,0.39481451248202093,0.28066941772693316,0.24455521444511913,0.2936453517577624,0.16994945836620248,0.12085932105355918
CBX5,ENSG00000094916,chr12,54220941,54290133,222,0.498822373257657,0.4478779520333758,0.32890180153811005,0.36381343703377605,0.3143186122589531,0.4429705229079239,0.3344536839560944,0.15101563284761554,0.25953247179944505
HNRNPA1,ENSG00000135486,chr12,54270192,54297088,106,0.6013841158197452,0.48924275578542525,0.584899635083225,0.4659930170020818,0.39988714644720585,0.35619146957748654,0.3942848365175835,0.31566939232326546,0.2775760253831685
NFE2,ENSG00000123405,chr12,54282110,54311015,84,0.6667508380637108,0.5809476279770254,0.5579018262644199,0.5795824168875923,0.590979855639949,0.5762004498392574,0.42113765933578445,0.29355892413677553,0.4486217146402484
COPZ1,ENSG00000111481,chr12,54291201,54361846,245,0.3355580153520542,0.3936285688460756,0.3486057647504934,0.42581098563909736,0.253310112545835,0.24021501671368614,0.3814769387586251,0.2600475412632897,0.11878561921835074
GPR84,ENSG00000139572,chr12,54352444,54374487,96,0.31669128847708505,0.3189469146782633,0.26619227389282685,0.38201771027682774,0.3241240044441317,0.22770765686258412,0.23683242245223787,0.1564073669938433,0.14728260140418956
ZNF385A,ENSG00000161642,chr12,54359132,54401298,180,0.4012626888452986,0.36602840631833383,0.33589734198835225,0.4430637868889545,0.34371110896780876,0.2796824585790321,0.3099507452122069,0.17606867188815706,0.1458003852549824
ITGA5,ENSG00000161638,chr12,54385260,54429266,213,0.21931836037807462,0.192328306090364,0.2533212034391788,0.4301046221653049,0.4110647453869726,0.084533644441844,0.12323153973991541,0.12906597800806735,0.09036808270999597
GTSF1,ENSG00000170627,chr12,54445949,54483602,170,0.08418411075636482,0.0903766399161533,0.0344729690909241,0.1216086294265672,0.09358036406822229,0.07379170162191748,0.06306739080751045,0.02093295354318927,0.031657264357596276
NCKAP1L,ENSG00000123338,chr12,54487751,54558243,334,0.4957561350817872,0.513903540903541,0.48280524866106844,0.5116929562800648,0.4924426020801269,0.37335384393853066,0.3800068035951485,0.34799435532965295,0.34134139567303506
PDE1B,ENSG00000123360,chr12,54539600,54589239,257,0.5710301263944145,0.4791647741575923,0.49466297919612967,0.5034551688647533,0.482181548743933,0.4080802176375971,0.3471362396577104,0.24424133479127186,0.30518531277115857
PPP1R1A,ENSG00000135447,chr12,54565386,54598659,189,0.45751570239541584,0.3715889458793348,0.38453401028745465,0.3662004834879592,0.3391286477474348,0.29539066455502516,0.2531936462040877,0.16917011730178777,0.21136713565272522
LACRT,ENSG00000135413,chr12,54620810,54644895,138,0.3406481253488476,0.31846059167435936,0.22041716650392895,0.38481898216589006,0.3381063604302581,0.2754514034922853,0.22829475947079825,0.1079498001621062,0.1551064441835933
DCD,ENSG00000161634,chr12,54634588,54658493,149,0.3188527939017981,0.38692269852840944,0.2591125368141157,0.393561834696657,0.3005780318370328,0.2866672726054272,0.31595785587468317,0.20259697484831973,0.17330639157906375
MUCL1,ENSG00000172551,chr12,54820517,54906008,634,0.5477115964920093,0.6203528609900997,0.5113049402078045,0.4780826439466943,0.5145718082507502,0.5229658486729981,0.4480175783127549,0.4455471905405316,0.5204954609007748
TESPA1,ENSG00000135426,chr12,54938014,54994762,470,0.32033124786189704,0.5447442306889946,0.4481368954046141,0.25487670415574176,0.5796764681638621,0.2892951769683923,0.10718545689153902,0.4976007106450192,0.6797104307218724
NEUROD4,ENSG00000123307,chr12,55009973,55040017,195,0.2819263140495341,0.4851952446034606,0.4655552697306608,0.2612953029630378,0.5214883711423625,0.18431184802616435,0.11487491811710504,0.4796557179096502,0.5490926478187096
OR9K2,ENSG00000170605,chr12,55116405,55142750,232,0.1574210233692931,0.15948177354762696,0.12514073896586386,0.14329185212447432,0.08236691453287825,0.10566613568306758,0.12121847655767103,0.06807050543582055,0.05251816456121708
OR10A7,ENSG00000179919,chr12,55211024,55231975,0,,,,,,,,,
OR6C74,ENSG00000197706,chr12,55237287,55258226,0,,,,,,,,,
OR6C6,ENSG00000188324,chr12,55283987,55306569,0,,,,,,,,,
OR6C1,ENSG00000205330,chr12,55304342,55332364,0,,,,,,,,,
OR6C3,ENSG00000205329,chr12,55320042,55342687,0,,,,,,,,,
OR6C75,ENSG00000187857,chr12,55352974,55379279,0,,,,,,,,,
OR6C65,ENSG00000205328,chr12,55390528,55411467,0,,,,,,,,,
OR6C76,ENSG00000185821,chr12,55416253,55437192,0,,,,,,,,,
OR6C2,ENSG00000179695,chr12,55434068,55463347,0,,,,,,,,,
OR6C70,ENSG00000184954,chr12,55459199,55480138,0,,,,,,,,,
OR6C68,ENSG00000205327,chr12,55482377,55503316,0,,,,,,,,,
OR6C4,ENSG00000179626,chr12,55539601,55565832,0,,,,,,,,,
OR2AP1,ENSG00000179615,chr12,55562467,55585612,84,0.37315931750668263,0.3186555947959163,0.2142239376200078,0.25556759233555526,0.15195136138426424,0.3048333983212704,0.2570016490306122,0.07885396783788029,0.1266857171285385
OR10P1,ENSG00000175398,chr12,55626891,55647833,149,0.3360912709093193,0.4000228948320551,0.344648977740572,0.39984130556441155,0.30744724826864445,0.24894505131997913,0.3270270412612241,0.2619187312274738,0.18383674128622873
METTL7B,ENSG00000170439,chr12,55671677,55694611,158,0.5385089878153971,0.530000669828256,0.48762812386698356,0.43767906605179924,0.3623494429557123,0.4298060564419607,0.440370841378689,0.32521795300358985,0.3146531680668615
ITGA7,ENSG00000135424,chr12,55674567,55726043,291,0.5283450073258368,0.5803223226651726,0.5151628516024092,0.38038913629306065,0.4773734185118402,0.44791679235702847,0.34902193558084177,0.4203515048936969,0.5192463616698835
RP11-644F5.10,ENSG00000258311,chr12,55706035,55734703,126,0.40475373835549594,0.43917304064992346,0.4113442112070414,0.30947609041762686,0.42839152362231636,0.28360463992584173,0.1946732739137393,0.2947382314705643,0.3836695974826668
BLOC1S1,ENSG00000135441,chr12,55706036,55730087,110,0.3819685078214696,0.4367500364803736,0.39535891493045566,0.2791316565026713,0.4159961631908436,0.276063692115583,0.18174139957532026,0.29796807232184297,0.39229036486210567
RDH5,ENSG00000135437,chr12,55710366,55734705,102,0.32407058914491116,0.38860752134041593,0.4084698177709367,0.3415599602499018,0.3998045372708446,0.17932011568171818,0.1996990417920501,0.31269605575189435,0.2923171296415624
CD63,ENSG00000135404,chr12,55715322,55739707,98,0.3788968232282481,0.4120381834101776,0.428000378949184,0.38380764195892575,0.43444696687335527,0.22436719277122463,0.2226690793688647,0.3067260781932449,0.3084241915956047
GDF11,ENSG00000135414,chr12,55733121,55767264,96,0.29515711255585947,0.3965157189876293,0.3917537294681424,0.45312986517488635,0.40233913470601523,0.17882010602216117,0.2969237012969643,0.3262151791371274,0.2081115838623242
SARNP,ENSG00000205323,chr12,55742462,55827724,259,0.5181801226419185,0.45747684360902124,0.4991468749434209,0.5817283273666873,0.5399281500663989,0.3251335293251989,0.35338801337115155,0.28639098056161894,0.2581364965156663
RP11-762I7.5,ENSG00000257390,chr12,55747274,55837546,272,0.5768212681130765,0.45370060503261905,0.5232947054236354,0.6304915264540795,0.5550693505964349,0.3618459780753081,0.3951664322423401,0.24274213301559833,0.20942167884856638
ORMDL2,ENSG00000123353,chr12,55808040,55831879,74,0.6735589638478762,0.5467000891265598,0.603541976650991,0.7366515527652967,0.6095088433653901,0.4927610732290392,0.592564295352753,0.29844024442347605,0.19863702229976243
DNAJC14,ENSG00000135392,chr12,55810959,55840824,76,0.6917537662843393,0.6023844078404317,0.6374266272506993,0.7263582272145915,0.61415571544412,0.5422987634907863,0.6329418085298614,0.3799708257847677,0.28932778074569265
MMP19,ENSG00000123342,chr12,55825432,55852966,83,0.7641666121169448,0.5922077770991477,0.6174581507939501,0.7443974359664371,0.6631097710460266,0.6903549883524627,0.5865654425951099,0.20664250353715352,0.3104320492945062
PYM1,ENSG00000170473,chr12,55891412,55942618,227,0.733400057402025,0.506767880226981,0.4587123167777381,0.6854899176113559,0.5043696649833154,0.7074885458023087,0.5807948035092301,0.0,0.12598058105384458
DGKA,ENSG00000065357,chr12,55917318,55964027,190,0.573031506601257,0.4546006288499928,0.4639173039816079,0.5784826089146864,0.4656621058791378,0.41690758490504715,0.421702162188134,0.18932937667322086,0.184534799390134
PMEL,ENSG00000185664,chr12,55944104,55983317,144,0.4153363090344223,0.4070656782416439,0.46028583625867764,0.3515375207107773,0.35878413426808425,0.22133726016729155,0.25571683092631825,0.30133438183910755,0.2669548110800808
CDK2,ENSG00000123374,chr12,55956780,55982789,92,0.2611347308119189,0.3715865318442692,0.3682795770303437,0.24657980255165904,0.269998000335079,0.15394413931871026,0.21649055524056313,0.3106128010550273,0.24806638513317442
RAB5B,ENSG00000111540,chr12,55963912,56006683,154,0.29521921601744855,0.37079886688329194,0.35938776133253386,0.27909939925140675,0.3239876312477279,0.18392091958052048,0.1995072075098373,0.2793833873343283,0.2637970994050115
SUOX,ENSG00000139531,chr12,55987179,56016641,88,0.4753120750457584,0.46257364341085266,0.42027799137757166,0.4170398185666234,0.2652620473174084,0.36035428766847083,0.42617928172691877,0.26060925169564764,0.1947842576371998
IKZF4,ENSG00000123411,chr12,55997658,56048435,141,0.6128508967172024,0.6029980410724896,0.6819575638034565,0.5783724307968093,0.5655797973072051,0.363594493193824,0.4768519758507601,0.5602195707870736,0.44696208813013744
RPS26,ENSG00000197728,chr12,56031350,56054697,63,0.7414041319109264,0.7390140714682467,0.5645036847846329,0.6170797187519192,0.7490852663968752,0.9322543168937459,0.46028756844085095,0.41103446989053527,0.8830012183434306
ERBB3,ENSG00000065361,chr12,56066798,56113505,155,0.5363322711319775,0.3754526276863082,0.5105129610178321,0.5267583761935168,0.4596705906321425,0.2624589426628488,0.30165048809722744,0.20826915324358963,0.16907760780921105
RP11-603J24.9,ENSG00000257411,chr12,56091330,56119289,74,0.09299571209921138,0.39948064125279314,0.4211910342262895,0.14786192497754755,0.3769214497250035,0.03039285375816214,0.09844221071565723,0.47956754650964417,0.4115181895521491
PA2G4,ENSG00000170515,chr12,56094536,56123910,82,0.10588755006804293,0.4149049981452117,0.41370696555845465,0.16687697219180672,0.4145329675642376,0.056984610890133014,0.09160479983058462,0.4789964377120332,0.44437624877158155
RPL41,ENSG00000229117,chr12,56106589,56127967,65,0.29409883786564145,0.47984603498618406,0.5253799649096172,0.3297511464796331,0.5064286657423913,0.12833487587409742,0.17382437706968945,0.5252955487925124,0.47980604759692047
ESYT1,ENSG00000139641,chr12,56108249,56154674,123,0.4855477498180431,0.5508823650467429,0.5242545235089235,0.47206342274754765,0.5119490734563445,0.36112534376908667,0.3609570163840283,0.439345088570644,0.43951341595570254
ZC3H10,ENSG00000135482,chr12,56108259,56137514,83,0.4290626382586567,0.5507752788784095,0.516607394447144,0.42306055427950057,0.5168191336350944,0.31689084548167334,0.31144287890402,0.48334117848709146,0.48878914506474497
MYL6B,ENSG00000196465,chr12,56142255,56169647,76,0.44313470881761613,0.48860383850330624,0.5398910376357405,0.39090046408173657,0.508848245180425,0.23987534727768356,0.22769108954562972,0.4307353747482511,0.4429196324803049
MYL6,ENSG00000092841,chr12,56148345,56173496,73,0.4970428426108928,0.4576452650814471,0.519749936976815,0.445371312457838,0.47933810737549065,0.28281846987137416,0.2743185066823011,0.32901652928825137,0.3375164924773243
SMARCC2,ENSG00000139613,chr12,56152358,56199567,128,0.6543715483465711,0.4581632528428176,0.47907066401595516,0.6468846875352289,0.5207119009965612,0.5115202847696614,0.4591488677642719,0.10127024265106155,0.15364165965645105
RNF41,ENSG00000181852,chr12,56192178,56231933,109,0.7464106412907,0.47243938946860153,0.6093220175829952,0.7610788966744053,0.59894152936959,0.5358294521373261,0.5787326808249542,0.10366206661393473,0.060758837926306875
NABP2,ENSG00000139579,chr12,56212014,56239854,48,0.7661274617858777,0.7639463604090855,0.7991709612324925,0.8184666360605998,0.8098305437877633,0.6456869738271588,0.7450861513443349,0.7980092395528292,0.6986100620356532
SLC39A5,ENSG00000139540,chr12,56220048,56247846,23,0.6087302817295437,0.4731446584293964,0.6523867835473707,0.6133106372336056,0.7375354869834673,0.26126126912944503,0.12666172807985698,0.37956799316517836,0.5141675342147665
ANKRD52,ENSG00000139645,chr12,56227806,56268384,57,0.643463319450853,0.44132857268800146,0.5769933480731865,0.6261544802820976,0.513655094905095,0.37657227220926504,0.4226345777301654,0.20562149299373567,0.15955918747283526
COQ10A,ENSG00000135469,chr12,56256889,56280966,51,0.4006507020276147,0.44572019603587376,0.5204004240113265,0.3485752904267656,0.4806817085682719,0.18359631707505952,0.18172040337777945,0.4064893413532399,0.4083652550505201
CS,ENSG00000062485,chr12,56261698,56310391,125,0.6809843704657081,0.4789007389208405,0.539836101749318,0.47799381119005013,0.47425194471475324,0.5090786823240969,0.32947870347071845,0.14273605274587342,0.32233603159925184
RP11-977G19.10,ENSG00000144785,chr12,56275915,56326059,118,0.6650124033527356,0.5067131861804901,0.501727330833382,0.6216705444962363,0.5171855581728515,0.5518592255383239,0.47526575582521496,0.1548052761117431,0.23139874582485193
CNPY2,ENSG00000257727,chr12,56299841,56326119,53,0.6354793813536004,0.38183483451383693,0.510254916654794,0.5809212208635215,0.47984395778513433,0.3881507500230909,0.3485347638122661,0.09284884914020597,0.13246483535103082
PAN2,ENSG00000135473,chr12,56306222,56344053,75,0.6239974481048979,0.3760016783216783,0.5049854131049825,0.5199835667135717,0.5223342986085806,0.3732994502608824,0.23334918962481677,0.09830814997351817,0.2382584106095838
IL23A,ENSG00000110944,chr12,56324173,56350410,66,0.43032893536844374,0.34409988213623627,0.48949363385265376,0.4258799785756035,0.4940555436012412,0.15604537713365152,0.1476675916319819,0.2657013838510473,0.274079169352717
STAT2,ENSG00000170581,chr12,56331596,56370167,140,0.34973305770924945,0.376089794545034,0.4620817835303564,0.29892868006918244,0.4116693148504552,0.1410361990303433,0.14821418993865315,0.33071262345165997,0.32353463254335013
APOF,ENSG00000175336,chr12,56350567,56372857,97,0.27074183532757407,0.36065782328756496,0.4883643314035556,0.2341152796834615,0.4587236843905914,0.046450231206910275,0.050106857783919934,0.40086524890724096,0.39720862233023124
TIMELESS,ENSG00000111602,chr12,56406362,56459426,351,0.5072374132869109,0.6401408520791827,0.6055916738930445,0.5395259917010702,0.6179116546918187,0.3997009118372335,0.41771901021056157,0.6223416680307667,0.6043235696574386
MIP,ENSG00000135517,chr12,56439501,56479166,230,0.4511440329159776,0.4967160044846852,0.5483586200397957,0.4549139256919395,0.5372382283255218,0.2458265352505215,0.26143466887315264,0.44077412955024436,0.4251659959276132
RP11-121C6.6,ENSG00000285528,chr12,56439699,56498170,281,0.4782642248142775,0.47883585803305595,0.5634553886543598,0.47035886675849226,0.5290711355621092,0.23670976280688272,0.26709880833286076,0.41498047228030244,0.38459142675432445
SPRYD4,ENSG00000176422,chr12,56458577,56489708,137,0.4712010188941985,0.506281812084629,0.5027826053632439,0.5644063332104549,0.5363646538888117,0.32210468843248713,0.38408944686399027,0.3836857059484793,0.3217009475169761
GLS2,ENSG00000135423,chr12,56460943,56498414,142,0.5404114744942613,0.5067467882491357,0.4904314282626575,0.5144548654256872,0.4623491737597922,0.4049827366178435,0.4043348508722375,0.3017498860770624,0.3023977718226683
RBMS2,ENSG00000076067,chr12,56511819,56606193,441,0.4891942434150217,0.4272123411026113,0.4706920386564776,0.4554193354176838,0.4319852563150647,0.296410617484993,0.299685754322015,0.260829591303849,0.25755445446682707
BAZ2A,ENSG00000076108,chr12,56585595,56646816,234,0.35603129451514215,0.38025036390101913,0.31594074824771734,0.35837571193622353,0.2545441650464894,0.2694170517622542,0.3142163371061302,0.20902264347864657,0.1642233581347706
ATP5F1B,ENSG00000110955,chr12,56628174,56655984,104,0.2578364915916872,0.21794714243411314,0.04853750675360329,0.2420317544593269,0.15746638031946764,0.2471318173520608,0.17580251084161236,0.0,0.07003043708425197
PTGES3,ENSG00000110958,chr12,56653340,56698408,228,0.5394902663178818,0.6550495543143586,0.665830909395198,0.3609102213166243,0.6259721860391596,0.371833819726203,0.26431986412958974,0.6925206882349614,0.8000346438315746
NACA,ENSG00000196531,chr12,56702304,56741628,156,0.5946251666949602,0.7551671430659951,0.76247166981093,0.43445048819542254,0.7124649696699421,0.4363271329003523,0.36536318476777785,0.9708523849485909,1.0418163330811656
RP11-112B10.2,ENSG00000285625,chr12,56704611,56751535,179,0.6052721090789677,0.7835454866920204,0.7840012596641893,0.4412195330225844,0.7001902786520598,0.4637253929644305,0.45388309679548866,1.0666494608433894,1.0764917570123314
PRIM1,ENSG00000198056,chr12,56721295,56762374,160,0.5911697200832373,0.7267147599318615,0.7113508847078513,0.39677016032012813,0.6460297142857144,0.474575451983966,0.38207694017918814,0.8226637418593952,0.9151622536641728
HSD17B6,ENSG00000025423,chr12,56742160,56797790,181,0.49461705859038824,0.5896749339156419,0.697933835545064,0.3385159727163727,0.6191663150849229,0.18806761427796947,0.16934125477251727,0.7027379750324843,0.7214643345379366
SDR9C7,ENSG00000170426,chr12,56913132,56944408,153,0.336587059874908,0.25603038210460655,0.20912304925008943,0.23180179667444487,0.17118402473921282,0.23574992154604496,0.1858527252680043,0.060005159598924634,0.10990235587696529
RDH16,ENSG00000139547,chr12,56941430,56969374,90,0.21534872878185238,0.12919048789681564,0.10165600697038933,0.19977971121893784,0.10596571139368635,0.13682285418391643,0.12459455205918954,0.0015091720900647643,0.013737474214791642
GPR182,ENSG00000166856,chr12,56984491,57008447,87,0.1098452824346844,0.23080999429422713,0.30183130056213286,0.11349864681602029,0.30268039804586877,0.009741367087260422,0.011189225779618922,0.2526758913668824,0.25122803267452387
ZBTB39,ENSG00000166860,chr12,56988835,57016546,102,0.07582676002879124,0.22234648210419491,0.2668598965080882,0.05609768229187559,0.27850284006675996,0.00995574062731261,0.0,0.24151846312240743,0.2600842228336441
TAC3,ENSG00000166863,chr12,56999999,57038883,140,0.1563642609509812,0.2488144375228263,0.25489207745682085,0.24918813207151339,0.28674223585139,0.08095541414210589,0.11739516727383137,0.20514715641025844,0.16870740327853292
MYO1A,ENSG00000166866,chr12,57018516,57061198,170,0.26230055560236015,0.3280325550446047,0.2969108511705141,0.29478185643098154,0.3070449547875966,0.1747462978328445,0.19000166672444355,0.22279908680649255,0.20754371791489346
NEMP1,ENSG00000166881,chr12,57045642,57098063,182,0.2542101388725504,0.2078103499530559,0.2421803126413805,0.30182199856666,0.266501258662623,0.12447803177389466,0.14115312684254133,0.10847642692911921,0.09180133186047257
NAB2,ENSG00000166886,chr12,57079042,57105476,98,0.20896948681070582,0.20725510737411015,0.16439947360088916,0.23253415767216196,0.2039458129519242,0.14353396267580928,0.13441354626797358,0.08871984551235872,0.09784026192019443
STAT6,ENSG00000166888,chr12,57085407,57142139,229,0.21284378335169515,0.27166205656771686,0.22418139209183988,0.3048436369026373,0.2458078528386124,0.15124107277615287,0.199250249989003,0.16574905770912676,0.11773988049627665
LRP1,ENSG00000123384,chr12,57118482,57223361,466,0.44249595889176135,0.4381304501034806,0.41540097389624253,0.4481336504556384,0.4061472610920782,0.31197100423894136,0.3249055257067889,0.26451456941482093,0.25158004794697336
NXPH4,ENSG00000182379,chr12,57206793,57236449,130,0.5784874724595348,0.49968514187488683,0.50490172985,0.5783308506719204,0.49260978630171776,0.4267122162942616,0.4387885110563322,0.2658054462035383,0.2537291514414676
SHMT2,ENSG00000182199,chr12,57219572,57244935,116,0.49233398521918126,0.4221785749743522,0.5025865819446473,0.5003654478874286,0.4287199107725562,0.26404406926902185,0.3412465446525755,0.284446342019447,0.2072438666358934
NDUFA4L2,ENSG00000185633,chr12,57224902,57250715,96,0.5394436679367209,0.49428307596491955,0.5164778015363481,0.5441984862814869,0.5244156087563454,0.36522012725623954,0.362132556139,0.3165580776484785,0.3196456487657181
STAC3,ENSG00000185482,chr12,57233452,57261188,98,0.5862173896972547,0.5255002498793319,0.49968091970038764,0.601578375608471,0.5478274947110782,0.4676997515024032,0.43602357055593555,0.27779443604597387,0.30947061699244155
RP11-123K3.4,ENSG00000258830,chr12,57239608,57306484,231,0.5657485171992194,0.5670827399319566,0.46642731087329226,0.532403697368486,0.48821061933986265,0.5215900728935777,0.4637582532953641,0.31561858163839235,0.37345040123660617
R3HDM2,ENSG00000179912,chr12,57243761,57441005,704,0.5290618846270906,0.5743807164861177,0.5083860945473385,0.5010556566126599,0.5098237263257532,0.4485885004296018,0.4182402741726396,0.4056215325433406,0.4359697588003026
INHBC,ENSG00000175189,chr12,57424783,57462062,157,0.5266513980226212,0.5865897949733724,0.4244301912669883,0.5231781335687226,0.48233156421742024,0.5394216745765759,0.48275346144615316,0.3438932718635752,0.40056148499399785
INHBE,ENSG00000139269,chr12,57442322,57469280,121,0.34184723512084403,0.35119933133631764,0.26515177730260614,0.4795310029688742,0.3905597521744312,0.2714283269369496,0.29522016624021785,0.16120141862848214,0.13740957932521386
GLI1,ENSG00000111087,chr12,57449784,57482268,138,0.3655802820758592,0.4753011468047679,0.28832075908158417,0.4661834729231789,0.28708487233475605,0.37992367422621437,0.4671204870290361,0.2650071197046157,0.177810306901794
ARHGAP9,ENSG00000123329,chr12,57462263,57498814,138,0.5169589106011633,0.5058712025493008,0.5003063380421932,0.5711723023898128,0.552409492797103,0.3694262927570313,0.37389131960606753,0.33553277943525917,0.331067752586223
MARS1,ENSG00000166986,chr12,57465444,57527569,222,0.5041831645536572,0.4749156253549176,0.41827285114669854,0.5790012723004936,0.49709678314690947,0.40199563097228286,0.4109821219354139,0.2422006847215984,0.23321419375846725
DDIT3,ENSG00000175197,chr12,57506587,57531737,73,0.5562671791270112,0.38538831832017256,0.5302910268227019,0.6164150750723189,0.3846142717290137,0.271827646449674,0.47972642542105093,0.21493697605311052,0.007038197081733644
RP11-181L23.10,ENSG00000285133,chr12,57507711,57530480,64,0.5300267963754067,0.3795905213651974,0.4276846750116432,0.5205439535478403,0.5136441912836137,0.33719499848427886,0.24583190876053612,0.1401805710484807,0.2315436607722235
MBD6,ENSG00000166987,chr12,57510709,57540148,83,0.4623803990614107,0.3380967545527325,0.35665865260960017,0.5355043303432213,0.2729820973380692,0.2960800451267698,0.43031737782260493,0.11655584351352238,0.0
DCTN2,ENSG00000175203,chr12,57519632,57557224,130,0.5120466392337597,0.3691231440861592,0.40352663771561503,0.5017272122653641,0.4559914523783456,0.3307296736410866,0.27423092909923275,0.12991491887581186,0.1864136634176657
KIF5A,ENSG00000155980,chr12,57536025,57596633,268,0.5369093134078067,0.6092541755434938,0.5685052932003319,0.52940669958431,0.5688952095974494,0.43451516845240684,0.42602747475727165,0.5051828272570729,0.5136705209522079
PIP4K2C,ENSG00000166908,chr12,57581173,57613418,140,0.5751274836278331,0.553020600066783,0.5782999374417576,0.5537256246291778,0.5324507430066421,0.3988739586208173,0.42590676102022357,0.406368811970293,0.3793360095708866
DTX3,ENSG00000178498,chr12,57594621,57619804,69,0.6719151341330736,0.5339181779839728,0.5791300606073565,0.6416322867226483,0.5453457524708561,0.506222808810707,0.5006858598833168,0.257171267733422,0.26270821666081234
ARHGEF25,ENSG00000240771,chr12,57600179,57627245,45,0.7358273940571811,0.587477128492541,0.7361794252180216,0.6181678048837217,0.6500792552717353,0.44206507993961996,0.3990945407894344,0.4433985487261698,0.4863690878763555
RP11-571M6.19,ENSG00000287908,chr12,57605279,57636125,42,0.44532772456221836,0.28237101724641916,0.3615778600853227,0.4521851336750748,0.40738841600291714,0.23621243091160182,0.20520218430216325,0.0955901496889473,0.12660039629838576
B4GALNT1,ENSG00000135454,chr12,57613408,57643239,62,0.09732740747870658,0.10650165595656912,0.08594970191551597,0.20143757919236518,0.27179720436385363,0.06256824410713746,0.010188617688622975,0.05004255361418909,0.10242218003270362
OS9,ENSG00000135506,chr12,57683954,57731557,216,0.3516542161395394,0.35847041847041855,0.35224012668936805,0.4193577500016525,0.40598492216059534,0.22149793681316557,0.2333349335233989,0.2224020461139742,0.21056504940374093
AGAP2,ENSG00000135439,chr12,57713760,57752157,116,0.5114078398963361,0.4850785054240687,0.4925139213289974,0.5442574118439572,0.46695316689859173,0.35084099697130305,0.41021098223797675,0.31289983068354577,0.25352984541687207
TSPAN31,ENSG00000135452,chr12,57728012,57760219,97,0.4554521037921076,0.4930357456933026,0.5000509525680803,0.6179236603561291,0.5171829292867871,0.29693253407029635,0.45666609894639204,0.3823822481322449,0.22264868325614917
CDK4,ENSG00000135446,chr12,57737726,57766013,82,0.3093800343099483,0.3565594346452758,0.29620289353637375,0.3944245619716942,0.3256374552171965,0.22991301806791892,0.2742571705431981,0.21101259967474587,0.16666844719946672
MARCHF9,ENSG00000139266,chr12,57745102,57770411,79,0.21771321937216817,0.3113290700461965,0.2970462220205283,0.12756856818395282,0.27418245874216923,0.1330307334313961,0.09450316359764643,0.23996099391883022,0.2784885637525799
CYP27B1,ENSG00000111012,chr12,57752333,57778986,76,0.2538053570017359,0.42743669630267556,0.3941189025099665,0.11780975255565483,0.35327849194808764,0.17466462592993015,0.12357000439245802,0.38296734959288414,0.43406197113035616
METTL1,ENSG00000037897,chr12,57758470,57782119,67,0.35229231336729977,0.5330834929856004,0.45126056778377754,0.18101368282446614,0.4557328537692621,0.29789451785857707,0.1764888250562115,0.4637103052751589,0.5851159980775246
EEF1AKMT3,ENSG00000123427,chr12,57761491,57792541,96,0.3511859401340406,0.5229701204293624,0.4628994115308129,0.17440643622965885,0.435595622784753,0.27560768443114114,0.1799222630191944,0.4645684650151926,0.5602538864271394
RP11-571M6.15,ENSG00000257921,chr12,57762659,57807554,153,0.3573787501810859,0.5093752641812495,0.44742069171429216,0.24666097166045867,0.43097459770961155,0.2805585908834243,0.2157427212328632,0.4315171380207825,0.4963330076713436
TSFM,ENSG00000123297,chr12,57772760,57818071,176,0.37062722459503833,0.48676600577005696,0.36200409572239955,0.2585988800037769,0.3945899917410801,0.34031577177161654,0.23219376771759664,0.32670763693180516,0.434829640985825
AVIL,ENSG00000135407,chr12,57787375,57828704,173,0.332814100413095,0.42893352827879233,0.39065596694000837,0.3779529984444148,0.3859188364040961,0.2347819845447889,0.27368055793582624,0.3254676787350548,0.2865691053440174
CTDSP2,ENSG00000175215,chr12,57809926,57856729,238,0.4168277236248352,0.5654308942367002,0.45379819428600576,0.3458868254195758,0.5086061551624349,0.38395308639705644,0.273682924112472,0.4494472138903064,0.5597173761748908
ATP23,ENSG00000166896,chr12,57896038,57969148,401,0.3330722059008879,0.4734760160166058,0.37440694256584456,0.35307414236978535,0.4049259189713601,0.28873835060349995,0.27895630234620017,0.3527200442174615,0.36250209247476134
LRIG3,ENSG00000139263,chr12,58862148,58930504,395,0.12379690544406889,0.22724116126673277,0.2596942921437051,0.1220068967970367,0.26910992064387385,0.04462678622931013,0.03720629986693333,0.21316147378172862,0.22058196014410542
SLC16A7,ENSG00000118596,chr12,59586028,59799855,1444,0.23232172838175003,0.2973797585136308,0.22279965351250763,0.26386229194514205,0.23379517635387204,0.182633082633651,0.19648552669557778,0.17030564752899655,0.15645320346706973
TAFA2,ENSG00000198673,chr12,61698272,62289150,3820,0.42808137908830873,0.5629782616444517,0.4856752671081893,0.4187418992116911,0.46330966575219645,0.36081523625048095,0.3739993581896736,0.4669571043525782,0.45377298241338554
USP15,ENSG00000135655,chr12,62250337,62427431,873,0.38214262632895674,0.6745320251934973,0.6018821811358553,0.35914752605382533,0.5874701816092354,0.3414907773783783,0.3410002097265189,0.7810004324867572,0.7814910001386164
MON2,ENSG00000061987,chr12,62456816,62610476,699,0.4435001735440688,0.5552168822704755,0.5064874817021523,0.4041559066185339,0.44432644018253364,0.3450249287773185,0.3701852230739723,0.46514356273351953,0.4399832684368658
PPM1H,ENSG00000111110,chr12,62633993,62945150,2061,0.3429790226304026,0.508509182352667,0.4524214966810502,0.34807197216903535,0.4311040639182009,0.2640509556716169,0.28703769053353817,0.44626106620232586,0.4232743313404046
AVPR1A,ENSG00000166148,chr12,63132758,63161201,214,0.3054729599618688,0.398053616027589,0.14147954784787775,0.36983318319428565,0.34071109351134254,0.3597831540048867,0.2763820838369333,0.1478037468035412,0.23120481697149467
DPY19L2,ENSG00000177990,chr12,63548912,63678939,41,0.3615326820868569,0.13190239914832136,0.17448275374619981,0.2423332143762251,0.16584257796816437,0.19919539693026128,0.11881478752856653,0.0,0.02263633973699311
RXYLT1,ENSG00000118600,chr12,63769841,63819562,223,0.1694818775974204,0.2008805734389222,0.185820470263671,0.16567004093749552,0.20835292744688183,0.10218800932126114,0.08586579644899836,0.12205686502523862,0.1383790778975014
SRGAP1,ENSG00000196935,chr12,63834699,64172217,1764,0.3336602271285452,0.39305298146989404,0.370708856098837,0.3457266575276687,0.38151761880307783,0.22105404171985887,0.22152863098094308,0.27825973414717764,0.2777851448860934
C12orf66,ENSG00000174206,chr12,64176315,64232296,336,0.6076568576296496,0.7125240666567163,0.6119617313999683,0.6082804506715881,0.5933857035674489,0.6177916387288949,0.6419675227517087,0.6288244936300418,0.6046486096072279
C12orf56,ENSG00000185306,chr12,64254761,64400758,779,0.46481757101647997,0.4883993831080233,0.43138731012745435,0.48000818950331336,0.4498377334155714,0.36540142132993886,0.3633056029647797,0.30480958213905723,0.30690540050421633
XPOT,ENSG00000184575,chr12,64394391,64461125,280,0.38128830075036907,0.5909519415684699,0.5333251080425107,0.44055672555170067,0.5922550921325215,0.30595803410166156,0.2888111220789643,0.5879645934629459,0.6051115054856431
TBK1,ENSG00000183735,chr12,64442089,64512114,300,0.243855228402127,0.5071430292941436,0.4485902831600434,0.3141359319106945,0.4419817978137967,0.19589076659773969,0.25062419647062883,0.5116455007068313,0.45691207083394225
RASSF3,ENSG00000153179,chr12,64497000,64707564,1272,0.334632180096542,0.48629639302816097,0.44146901794439236,0.3647240350820235,0.41164892467018727,0.2455394551292046,0.2946865808426773,0.42056936485123864,0.37142223913776595
GNS,ENSG00000135677,chr12,64703444,64769431,284,0.5006611658264655,0.6905442487128358,0.6326027889595437,0.42785232954091046,0.5923539287236541,0.4330494277098611,0.41697118391356797,0.7398907377460765,0.7559689815423696
TBC1D30,ENSG00000111490,chr12,64749483,64891033,681,0.49921888349168764,0.6756359455302197,0.6530445899419063,0.43289596852308526,0.6213163485590927,0.37945796353559236,0.36102358445598504,0.7464308055414783,0.7648651846210857
RP11-766N7.5,ENSG00000288591,chr12,64749495,64987509,1204,0.4217443728815687,0.6817048865135705,0.703582886263662,0.4349789568372453,0.6386592243594269,0.23826394738821188,0.34886740582288356,0.9065123493356598,0.7959088909009882
WIF1,ENSG00000156076,chr12,65040625,65131305,447,0.4722839425575909,0.5800992852950876,0.5343081687024905,0.5456489449834999,0.5656722988185531,0.3713513646434249,0.41133308103005395,0.4963856245663923,0.45640390817976323
LEMD3,ENSG00000174106,chr12,65159582,65258355,429,0.5258317591624906,0.591822361965239,0.5642646480727243,0.5390625419663,0.5427880922986741,0.40576284142965025,0.4439687102456389,0.49028997056179047,0.45208410174580194
MSRB3,ENSG00000174099,chr12,65268642,65501430,1331,0.4103826691229625,0.5341903571624965,0.4722415197526624,0.4051048875774982,0.43878206967243,0.32657162030989284,0.3528512047047103,0.4374065997671014,0.41112701537228385
HMGA2,ENSG00000149948,chr12,65814459,65976291,779,0.35495222189683723,0.6399117497381623,0.6097668478212109,0.36095369125569154,0.6905468758955079,0.2594130679614778,0.1481179196800212,0.7619930699960941,0.8732882182775507
LLPH,ENSG00000139233,chr12,66106554,66140750,162,0.31231979369457064,0.28305703818990235,0.26039198348485254,0.35700911029269244,0.23766754963638814,0.202777708851915,0.2515055920533362,0.12998128386637586,0.08125340066495473
RP11-745O10.4,ENSG00000228144,chr12,66113916,66179985,336,0.3194913963019056,0.2965423968398718,0.24050973862799624,0.29309561635282705,0.2314875352905167,0.23077735207559863,0.21765451891174967,0.12097031775430986,0.1340931509181588
TMBIM4,ENSG00000155957,chr12,66125845,66180072,283,0.2680412501193944,0.21442290450715762,0.2022628640857689,0.2731067937712006,0.16983819013339307,0.16369582880778805,0.1870888705068049,0.0776408489908387,0.05424780729182185
IRAK3,ENSG00000090376,chr12,66179194,66264622,455,0.3904970976994366,0.42077780287446076,0.41852321671155535,0.40167836761916964,0.40161812998318075,0.24949822490001894,0.27308489374721406,0.2965708899784786,0.2729842211312834
HELB,ENSG00000127311,chr12,66292492,66353643,401,0.37464172132537726,0.38986542661875584,0.3131189658498058,0.46021925603935454,0.28521328557753206,0.29395605636192235,0.3874484516642218,0.2001196776837284,0.10662728238142893
GRIP1,ENSG00000155974,chr12,66337430,67079162,5245,0.3819635372790863,0.4202702531043002,0.3596300146293665,0.3772452710948718,0.3510312717869311,0.29034594611742287,0.29321251046648233,0.254847291542478,0.25198072719341863
CAND1,ENSG00000111530,chr12,67259357,67329953,439,0.3390661972462293,0.8499841347188712,0.7777435510409222,0.47404368273657205,0.7830068737799367,0.4035962124415784,0.5058308681551115,1.4934180094965424,1.3911833537830092
DYRK2,ENSG00000127334,chr12,67638337,67675406,197,0.5008977940278856,0.5452701196173876,0.522507082875047,0.5804387821455508,0.5381504367427903,0.37189506800510624,0.44204073871416527,0.4161566378063513,0.3460109670972923
IFNG,ENSG00000111537,chr12,68144767,68169740,185,0.6490292229654642,0.8977642868205048,0.7333746254811008,0.6540569392312733,0.81414910078717,1.0028079179976905,0.829572378037627,1.2776663002298143,1.450901840189878
IL26,ENSG00000111536,chr12,68191348,68235810,370,0.39244987480802446,0.47924389590239064,0.43387023368503663,0.42998591024435256,0.42741311191517917,0.2909310578923234,0.3284884456336248,0.36154241927454245,0.3239850315332411
IL22,ENSG00000127318,chr12,68238241,68263604,213,0.31841682929918896,0.37993980224824075,0.3544349818483735,0.3238328472296224,0.27468779995045417,0.21182317931984473,0.27405029127058866,0.266115533188391,0.203888421237647
MDM1,ENSG00000111554,chr12,68262442,68342381,515,0.3940578936948309,0.37145279395270947,0.2937833322020329,0.3907046142120825,0.31383531668838377,0.3087408913301666,0.2915793112529556,0.15560325337731157,0.1727648334545226
RAP1B,ENSG00000127314,chr12,68600854,68681901,341,0.36552869545892447,0.4799635821883793,0.4662984739601655,0.30246593833073404,0.4402064440245627,0.24045055873917465,0.2169365774427085,0.4134058768666565,0.4369198581631225
NUP107,ENSG00000111581,chr12,68676950,68755809,315,0.3870961058739309,0.3586758668879378,0.37008061388348146,0.37695262127694557,0.31781821892540574,0.2358019952803881,0.2674469401345403,0.20841828670646637,0.17677334185231416
SLC35E3,ENSG00000175782,chr12,68736124,68803964,313,0.36807410960877823,0.43003059692766665,0.4346348873635268,0.37002373508689756,0.3491546053686082,0.22543610633833044,0.29738128971905364,0.3367364920764381,0.2647913086957149
MDM2,ENSG00000135679,chr12,68798176,68855544,321,0.48043104806066556,0.407382025623068,0.33232836122724424,0.4551330575922468,0.3580686212450632,0.38700113882082793,0.3435725508694001,0.13620417409990088,0.17963276205132872
CPM,ENSG00000135678,chr12,68832196,68981570,939,0.42403264371143534,0.3596931663813154,0.39184468034538045,0.45412132001496053,0.41844330605137525,0.2500935566540942,0.25455975000540376,0.1957142333337895,0.19124803998247986
CPSF6,ENSG00000111605,chr12,69229568,69284358,248,0.4435103987738517,0.1775801813758018,0.2794852175488919,0.30581649766440355,0.17302889418274034,0.22691086684948217,0.18526885188386372,0.0,0.01023543416609557
LYZ,ENSG00000090382,chr12,69338380,69364234,149,0.32224596283389034,0.3243092714917074,0.27878140340884444,0.3183546264945357,0.22632807963386478,0.22708882068583203,0.25932908782773045,0.16493098914607385,0.1326907220041754
YEATS4,ENSG00000127337,chr12,69349709,69400870,296,0.3154712356274545,0.2782309952793413,0.20064861843997325,0.32387913268344637,0.2120784599280935,0.2405600444002596,0.23953839396914633,0.08549008494018084,0.08651173537129414
FRS2,ENSG00000166225,chr12,69460348,69589793,581,0.5266685701475907,0.5185446989676191,0.47983453690796507,0.4037163842916844,0.4072985578464378,0.41264650176728773,0.362458133812113,0.3182953830327678,0.3684837509879425
CCT2,ENSG00000166226,chr12,69575425,69611570,181,0.4464459861864788,0.520849101945636,0.5205397378743928,0.38349808227063825,0.4502044256382124,0.29602069396653885,0.31061239840677396,0.4397190099619799,0.4251273055217448
LRRC10,ENSG00000198812,chr12,69598563,69620907,114,0.44044865837535696,0.5342863249743823,0.4892094612677745,0.3374329857490956,0.43757851166745554,0.33650428978115243,0.30015705334023624,0.4276799751910904,0.4640272116320066
BEST3,ENSG00000127325,chr12,69633359,69709476,583,0.47093459423749623,0.4659762611833108,0.4442212283352301,0.40775829168643807,0.3366741710394346,0.33828662203994003,0.3703332297663441,0.28902836425718265,0.25698175653077854
RAB3IP,ENSG00000127328,chr12,69728859,69833204,670,0.4720331967425039,0.6507897058579372,0.5852748696885369,0.46821070865321596,0.5236969779892454,0.40533176565718726,0.47094394339851015,0.6467492105784769,0.581137032837154
AC025263.3,ENSG00000258052,chr12,69791668,69865363,464,0.4820338671228804,0.6348765625285833,0.5575585101772651,0.5007519709752686,0.4905463589112373,0.4249590837290405,0.5138778163972051,0.5825607139890168,0.4936419813208522
MYRFL,ENSG00000166268,chr12,69815226,69969097,1079,0.3657294946085683,0.6434725380281866,0.5645975621936701,0.400510724497971,0.5045735863065027,0.32756961480367974,0.4203423791122959,0.7037743951119328,0.6110016308033167
CNOT2,ENSG00000111596,chr12,70233001,70364993,664,0.3024844929226921,0.2584999606850554,0.21475686421365517,0.2852682484939879,0.19748158277443545,0.20877435775463354,0.20746378467884338,0.09030570662868917,0.09161627970447933
KCNMB4,ENSG00000135643,chr12,70356289,70444292,553,0.44390022199123136,0.39366237162053513,0.2825033399291601,0.3949004720929654,0.2749879447024181,0.3775694315938555,0.340556817396926,0.12274887392487821,0.15976148812180763
PTPRB,ENSG00000127329,chr12,70505869,70647440,1014,0.3859422112677901,0.4261196610764358,0.34973832506692815,0.3918332980377313,0.32243216790624346,0.30631009484616256,0.33169750841934387,0.2490242783233218,0.22363686475014044
PTPRR,ENSG00000153233,chr12,70628072,70930738,1817,0.4084171364497627,0.46392915899255255,0.4569072099190333,0.4434994405314978,0.47112914000383127,0.2689836929540602,0.28628253280109456,0.3545052676317681,0.33720642778473375
TSPAN8,ENSG00000127324,chr12,71115084,71451898,2196,0.40700059135894195,0.6038519268410769,0.567005408417027,0.42019440260512325,0.5421268960638804,0.3057495255449935,0.34493321256630965,0.6202176899556237,0.5810340029343075
LGR5,ENSG00000139292,chr12,71429797,71596310,1167,0.48627532511077876,0.4817706664508875,0.42301299118244995,0.4938859649174177,0.40312993550013493,0.3867348435350114,0.41113741923332864,0.2706025623038568,0.2461999866055396
ZFC3H1,ENSG00000133858,chr12,71599598,71677725,366,0.3536745369104423,0.38697812485728644,0.36241092386791285,0.49343802578528656,0.39439816476916606,0.23787273154442065,0.3339653584327777,0.25148192675042613,0.15538929986206912
THAP2,ENSG00000173451,chr12,71654300,71690644,157,0.33917746209816685,0.35499558246552865,0.2907959583772126,0.21960364616806888,0.257376331533635,0.25457802886561987,0.19444279521222005,0.18392008445354494,0.24405531810694475
RP11-293I14.2,ENSG00000258064,chr12,71664203,71708968,240,0.3603732348384701,0.3414376384029036,0.21878281565983335,0.319105097483476,0.22188473269178,0.3088322145510026,0.27558138270462496,0.10886384523051226,0.14211467707688985
TMEM19,ENSG00000139291,chr12,71676081,71715047,243,0.37677381321845577,0.37279958550383696,0.23029376237832286,0.39935970306512175,0.27952037807974855,0.33879428400466427,0.32420501655429446,0.1276948650738861,0.14228413252425598
RAB21,ENSG00000080371,chr12,71744862,71810286,324,0.38479443713436845,0.37989226043849056,0.3340984613779768,0.4191081339712919,0.37167253740598566,0.2785237008688821,0.2781794439161943,0.1993383416846755,0.19968259863736326
TBC1D15,ENSG00000121749,chr12,71829706,71937248,571,0.20648346910108012,0.36074849597183256,0.3583446932943964,0.19311882702297836,0.34659881220136607,0.11751709671684762,0.11823610850235614,0.3299402152955607,0.32922120351005224
TPH2,ENSG00000139287,chr12,71928844,72196618,1514,0.35324567088200876,0.4527609970058803,0.4069918933106409,0.4509581855362537,0.43368305434267773,0.25805559633143854,0.3169244652797782,0.34481404148093664,0.28594517253259716
TRHDE,ENSG00000072657,chr12,72077265,72680758,3036,0.3665499571323153,0.36661757028620706,0.3693365382359615,0.4052878456102941,0.35799388269557453,0.2261360631697254,0.26660060135073316,0.23054482172983043,0.19008028354882267
ATXN7L3B,ENSG00000253719,chr12,74527834,74555430,226,0.6124095308889861,0.7044365503958915,0.7014211259451879,0.6284576574170618,0.6792912977586345,0.4789782940566767,0.5358710760918143,0.7398934516557856,0.6830006696206481
KCNC2,ENSG00000166006,chr12,75030076,75219839,1228,0.4422672932361753,0.6044374289636779,0.4790318352527476,0.4731547358068646,0.4668715039984385,0.42962770257002797,0.46965094177832856,0.49781859429354647,0.45779535508524577
CAPS2,ENSG00000180881,chr12,75265978,75400928,728,0.36130554267280773,0.4533225447310619,0.4355767662414819,0.31869200705741524,0.4215717841725171,0.24013725692285642,0.22009814718743803,0.3637590548558263,0.3837981645912446
GLIPR1L1,ENSG00000173401,chr12,75324669,75380560,279,0.42957171848805087,0.44963871916641035,0.4643751548562668,0.38113679341116163,0.3834393990633423,0.2671134463173536,0.2967263504993021,0.33006689584283183,0.3004539916608833
GLIPR1L2,ENSG00000180481,chr12,75381088,75442688,366,0.23156799773340847,0.3371874221052164,0.2654745602904233,0.16495065715285373,0.2536925693603949,0.1830677845867367,0.14945491054658877,0.22819523211480863,0.26180810615495664
GLIPR1,ENSG00000139278,chr12,75470752,75513863,270,0.33879203790685747,0.43036903198666715,0.36814424808379215,0.3159393065813427,0.298713530790513,0.2586796360304434,0.29381818354728945,0.30408691633087825,0.26894836881403217
KRR1,ENSG00000111615,chr12,75480862,75521636,236,0.3372448453162318,0.5398274828655565,0.4144089981872623,0.3784559539163363,0.3741634723867052,0.32618489823628133,0.3915181212549814,0.44996892432281543,0.3846357013041153
PHLDA1,ENSG00000139289,chr12,76015446,76041776,159,0.40926739504833404,0.7130095656871336,0.5919790111698574,0.37485331640981046,0.7078241385832825,0.4391307700293719,0.24383798192951567,0.8091756236689241,1.0044684117687803
NAP1L1,ENSG00000187109,chr12,76026584,76094735,331,0.5566508777837433,0.6268471721782263,0.5375566292780013,0.434300381484303,0.5544551981512431,0.5139668895139755,0.3735008981850303,0.47180032767541247,0.6122663190043578
BBS10,ENSG00000179941,chr12,76334473,76358415,105,0.6488983343707343,0.7545881024804789,0.6468519315958767,0.5332183045977759,0.6111328471382678,0.7053144323790043,0.6110966774798626,0.6995028333519057,0.793720588251047
OSBPL8,ENSG00000091039,chr12,76341796,76569809,1144,0.4468272439151144,0.5542386111265717,0.5106553376139098,0.45137763554628146,0.4573287792692423,0.3426840970933448,0.3985323892186723,0.46528737555958977,0.4094390834342623
ZDHHC17,ENSG00000186908,chr12,76754102,76863696,524,0.3621714167748706,0.3470005423152956,0.26503323105408483,0.3999938049381526,0.2864431047824696,0.283967348581335,0.2997505873478469,0.14221163162287134,0.12642839285635948
CSRP2,ENSG00000175183,chr12,76848708,76889023,218,0.31659705039863073,0.2664399281694841,0.19835935770855584,0.338908148063988,0.1439301870917656,0.23471078099958564,0.28415246396561633,0.07513500623348457,0.025693323267453855
E2F7,ENSG00000165891,chr12,77011247,77075569,339,0.4443410028301372,0.4411632197770091,0.4429041948843263,0.4146646376285468,0.4037099587645388,0.29224013461942544,0.3002200384127568,0.28965769913343625,0.281677795340105
NAV3,ENSG00000067798,chr12,77314640,78223010,5851,0.4513776694113023,0.5342800841011913,0.5133824090252335,0.4432866597005729,0.4963240295422167,0.3221195812629288,0.3320267759366832,0.4420512831335738,0.43214408845981933
SYT1,ENSG00000067715,chr12,78853992,79462008,3271,0.3179010525806013,0.34974383468865444,0.2933333973275794,0.3893879322179426,0.3485379537707894,0.2328865750891358,0.24757309411197567,0.1975023181615219,0.18281579913868196
PAWR,ENSG00000177425,chr12,79564978,79700964,684,0.45734335308567425,0.3302794487677259,0.21284554974855988,0.48957342639974055,0.2554266442080754,0.3864212142894579,0.38922966196226016,0.014473527025964661,0.011665079353162466
PPP1R12A,ENSG00000058272,chr12,79763562,79945460,971,0.48198988407130944,0.49726910612870506,0.40961171433313737,0.7359437936279518,0.6527289576248265,0.4092429575708506,0.4808219239361108,0.27845729672025893,0.2068783303549988
OTOGL,ENSG00000165899,chr12,80089536,80390880,1770,0.4983228684115517,0.587071051136129,0.5425771410650327,0.5355770448365909,0.5720600495853089,0.3960656225063082,0.4013334710570635,0.48841411496402054,0.4831462664132653
PTPRQ,ENSG00000139304,chr12,80392177,80690273,1817,0.43652529358202463,0.47197618666356955,0.4411116141091579,0.46381404410264343,0.44966802712568726,0.31522061756744163,0.3323272724571735,0.3233932777094874,0.3062866228197555
MYF6,ENSG00000111046,chr12,80697633,80719474,128,0.3766039830386807,0.2627374980269976,0.2216062159546861,0.3655863676424529,0.19204529811601195,0.2634309205232376,0.2733080550528278,0.04138035333116119,0.03150321880157095
MYF5,ENSG00000111049,chr12,80706911,80729671,147,0.3622212423026569,0.3219260958693135,0.2822200415815539,0.31725833573531803,0.26117796722217523,0.25333530144208694,0.23371975644240006,0.13516369239745996,0.1547792373971469
LIN7A,ENSG00000111052,chr12,80782519,80947934,989,0.3801411534107618,0.40764495837323117,0.3170954669265426,0.5390448823057934,0.4375420763028667,0.3102561899905299,0.3613323703382849,0.21339290139760234,0.16231672104984735
ACSS3,ENSG00000111058,chr12,80926413,81271210,1992,0.3754230939620382,0.4729752551470905,0.40101718660773367,0.44751316491485976,0.4772792531606252,0.2993331063687573,0.2925627743814934,0.34117467099423654,0.34794500298150044
PPFIA2,ENSG00000139220,chr12,81247974,81769553,2515,0.40163879992643986,0.4687123632301038,0.4349026355247006,0.4105529941292818,0.45706026718181264,0.2876275866322456,0.2751326104314063,0.34482412893619135,0.35731910513703063
CCDC59,ENSG00000133773,chr12,82213680,82368805,959,0.6813157280701037,0.6390100812546516,0.6257731782862491,0.6555740236258352,0.5589646614833959,0.5897832331032065,0.633075528579057,0.4291220138491475,0.38582971837329694
METTL25,ENSG00000127720,chr12,82348527,82489239,757,0.7610851692907162,0.828671733194727,0.9022085736650526,0.6915593286391937,0.8634332383475902,0.4354518250812416,0.4747289768115013,1.3287220487265252,1.2894448969962657
TMTC2,ENSG00000179104,chr12,82676879,83144870,2995,0.5214995738465875,0.6028230237276051,0.6863113143459559,0.48573009689441066,0.6644566441063631,0.2505586296041574,0.24818812918708844,0.6728146839615363,0.6751851843786054
SLC6A15,ENSG00000072041,chr12,84849490,84923629,536,0.31306978612203745,0.28440835784040536,0.20819229560327399,0.25048417360437364,0.10934920098488872,0.23836573282928336,0.2535853019984667,0.09627987407280791,0.08106030490362459
TSPAN19,ENSG00000231738,chr12,85004310,85046277,204,0.3089583692090694,0.34058825113508445,0.10955058532152871,0.2936581017890704,0.15077739053477887,0.3349666787333909,0.30031454477131314,0.08144045226163243,0.11609258622371024
LRRIQ1,ENSG00000133640,chr12,85026313,85274457,1093,0.31673790876685726,0.2479289733650119,0.1614136453450213,0.32389966985652385,0.15918240956774948,0.2448817754546699,0.251478883593805,0.040042733725293045,0.03344562558615796
ALX1,ENSG00000180318,chr12,85270219,85311784,244,0.4837610625314728,0.5468278704049256,0.45593748940174705,0.4990352088046678,0.5189977926554452,0.4219888413350615,0.37540964312504094,0.3694944073059623,0.4160736055159829
RASSF9,ENSG00000198774,chr12,85790702,85846409,378,0.2905777940706225,0.6809183499933864,0.6828088574877885,0.24853989629695378,0.597620698584167,0.16868098697113953,0.2588426567725515,0.9736272658437507,0.8834655960423388
NTS,ENSG00000133636,chr12,85864294,85892992,169,0.27530554560386755,0.6117388040546101,0.6686382664467415,0.19121517335858124,0.6717839932551071,0.08176874293708758,0.022108011002069272,0.8643082374831828,0.9239689694182012
MGAT4C,ENSG00000182050,chr12,85945665,86848904,4996,0.5818062054789463,0.6545437580426535,0.6331709772550818,0.5306499052351401,0.5733786555247181,0.46592010411426854,0.48371858658834616,0.5969691910346597,0.579170708560582
C12orf50,ENSG00000165805,chr12,87970034,88044037,322,0.3632458032228629,0.692579718915683,0.7723009394161829,0.41237914007146187,0.7867541163446391,0.07559030823354607,0.08295170662199502,1.103949165619008,1.096587767230559
C12orf29,ENSG00000133641,chr12,88023845,88060160,141,0.5614959794402374,0.7911145866847794,0.8152717508690948,0.6597600437646599,0.8480415618100695,0.35074313994468154,0.3799626835982348,1.215226299072682,1.1860067554191285
CEP290,ENSG00000198707,chr12,88039015,88152099,431,0.5922822680671337,0.8249415677475693,0.7932622646041511,0.6953825904067444,0.8263063111878919,0.5317556859655796,0.5904361032665746,1.2108797762394523,1.1521993589384576
TMTC3,ENSG00000139324,chr12,88132295,88209887,328,0.5716112201328164,0.8379781610572125,0.7959008515361102,0.6551237033443781,0.8755539831809034,0.5392994473790106,0.40035518712929963,1.2807246971677513,1.4196689574174621
KITLG,ENSG00000049130,chr12,88482792,88590851,484,0.5109831468985844,0.8330408656468543,0.7364895529113472,0.615446201929214,0.7698199454423577,0.5858511311361372,0.6383921767135927,1.2041550698464512,1.1516140242689954
DUSP6,ENSG00000139318,chr12,89337234,89362501,129,0.20725831326710661,0.47077543640030595,0.5394601005496426,0.14322223356563446,0.545161023484426,0.0466222501481946,0.0015536603153452067,0.5897201811932292,0.6347887710260786
POC1B,ENSG00000139323,chr12,89409717,89536047,616,0.463251912923172,0.6280847100702707,0.5124120256159322,0.4429387205055816,0.517000842800115,0.44651551373089865,0.4232144118422474,0.5425736521518074,0.5658747540404587
POC1B-GALNT4,ENSG00000259075,chr12,89509407,89536262,143,0.4511760947246659,0.5862182829423118,0.470349483076347,0.39423942668535006,0.5042986614056149,0.4234282250318378,0.34095274433187267,0.45898847265582554,0.5414639533557906
GALNT4,ENSG00000257594,chr12,89509411,89534796,136,0.4583888686891243,0.5977488639040583,0.46673593107154127,0.4288045908590335,0.4503055792261103,0.44757356754932254,0.4361549101086904,0.4631051012114412,0.4745237586520732
ATP2B1,ENSG00000070961,chr12,89578048,89719300,560,0.654950886379715,0.823867575354061,0.7926540209233361,0.6913177232895091,0.7991344262183401,0.6136105917133949,0.6534212670366462,1.1229085623901482,1.0830978870668968
CCER1,ENSG00000197651,chr12,90895621,90965176,408,0.65068145442734,0.5433222703177198,0.5049436975367279,0.5880148942186754,0.4892639218903195,0.5662322890247666,0.4993215507235012,0.21754503451510876,0.28445577281637413
EPYC,ENSG00000083782,chr12,90953681,91015026,408,0.5668690327968058,0.6407373705919013,0.5589584823585343,0.5945198830892241,0.5918712346675274,0.5209002340489054,0.5151062433944658,0.5028013656634197,0.5085953563178593
KERA,ENSG00000139330,chr12,91040490,91068024,192,0.4800396098362126,0.5228608298348283,0.547190143628625,0.43979701877016014,0.5302374317628505,0.3008333638198783,0.28193763892829543,0.43911370547542283,0.4580094303670057
LUM,ENSG00000139329,chr12,91092628,91121494,194,0.6465602206077412,0.6890320271840044,0.6144159038401055,0.6888371056145993,0.6592406528508763,0.6275557776967917,0.6294626517476798,0.5405095757080985,0.5386027016572105
DCN,ENSG00000011465,chr12,91130483,91193217,329,0.23433351551009282,0.30751413370344666,0.40302899447575863,0.2370056621083111,0.3703435894878572,0.0592946599861785,0.08769556543701756,0.3081727908228127,0.2797718853719736
BTG1,ENSG00000133639,chr12,92130277,92155846,126,0.43124757613023,0.5148675890673848,0.4761956145781779,0.4638217670455903,0.4794093696713567,0.32050324271405567,0.3469153888372078,0.40283017035945967,0.3764180242363077
PLEKHG7,ENSG00000187510,chr12,92692842,92782455,548,0.5066265996434002,0.6849252786558145,0.6339517151554052,0.3189606647764106,0.5880986428052737,0.42822220822183543,0.32605464430624914,0.7267232494481968,0.8288908133637827
EEA1,ENSG00000102189,chr12,92760636,92939331,906,0.5408212094722752,0.6951599665993266,0.6620584820501814,0.49110038982546145,0.6004873545156506,0.4407006606242049,0.4729813855102679,0.7472674599921385,0.7149867351060754
NUDT4,ENSG00000173598,chr12,93367882,93418146,240,0.23321109073947066,0.2106602799184402,0.17227952078240516,0.23091214995620488,0.13812590353528714,0.15651122243180257,0.1752312391300941,0.08004725792773867,0.06132724122944716
UBE2N,ENSG00000177889,chr12,93395672,93451947,253,0.2585042519839125,0.20971852617079884,0.19103154070445272,0.23461203196836333,0.1695179706581247,0.16122830137844557,0.158494769213897,0.07413779961463571,0.07687133177918429
MRPL42,ENSG00000198015,chr12,93457513,93526214,418,0.34216309627412456,0.3913029732258296,0.31053113508899993,0.3939012908038476,0.4040097476549209,0.2716995671479642,0.23980804029171687,0.22473506089662523,0.2566265877528726
SOCS2,ENSG00000120833,chr12,93559813,93593487,179,0.2864509812783828,0.3331490100090782,0.1847820918716441,0.2582606020664928,0.2692693426376931,0.2691964872187225,0.19511781482744214,0.1359921741179892,0.21007084650926958
CRADD,ENSG00000169372,chr12,93667374,93904840,1460,0.33931385467185465,0.4797899819728504,0.43306636636410184,0.36203100645870445,0.40557821093433394,0.25024300380474884,0.2914110676998956,0.4032796643183788,0.36211160042323215
PLXNC1,ENSG00000136040,chr12,94138576,94317675,1131,0.4362640101077874,0.5484276214368198,0.5287590748955137,0.4285517559476069,0.5172282579847995,0.3079015273530652,0.3131948263310305,0.48711808472461476,0.48182478574664944
CEP83,ENSG00000173588,chr12,94296448,94469988,650,0.34006172126451323,0.4946867049934946,0.47292762334084654,0.3036676529071012,0.4198368870698968,0.2288841092804048,0.2500294462771713,0.45369254663481096,0.4325472096380445
TMCC3,ENSG00000057704,chr12,94557121,94660557,707,0.3848779433992824,0.4308295443063555,0.34847755110317985,0.40226805500542295,0.3754463826313693,0.31053322908287107,0.3037350502480961,0.2530420899961655,0.2598402688309406
NDUFA12,ENSG00000184752,chr12,94885296,95013748,860,0.3918294951921513,0.6190315924230297,0.5208248654886949,0.4168009244915328,0.5428122154977314,0.3633248523595489,0.3608022225264567,0.6017139746794042,0.6042366045124965
NR2C1,ENSG00000120798,chr12,95010228,95083628,383,0.2555116178179083,0.3815394450837489,0.3335761851420723,0.27011314457469804,0.32918324989870124,0.18487522211714932,0.1980641674964341,0.2956466424643211,0.2824576970850363
FGD6,ENSG00000180263,chr12,95066748,95227482,812,0.4639355086550688,0.625952149939817,0.560491774714303,0.45766322693338807,0.5420342890626226,0.3923867534780277,0.40713935088752523,0.5909847949359844,0.576232197526487
VEZT,ENSG00000028203,chr12,95207745,95312799,511,0.34665800240920225,0.6896227904168096,0.6268325271263474,0.3187630407851912,0.6247599331341882,0.30494674941599215,0.2868113560992426,0.8650201666872293,0.8831555600039787
METAP2,ENSG00000111142,chr12,95463519,95525839,317,0.2827784708361803,0.37093812441962226,0.3241181843231312,0.21806227552404484,0.33559110364672967,0.2020795640056168,0.1503241611596531,0.26144609176227196,0.3132014946082357
USP44,ENSG00000136014,chr12,95506559,95561476,318,0.28142126600646755,0.41648773480547124,0.37662232594083034,0.2724004619305031,0.39605149834328146,0.19828354018052974,0.17621396390071598,0.34040626725387724,0.362475843533691
NTN4,ENSG00000074527,chr12,95647806,95801189,0,,,,,,,,,
SNRPF,ENSG00000139343,chr12,95848927,95913828,441,0.40214549908485936,0.44723275528817946,0.37322763749201826,0.3936931013301006,0.3124792564345845,0.32002713168531327,0.3592619859601869,0.27279113001458116,0.2335562757397076
CCDC38,ENSG00000165972,chr12,95857047,95952635,589,0.3895190418695816,0.5035347711325241,0.4423203701778057,0.3902910160119187,0.42639311396224533,0.30488969269360605,0.3196021783505627,0.39535213774818884,0.38063965209123224
AMDHD1,ENSG00000139344,chr12,95933330,95978720,296,0.33917245326866746,0.4894901129371465,0.3074655343150446,0.33197257625063287,0.32349730466246474,0.3596051863200358,0.3424762398927822,0.31274008783483187,0.32986903426208547
HAL,ENSG00000084110,chr12,95962661,96006365,349,0.37150922427970795,0.5261289146050467,0.4326866649738581,0.37061919037187113,0.410619508220797,0.3222051924690553,0.34057772155718474,0.4246147735496312,0.4062422444615017
LTA4H,ENSG00000111144,chr12,95990752,96053520,368,0.2628054167352833,0.6241049797987225,0.5321933276830673,0.25471509284931776,0.5477640145780184,0.2618243076729233,0.23944147021043538,0.7166210684956873,0.7390039059581753
ELK3,ENSG00000111145,chr12,96184374,96279824,523,0.5674876799610187,0.6215484368320708,0.5426588451945387,0.5325969449839124,0.529049411251716,0.5137429974990451,0.4896142039548136,0.45792418728875356,0.48205298083298503
CDK17,ENSG00000059758,chr12,96268260,96410480,633,0.4279339081513637,0.5001322791841826,0.4518857904110715,0.42063837685428623,0.44992416661348594,0.32532046046355506,0.32077053695238833,0.368091313466494,0.3726412369776608
CFAP54,ENSG00000188596,chr12,96479570,96885555,2363,0.4335903600897084,0.6072630015400161,0.49932767078309387,0.42526529350952885,0.5244561551188864,0.4056246990069833,0.37258281881298033,0.5289904072448248,0.5620322874388275
NEDD1,ENSG00000139350,chr12,96897223,96963780,286,0.3964784400354113,0.6826532646728725,0.6337339956991571,0.3455933900154214,0.6478971774147951,0.3241691964623009,0.2639773285333501,0.8235911041146547,0.8837829720436057
TMPO,ENSG00000120802,chr12,98505578,98560351,265,0.29789990161917246,0.42558516783554673,0.3135121766913057,0.29288346489892486,0.3101941470691471,0.2659579715606317,0.26480907113879015,0.28844546800754933,0.2895943684293909
SLC25A3,ENSG00000075415,chr12,98583590,98616379,130,0.43910096745721555,0.520570335262502,0.45095751013500024,0.45227027315977975,0.4547652046395556,0.3568965009307176,0.36529631649294997,0.3782615790804941,0.3698617635182618
IKBIP,ENSG00000166130,chr12,98603404,98655113,231,0.44716506871630857,0.5321914710179279,0.4760050249876495,0.40039378233316875,0.46322115278772025,0.35305941365064025,0.3245046182795232,0.40663677923545327,0.4351915746065702
APAF1,ENSG00000120868,chr12,98635289,98745433,474,0.385377006097691,0.45949365193085706,0.4089576163150359,0.4458019786942108,0.42557344766825955,0.2880637827058168,0.32554953898586253,0.32718511445725174,0.28969935817720605
ANKS1B,ENSG00000185046,chr12,98716456,99994654,7125,0.36255732215574066,0.46544206287052936,0.4293413038644332,0.3610348723652265,0.4136148392983985,0.2578210521943946,0.270221062165907,0.3684941071932696,0.3560940972217571
FAM71C,ENSG00000180219,chr12,99637752,99660114,144,0.24967775972822834,0.3822864081825474,0.34504152221009343,0.3139342933651472,0.3076344682681697,0.17289972279804175,0.24543550420252572,0.3088306498106891,0.2362948684062051
UHRF1BP1L,ENSG00000111647,chr12,100018454,100152874,715,0.21185098650494544,0.4252715710314009,0.4337806142508668,0.2236412911341279,0.4451112806246074,0.11157604111578001,0.10900528407040627,0.44228160608249,0.4448523631278638
ACTR6,ENSG00000075089,chr12,100189121,100251865,328,0.1945422831217474,0.42968694258609624,0.4070213624476493,0.19420478935898833,0.4157267152836683,0.12765875557354694,0.12005452145502149,0.4339110898148736,0.441515323933399
DEPDC4,ENSG00000166153,chr12,100193668,100277079,425,0.21970017681119497,0.4420938698554028,0.4131558594448137,0.22247532107456164,0.4243540219414229,0.1493227938486334,0.14147101083971853,0.4342417624510141,0.44209354545992896
SCYL2,ENSG00000136021,chr12,100257139,100351715,405,0.21927482784642038,0.48654201188518864,0.4935612982052885,0.19689593167675865,0.46235408474659223,0.1168835826623219,0.13265147808782823,0.5497034850697587,0.5339355896442525
SLC17A8,ENSG00000179520,chr12,100347073,100432055,444,0.5002233868639145,0.4346065566100817,0.4293336458605007,0.4614247737668216,0.3692558258359511,0.3514384628595444,0.36410329929597973,0.2187949673401075,0.2061301309036721
NR1H4,ENSG00000012504,chr12,100463707,100574414,545,0.20014197916850976,0.1756765212114237,0.13764806327603638,0.2703383080310639,0.15740970218745565,0.13421074170444253,0.1685460492975807,0.058981513058833174,0.024646205465694904
GAS2L3,ENSG00000139354,chr12,100563682,100638288,381,0.4194336872595359,0.32390485406631797,0.23274729237918576,0.3816270744770617,0.23391052407479376,0.33511682923053643,0.30281436091128444,0.056304635190159935,0.08860710350941181
ANO4,ENSG00000151572,chr12,100707525,101138641,2544,0.42868396945753146,0.3796002470352119,0.35227050141078664,0.38565047456012613,0.31112535333892344,0.30146094475916163,0.2959432696470169,0.17593030110766622,0.18144797621981104
SLC5A8,ENSG00000256870,chr12,101145492,101220238,383,0.3177056365006024,0.35374622601919475,0.23112185151951214,0.3124622050120664,0.23620101107607064,0.27801716652108655,0.27087543092470817,0.158545846839904,0.16568758243628237
UTP20,ENSG00000120800,chr12,101270104,101396618,659,0.4330268001643816,0.5712300853300291,0.48524215546265204,0.3920355135874085,0.4995045098504629,0.3751096913324889,0.3261584758203348,0.4717251420383383,0.5206763575504926
ARL1,ENSG00000120805,chr12,101383115,101417772,127,0.3267957966691895,0.43339873332713424,0.37839801921876837,0.31831883989602844,0.2961057594555504,0.24417536777472076,0.30008276652236154,0.32392408824543395,0.2680166894977931
SPIC,ENSG00000166211,chr12,101465335,101496997,151,0.39896623400349646,0.4324535402930501,0.2817385380217322,0.4589307799680048,0.2909243819518056,0.37230760280332975,0.41842381102168347,0.19412506284917425,0.14800885463082042
MYBPC1,ENSG00000196091,chr12,101558352,101696028,1047,0.3065211272198312,0.3732902338582712,0.3040479896935908,0.3442193598194477,0.3193001391278265,0.23541583550938378,0.252283435721516,0.23185590292373423,0.21498830271160196
CHPT1,ENSG00000111666,chr12,101686946,101754140,405,0.3776492707591771,0.4558763383780558,0.3977445352529495,0.41444660211462564,0.40704989687156345,0.2878783234699692,0.310565805884879,0.32070041533132454,0.2980129329164147
SYCP3,ENSG00000139351,chr12,101718647,101749472,141,0.4001512637728588,0.5425149364132416,0.4319401892197713,0.3877966241193693,0.439343799040639,0.36378011970011837,0.34702719350402134,0.4182309229971926,0.4349838491932897
GNPTAB,ENSG00000111670,chr12,101735498,101840959,600,0.39173249645291336,0.5406073917714961,0.4572083760900708,0.3140609954269676,0.46386053644604625,0.33198040867202333,0.265727845090003,0.4458696702400607,0.5121222338220811
DRAM1,ENSG00000136048,chr12,101867579,102022130,1019,0.38309688501928363,0.4947955096920065,0.4294470012718434,0.38876457660089814,0.4527193482546738,0.30234303923803224,0.2861357761972291,0.3804489611283422,0.3966562241691454
WASHC3,ENSG00000120860,chr12,102002839,102072149,300,0.16793742430767883,0.423662427501922,0.35122227215613433,0.23440199316951124,0.3394477954518584,0.1511221257045678,0.20174032431236844,0.39993960088502417,0.3493214022772235
NUP37,ENSG00000075188,chr12,102063102,102130120,315,0.1138205230422088,0.4906496603896715,0.41234835889449,0.23330525983408254,0.4278737844635758,0.13191701720328602,0.19094505128919553,0.5427021919906105,0.48367415790470103
PARPBP,ENSG00000185480,chr12,102110182,102207520,469,0.21182735398622787,0.48026327025153837,0.4363838479695684,0.2563711301578381,0.4390318958640242,0.1595445815320209,0.18627742678747472,0.4948883030274325,0.46815545777197864
PMCH,ENSG00000183395,chr12,102186458,102207833,112,0.06505208063727606,0.4949531372558416,0.42733063630086476,0.2007538062923627,0.4133434390908285,0.09646087672285908,0.18693730219663113,0.586643179776156,0.496166754302384
IGF1,ENSG00000017427,chr12,102385873,102491744,381,0.4561244320391811,0.44728548834648046,0.4024690659079973,0.5333960159956173,0.434318157640117,0.3434996171171648,0.392732285408857,0.24941404743861123,0.20018137914691903
PAH,ENSG00000171759,chr12,102826888,102968410,981,0.3604650509982122,0.46779504222757456,0.41052482089270753,0.339981952925876,0.37425343334826094,0.2746089744627238,0.2887024348441795,0.35611763040022626,0.3420241700187706
ASCL1,ENSG00000139352,chr12,102947673,102970513,121,0.5224467299626375,0.6820519192091755,0.6518137121095896,0.5167005533805904,0.6665282798263431,0.4149645550380118,0.3873944041593308,0.7309026224469939,0.7584727733256748
C12orf42,ENSG00000179088,chr12,103227590,103505978,1565,0.3953639331774778,0.32289675166010506,0.26673727240311956,0.48558005005269467,0.35382965069163713,0.2914044199879088,0.30897736079741434,0.09852708908407437,0.08095414827456887
STAB2,ENSG00000136011,chr12,103577272,103776719,1362,0.4205873730352375,0.532047436733461,0.4587223427511066,0.3803780934283904,0.47597399762986087,0.3456529236632371,0.29591009538450497,0.4137354250801634,0.4634782533588955
NT5DC3,ENSG00000111696,chr12,103760452,103851234,592,0.3574767426883187,0.504773478869729,0.44172125296822173,0.2239598186365441,0.4224596517661847,0.28109768634024024,0.2036570053602605,0.42164231630360216,0.49908299728358185
HSP90B1,ENSG00000166598,chr12,103920106,103963931,252,0.40710102577304963,0.5039856560445717,0.4475139838950301,0.4245886637011243,0.4556802465539183,0.315277267823723,0.32280106856990254,0.385873165586664,0.3783493648404845
C12orf73,ENSG00000204954,chr12,103930762,103975708,257,0.41832895427738626,0.447054891024148,0.4417463145462876,0.39346331000370105,0.4299808705998976,0.27570248046067775,0.2652006211273996,0.31679406236726554,0.3272959217005437
TDG,ENSG00000139372,chr12,103955821,103998874,217,0.48344974155647363,0.6101765590669279,0.5699775736478803,0.45382825366205126,0.5216555856165411,0.37936306496729416,0.4047294415606369,0.5626982929540024,0.5373319163606596
GLT8D2,ENSG00000120820,chr12,103978986,104074183,370,0.41214901203421095,0.4721091830047996,0.4530082029536895,0.4169715479712961,0.4376923477547422,0.28341305737424594,0.3013394693677361,0.35545274527874,0.3375263332852497
HCFC2,ENSG00000111727,chr12,104054530,104116524,244,0.3241497343694221,0.4149534141636509,0.4263058395510678,0.29198539490436215,0.38000586736257674,0.1860943414265948,0.20165454668591343,0.349969459586008,0.33440925432668933
NFYB,ENSG00000120837,chr12,104107085,104148241,55,0.3021583840499788,0.5392111049059414,0.3665211035100915,0.26981835501166146,0.4728825391475995,0.3390248949762066,0.22447267335608517,0.4357903741028799,0.5503425957230013
TXNRD1,ENSG00000198431,chr12,104205778,104360307,853,0.4606189818328801,0.454084093019651,0.39612362920727634,0.4985440309200774,0.40117022904095373,0.3591188025206584,0.3913759477629539,0.24617152909784296,0.2139143838555475
EID3,ENSG00000255150,chr12,104293738,104315205,128,0.44402102724019465,0.46532114268803165,0.4165850526867432,0.5151559422258011,0.4290467943850909,0.3371285912048432,0.39478446240601844,0.2889603878200767,0.2313045166189014
CHST11,ENSG00000171310,chr12,104445294,104772014,2250,0.3775557039042468,0.4302405687317577,0.40246627518033484,0.34602325316605853,0.3913832870894875,0.2608488214613624,0.2453289802243661,0.3016922361871115,0.31721207742410773
SLC41A2,ENSG00000136052,chr12,104791800,104968744,1041,0.33852209202950473,0.3217033932212133,0.24740487351669127,0.38123876006209156,0.29349066271826024,0.2586107150088015,0.2603937762974289,0.12955989857135417,0.12777683728272685
C12orf45,ENSG00000151131,chr12,104976315,105084197,781,0.4057753555651639,0.4101209834669544,0.38513782815830316,0.308570296232486,0.3638898634734193,0.28098925727255697,0.22222402524290577,0.24684856256047094,0.30561379459012217
ALDH1L2,ENSG00000136010,chr12,105009783,105117643,750,0.49518715773989297,0.4635540219196425,0.4530434878070263,0.39771260468321384,0.40284557283430666,0.3514854804448986,0.30711521743946085,0.27130393476964665,0.3156741977750843
WASHC4,ENSG00000136051,chr12,105097323,105179130,487,0.6551953591198475,0.5821807177544924,0.5605161704873051,0.5654179760881708,0.49611372102633566,0.5576646021355031,0.5103360900655398,0.31504167693296325,0.36237018900292667
APPL2,ENSG00000136044,chr12,105163296,105246203,561,0.5798614199549279,0.5219552666242882,0.5226263302020809,0.49350049445441324,0.4390951967192869,0.4328829580534587,0.4200394094664772,0.305168008347959,0.31801155693494065
C12orf75,ENSG00000235162,chr12,105225289,105406097,1267,0.27461619103811974,0.39510631552744324,0.36512025610965243,0.2472394854680438,0.3107855181230018,0.1847186296738915,0.20725397306857624,0.31798393486393783,0.29544859146925306
NUAK1,ENSG00000074590,chr12,106053344,106148954,629,0.37111396113930045,0.5095082040982077,0.4277778548209609,0.37718804953372265,0.44625072202768273,0.30896197289300725,0.29740705775664567,0.4033847532138228,0.4149396683501845
CKAP4,ENSG00000136026,chr12,106227880,106314279,585,0.38241594921932814,0.5266468985376976,0.41710289877451723,0.3762640151814129,0.5070699679056878,0.34505457621373437,0.25627685896540453,0.4028590780605315,0.49163679530886134
TCP11L2,ENSG00000166046,chr12,106291928,106357003,353,0.4414435270201254,0.4764866187905468,0.452570108462426,0.39496990917419367,0.3486784292715217,0.31353568030223455,0.36045898937676435,0.3336570076464126,0.2867336985718828
POLR3B,ENSG00000013503,chr12,106347747,106520198,873,0.38913395020932645,0.44173991706475435,0.30328279024301164,0.3726823060718534,0.3216230712482587,0.3572161131325683,0.33059015056208974,0.22571421360813831,0.2523401761786169
RFX4,ENSG00000111783,chr12,106573003,106772803,981,0.3403056449295133,0.5033089628892478,0.48260629925681797,0.32988654863668787,0.4250746050706828,0.22840728368765456,0.2732901789467063,0.4713798182186567,0.4264969229596049
RIC8B,ENSG00000111785,chr12,106764620,106899316,583,0.28697458977832024,0.31499833680664535,0.28949886892370563,0.2946151841180894,0.3078011103237317,0.18739374697226382,0.17973192391283177,0.1909402657310998,0.19860208879053184
TMEM263,ENSG00000151135,chr12,106945718,106988778,214,0.4092208756989026,0.34119760606237615,0.25990404005724926,0.3958207703311299,0.3074482782273126,0.3213346424428685,0.276921839436903,0.09599700445728548,0.140409807463251
MTERF2,ENSG00000120832,chr12,106967276,106997160,151,0.36471068101648824,0.38929402524339235,0.37453500099232945,0.36546652704472354,0.41950014671846186,0.23877725564411315,0.20206958156009297,0.25436239970074587,0.29107007378476596
CRY1,ENSG00000008405,chr12,106981363,107103549,658,0.4212992289363664,0.4328003208227682,0.37531587453130993,0.3987737471270497,0.33349915087392346,0.3217522255667588,0.3350569793183265,0.24529164382309332,0.23198689007152568
BTBD11,ENSG00000151136,chr12,107308420,107669642,2288,0.29751314131583967,0.402405172773404,0.331441546085024,0.28633287080982284,0.3312078415399069,0.23266971985538693,0.22494949500445743,0.2821725812582624,0.2898928061091919
PWP1,ENSG00000136045,chr12,107675798,107723162,129,0.28194338101480126,0.3073772259006752,0.2723294869229702,0.35594720459110424,0.3445214464600422,0.19028484843551458,0.19242732364037277,0.1769849170811833,0.1748424418763251
PRDM4,ENSG00000110851,chr12,107722870,107771272,226,0.3104630790882023,0.28935675019633045,0.2566567596933011,0.3618759628408963,0.32967677774398063,0.20836119687958476,0.19540603537079793,0.1332235365854966,0.14617869809428344
ASCL4,ENSG00000187855,chr12,107764703,107786644,126,0.2980801232587875,0.32592384769539084,0.25322453022418745,0.3060737964628437,0.2415218599342174,0.2281787455181706,0.2416802736827823,0.1662334433189062,0.1527319151542945
WSCD2,ENSG00000075035,chr12,108119287,108260537,943,0.4303195587675888,0.6071745241661181,0.5483454192913741,0.4906738441776162,0.5859304205250283,0.3511159795513477,0.36366764233757876,0.5832738680427023,0.5707222052564714
CMKLR1,ENSG00000174600,chr12,108278043,108349317,106,0.3365592780032565,0.4489143281071531,0.38337829421079733,0.32228286036051784,0.3801725927652308,0.26134060317359065,0.2532880293385884,0.3345243943630426,0.34257696819804484
FICD,ENSG00000198855,chr12,108505276,108535837,192,0.5884201490165948,0.5459524551747413,0.5433411805410506,0.627512251327903,0.5091329316853537,0.446743429312343,0.5327612844200574,0.34280993282694033,0.2567920777192259
SART3,ENSG00000075856,chr12,108512213,108571400,370,0.593111396396055,0.5410157807661308,0.5238476473579007,0.6351131998631157,0.45186534350170715,0.4679689375510942,0.5928366308488863,0.31077051271562683,0.18590281941783482
ISCU,ENSG00000136003,chr12,108552581,108579368,162,0.5790646264106778,0.4816597968920065,0.47704240759317856,0.5189249386896446,0.45329199701854445,0.4370722750340265,0.3925075117452579,0.22005121450616033,0.26461597779492885
TMEM119,ENSG00000183160,chr12,108579850,108608320,163,0.38495518422156993,0.4058970192480202,0.3248406045374601,0.31534796448473434,0.36382752856288714,0.3069781372311216,0.22363079130531077,0.21372446914558602,0.2970718150713968
SELPLG,ENSG00000110876,chr12,108611894,108643894,214,0.36388264487213895,0.47998508785974936,0.45450916544094633,0.3212836102182809,0.3924174430485524,0.25010036344460645,0.27159125030898584,0.4037974271804507,0.3823065403160712
CORO1C,ENSG00000110880,chr12,108635108,108741526,482,0.4671204451163267,0.681149547631719,0.6637191082403577,0.32959281072927127,0.603076361527906,0.3413422313855845,0.30944586513890393,0.801690856086769,0.8335872223334496
SSH1,ENSG00000084112,chr12,108768190,108867590,482,0.36609063042499873,0.4705590345217345,0.39478021488833565,0.24468249941019324,0.3738690212547286,0.29480964522069497,0.22417750011500898,0.34112396600589245,0.4117561111115784
DAO,ENSG00000110887,chr12,108848931,108911043,361,0.3392334025301082,0.5338437868198672,0.4493279915123061,0.2735280282956513,0.41632831500632017,0.2904865866586096,0.27218660937978717,0.4727478929554332,0.49104787023425567
SVOP,ENSG00000166111,chr12,108897740,109031068,364,0.44693540530375636,0.4692876706034285,0.36462995040262586,0.3977047372190274,0.4248377914514354,0.38613396952419077,0.29371973256198786,0.2474011875657714,0.3398154245279743
USP30,ENSG00000135093,chr12,109013088,109098023,373,0.46479299457448753,0.5360035128644941,0.5092589741752819,0.5021081782733703,0.48140493703430925,0.34057062293023677,0.4043094113829328,0.427307674682955,0.3635688862302589
ALKBH2,ENSG00000189046,chr12,109078187,109103631,124,0.48331697554941216,0.5318442247807761,0.4544786366523256,0.4477449761197229,0.5326922265506053,0.40663328591220005,0.2959661652139195,0.35232089950304174,0.46298802020132235
UNG,ENSG00000076248,chr12,109087596,109120992,181,0.4466114714707238,0.42101523339488417,0.44423320065741967,0.4424230214716844,0.27908406697903204,0.2753837770766611,0.4017005362230154,0.2710953345143145,0.14477857536796018
ACACB,ENSG00000076555,chr12,109106594,109278226,1013,0.43036786889073825,0.3666493341176698,0.3354600024412734,0.48512665190595194,0.3554643915951504,0.3054176677657616,0.34067008090550943,0.1513133679218011,0.11606095478205325
FOXN4,ENSG00000139445,chr12,109267977,109319284,244,0.25399031585677007,0.3919193184298077,0.28017052883788246,0.3090223235396007,0.33553155443011357,0.23086173133684593,0.2291637899048573,0.26658597453200966,0.26828391596399837
MYO1H,ENSG00000174527,chr12,109337902,109465523,866,0.2667762165073699,0.20824924939705663,0.10988832401385215,0.28554000591516077,0.14051167173437915,0.21370231282572755,0.20915944313320534,0.019806332707868718,0.0243492024003909
KCTD10,ENSG00000110906,chr12,109438654,109487359,256,0.2026373112518986,0.18007232232318998,0.12748335243004752,0.1767991651053057,0.09182220157576297,0.14430561602806158,0.1483895572589212,0.05423352454055473,0.05014958330969506
UBE3B,ENSG00000151148,chr12,109467401,109546705,349,0.22407941057860273,0.18726230887798723,0.16834970237809158,0.22156190441228707,0.12936463428654008,0.13835436000993878,0.1596403223007395,0.06899250463124168,0.04770654234044097
MMAB,ENSG00000139428,chr12,109543714,109583580,230,0.315155998830575,0.2698076615568937,0.21562238369251274,0.27332623996939975,0.17443945929736335,0.22507339163150336,0.22101613627028466,0.08937391059292629,0.093431165954145
MVK,ENSG00000110921,chr12,109563254,109608125,231,0.2132947251223993,0.1929102300720294,0.18433684117891708,0.258122033220934,0.17725253905643387,0.12523408281367834,0.15889245760225487,0.08908629501699895,0.05542792022842244
FAM222A,ENSG00000139438,chr12,109703824,109780495,407,0.33322959797095647,0.3228498294608006,0.315601269201136,0.4260242410649273,0.3669304794639716,0.2079785693816281,0.24392764630485972,0.1818836436506787,0.14593456672744703
TRPV4,ENSG00000111199,chr12,109773086,109843406,343,0.3809239317431534,0.3872116980897267,0.35258092960582516,0.2951606718517769,0.359792027645708,0.26725069709231025,0.19677947858887038,0.2224850532176617,0.2929562717211016
GLTP,ENSG00000139433,chr12,109840944,109890541,190,0.48010956299471885,0.27215390738339473,0.3502267159816975,0.39949615710922254,0.24658937625733784,0.2703355406485547,0.2722535098080864,0.04733012372832984,0.0454121545687981
TCHP,ENSG00000139437,chr12,109890263,109993841,419,0.28996983925030834,0.20127909209166223,0.21264810282603416,0.27659591384029364,0.19874919410127403,0.16405576642385095,0.16347487098186866,0.0606879295538299,0.06126882499581218
GIT2,ENSG00000139436,chr12,109919801,110006389,306,0.33242647243429135,0.2333716386841387,0.248261128209124,0.3272526304786878,0.262087981089553,0.19224630565262602,0.17910392642353037,0.0735068248296474,0.0866492040587431
ANKRD13A,ENSG00000076513,chr12,109989185,110049763,193,0.34084871143876827,0.26508346994583065,0.22475718429935684,0.32649408963347226,0.214425749968881,0.23511078027424046,0.23095827920317696,0.07288757049615252,0.07704007156721596
C12orf76,ENSG00000174456,chr12,110017027,110083634,154,0.22062031534050916,0.15946226419955375,0.14788397694665112,0.23646147955651745,0.1404230492880037,0.13146889896903335,0.14609510244997595,0.042244531324620985,0.027618327843678375
IFT81,ENSG00000122970,chr12,110114334,110228793,308,0.41003749703004516,0.48341998787919693,0.3708397033486322,0.3966671384232991,0.36645944794622404,0.3624260887817159,0.35469002351518036,0.2980990014974201,0.30583506676395555
ATP2A2,ENSG00000174437,chr12,110270755,110361093,332,0.22421099798322797,0.3341304928954782,0.4050308657683794,0.2607298878943682,0.3846377432591576,0.07064525664213156,0.1116046641024725,0.3360163062759367,0.2950568988155957
ANAPC7,ENSG00000196510,chr12,110362899,110413730,189,0.12614192950883504,0.37392791429966143,0.3843772188513291,0.16757131747636456,0.38994876091650293,0.059003098801836906,0.0787425811130858,0.4092866628338449,0.389547180522596
ARPC3,ENSG00000111229,chr12,110424822,110460422,110,0.2479089629801992,0.3217568884212167,0.30817606205078585,0.3135403231443536,0.285349789138731,0.15236180274545127,0.21424760243645202,0.23588768091761808,0.17400188122661728
GPN3,ENSG00000111231,chr12,110442485,110479268,93,0.33098264227202195,0.5247258136424431,0.6375089966630558,0.4190344877779925,0.649870463440669,0.06552652853938956,0.1187376008828015,0.6783368785068583,0.6251258061634464
FAM216A,ENSG00000204856,chr12,110458414,110500385,110,0.4141064851581326,0.6586633395432042,0.7189820242711127,0.41637241649401174,0.717644838966327,0.17008329737077932,0.17439432476700745,0.9048027172955015,0.900491689899273
VPS29,ENSG00000111237,chr12,110481082,110512111,83,0.41278642189787396,0.5606558516945733,0.6293295589965505,0.315949161590168,0.6094867060473095,0.18119850213027677,0.13095100410125549,0.6412737339803233,0.6915212320093446
RAD9B,ENSG00000151164,chr12,110491654,110543556,150,0.2967251259939818,0.5327169016366878,0.5804634131569949,0.2842219808459062,0.6125749908679308,0.12211145963954728,0.0734861070519805,0.6387085389971131,0.6873338915846798
PPTC7,ENSG00000196850,chr12,110523244,110593318,189,0.3302633195024738,0.3611234906546651,0.4117696914445357,0.33319838243576366,0.4243823897573038,0.15913901543399833,0.15049754589307002,0.2889050839575593,0.2975465534984876
TCTN1,ENSG00000204852,chr12,110604026,110673431,182,0.11435085183013786,0.1309542886492039,0.13680175149994198,0.13312318123846834,0.14610581046312174,0.057341530417386655,0.06263497499719964,0.08301802243793327,0.07772457785812024
HVCN1,ENSG00000122986,chr12,110617840,110714950,295,0.13277741427834042,0.21943163658713755,0.11585605481882849,0.16191095392479607,0.14055332670736004,0.1335285810691227,0.13644868878262095,0.11420437253909449,0.11128426482559622
PPP1CC,ENSG00000186298,chr12,110709679,110752939,253,0.2916095993688313,0.3477882345331652,0.3115079744257799,0.337611506577923,0.32916526385914135,0.1994471784352451,0.22002827800709565,0.22793879769349237,0.20735769812164184
CCDC63,ENSG00000173093,chr12,110836768,110917535,405,0.3461332138235957,0.5064500902134114,0.48811796946266284,0.3319726456559398,0.4403888412333956,0.23066092021993023,0.2645221758963293,0.4754703706830725,0.44160911500667344
MYL2,ENSG00000111245,chr12,110900818,110931443,180,0.2991763245943168,0.41017843182527053,0.35261369141561,0.2700449623301742,0.2999894428372205,0.22431104257698817,0.24302384561171364,0.30362417206809006,0.28491136903336456
CUX2,ENSG00000111249,chr12,111024164,111360554,1836,0.24046148258920172,0.12060672859199949,0.19255878019145517,0.14447290736548654,0.12475978988342483,0.09484114916557687,0.07565184326785906,0.033681924443219796,0.0528712303409376
PHETA1,ENSG00000198324,chr12,111350650,111379121,131,0.30525049428059,0.23807993277663997,0.142084204830983,0.32164285658357034,0.13838077261544188,0.24143411206329166,0.25552657975085197,0.030479515391455853,0.01638704770389554
SH2B3,ENSG00000111252,chr12,111395922,111461623,263,0.2245317662736647,0.3045204504056964,0.2457038240922027,0.21662439187470778,0.1928676303508067,0.16773587480003707,0.19651453437680128,0.1954177971411949,0.16663913756443066
ATXN2,ENSG00000204842,chr12,111433484,111609676,625,0.33892246233341156,0.4272618748544823,0.3961234316520865,0.3586837456445341,0.3848872537135067,0.23341268718617353,0.2578047787163942,0.32391400372745677,0.29952191219723606
BRAP,ENSG00000089234,chr12,111632145,111695956,259,0.3462361825840421,0.3437513119624556,0.3113378953548965,0.3708784028498993,0.3619891845243959,0.2366100250199795,0.21762307169793366,0.1846054392392071,0.20359239256125294
ACAD10,ENSG00000111271,chr12,111676052,111767107,411,0.2958340773692586,0.2352149667463989,0.2385003904770223,0.18345945444454037,0.22363814460530454,0.17321806627250083,0.10885131899487585,0.09494242065451408,0.15930916793213906
RP11-162P23.2,ENSG00000257767,chr12,111743889,111801418,226,0.3597912835788211,0.2826209281017475,0.28375967651635586,0.24803906748696905,0.2510647697872368,0.22218620091605512,0.1640595100340789,0.10996468554527966,0.1680913764272559
ALDH2,ENSG00000111275,chr12,111756886,111827532,256,0.2413457786106046,0.3198968619780594,0.28983849885079493,0.272272017870341,0.16976127679810166,0.1597285635140893,0.2586483845262779,0.22578225523748965,0.12686243422530102
MAPKAPK5,ENSG00000089022,chr12,111832227,111912222,258,0.20166458794038694,0.194242154352716,0.13269657078014166,0.16235886733273627,0.09348595663933217,0.1494160439197194,0.14749438853199998,0.06655597734038891,0.06847763272810836
TMEM116,ENSG00000198270,chr12,111921281,112023185,4,0.11744420044416323,0.024214876033057855,0.036122609049115746,0.03775741499879431,0.0,0.05632747981094302,0.031500784711038766,0.0,0.0
ERP29,ENSG00000089248,chr12,112003347,112033449,42,0.5397322055613706,0.5362687593686624,0.4179666416199486,0.6008771802555072,0.40743464327879914,0.5015846991624002,0.5818210512720201,0.26686541818508824,0.18662906607546859
NAA25,ENSG00000111300,chr12,112016688,112118796,318,0.29926271459364573,0.3083257712595103,0.25901527403441305,0.331573857417252,0.24098246698076775,0.2122435843313549,0.2478695855367628,0.15639661759507884,0.12077061638967099
TRAFD1,ENSG00000135148,chr12,112115537,112163604,123,0.15030097146087548,0.09442571044090875,0.03738238722704469,0.21869616423335436,0.025822573927530193,0.11198000675805433,0.15990765166404436,0.0,0.0
HECTD4,ENSG00000173064,chr12,112150187,112392439,699,0.2303417881802987,0.11137460733565002,0.11407493876321596,0.21390159887087168,0.13970354379543923,0.12938267166759468,0.10413729117392778,0.0,0.013942221680083355
RPL6,ENSG00000089009,chr12,112395188,112428838,82,0.40686092960078446,0.30706046597007863,0.17186593834309188,0.36508699043405723,0.10167357894630621,0.3502793480027888,0.35692901973386865,0.016533188078240224,0.00988351634716042
PTPN11,ENSG00000179295,chr12,112408350,112519918,332,0.316870266586292,0.3148952992825784,0.2575907985267257,0.2167388959294293,0.1989354938361994,0.23069969614605706,0.20032948692678998,0.14748390849122456,0.17785411771049164
RPH3A,ENSG00000089169,chr12,112560379,112908881,0,,,,,,,,,
OAS1,ENSG00000089127,chr12,112895855,112943219,322,0.6366510891292521,0.7253503244126581,0.4970208463173005,0.612495657548514,0.5287459031070721,0.8087220330289293,0.7439646388596626,0.4835368673509963,0.5482942615202631
OAS3,ENSG00000111331,chr12,112928050,112986460,355,0.5375857106193261,0.62753250030685,0.47563277582209135,0.540680345604407,0.4880280511132245,0.5566682614814306,0.5480644739207365,0.43093723263342654,0.4395410201941207
OAS2,ENSG00000111335,chr12,112968394,113021723,251,0.49867908768274033,0.45210783742983024,0.43787772419938614,0.4773075528845898,0.458413838629062,0.3580748771424836,0.3185928645271181,0.24360191788715413,0.28308393050251957
DTX1,ENSG00000135144,chr12,113046708,113108028,368,0.44587564463549195,0.3259470700905123,0.3409239575679656,0.484366243645188,0.30991194040461684,0.28394821444556495,0.34293455660714117,0.1104984256846856,0.05151208352310932
RASAL1,ENSG00000111344,chr12,113088818,113146239,361,0.5887460971232796,0.45105350116335324,0.41549851329576654,0.6241129472605758,0.4290143487792968,0.4756514131973303,0.5089148338830504,0.12410288105199935,0.09083946036627921
CFAP73,ENSG00000186710,chr12,113139723,113169276,171,0.14207846454566742,0.4307926189616329,0.47999650252887527,0.16557711606607914,0.5185353712468196,0.031416669066366476,0.006801442270298719,0.5320937763941858,0.5567090031902536
DDX54,ENSG00000123064,chr12,113147172,113195479,237,0.11145872255396949,0.4442253271380958,0.4812320922238972,0.12358791141427031,0.497852515808317,0.024633909753029093,0.01522490009030164,0.5627584217572951,0.5721674314200225
RITA1,ENSG00000139405,chr12,113175525,113202368,110,0.1659721848162254,0.3758883831396265,0.44636597576381415,0.23972716973866262,0.42401915048280053,0.030831581236060113,0.09691155508314026,0.4405944721988724,0.3745144983517923
IQCD,ENSG00000166578,chr12,113185440,113231094,178,0.1519822456124943,0.382142734595669,0.43951722774989926,0.1904609400751532,0.4389157568446696,0.03369737181135812,0.05745192338111482,0.44780043851786233,0.4240458869481056
TPCN1,ENSG00000186815,chr12,113211049,113308585,440,0.13892068354340434,0.4901340874497797,0.522968198719967,0.13431817615470287,0.5239155248400322,0.04150202045594187,0.03784268980656397,0.6321054839446395,0.6357648145940172
SLC8B1,ENSG00000089060,chr12,113288758,113369493,409,0.17196518349164977,0.5407579240243998,0.5658413235327459,0.17278897335185125,0.5708724895403644,0.06626634407155757,0.06093603874929543,0.7119114652361659,0.717241770558428
PLBD2,ENSG00000151176,chr12,113348565,113401629,241,0.22060180142160762,0.489112955868163,0.47885599181158206,0.29874749315310545,0.5018210714843283,0.13455554555059135,0.16484901846217243,0.5370512163283796,0.5067577434167985
SDS,ENSG00000135094,chr12,113382444,113436301,291,0.15398067272633054,0.1904831313959492,0.14539841879243817,0.23071179689158053,0.20125846721197038,0.11070541819914048,0.12444469853506718,0.10061224958217305,0.08687296924624638
SDSL,ENSG00000139410,chr12,113412379,113448276,209,0.26838938925746375,0.19961294952521147,0.23190312068501764,0.35253120279422673,0.2630407852432719,0.13566365273357447,0.17606090178326975,0.08699620248696849,0.046598953437273216
LHX5,ENSG00000089116,chr12,113452032,113482280,187,0.1343712046698961,0.1558907935466117,0.16279029921024138,0.1540100510522764,0.20279110635172337,0.06804590252451179,0.055041333374011944,0.10142749869957991,0.11443206785007974
RBM19,ENSG00000122965,chr12,113806737,113976325,1321,0.345100218756936,0.3371040534600722,0.32217661873854814,0.3457974406460679,0.3133067785217726,0.22277089034453293,0.22980393081492484,0.1883663541473335,0.18133331367694167
TBX5,ENSG00000089225,chr12,114343910,114418442,534,0.4603075191106059,0.42070168666212915,0.3658098068714713,0.46369287670816123,0.3812071228802573,0.35364355676922465,0.344500666041459,0.1922941556666684,0.2014370463944341
TBX3,ENSG00000135111,chr12,114660254,114694175,187,0.3573323183589614,0.41170746214540116,0.3774306748496477,0.3915110573791447,0.3885702770994572,0.24937908173376214,0.267676111742038,0.28115185971032464,0.26285482970204865
MED13L,ENSG00000123066,chr12,115947904,116287693,1200,0.3327913100108671,0.32856997348324013,0.28227120411056184,0.29472164639296033,0.2907063193018591,0.2356671868781292,0.20201128972440907,0.16267828631089837,0.1963341834646185
MAP1LC3B2,ENSG00000258102,chr12,116538104,116586606,327,0.3417988372088251,0.5620454445038018,0.5127337284978948,0.35040212668342824,0.44888035464884785,0.26247012891431265,0.3306192706678673,0.5631699996491464,0.4950208578955917
SPRING1,ENSG00000111412,chr12,116700170,116748070,250,0.4925498563829413,0.5676414559433426,0.4982163797918122,0.5303322188061085,0.5361487851184584,0.413635298144137,0.41301915942464884,0.42486477372869247,0.42548091244818065
RNFT2,ENSG00000135119,chr12,116728177,116863631,876,0.5350326431498458,0.5957779804905625,0.5952139728213234,0.6409197556484942,0.6683161009735712,0.3835911977331008,0.41321375867589316,0.5221998009957862,0.49257724005299397
HRK,ENSG00000135116,chr12,116846143,116891441,262,0.47575060963346133,0.5333791311000372,0.5584075246067237,0.5970644926418917,0.6160171468117192,0.29532907171052686,0.35702978779932415,0.4669091232237338,0.4052084071349366
FBXW8,ENSG00000174989,chr12,116900949,117041148,821,0.4647877104652781,0.5699297790476263,0.5918716759431738,0.5543372627623818,0.6039202430273197,0.28636247636398526,0.36292995256608684,0.5574443027228746,0.4808768265207731
TESC,ENSG00000088992,chr12,117028922,117109479,630,0.3852540690639608,0.3778185980556771,0.24853708623584708,0.39815050068614183,0.22818269453108406,0.3376681910528555,0.36163202196158606,0.13685539471235045,0.11289156380361998
FBXO21,ENSG00000135108,chr12,117131990,117200471,485,0.34333983277737173,0.6684211510800262,0.5119892693982824,0.32777691970458867,0.46028902529969945,0.40353020092096287,0.442166578375345,0.7003594417560501,0.661723064301668
NOS1,ENSG00000089250,chr12,117198141,117462170,1836,0.40636800760504316,0.5602825188722295,0.495310413123279,0.3693140026501161,0.4691309103275587,0.32965341076417215,0.32466509518504105,0.49196943587863806,0.4969577514577692
KSR2,ENSG00000171435,chr12,117443011,117978990,3827,0.4178505627599332,0.5811210820797705,0.5236247686915247,0.40612464750419414,0.4910314121657921,0.3348260222481864,0.3579451138156728,0.5353473572848758,0.5122282657173894
RFC5,ENSG00000111445,chr12,118003587,118043130,179,0.39682024492427925,0.6024320495304569,0.4848067850101071,0.41681105688828185,0.4913928018889312,0.38235808318516507,0.3927770995429896,0.5400313317344778,0.5296123153766534
WSB2,ENSG00000176871,chr12,118022686,118072430,267,0.1864204995069562,0.5714482415278651,0.5167036513960434,0.17053309735434663,0.5935848723618506,0.163265066830854,0.06696783448092913,0.6840786915079964,0.7803759238579214
VSIG10,ENSG00000176834,chr12,118053592,118146026,515,0.3468118861081078,0.5067172620269342,0.44157978414323396,0.3369397274679207,0.47560328141792724,0.27495967704722774,0.23602768193127005,0.4317130872670108,0.4706450823829685
PEBP1,ENSG00000089220,chr12,118126123,118155584,137,0.33111416800976784,0.43926998005367335,0.36578923276159825,0.4173344418276404,0.4123090201754032,0.26264184297610227,0.2935518186521031,0.31587389418776957,0.28496391851176867
TAOK3,ENSG00000135090,chr12,118139800,118382907,987,0.3335236008692966,0.2965534552073583,0.2853852035388,0.3380935048971398,0.29169604638739033,0.21075115622400448,0.2097562023290406,0.14101223374931643,0.14200718764428033
SUDS3,ENSG00000111707,chr12,118366554,118428033,348,0.2481436133767885,0.3176810336724439,0.28023038331007327,0.2450780654644923,0.20412113042969096,0.16932194571037337,0.21754534616579738,0.2129360921999805,0.16471269174455647
SRRM4,ENSG00000139767,chr12,118971540,119173051,1347,0.3012525104987292,0.37491291097594215,0.34537139861694555,0.3835806422628795,0.3812246171578858,0.20232145946156538,0.2368395624364428,0.26754283705293347,0.23302473407805604
HSPB8,ENSG00000152137,chr12,119161554,119234855,599,0.26643338482064993,0.3742888119170321,0.3280155332446605,0.2827079824287044,0.30116292189624544,0.19059159442019913,0.22140048856532127,0.2782747808113479,0.2474658866662257
CCDC60,ENSG00000183273,chr12,119324711,119551040,1277,0.4382261636790865,0.6682520600257053,0.60223666060293,0.34690041245379144,0.5574389972622523,0.3790688383665613,0.35711425211312703,0.7243109769951239,0.7462655632485582
TMEM233,ENSG00000224982,chr12,119583773,119653075,417,0.38620345699631076,0.3069770755413073,0.2090336434702177,0.5064850305414537,0.2783560367584879,0.31014206214765444,0.37333545010582425,0.056550138164737696,0.0
PRKAB1,ENSG00000111725,chr12,119657863,119691624,191,0.2604850917824669,0.4156148518809889,0.22328007078419548,0.28215753069677246,0.3126707179863326,0.2931402027227128,0.24687917603365012,0.2440548106021034,0.29031583729116606
CIT,ENSG00000122966,chr12,119675790,119887320,1179,0.43588952114503005,0.4678549045248468,0.409718357746341,0.4443819611057486,0.4289638032118277,0.3380943784562945,0.32910530638764096,0.2927447125143094,0.30173378458296285
BICDL1,ENSG00000135127,chr12,119979868,120104494,678,0.2559694428466189,0.3567973344274116,0.30547279611229244,0.2513988686955193,0.30585231807298846,0.18622232167474792,0.1828869231140348,0.25507309521523036,0.25840849377594355
RAB35,ENSG00000111737,chr12,120085098,120127502,247,0.4395715614497641,0.5692664836160651,0.49306293667956425,0.4213738428673154,0.45729592007208697,0.3709754859610623,0.38908663563963586,0.4712901855908987,0.45317903591232517
GCN1,ENSG00000089154,chr12,120117201,120204715,449,0.36215933812830003,0.6225657444076435,0.5152940678925071,0.36478506427003465,0.5421278184728505,0.3499063792286564,0.323492762637675,0.6244525036027981,0.6508661201937795
RPLP0,ENSG00000089157,chr12,120186698,120211235,107,0.356406938218386,0.7254366405079762,0.6846736929083815,0.4395117862147658,0.706093906093906,0.289557295148564,0.3235126602127433,1.0030159316967424,0.9690605666325629
PXN,ENSG00000089159,chr12,120200438,120275771,350,0.2880799614031533,0.6200372629855578,0.6164615963712775,0.32264467067535624,0.554934341234415,0.17457812371418763,0.2738539583643132,0.7931039678440721,0.6938281331939464
SIRT4,ENSG00000089163,chr12,120292315,120323249,171,0.5141462181452697,0.8683160581007145,0.83594238880405,0.5524865984716555,0.7994588366575793,0.4708302713614221,0.6123318256848224,1.5565203356958635,1.4150187813724633
PLA2G1B,ENSG00000170890,chr12,120312114,120337779,117,0.3642332162724822,0.8001997120938793,0.7487604876767773,0.4982683376050443,0.8496980275954387,0.34100594223117,0.20250897593672712,1.2694310295659768,1.4079279958604198
MSI1,ENSG00000135097,chr12,120331329,120379164,196,0.4788592086905241,0.8414995010029739,0.6882245083766771,0.4616710357329327,0.7358256353639903,0.6641303249976503,0.565068531808547,1.1778672124258858,1.2769290056149891
COX6A1,ENSG00000111775,chr12,120428089,120450737,88,0.3325545691096508,0.04179466973271152,0.20397071662462693,0.3105543993139138,0.13425411578030452,0.1094357648134435,0.13519841182918846,0.0,0.0
AL021546.6,ENSG00000111780,chr12,120428197,120470006,196,0.49244848178277323,0.2274715875858905,0.2816869453032899,0.4117684648502285,0.1916957328385899,0.30269687746044066,0.28795220465723914,0.0,0.0
TRIAP1,ENSG00000170855,chr12,120433963,120456384,100,0.4339828247495792,0.2750879706152433,0.25917671701047607,0.32153999079695683,0.18169153034969138,0.29542132996031506,0.25455940026058205,0.02628364030893854,0.06714557000867152
GATC,ENSG00000257218,chr12,120436443,120473749,186,0.5139181217422963,0.36464284299101024,0.32141404597858825,0.42540320868014103,0.2244571388901285,0.3936010282012562,0.37673133699088157,0.05996695802235852,0.0768366492327332
SRSF9,ENSG00000111786,chr12,120451671,120479748,155,0.45776087665164245,0.4336779395688486,0.3156204633963313,0.34368215145320785,0.22399700408405523,0.40069895095868946,0.36805176765542635,0.16789340028338745,0.20054058358665056
DYNLL1,ENSG00000088986,chr12,120459849,120508493,261,0.4211463236058281,0.5947593804116117,0.4770729590218818,0.38936833758118866,0.4507582164725022,0.4008332456783874,0.3986595420061074,0.502441020177609,0.504614723849889
COQ5,ENSG00000110871,chr12,120493278,120544434,262,0.4303243239341192,0.617801647321953,0.5019783712090464,0.4515492665047657,0.4783108872871344,0.41369592757192303,0.45589497149084784,0.5481196297178641,0.5059205857989393
RNF10,ENSG00000022840,chr12,120523479,120587588,344,0.43700819256790996,0.6261184048772618,0.5310143479430263,0.44744618586259066,0.537536991972921,0.4005616106098673,0.40291593179051755,0.5832545116640295,0.5809001904833792
RP11-18C24.9,ENSG00000288623,chr12,120524696,120544957,110,0.3763535830933709,0.607823013923014,0.5171716814175826,0.3024210480846322,0.5458451323112977,0.34005981009556246,0.25343230206072326,0.5959822358950015,0.6826097439298408
POP5,ENSG00000167272,chr12,120568763,120591402,121,0.4092950848405209,0.5617053392358684,0.537894867184436,0.412037398801311,0.5037816890323167,0.28966984176988936,0.32760824191115123,0.5351940115542857,0.49725561141302393
CABP1,ENSG00000157782,chr12,120630551,120677324,265,0.3489366316616056,0.5432364540760838,0.4365909324016315,0.392367583848209,0.4696837706087449,0.3194941996181265,0.323746397188057,0.46409522735044156,0.4598430297805111
MLEC,ENSG00000110917,chr12,120677148,120711859,189,0.386875349295726,0.6861084240527494,0.6003501975474783,0.41471561689203895,0.6561278041117193,0.3653640306915933,0.313439931456556,0.7933436215429498,0.8452677207779868
UNC119B,ENSG00000175970,chr12,120700457,120733640,206,0.33313472705363556,0.6673405156404891,0.6047932834477399,0.31913287937895757,0.642823106141492,0.2887284034000212,0.22774993926571196,0.8119074782735018,0.8728859424078111
ACADS,ENSG00000122971,chr12,120715773,120750008,215,0.4200744485746712,0.681885104276825,0.5996080674653268,0.3640652776526334,0.6435758108200568,0.38744340859263077,0.2831841490335214,0.7578992455595144,0.8621585051186238
SPPL3,ENSG00000157837,chr12,120752509,120914358,917,0.5073096810537704,0.7869721244926422,0.7257001296382504,0.48313658220550726,0.6989217098190281,0.48033667793171164,0.5029619623580989,1.0659955729772903,1.0433702885509033
HNF1A,ENSG00000135100,chr12,120968542,121012512,197,0.4727783467723914,0.7175704227158337,0.6871535243794459,0.42966003887134735,0.6492246780111608,0.37120878296485127,0.38911967378264567,0.8931172604570523,0.8752063696392579
C12orf43,ENSG00000157895,chr12,120990485,121026502,166,0.4179346092555307,0.7145616386799695,0.6682916844740187,0.31240243393702255,0.6532823250244144,0.34570119445193925,0.2845181343744383,0.9080279760461811,0.9692110361236816
OASL,ENSG00000135114,chr12,121007762,121049242,223,0.43513929117966593,0.6939493594582565,0.6706826760264736,0.40512342317181027,0.612113877522382,0.32222366377325595,0.37818127320228695,0.8617810349823034,0.8058234255532722
P2RX7,ENSG00000089041,chr12,121122818,121198032,437,0.37843581818960015,0.47130862313772864,0.3859116109241661,0.3587251424124042,0.39072647384279074,0.31262506253187194,0.2930797863279836,0.3247253634189068,0.34427063962279514
P2RX4,ENSG00000135124,chr12,121199860,121244106,286,0.20570220225904515,0.4941727976614795,0.4198850047212246,0.2092039934937462,0.38917131044575415,0.18366403296305173,0.21166833336380841,0.49789613240982245,0.46989183200906587
CAMKK2,ENSG00000110931,chr12,121227674,121308308,522,0.28785777721580486,0.5214590433794718,0.3568004077087837,0.31559324460184607,0.41096255179583047,0.31759545970096903,0.2934754131965516,0.41941801827778835,0.4435380647822058
ANAPC5,ENSG00000089053,chr12,121298244,121409896,519,0.4093837766872969,0.5564779566157626,0.5355538398909858,0.49493700459403756,0.6673943793408365,0.28634348964310247,0.19764103806586875,0.526664285590659,0.6153667371678926
RNF34,ENSG00000170633,chr12,121390040,121440623,238,0.32577789941620794,0.36055280096278985,0.18889803887558015,0.43807252848191225,0.16801379600863567,0.3159927067964782,0.41979714949821845,0.13115852058457578,0.027354077882835448
KDM2B,ENSG00000089094,chr12,121419095,121591023,836,0.3493299404469182,0.3270942414389106,0.2754122435832594,0.3303505357098777,0.2883466202726003,0.25187508976239675,0.22849328489932394,0.1442749012361246,0.16765670609919747
ORAI1,ENSG00000276045,chr12,121616549,121652677,0,,,,,,,,,
MORN3,ENSG00000139714,chr12,121638741,121682631,180,0.24772152475909653,0.27461678645075993,0.23651375817838355,0.19065957293327715,0.24466913352722658,0.1679218648769272,0.12599572598398112,0.15313332848192507,0.19505946737487123
TMEM120B,ENSG00000188735,chr12,121702751,121793001,297,0.36114913841743806,0.4478149030433294,0.4453681228763384,0.37055035105372247,0.4952086073698057,0.2262527719351622,0.18658568193687552,0.3676191964035798,0.4072862864018664
RHOF,ENSG00000139725,chr12,121767753,121813403,210,0.5037134370525066,0.6138962222766938,0.6575926885086206,0.48508920688622664,0.6604217136299886,0.290248290685054,0.2676799682974095,0.6614008007616113,0.6839691231492557
SETD1B,ENSG00000139718,chr12,121794008,121842656,230,0.5723139090289765,0.721491276555997,0.7822191398453785,0.5463365551160082,0.7719509672080274,0.3017028657639952,0.2952554733892867,0.9766030313826386,0.9830504237573469
HPD,ENSG00000158104,chr12,121829526,121873596,186,0.39593213439231545,0.7628480675749193,0.6459424226226611,0.4218606422743458,0.6084283579869219,0.45241363706142057,0.5247039137753862,0.9866406410953019,0.9143503643813361
PSMD9,ENSG00000110801,chr12,121878731,121928297,196,0.3960028386104737,0.46646482967271113,0.3908287670660019,0.4305497607885376,0.4294551046443738,0.3183800936326854,0.31507537240652617,0.3098501930180285,0.3131549142441878
RP11-87C12.2,ENSG00000256950,chr12,121878808,121931470,210,0.4005684995142631,0.4540480122866088,0.4240149746109277,0.434045427473957,0.42592045650982235,0.2826620987997439,0.3097391957473682,0.32256214289481955,0.2954850459471953
CFAP251,ENSG00000158023,chr12,121908591,122013927,425,0.3831171800419666,0.5082299922868238,0.4545344744977197,0.5004223396513384,0.4802639971784269,0.29335232712088904,0.37465103469156075,0.4163918086619062,0.3350931010912345
BCL7A,ENSG00000110987,chr12,122009421,122072044,335,0.38552410345587984,0.5354206983004648,0.4846351825577543,0.40383245718161775,0.49487020285287786,0.29536416998076087,0.30045834553377476,0.4712588404548681,0.4661646649018542
MLXIP,ENSG00000175727,chr12,122068755,122157344,529,0.4024657471482174,0.43998750744115117,0.3012485183108504,0.3627774950715095,0.24960398468171485,0.36813986160113055,0.3716391895403442,0.211656325759833,0.20815699782061947
LRRC43,ENSG00000158113,chr12,122157737,122213471,353,0.4262448427788226,0.3728234954336556,0.3455680883152762,0.3780597740932413,0.34363542801087044,0.29904603521157824,0.2601998338710451,0.16748123626775652,0.2063274376082896
IL31,ENSG00000204671,chr12,122162028,122184221,122,0.3151804187157238,0.2695256012373216,0.29433547189073356,0.3422979511470849,0.19710659675389666,0.17202281395935978,0.2567655180532522,0.14203828063003127,0.057295576536138815
B3GNT4,ENSG00000176383,chr12,122193680,122218952,167,0.42371356387379666,0.4491353502262593,0.4392565011651387,0.48138883647887554,0.4989031997386135,0.2844624511517306,0.2809555210382629,0.311803693546847,0.3153106236603148
RP11-512M8.12,ENSG00000284934,chr12,122197661,122237534,211,0.40744667608071955,0.3680559539837442,0.32954842212515756,0.3750854005760096,0.3247496641992054,0.2912325192913534,0.2682114570158155,0.16772190424776712,0.190742966523305
DIABLO,ENSG00000184047,chr12,122197662,122237456,211,0.40744667608071955,0.3680559539837442,0.32954842212515756,0.3750854005760096,0.3247496641992054,0.2912325192913534,0.2682114570158155,0.16772190424776712,0.190742966523305
RP11-512M8.13,ENSG00000256861,chr12,122197778,122276423,390,0.3689912222220108,0.3662549491890901,0.2912037077087256,0.40078827985280757,0.29742354183540615,0.2861784642225693,0.30762388716959665,0.1699300692560134,0.14848464630898606
VPS33A,ENSG00000139719,chr12,122219563,122276494,255,0.29140641127816286,0.23586818613318591,0.18956984878334807,0.25610209026199754,0.23037977638584314,0.2016489932356549,0.15150417161277274,0.0673659802224788,0.11751080184536097
CLIP1,ENSG00000130779,chr12,122261431,122432669,799,0.461233241744755,0.5450505418458428,0.4684818811753206,0.5131912611322658,0.515741212951912,0.38701174380908154,0.3911585411886148,0.4005572033719284,0.396410405992395
ZCCHC8,ENSG00000033030,chr12,122461598,122511073,219,0.47101553955154885,0.5871206602797806,0.4738432080849648,0.473818999305621,0.408592996309621,0.4396200400316057,0.5007295364633599,0.4449798443163873,0.3838703478846331
RSRC2,ENSG00000111011,chr12,122493453,122537000,236,0.4866775332573116,0.5912994485043359,0.47438755860927695,0.49502135123238933,0.5002732155286149,0.45921621945770785,0.4421589541632692,0.43555631956517876,0.4526135848596173
KNTC1,ENSG00000184445,chr12,122517245,122636396,627,0.441718073107234,0.5944197937324267,0.536025539464407,0.3997751640431106,0.466856924303371,0.35870102882913113,0.3919610701197528,0.5437356001822962,0.5104755588916745
HCAR2,ENSG00000182782,chr12,122691292,122713357,79,0.14308259801642678,0.1676901499067104,0.13236141316941508,0.22440340398851832,0.1550554840391729,0.0979921056546366,0.13459446030807007,0.085558385858398,0.048956031204964556
HCAR3,ENSG00000255398,chr12,122704755,122726811,98,0.21219179957553744,0.3194796154314226,0.19325616266481907,0.2827231562745996,0.42995473426095426,0.20432451716438796,0.07757569662601432,0.18057298489408907,0.3073218054324627
HCAR1,ENSG00000196917,chr12,122716075,122740844,118,0.2967773237012053,0.35504006080934775,0.2943275120981071,0.3613541297160776,0.34186006475819436,0.22102235622652494,0.23431727150304973,0.21754471767066658,0.20424980239414176
DENR,ENSG00000139726,chr12,122742823,122781064,162,0.4618020465453228,0.3520758063146773,0.3218685220221565,0.5895133209058167,0.4566907793316846,0.33254816413833116,0.35715836080551516,0.10143341038833059,0.07682321372114653
CCDC62,ENSG00000130783,chr12,122764525,122837528,321,0.514034698292152,0.355838321708281,0.33771904192933366,0.7034117549610431,0.48659686254239964,0.3746790896563412,0.49426105707268075,0.06512644148202462,0.0
HIP1R,ENSG00000130787,chr12,122824452,122872961,261,0.47285976918734735,0.26666597177110873,0.3509638051898827,0.6433547074118311,0.46526626812341093,0.25908793011162495,0.357590598313398,0.051066050607811775,0.0
VPS37B,ENSG00000139722,chr12,122855329,122906127,221,0.5998211502495988,0.32273011160161996,0.3213154063117728,0.72168511097714,0.5264207014324,0.45896518210162157,0.4606258184293362,0.0,0.0
ABCB9,ENSG00000150967,chr12,122910950,122991649,259,0.30682493287459695,0.46201234607941705,0.5310071385311098,0.4701909249444187,0.49335834087670677,0.11461231268379446,0.2876034641228933,0.5053073545028754,0.3323162030637765
OGFOD2,ENSG00000111325,chr12,122964579,122990043,91,0.44078188022848735,0.5241771255712171,0.5990477505991785,0.5951001775501557,0.4892326147671582,0.20500617727100612,0.4874920968827518,0.5377034292753375,0.2552175096635918
ARL6IP4,ENSG00000182196,chr12,122970059,122992913,83,0.33712802398406627,0.4554341078896311,0.44533231247975574,0.5718909197992501,0.46306404818384644,0.21477681481081146,0.41713356179798583,0.39298951514310876,0.1906327681559345
PITPNM2,ENSG00000090975,chr12,122973479,123161090,591,0.479651568303167,0.6461731914608846,0.6552406063186752,0.5914394363164901,0.676808309091141,0.31364792147470255,0.4022765912269002,0.7252998055062181,0.6366711357540206
MPHOSPH9,ENSG00000051825,chr12,123142319,123254014,393,0.49240161492648227,0.7669082450794868,0.7252593066567955,0.613240382392679,0.7701022611913702,0.421230135089666,0.4680771721315339,1.0350929699027134,0.9882459328608453
C12orf65,ENSG00000130921,chr12,123223384,123268079,202,0.5015446099015396,0.7212279112005615,0.6626477419234734,0.6141897166735458,0.7243931098907276,0.44348714025543245,0.4704952507859096,0.8338735767620593,0.8068654662315824
CDK2AP1,ENSG00000111328,chr12,123240111,123282334,210,0.4088578816802203,0.6359712843211396,0.6067991929922822,0.5799426947489276,0.7039227445494355,0.3013932532413359,0.3303759002994796,0.7091292719880133,0.6801466249298697
SBNO1,ENSG00000139697,chr12,123279108,123374847,502,0.5843561242932985,0.6050072445729532,0.5975022893527714,0.721665565850634,0.6535842199148553,0.44837421916832565,0.5738520969533312,0.48051363577190276,0.35503575798689735
KMT5A,ENSG00000183955,chr12,123373772,123419353,207,0.6240449835294801,0.5268453609892619,0.5565631091250139,0.7194286291082771,0.6435785439599663,0.45670950303758723,0.4938093865944758,0.29162350851393365,0.25452362495704506
RILPL2,ENSG00000150977,chr12,123405038,123446684,182,0.38779108409539154,0.4584587344859807,0.49534848612505483,0.4225424464734611,0.4499579131600619,0.21006526946169846,0.28234793351377646,0.4032707400475177,0.3309880759954396
SNRNP35,ENSG00000184209,chr12,123448087,123483154,191,0.4043440477105536,0.7002521367521368,0.6137784970728687,0.46262079349983165,0.6569302957784154,0.38578071054077184,0.3780216283594774,0.8190329030066448,0.8267919851879391
RILPL1,ENSG00000188026,chr12,123460053,123543719,357,0.3470457834882599,0.4992637803596708,0.43306906954781216,0.4262437897476423,0.5217587829198305,0.2752031452513537,0.25479324120853086,0.4164726790037038,0.4368825830465266
TMED2,ENSG00000086598,chr12,123574532,123608582,206,0.34833066929069917,0.5192920097960064,0.48890601754781987,0.42563639219185057,0.5041577102577509,0.24475575120018622,0.2927452676449082,0.48773953100230283,0.4397500145575808
DDX55,ENSG00000111364,chr12,123592076,123630943,229,0.3341277797061206,0.5024095943062301,0.5493594017093741,0.39481153174472533,0.5480498901211974,0.15377517521257578,0.20300494448725154,0.5442028436925136,0.49497307441783783
EIF2B1,ENSG00000111361,chr12,123610405,123643766,197,0.285528236607055,0.4220447859423583,0.37036996566189984,0.30076716850506,0.39746383942930397,0.2109239101261538,0.19971139985569092,0.3373349875150111,0.3485474977854739
GTF2H3,ENSG00000111358,chr12,123623738,123672604,273,0.2413595793654939,0.48768119995946085,0.47587477644361575,0.2478393390849631,0.49137796520822336,0.14950545618645877,0.13878171093598352,0.5193027351970139,0.5300264804474892
TCTN2,ENSG00000168778,chr12,123661109,123718399,365,0.23306471810668564,0.5241245752879755,0.40866540562748466,0.24813699439182368,0.4351480228277694,0.24128937947805512,0.22830437367423312,0.5013097923152949,0.514294798119117
ATP6V0A2,ENSG00000185344,chr12,123702352,123771755,436,0.3756480809632207,0.7653198755138589,0.6726445765136078,0.4215398463025916,0.6783997628535444,0.40193209243207084,0.4312357367844777,1.0475997720419725,1.0182961276895655
DNAH10,ENSG00000197653,chr12,123752187,123945720,1297,0.39984288722565087,0.625322264102768,0.6232059595512317,0.37326350297336125,0.583578207158695,0.25809812210978866,0.2864307363678377,0.7235908713135494,0.6952582570555003
CCDC92,ENSG00000119242,chr12,123908659,123982831,413,0.25153648443443044,0.4890201586321857,0.36839605632351097,0.27378963543582385,0.4356057416267942,0.2508326029853124,0.20966922734062987,0.42059253594932144,0.461755911594004
ZNF664,ENSG00000179195,chr12,123961844,124025439,317,0.3529625207542635,0.5583015993833047,0.505800467820464,0.37980229137134136,0.4933927842978955,0.2738315538652376,0.30741282506231904,0.5432964274929117,0.5097151562958304
RFLNA,ENSG00000178882,chr12,123963240,124326024,2220,0.4909016821185883,0.527479700078138,0.5091951522061037,0.5027983532466448,0.49511865640271857,0.35654000174597744,0.382501168490913,0.39313456842764527,0.36717340168270973
NCOR2,ENSG00000196498,chr12,124314414,124577589,1718,0.46486060040396465,0.5144849159580841,0.507095242722777,0.47327266453183137,0.5221191596211382,0.32016680748465715,0.3126116557521304,0.402378115161369,0.40993326689389575
SCARB1,ENSG00000073060,chr12,124766855,124892668,954,0.4140598869493676,0.4472247967135861,0.40784219280849454,0.4669302997417309,0.42060766297813856,0.30167972073796856,0.3380657691555034,0.2911241433698519,0.254738094952317
UBC,ENSG00000150991,chr12,124901603,124927368,173,0.44956725040721035,0.5870124745173795,0.636773057387272,0.5241621312853783,0.5844415014241393,0.2343304650043757,0.37444205101780953,0.6500074261154634,0.5098958401020296
DHX37,ENSG00000150990,chr12,124936824,124999131,553,0.35209898134614376,0.4280648008708379,0.40251942453830153,0.32707914413586764,0.4337287309570619,0.2388567100756751,0.19308754792749583,0.31987287217999144,0.3656420343281708
BRI3BP,ENSG00000184992,chr12,124983644,125041231,379,0.4331586501940489,0.5421144436352479,0.4663716966488821,0.3382580147801584,0.46887195339664023,0.3603780401231219,0.280631704017438,0.4207579629021282,0.5005042990078121
AACS,ENSG00000081760,chr12,125055433,125153333,555,0.3860336694965164,0.4563758777364725,0.39973921370509863,0.3614182222875176,0.40069317232623647,0.29346066847274477,0.2730105888411503,0.31603655419206084,0.3364866338236554
TMEM132B,ENSG00000139364,chr12,125176385,125672377,3300,0.4022750517011476,0.416727019635705,0.36769716212499026,0.3931311163464558,0.3760171072614325,0.29766886304402657,0.2834550801312118,0.24143110527388362,0.2556448881866984
TMEM132C,ENSG00000181234,chr12,128257169,128717911,3751,0.4404308003594246,0.4824320921267697,0.47470666855385607,0.45578125770378713,0.47104888173034926,0.2977020856568992,0.31507964861255766,0.36091245385125087,0.34353489089559236
SLC15A4,ENSG00000139370,chr12,128783193,128833958,424,0.3356670564736799,0.321165625708094,0.2974560745009682,0.42991659168214863,0.3747214067284659,0.22165129449209225,0.23989636312961737,0.1657268126185093,0.14748174398098413
GLT1D1,ENSG00000151948,chr12,128843426,128994968,1218,0.3737824779168477,0.4555892684208023,0.4147056255045064,0.3808973282067776,0.3988628626446707,0.2702342152748763,0.2893016300315005,0.3378170804512115,0.3187496656945873
TMEM132D,ENSG00000151952,chr12,129061724,129914025,6740,0.44126686904795354,0.48778298372765794,0.442667659605904,0.4638002284927984,0.4346442140953086,0.3332483262210875,0.3609776633495499,0.33575855761785894,0.30802922048939657
FZD10,ENSG00000111432,chr12,130152458,130175740,152,0.49875239222356504,0.46966659176695386,0.5087626344303197,0.4172732159421275,0.4463139642387205,0.3070383179490692,0.2915643816010875,0.32721108013201244,0.3426850164799942
PIWIL1,ENSG00000125207,chr12,130327886,130382637,347,0.4120055233477852,0.5155506427212401,0.4305004359411862,0.46060478504492547,0.4586571836351936,0.34639142092771136,0.3641732945275267,0.3783509579272342,0.36056908432741885
RIMBP2,ENSG00000060709,chr12,130386136,130726281,2842,0.46965274955045344,0.5381772404368335,0.462227357936124,0.4810876557372033,0.4814423091452791,0.3932389948670772,0.385945204911992,0.37933510395010317,0.3866288939051884
STX2,ENSG00000111450,chr12,130779599,130849266,587,0.5707510846252432,0.497948856689254,0.455580737374879,0.4737351824266203,0.425467350212391,0.46336798288168435,0.38840283559876887,0.22568530249297541,0.3006504497758909
RAN,ENSG00000132341,chr12,130862036,130887678,186,0.07633128968616681,0.19921356659239947,0.1477405589246521,0.19019926583025587,0.10076990421258626,0.070849256237175,0.16345586515686797,0.15131173618665686,0.05870512726696388
ADGRD1,ENSG00000111452,chr12,130943906,131151469,1521,0.46354614296974145,0.5379951902109118,0.5338106197525831,0.45971548537433177,0.5256343384237709,0.3158956865666286,0.3210312798136225,0.4562842905890694,0.4511486973420754
SFSWAP,ENSG00000061936,chr12,131701080,131809738,561,0.4226464413495374,0.48038903190868265,0.5021971109474195,0.44462209228503546,0.48714796562395635,0.25321212355019046,0.28750673020378753,0.4014627621375079,0.36716815548391085
MMP17,ENSG00000198598,chr12,131818392,131861783,119,0.5164374531259371,0.45767825159693976,0.45557444788191903,0.5325880547044566,0.44201800943333397,0.3652231793283867,0.3945057650716293,0.2466726426037612,0.21739005686051865
ULK1,ENSG00000177169,chr12,131884621,131933150,167,0.5117925403232654,0.48805771657615127,0.502427134802061,0.5579271607630446,0.5381599020949527,0.3442724793827325,0.3566437237860653,0.32527090860193564,0.3128996641986027
PUS1,ENSG00000177192,chr12,131919199,131955896,164,0.5303353649831093,0.5416313441418322,0.4729464347614474,0.6446634426872305,0.5697506702880639,0.44768239044652014,0.4856904906247802,0.33239910274567736,0.29439100256741735
EP400,ENSG00000183495,chr12,131939941,132090460,653,0.3985923151741387,0.35650167844388925,0.3340488688467286,0.4889129775999882,0.4031912968920842,0.27138955137759735,0.2979463090246186,0.16944630887617224,0.14288955122915092
DDX51,ENSG00000185163,chr12,132126593,132154319,153,0.283487307246236,0.32127608539218044,0.306270789629664,0.3174109695990561,0.360036554978831,0.17761328775856122,0.16152946576604002,0.2099275522309649,0.22601137422348608
NOC4L,ENSG00000184967,chr12,132134456,132162473,110,0.27825010156749874,0.3414734159933223,0.2826982212635842,0.3550425724170763,0.3375210193192167,0.205784176570503,0.22227745363858425,0.21196621149392236,0.19547293442584107
GALNT9,ENSG00000182870,chr12,132186371,132339589,847,0.362330900183422,0.4708480598410472,0.4593515438861608,0.35736180170058335,0.44928070497665307,0.23571471709741215,0.24106150577231666,0.4007649497941155,0.39541816111921096
FBRSL1,ENSG00000112787,chr12,132479550,132595188,882,0.4291278235197363,0.5383117472015585,0.440304281226517,0.45106239320255526,0.43596057257956733,0.3765466721693474,0.400002381377964,0.3963187209883999,0.3728630117797835
LRCOL1,ENSG00000204583,chr12,132593149,132620582,241,0.4422248950636203,0.67771737215497,0.6045184584706277,0.35539264637801227,0.5946809437670153,0.39423733184334236,0.33417978248011976,0.7380890603439968,0.7981466097072194
P2RX2,ENSG00000187848,chr12,132608775,132632388,203,0.4987003116766458,0.688262871494349,0.6659020009607968,0.38577476713791187,0.5779965282772018,0.37991262042600726,0.39512341716654065,0.7856823627211631,0.7704715659806298
POLE,ENSG00000177084,chr12,132613752,132697376,491,0.47161580536459863,0.6792659111801719,0.5825293976326187,0.3971725470804735,0.5688030327392573,0.4507666753761404,0.40103843057791605,0.6863762075142457,0.73610445231247
PXMP2,ENSG00000176894,chr12,132677586,132714985,142,0.27246876608817105,0.29983803358264877,0.2229116560469,0.38290818171486424,0.3334403491783174,0.2111703507282339,0.2167776987089946,0.14527323937864406,0.13966589139788338
PGAM5,ENSG00000247077,chr12,132700818,132732734,109,0.2544350080146459,0.29129817606999353,0.15046652655252274,0.3754136904010462,0.30464943486593943,0.23743271706125713,0.22582350112992733,0.10688768248020308,0.11849689841153285
ANKLE2,ENSG00000176915,chr12,132715502,132771832,136,0.3745406217558327,0.4220490413682818,0.4940763614225572,0.3938334917461927,0.4897566567182863,0.1680828108105803,0.18799965087755266,0.3801834497567877,0.3602666096898153
GOLGA3,ENSG00000090615,chr12,132758913,132839078,486,0.5333749310673558,0.5278238974241639,0.5039278560451966,0.4964902771249451,0.4765567150354776,0.4057992735059464,0.3946144640098273,0.34460399079702086,0.35578880029314
CHFR,ENSG00000072609,chr12,132812186,132966304,534,0.4190486886753262,0.45992724214430963,0.3969303648187847,0.3711753340117431,0.4217986576021607,0.3267085655926872,0.26606054778390903,0.28934284613751626,0.34999086394629425
ZNF605,ENSG00000196458,chr12,132908305,132966306,120,0.4826878072904299,0.498941151267452,0.4981393174042006,0.4262966219050758,0.37727233029527174,0.33035386604410705,0.38651425917220517,0.36067785621133314,0.30451746308323496
ZNF26,ENSG00000198393,chr12,132976364,133042952,0,,,,,,,,,
ZNF84,ENSG00000198040,chr12,133027291,133073304,0,,,,,,,,,
ZNF140,ENSG00000196387,chr12,133070473,133117526,59,0.20157248255985527,0.2802271718103258,0.17772453934865415,0.29997742094336893,0.20236247799032678,0.17912544611339176,0.22968065201339294,0.1496941870476473,0.09913898114764616
ZNF891,ENSG00000214029,chr12,133094778,133140274,183,0.2801883330966586,0.31861763153927336,0.1857426855201241,0.3736253359152726,0.29094521026121445,0.2534592363537377,0.2538078767951068,0.13017241319752582,0.12982377275615667
ZNF10,ENSG00000256223,chr12,133120574,133169465,241,0.33533935768907197,0.3597440725425086,0.2130467562010669,0.40057323219922053,0.2640473795111834,0.307389766899676,0.32553961334298165,0.13849752900977177,0.12034768256646616
CTD-2140B24.4,ENSG00000256825,chr12,133120983,133212369,506,0.3391360020670102,0.3730858484127117,0.2823356517696718,0.37325822633029543,0.2983268649901209,0.2746997892619698,0.2899393657072351,0.1922458777800717,0.1770063013348064
ZNF268,ENSG00000090612,chr12,133171408,133224832,349,0.3947281755618754,0.4094451336209577,0.3594236287729725,0.40186419120429545,0.30003377536224257,0.2916917149688315,0.3419534913629983,0.2350010175710756,0.18473924117690887
ANHX,ENSG00000227059,chr12,133208311,133245877,121,0.5160480690805322,0.49833480435422184,0.38240358446605527,0.4250104134124753,0.3849085901166785,0.46683596603353117,0.3786206415532681,0.22298635670559042,0.31120168118585356
