gene_name,gene_id,chrom,start,end,n_snps,fst_afr_sas,fst_afr_mel,fst_mel_sas,fst_afr_eur,fst_eur_mel,pbs1_african,pbs2_african,pbs3_melanesian,pbs4_melanesian
OR4F21,ENSG00000176269,chr8,156085,177024,0,,,,,,,,,
ZNF596,ENSG00000172748,chr8,222136,274703,0,,,,,,,,,
FBXO25,ENSG00000147364,chr8,396427,487967,546,0.25069059890504175,0.22194853586849816,0.14958719597989015,0.23983526451517134,0.136354156792113,0.18876625365469407,0.18929511089471032,0.062196354067535264,0.061667496827518986
TDRP,ENSG00000180190,chr8,479802,555781,948,0.42572063925584497,0.38926517555317164,0.28604392567358805,0.4155672849237502,0.26142648062600266,0.3553989436695319,0.36358570347149066,0.13769347288938705,0.12950671308742828
ERICH1,ENSG00000104714,chr8,604745,748106,1304,0.46372423324517786,0.5325426098695787,0.4418336725633143,0.4257066818035038,0.43836846331408774,0.4002277776707361,0.3690764058025164,0.36021930084258647,0.3913706727108061
DLGAP2,ENSG00000198010,chr8,727627,1718476,9298,0.373198128842086,0.4435552719478608,0.3690592688312944,0.3673086061996568,0.371033796175352,0.2963844339200235,0.2901410926934612,0.28980299994016323,0.2960463411667254
CLN8,ENSG00000182372,chr8,1745777,1811711,637,0.5421286628708566,0.49440982099399705,0.48909764655254634,0.5786416944660924,0.4671105954477093,0.39580956111168375,0.45842960675637573,0.2862192996607921,0.22359925401610015
KBTBD11-OT1,ENSG00000283239,chr8,1753887,1968627,1715,0.40510817215810085,0.5355899339463176,0.4368174239989892,0.4002658496726417,0.4788801350716511,0.3561058168967854,0.31324048104626817,0.41088153710099695,0.4537468729515141
ARHGEF10,ENSG00000104728,chr8,1813925,1968641,1157,0.32694983432904967,0.4713549250929116,0.4173774201508663,0.30755547824502,0.4252649227775125,0.24657887088804864,0.22555954285170493,0.39085913731743277,0.41187846535377637
KBTBD11,ENSG00000176595,chr8,1963676,2016936,554,0.5480675658239712,0.8139865474956283,0.764974754758237,0.49550747335682993,0.6988771409277841,0.5140482653898698,0.5829508037232851,1.1678880172020927,1.0989854788686775
MYOM2,ENSG00000036448,chr8,2035045,2175552,0,,,,,,,,,
CSMD1,ENSG00000183117,chr8,2925352,5004972,36120,0.42607946574610617,0.47048310993651254,0.4374815720829895,0.4246041640119811,0.43883452618637947,0.30786158296331345,0.30537391310573986,0.32792863334919925,0.33041630320677284
MCPH1,ENSG00000147316,chr8,6396591,6658508,3123,0.440977201245816,0.5787668417354567,0.5266703622778246,0.5103849677526591,0.553694598831622,0.3490852877742973,0.3859764091569605,0.5154834907214112,0.4785923693387479
ANGPT2,ENSG00000091879,chr8,6489631,6573409,932,0.3545419046017538,0.532878965198885,0.5135003682402078,0.3716065805177761,0.4492581721683889,0.23922136715511955,0.31463329629178993,0.5219455125752136,0.4465335834385432
AGPAT5,ENSG00000155189,chr8,6698641,6771503,486,0.4751297918207661,0.4338682335718568,0.27682823005638635,0.4517389353166851,0.2542986007614276,0.4447120944391947,0.43825105351950056,0.12421633055756603,0.1306773714772601
XKR5,ENSG00000275591,chr8,6798516,6845524,570,0.36053215133057837,0.4736283195195862,0.3882598951845197,0.32147621465537696,0.4269244185612167,0.29870944092843754,0.2364228886280466,0.34303825796923937,0.4053248102696303
DEFB1,ENSG00000164825,chr8,6860591,6887936,298,0.3727128642293614,0.3486019830215334,0.3189345330595697,0.41878994058880625,0.35499858019013314,0.2554442389331895,0.26638735444501466,0.17319019145697073,0.16224707594514565
DEFA6,ENSG00000164822,chr8,6914696,6936076,0,,,,,,,,,
DEFA4,ENSG00000164821,chr8,6925819,6948306,0,,,,,,,,,
DEFA1,ENSG00000206047,chr8,6967648,6990092,0,,,,,,,,,
DEFA1B,ENSG00000240247,chr8,6986765,7009198,0,,,,,,,,,
DEFA3,ENSG00000239839,chr8,7005868,7028297,0,,,,,,,,,
DEFA5,ENSG00000164816,chr8,7045303,7066739,0,,,,,,,,,
USP17L1,ENSG00000230549,chr8,7322386,7343979,0,,,,,,,,,
USP17L4,ENSG00000236125,chr8,7327114,7348707,0,,,,,,,,,
ZNF705G,ENSG00000215372,chr8,7345516,7395558,0,,,,,,,,,
DEFB4B,ENSG00000177257,chr8,7404854,7426863,0,,,,,,,,,
DEFB103B,ENSG00000177243,chr8,7418887,7440348,0,,,,,,,,,
SPAG11B,ENSG00000164871,chr8,7432683,7473674,0,,,,,,,,,
DEFB104B,ENSG00000177023,chr8,7460307,7485082,0,,,,,,,,,
DEFB106B,ENSG00000187082,chr8,7472503,7496400,0,,,,,,,,,
DEFB105B,ENSG00000186599,chr8,7477678,7499593,0,,,,,,,,,
DEFB107B,ENSG00000198129,chr8,7485910,7519311,0,,,,,,,,,
PRR23D1,ENSG00000255251,chr8,7529626,7552450,0,,,,,,,,,
FAM90A7P,ENSG00000285975,chr8,7546699,7569712,0,,,,,,,,,
FAM90A22P,ENSG00000285687,chr8,7561994,7585006,0,,,,,,,,,
FAM90A23P,ENSG00000285765,chr8,7569643,7592653,0,,,,,,,,,
FAM90A14P,ENSG00000285814,chr8,7705442,7728453,0,,,,,,,,,
FAM90A18P,ENSG00000285913,chr8,7713090,7736101,0,,,,,,,,,
FAM90A16P,ENSG00000285620,chr8,7720738,7743749,0,,,,,,,,,
FAM90A8P,ENSG00000285937,chr8,7728386,7751396,0,,,,,,,,,
FAM90A17P,ENSG00000285720,chr8,7736033,7759044,0,,,,,,,,,
FAM90A19P,ENSG00000285657,chr8,7743681,7766692,0,,,,,,,,,
FAM90A9P,ENSG00000285607,chr8,7751329,7774340,0,,,,,,,,,
FAM90A10P,ENSG00000285950,chr8,7758976,7781988,0,,,,,,,,,
PRR23D2,ENSG00000255378,chr8,7768590,7791413,0,,,,,,,,,
DEFB107A,ENSG00000186572,chr8,7801719,7825716,0,,,,,,,,,
DEFB105A,ENSG00000186562,chr8,7811003,7833880,0,,,,,,,,,
DEFB106A,ENSG00000186579,chr8,7815138,7839053,0,,,,,,,,,
DEFB104A,ENSG00000176782,chr8,7826435,7851242,0,,,,,,,,,
SPAG11A,ENSG00000178287,chr8,7837875,7878867,0,,,,,,,,,
DEFB103A,ENSG00000176797,chr8,7871391,7892663,0,,,,,,,,,
DEFB4A,ENSG00000171711,chr8,7884676,7906716,0,,,,,,,,,
ZNF705B,ENSG00000215356,chr8,7916336,7962413,0,,,,,,,,,
USP17L8,ENSG00000237038,chr8,7961660,7983253,0,,,,,,,,,
USP17L3,ENSG00000225327,chr8,7966392,7987985,0,,,,,,,,,
PRAG1,ENSG00000275342,chr8,8307735,8396439,772,0.389512541793716,0.5213697947646426,0.5219152283875848,0.3181993203200942,0.48968914197340596,0.24617865361292218,0.22355485141586634,0.4906483402370933,0.5132721424341491
CLDN23,ENSG00000253958,chr8,8691936,8714096,244,0.19235408274505963,0.7553894171861346,0.691906484413318,0.25754358352568935,0.6684093687687434,0.22218370426888223,0.3010123949522058,1.1859040865994508,1.1070753959161275
MFHAS1,ENSG00000147324,chr8,8773353,8903630,1248,0.41252164589357176,0.6920039252218995,0.6746992680571343,0.34593782054687816,0.589278015599091,0.29328946129151134,0.3561911831956418,0.884378779025206,0.8214770571210757
ERI1,ENSG00000104626,chr8,8992146,9126746,1514,0.3223503381565367,0.6212733232195471,0.5447436761923656,0.3794160243771884,0.5433678388268265,0.2865853407105409,0.33207887021879307,0.68435516280166,0.6388616332934078
PPP1R3B,ENSG00000173281,chr8,9126254,9161574,234,0.2627914688382876,0.5379266451601529,0.4526449473954561,0.2584019551063539,0.5010866158634754,0.23712925410995128,0.18782837384097933,0.5349023696845088,0.5842032499534807
TNKS,ENSG00000173273,chr8,9545911,9792346,1895,0.415432492734253,0.4140676706292352,0.38605991285816754,0.46062568408821686,0.4528544135197093,0.291788025205614,0.27442805143800036,0.2427629497571907,0.2601229235248043
MSRA,ENSG00000175806,chr8,10044291,10438891,3711,0.4058397088855131,0.7168452352897751,0.6437339102270495,0.42110002806413677,0.6599705499536862,0.3751452102842249,0.36483209404349815,0.8866164487669652,0.896929565007692
PRSS51,ENSG00000253649,chr8,10472877,10557585,1049,0.45787290022047744,0.5507188899568047,0.47736080768475814,0.42561657929195107,0.4580696313172934,0.3817486883112546,0.370973437672896,0.4183578185607417,0.42913306919910027
PRSS55,ENSG00000184647,chr8,10515531,10564166,641,0.45834741062235096,0.5647786940272337,0.47820787872955167,0.4245745642465871,0.4496935869367588,0.3972725422174988,0.3936331050871398,0.43462808568235417,0.4382675228127132
RP1L1,ENSG00000183638,chr8,10596348,10722187,1353,0.537984356879491,0.665374461680905,0.627726412576633,0.5539065066187984,0.6424277704818485,0.43938672618390195,0.43677599714474324,0.655356442235531,0.6579671712746895
C8orf74,ENSG00000171060,chr8,10662627,10710590,562,0.5897664441728644,0.7761008442355805,0.7491008586938355,0.5599626592785424,0.733100786344457,0.5024419555097536,0.4982855237907734,0.9941175704669243,0.9982740021859047
SOX7,ENSG00000171056,chr8,10713767,10740511,235,0.3355794128330254,0.16880706739620804,0.19875210294977055,0.375668608321657,0.21196023198894207,0.18607418107916307,0.20888029683659487,0.0,0.0
PINX1,ENSG00000258724,chr8,10715398,10849847,1338,0.31318226085767886,0.2850195098592557,0.16511518960597255,0.3445972165541988,0.22603359793289338,0.2653624147553472,0.2508892522223344,0.07013760842150754,0.08461077095452033
PINX1,ENSG00000254093,chr8,10754960,10849884,993,0.2838569431886139,0.2502355572825322,0.14851512438156197,0.3150063337607019,0.20740970310355594,0.23054899452066557,0.21694652243483464,0.05744720364013989,0.07104967572597082
XKR6,ENSG00000171044,chr8,10886044,11211833,3090,0.3076716617228881,0.529386789475339,0.40961106363198313,0.3484391114492592,0.4308957290147384,0.2972199724741996,0.309205775295154,0.45649875894556413,0.4445129561246096
MTMR9,ENSG00000104643,chr8,11274815,11338146,600,0.43954901220630976,0.6244657177059345,0.5070204284011437,0.33637187496984233,0.4750737666200907,0.4255657277616128,0.3724706595867642,0.5538397864631708,0.6069348546380194
SLC35G5,ENSG00000177710,chr8,11321011,11342360,167,0.40943372049162907,0.5903732204411322,0.5079995055769504,0.2103514711643539,0.4052273877014289,0.35495333833055115,0.3045500248271233,0.5375554892810606,0.5879588027844884
FAM167A,ENSG00000154319,chr8,11411475,11485908,915,0.37052455555785274,0.8654420532314462,0.814360207663576,0.4358706722021651,0.7940814036380702,0.39234084638792877,0.49897886965541294,1.613419495340374,1.5067814720728896
BLK,ENSG00000136573,chr8,11476893,11574599,1275,0.5038835625863981,0.8454083869406177,0.7556202864594519,0.552915690724342,0.7395132552567524,0.5794404801335664,0.663386590702466,1.287527913459277,1.2035818028903773
GATA4,ENSG00000136574,chr8,11666958,11770002,938,0.4333254859095142,0.6057174331276399,0.5361026790629583,0.465476633265722,0.5570828499464048,0.36528279945337044,0.3713473688912338,0.5654046524748464,0.559340083036983
NEIL2,ENSG00000154328,chr8,11759638,11797345,469,0.4569074395261853,0.5849636435201808,0.5222872641006868,0.4442587273632398,0.5004862669772737,0.3755594854212269,0.3863606994496627,0.5038296711919232,0.4930284571634876
FDFT1,ENSG00000079459,chr8,11785572,11849304,943,0.47071109316162185,0.6303994998503258,0.5523334615768196,0.4632861679037683,0.5291340202388833,0.4139233934553912,0.43222052207446643,0.581409192541317,0.5631120639222416
CTSB,ENSG00000164733,chr8,11832523,11879533,517,0.4285879677546554,0.5824640238672857,0.45501371485237707,0.4183736720027923,0.4488779535447981,0.413017325224292,0.40975632957726477,0.4603672428016297,0.463628238448657
DEFB136,ENSG00000205884,chr8,11963936,11984599,252,0.49104180826867455,0.7047566101051964,0.6039653669732318,0.44930685592118197,0.5743426049264998,0.4845455008812762,0.48120612568737253,0.7354097114372471,0.7387490866311508
DEFB135,ENSG00000205883,chr8,11972255,11994590,234,0.47999150950565905,0.8061088819737391,0.8008331798626476,0.4160698170594159,0.7135134031303544,0.3403780755749013,0.4641844257987965,1.300080449189437,1.1762740989655416
DEFB134,ENSG00000205882,chr8,11983173,12006312,103,0.46291750474959953,0.7746834657122965,0.8486193789558168,0.30571750276880666,0.7126183401614911,0.11194733781869326,0.3040906348498339,1.3783017085453735,1.1861584115142327
DEFB130B,ENSG00000233050,chr8,12054388,12081747,0,,,,,,,,,
ZNF705D,ENSG00000215343,chr8,12094388,12125516,0,,,,,,,,,
USP17L7,ENSG00000226430,chr8,12122416,12144099,0,,,,,,,,,
USP17L2,ENSG00000223443,chr8,12126434,12148849,0,,,,,,,,,
FAM86B1,ENSG00000186523,chr8,12172095,12204133,0,,,,,,,,,
DEFB130A,ENSG00000232948,chr8,12300961,12328316,0,,,,,,,,,
FAM86B2,ENSG00000145002,chr8,12415613,12446343,0,,,,,,,,,
LONRF1,ENSG00000154359,chr8,12711905,12766073,366,0.6538001138438,0.7383357397060125,0.6695586944968551,0.6895773232297349,0.7178873145488053,0.6470528914119619,0.6225323944566881,0.6936401548268732,0.7181606517821472
TRMT9B,ENSG00000250305,chr8,12935641,13041503,1342,0.3788688628413611,0.5156675636064458,0.4431755910468765,0.4512986775935393,0.4909289588778418,0.3078457356888715,0.3250085393249066,0.4171380202987518,0.3999752166627166
DLC1,ENSG00000164741,chr8,13073360,13614610,5619,0.43698748409991384,0.5406208969504839,0.5066906425707768,0.4541095199030891,0.5010187956357166,0.3228570478644407,0.34401476798107844,0.45502242938201304,0.43386470926537524
C8orf48,ENSG00000164743,chr8,13556868,13578288,225,0.42510062309656615,0.5593041967866357,0.5589008268763068,0.43372750094000995,0.5687540194323258,0.2772375669590203,0.27350183430646857,0.542162863221735,0.5458985958742868
SGCZ,ENSG00000185053,chr8,14074844,15248431,12206,0.4523357616605215,0.5642132918193588,0.529268730497763,0.4524529037967025,0.49857085147574304,0.33961366972934404,0.37130809830248246,0.4909886870223604,0.45929425844922195
TUSC3,ENSG00000104723,chr8,15407214,15776649,3811,0.31997128633663074,0.620442453201605,0.5496921508680014,0.38884422452299006,0.554808579447189,0.27827274498566,0.3259507625186858,0.6904763101892984,0.6427982926562729
MSR1,ENSG00000038945,chr8,16097877,16577490,4473,0.48308466574988324,0.620776407788504,0.6545409174845683,0.5454202422454635,0.697049208554843,0.2833122018289236,0.2819131499037637,0.68631709296005,0.6877161448852098
FGF20,ENSG00000078579,chr8,16982180,17012345,377,0.5002925605778863,0.583336479816222,0.5264622697690768,0.5302310208673714,0.5733698164967942,0.41084253803725107,0.389576403007575,0.464633750904095,0.485899885933771
MICU3,ENSG00000155970,chr8,17017237,17132642,961,0.3523952396600094,0.42739952057540204,0.387137134827868,0.3741999533180716,0.4158912194237777,0.2512138382290299,0.24431168840195377,0.3063532108128135,0.3132553606398897
ZDHHC2,ENSG00000104219,chr8,17146481,17234799,599,0.5298381664680201,0.6526777760203543,0.5673633827228121,0.5514153323471178,0.6025227863290196,0.4871617615206985,0.46827124780889734,0.5703405690312728,0.5892310827430739
CNOT7,ENSG00000198791,chr8,17214965,17256878,248,0.5206714193091933,0.6665843720727087,0.6807885340759985,0.5160761966603311,0.6786254478442975,0.3459164433239673,0.3445226221049069,0.7524489920330542,0.7538428132521147
VPS37A,ENSG00000155975,chr8,17236930,17312427,485,0.38578574360294066,0.6887649589038257,0.6132153510700928,0.35361933013985053,0.6278979050303494,0.3523655747312575,0.307493278048112,0.8148413183620993,0.8597136150452449
MTMR7,ENSG00000003987,chr8,17286793,17423528,1427,0.39342012288433476,0.6118724209548746,0.5402994128012562,0.38352534759203083,0.5614758255192742,0.3345800700639336,0.30290945761369026,0.6118411113697666,0.64351172382001
SLC7A2,ENSG00000003989,chr8,17487087,17580573,1052,0.4676012474645274,0.625683704957592,0.5640637902150968,0.47408387326762397,0.5687662983595576,0.39137865584927545,0.39208127974999585,0.5912754744588706,0.5905728505581501
PDGFRL,ENSG00000104213,chr8,17566432,17654071,1175,0.4431008901942946,0.43229457481163114,0.4643490945966133,0.5159457969463457,0.4845623469600621,0.2636255866495437,0.3144860368477185,0.30252702576618884,0.2516665755680141
MTUS1,ENSG00000129422,chr8,17633794,17810917,2342,0.42399728074498083,0.48069942520384845,0.4552617370744443,0.47430147653144367,0.4838588002776722,0.29973273372222853,0.31846244653030825,0.3555396875430198,0.33680997473494
FGL1,ENSG00000104760,chr8,17854379,17920365,756,0.3256166743189804,0.5527509718132254,0.49778566090950027,0.4482916866816555,0.5066533960233531,0.2549340233075801,0.34641610921326876,0.549705706151645,0.4582236202459563
PCM1,ENSG00000078674,chr8,17912839,18037975,1138,0.3406231286131971,0.5771597547840045,0.5083872796755646,0.4473619187411925,0.5113410597066806,0.2835784200425107,0.36886115083972426,0.5771824221131295,0.49189969131591604
ASAH1,ENSG00000104763,chr8,18045991,18094998,336,0.33997192195150966,0.5530182640843129,0.49437955796989563,0.38663014977673243,0.49647342358740826,0.26937072054241495,0.3039529699948431,0.5358668239099371,0.5012845744575092
NAT1,ENSG00000171428,chr8,18160476,18233689,0,,,,,,,,,
NAT2,ENSG00000156006,chr8,18381281,18411218,352,0.2882863063344406,0.5310771175350599,0.47390933094667204,0.3604532564488229,0.4842594421132221,0.22755740568682642,0.27108054288100075,0.5297595480813597,0.4862364108871855
PSD3,ENSG00000156011,chr8,18517302,19094730,5852,0.43403482767923784,0.47062785419452297,0.46486601918432063,0.453061692694524,0.48096850078290765,0.29002410444389826,0.29184608316820887,0.3460395007771949,0.34421752205288425
SH2D4A,ENSG00000104611,chr8,19303692,19406218,864,0.3391614121455305,0.3876813187718635,0.33257744327560207,0.34090360460189184,0.38015190004507593,0.2502080792633,0.2145535299589616,0.2402943317736171,0.27594888107795545
CSGALNACT1,ENSG00000147408,chr8,19394160,19768029,3791,0.37970644751133514,0.6909566360949401,0.6079421014470695,0.3921445389197439,0.6194475951646001,0.35774518359978624,0.35298022225580694,0.8165284920684878,0.821293453412467
INTS10,ENSG00000104613,chr8,19807390,19862083,367,0.42630785788240666,0.8462407681910374,0.806330768692979,0.403822292270416,0.7472614856876957,0.3932130628963275,0.5070919769236238,1.4791542669158328,1.3652753528885366
LPL,ENSG00000175445,chr8,19891716,19977259,715,0.26136714161130403,0.3502251608897875,0.39026759607406736,0.23467911611445805,0.3508712556593018,0.11967428373976094,0.13323262298510308,0.3114550937324103,0.2978967544870682
SLC18A1,ENSG00000036565,chr8,20134854,20193206,537,0.32553917006346744,0.6620963161950886,0.5520359428272249,0.4063377132745538,0.579123087277952,0.337896890857553,0.37051209427602627,0.7470974924072074,0.7144822889887341
ATP6V1B2,ENSG00000147416,chr8,20187380,20236819,321,0.4670278697367191,0.6291708042991769,0.5189566184583598,0.4414128581642193,0.617691893916529,0.4447510166623923,0.30641496029000814,0.5472626946704082,0.6855987510427923
LZTS1,ENSG00000061337,chr8,20236164,20313963,673,0.4746093698939376,0.5853550880998695,0.518949164465181,0.4462455032192347,0.46603274328096245,0.3960818337157439,0.42197291857085417,0.4842509252749741,0.4583598404198637
GFRA2,ENSG00000168546,chr8,21680397,21822357,736,0.33698172732018056,0.41061153117103105,0.3467272932442372,0.38743043341861977,0.334707271989572,0.2569309430914982,0.3056171976792357,0.27173883003195765,0.22305257544422016
DOK2,ENSG00000147443,chr8,21898872,21923690,159,0.5078134752546646,0.46130391113432534,0.5396621563420505,0.488627233826051,0.44235740634553006,0.2758533061531657,0.35261157283841715,0.34275040348873065,0.2659921368034792
XPO7,ENSG00000130227,chr8,21909661,22016585,587,0.3671166454539111,0.34713085428400897,0.23365564648637513,0.42468790652342886,0.2620697110983398,0.30886202222132764,0.3376576275186913,0.11751653697391456,0.08872093167655087
NPM2,ENSG00000158806,chr8,22014124,22046897,213,0.5188156826748082,0.5134191295672778,0.516755691466764,0.5121213437602414,0.491668695336177,0.3623120549268294,0.38070942598703467,0.35804010719397666,0.33964273613377144
FGF17,ENSG00000158815,chr8,22032397,22058809,139,0.40175070402616025,0.4214742957058801,0.36662180229238933,0.3454599846057052,0.3790026447366285,0.30216623157983585,0.24733320070362666,0.2451060690951356,0.29993909997134494
DMTN,ENSG00000158856,chr8,22038994,22092527,363,0.630604617531376,0.6647787577220053,0.6782270874691315,0.5760201046175311,0.6820083396966121,0.4774715144934556,0.4026518299246653,0.615493025937613,0.6903127105064031
FAM160B2,ENSG00000158863,chr8,22079149,22114911,0,,,,,,,,,
NUDT18,ENSG00000275074,chr8,22096873,22119419,0,,,,,,,,,
HR,ENSG00000168453,chr8,22104418,22143384,0,,,,,,,,,
CTD-2530N21.7,ENSG00000288677,chr8,22120603,22140708,88,0.3427970223718757,0.12673734335033218,0.17744613844337345,0.26036497371940404,0.22068307654024014,0.1799699752044434,0.09388992085693405,0.0,0.04162898081335731
REEP4,ENSG00000168476,chr8,22128019,22151951,29,0.5096748502474235,0.04532003977599834,0.2922348637520183,0.4690929583237275,0.3333848391886697,0.20671134154245752,0.13700254039862675,0.0,0.0
LGI3,ENSG00000168481,chr8,22136829,22167084,69,0.3732880407107756,0.45807661679030964,0.34268244508184065,0.355803434568026,0.3201090524240069,0.3301554247264485,0.333279577832726,0.28247522219993815,0.2793510690936605
SFTPC,ENSG00000168484,chr8,22146912,22174479,120,0.3566371084360086,0.45730162790219064,0.3349204116077811,0.3980224959259321,0.2997565887080314,0.32219968761426876,0.38120476330310527,0.289001909938517,0.22999683424968032
BMP1,ENSG00000168487,chr8,22155139,22222326,536,0.2815778024271868,0.32208230943929766,0.24160613525667624,0.3106810601551581,0.25322635456231146,0.22143742239936393,0.23439372669119113,0.16729197636494333,0.15433567207311616
PHYHIP,ENSG00000168490,chr8,22209702,22242101,237,0.4593084942225912,0.34441645536295745,0.479812856534935,0.3486523509676606,0.4102376886401444,0.1917846418244507,0.16145280149693325,0.2304448903024613,0.26077673062997886
POLR3D,ENSG00000168495,chr8,22235132,22264601,136,0.43362358119763944,0.4570669395168806,0.47060597725243253,0.31780371512120237,0.3968624033616129,0.27162166745635,0.2437985885803598,0.3391475763861015,0.36697065526209166
PIWIL2,ENSG00000197181,chr8,22265315,22367568,520,0.5300141712935378,0.5342114376174929,0.5039841971144889,0.3835118401686221,0.4564758874629106,0.4089643604639777,0.31902921526518596,0.3550591161514725,0.4449942613502642
SLC39A14,ENSG00000104635,chr8,22357277,22444129,626,0.3462959009578069,0.4589063966879691,0.30078139358072253,0.2810172751131269,0.35331762009343076,0.3407358149577291,0.2540904635549213,0.27342718108294284,0.36007253248575055
PPP3CC,ENSG00000120910,chr8,22430818,22551142,682,0.3966885484717593,0.32528608012081883,0.23400673694478508,0.352553331807908,0.22881287158407282,0.31610315416746637,0.2841805643594867,0.07736334618145224,0.10928593598943201
SORBS3,ENSG00000120896,chr8,22534985,22585788,362,0.38807168979031514,0.3924580158654352,0.3830356819971084,0.36280623589933564,0.3494839819511847,0.2532650258967772,0.2595130633744127,0.2450689705720942,0.23882093309445865
PDLIM2,ENSG00000120913,chr8,22568278,22608025,278,0.3402237467559518,0.4925620829513115,0.4335289029814672,0.29217259250552857,0.4289187634298214,0.26295309903983427,0.23185604373730118,0.41542780744794494,0.4465248627504781
AC037459.4,ENSG00000248235,chr8,22579273,22612084,232,0.2815644371434537,0.5030702145556015,0.43651688436467406,0.27398494417168195,0.46400710973984055,0.22818394533162395,0.19792834175768642,0.4711225943062215,0.501378197880159
C8orf58,ENSG00000241852,chr8,22589598,22614150,157,0.18906245783566025,0.4881691145573764,0.3807438573317984,0.13309191604418266,0.41061378724186254,0.20004448021718613,0.14195486672366614,0.4697165301569964,0.5278061436505164
CCAR2,ENSG00000158941,chr8,22594631,22631514,286,0.2976397202751463,0.5267547068133039,0.4136397252941946,0.27178616220870505,0.4690757945022961,0.2838146736124111,0.2160829841238236,0.4643267610525292,0.5320584505411168
BIN3,ENSG00000147439,chr8,22610417,22679148,532,0.39859411530656486,0.45057954616526136,0.4095827304332896,0.3723855380066586,0.4523697292418964,0.290225372295961,0.23128279176645072,0.30866590431367,0.3676084848431803
EGR3,ENSG00000179388,chr8,22677658,22703480,127,0.3788562515067435,0.4972441425814175,0.3796164630239635,0.4878359703325115,0.4563810794321342,0.3432129801218399,0.3736270715913357,0.3444376195174094,0.3140235280479136
PEBP4,ENSG00000134020,chr8,22703250,23010000,2196,0.4025891724857369,0.4880587033836377,0.46979139111764456,0.40218063377016217,0.46618651066273287,0.27510540815922147,0.27815158872477064,0.3944399074029674,0.39139372683741824
RHOBTB2,ENSG00000008853,chr8,22977416,23030199,364,0.5593063556559598,0.7054993334049086,0.6022738807181962,0.5392255424895087,0.6151957727702762,0.5599438441474873,0.521150019786087,0.6625301682647842,0.7013239926261844
TNFRSF10B,ENSG00000120889,chr8,23010132,23079031,482,0.45776605137128246,0.5558018654211205,0.46982324486501054,0.46361167101088047,0.4448993729820981,0.39449873519670753,0.4228877905788466,0.41698583184117055,0.3885967764590315
RP11-875O11.4,ENSG00000284956,chr8,23074402,23125536,389,0.33872269230847163,0.30382855005077225,0.2725788861357037,0.31536455153019205,0.2565519795063964,0.22874579603454534,0.22228582990555776,0.1334135168149879,0.13987348294397545
TNFRSF10C,ENSG00000173535,chr8,23092920,23127445,298,0.3458703958658933,0.28582019268013287,0.2627694838476369,0.31975613180837253,0.28636546526598344,0.2281078168474468,0.1922700644883413,0.10851270051899861,0.1443504528781041
TNFRSF10D,ENSG00000173530,chr8,23125587,23174027,1154,0.3818021500567696,0.30194232863125675,0.26390435214202584,0.3559350631059941,0.28652467169586976,0.2670025353741331,0.23090092954835711,0.09245102052133011,0.128552626347106
TNFRSF10A,ENSG00000104689,chr8,23180451,23235102,365,0.5194819099102459,0.4918576357930026,0.3650443400104187,0.4529156140691422,0.32952931639160465,0.4778419598289908,0.44018527189286094,0.19915166633385667,0.23680835426998642
CHMP7,ENSG00000147457,chr8,23233636,23272000,243,0.4928120104314995,0.4341817368586909,0.41138077437458936,0.391379350856676,0.4199445743422412,0.3591900589018764,0.26070541841887324,0.21029228329380717,0.3087769237768104
R3HCC1,ENSG00000104679,chr8,23260119,23306279,310,0.4183734900024525,0.5240909976687077,0.41290126785196263,0.3945656069295538,0.4424043836917848,0.37594655590955783,0.33010820341845964,0.3665820586896889,0.41242041118078715
LOXL2,ENSG00000134013,chr8,23286896,23435328,1215,0.3644239141447932,0.4480653970162102,0.36362962008706723,0.40458940602428395,0.380628173561433,0.2977873276664996,0.3168901261872998,0.29653838491245843,0.27743558639165833
ENTPD4,ENSG00000197217,chr8,23375782,23467695,566,0.30648825048101125,0.4569672488761372,0.3390939414350647,0.2961452031616112,0.3353817706382127,0.2812145866695637,0.2766131749726235,0.3293710590522876,0.33397247074922776
SLC25A37,ENSG00000147454,chr8,23518955,23585463,614,0.3451225297683749,0.4526631665396583,0.3593436654534174,0.3624221964162064,0.404297949441503,0.2903679532960113,0.2673775976291713,0.3123229294895776,0.33531328515641756
NKX3-1,ENSG00000167034,chr8,23668696,23692938,177,0.4773745404226067,0.4629751693245906,0.43524719937955786,0.4265553147006794,0.4631809622763879,0.34961699563188786,0.2778552576665304,0.27209395029139083,0.34385568825674834
NKX2-6,ENSG00000180053,chr8,23691739,23716756,202,0.26898627496135347,0.5045410003874846,0.411871348055922,0.308456345063341,0.4478847170104217,0.24239207931670625,0.2385506323459896,0.4598785948033127,0.4637200417740294
STC1,ENSG00000159167,chr8,23831928,23864806,167,0.3411355369976446,0.45541501752069863,0.4280468497204511,0.2948762523941312,0.4242469382002351,0.2331352573626263,0.2025184075683883,0.37459601708267726,0.40521286687691516
ADAM28,ENSG00000042980,chr8,24284068,24369014,669,0.4954400263255475,0.5089814524022536,0.4095033353338195,0.565251882583877,0.4668391097341917,0.4342753269363957,0.4576648951605431,0.27699804981652404,0.2536084815923767
ADAMDEC1,ENSG00000134028,chr8,24374284,24416013,347,0.3108017684049427,0.291731142723241,0.3147401595907099,0.3668736306070939,0.3426863226863229,0.1696003360428856,0.19121141046247195,0.17533117941291865,0.15372010499333227
ADAM7,ENSG00000069206,chr8,24430929,24536970,746,0.445851844832276,0.39292042622124823,0.31714065754281345,0.4319641813547665,0.3517585815878828,0.3539761107379784,0.31558705574696544,0.1451192922367141,0.18350834722772713
NEFM,ENSG00000104722,chr8,24903757,24929098,136,0.6093690278764907,0.8133465479234637,0.755208057142496,0.5876229590330767,0.7830144529855096,0.6055734533984166,0.5181971238708376,1.072928125475666,1.1603044550032449
NEFL,ENSG00000277586,chr8,24940954,24966721,190,0.5164993345939674,0.6667872921302521,0.5486655849502547,0.5308686037332778,0.5800549913404657,0.5150650504730332,0.4941075548351711,0.5839091800788947,0.6048666757167568
DOCK5,ENSG00000147459,chr8,25174688,25428082,0,,,,,,,,,
GNRH1,ENSG00000147437,chr8,25409257,25434654,101,0.4185251804577222,0.5193186226234147,0.5075269234242122,0.48345881314773576,0.4787648432035194,0.2832113846531794,0.37079845720687515,0.4493392608148345,0.3617521882611387
KCTD9,ENSG00000104756,chr8,25417846,25468476,270,0.4121245992346547,0.5404178698804004,0.4476719425719812,0.4313617855364082,0.4836097799160167,0.357532384918641,0.34052796516934397,0.41990523022077586,0.4369096499700728
CDCA2,ENSG00000184661,chr8,25449198,25517911,395,0.44261090542863724,0.5425981484183732,0.4836220212283578,0.4877107599550082,0.5142008552314824,0.3528842068125073,0.3645494089781628,0.4293087425313662,0.4176435403657107
EBF2,ENSG00000221818,chr8,25831724,26055413,1495,0.3809062509651414,0.47151494751158146,0.3595896173748819,0.4164815630153704,0.40042240859189826,0.33579661853204135,0.3324450507363199,0.30194413843775014,0.3052957062334716
PPP2R2A,ENSG00000221914,chr8,26281507,26382680,409,0.511917437646894,0.6450394879949021,0.5948495201822649,0.47530865912768483,0.5993992618308718,0.42476135299595313,0.3829519139106546,0.6109873764861611,0.6527968155714599
BNIP3L,ENSG00000104765,chr8,26373053,26515636,962,0.45291996362124437,0.43410553977547195,0.4152882171330892,0.4726207306718714,0.4298301361411081,0.31793581032825124,0.32368102078028477,0.2514118738720581,0.24566666342002447
PNMA2,ENSG00000240694,chr8,26494700,26524092,226,0.39828501271401817,0.2715745806992248,0.2094926117793141,0.48668464627893376,0.32988376452943374,0.29488057350295394,0.29171541824882863,0.02198946078710967,0.025154616041235034
DPYSL2,ENSG00000092964,chr8,26504030,26668178,0,,,,,,,,,
ADRA1A,ENSG00000120907,chr8,26738149,26877278,1161,0.4054733983233539,0.38873725320026037,0.32981085055862946,0.39555522485158906,0.3515342819002838,0.30601145422991116,0.2812636070489758,0.18621693052047306,0.21096477770140842
STMN4,ENSG00000015592,chr8,27225322,27268420,255,0.518841099289447,0.5139904049847398,0.5122018210357809,0.49418777812466297,0.5478122456414786,0.367615547301379,0.30472944719031936,0.3539113651453979,0.41679746525645756
TRIM35,ENSG00000104228,chr8,27274885,27321272,271,0.43081748604762277,0.48314952401270117,0.4303802027607062,0.35854997211517803,0.4488638688724625,0.33038481578057727,0.2541261097189074,0.32961684524853524,0.40587555131020514
PTK2B,ENSG00000120899,chr8,27301481,27469391,1215,0.5379101128134401,0.7664659410126684,0.6184522898160921,0.479837276453441,0.716320162956822,0.6314519094036548,0.4240659624879314,0.8229754402057109,1.0303613871214345
CHRNA2,ENSG00000120903,chr8,27449755,27489883,357,0.48128282568446673,0.6930424748153338,0.6471858426869944,0.5396934748810875,0.5753022695119983,0.39781427803251046,0.5502654812000062,0.7832316173816299,0.6307804142141342
EPHX2,ENSG00000120915,chr8,27480780,27555564,555,0.22199796910544203,0.4226369319602628,0.5140919282792283,0.17904711286587452,0.47861866835428274,0.03928714745635792,0.04764997491079265,0.5099968288647376,0.5016340014103029
CLU,ENSG00000120885,chr8,27586916,27624700,259,0.37175864650860513,0.5727758533173214,0.5013951460128246,0.2670132263951257,0.5443461359973089,0.30966798129647904,0.18752613168826815,0.5407784885034341,0.662920338111645
SCARA3,ENSG00000168077,chr8,27623867,27686776,370,0.2509655812430644,0.4297343726224825,0.30411931604985865,0.28269770034343045,0.31818012294603354,0.24402314644261083,0.25546057885621265,0.3176298673182261,0.30619243490462433
CCDC25,ENSG00000147419,chr8,27723315,27782653,423,0.41238075123279766,0.7578556625357882,0.6233232121163496,0.38733788049273715,0.6437047270002,0.4867647929692654,0.4380837540637751,0.9314565018507974,0.9801375407562876
ESCO2,ENSG00000171320,chr8,27761948,27822640,476,0.26576020060541145,0.5996709194274247,0.5230334448707067,0.25800591630728564,0.5002695314647234,0.24203953232091802,0.26009799457324567,0.6734288363551241,0.6553703741027965
PBK,ENSG00000168078,chr8,27799623,27848082,398,0.19718166878455098,0.3883995218123495,0.36636392854214517,0.181799746757223,0.35854029905539914,0.1275111710724635,0.12415763504982899,0.3641648519916801,0.3675183880143146
SCARA5,ENSG00000168079,chr8,27859882,28002673,1264,0.45447534802306244,0.5523731525478447,0.49523640009424014,0.43714859167808057,0.4642076362356215,0.36306876416902994,0.3772631817493863,0.4407265592711808,0.42653214169082454
NUGGC,ENSG00000189233,chr8,28011963,28093936,619,0.3361486438402667,0.4617942126207994,0.4076469344179708,0.3461238828488763,0.36751703579289074,0.2527794379996726,0.29312483175762144,0.3667348495345413,0.32638945577659256
ELP3,ENSG00000134014,chr8,28079672,28201156,761,0.4466545927457856,0.6862327813052738,0.5865597179486137,0.43908600876999576,0.5788166515645379,0.43381729015850884,0.43630228756796313,0.7252866195815868,0.7228016221721325
PNOC,ENSG00000168081,chr8,28306985,28353355,326,0.4375251859659219,0.6618787277165331,0.6793274795177304,0.4728595345186786,0.5617197218079787,0.26121235652985164,0.44987110672164654,0.8231382975822801,0.6344795473904852
ZNF395,ENSG00000186918,chr8,28335589,28412701,363,0.3676515387385602,0.5979805887715159,0.5963596717659733,0.3647651241184534,0.5206233145711544,0.23116925235711677,0.31487338955675526,0.6800856525337414,0.596381515334103
FBXO16,ENSG00000214050,chr8,28338286,28500278,900,0.4198258626165121,0.5605236418552353,0.5706061208139437,0.3959123246522009,0.5338655589909527,0.26060884578836185,0.28146305159841567,0.5615625101325634,0.5407083043225097
FZD3,ENSG00000104290,chr8,28484204,28584267,594,0.563116573901072,0.7469186471726326,0.6695176014728593,0.4257743431657367,0.6140853406634535,0.5474656450119507,0.4883190475230465,0.8265786442523068,0.8857252417412109
EXTL3,ENSG00000012232,chr8,28590468,28765599,984,0.31937228799137474,0.321840823751561,0.26535680864039074,0.3300615184361308,0.2729754776476048,0.23237134725666908,0.23507378180455366,0.15600189811220777,0.15329946356432317
INTS9,ENSG00000104299,chr8,28757660,28900242,738,0.4064981246413045,0.33826899841474173,0.3725216363702226,0.4490524860720747,0.4383078495420933,0.23428248195340623,0.21610526193913893,0.17861366568723708,0.19679088570150433
HMBOX1,ENSG00000147421,chr8,28880394,29074764,795,0.5118256546840472,0.5259787394907155,0.5283167961772337,0.5105750706300007,0.4856075012433807,0.35606903987992833,0.3981293034270306,0.3904340650179007,0.34837380147079827
KIF13B,ENSG00000197892,chr8,29057277,29273124,1220,0.3961695825817215,0.564666168410563,0.5260981296482241,0.41029224914922935,0.5142615681988008,0.2946744981572661,0.31884265474094925,0.5369676151179708,0.5127994585342877
DUSP4,ENSG00000120875,chr8,29323063,29360684,208,0.29953759588714024,0.24400926465853268,0.14288866029214725,0.2550972515565541,0.17123750887860165,0.24077664579634003,0.19320305024500478,0.03894951192068413,0.08652310747201936
SARAF,ENSG00000133872,chr8,30053002,30093208,246,0.7088064657251711,0.8206481760883544,0.8548024381424799,0.7150154735581504,0.8382038477440696,0.5112565518875056,0.5761541216786716,1.2071493536021414,1.1422517838109751
LEPROTL1,ENSG00000104660,chr8,30085407,30187208,554,0.6435377203925975,0.7461188028304541,0.7825655324989713,0.6924060191643749,0.7988474440466622,0.4382789643205366,0.47308589239705645,0.932609884740728,0.8978029566642081
MBOAT4,ENSG00000177669,chr8,30121670,30154665,200,0.7432684082215225,0.8719025930411575,0.8699000395865846,0.7743020042540681,0.8499151277851498,0.687618122335679,0.8234837289188841,1.3673461902683786,1.2314805836851732
DCTN6,ENSG00000104671,chr8,30146318,30193639,216,0.5486591244983244,0.5717727703705044,0.6200554783465981,0.5931079171481549,0.6131128227317598,0.33795184241112847,0.3988432176342114,0.5101494715229606,0.4492580962998778
RBPMS,ENSG00000157110,chr8,30374510,30582256,0,,,,,,,,,
GTF2E2,ENSG00000197265,chr8,30568317,30668236,539,0.47568188712627774,0.5519083486397366,0.42241967750066334,0.5278543524247611,0.42631637703270947,0.44975321105433735,0.4987740200344926,0.3530042775070707,0.30398346852691543
SMIM18,ENSG00000253457,chr8,30628579,30656064,165,0.4612722739475344,0.47793306629513516,0.3941574476031629,0.5242293449313731,0.4276562259703917,0.38368465740364066,0.4173816835958212,0.266274816427796,0.23257779023561542
GSR,ENSG00000104687,chr8,30668065,30737846,432,0.546450396916454,0.6234629159933519,0.5798344917912085,0.6548150270842538,0.6051822067165368,0.4501413993921827,0.5555413444071977,0.5265973405028828,0.42119739548786805
UBXN8,ENSG00000104691,chr8,30719130,30777006,379,0.4251322494516107,0.42365833635156347,0.48974967453455787,0.4661233312343398,0.5078527549389236,0.21590802616537869,0.23483386173122728,0.33514660191800216,0.3162207663521536
PPP2CB,ENSG00000104695,chr8,30764456,30824314,328,0.3961776220297916,0.40949753630099206,0.1606131017860784,0.39373726421073996,0.180152345545169,0.42808656745743673,0.41429327867860155,0.09869490367074069,0.11248819244957592
TEX15,ENSG00000133863,chr8,30821543,30923008,545,0.4194999331085557,0.5385504544950519,0.4460278099367633,0.49350871753341147,0.52739323839658,0.3633035644379516,0.3520695589361995,0.4100789937611419,0.4213129992628939
PURG,ENSG00000172733,chr8,30985801,31043715,290,0.4174387659916878,0.47541560467738686,0.4016300174266176,0.4371539268038973,0.3613730023500644,0.3359619588823143,0.3857316637060162,0.3091869989680001,0.2594172941442982
WRN,ENSG00000165392,chr8,31023787,31186138,907,0.44959667677844267,0.5588208503464567,0.49254246042870126,0.47916216018471774,0.5180710436240018,0.36853298404999174,0.3703311077051665,0.44977126693436587,0.4479731432791911
NRG1,ENSG00000157168,chr8,31629221,32865666,0,,,,,,,,,
RP11-317J8.1,ENSG00000286131,chr8,32637201,32657390,87,0.42455661579391707,0.6502397407660567,0.5823214032761598,0.3793161305848117,0.6546928681075023,0.36503935780246577,0.23205985292080744,0.6854679750151274,0.8184474798967858
FUT10,ENSG00000172728,chr8,33360823,33483146,731,0.309851616481147,0.3774944082045316,0.29326991495890004,0.2929817979512284,0.31497067480039664,0.24887243139195447,0.22120395234932305,0.2251302364876998,0.2527987155303311
TTI2,ENSG00000129696,chr8,33463385,33523185,368,0.34398611314458444,0.5384706261881024,0.45906812990857926,0.41155927360188,0.44322245022527834,0.2901604792116273,0.35894958239596025,0.48304909928992834,0.4142599961055953
MAK16,ENSG00000198042,chr8,33475181,33511262,215,0.36690516891922986,0.5545299550316654,0.4864980048022854,0.43850138543724304,0.434659090909091,0.299629482625601,0.4077224473896637,0.5089957908346407,0.40090282607057814
RNF122,ENSG00000133874,chr8,33537753,33577128,241,0.3394733407691653,0.47504693859023267,0.36979346213208775,0.3869404065705581,0.4043222995926297,0.2987282727128593,0.30784201482369955,0.3457181545132222,0.3366044124023819
DUSP26,ENSG00000133878,chr8,33581329,33610023,161,0.3411117169514115,0.3248357144170482,0.23125194233576796,0.400275136762551,0.23829418449689732,0.2735042645044756,0.3159443275749059,0.11929496716989355,0.07685490409946322
UNC5D,ENSG00000156687,chr8,35225474,35806550,3033,0.46272747227271926,0.6053273745360138,0.5461420528366446,0.45543277045716524,0.5453497349417523,0.3804887225943937,0.3746178620980477,0.5492099314218613,0.5550807919182073
KCNU1,ENSG00000215262,chr8,36774323,36946125,1038,0.2861273018470392,0.2859097435451189,0.2276369917589656,0.29175268161889767,0.23519611878082117,0.20774795996337453,0.20678599956399224,0.12899795506752468,0.12995991546690688
ZNF703,ENSG00000183779,chr8,37685781,37710019,92,0.5409288610178808,0.6354161127840625,0.771004447608586,0.5512641541027309,0.8065141098070042,0.15674800365616548,0.08388440177077183,0.852250607102554,0.9251142089879474
ERLIN2,ENSG00000147475,chr8,37726600,37768422,187,0.3424268923390721,0.5414431124180048,0.5286910085079568,0.36064321525479864,0.5291836050617342,0.223314442661028,0.23683823647444602,0.556356479077864,0.542832685264446
PLPBP,ENSG00000147471,chr8,37752594,37789768,193,0.2926659066209,0.4904742435335469,0.46711385041445697,0.2955935903626706,0.5150265135067567,0.1955397842264719,0.15050681078521183,0.47873509093400646,0.5237680643752666
ADGRA2,ENSG00000020181,chr8,37774190,37854896,455,0.3214491439091979,0.33249145420655224,0.302466008997928,0.3493258956816601,0.3226837452542554,0.21589745052826653,0.2221662411541742,0.18830563557460653,0.18203684494869884
BRF2,ENSG00000104221,chr8,37833267,37859861,168,0.4559562139805148,0.360474039043477,0.3969976096134933,0.4604856514525886,0.3306428487087361,0.27495974566501524,0.3313382294158005,0.1720683174122425,0.11568983366145735
RAB11FIP1,ENSG00000156675,chr8,37848617,37909497,334,0.4490316022803117,0.4279048243564246,0.4081006748278623,0.4807428155610499,0.3803405873132115,0.3150545094763341,0.3676103021684024,0.24339540098217788,0.19083960829010965
GOT1L1,ENSG00000169154,chr8,37924280,37950124,139,0.2954359909376398,0.34731271246339734,0.31022897304319147,0.3087121259438722,0.30712538269050654,0.20271883157306175,0.21447493183349464,0.2239383186902225,0.21218221842978963
RP11-205M5.4,ENSG00000285880,chr8,37924339,37975953,281,0.2885146340287825,0.2834135440837487,0.20750605167915112,0.31242898920248247,0.21839957740269877,0.22054319742010714,0.23071745177037215,0.11271317734948666,0.1025389229992216
ADRB3,ENSG00000188778,chr8,37952989,37976599,136,0.23195114169096478,0.16469508172856015,0.03833965434009185,0.20441693782234321,0.04463965861359011,0.2023832088877202,0.18148589098024764,0.0,0.0
EIF4EBP1,ENSG00000187840,chr8,38020533,38070365,276,0.5185231845654878,0.4879607684840797,0.4194740942905458,0.539630148102363,0.4395822808370336,0.4282151900695825,0.4330031366361163,0.2411388427539879,0.23635089618745403
ASH2L,ENSG00000129691,chr8,38095492,38154076,317,0.6985787389256802,0.565299845916795,0.5669597233370622,0.6951093004388625,0.6202005530537623,0.597710351571017,0.5263943892245382,0.235388434957718,0.3067043973041965
STAR,ENSG00000147465,chr8,38132699,38160992,139,0.7116495624361125,0.6492170807009123,0.6887637720704148,0.7645786486440282,0.6646810315875065,0.5619816860140492,0.7006465202786347,0.4856060243650474,0.34694119010046176
LSM1,ENSG00000175324,chr8,38153334,38186730,123,0.4172656453450693,0.43938415598448016,0.41691737495272846,0.37502517405459557,0.2133619939907829,0.28965842408136844,0.4043880916291003,0.2890609539659646,0.17433128641823284
BAG4,ENSG00000156735,chr8,38166532,38223301,194,0.22269642543724405,0.270699092102266,0.15032896176625749,0.27046660340014134,0.3405021457110443,0.20234357495953975,0.1073712178376301,0.11332528914392945,0.20829764626583908
DDHD2,ENSG00000085788,chr8,38215217,38285558,227,0.13621659410758372,0.14505369854089425,0.10475490018721717,0.1559858608209951,0.11963291291193534,0.09624605144976278,0.09944316760063478,0.06047056587893758,0.05727344972806561
PLPP5,ENSG00000147535,chr8,38253129,38279243,86,0.05078523208180267,0.02274627811213177,0.0045458422925924126,0.10931599457666434,0.028854379153780352,0.035286477996772266,0.05474783992047698,0.0,0.0
NSD3,ENSG00000147548,chr8,38259703,38392272,382,0.15705002048230185,0.18639104794077896,0.15483097010017377,0.166850332923188,0.14860233849893115,0.10445222702970067,0.1139707198179127,0.10182320425597764,0.09230471146776562
LETM2,ENSG00000165046,chr8,38376206,38419527,143,0.11527910604651675,0.13432237554112555,0.10528344236534586,0.13531773378379996,0.11301661844661552,0.07773872469419403,0.0848534136325135,0.06650397316139593,0.05938928422307645
FGFR1,ENSG00000077782,chr8,38390214,38478834,383,0.31064947456526243,0.4300335326750422,0.38248281286721403,0.2848001156903363,0.3641750198475452,0.22606738191585996,0.22226951203396814,0.33611036722264964,0.33990823710454143
TACC1,ENSG00000147526,chr8,38718185,38863028,440,0.2235864361491192,0.36690714857704304,0.24234244580109857,0.21814164231765812,0.27038043123375693,0.21634218482715797,0.19399392332632387,0.2407959980555411,0.26314425955637516
PLEKHA2,ENSG00000169499,chr8,38891234,38983912,0,,,,,,,,,
HTRA4,ENSG00000169495,chr8,38964227,38998663,0,,,,,,,,,
TM2D2,ENSG00000169490,chr8,38978807,39006824,183,0.3141536815439245,0.3924855555461532,0.2352434529022971,0.45200991470883667,0.21601944732033732,0.3036416471034632,0.4282531738542945,0.19473768006787576,0.07012615331704447
ADAM9,ENSG00000168615,chr8,38986753,39115445,669,0.4102799853443714,0.43904636361969873,0.33263071698515356,0.4769427540607919,0.37700912243590395,0.35090634452366437,0.37647899123069295,0.22721067694942282,0.20163803024239418
ADAM32,ENSG00000197140,chr8,39096989,39294917,1192,0.48405734008226636,0.46542855371574016,0.4255359979913663,0.46129374875973933,0.36723730914189434,0.36686584429447544,0.3936074550184145,0.25942404377430145,0.2326824330503624
ADAM18,ENSG00000168619,chr8,39574488,39740065,1105,0.4691360786807935,0.4631452403425055,0.3864667648272219,0.525319937165259,0.39922749725674256,0.38337820164499303,0.4288014968690997,0.23864948559801596,0.19322619037390926
ADAM2,ENSG00000104755,chr8,39733734,39848289,686,0.4695843816604351,0.5194245411646022,0.4872549720903795,0.3894643572525603,0.4085568817327376,0.349444417898273,0.3504999297103584,0.383326602682044,0.3822710908699587
IDO1,ENSG00000131203,chr8,39892274,39938790,299,0.47013756812531143,0.3165519015098865,0.3128554266072073,0.45237738648483494,0.3076836002070845,0.3202659309793633,0.30753062431150013,0.06033862963036357,0.07307393629822673
IDO2,ENSG00000188676,chr8,39924613,40026391,860,0.4588376819103512,0.45185864364743983,0.3725932203169466,0.4210304999713545,0.3624060308777006,0.3745489550810433,0.34883697262898417,0.22667312066787543,0.2523851031199347
TCIM,ENSG00000176907,chr8,40143481,40165310,184,0.6902675897613609,0.8175840393712985,0.764483634874821,0.7094955207311489,0.7871531535147368,0.7137686859037894,0.6952097914388199,0.9876970158194917,1.006255910284461
ZMAT4,ENSG00000165061,chr8,40520589,40907833,2624,0.43619715035141643,0.5833640343697268,0.5434252456543198,0.4776474869264891,0.5765543757982933,0.3322951157843745,0.3328124299117123,0.5432473067715576,0.54272999264422
SFRP1,ENSG00000104332,chr8,41251961,41319473,467,0.33151112478238687,0.26704451269451274,0.2134635006082047,0.32667773902931013,0.2687481553087843,0.23664483973155026,0.1966020846899541,0.07402546593981885,0.114068220981415
GOLGA7,ENSG00000147533,chr8,41480395,41520980,236,0.5966228384716428,0.48216392342060804,0.5288620873228322,0.42626336077177795,0.48289313530325895,0.40668769585385006,0.277087810809577,0.25140884543102743,0.3810087304753005
GINS4,ENSG00000147536,chr8,41519217,41555030,226,0.3695925166067894,0.3579822889070457,0.3222539858122046,0.37845355297688155,0.35330769932643474,0.25777279318817486,0.2413996746083284,0.18536659511232248,0.20173971369216898
GPAT4,ENSG00000158669,chr8,41567186,41635001,385,0.3259653604168534,0.31737738091708195,0.22542208335805786,0.34898283779385736,0.2666042171329387,0.26042493003625833,0.2504813036054827,0.12138817636403379,0.1313318027948095
NKX6-3,ENSG00000165066,chr8,41635176,41660817,177,0.3587278764456452,0.5485503122966013,0.4721070221218388,0.34084214072773045,0.4736732843027691,0.300365509590759,0.2851252244671566,0.49492583640156107,0.5101661215251635
ANK1,ENSG00000029534,chr8,41643219,41906762,1793,0.40499736724400126,0.4620194250751067,0.4670281406039776,0.41402790084513064,0.46888824197659096,0.25491781068280756,0.260816557832098,0.3650150148769444,0.35911626772765404
KAT6A,ENSG00000083168,chr8,41919478,42061994,557,0.2986936534750858,0.4431513486414043,0.3723474786447298,0.30554095437453965,0.38162378525707863,0.23725184764489352,0.2347128200704797,0.34820994941254113,0.35074897698695484
AP3M2,ENSG00000070718,chr8,42142945,42181673,242,0.27175520920940865,0.45458643417580125,0.41884322951906755,0.2501466958426379,0.3301100054346808,0.1902971210587247,0.2467234272307127,0.41591381465624205,0.3594875084842541
PLAT,ENSG00000104368,chr8,42164717,42217709,309,0.3958049715758663,0.2995786402533963,0.3632592642964433,0.3977835727633957,0.32079248844059444,0.2042693531939797,0.23819149125746403,0.15180382934431952,0.1178816912808352
IKBKB,ENSG00000104365,chr8,42261301,42342460,428,0.46243625762690044,0.5255225169928847,0.4826501693636321,0.5459426075964164,0.5075370462972094,0.35360653672830555,0.41336837402138726,0.39193457947711324,0.33217274218403137
POLB,ENSG00000070501,chr8,42328453,42381808,259,0.4460755942481893,0.43535459793573966,0.43591942584346915,0.5327198371537617,0.4450030073512698,0.29486311468892706,0.37179552433996266,0.2766942371403732,0.19976182748933774
DKK4,ENSG00000104371,chr8,42364062,42387229,103,0.39293322018106475,0.2806130465058108,0.10641229835459694,0.3948637298672249,0.10317842468266203,0.35798078345705475,0.36137957008552324,0.0,0.0
VDAC3,ENSG00000078668,chr8,42381623,42415937,126,0.2876934780118435,0.2600656180960859,0.021515157693895164,0.33463380609160653,0.049039144277239516,0.30934536930475975,0.32916455685816404,0.0,0.0
SLC20A2,ENSG00000168575,chr8,42406474,42551926,0,,,,,,,,,
SMIM19,ENSG00000176209,chr8,42531154,42565195,180,0.5067421987070838,0.42718376557411936,0.2126061932917578,0.43821026674540653,0.26587962796536146,0.512443436807472,0.41236784575520935,0.04474688470590876,0.1448224757581713
CHRNB3,ENSG00000147432,chr8,42687365,42747407,77,0.5158950099224139,0.8029911502710447,0.5353506547399292,0.6675816179379624,0.7456755272519318,0.7917439244147848,0.678361584912592,0.8327627043563416,0.9461450438585345
CHRNA6,ENSG00000147434,chr8,42742619,42806392,238,0.471706257885332,0.5395464495373289,0.2406393497710782,0.4785809453596438,0.20878224553739685,0.5691838333741156,0.5962812349923373,0.2063594626164894,0.1792620609982677
THAP1,ENSG00000131931,chr8,42826673,42853325,90,0.40110118695583225,0.31025315435672324,0.14316088206573943,0.46003634625063555,0.4669901157437577,0.36479407782601325,0.1792343891134225,0.006636561257620743,0.19219624997021145
RNF170,ENSG00000120925,chr8,42839636,42907290,217,0.31873282360192073,0.3311021501924171,0.22147901186707158,0.3182170030036274,0.2550732922821356,0.2677826566404413,0.2453491675158047,0.13434126474248373,0.15677475386712034
HOOK3,ENSG00000168172,chr8,42886945,43040535,581,0.25248038397167377,0.3694250299297618,0.2682464998681318,0.26119359635478206,0.3881634143924786,0.2199031933001199,0.13627626943102558,0.24122003160391745,0.3248469554730118
RP11-598P20.5,ENSG00000254673,chr8,43008423,43087334,293,0.4832458983948233,0.7045044742376998,0.7225117815234211,0.5865395164429318,0.7328662871423783,0.29865646199953433,0.39114448481173014,0.9204451214954106,0.8279570986832149
FNTA,ENSG00000168522,chr8,43024193,43095788,284,0.5281002502887903,0.735437257637318,0.7219078579633398,0.6410499796131067,0.8197930034013056,0.4004313906076996,0.32029992803336826,0.9292454540051458,1.0093769165794773
POMK,ENSG00000185900,chr8,43083497,43141180,237,0.44169664422642513,0.5519710442381817,0.6405045942213919,0.5057238928332787,0.6576298121037785,0.18134817493256883,0.21784785261803186,0.621549240326315,0.5850495626408521
HGSNAT,ENSG00000165102,chr8,43130463,43212855,360,0.561494139906083,0.6521715894809705,0.694019534726934,0.659699895026178,0.7779955130465249,0.3480970396449766,0.3144578486092108,0.7079489543844399,0.7415881454202059
SPIDR,ENSG00000164808,chr8,47250877,47746306,0,,,,,,,,,
CEBPD,ENSG00000221869,chr8,47726912,47748164,64,0.1634936713021422,0.06281557828059157,0.05756505543285926,0.02239853076216712,0.0491564510256099,0.09205400058011085,0.018561320105815383,0.0,0.04631387453255016
PRKDC,ENSG00000253729,chr8,47763110,47970178,832,0.37672537599977074,0.37984460618783317,0.3728787818811859,0.42688472597712207,0.4366549216070036,0.24196890939852375,0.23029534631457105,0.23581628776731153,0.24748985085126424
MCM4,ENSG00000104738,chr8,47950184,47988160,158,0.5577734901196942,0.5345478019116363,0.29580250037999956,0.6111580090870478,0.6521131143742777,0.6149912581859661,0.3267250972435114,0.14975461874323603,0.43802077968569075
UBE2V2,ENSG00000169139,chr8,47998414,48074708,250,0.5436718279793374,0.5489082923116277,0.5496016414280994,0.6402693388277125,0.6097609549323193,0.3915024117226586,0.4387442582806274,0.40458220543844486,0.357340358880476
EFCAB1,ENSG00000034239,chr8,48700788,48745311,192,0.5123450564464085,0.36171404840110244,0.3508345514118536,0.6297337111136182,0.43924195104157476,0.3675242179415029,0.43201798839624034,0.08144467810918965,0.01695090765445212
SNAI2,ENSG00000019549,chr8,48907597,48931740,103,0.43241058103055807,0.3274072808164358,0.409945029497729,0.37031751261799817,0.40640020724172193,0.2177163520555091,0.1688024716428555,0.17889895256224142,0.22781283297489502
PPDPFL,ENSG00000168333,chr8,49044310,49086093,296,0.41612634970697404,0.5329020914361774,0.42943271179477355,0.4332393388097478,0.47981939990846467,0.36908144508056,0.3377276739061241,0.3921349438948198,0.4234887150692557
SNTG1,ENSG00000147481,chr8,49899788,50806692,6814,0.4856546617576151,0.514050995488527,0.4964989482287652,0.507409319457675,0.5202380620144629,0.35017124325604176,0.3476315206626732,0.3714803463197716,0.37402006891314005
PXDNL,ENSG00000147485,chr8,51309576,51819445,3728,0.4726209112344936,0.42108121624920364,0.44643495099659725,0.48831797854848186,0.48020298340502,0.29752636296360907,0.2811640417599898,0.24906671814472509,0.26542903934834433
PCMTD1,ENSG00000168300,chr8,51807574,51909186,610,0.6506441839131424,0.601414692948133,0.5150351405250192,0.6970501615014724,0.5400261072167185,0.6239096168602931,0.6687181120134329,0.29592411640772764,0.25111562125458786
ST18,ENSG00000147488,chr8,52100838,52470959,2518,0.43990109011492806,0.48372450394923167,0.5505704943458799,0.5009895460838567,0.5483596616188634,0.22049018461630426,0.2806869275894456,0.4406245642868092,0.3804278213136679
ALKAL1,ENSG00000196711,chr8,52524036,52575430,277,0.3468386166032259,0.2467253971766235,0.2705633492373049,0.3466198259959905,0.3002290876156537,0.19688686198756933,0.17595964842176454,0.08643857728937607,0.10736579085518089
RB1CC1,ENSG00000023287,chr8,52612457,52755843,691,0.41605709246438755,0.3736551592551593,0.38370899613399434,0.4083897697295388,0.3911877330470543,0.26088511980948936,0.24825806412508825,0.20696907593267094,0.21959613161707203
NPBWR1,ENSG00000288611,chr8,52929181,52953734,181,0.38321291913381916,0.682131145625168,0.7054677398023572,0.3495861184069836,0.5997757554456279,0.20349052581964233,0.3302662445666048,0.9426258630720452,0.8158501443250828
OPRK1,ENSG00000082556,chr8,53215723,53261637,420,0.22993943349045598,0.37342812179139545,0.36379399895282616,0.22897489838193552,0.35690590455675536,0.13827251189939704,0.14303095144529335,0.32921926954528546,0.32446082999938913
ATP6V1H,ENSG00000047249,chr8,53705542,53853558,613,0.2559749029271812,0.23737656039723418,0.18353006517108283,0.3267553025591808,0.17616637464408214,0.18195310921657462,0.23642531927411542,0.08903778638281723,0.03456557632527646
RGS20,ENSG00000147509,chr8,53841794,53969303,709,0.2713247907349465,0.23344263429835257,0.28442031982577876,0.31814399732446097,0.2472604767360142,0.123855297246768,0.18237324795520635,0.14199044512591574,0.08347249441747742
TCEA1,ENSG00000187735,chr8,53956551,54032456,389,0.42061196358872527,0.22344928158520394,0.27031992323930426,0.3383582312446708,0.13267413472499606,0.2417635360074599,0.26179190358509524,0.011129785822524496,0.0
LYPLA1,ENSG00000120992,chr8,54036366,54112017,314,0.38543782704650315,0.21625400438491077,0.25458127830104044,0.3699269658853611,0.18347320074280932,0.21835314948705675,0.2514471452328555,0.025317146824046288,0.0
MRPL15,ENSG00000137547,chr8,54125240,54158514,157,0.37047837722368904,0.2178709461608484,0.26294775540870247,0.27246648942356205,0.07524153416676782,0.2017170487028096,0.24280402316612051,0.04401847286520019,0.0029314984018892487
SOX17,ENSG00000164736,chr8,54447934,54470892,143,0.3242715627106083,0.42757350704962105,0.3968104186480651,0.15971842012077822,0.4180758716578981,0.22215560864739436,0.09523698707146205,0.33571533974312073,0.46263396131905304
RP1,ENSG00000104237,chr8,54499421,54881720,2391,0.3408735130190694,0.47032473160549976,0.3928013595821835,0.3479572369648695,0.4000713754227623,0.2767158472469473,0.2760958516027056,0.35877531410952457,0.35939530975376627
XKR4,ENSG00000206579,chr8,55092027,55552054,3035,0.44030834856034856,0.399748248149972,0.41764982051746896,0.4399857948017924,0.40116600153655224,0.2750460327258685,0.28871420205647536,0.2353600926251741,0.22169192329456727
TMEM68,ENSG00000167904,chr8,55686423,55783407,587,0.5611665726324804,0.48812392938686006,0.43606995758173045,0.5337182434851047,0.3872033814972473,0.4602415169069013,0.471457877000409,0.20943121591816743,0.19821485582465975
TGS1,ENSG00000137574,chr8,55763445,55836445,328,0.5649809207416169,0.49569413702314286,0.44904079137169006,0.5419102188590714,0.4145632920090677,0.4604216041953007,0.46493260426007044,0.2241507198013688,0.21963971973659902
LYN,ENSG00000254087,chr8,55869834,56024169,1030,0.4100862359512277,0.5715390032858458,0.4759295787952514,0.3894258681389998,0.46656234045777495,0.36460263562011275,0.35624903285392084,0.48295293230446623,0.4913065350706582
RPS20,ENSG00000008988,chr8,56057253,56084510,234,0.1866238230244947,0.08650959564570504,0.36693297221696475,0.16993879822074082,0.30465189038642043,0.0,0.0,0.17054990335689513,0.13378462266496657
MOS,ENSG00000172680,chr8,56102941,56123982,109,0.19658453706795315,0.24006486528730242,0.45638754374321816,0.20182521742009793,0.3129440096327513,0.0,0.06230519392905626,0.33257878530908236,0.2122170044773825
PLAG1,ENSG00000181690,chr8,56150908,56221324,285,0.28221680476851196,0.4450124927926197,0.5790392693701641,0.2722982770600351,0.5041927662153972,0.027590830497698893,0.1025528208222623,0.5612188445275987,0.4862568542030353
CHCHD7,ENSG00000170791,chr8,56201685,56228809,104,0.26705842809760727,0.4128592777085928,0.7607643090277831,0.37608500068796163,0.7092599630440196,0.0,0.0,0.8260537618283589,0.6480376862425651
SDR16C5,ENSG00000170786,chr8,56290004,56330776,216,0.30334335365159165,0.30262721932468073,0.34044109372047143,0.2663683338205338,0.30125639469831494,0.15285689501881525,0.155855981276663,0.2075782802005147,0.204579193942667
PENK,ENSG00000181195,chr8,56426673,56456671,188,0.3140215876642747,0.421072682222876,0.3727016725963157,0.36458229867368536,0.252674090078112,0.22857720516151642,0.3543985708049031,0.31800113473670966,0.19217976909332293
BPNT2,ENSG00000104331,chr8,56947930,57003867,285,0.30600830184271016,0.39664870931537605,0.30937044188428575,0.3147193105903353,0.33396969063147686,0.250199633406322,0.23838116972101747,0.2550560468613044,0.26687451054660905
FAM110B,ENSG00000169122,chr8,57984508,58214279,1343,0.3132788691310386,0.5545363770457897,0.4825371729360325,0.33152323685969043,0.525154499887409,0.26282454692921675,0.23331377089788224,0.5458151428997307,0.5753259189310652
UBXN2B,ENSG00000215114,chr8,58401358,58461501,293,0.3595240364184255,0.5801087409434025,0.5131419307351448,0.32461097194468785,0.5372426128180359,0.2967602784563036,0.24483678025208527,0.5709992297787261,0.6229227279829445
CYP7A1,ENSG00000167910,chr8,58480177,58510163,155,0.3271383040531297,0.6289764689084488,0.5542590401392996,0.3721271178060518,0.5733546734331262,0.28984398166491887,0.3025525571542924,0.7016458105983551,0.6889372351089815
SDCBP,ENSG00000137575,chr8,58542923,58592859,310,0.2860079209132451,0.25219443510076417,0.20275851414623475,0.31729743173113595,0.1747664911208295,0.2004490163250548,0.2401096878889531,0.09016325844713949,0.05050258688324116
NSMAF,ENSG00000035681,chr8,58573507,58669853,665,0.37239811403935275,0.3129433723494656,0.34035607655130623,0.39708357054687454,0.3452023129567362,0.21256635816689143,0.22894314003208316,0.16277220455093638,0.14639542268574463
TOX,ENSG00000198846,chr8,58795411,59129147,2092,0.4129874709002517,0.5675392420867922,0.4939673219271816,0.42506589994793714,0.5048753712879978,0.34490938717811453,0.34440888515279205,0.4933543026972421,0.49385480472256454
CA8,ENSG00000178538,chr8,60175411,60291400,940,0.3088595969764143,0.49257034129093896,0.37524541576701786,0.3024204471478371,0.3677054808433893,0.28870654865123385,0.29006795833119403,0.3896906325502615,0.3883292228703012
RAB2A,ENSG00000104388,chr8,60506935,60633644,674,0.38344933318821384,0.5560351308054094,0.4490066921710799,0.32102360228640414,0.4225401338334087,0.3497960014285358,0.32503121034493576,0.4622138416874076,0.4869786327710076
CHD7,ENSG00000171316,chr8,60668739,60878028,1003,0.6491347906207131,0.7238679683592301,0.7213489381154052,0.5221192889368211,0.6000251480493125,0.5282171730587915,0.5544583421234982,0.7586589790812458,0.7324178100165394
CLVS1,ENSG00000177182,chr8,61047157,61511645,3166,0.37060550057614994,0.4577944886874174,0.35221946088407946,0.3936412419375546,0.39426317184992316,0.320451948418206,0.30554198555289,0.29165822882844683,0.306568191693763
ASPH,ENSG00000198363,chr8,61490555,61724640,1210,0.4739174777196113,0.6641086154614744,0.5911824586572777,0.5239173709846623,0.5969384922553346,0.419389146001939,0.4622325885117066,0.671578285578875,0.6287348430691075
NKAIN3,ENSG00000185942,chr8,62238590,63024000,5512,0.4161959409929837,0.7331377059781524,0.6698957953608364,0.4407268308354799,0.6808255627311703,0.37543273573641167,0.3800611282371674,0.9455897706188243,0.9409613781180686
GGH,ENSG00000137563,chr8,63004880,63049407,281,0.30354258479711604,0.6300420302982377,0.48936962824326413,0.28309242951762936,0.5795246238377362,0.34200260524977855,0.2304024367970151,0.6523632699471771,0.7639634383999404
TTPA,ENSG00000137561,chr8,63038552,63096053,369,0.3966335276572569,0.7824832597898871,0.6494717375317972,0.3944674811671479,0.6744854933799573,0.4911980211270697,0.45238911273671234,1.0342814438048187,1.073090352195176
YTHDF3,ENSG00000185728,chr8,63158552,63222786,250,0.4207740626801012,0.605066197606075,0.5544025528310844,0.36770099875422146,0.5574059364357647,0.3333802276352933,0.28616387319000103,0.5956568893664462,0.6428732438117384
BHLHE22,ENSG00000180828,chr8,64570364,64593627,96,0.27034436166363107,0.5080653845716946,0.5566194959561056,0.2239648812885959,0.5172783204374942,0.10563254962072843,0.11732597316917875,0.60377691717141,0.5920834936229598
CYP7B1,ENSG00000172817,chr8,64577762,64808737,928,0.4301346143894272,0.4798461059404573,0.47472438280826557,0.45613189665551757,0.5039067647798912,0.2860767518486939,0.280843841999854,0.3675538092280614,0.3727867190769014
ARMC1,ENSG00000104442,chr8,65592457,65644217,245,0.43524625800502903,0.5876966960971352,0.5161089179473489,0.43500446525141084,0.5027900241100497,0.36573304450369537,0.37909531075681213,0.5202629814509445,0.5069007151978278
MTFR1,ENSG00000066855,chr8,65634733,65781261,593,0.3384704522233319,0.3933079751717919,0.3748245101322973,0.3360900426132474,0.324473502767738,0.22160586649986283,0.25853991904162243,0.2781281227857277,0.24119407024396802
PDE7A,ENSG00000205268,chr8,65704333,65852322,638,0.33458549612257976,0.3307635312478969,0.28324450080047103,0.27183288307113507,0.2981397284249591,0.23797121593850906,0.18241078905556765,0.163646599372624,0.21920702625556543
DNAJC5B,ENSG00000147570,chr8,66011552,66111245,657,0.4940005730288137,0.6258489106381447,0.52237170290387,0.44746881159499463,0.49451819174924033,0.4626964264631023,0.4470488748367302,0.5203991544324122,0.5360467060587844
TRIM55,ENSG00000147573,chr8,66116895,66185485,376,0.3178445959692145,0.4773456071633833,0.5928132180804653,0.2561569077150434,0.5247892571417121,0.06642467843974126,0.10038155490105632,0.5824101716690923,0.5484532952077771
CRH,ENSG00000147571,chr8,66166375,66188464,140,0.3065344771308538,0.5136098569805715,0.5912020044523465,0.22099725588219318,0.5363866781671776,0.09613191274451344,0.10089024595017254,0.6246123009648802,0.6198539677592211
RRS1,ENSG00000179041,chr8,66419013,66440733,115,0.229205226479897,0.39199164801924374,0.3516677820831085,0.3254950547094279,0.39525603955890265,0.16227387566019363,0.1941964077315248,0.33529278463967127,0.30337025256834016
RP11-346I3.6,ENSG00000285655,chr8,66420184,66455324,186,0.33958321169215044,0.41309326131463164,0.339100121517554,0.33578580893752147,0.32284268715168857,0.26681028755924596,0.27609414439401864,0.26607906209564036,0.25679520526086763
RP11-346I3.5,ENSG00000285791,chr8,66422485,66528524,615,0.3977463754758184,0.4357044779099749,0.39191083596578274,0.40196708536116676,0.3549180401616704,0.2909100260892039,0.3239543869881151,0.28126716328509355,0.24822280238618227
ADHFE1,ENSG00000147576,chr8,66422491,66478907,332,0.38244780802469375,0.45158442651444464,0.4143387399542646,0.34959929533943757,0.39150117575362836,0.2738499576090749,0.2670641361031829,0.32687197604735485,0.3336577975532469
VXN,ENSG00000169085,chr8,66483519,66528524,257,0.21425240107748042,0.2412109559086882,0.24065076286540776,0.2056133541795974,0.24573821742464463,0.12092882957179202,0.11210033839769146,0.1551026499206275,0.16393114109472806
MYBL1,ENSG00000185697,chr8,66552174,66624247,231,0.2295728049099218,0.26743982217423323,0.12120880912399319,0.26751433168903965,0.15617699958165518,0.22140597201893608,0.22635438482075648,0.08980381541808538,0.08485540261626506
VCPIP1,ENSG00000175073,chr8,66618486,66677231,199,0.26797205513708405,0.334097582549498,0.22900172398483398,0.3006894039989908,0.026805857389525775,0.22923979388503274,0.36855037241534905,0.1773723456364612,0.038061767106144895
C8orf44-SGK3,ENSG00000288602,chr8,66657595,66870472,864,0.19082848926071672,0.2362078426874146,0.19702316679035511,0.23534940545778174,0.2191281991423903,0.13088726874267803,0.14522578541835224,0.13857230348637672,0.12423378681070255
SGK3,ENSG00000104205,chr8,66702733,66872022,731,0.1732040951208371,0.2941588941177803,0.24508247916615913,0.20004899169112603,0.28709590557541864,0.12870787692140395,0.11658077228690505,0.21965725238762757,0.23178435702212652
MCMDC2,ENSG00000178460,chr8,66860748,66932048,288,0.35504013764746206,0.4598410384235528,0.517739742004589,0.3489889348993157,0.5404308922495533,0.16259382308988335,0.13382724925492467,0.453297986363532,0.48206456019849075
TCF24,ENSG00000261787,chr8,66936500,66972591,114,0.14720795446870957,0.1459623102425405,0.035474126629917925,0.17745433450926074,0.07368916130598371,0.14045044236716497,0.13829290438198705,0.01732951059478735,0.01948704857996525
PPP1R42,ENSG00000178125,chr8,66954098,67066604,413,0.0882471696448449,0.0962759875653954,0.07044389133941373,0.10192385504206689,0.06005232903420997,0.06028474843692493,0.07340030353181481,0.04094651274476006,0.027830957649870175
COPS5,ENSG00000121022,chr8,67033078,67093783,223,0.17868338368101427,0.1106441965345359,0.06335263629273032,0.20769484426524135,0.09819972500239822,0.12432803885179701,0.12335217517355024,0.0,0.0
CSPP1,ENSG00000104218,chr8,67052416,67206778,582,0.16264737753650016,0.2597617987166163,0.16358721644832977,0.1666513296348632,0.2135025175405223,0.14983011368632634,0.12146032302452338,0.15095313726803936,0.17932292792984228
ARFGEF1,ENSG00000066777,chr8,67163510,67353781,836,0.19986177040813133,0.14047834412544058,0.13831600975072794,0.20576634316425776,0.1678554800173497,0.11274168082846193,0.09900384506545262,0.03863757774991673,0.05237541351292606
CPA6,ENSG00000165078,chr8,67412037,67756378,2069,0.3208185199610104,0.3656809975932231,0.35893268331522005,0.31569470195403804,0.3451786386546194,0.1987246975212769,0.20558080008469823,0.25647859519505134,0.24962249263163003
PREX2,ENSG00000046889,chr8,67942045,68247032,2047,0.4040886600224589,0.37987212345788196,0.37656706092455283,0.35070252065335145,0.322508703997069,0.2614894379364379,0.26016764888403804,0.21634013178639472,0.21766192083879451
C8orf34,ENSG00000165084,chr8,68320954,68829023,3137,0.32505070273077297,0.4381190905150333,0.38121517653892817,0.34977372711317306,0.39738898388370364,0.24479268806013488,0.2502084247167722,0.3316726683143322,0.3262569316576948
SULF1,ENSG00000137573,chr8,69456623,69670915,1465,0.3737121298638337,0.3973370578824778,0.3346734262180782,0.35953773828962193,0.30739192413458427,0.2834325467455783,0.2923356496966697,0.22296466008637436,0.21406155713528302
SLCO5A1,ENSG00000137571,chr8,69657045,69844978,1300,0.4300043574870983,0.37346139150998914,0.38438715415948704,0.3813822246539221,0.3158405810554238,0.2722672168557884,0.28412412266246334,0.19527766400663027,0.18342075819995546
PRDM14,ENSG00000147596,chr8,70041650,70081693,312,0.2804115789569281,0.4344937568250667,0.31246071277285703,0.31620675378307234,0.3072500203530457,0.262236752616242,0.2915237487180884,0.3077971907735201,0.2785101946716737
NCOA2,ENSG00000140396,chr8,70099781,70413808,1944,0.4096918627078423,0.4242190473512922,0.3537047172544297,0.4535227672001172,0.4213338408616671,0.3213199036864488,0.3046305319559497,0.23070807746902033,0.24739744919951945
TRAM1,ENSG00000067167,chr8,70563217,70618416,291,0.5139027078656363,0.848449307463424,0.8089105377257123,0.5865937743811338,0.8104531193274581,0.47658400980684923,0.5535203922250266,1.4102510959915435,1.3333147135733663
LACTB2,ENSG00000147592,chr8,70625317,70679185,281,0.32344510550199573,0.6116647883435636,0.6547947442642941,0.33384306316024004,0.6612128413751904,0.13650597994161773,0.13486657031602434,0.8093803848369985,0.8110197944625919
XKR9,ENSG00000221947,chr8,70659338,70800371,833,0.20852021319897204,0.35724425698040096,0.2920778187596311,0.30059104371688955,0.40935867870804943,0.16521016539729683,0.13648189969338242,0.27678033240353683,0.3055085981074511
EYA1,ENSG00000104313,chr8,71187432,71602025,2431,0.34795667475727954,0.4566199025378514,0.42334592381095976,0.3210907535198746,0.39801284527291125,0.24353888225692516,0.24484742750558874,0.3664073263474934,0.36509878109882976
MSC,ENSG00000178860,chr8,71831559,71854412,149,0.3430017176823277,0.38417206149866445,0.29770637845708636,0.3240980785344537,0.259494828970911,0.2757289259579996,0.28803615649770553,0.2090587491226014,0.1967515185828954
TRPA1,ENSG00000104321,chr8,72009916,72085584,409,0.34543963820406676,0.3651737810323271,0.23169515062002266,0.2941947260109908,0.2301738342637742,0.3073133876168658,0.27061466773400766,0.1470906008443493,0.18378932072720738
KCNB2,ENSG00000182674,chr8,72527224,72948349,2543,0.3829394776119884,0.6502006611734439,0.5567966757703736,0.48132199966468586,0.5756497369433582,0.3597285659920916,0.42483577274457746,0.6906670405543968,0.6255598338019109
TERF1,ENSG00000147601,chr8,72998855,73058123,344,0.43060659244881033,0.5018687538396087,0.4341603729875717,0.38917260921910785,0.4113427271500927,0.3453153934177468,0.32996070415437373,0.3515762967552078,0.3669309860185807
SBSPON,ENSG00000164764,chr8,73054542,73134088,584,0.34960232028767163,0.40112005507379817,0.29123340878082926,0.2914217816638947,0.29657234558876927,0.29931819996681497,0.2526993542244994,0.21337592682053208,0.25999477256284764
C8orf89,ENSG00000274443,chr8,73231328,73269502,207,0.21701234223482802,0.43645363197762804,0.4125535011282053,0.3133828968014308,0.34904720045433,0.14308695307024566,0.26008300373646587,0.4304187100633598,0.31342265939713954
RPL7,ENSG00000147604,chr8,73280241,73305789,172,0.47728172799299123,0.40544705966176836,0.3754276809309144,0.40010933438453333,0.30159752192677153,0.3489850002820061,0.3359968273611822,0.17096051634356196,0.18394868926438573
RDH10,ENSG00000121039,chr8,73284601,73335281,310,0.5044827151343502,0.48447810215315307,0.3958882346495264,0.4483064825314641,0.40402982285109246,0.43036624175976124,0.3698867274717921,0.23220925581819823,0.2926887701061675
STAU2,ENSG00000040341,chr8,73410368,73757708,1900,0.36630393104664155,0.4194381916798091,0.3779649470178373,0.39290490840644854,0.3641969424734572,0.2625930013366221,0.29498121477063133,0.28116600789443147,0.24877779446042225
RP11-463D19.2,ENSG00000258677,chr8,73678690,73888854,1073,0.35805049609306017,0.40954501611404065,0.39267141704566494,0.3616844119121139,0.40976256114034687,0.23571110065974638,0.22427698080606812,0.2911507794843041,0.30258489933798227
UBE2W,ENSG00000104343,chr8,73770096,73888910,656,0.347757083507643,0.45833490847862685,0.6041424000177154,0.3458546451521177,0.4793656159646289,0.05687243379234358,0.1924129181431532,0.5562349470588352,0.4206944627080255
ELOC,ENSG00000154582,chr8,73929168,73982287,12,0.12041621955581572,0.47170519975197095,0.4926686035825222,0.18609297156795343,0.4845346910818463,0.0439082151885451,0.09066233934680218,0.5941926020945696,0.5474384779363125
TMEM70,ENSG00000175606,chr8,73962436,73992783,84,0.23930426583093525,0.44697625652333106,0.38075368791432695,0.20169195782509822,0.44502890726294986,0.19331200065025264,0.1143879145616683,0.39904234196875144,0.4779664280573358
LY96,ENSG00000154589,chr8,73981391,74039079,363,0.30265542978567944,0.36117584898322813,0.32959926026308095,0.25856440778560813,0.38297280186544475,0.2043610293184487,0.1322254321829146,0.24376502718593934,0.3159006243214735
JPH1,ENSG00000104369,chr8,74224699,74331540,634,0.3610902838146335,0.34904153122637355,0.343720708089485,0.40466039680734,0.3168020597064119,0.22806636394335353,0.28348102907042994,0.20124307091192528,0.14582840578484885
GDAP1,ENSG00000104381,chr8,74310612,74528007,1161,0.4193505771390895,0.409986648317263,0.39675693071863694,0.4233890535562251,0.4119184036493724,0.28289157805160353,0.27365402522562704,0.2447185343160816,0.25395608714205814
PI15,ENSG00000137558,chr8,74814533,74865029,331,0.22227459466779706,0.23572630132442488,0.16213926777686502,0.23266396371821382,0.16745159602302462,0.17165384660190047,0.17519792479015064,0.09717546302814012,0.09363138483988992
CRISPLD1,ENSG00000121005,chr8,74974504,75044558,438,0.29801134881562,0.2677860058507235,0.19134733332644643,0.28233390779390816,0.19518306659905643,0.2265673583826543,0.21314644870133181,0.0851151076277053,0.0985360173090278
HNF4G,ENSG00000164749,chr8,75397913,75576834,1232,0.3310021975303414,0.22498813721988217,0.14749344857071137,0.3880826096223113,0.22775639704029502,0.24863853084897558,0.24378985034993075,0.0062384120839072965,0.011087092582952152
ZFHX4,ENSG00000091656,chr8,76671238,76877281,0,,,,,,,,,
PEX2,ENSG00000164751,chr8,76970257,77011044,251,0.6325462850367531,0.6705848857099967,0.6358089945570446,0.6406299790832093,0.5916190538416755,0.5507588415901227,0.6191422258604451,0.5596777363963205,0.4912943521259979
PKIA,ENSG00000171033,chr8,78506339,78615267,577,0.17184535210440144,0.1991054688900843,0.1406139418448124,0.16084858103996172,0.10900257025705117,0.1295221753919577,0.14098819459152817,0.09250383671447754,0.08103781751490705
ZC2HC1A,ENSG00000104427,chr8,78656088,78729765,405,0.6020831860923717,0.4477815604785171,0.46295313464572874,0.5605055907782188,0.473295311490843,0.4468269886486086,0.38741330952818814,0.14698459856363189,0.2063982776840525
IL7,ENSG00000104432,chr8,78665742,78815523,736,0.4954414297692474,0.3799329695872595,0.37824096795198725,0.46422039007396343,0.3683883340764142,0.34339818697799684,0.32123977242748736,0.13452950623991738,0.15668792079042693
STMN2,ENSG00000104435,chr8,79601116,79676158,454,0.3359240770631724,0.2850704343763086,0.27385685772854407,0.33822900928111155,0.24159456272627625,0.21246096354942828,0.23593490522814053,0.123110287208307,0.09963634552959477
HEY1,ENSG00000164683,chr8,79752370,79777857,132,0.3003337327090773,0.5206614270685067,0.49689930214723904,0.27458652294497626,0.3890502841584372,0.2027674913377735,0.2818104753017722,0.5325806070797641,0.4535376231157654
MRPS28,ENSG00000147586,chr8,79908716,80040289,620,0.5613652194156717,0.536998368440742,0.5297388968675358,0.5788577346859475,0.5362960074159707,0.4198228240538773,0.433150201844835,0.35020187696214816,0.3368744991711905
RP11-26J3.4,ENSG00000276418,chr8,79908859,80090775,855,0.4897726311834268,0.5370913992118669,0.5378414271932247,0.5331340651869574,0.5191869137466179,0.3356386333422705,0.3998310562189081,0.43458701754597323,0.37039459466933566
TPD52,ENSG00000076554,chr8,80024744,80241232,1385,0.2639471480955142,0.5207450970532932,0.42052379988693833,0.3284449872436725,0.39921472029457217,0.2481726665457446,0.3120821639302199,0.48735000010557383,0.42344050272109846
ZBTB10,ENSG00000205189,chr8,80475618,80536265,274,0.3717470984313559,0.5924323082665749,0.477912007020292,0.3640390139257536,0.4304856589624802,0.35622079655496075,0.39359749548994244,0.5413274488585234,0.5039507499235416
ZNF704,ENSG00000164684,chr8,80618450,80884781,1299,0.2533461723639865,0.37935329443436094,0.44485935574449753,0.235226117540149,0.3966661224589841,0.09030655244307012,0.11994189850774206,0.38668671863012616,0.3570513725654543
PAG1,ENSG00000076641,chr8,80957809,81122068,1083,0.37887504407380573,0.4033652000154463,0.3603662984161776,0.36687234788222917,0.37142764677190804,0.2729067351765051,0.254614578028487,0.24354334291230748,0.2618355000603256
FABP5,ENSG00000164687,chr8,81270535,81294777,155,0.6712016427927475,0.7363870016696668,0.7549739882865373,0.6206522189466975,0.6579618255824307,0.5195964375416414,0.614871053132873,0.8136767292147815,0.7184021136235497
PMP2,ENSG00000147588,chr8,81430325,81457439,193,0.2913863965680922,0.2510577914651726,0.21115767019022139,0.23957129750961986,0.13628911039549935,0.19817476607097145,0.20822459721485215,0.09091869053523977,0.0808688593913591
FABP9,ENSG00000205186,chr8,81448252,81471579,201,0.16012441366434085,0.20891749686509514,0.16393268985250542,0.1173700062010091,0.10828210599701352,0.11490418467267051,0.12229837742453084,0.11944882966119331,0.11205463690933301
FABP4,ENSG00000170323,chr8,81468418,81493236,223,0.31108068234353714,0.3360147098752067,0.19104347824346848,0.3139247719127525,0.2008269567934156,0.2850581460426862,0.2810427482866925,0.12443713713492385,0.12845253489091749
FABP12,ENSG00000197416,chr8,81514980,81541378,200,0.2556265824863918,0.16403291050035235,0.2420373373433444,0.27457150364882016,0.22288430002013282,0.09862867291940433,0.12399638444465871,0.0805373603801329,0.05516964885487852
IMPA1,ENSG00000133731,chr8,81646913,81696331,127,0.3441574711623064,0.3453459419674154,0.24852762074036433,0.32919322138043455,0.2717478189176303,0.27988104014657866,0.252907297084936,0.1437672983990875,0.1707410414607302
SLC10A5,ENSG00000253598,chr8,81683630,81705058,136,0.33218354467415795,0.3229165279616903,0.32125816138550506,0.3860735518056777,0.3422780721905065,0.2030940977229624,0.2294339134245715,0.18686661899267723,0.1605268032910682
ZFAND1,ENSG00000104231,chr8,81691333,81742903,375,0.42192386762323014,0.38687046052394586,0.33917343652725884,0.47070784111423775,0.4004049743507012,0.31148244415042653,0.30694647515046664,0.17769660070494836,0.1822325697049083
CHMP4C,ENSG00000164695,chr8,81722447,81769515,346,0.424954270898463,0.4122912580719504,0.4267426371021396,0.39452556237585495,0.4290265170292477,0.2642044949695895,0.23642710723801003,0.2673192956908069,0.2950966834223863
SNX16,ENSG00000104497,chr8,81789580,81852866,353,0.3184578883417131,0.3278243836541708,0.24514975660092317,0.31413950153851333,0.2666862456256668,0.24969848669193476,0.23206751923007882,0.14753715206083443,0.16516811952269048
RALYL,ENSG00000184672,chr8,84172786,84931844,4466,0.3362842273216246,0.3767695795826441,0.3695313196376221,0.32247751054187407,0.3580590208454756,0.21072422380569714,0.2094462960373516,0.2621147485613001,0.2633926763296456
LRRCC1,ENSG00000133739,chr8,85097214,85156080,208,0.3537422322229139,0.2342158008870485,0.2598762636136137,0.49691897306867966,0.45464862911066944,0.20123690568016717,0.17376696650713624,0.0656179676487757,0.09308790682180668
E2F5,ENSG00000133740,chr8,85167153,85227158,208,0.44542105078084565,0.37815213618355886,0.3413944040631538,0.5802146973319081,0.4482283762252261,0.32348774947342307,0.3742253236321626,0.15157205862200246,0.10083448446326287
RBIS,ENSG00000176731,chr8,85204047,85230421,84,0.5037819766458533,0.3837493975903615,0.3342005778765258,0.6127216483754458,0.4114828315497213,0.38903731996141416,0.451281993131624,0.09506425612330516,0.032819582953095394
CA13,ENSG00000185015,chr8,85210586,85294073,320,0.406102541547651,0.31147664336935654,0.33349829145342763,0.5455982890586043,0.40839775772588754,0.24427103246776882,0.3185294628957902,0.12893500498403487,0.054676574556013435
CA1,ENSG00000133742,chr8,85317607,85389014,305,0.4581208023418146,0.4602440642677012,0.2732806583501161,0.574309647002841,0.41267527699674084,0.4550677357041285,0.4692519295341508,0.16157047675542008,0.1473862829253978
CA3,ENSG00000164879,chr8,85363435,85459040,375,0.5241401076927205,0.561965841774232,0.46139620221138034,0.5878038867088969,0.45361082477618053,0.47465757469683684,0.5536453212882586,0.3508008101328459,0.2718130635414242
CA2,ENSG00000104267,chr8,85453967,85491493,176,0.5438499748617396,0.5007847179275751,0.3960610957525896,0.5710072760946022,0.48738291190050564,0.48768456613943856,0.43640352029090884,0.20703328313020153,0.2583143289787313
ATP6V0D2,ENSG00000147614,chr8,85977322,86164225,1293,0.3957456357626049,0.42518727214806307,0.3672369183033062,0.43412321602930026,0.3769032753515168,0.2999059066817117,0.32501819329037773,0.2538050752440906,0.22869278863542458
PSKH2,ENSG00000147613,chr8,86037108,86098621,405,0.3741294647843494,0.3689940693170001,0.35672707762151507,0.3972200285028215,0.3499574752395715,0.2439327832237877,0.26796278033173526,0.21650723439759695,0.19247723728964933
SLC7A13,ENSG00000164893,chr8,86204062,86331146,867,0.4002653479590743,0.45307839914215836,0.40879152839678795,0.3512633295822638,0.3874423886602537,0.29456560037087226,0.27303296106125163,0.30888421213261097,0.33041685144223154
WWP1,ENSG00000123124,chr8,86332546,86488420,822,0.4115243215480039,0.45310407785930756,0.37515308702598466,0.4200445152430316,0.34917927948851946,0.33173392382668254,0.35938981407976456,0.27176284114668536,0.2441069508936034
RMDN1,ENSG00000176623,chr8,86458256,86524357,405,0.43030559889439257,0.47723993755757255,0.3980983295694248,0.3202321018194034,0.387330664299896,0.3518133534872089,0.2723533243819172,0.29681933831849994,0.37627936742379164
CPNE3,ENSG00000085719,chr8,86504434,86571498,414,0.43206473754269703,0.39287787660081164,0.3003194721167379,0.48900429504913456,0.36478560473863997,0.35382086042358435,0.3583133518273197,0.14520445597397214,0.14071196457023671
CNGB3,ENSG00000170289,chr8,86543976,86753675,1345,0.4713897929355184,0.36426444324285967,0.3575906151352023,0.4705938190716451,0.3748932479611054,0.32397352668004153,0.3095695333558777,0.1289990666894868,0.1434030600136505
CNBD1,ENSG00000176571,chr8,86856414,87625219,5538,0.372918410736642,0.5495254079684645,0.4949008969480659,0.3645709725881214,0.442302367528625,0.2905657990577688,0.3334850683785681,0.5068878039525342,0.46396853463173493
DCAF4L2,ENSG00000176566,chr8,87860746,87884015,105,0.3180817005158689,0.6876866479117073,0.6467182211715359,0.3264359850490079,0.580755260441227,0.25305219259425893,0.34481003770218416,0.9106960689676479,0.8189382238597227
MMP16,ENSG00000156103,chr8,88022010,88338025,0,,,,,,,,,
RIPK2,ENSG00000104312,chr8,89747805,89801064,288,0.3529084602992477,0.2887588156907716,0.15440050343347356,0.36011759374009855,0.1950415078678416,0.3041508798301211,0.2851249912653194,0.03659280843260815,0.055618696997409844
OSGIN2,ENSG00000164823,chr8,89891848,89937888,240,0.33503708508945323,0.4400296333365223,0.4173003447650484,0.32507016230664143,0.4280515200221985,0.2239060118785544,0.20715579468392104,0.3559654014468856,0.37271561864151903
NBN,ENSG00000104320,chr8,89923330,90013228,577,0.3075196111435385,0.420564215405772,0.34073218393741267,0.2738871239064886,0.36415453341275944,0.24827518268968501,0.2064752556932876,0.29742525139693454,0.339225178393332
DECR1,ENSG00000104325,chr8,89991404,90063633,343,0.3205566963193767,0.4230343189049468,0.39364303748812757,0.24521815805494135,0.3942045688798936,0.21808378014741386,0.165043046327901,0.3318887122670051,0.384929446086518
CALB1,ENSG00000104327,chr8,90048607,90105475,273,0.518408814558322,0.6646832945139857,0.5514102448033847,0.593089621269162,0.589158475164604,0.5108464988096382,0.551147199263306,0.581833305436154,0.541532604982486
TMEM64,ENSG00000180694,chr8,90611994,90801632,1254,0.29312165746577495,0.38806967529164066,0.38836759056269693,0.32449930889010453,0.32789659059124193,0.17320486994149592,0.2430474413457645,0.31793198152530194,0.2480894101210333
NECAB1,ENSG00000123119,chr8,90781740,90969393,988,0.3595954899129831,0.35367459525099937,0.25845082768387795,0.34322444883557235,0.20128641299629238,0.29154681491494083,0.31605613170299013,0.1449053645885229,0.12039604780047367
C8orf88,ENSG00000253250,chr8,90948470,90995238,196,0.46187586924136365,0.6811548043573836,0.5728131879844294,0.532556660867011,0.692781953685905,0.4560908653273311,0.3616645882466045,0.6869587087736554,0.7813849858543818
PIP4P2,ENSG00000155099,chr8,90983801,91050872,301,0.4694853437690669,0.6873533040057723,0.5705609475883608,0.4965857929707475,0.6302053904586642,0.47565686783449607,0.4271079652400192,0.6870246249361265,0.7355735275306035
OTUD6B,ENSG00000155100,chr8,91060195,91097095,162,0.4859369741510896,0.6579048345086079,0.6051765564674088,0.4176967355614121,0.5385397293312687,0.40437956460657526,0.42003544843162377,0.668286754349818,0.6526308705247694
LRRC69,ENSG00000214954,chr8,91091831,91229236,682,0.4707088152770499,0.6696582572149775,0.5879210684461795,0.40251517554078375,0.5589261921111254,0.4286518822415118,0.40205545867688425,0.6789756939304648,0.7055721174950924
SLC26A7,ENSG00000147606,chr8,91199493,91408155,1009,0.4120345650735209,0.5806447602652804,0.542311413257947,0.3546307476809518,0.49630612476381764,0.3092788699696317,0.31059147332974685,0.5597580207639499,0.5584454174038349
RUNX1T1,ENSG00000079102,chr8,91944966,92113286,694,0.38344933489266136,0.7196575665808596,0.6457399108865098,0.35103910106496033,0.5786122757624246,0.35881715192137487,0.4199621749352587,0.9129262946211734,0.8517812716072897
TRIQK,ENSG00000205133,chr8,92873531,93027673,636,0.3199657117630025,0.4559673447651618,0.44599246966850703,0.38657279227872965,0.4889750563735756,0.20189053222838282,0.21305140100179165,0.4068554736942027,0.3956946049207939
CIBAR1,ENSG00000188343,chr8,93688560,93741527,207,0.44906131543602607,0.44250527310971266,0.3558005155820722,0.40301819023763924,0.44716414383733366,0.37034357402988516,0.2537383619145207,0.21395866015546805,0.33056387227083245
RBM12B,ENSG00000183808,chr8,93718154,93751017,127,0.30488633863104797,0.5105796209221471,0.43441698515801497,0.2311886057739382,0.38435025048387667,0.25415759898045537,0.24618301146749477,0.46037588891635794,0.46835047642931865
TMEM67,ENSG00000164953,chr8,93744843,93829234,330,0.38095480724800895,0.6838375739352939,0.6322461168555473,0.4084813050380393,0.6398867588532622,0.31536741511382427,0.327612221352213,0.8361317758036292,0.8238869695652403
PDP1,ENSG00000164951,chr8,93847806,93936068,569,0.3686482705888445,0.7431239366611181,0.6888962042991768,0.35518974874232245,0.6860198624904508,0.3257125179225232,0.3197675961856986,1.033449036298921,1.0393939580357454
CDH17,ENSG00000079112,chr8,94117161,94227303,700,0.37760304771742326,0.4812528043628726,0.3825217124970377,0.38787964439281225,0.3771962768004596,0.32420222163200296,0.33682055444533887,0.33213639182055665,0.31951805900722086
GEM,ENSG00000164949,chr8,94239252,94272350,257,0.34933013069305596,0.31466025683362125,0.22204188929434612,0.43020413344340663,0.2401302575215618,0.27825543415724385,0.33285472376403796,0.09958515409245525,0.04498586448566111
RAD54B,ENSG00000197275,chr8,94361959,94485115,657,0.3702487518394074,0.3705052347899567,0.34556374735560946,0.37134225839049445,0.3799537287901076,0.250643513073664,0.22452243496983,0.2121942282488885,0.23831530635272255
FSBP,ENSG00000265817,chr8,94368376,94446952,420,0.3737993148502112,0.40109391878743356,0.35596435248864444,0.39046341035403165,0.39549122165255485,0.2703668303068403,0.252183849028489,0.24228365548654252,0.26046663676489373
VIRMA,ENSG00000164944,chr8,94477688,94563529,481,0.35439904844168624,0.26854810441775623,0.24424116893069836,0.24784789130284893,0.18732929527694503,0.23513227495861885,0.1950556182893986,0.07759154706235627,0.11766820373157644
ESRP1,ENSG00000104413,chr8,94631073,94717466,626,0.42963938299820187,0.4715405379370071,0.38007516973579414,0.40857970344235617,0.3437081690133534,0.360559293681742,0.37093390418256966,0.2772298866916972,0.2668552761908696
DPY19L4,ENSG00000156162,chr8,94709702,94803836,617,0.49033368695605717,0.534978860599335,0.4975334291231849,0.45074053450384244,0.44761593333393124,0.3757226510120466,0.3856725230135204,0.3899497623393587,0.37999989033788484
INTS8,ENSG00000164941,chr8,94803310,94891746,469,0.44360004991380925,0.28768212737310733,0.4023006950837395,0.4334383811034551,0.37172352874094206,0.20541571971936556,0.22131274077807345,0.13381529716141793,0.11791827610271005
CCNE2,ENSG00000175305,chr8,94869769,94906678,179,0.5259465933462519,0.31390998844369816,0.3159084808943623,0.5223870637477792,0.3653087257405765,0.37175908430174254,0.3305422492074779,0.0049873633808766304,0.04620419847514129
NDUFAF6,ENSG00000156170,chr8,94885766,95126455,1531,0.5600041790769544,0.44401742226227103,0.5237721520909874,0.4520097461914111,0.4695402052065789,0.33307475152190136,0.2772524931283881,0.2539435687046894,0.30976582709820266
TP53INP1,ENSG00000164938,chr8,94915971,94959378,223,0.5211293210160948,0.2155401639996815,0.5145198655822095,0.47247567111290867,0.46713625044796525,0.12823384722960057,0.12641534089457024,0.11452605783037778,0.11634456416540812
PLEKHF2,ENSG00000175895,chr8,95123784,95166685,229,0.25443348318647724,0.3494490654482931,0.2797834585181519,0.2970273854064856,0.2791383385921071,0.19767162383647435,0.22753249795659983,0.23226405964090052,0.20240318552077502
C8orf37,ENSG00000156172,chr8,95234912,95279201,335,0.25468931458675337,0.41188579131211167,0.3518283223333369,0.23737085190838217,0.3364759491749052,0.195594277283862,0.19581367516451298,0.3352398401979355,0.33502044231728456
GDF6,ENSG00000156466,chr8,96132332,96170806,205,0.3944442673653587,0.6358734892275353,0.5502834588543025,0.3400148213647928,0.490426464428814,0.35636239382022156,0.3758053538244607,0.6538915208419307,0.6344485608376917
UQCRB,ENSG00000156467,chr8,96212946,96245546,169,0.4604519931665089,0.3004832703179709,0.2712765173679816,0.38222243187427013,0.2849176737318989,0.3289640766959408,0.2518173878447191,0.02840149183759616,0.10554818068881797
MTERF3,ENSG00000156469,chr8,96229397,96271610,200,0.373780348753689,0.36283610415243306,0.34573963688258835,0.38543554353168824,0.3327272862702239,0.2472662770070196,0.26650668782243414,0.20346208617292402,0.18422167535750947
PTDSS1,ENSG00000156471,chr8,96251901,96346995,587,0.35227107195628854,0.36188188006457667,0.40418978894788166,0.394400993056098,0.32222152448409175,0.18284088120948833,0.28091715587523386,0.2663909905997188,0.16831471593397324
SDC2,ENSG00000169439,chr8,96483812,96621790,908,0.32538165489162396,0.4096457320142371,0.3866068159413946,0.3964861854379008,0.4177710292094007,0.21594574581843679,0.24556366400876112,0.31108672225127754,0.2814688040609531
CPQ,ENSG00000104324,chr8,96635241,97159654,2684,0.378826478827456,0.32314663687876083,0.36842129196122025,0.40945314414138667,0.3914935447655347,0.2034563665818212,0.21012958321729788,0.18684426099717696,0.18017104436170028
TSPYL5,ENSG00000180543,chr8,97263487,97287928,182,0.18366426799276767,0.3063234469561318,0.1996402335643846,0.17569098495868368,0.19031555866386551,0.17299255850284356,0.17392430215715748,0.19275693050953496,0.19182518685522104
MTDH,ENSG00000147649,chr8,97634183,97740260,489,0.34951837481629666,0.6197408193417748,0.49821649233544985,0.29905065188819524,0.5305282992971274,0.35367896054871056,0.28303729901117486,0.6132232438426127,0.6838649053801485
LAPTM4B,ENSG00000104341,chr8,97765056,97863013,760,0.3375310978149441,0.688604665825353,0.5846142127557509,0.3676373881120987,0.5084831687342048,0.3499630413234562,0.4573626020843133,0.8167289617536713,0.7093294009928143
MATN2,ENSG00000132561,chr8,97858839,98046724,1124,0.41184022330122516,0.5537366900355933,0.5460208210875505,0.44819224108456934,0.533371967097265,0.27394940778957627,0.31958941708420296,0.5328967122927344,0.4872567029981078
RPL30,ENSG00000156482,chr8,98014850,98056469,286,0.20959497830731838,0.17325503995436284,0.10547080385591995,0.31649713032925775,0.15732164870294035,0.1570055327571246,0.19980675067543735,0.03325349048615228,0.0
ERICH5,ENSG00000177459,chr8,98054521,98103610,308,0.3628481514999101,0.4002029065545772,0.31513334234992824,0.3802979403259242,0.25916617459368385,0.2916900048227939,0.34485069393069734,0.21947385372909528,0.1663131646211918
RIDA,ENSG00000132541,chr8,98092343,98127171,195,0.35024900431401823,0.5265169254263172,0.5400980227468393,0.3121291186853704,0.4304598342069068,0.20103164013235886,0.2794336365546485,0.5466074722190564,0.46820547579676675
POP1,ENSG00000104356,chr8,98107292,98169835,465,0.2838892946000594,0.5433977233682726,0.5386616470997593,0.26240570626524995,0.45888425042598935,0.17211975768566756,0.23709091685255235,0.6118228011603632,0.5468516419934786
NIPAL2,ENSG00000104361,chr8,98179825,98304393,705,0.40190917558327083,0.3102559216883246,0.39237757961488906,0.37088358914783875,0.34863799921112193,0.19362284921308298,0.20309194758771693,0.17781180197610863,0.1683427036014747
STK3,ENSG00000104375,chr8,98361227,98952827,1892,0.38151803446315297,0.6099775940230294,0.554760151028753,0.41368352031024525,0.5767003932028563,0.3064480903420055,0.3078857986952412,0.6351029999436963,0.6336652915904606
KCNS2,ENSG00000156486,chr8,98416957,98442853,110,0.5146280276281374,0.7888942779806726,0.7093659939214774,0.5249750924736585,0.7330378141801295,0.5212727164810897,0.4895680007182991,1.0341235022854312,1.0658282180482221
OSR2,ENSG00000164920,chr8,98934402,98962104,95,0.3747762631250866,0.44947439552317586,0.39663684107285024,0.35767443525194664,0.40622042234945466,0.2806457584842639,0.2591473481679125,0.3162360541055406,0.337734464421892
VPS13B,ENSG00000132549,chr8,99003265,99887580,3099,0.4254526780237165,0.6189616425750013,0.5825075215640217,0.43817328677061135,0.5848013892842993,0.32276964853035756,0.33120937807726625,0.6420855847363677,0.633645855189459
COX6C,ENSG00000164919,chr8,99863199,99903707,200,0.2272178936816484,0.24187111622554663,0.14504358511536103,0.22485513242692534,0.13000653032254486,0.18897761952137596,0.1961688220728585,0.08792425690736944,0.08073305435588693
RGS22,ENSG00000132554,chr8,99950935,100141268,879,0.4100905586482643,0.3404785530008788,0.3820836775093995,0.3665772171808697,0.3365930841602119,0.23131239958435865,0.23124561801007454,0.1849283876795303,0.1849951692538144
FBXO43,ENSG00000156509,chr8,100123350,100155817,177,0.24178384125094737,0.2810724844767398,0.23069880176840313,0.3382366175256069,0.36205335983606485,0.172254396213548,0.14667065961393308,0.1577403430317853,0.18332407963140013
POLR2K,ENSG00000147669,chr8,100140622,100164003,140,0.18659205721358207,0.21828960700196173,0.19253910611159453,0.26137869956283605,0.2835023341086774,0.11946640771088653,0.1079302985685304,0.1268045407539981,0.13834064989635425
SPAG1,ENSG00000104450,chr8,100147905,100269278,628,0.3243211103659231,0.29484363259867996,0.27771504244262823,0.38450334590135354,0.31819596140314893,0.20801874713148819,0.22582423830564147,0.14131695589949195,0.12351146472533867
RNF19A,ENSG00000034677,chr8,100247059,100346218,521,0.324904662693947,0.6871729701124185,0.5829494662587291,0.25976106076542527,0.5320572934779743,0.3402291692481222,0.3517388514422633,0.8218756921121357,0.8103660099179945
ANKRD46,ENSG00000186106,chr8,100499751,100569784,457,0.30954427064582957,0.2590828943340905,0.2297282178208895,0.3182579143023138,0.2166842166842166,0.2046290438417473,0.21937551461413382,0.09523748429916945,0.08049101352678298
SNX31,ENSG00000174226,chr8,100562888,100673415,869,0.3006898931069348,0.7332955631986399,0.6865022145150559,0.28817339990521346,0.7098234342328832,0.25965611036708325,0.2121347273145352,1.0619581016398507,1.1094794846923988
PABPC1,ENSG00000070756,chr8,100675815,100732809,389,0.1955411705517357,0.4981059334682099,0.5016668028752239,0.2084464206412511,0.47260550596769546,0.10523266921892155,0.14165873398240336,0.5841335351849793,0.5477074704214975
YWHAZ,ENSG00000164924,chr8,100906522,100963388,302,0.49895069730553654,0.6263251031392012,0.6318236835729601,0.38097904334805355,0.5887420769366765,0.3381132793307336,0.2877252796279766,0.6462558399926794,0.6966438396954365
ZNF706,ENSG00000120963,chr8,101167877,101216193,234,0.3334819469953522,0.3702285198747545,0.3177253959189277,0.3714892963354799,0.3516650824082876,0.24288162595610105,0.24672630397439607,0.21951662940281028,0.21567195138451525
GRHL2,ENSG00000083307,chr8,101482438,101679726,1045,0.40781236750899097,0.6113988139585479,0.5214232654624484,0.43464891046229465,0.5502172046263029,0.3660973606543507,0.35825977183772084,0.5791043293009619,0.5869419181175917
NCALD,ENSG00000104490,chr8,101676541,102134907,3116,0.39968059757016966,0.587554648711617,0.5326645153342426,0.4180714201084974,0.5332015792470587,0.3176185475443299,0.3326006778715868,0.5680330161646825,0.5530508858374257
RRM2B,ENSG00000048392,chr8,102194501,102248961,279,0.41344987173149217,0.48765455947155867,0.47879517869007027,0.42015953412014684,0.4915024845806177,0.27532057694324713,0.2687317577062979,0.3934356159672558,0.400024435204205
UBR5,ENSG00000104517,chr8,102242272,102422759,789,0.3207170871369117,0.5251451422781437,0.4891897277640588,0.3157804813227377,0.4492319016379095,0.2298533082688201,0.2638905654518257,0.5148927760632958,0.4808555188802901
ODF1,ENSG00000155087,chr8,102541588,102571018,267,0.4272713211125254,0.5674336213798994,0.44972770125623684,0.4555691872453605,0.4477983601104919,0.399010318682636,0.4260959441933963,0.4390091691256249,0.4119235436148646
KLF10,ENSG00000155090,chr8,102638783,102665725,122,0.32310544471224084,0.4492460404606506,0.49352636289880064,0.41235840088939124,0.4250191186311061,0.15321193462962074,0.2873433288388129,0.44325516933712483,0.30912377512793265
AZIN1,ENSG00000155096,chr8,102816110,102903864,459,0.30110789669102317,0.5572436890892433,0.42607186265348007,0.2176157616336042,0.4749456954238182,0.308871784536573,0.2079457348892348,0.5058639639920404,0.6067900136393786
ATP6V1C1,ENSG00000155097,chr8,103011062,103083051,410,0.3540119749322999,0.40352043244956276,0.3344230484074741,0.3723223921291934,0.3115530837239244,0.27329179312768076,0.3045609175959704,0.24341849880016733,0.2121493743318777
BAALC,ENSG00000164929,chr8,103130712,103240305,770,0.2936199717569359,0.3929251425638392,0.3337436325010286,0.30170476361574494,0.2981281984303132,0.22031216413171972,0.2521059761571828,0.2787910077765938,0.2469971957511308
FZD6,ENSG00000164930,chr8,103288432,103342866,332,0.5059667032606866,0.5455196303758236,0.4747764952162468,0.48965060054213727,0.4393191914587093,0.4249107678076287,0.4413283720934935,0.36368978963566573,0.34727218534980087
CTHRC1,ENSG00000164932,chr8,103361537,103392989,214,0.4371416368204022,0.37422817059483726,0.41662206109157235,0.44923379111822315,0.3554071394330368,0.2522883423994886,0.3130389709223187,0.21648112169320166,0.15573049317037152
SLC25A32,ENSG00000164933,chr8,103388634,103425189,268,0.19305587863652446,0.2423775890384666,0.14042735680960658,0.21132440229266916,0.18210896419226935,0.1703755358964451,0.1569720978312229,0.10719462012873271,0.12059805819395493
RP11-1C8.8,ENSG00000285982,chr8,103388657,103511895,802,0.26929015491080394,0.31389320423435985,0.23918972165648067,0.2557302489782701,0.25481701739178736,0.20854477662965482,0.18897412458812707,0.16817720778464948,0.18774785982617717
DCAF13,ENSG00000164934,chr8,103404713,103453453,302,0.23840386237160652,0.3232951992895575,0.17194791823951064,0.24924046238544564,0.17707732264798826,0.23708989124181445,0.24114848732659883,0.15343025023080584,0.14937165414602144
RIMS2,ENSG00000176406,chr8,103490695,104266094,4815,0.26625453164378643,0.38052064543468433,0.3193404008317668,0.25389163398556663,0.3099300397404874,0.20188801805816015,0.20039901807806423,0.27698788637408,0.2784768863541759
DPYS,ENSG00000147647,chr8,104320323,104477055,1121,0.3928219603965954,0.5535149060993957,0.4747778806629773,0.48056886340202204,0.516223577035495,0.3306742311728906,0.36761894141838064,0.4756750323711165,0.43873032212562646
DCSTAMP,ENSG00000164935,chr8,104329086,104366689,313,0.39417193731015115,0.4964178179656682,0.49185146495656923,0.4768656541685575,0.5808245344108328,0.2550929672026148,0.2322298283512635,0.43091539142205054,0.4537785302734019
LRP12,ENSG00000147650,chr8,104479230,104599258,789,0.26554939791858995,0.3112480417148805,0.35631607097216694,0.24902384232374203,0.32854895704756004,0.12047957395788048,0.1304706388793002,0.25239450131599184,0.24240343639457215
ZFPM2,ENSG00000169946,chr8,104580732,105814539,7165,0.3709756260974645,0.4250006648992057,0.3657983809228586,0.38341345508031305,0.35939662802505656,0.2807916516924016,0.29579910083171546,0.27259474283949836,0.2575872937001845
OXR1,ENSG00000164830,chr8,106260143,106762694,2715,0.32880191093161565,0.4725053193884403,0.4475986746594323,0.3203205046352424,0.4415527328936432,0.2224135052465276,0.22157766819043107,0.4172029925849353,0.4180388296410319
ABRA,ENSG00000174429,chr8,106749482,106780244,146,0.5010596791582829,0.3275324470109965,0.2256258612122468,0.44932822150549795,0.33127258361549344,0.41818503308516874,0.2955194982056185,0.0,0.10128191880800236
ANGPT1,ENSG00000154188,chr8,107239481,107508055,1620,0.4047294924483736,0.46220301128135,0.38684186363446466,0.46999811504871014,0.40004115489257186,0.3249405357752276,0.37212731637305,0.2953335986465603,0.24814681804873795
RSPO2,ENSG00000147655,chr8,107889315,108093642,1055,0.3769014598687222,0.5752327459764923,0.4925214319766996,0.39460512388543434,0.5110092947401915,0.3254818502754647,0.3213382231939008,0.5307320473822372,0.5348756744638012
EIF3E,ENSG00000104408,chr8,108152786,108453496,1874,0.39668584927362377,0.7649127789356357,0.676927311489363,0.3648105317650741,0.6967479748908909,0.4116189896280049,0.35421978824629086,1.0361796906050027,1.0935788919867167
EMC2,ENSG00000104412,chr8,108433600,108499196,370,0.5417712256275449,0.8114016497504105,0.6623506566537526,0.501479634453827,0.6817098983046095,0.6813875003246543,0.6097272251745122,0.9867481558474471,1.0584084309975894
TMEM74,ENSG00000164841,chr8,108596849,108797594,1215,0.2948223871455147,0.30750672074991986,0.2468455682952915,0.26487147222587865,0.23395407561208112,0.21663866858488576,0.2043267579145528,0.15081807743688788,0.1631299881072209
TRHR,ENSG00000174417,chr8,109076584,109131565,283,0.4188244033968469,0.435856023173583,0.37930766080890915,0.3503153300676868,0.3603525533736484,0.3191141851358327,0.2784379099641848,0.2533315968651226,0.2940078720367705
NUDCD1,ENSG00000120526,chr8,109230918,109344121,629,0.35417106673891663,0.5082481596903362,0.3889799772785454,0.3077234051686782,0.4138381837688597,0.3271880744383405,0.2716956942260176,0.3825930049132244,0.4380853851255473
ENY2,ENSG00000120533,chr8,109324323,109355954,155,0.3172032837588259,0.6346492393503058,0.5133040625613798,0.31706824581248455,0.5253144280402057,0.33416989338236136,0.3215775479667462,0.672727505389366,0.6853198508049811
PKHD1L1,ENSG00000205038,chr8,109352460,109547207,1100,0.3493888000121524,0.6833168029347442,0.6137511555627012,0.3238936233061734,0.555856942186897,0.31421149543390503,0.36482483517069614,0.835641887725491,0.7850285479886999
EBAG9,ENSG00000147654,chr8,109529710,109575996,205,0.4415472578705806,0.5903906188174444,0.6563670475611025,0.40850645295019083,0.5772118043735569,0.2034776960084702,0.27838593121768873,0.6890736062329212,0.6141653710237025
SYBU,ENSG00000147642,chr8,109563977,109701791,862,0.24131759365428077,0.5671993315187059,0.5086261389837733,0.268834224258828,0.5100929908622216,0.20155000991187755,0.2185266946434376,0.6359279969890556,0.6189513122574956
KCNV1,ENSG00000164794,chr8,109953635,109985771,134,0.36646437417087985,0.5347240454198965,0.563929096915538,0.34065167103802985,0.542702819780428,0.1958066079489919,0.1996030481616607,0.5693179907581244,0.5655215505454556
CSMD3,ENSG00000164796,chr8,112212927,113446939,7705,0.4017958021053934,0.4120440005416813,0.33853745480743047,0.3787883361104673,0.3316693995210425,0.3158121809748541,0.30210712963001896,0.21529098376182348,0.22899603510665853
TRPS1,ENSG00000104447,chr8,115398495,115819673,2023,0.5766575434193871,0.6745320997958305,0.5967320957741604,0.5228684979245968,0.545630843530985,0.5369555566931922,0.536804644054127,0.5855358823875574,0.5856867950266226
EIF3H,ENSG00000147677,chr8,116632129,116776925,712,0.4855331656888639,0.5306509987333138,0.4451630985054069,0.5390415651663988,0.4968685810887443,0.41597587813481507,0.42197608920185803,0.3404327699739331,0.3344325589068902
UTP23,ENSG00000147679,chr8,116756504,116859463,682,0.43169560253419637,0.48130793499411434,0.41793005115221893,0.3601453586113893,0.4209185397030896,0.3401891684601277,0.2783235134496685,0.3162557271303559,0.3781213821408149
RAD21,ENSG00000164754,chr8,116835933,116884776,325,0.34040960590805563,0.37383277596969133,0.37225751607959673,0.22555982564718802,0.3323595864618755,0.2093244050446809,0.15987356268712316,0.25881340747166903,0.30826424982922684
AARD,ENSG00000205002,chr8,116928206,116954487,192,0.4045258529924129,0.46813843233465785,0.37489385834610245,0.42800185779784106,0.3883214063010363,0.33996776134628504,0.34922163102313886,0.2914042733103762,0.2821504036335224
SLC30A8,ENSG00000164756,chr8,116940272,117186714,1617,0.32543058552409027,0.4765483294688371,0.4081976558667204,0.3503709526290594,0.42330220594188467,0.25820434548591664,0.2641137223549146,0.3891062273496409,0.3831968504806431
MED30,ENSG00000164758,chr8,117510712,117550262,240,0.22002471052776704,0.15906303425285798,0.11319472069140209,0.2537482692232033,0.16910470178277173,0.1508008826430124,0.14033969067833302,0.022437690724361456,0.032898882689040815
EXT1,ENSG00000182197,chr8,117784489,118121826,2225,0.3838447939397692,0.4078350239234449,0.36984641733442364,0.4083518179808739,0.3734849949985463,0.2732173445565037,0.2906152802954288,0.25075266255952566,0.23335472682060054
SAMD12,ENSG00000177570,chr8,118179454,118632112,3296,0.37974613582112376,0.31287661915821524,0.26391730396275553,0.41393571011594166,0.2735418691780697,0.27322751390251365,0.29499638298298025,0.10201389532612012,0.0802450262456535
TNFRSF11B,ENSG00000164761,chr8,118913556,118961885,316,0.40199308605392475,0.689894011511455,0.6160175398762181,0.36095308438141527,0.6347267157444363,0.3639178503518601,0.3057545334736608,0.8069232912348625,0.8650866081130617
COLEC10,ENSG00000184374,chr8,118985451,119118455,1136,0.46725199564096953,0.7484622156678906,0.69506265519842,0.4532233474268407,0.6611325807239244,0.4111099341951169,0.45086529823570043,0.9690521306185509,0.9292967665779674
MAL2,ENSG00000147676,chr8,119155033,119255673,0,,,,,,,,,
CCN3,ENSG00000136999,chr8,119406445,119434434,209,0.12204479621839223,0.11719009430031219,0.046002442648536056,0.14636049058846246,0.07853183681515924,0.10385546166059573,0.10055231347659363,0.020789922227458568,0.024093070411460624
ENPP2,ENSG00000136960,chr8,119547085,119683453,805,0.3352218420839406,0.5993699469208309,0.5134332289154117,0.30658106700169757,0.5516283293730482,0.30131879529261985,0.23935250566944782,0.6133980431040003,0.6753643327271721
TAF2,ENSG00000064313,chr8,119720773,119842841,656,0.2855999366319675,0.39560426774744056,0.2663824029478422,0.3666268122275628,0.37404141984662725,0.26503544969403015,0.2458752550964193,0.2384906600452274,0.2576508546428383
DSCC1,ENSG00000136982,chr8,119823975,119865894,294,0.41759797484476446,0.5306974608784889,0.5669879897708685,0.40765230494784666,0.5332482444944451,0.23005606824245572,0.25910570204604844,0.5264515775096434,0.4974019437060507
DEPTOR,ENSG00000155792,chr8,119863716,120060918,1428,0.33970563002673754,0.39669737715037473,0.3065555041930779,0.385686512639246,0.36916363260441437,0.27716089850512626,0.26593874434750625,0.2281754475349793,0.23939760169259933
COL14A1,ENSG00000187955,chr8,120049779,120383573,2162,0.36804508693468874,0.3249645982489811,0.3181499656044814,0.40984066196077185,0.3682394946443285,0.23449091683955353,0.2305539763201734,0.15849922560680496,0.1624361661261851
MRPL13,ENSG00000172172,chr8,120370760,120455402,0,,,,,,,,,
MTBP,ENSG00000172167,chr8,120435399,120552133,703,0.5084723534466471,0.8070007421464954,0.6468127978270193,0.49427358052259995,0.6811768600124518,0.6572744910937068,0.591854807118585,0.987794444309567,1.0532141282846892
SNTB1,ENSG00000172164,chr8,120525744,120823273,2112,0.3759977939673913,0.5336162877059903,0.4385223990275266,0.46999089754717543,0.5056284166047532,0.3285822725189128,0.34656990672028953,0.4341642942193903,0.4161766600180136
HAS2,ENSG00000170961,chr8,121602115,121651440,306,0.2870889226607616,0.4319286612328507,0.4324882041564298,0.21831603977272182,0.354512129166908,0.16870655503558207,0.18703208778361027,0.39680171669093617,0.378476183942908
ZHX2,ENSG00000178764,chr8,122771654,122984510,1206,0.404480048078496,0.45480161876680614,0.4179549783518668,0.4012014820607283,0.41985553567675954,0.29185922854597435,0.2874787598716367,0.31474631974292905,0.3191267884172668
DERL1,ENSG00000136986,chr8,123003169,123052302,267,0.5393757265026172,0.3784240901975968,0.45569410449366593,0.38142489458593354,0.4027322433267059,0.3212129734140948,0.22022206814907141,0.15428426240974347,0.255275167674767
TBC1D31,ENSG00000156787,chr8,123031967,123162153,771,0.35997713832290895,0.49817623214834333,0.380451037285676,0.31666869749096976,0.4099592400791037,0.328497058850599,0.2713590442930873,0.36100922213227715,0.4181472366897888
FAM83A,ENSG00000147689,chr8,123168959,123220079,421,0.3167957384322746,0.40014288265761744,0.4647953807064623,0.30978655667161653,0.5208063938718206,0.1334595247595865,0.07308380294135497,0.37760426512839934,0.437979986946631
C8orf76,ENSG00000189376,chr8,123209966,123251377,241,0.20494449931595662,0.13308474626489783,0.09394172239074094,0.3240710059171597,0.32525793022308697,0.13675287859180998,0.07052826017326005,0.006061174944266862,0.07228579336281679
ZHX1-C8orf76,ENSG00000259305,chr8,123216188,123284284,342,0.320440604745343,0.263338706788465,0.3615231716502349,0.28638040443607543,0.3316436315079463,0.12163390574801727,0.12004927172913607,0.1839931617000185,0.18557779571889968
ZHX1,ENSG00000165156,chr8,123238450,123285541,220,0.4703859428069114,0.5561427771483637,0.4680147642419616,0.4159584139201624,0.4965370951918038,0.4083597638659164,0.3318950919341886,0.403892574552737,0.4803572464844648
ATAD2,ENSG00000156802,chr8,123309849,123426350,518,0.6239374474610753,0.6611760471587762,0.5846799867663607,0.5210048411055023,0.6522168206216761,0.5907842331273232,0.3810816834062737,0.49149038651687327,0.7011929362379227
NTAQ1,ENSG00000156795,chr8,123406725,123480028,524,0.42853223149246117,0.48354807106334563,0.38309015619827236,0.33702849019332337,0.36490232741997813,0.368643937467139,0.30890992503341463,0.2921291280772608,0.35186314051098533
FBXO32,ENSG00000156804,chr8,123487888,123551206,374,0.3328561168871829,0.4258798795626222,0.3746766350670847,0.34046451549096496,0.4157490819501243,0.24508989793543434,0.21685570218543088,0.30982673756618523,0.3380609333161887
KLHL38,ENSG00000175946,chr8,123634441,123663801,206,0.4506345258807763,0.56146049333274,0.5051420866914668,0.5067644677567795,0.4470312129534766,0.35990606247330903,0.46931006009879384,0.46439931373264515,0.3549953161071604
ANXA13,ENSG00000104537,chr8,123670793,123747402,538,0.43033355710256066,0.5871700916399122,0.5261004291108075,0.38049533738021984,0.49468422245893257,0.35033201843078976,0.3404914617342958,0.534387596585851,0.544228153282345
FAM91A1,ENSG00000176853,chr8,123758438,123825452,388,0.3965474596100052,0.4226985726436632,0.3843010076248671,0.39841808955191865,0.3292820004700787,0.2847407714906658,0.32908841050591825,0.26464997295866904,0.2203023339434167
FER1L6,ENSG00000214814,chr8,123841986,124130061,2030,0.4109720200292252,0.548261265011022,0.47665243142717123,0.4357409049783436,0.5138043144948259,0.33821170494221825,0.32287446989450086,0.4564395812615017,0.471776816309219
TMEM65,ENSG00000164983,chr8,124296188,124382701,464,0.5483141499289383,0.748767671370937,0.7455455409110892,0.4446411813537555,0.7246918423389012,0.4037560584867449,0.3398268872886995,0.9776210974103203,1.0415502686083655
TRMT12,ENSG00000183665,chr8,124440819,124472150,161,0.28808468477667976,0.3433713760986489,0.2569372356642985,0.324984668686873,0.233435497760501,0.2317291155266927,0.27391006174574917,0.1889075652148599,0.14672661899580344
RNF139,ENSG00000170881,chr8,124464879,124498618,145,0.29086894084978326,0.36849541473467284,0.2099489233817592,0.36884793100485647,0.30466703464489286,0.2838536567351344,0.2782470318296203,0.1757964195717686,0.18140304447728267
TATDN1,ENSG00000147687,chr8,124478484,124549458,321,0.3680323015072578,0.40408326699403563,0.29039306093649503,0.3492023493553819,0.2947086646915121,0.316763629161709,0.2990332625169791,0.2008907022369268,0.21862106888165672
NDUFB9,ENSG00000147684,chr8,124529100,124590648,429,0.3605427138737164,0.42171699477091024,0.395173694049586,0.36627878859916563,0.4153460910269967,0.24600669737183134,0.2335514186038935,0.30168520434278157,0.3141404831107194
MTSS1,ENSG00000170873,chr8,124540783,124738473,0,,,,,,,,,
ZNF572,ENSG00000180938,chr8,124963294,124989389,151,0.279944566751993,0.5417710468699883,0.5674052107596677,0.2527453201117733,0.482211995840616,0.13542979533743948,0.2067730791315865,0.6449565267739433,0.5736132429797963
SQLE,ENSG00000104549,chr8,124988496,125032283,277,0.2541756901854778,0.7922849604136528,0.7000904955408773,0.2688362237591998,0.7997280021667392,0.3302894275462387,0.1383135467931198,1.2412987130340234,1.4332745937871423
WASHC5,ENSG00000164961,chr8,125014259,125101819,711,0.26795135803637715,0.8032506252022579,0.7193742914957535,0.3039991324376711,0.7819144028551743,0.33349969502213894,0.23268064784154052,1.2923248743156048,1.3931439214962031
NSMCE2,ENSG00000156831,chr8,125081678,125377120,1475,0.36852495163501753,0.43555366329471557,0.3920123712460027,0.400497649783108,0.43831977193146304,0.2670030341601829,0.25337138366094486,0.3049069291606433,0.3185385796598813
TRIB1,ENSG00000173334,chr8,125420357,125448403,137,0.41178491324476924,0.41462387538606155,0.3872961165589366,0.405003174961295,0.42880730598445954,0.28814488671742594,0.24733562059368108,0.24735580357739123,0.28816506970113603
LRATD2,ENSG00000168672,chr8,126542442,126568478,152,0.3890783727841167,0.3505055487647579,0.3491925982009709,0.3675757392319211,0.45167287321839145,0.2474030267287677,0.14443628697920824,0.18415795931201454,0.287124699061574
POU5F1B,ENSG00000212993,chr8,127312182,127430066,803,0.3369371542865946,0.44866314337660174,0.37958211016357973,0.3648110927824212,0.3936577550962947,0.26446639642331143,0.274465721242201,0.33094290517387803,0.3209435803549885
MYC,ENSG00000136997,chr8,127725433,127752951,157,0.3347125573316248,0.3548618920426397,0.3191234996938623,0.33043569229035613,0.40170034672363686,0.23072630578113215,0.16287768563389565,0.20756455846170818,0.27541317860894476
GSDMC,ENSG00000147697,chr8,129738195,129796624,498,0.392709254820846,0.4985067856965729,0.4110651935653941,0.3745963576380334,0.4236512658335846,0.3297365156650762,0.30424042608265484,0.3604286868073563,0.3859247763897776
CYRIB,ENSG00000153310,chr8,129829592,130027129,1249,0.4009294142581814,0.5815817716502931,0.554860696517413,0.36525879244776804,0.4606330283207243,0.2871408223085405,0.354226304478495,0.5841329780704865,0.5170474959005318
ASAP1,ENSG00000153317,chr8,130042103,130453674,2531,0.37065306753578126,0.6534087341518252,0.573011404235599,0.329567965083225,0.578144397026189,0.335841870000418,0.29817492557996905,0.7237672315325137,0.7614341759529626
ADCY8,ENSG00000155897,chr8,130770300,131050909,1875,0.4576673703733626,0.5967516270740073,0.46889177761352013,0.43810528977670343,0.48052114556810843,0.4436444425016846,0.4148571094601877,0.4645581543847185,0.49334548742621537
EFR3A,ENSG00000132294,chr8,131894092,132023642,719,0.39390140812521207,0.42500544771372706,0.35380857956233375,0.329044857635294,0.3554126899746975,0.30872391158599105,0.25665135614617474,0.24467080092841959,0.2967433563682359
OC90,ENSG00000253117,chr8,132014215,132069382,405,0.40425777865712764,0.2857498663494276,0.29777744313433935,0.4093236121121076,0.25241597051450215,0.2504821890631517,0.28605023165721555,0.08603986168796302,0.05047181909389914
RP11-240B13.2,ENSG00000258417,chr8,132014237,132095655,551,0.45847517585616376,0.42342589900492467,0.4118334070282994,0.4316200597851159,0.3983097756016613,0.3166363660075848,0.3038020215376001,0.2340150455409612,0.2468493900109459
HHLA1,ENSG00000132297,chr8,132051485,132121159,542,0.46941723190986445,0.6285483019507346,0.613031780312459,0.4713213513510691,0.6336602441243384,0.3373515235351813,0.3117584308653364,0.6529849184522254,0.6785780111220703
KCNQ3,ENSG00000184156,chr8,132110858,132491095,2619,0.39314400425529533,0.5484361912733319,0.5238888213816866,0.40978838062414985,0.5380283428289353,0.2761992309490916,0.27503049080687264,0.5188393590781666,0.5200080992203855
LRRC6,ENSG00000129295,chr8,132560415,132685592,0,,,,,,,,,
TMEM71,ENSG00000165071,chr8,132675006,132770712,652,0.43420575693950586,0.5199712702164131,0.5190125062751598,0.4217310642399253,0.47485985345228154,0.2857600542010539,0.3187677243432412,0.4481492689545028,0.4151415988123155
PHF20L1,ENSG00000129292,chr8,132765357,132858807,420,0.36798051866896664,0.3871225544533154,0.39332833091839536,0.333213730698894,0.37560712685901304,0.22432890363872038,0.2119502523210637,0.265261385093732,0.27764003641138874
TG,ENSG00000042832,chr8,132856957,133144903,2222,0.3958579969575677,0.3813994399752302,0.3676021693315734,0.3771366157448941,0.3280386901135749,0.26300245687921187,0.2780845349414243,0.21729305654235964,0.2022109784801471
SLA,ENSG00000155926,chr8,133026727,133112912,765,0.40540920973902667,0.5125371602524553,0.42850818323250517,0.40322849756121115,0.41004714855340185,0.33945898019774856,0.35352477068423105,0.3790822374107306,0.36501644692424823
CCN4,ENSG00000104415,chr8,133181038,133241690,458,0.3676019854726814,0.49653596173960973,0.4191023836125595,0.3832246380006054,0.4195274953204836,0.30064927441129774,0.3127902757192039,0.38559371847762003,0.37345271716971384
NDRG1,ENSG00000104419,chr8,133227174,133312022,588,0.4685018010837486,0.5814820038028938,0.6050726511434343,0.3790005152395065,0.5395528005339778,0.28701870012743375,0.28595166302651104,0.5840166881839928,0.5850837252849155
ST3GAL1,ENSG00000008513,chr8,133444847,133581940,1122,0.4006578276079898,0.4850908276387529,0.44774514888787265,0.39293323143136905,0.4571325859814406,0.2909708551716926,0.27599554630404666,0.3727939030478216,0.38776921191546765
ZFAT,ENSG00000066827,chr8,134467787,134723049,1918,0.3802775711861589,0.658010758408189,0.5575576750027139,0.35351881867893203,0.5466185684357199,0.3680072171900448,0.3590828469923977,0.7049687825581654,0.7138931527558126
KHDRBS3,ENSG00000131773,chr8,135447455,135666722,1310,0.5739387774656954,0.5628342445429213,0.5408289861138099,0.5332424066433655,0.5161906693353752,0.45114126091428614,0.4316618430137964,0.3763015917840553,0.39578100968454516
FAM135B,ENSG00000147724,chr8,138120022,138507261,3031,0.46913257632251487,0.576373479812589,0.5513681868502145,0.4473687701182434,0.5280666659133965,0.3452966397422013,0.3505249347357799,0.5136064207976814,0.5083781258041029
COL22A1,ENSG00000169436,chr8,138578234,138924041,2771,0.5294248492556697,0.5530412424641673,0.5281952181360747,0.5002393240748804,0.5155837835037083,0.40394929218967457,0.3870520532853877,0.401339661456081,0.4182369003603678
KCNK9,ENSG00000169427,chr8,139590837,139714109,947,0.4133688233445407,0.47016632277775616,0.44610088190847197,0.3838363528022693,0.3980945661391081,0.2888892039546969,0.3058899476604777,0.3463029342937981,0.3293021905880173
TRAPPC9,ENSG00000167632,chr8,139717724,140468579,0,,,,,,,,,
CHRAC1,ENSG00000104472,chr8,140501310,140527154,186,0.4527214386141031,0.8234405693736823,0.7261670722640333,0.5994288022620364,0.7765665602878431,0.5208289918466269,0.5751598899114214,1.2132687500091879,1.1589378519443934
AGO2,ENSG00000123908,chr8,140510155,140645633,944,0.44837067480345855,0.6586153250559468,0.5916404676800376,0.48742049746690136,0.5846011152777371,0.38700852156815124,0.4322643796106497,0.6877368369186695,0.6424809788761711
PTK2,ENSG00000169398,chr8,140647899,141012216,1783,0.4477315684861454,0.7796622475487428,0.6905376682399222,0.4864994413901325,0.6954594156018838,0.46669791620129575,0.495073457318563,1.0458957552873929,1.0175202141701256
DENND3,ENSG00000105339,chr8,141107277,141205808,689,0.41972000759874706,0.39411255411255414,0.36616994715470935,0.41861322844455856,0.3738840247997834,0.2946655867507228,0.2875902128689841,0.2063954562715835,0.21347083015332208
SLC45A4,ENSG00000022567,chr8,141197165,141318305,921,0.461368286190191,0.46736329082434347,0.3844853955428746,0.4545041228810182,0.360369737811119,0.38167114803026875,0.39455536516241263,0.24824453547170916,0.23536031833956522
GPR20,ENSG00000204882,chr8,141346469,141377286,0,,,,,,,,,
PTP4A3,ENSG00000184489,chr8,141381994,141442454,487,0.3688546244208839,0.3712548737661422,0.284762892223944,0.3924266982033888,0.3395153198380831,0.2945535954533018,0.2737652045873019,0.1694757136616566,0.19026410452765646
AC138647.1,ENSG00000226490,chr8,141504637,141528737,0,,,,,,,,,
TSNARE1,ENSG00000171045,chr8,142202079,142413182,1173,0.4014290909178757,0.3937770545204404,0.27571409436780164,0.4292688541155381,0.26879313735589666,0.3455743397385294,0.3741428091775546,0.15493312400078246,0.12636465456175727
ADGRB1,ENSG00000181790,chr8,142439429,142555009,699,0.49471409614584916,0.5226182574692562,0.4557298872013134,0.4711248178920728,0.4613456733341605,0.40688002426993725,0.37888019885888297,0.3325587850856021,0.3605586104966565
ARC,ENSG00000198576,chr8,142601048,142624479,165,0.42189291838267956,0.5951439535535464,0.43502612691059217,0.4004649286068396,0.48365000302138283,0.44062204493154705,0.3774270331846723,0.4636016710010847,0.5267966827479594
JRK,ENSG00000234616,chr8,142647459,142691968,0,,,,,,,,,
PSCA,ENSG00000167653,chr8,142660307,142692725,0,,,,,,,,,
LY6K,ENSG00000160886,chr8,142690110,142715127,149,0.2776866225097317,0.5532562382035162,0.41220861053467744,0.3578914142848674,0.37572249549041936,0.29984155406056745,0.38880382541151187,0.5059285345016634,0.41696626315071905
THEM6,ENSG00000130193,chr8,142717222,142746927,190,0.3184641754024263,0.47994746244999886,0.40144118661238687,0.31443979682615186,0.3419193945585931,0.26200070494171956,0.3064582721837886,0.3918247338185078,0.3473671665764388
SLURP1,ENSG00000126233,chr8,142730948,142752406,132,0.22768386561698428,0.34774531717482166,0.35607544369316974,0.22651301571149668,0.32428586520126046,0.1227538897241586,0.14609072087424563,0.3045662857725807,0.28122945462249377
LYPD2,ENSG00000197353,chr8,142740149,142762532,109,0.17676364323549607,0.4084848484848485,0.35068214338492143,0.17245185736647792,0.32534163534939337,0.14387349611986816,0.1604035664086429,0.3811944843616656,0.3646644140728909
LYNX1-SLURP2,ENSG00000284505,chr8,142754333,142788224,174,0.30654916878100036,0.4233947846784818,0.3703803053108275,0.36498385189878724,0.3847458922130818,0.22701654448795283,0.25949119303802975,0.323580904374981,0.2911062558249041
SLURP2,ENSG00000283992,chr8,142754337,142779828,174,0.30654916878100036,0.4233947846784818,0.3703803053108275,0.36498385189878724,0.3847458922130818,0.22701654448795283,0.25949119303802975,0.323580904374981,0.2911062558249041
LYNX1,ENSG00000180155,chr8,142761196,142787810,150,0.2896019767134039,0.47407064812670147,0.40611163034095094,0.34498237515596797,0.3710744257673574,0.2317271749947049,0.3009695848030647,0.41086121229833994,0.3416188024899802
LY6D,ENSG00000167656,chr8,142774881,142796539,11,0.16708898007225648,0.5205808080808081,0.5176453980801807,0.2519007890843334,0.47415849456665793,0.09446631956215029,0.1913220836730382,0.640713605014519,0.5438578409036311
GML,ENSG00000104499,chr8,142824246,142926506,169,0.445028299741872,0.36837143363459157,0.3285554620700759,0.4255456236222633,0.31716072737515644,0.32498403269386983,0.31614629784738524,0.1344697363586168,0.14330747120510146
CYP11B1,ENSG00000160882,chr8,142862355,142889846,56,0.43686297074085767,0.4204429645325664,0.35665509339309015,0.4822835839081124,0.3585416945597357,0.3393245960253615,0.3799038763230755,0.2061666031608358,0.16558732286312178
CYP11B2,ENSG00000179142,chr8,142900558,142927843,56,0.554673002710811,0.38119442873855375,0.4347682185615708,0.5127334192702492,0.29516189984607305,0.3591955994837957,0.42456046062376973,0.12076855750859894,0.05540369636862491
LY6E,ENSG00000160932,chr8,143007981,143033832,0,,,,,,,,,
LY6L,ENSG00000261667,chr8,143070629,143093486,0,,,,,,,,,
LY6H,ENSG00000176956,chr8,143147913,143170711,70,0.2602135769723158,0.32045856974247394,0.34122108198028983,0.3094884574477322,0.24169162540402453,0.13518177288621,0.2399972580948923,0.2511553026820045,0.14633981747332217
GPIHBP1,ENSG00000277494,chr8,143203217,143227170,120,0.3867931989642655,0.23375530935720304,0.2552141565243317,0.40587148741440815,0.32078879922134035,0.23032410070554482,0.2000450998247651,0.03592962006447109,0.06620862094525082
ZFP41,ENSG00000181638,chr8,143236820,143272705,214,0.45143513509192623,0.613068218275148,0.5179430629583501,0.3857989787160203,0.4438857913579731,0.41013178918820364,0.42507914484695813,0.5393750869151327,0.5244277312563783
RP13-582O9.6,ENSG00000264668,chr8,143237109,143286403,370,0.41976145732088327,0.6080418165005047,0.49844529004784555,0.36214323424946904,0.4738893867279098,0.39543675711860055,0.3719989243014295,0.5411633625094148,0.5646011953265859
GLI4,ENSG00000250571,chr8,143257432,143286931,251,0.43621833465809895,0.5858116455922036,0.4776530216627169,0.3804760340886704,0.43630041730849023,0.40254973222116813,0.39350225742651457,0.4788847140619661,0.48793218885661965
ZNF696,ENSG00000185730,chr8,143279675,143309952,264,0.42909992590373813,0.5262533756312404,0.36163975205732785,0.3490934811475118,0.3497865070998081,0.4293856155658907,0.37300868593311765,0.31769703238798325,0.3740739620207564
TOP1MT,ENSG00000184428,chr8,143294383,143369979,517,0.4739980823539528,0.5413512887207016,0.48234046446167045,0.4201796687862084,0.4427366157294401,0.38174179863074276,0.3698952027351759,0.3977288982126101,0.40957549410817695
RHPN1,ENSG00000158106,chr8,143358875,143394221,186,0.5443060590875928,0.7328541951161625,0.737455465158035,0.6161696127503055,0.7494046209439678,0.38428000307324395,0.4467997657785451,0.9356806808519262,0.8731609181466251
MAFA,ENSG00000182759,chr8,143409181,143440732,193,0.4101709047810608,0.52027782028668,0.4436526355138252,0.415585399738382,0.4317121743899987,0.3380540822668144,0.35328274880576954,0.396494052642205,0.38126538610324995
ZC3H3,ENSG00000014164,chr8,143427658,143551447,1028,0.41061303240294195,0.36017699108623424,0.3307446325735743,0.3909253364876763,0.3403566051890475,0.2868232165614754,0.2631611035875826,0.15974047288579302,0.18340258585968586
GSDMD,ENSG00000104518,chr8,143543206,143573062,229,0.41853426888620665,0.4058246291836157,0.3915092052150276,0.4140969820103643,0.359910694117712,0.2830052561902726,0.30451709780961755,0.23757550993848564,0.21606366831914064
MROH6,ENSG00000204839,chr8,143556191,143582772,211,0.45381084695409757,0.48850159170769863,0.48353663994141066,0.48559445412746344,0.48462548084066637,0.3072249013410559,0.3361463546812987,0.36318590409724993,0.33426445075700717
NAPRT,ENSG00000147813,chr8,143564784,143588649,169,0.4357035077672776,0.5017724753603335,0.43514517502132005,0.5258228130862688,0.4676928668346578,0.34884368594012677,0.4061690031730406,0.34785474356729945,0.2905294263343857
EEF1D,ENSG00000104529,chr8,143569696,143609541,286,0.4970672727903346,0.516305855911657,0.5005630669281219,0.6064813337769591,0.5378118302458325,0.3596637088444561,0.4435730522951843,0.36663879687708034,0.28272945342635214
TIGD5,ENSG00000179886,chr8,143587830,143613224,202,0.47165567828438215,0.5443559212505981,0.49985027623608447,0.5984394238986509,0.5547203181402841,0.3656013043975726,0.4446937450609381,0.4204419988999118,0.3413495582365462
PYCR3,ENSG00000104524,chr8,143593209,143619773,200,0.43313740780525856,0.4590595404265539,0.4513540575018372,0.5496062021928135,0.5308507308811076,0.2908912249322858,0.3276223724822409,0.32355483750132175,0.28682368995136676
GFUS,ENSG00000104522,chr8,143602617,143628048,184,0.4868837854934955,0.4435302731887255,0.444242428274895,0.5088562567511509,0.5084555365358332,0.33298616379082036,0.2934790341378605,0.25315634521637287,0.29266347486933275
ZNF623,ENSG00000183309,chr8,143626018,143666418,168,0.5146044135289726,0.5475556137094599,0.42758013454086874,0.5646937895945064,0.49471758664101795,0.4789994892821834,0.47107910927278857,0.3140909373385188,0.32201131734791366
ZNF707,ENSG00000181135,chr8,143674451,143723898,0,,,,,,,,,
CCDC166,ENSG00000255181,chr8,143696693,143718109,0,,,,,,,,,
MAPK15,ENSG00000181085,chr8,143706339,143732458,0,,,,,,,,,
FAM83H,ENSG00000180921,chr8,143713932,143748234,0,,,,,,,,,
IQANK1,ENSG00000203499,chr8,143724138,143800645,71,0.6670960618083446,0.8063388687609475,0.714347837037915,0.5939023328336089,0.7592132374611811,0.7442831380985672,0.5594817211661682,0.8973622553506626,1.0821636722830617
SCRIB,ENSG00000180900,chr8,143780919,143825773,200,0.6876576756971485,0.8152830813503685,0.7482496558412766,0.6497638819049165,0.7538871273905112,0.7366344571610653,0.6680567537804789,0.952296338109117,1.0208740414897033
PUF60,ENSG00000179950,chr8,143806343,143839352,156,0.6938163459541448,0.7826700777659222,0.7844968844618946,0.639883495074335,0.7566744432860583,0.5875644846212796,0.5671556917270428,0.9387742164674591,0.9591830093616962
NRBP2,ENSG00000185189,chr8,143823582,143850973,126,0.5782069435173641,0.5546825188681994,0.45804522509142864,0.5245257276485574,0.5208403627758466,0.5298177805017239,0.40834442509891006,0.27915002994642063,0.40062338534923436
EPPK1,ENSG00000261150,chr8,143847323,143888467,0,,,,,,,,,
PLEC,ENSG00000178209,chr8,143905152,143986734,314,0.27006507348880043,0.3473895087205069,0.10622074972754376,0.31318640513946766,0.31146911746066586,0.3146391257366553,0.21463603373942883,0.11213569308999355,0.21213878508722
PARP10,ENSG00000178685,chr8,143967152,144022772,27,0.21912413432515046,0.2337077087528277,0.16105283917992333,0.2461653246580937,0.27571206299812656,0.16896156603855206,0.11310376831634272,0.09723003472398195,0.15308783244619129
GRINA,ENSG00000178719,chr8,143980055,144003415,0,,,,,,,,,
SPATC1,ENSG00000186583,chr8,144002279,144057114,0,,,,,,,,,
OPLAH,ENSG00000178814,chr8,144041265,144073965,0,,,,,,,,,
EXOSC4,ENSG00000178896,chr8,144068647,144090648,137,0.27225094390275945,0.30648990948118493,0.01695984074414503,0.19814181227038086,0.008695408263442814,0.33334158833533994,0.2890397826547773,0.032647900862485396,0.076949706543048
GPAA1,ENSG00000197858,chr8,144072589,144096216,142,0.5609744561740161,0.7723486349334153,0.8839640526070106,0.45135898599863106,0.822580940186574,0.0746411787624719,0.1755050439113277,1.4052987421178023,1.3044348769689464
CYC1,ENSG00000179091,chr8,144085038,144107525,102,0.7335439654544357,0.8647094260602378,0.9570451168233324,0.6085622598685706,0.8896097764948677,0.08763574703405719,0.36726275752600257,1.9126946670492364,1.633067656557291
SHARPIN,ENSG00000179526,chr8,144088632,144118124,159,0.7639790424335374,0.8336013876114287,0.9253688367705198,0.7314895205575581,0.8728312995454953,0.321003321476226,0.5229968509451932,1.472365768164562,1.270372238695595
MAF1,ENSG00000179632,chr8,144094460,144117611,133,0.7913814178976366,0.8327526222048182,0.8969640832226211,0.7475301864292692,0.850550037686884,0.5414256369026804,0.6319756018284898,1.246855621548693,1.1563056566228838
WDR97,ENSG00000179698,chr8,144097725,144128328,156,0.782078721087392,0.8663776453836374,0.8901582203611382,0.7044030904338692,0.8191706603388289,0.6638223893325794,0.7606473421736737,1.3489153175714999,1.2520903647304056
HGH1,ENSG00000235173,chr8,144127773,144150851,16,0.7898318983189833,0.76,0.9850746268656717,0.649059017223911,0.9090909090909091,0.0,0.038179146367132155,2.0359806953725834,1.388937209273014
MROH1,ENSG00000179832,chr8,144138015,144271927,351,0.8006834529679366,0.8518140309565518,0.8994341610490453,0.7941614345436417,0.870088983138004,0.6126028119225728,0.7245223890507988,1.2966844344998039,1.1847648573715777
BOP1,ENSG00000261236,chr8,144252044,144301438,0,,,,,,,,,
SCX,ENSG00000260428,chr8,144256452,144278481,0,,,,,,,,,
HSF1,ENSG00000185122,chr8,144281590,144324720,64,0.30741160559652847,0.28151026917944216,0.41364084873231016,0.3090423686435225,0.32329656644725135,0.08205023939418915,0.15487923818142355,0.2485536266963271,0.17572462790909274
DGAT1,ENSG00000185000,chr8,144304583,144336910,101,0.33048421469323913,0.37154403655270196,0.4108271883676551,0.3764977222501383,0.2846737334888229,0.16832705794426583,0.3009378283259363,0.29616226157639824,0.1635514911947277
SCRT1,ENSG00000261678,chr8,144320564,144346482,97,0.4250236167895396,0.5036976841477881,0.36408112758630823,0.4424428500749066,0.40348052238313176,0.4006560294972421,0.3840584575923894,0.29991400066782736,0.31651157257268003
SLC52A2,ENSG00000185803,chr8,144323956,144371286,219,0.536549418373631,0.5361747343565524,0.4600187606005972,0.5059181266195586,0.40332673940171565,0.4605410090670075,0.4784579013451775,0.3077063712789162,0.2897894790007462
TMEM249,ENSG00000261587,chr8,144342218,144364914,140,0.5586738320168193,0.5289550404533506,0.5123246811374038,0.5012123153895305,0.42578844328742593,0.4263336881110273,0.44680955232978986,0.32646804589722356,0.30599218167846093
GS1-393G12.13,ENSG00000271698,chr8,144343227,144365609,143,0.5586738320168193,0.5289550404533506,0.5123246811374038,0.585144826107505,0.39192329113115776,0.4263336881110273,0.5675866465838331,0.32646804589722356,0.18521508742441778
FBXL6,ENSG00000182325,chr8,144345430,144369376,144,0.49198392461167423,0.4414944765088401,0.4023565409530593,0.48787684048873353,0.29593659918376847,0.37248601646043544,0.45039701935062315,0.21000475419356224,0.13209375130337436
ADCK5,ENSG00000173137,chr8,144363100,144403242,172,0.5226345406063992,0.553733328150375,0.43180950212053504,0.5497537058900694,0.45852739306989637,0.4905064864978419,0.4956681555951201,0.31633210020119473,0.3111704311039165
CPSF1,ENSG00000071894,chr8,144383228,144419335,102,0.5239609891776866,0.5202338304172093,0.4717222721892582,0.5184119948809022,0.35782340090500253,0.4192893895767046,0.5111153977211347,0.3151670509005194,0.22334104275608918
SLC39A4,ENSG00000147804,chr8,144399741,144426844,34,0.55590467425416,0.6564394968509079,0.526560673983935,0.6238448753244786,0.5722235983816365,0.5661882868087387,0.5984955272895884,0.502203758760519,0.4698965182796694
VPS28,ENSG00000160948,chr8,144413600,144438563,36,0.3451154319745336,0.46841513750062164,0.36268194533551734,0.42038314995546566,0.24544997256264872,0.30235113583689655,0.4478233637298652,0.3295412920701618,0.18406906417719315
TONSL,ENSG00000160949,chr8,144418774,144454440,137,0.6129444324384614,0.6666892763113085,0.6000736830498147,0.6004524341342523,0.5489508610074081,0.5656960871324727,0.6099617937475355,0.5329840327700486,0.48871832615498584
CYHR1,ENSG00000187954,chr8,144439581,144475667,269,0.6587797601221597,0.76920654887103,0.694882379528093,0.6938072917507584,0.7128834717823642,0.6772006645100659,0.7009528025871399,0.7890314548985373,0.7652793168214633
KIFC2,ENSG00000167702,chr8,144456042,144484202,207,0.6679170080961406,0.8262932647049522,0.7768567359167035,0.730790688398286,0.814463120345473,0.6764079613839774,0.6890756592032127,1.0739788696564019,1.0613111718371666
FOXH1,ENSG00000160973,chr8,144463411,144485849,137,0.7211832762069006,0.8013540674541358,0.8163277906468892,0.7064693571184388,0.6766957038309928,0.5994146542044362,0.8564216033393887,1.0168166182068892,0.7598096690719364
PPP1R16A,ENSG00000160972,chr8,144467968,144512121,249,0.5480644183363005,0.5954995283423377,0.6336726813964759,0.5747209858139367,0.5194174361294666,0.3475449860457853,0.5136779808475798,0.5575573904121258,0.39142439561033143
GPT,ENSG00000167701,chr8,144492972,144517174,152,0.47169957169992166,0.36499532235102705,0.310616750695071,0.3633170974267407,0.3268714525697766,0.36012757757309555,0.25489374912847773,0.09399533616714612,0.19922916461176393
MFSD3,ENSG00000167700,chr8,144499069,144521213,153,0.5461497335480613,0.48510334474055933,0.4063158707709405,0.4458088296707755,0.4656178460402975,0.4661845713690473,0.3136952974814452,0.1976044964852956,0.3500937703728976
RECQL4,ENSG00000160957,chr8,144501287,144527845,180,0.5465387562032061,0.4413563477828607,0.46997190055082644,0.470538578468946,0.433630493623769,0.36913185002190985,0.32481494100045266,0.21311163275024209,0.2574285417716991
LRRC14,ENSG00000160959,chr8,144507991,144535172,195,0.5904805327939787,0.5595898214963919,0.4981464743166282,0.5885750766585295,0.5756749768363895,0.5116863084644891,0.42546096546435963,0.3083624539843198,0.3945877969844493
LRRC24,ENSG00000254402,chr8,144512387,144537033,174,0.6342095565969346,0.5393922536445901,0.4041236984843449,0.5425129671178269,0.5708099414500156,0.6315904805416702,0.35567989031352076,0.1436179932287156,0.41952858345686495
C8orf82,ENSG00000213563,chr8,144515732,144539132,160,0.6558939297079274,0.5926012355005891,0.44586348560229166,0.568109619151279,0.4668715978131489,0.6872119631981205,0.5542766498254993,0.21075084464340366,0.34368615801602487
ARHGAP39,ENSG00000147799,chr8,144519178,144615816,0,,,,,,,,,
ZNF251,ENSG00000198169,chr8,144710906,144766417,313,0.33866425320376153,0.4346929044076249,0.4759819094646069,0.3512574309818158,0.3827473157294385,0.168825361280954,0.26031433016993855,0.4015608021928657,0.31007183330388116
ZNF34,ENSG00000196378,chr8,144762223,144797345,264,0.2820485615388382,0.33517695264468894,0.2703994409232853,0.3842079297629638,0.24951423944270068,0.2121648203353408,0.3030228436610867,0.1960695476028258,0.10521152427707989
RPL8,ENSG00000161016,chr8,144779764,144802587,239,0.2947212026632618,0.3717710495088277,0.33764662499933523,0.3596957244887976,0.22860434265163057,0.20102831943231655,0.3255542652178869,0.2638222886756095,0.13929634289003906
ZNF517,ENSG00000197363,chr8,144788875,144821169,299,0.36522845753466454,0.3721918011350615,0.3164654641017785,0.3922871232358982,0.3836070816447885,0.2697662996863528,0.23985133069308182,0.1957542752966573,0.2256692442899283
ZNF7,ENSG00000147789,chr8,144817517,144857509,323,0.4084604784752544,0.25207950723813477,0.21842958369161433,0.27607241218478246,0.14801569176725468,0.28451767632459335,0.22666766914745115,0.005940923431688894,0.06379093060883106
COMMD5,ENSG00000170619,chr8,144831041,144863736,263,0.3909129617722797,0.24938834956808395,0.2769690667104198,0.31559976376034976,0.1763157221343855,0.2291788496870457,0.23605564113477828,0.05768802122260028,0.050811229774867656
ZNF250,ENSG00000196150,chr8,144866496,144912168,306,0.43405737989120496,0.5046889158715254,0.428184094552454,0.3599536698187994,0.41486124539444463,0.3564468309059076,0.30643885142398036,0.346122430116496,0.39613040959842316
ZNF16,ENSG00000170631,chr8,144920357,144960888,171,0.31329827513703384,0.40977214557406927,0.35973706050506526,0.2784411235806872,0.30525627396308286,0.22861276509879666,0.24468784152943351,0.29863385759500605,0.2825587811643692
C8orf33,ENSG00000182307,chr8,145042464,145076685,0,,,,,,,,,
