gene_name,gene_id,chrom,start,end,n_snps,fst_afr_sas,fst_afr_mel,fst_mel_sas,fst_afr_eur,fst_eur_mel,pbs1_african,pbs2_african,pbs3_melanesian,pbs4_melanesian
PLEKHG4B,ENSG00000153404,chr5,82150,199972,424,0.32789704324397034,0.34350491993549004,0.2986240382412745,0.37790364852683017,0.3214660113245874,0.2317363032642742,0.253839832338338,0.18910377619272042,0.16700024711865663
LRRC14B,ENSG00000185028,chr5,181494,206334,253,0.33313470404181905,0.3041034945539793,0.2750594910820275,0.37484209843895555,0.34160782941478723,0.22302792658227175,0.20717541308270426,0.1395264021940581,0.1553789156936256
CCDC127,ENSG00000164366,chr5,186867,228153,290,0.36777694739501277,0.3966948448804267,0.3147728887066479,0.3729080877339931,0.37055990367248637,0.2929201090648782,0.25453485825740485,0.21241203963787503,0.2507972904453484
SDHA,ENSG00000073578,chr5,208240,267082,75,0.41554230927251323,0.3415980957612378,0.21632539780436663,0.38975915465698835,0.25664624354140475,0.35562461524721206,0.30762904009625325,0.06231512215455509,0.1103106973055139
CTD-2546F11.1,ENSG00000286001,chr5,208297,324955,230,0.4370031342049547,0.28102153253597256,0.21426918057402,0.4339222791596893,0.23280801131179224,0.3316320366503728,0.3169647830485429,0.0,0.012959086555254073
PDCD6,ENSG00000249915,chr5,261620,324974,155,0.4689260537246214,0.23281248495993961,0.1822204872033939,0.42233003629834964,0.18480334237851584,0.34835775744852016,0.30472535112393284,0.0,0.0
PDCD6-AHRR,ENSG00000288622,chr5,261669,448291,774,0.41710493469213106,0.34105058218945494,0.34999814103789495,0.4043059652044118,0.31171061620011653,0.2630382734880744,0.2807953490395542,0.15407022991537478,0.13631315436389502
AHRR,ENSG00000063438,chr5,311713,448291,689,0.4092628886777312,0.33799564157833517,0.39561789116809043,0.4094196552738023,0.3563244774510049,0.2176593347132807,0.2492861014642993,0.1948238046349937,0.1631970378839751
EXOC3,ENSG00000180104,chr5,433174,481937,263,0.4461040834414548,0.5226396016283197,0.5097380818075101,0.4146083237804564,0.411144913575394,0.30872325180450677,0.37269124309434876,0.43076026943323126,0.3667922781433894
SLC9A3,ENSG00000066230,chr5,460455,534449,488,0.41197208030115345,0.4794765643769377,0.4812846926212235,0.41444799244563685,0.3952459710128981,0.2637505647211512,0.342593586728145,0.38916980200715096,0.3103267800001572
CEP72,ENSG00000112877,chr5,602339,677168,192,0.3780207068914083,0.5330299169616736,0.4802821563576295,0.4603233857644236,0.4570908815541734,0.29093466997455875,0.38373096216066394,0.4705554154071714,0.37775912322106614
TPPP,ENSG00000171368,chr5,649861,703352,0,,,,,,,,,
ZDHHC11B,ENSG00000206077,chr5,700354,794729,0,,,,,,,,,
ZDHHC11,ENSG00000188818,chr5,785605,860986,0,,,,,,,,,
BRD9,ENSG00000028310,chr5,840290,902801,178,0.0565241011460679,0.024130526825137607,0.059619191182313486,0.06374469415673246,0.07418164758066234,0.01057026346332517,0.0066081438927963684,0.013856174550408246,0.017818294120937044
TRIP13,ENSG00000071539,chr5,882883,929357,280,0.1699799349230715,0.06906880610110011,0.061021485873967635,0.149321095061433,0.0655316323381033,0.09745631601221713,0.08275647224508945,0.0,0.0
NKD2,ENSG00000145506,chr5,998801,1048943,279,0.5398277541351904,0.599396616528023,0.6304996494978058,0.46475625733463305,0.6115810252648186,0.3476671159103562,0.2970728808397196,0.5671162938648042,0.6177105289354408
SLC12A7,ENSG00000113504,chr5,1040383,1122063,485,0.5262891448530598,0.6911831112943594,0.7132742942201543,0.5226369241633586,0.6664901118771744,0.33646783768376665,0.40820095937882894,0.8385389332389929,0.7668058115439307
SLC6A19,ENSG00000174358,chr5,1191594,1235111,315,0.3824578657422885,0.6274957126958932,0.5265333773219408,0.44866782232217445,0.5412934195109045,0.36092042569539545,0.40178999416938427,0.6265863059921354,0.5857167375181467
SLC6A18,ENSG00000164363,chr5,1215380,1256189,387,0.4274027695589044,0.6042512485970819,0.5159504334030236,0.4806240196209932,0.563836128265539,0.3794902455992062,0.37618285367795085,0.5474854896415229,0.5507928815627781
TERT,ENSG00000164362,chr5,1243146,1305068,358,0.36850774013700205,0.6074617954281232,0.568469937792279,0.37953894765743373,0.6137596969310309,0.2771864511086494,0.2305591490448058,0.657934958899055,0.7045622609628988
CLPTM1L,ENSG00000049656,chr5,1307751,1355099,234,0.4479601738787188,0.4674780759144083,0.3312442400348105,0.40241690220333076,0.3825987873155127,0.41096496450731346,0.3313784682771327,0.2191662457470651,0.29875274197724605
SLC6A3,ENSG00000142319,chr5,1382793,1455440,550,0.36990862628107063,0.7016154137227382,0.6846938302326079,0.37945259206128784,0.6709478496874369,0.258525677161178,0.28749315590866764,0.9508463893923133,0.9218789106448236
LPCAT1,ENSG00000153395,chr5,1446479,1533962,717,0.40667107906870403,0.6284639761196303,0.5518606632002483,0.3952025613685836,0.520565000791075,0.3547323682730373,0.37891209331286657,0.6353770825300539,0.6111973574902245
MRPL36,ENSG00000171421,chr5,1788384,1811366,203,0.4530196573065819,0.6462270200460443,0.48983880370319205,0.5774683203497987,0.5423214461089951,0.4847068764407266,0.5595012680157849,0.554392994693256,0.4795986031181976
NDUFS6,ENSG00000145494,chr5,1791406,1826048,280,0.402530145312753,0.6022334188905051,0.47043130700369123,0.5499084736960843,0.5351310091641336,0.4006244918422153,0.47709729862610817,0.5212654335263147,0.44479262674242187
IRX4,ENSG00000113430,chr5,1867412,1897236,207,0.33974912643835137,0.4421473896979638,0.3827411456232071,0.3551485952225001,0.37364028734397653,0.2581645447418609,0.27728270379808223,0.32549594599354204,0.30637778693732065
IRX2,ENSG00000170561,chr5,2735844,2761677,171,0.3354921066078553,0.47910465319526846,0.45591505784519915,0.3401013605254207,0.444513006943946,0.2261323744096822,0.23998253727731617,0.42607375285270105,0.41222358998506703
IRX1,ENSG00000170549,chr5,3585831,3611403,169,0.3777789516072804,0.44325718917956425,0.40679798249814253,0.3935865716355433,0.4008677306324193,0.26894574206078653,0.28678614895928545,0.31670614362802396,0.29886573672952504
ADAMTS16,ENSG00000145536,chr5,5130329,5330304,1712,0.5261930402352278,0.5507019018848262,0.536203935222998,0.5290820212265877,0.5191805694000405,0.38935682754585127,0.4104382776280275,0.4107118683645149,0.3896304182823388
ICE1,ENSG00000164151,chr5,5410663,5500220,580,0.35275364146230337,0.5567084730926871,0.48723127436671015,0.3665936887255955,0.49242170841543637,0.29031278740926614,0.29603326053186674,0.5232148636807941,0.5174943905581935
MED10,ENSG00000133398,chr5,6361873,6388571,232,0.3080164202903603,0.3364401803145294,0.39123954955773704,0.2518513109147906,0.2737111738409958,0.14099944310187146,0.19024114948114856,0.2691368283943218,0.2198951220150447
UBE2QL1,ENSG00000215218,chr5,6438858,6506723,446,0.5395944604582338,0.4635817882537552,0.46523879766784676,0.5292224387381722,0.45096691955775153,0.38627688201280813,0.3883070792397058,0.23656429433680354,0.23453409710990586
NSUN2,ENSG00000037474,chr5,6589238,6643291,402,0.3921470274474219,0.5151804845612503,0.4164467485615695,0.36303718279515296,0.4080512869520958,0.3415906344120172,0.32534365302595186,0.38238795600732756,0.39863493739339295
SRD5A1,ENSG00000145545,chr5,6623426,6684386,334,0.29590748977392267,0.382441550137178,0.36213149760296826,0.29975923973427226,0.34122855730945695,0.19160197911050764,0.21046699503286204,0.29037958020076576,0.2715145642784113
TENT4A,ENSG00000112941,chr5,6703431,6767044,365,0.3430090854157135,0.3901585416295104,0.3797572119705528,0.3587998410751354,0.4003235028084556,0.21849853256926455,0.21380246488963695,0.276057727337167,0.28075379501679454
ADCY2,ENSG00000078295,chr5,7386137,7840081,3096,0.44608775607182893,0.5577853852666163,0.5130755496777086,0.4463558551656586,0.44763937072637133,0.3435313347768396,0.406819482699114,0.47242862627521204,0.4091404783529376
C5orf49,ENSG00000215217,chr5,7820377,7861151,313,0.36850656584096425,0.35745526894689383,0.34735299575167583,0.3770259382322949,0.32632969163196096,0.2376338537436013,0.260277397656608,0.20468499057642403,0.18204144666341732
MTRR,ENSG00000124275,chr5,7841185,7916025,525,0.3621719724236247,0.3410852313052455,0.3100436779739313,0.39698001601661187,0.3286476380811737,0.2478603417830193,0.26225243935485176,0.16930074536335782,0.15490864779152536
FASTKD3,ENSG00000124279,chr5,7849158,7879037,170,0.38128321522024244,0.3315134664532255,0.3396389273901187,0.38417439408400417,0.30497965419934203,0.23393908039348776,0.2618581652119294,0.16879994653261013,0.14088086171416853
SEMA5A,ENSG00000112902,chr5,9025032,9556075,4015,0.43004022892955207,0.4784744705645127,0.4458281489875032,0.4608492485529804,0.4517966157449919,0.31145305482222124,0.33382409501957533,0.33954399706208865,0.31717295686473446
TAS2R1,ENSG00000169777,chr5,9617346,9722378,778,0.42764442634908356,0.6736136017692442,0.612369752379119,0.43413345781652635,0.5865537464844623,0.36498240677682076,0.40292129812616895,0.7546909220708152,0.7167520307214671
ATPSCKMT,ENSG00000150756,chr5,10215506,10259897,372,0.3950416689057254,0.6148952984862878,0.49480455437462006,0.46584935405801553,0.5152638779327129,0.387012911845375,0.4285833933318533,0.5672271178375474,0.5256566363510692
CCT5,ENSG00000150753,chr5,10239928,10276389,310,0.3609498010933006,0.560535628181372,0.48123846812063714,0.4729501700853733,0.5070198688486551,0.3068299609986351,0.37768620185957075,0.5153686694033306,0.44451242854239487
CMBL,ENSG00000164237,chr5,10265874,10317902,333,0.29037110033259195,0.2785398612721017,0.2819755185835265,0.38483882098856825,0.41262012789182795,0.16911982917624221,0.14013279450663985,0.15735832089656476,0.1863453555661672
MARCHF6,ENSG00000145495,chr5,10343694,10450388,432,0.45146080697498997,0.5868618873522757,0.55402073641965,0.5328613768813533,0.603126452183309,0.3384935266868957,0.36048249409764954,0.5454798020472209,0.5234908346364671
ROPN1L,ENSG00000145491,chr5,10431523,10482029,369,0.5019328968410574,0.6223114436337147,0.5822459858006667,0.5264792807512142,0.602037734300094,0.398921655604939,0.39992343480033915,0.5747636923272514,0.5737619131318512
ANKRD33B,ENSG00000164236,chr5,10554069,10667816,914,0.4838348534627705,0.4392296600439753,0.40405463747343306,0.4887949266784452,0.39300881840252705,0.3610830285071876,0.3750936346125803,0.21736080496203192,0.20335019885663935
DAP,ENSG00000112977,chr5,10669229,10771234,725,0.37794879053089503,0.5244229696556937,0.45076351046550156,0.3984298658258163,0.4830240400848306,0.309366552373147,0.29583982915770296,0.43385985912286096,0.4473865823383049
CTNND2,ENSG00000169862,chr5,10961835,11914446,6553,0.44234452960607457,0.49233248807300106,0.45670586916423966,0.4775530394447623,0.44793317375821623,0.3259190326702216,0.3665370914801209,0.352009517095444,0.3113914582855446
DNAH5,ENSG00000039139,chr5,13680327,14021818,2772,0.3525466925684143,0.4440426019778958,0.32606741605934386,0.3481599511514775,0.3332761958238076,0.3135735065567712,0.30482013770870353,0.2734901033728215,0.2822434722208892
TRIO,ENSG00000038382,chr5,14133341,14542128,2729,0.42540562207709925,0.47293886342115077,0.440901256150169,0.44393592615457406,0.4655635610230877,0.3065502338046255,0.3003840033734015,0.3338884946761182,0.34005472510734225
OTULINL,ENSG00000145569,chr5,14571791,14626180,353,0.5326956262448987,0.48898380114031526,0.5343248563353434,0.5809366508439104,0.60166073201692,0.33393072705161625,0.3103179817299955,0.337423261916766,0.36103600723838675
OTULIN,ENSG00000154124,chr5,14654663,14709850,319,0.6477819284100448,0.3660402121908561,0.5666185203017172,0.7151077690521398,0.6057962745595802,0.3315688014972,0.3902633131512182,0.12420095122777841,0.06550643957376023
ANKH,ENSG00000154122,chr5,14694799,14881778,1225,0.4068263422026232,0.6346080450418078,0.577980987622517,0.3943630531531983,0.5202725277400342,0.3331739080415713,0.38686105998664244,0.673610744321162,0.6199235923760908
FBXL7,ENSG00000183580,chr5,15490179,15949795,2781,0.41633064640541334,0.42568748498648146,0.42104620610354665,0.423166503848828,0.40557946955967455,0.2732348017707516,0.29230747774468835,0.28134677780855866,0.2622741018346218
MARCHF11,ENSG00000183654,chr5,16057138,16190762,891,0.4074427403442028,0.4261105678995696,0.3859025428137631,0.4294583419508856,0.36683152754195764,0.2955123298608969,0.32973443864785557,0.25980619835937213,0.2255840895724135
ZNF622,ENSG00000173545,chr5,16441518,16475800,209,0.4093704230167958,0.6711905482185337,0.5606753610690578,0.3954829963899673,0.5613304794295695,0.4081632292599995,0.39579670046425647,0.7041136406592823,0.7164801694550251
RETREG1,ENSG00000154153,chr5,16463037,16627101,1157,0.38645860635918433,0.5685142076601856,0.518135578932374,0.44609346758183627,0.4949243209554227,0.2994678762153753,0.374116507143492,0.541052818996681,0.4664041880685643
MYO10,ENSG00000145555,chr5,16651906,16946288,2417,0.3438189002013059,0.40351331405155216,0.37763635539064383,0.37181442866252745,0.3678659886330313,0.23189304995534535,0.26148207718682653,0.28480530802552,0.25521628079403885
BASP1,ENSG00000176788,chr5,17055597,17286843,1358,0.4779003125522963,0.5364750063652113,0.46625843528669836,0.49678155090405757,0.49902162616008977,0.395474095280354,0.38221676881802724,0.37342087645005156,0.3866782029123784
LINC02218,ENSG00000249662,chr5,17434009,17496829,237,0.5523458450573814,0.6543851974545737,0.5302662992303636,0.5486970831714544,0.5820075460826243,0.5552876964190627,0.49287751054040957,0.5071427151111015,0.5695529009897546
H3Y2,ENSG00000268799,chr5,17480966,17502076,0,,,,,,,,,
TAF11L2,ENSG00000284373,chr5,17488230,17508827,0,,,,,,,,,
TAF11L3,ENSG00000284439,chr5,17508366,17528963,0,,,,,,,,,
TAF11L4,ENSG00000284283,chr5,17511800,17532397,0,,,,,,,,,
TAF11L5,ENSG00000284234,chr5,17515234,17535831,0,,,,,,,,,
TAF11L6,ENSG00000284042,chr5,17518668,17539265,0,,,,,,,,,
TAF11L7,ENSG00000284465,chr5,17575161,17595758,0,,,,,,,,,
TAF11L8,ENSG00000283967,chr5,17580363,17600960,0,,,,,,,,,
TAF11L9,ENSG00000283988,chr5,17583797,17604394,0,,,,,,,,,
TAF11L10,ENSG00000284356,chr5,17587231,17607828,0,,,,,,,,,
TAF11L11,ENSG00000283740,chr5,17594176,17615377,0,,,,,,,,,
TAF11L12,ENSG00000249156,chr5,17600495,17621583,0,,,,,,,,,
TAF11L13,ENSG00000283776,chr5,17622087,17642684,0,,,,,,,,,
TAF11L14,ENSG00000250782,chr5,17624459,17645053,0,,,,,,,,,
H3Y1,ENSG00000269466,chr5,17644867,17665849,0,,,,,,,,,
CDH18,ENSG00000145526,chr5,19461295,20585873,7545,0.4608058722419795,0.6151366177465136,0.5848564374048778,0.4814010289843057,0.5766624218466667,0.34670779222490117,0.3759529439410351,0.6081590667337144,0.5789139150175806
CDH12,ENSG00000154162,chr5,21740672,22863344,6071,0.46630859306302047,0.5055244004660807,0.4661336152717654,0.494402340215118,0.4728496942681153,0.35229264117478465,0.37300098830601225,0.3519648316750312,0.33125648454380346
PRDM9,ENSG00000164256,chr5,23433585,23538093,531,0.5342960875978777,0.5223805494066628,0.44537858559345994,0.554329049554443,0.4323640770948641,0.45683834287105934,0.4904201619912179,0.2821026491640119,0.2485208300438534
CDH10,ENSG00000040731,chr5,24477099,24654978,1235,0.436584201059826,0.4804558116979336,0.42240135850429195,0.4850945037955739,0.4253790715857893,0.3398323755883699,0.38226529996024017,0.31497103718006714,0.27253811280819684
CDH9,ENSG00000113100,chr5,26870596,27131150,1601,0.4248832637555879,0.511043527049374,0.5251964973667234,0.4275399027373884,0.5579416888491776,0.2619049029360355,0.22849028550109146,0.4535769029039735,0.4869915203389177
CDH6,ENSG00000113361,chr5,31183685,31339146,942,0.5053784492589947,0.4893557245949007,0.4570050064555355,0.5061558999957778,0.4350171194105962,0.3826946195651426,0.40332880796536813,0.28938744586383236,0.26875325746360673
DROSHA,ENSG00000113360,chr5,31390493,31542196,911,0.4356905963863918,0.5088391814146174,0.4957616482443428,0.45771057001485327,0.5270977790424274,0.2992150297191102,0.28703622779175686,0.411768642335198,0.42394744426255143
C5orf22,ENSG00000082213,chr5,31522286,31565053,243,0.39399107175143433,0.49195284845119835,0.3881144123653646,0.40849097427264375,0.44829132603281,0.343415807691598,0.30376210887944594,0.3337652100099301,0.37341890882208206
PDZD2,ENSG00000133401,chr5,31629130,32120932,3463,0.394741026531793,0.42814476791209893,0.39673679235245446,0.42089170603521026,0.401801834992177,0.2777832935240138,0.2956509963831919,0.28108611686661317,0.263218414007435
GOLPH3,ENSG00000113384,chr5,32114715,32184319,428,0.43508266938225276,0.30615041092787215,0.3163472542495169,0.5127137231308789,0.3858336453847594,0.27813538825767803,0.29845705591354366,0.08736468415071091,0.06704301649484523
MTMR12,ENSG00000150712,chr5,32216993,32322987,575,0.34848376489748717,0.5056472280022003,0.4680477090356115,0.29547609004442005,0.4513776933498461,0.25087869707468935,0.2271969361779162,0.45362720622127367,0.4773089671180468
ZFR,ENSG00000056097,chr5,32344349,32454740,434,0.5506128874923278,0.5619296338622213,0.47876822107882194,0.6078748789687227,0.4791349248506091,0.4868429309951418,0.5546428942165339,0.33853279723130586,0.27073283400991394
SUB1,ENSG00000113387,chr5,32521632,32614079,568,0.44416709834618495,0.4054442620901646,0.38693211101426284,0.5004040296651245,0.4280308689618786,0.3089743886854644,0.3276130610355854,0.21096642261475385,0.19232775026463272
NPR3,ENSG00000113389,chr5,32679069,32801724,743,0.24847783401380885,0.3182397229394262,0.26106134213535176,0.24484110173178403,0.2839994316010501,0.18309569448966412,0.16491497763324112,0.19998148835076682,0.21816220520718985
TARS1,ENSG00000113407,chr5,33430695,33478091,312,0.2754478924049243,0.4615213610036857,0.3070670371302272,0.2972461626467787,0.3599271040657842,0.28719351464438225,0.2627914251431518,0.3318139361301078,0.35621602563133825
ADAMTS12,ENSG00000151388,chr5,33513534,33902019,2754,0.3838005781449103,0.397978765658559,0.36754594507721183,0.3846902740056871,0.3718018837547551,0.2667497454540493,0.26409619460639683,0.24071281584891716,0.24336636669656958
RXFP3,ENSG00000182631,chr5,33926385,33948918,163,0.33235591112067353,0.38687285154118073,0.3197128032449036,0.4987385641371339,0.4095183242899148,0.2539713856315362,0.32649687742122074,0.23521155892486934,0.1626860671351849
SLC45A2,ENSG00000164175,chr5,33934622,33994693,387,0.4246403450338088,0.4240402792784226,0.28909881814895494,0.6456454732221808,0.4871951339325676,0.38162782664009376,0.46065752237731405,0.1700897233941368,0.09106002765691645
AMACR,ENSG00000242110,chr5,33976164,34018104,269,0.2706404447280159,0.2852583666651923,0.21533693800989587,0.3984810419001714,0.28859624736399353,0.20446086564577448,0.2518081175583156,0.13137328792500336,0.08402603601246222
C1QTNF3-AMACR,ENSG00000273294,chr5,33977173,34134528,561,0.38316211786952803,0.3639896381445803,0.29928224861712777,0.36466432274312416,0.30272152186409945,0.2900196774119074,0.27278590395494995,0.1625207461373217,0.17975451959427913
C1QTNF3,ENSG00000082196,chr5,34007857,34053213,286,0.3797734307295454,0.330238403120736,0.30748270988433357,0.35561724580918747,0.3045267638919053,0.2555409076528934,0.23856654811070566,0.14529254781850257,0.1622669073606903
RAI14,ENSG00000039560,chr5,34646327,34842612,1352,0.3466090164817907,0.532351672599302,0.4755667495359894,0.31734953511405045,0.44306105869890955,0.2700905797659337,0.27825567592731243,0.48994812294698337,0.4817830267856046
TTC23L,ENSG00000205838,chr5,34828832,34909456,397,0.27287570515249837,0.4944747199678528,0.4517680392323442,0.2907865303876384,0.48155264963534994,0.1998791414142974,0.1844195727086056,0.48227809040297787,0.4977376591086698
RAD1,ENSG00000113456,chr5,34895259,34928989,93,0.37813665092648,0.46835161519558205,0.5035742034408739,0.43435458843786523,0.5093200009533811,0.20324329282700476,0.24479886032456066,0.42852964614331046,0.38697407864575445
BRIX1,ENSG00000113460,chr5,34905676,34935996,89,0.35644004895372483,0.48088458849011667,0.40403334667682167,0.4815344503007557,0.45305828404249565,0.2893992878351316,0.35454885451366186,0.3662297598508818,0.30108019317235135
DNAJC21,ENSG00000168724,chr5,34919558,34968964,182,0.40509464159275826,0.5203490257315501,0.4000740427670567,0.4835211211652795,0.4586779646032832,0.3715502440545268,0.3908382714593972,0.3631463324586907,0.34385830505382026
AGXT2,ENSG00000113492,chr5,34988100,35058135,475,0.4879968051299532,0.4677552241417097,0.45680811096788493,0.5024468984816751,0.458295816159067,0.3448917848829786,0.3578347845046882,0.2857600055765756,0.2728170059548661
PRLR,ENSG00000113494,chr5,35038755,35240487,1250,0.4301242466704811,0.5191849403026653,0.5271750539746,0.4290570723768481,0.5482471670483594,0.2727897203267705,0.24905926078091256,0.4594828537590598,0.48321331330491774
SPEF2,ENSG00000152582,chr5,35607843,35824611,1376,0.4193509595629837,0.5563126595190439,0.47518250219467134,0.45314017598463413,0.46992048922135676,0.35576960925900475,0.39073483099457373,0.45686554345376573,0.42190032171819686
IL7R,ENSG00000168685,chr5,35842694,35889603,364,0.41605405474301804,0.5588584550626928,0.4418493269619701,0.5042560968642187,0.502696515295039,0.38660501085038257,0.41076524767051364,0.4317844806060381,0.40762424378590695
CAPSL,ENSG00000152611,chr5,35894287,35948779,361,0.49594578933955347,0.5211094525766136,0.5788546078149198,0.43975714321641585,0.5176150216153057,0.2782887552396637,0.2933276764871249,0.4579944546898018,0.4429555334423407
UGT3A1,ENSG00000145626,chr5,35941005,36011028,41,0.4166743407621878,0.45748973537052995,0.4717069233336212,0.3557392637320738,0.46040904303156716,0.25622692467802344,0.21712806202359225,0.3553213480925167,0.3944202107469479
UGT3A2,ENSG00000168671,chr5,36025020,36081358,120,0.25485817815122164,0.2210100105073675,0.1297749336876554,0.4254192278077596,0.29648522641259223,0.20246719679782588,0.22610263853492288,0.04728988685488231,0.023654445117785305
LMBRD2,ENSG00000164187,chr5,36088406,36161887,345,0.36828054986952363,0.462763064895215,0.3886876959491033,0.4896089105314796,0.40439985285306534,0.2942393193954611,0.3878541678869346,0.3270767424522818,0.23346189396080824
SKP2,ENSG00000145604,chr5,36141988,36206849,338,0.5138232630009449,0.6096946087974787,0.4737081565407541,0.6191814996539496,0.6475408221397317,0.5100547360485966,0.43171885769950824,0.4307710558715231,0.5091069342206116
NADK2,ENSG00000152620,chr5,36182588,36252279,291,0.6509093190550931,0.6412755694992378,0.5941103560467085,0.6947818837568062,0.6198803551470495,0.5879751894024523,0.6223300950552262,0.43722559891142787,0.4028706932586539
RANBP3L,ENSG00000164188,chr5,36236912,36312114,456,0.5399027896876334,0.6138901625545888,0.6002029775085987,0.6006089195801917,0.6425723482404236,0.40557628882398,0.4203126388488533,0.5460571082034569,0.5313207581785837
SLC1A3,ENSG00000079215,chr5,36586587,36698334,718,0.4527041697017629,0.4541203069538845,0.3853029571531188,0.4238588500359334,0.3581987763293541,0.3607483618270345,0.35664131126150816,0.24460830809553397,0.24871535866106032
NIPBL,ENSG00000164190,chr5,36866768,37076413,840,0.33475012658285364,0.3624699109071332,0.3022702603209414,0.3165664117497769,0.3279494262420723,0.2489114601271586,0.2166789567653468,0.2012423443591691,0.23347484772098084
CPLANE1,ENSG00000197603,chr5,37096227,37259376,696,0.3016616565619092,0.33523684698214956,0.3051456341770693,0.2973656931201065,0.3133345047176651,0.2016615113169151,0.19266758137569537,0.20666295132512913,0.2156568812663488
NUP155,ENSG00000113569,chr5,37278136,37381106,505,0.3741790537045125,0.434511276567495,0.42049603664787993,0.4035753798021834,0.4243098653028172,0.24658656230917342,0.26734080823143314,0.3234783621953541,0.3027241162730944
WDR70,ENSG00000082068,chr5,37369284,37763435,1950,0.46845247389486516,0.4633882654566671,0.40909122211271226,0.5114947295862895,0.425913916533566,0.3641747568258813,0.39195478438844905,0.2583057160785833,0.23052568851601557
GDNF,ENSG00000168621,chr5,37802676,37850041,293,0.3942300483031089,0.30728941848315905,0.30849610542481676,0.3569736989306578,0.27121033779750175,0.2497557425680456,0.2461712661944017,0.11738725574525283,0.12097173211889678
EGFLAM,ENSG00000164318,chr5,38248408,38475480,1716,0.2998397830134936,0.2806710019432598,0.22076296753835584,0.29457354489875964,0.22133048810999945,0.21822126792181984,0.2141103185517627,0.11121518072636699,0.11532613009642409
LIFR,ENSG00000113594,chr5,38464667,38618354,890,0.44619751778483585,0.43807648979044056,0.3914125004818328,0.42171931972569926,0.4000213475947677,0.33536107291096,0.30661212981249,0.24102846827028196,0.269777411368752
OSMR,ENSG00000145623,chr5,38835857,38955596,679,0.3691906277598248,0.6308715869267818,0.5632694096932099,0.38048316158673745,0.57041960996591,0.3144617433587513,0.3152398531699624,0.6821489492133754,0.6813708394021646
RICTOR,ENSG00000164327,chr5,38927919,39084399,758,0.5904535788790587,0.7392148272393483,0.69666425782722,0.5755769274208198,0.7225554274412624,0.5219241490693152,0.459474353865966,0.8221341543881237,0.8845839495914727
FYB1,ENSG00000082074,chr5,39095251,39284528,1269,0.5208673177255411,0.46415550279365503,0.5122937562543703,0.5272224017563644,0.5279603620468091,0.32082349234085034,0.31117457700086765,0.3030877848149485,0.31273670015493127
C9,ENSG00000113600,chr5,39274139,39434868,1004,0.4115509425165594,0.6690243002925923,0.6100980174089928,0.434015529165363,0.5988509931936835,0.3470576711492912,0.3807383131364766,0.7586526499320252,0.7249720079448398
DAB2,ENSG00000153071,chr5,39361674,39472300,652,0.41996663780219795,0.6845164277262358,0.5764925738721884,0.42951758896040415,0.6285137668606567,0.4195670466857298,0.3623390675730046,0.7340816205336407,0.7913095996463657
TTC33,ENSG00000113638,chr5,40502332,40765963,1382,0.40708402123607745,0.5135412138693617,0.47427762306817245,0.4978400711436354,0.47829073553222434,0.3001618341739048,0.37939745587730617,0.4204412618156313,0.34120564011223
PTGER4,ENSG00000171522,chr5,40669914,40703735,163,0.33432878501664126,0.24450870464979982,0.2040447172894916,0.36402073990050543,0.22427383500328313,0.22956707418072583,0.23951032194423666,0.05081994486220584,0.040876697098695014
PRKAA1,ENSG00000132356,chr5,40749378,40808374,237,0.37537016961822306,0.2717342095655349,0.26868155344172345,0.36254007211402306,0.28881354865606834,0.23738949703889425,0.21326620871475369,0.0796997036275191,0.10382299195165964
RPL37,ENSG00000145592,chr5,40815261,40845222,175,0.3614755110519601,0.2856940999474763,0.25374989634322953,0.3426707037287285,0.22735268660236313,0.24617237597351477,0.2490407797964692,0.09027160097347331,0.08740319715051889
CARD6,ENSG00000132357,chr5,40831307,40870175,232,0.380383392968385,0.24100119158124803,0.18885763534058592,0.36058212778266957,0.18834264022367228,0.27254887067139394,0.2571375820662124,0.003206200852113622,0.01861748945729516
C7,ENSG00000112936,chr5,40899496,40994643,769,0.34270715222497017,0.35158757226180515,0.29216016755797614,0.30881296786021906,0.3070117728610881,0.25365825563604516,0.21791543868768654,0.17957006689126956,0.2153128838396282
MROH2B,ENSG00000171495,chr5,40988016,41081342,643,0.3764976259538539,0.5680962632211441,0.47257676862015224,0.43966944870691266,0.5094827272873894,0.3361016481021104,0.3532430801153564,0.5034508989969768,0.48630946698373084
C6,ENSG00000039537,chr5,41132115,41271438,1073,0.4155758837473942,0.38726478401856,0.3256576805303759,0.46164935812815966,0.35451592090621903,0.31646665642185434,0.33565641558064274,0.17335572776840075,0.15416596860961235
PLCXD3,ENSG00000182836,chr5,41296951,41520628,1430,0.4192817568639202,0.4614092719121976,0.44610827809133075,0.4170882781265742,0.40881662585856937,0.2857514228831908,0.3164449030893171,0.33304789070846175,0.3023544105023354
OXCT1,ENSG00000083720,chr5,41720064,41880425,701,0.21910074967884965,0.33363116387002273,0.27494138129323614,0.23992872308852395,0.28644243814123244,0.16585915902976964,0.17138142422458197,0.2400527947040667,0.23453052950925432
C5orf51,ENSG00000205765,chr5,41894187,41931636,180,0.3622131486686677,0.4715585846736535,0.5002630998139349,0.41101381551154953,0.5439439976238057,0.19695047613278116,0.19101810868387575,0.4408728545323916,0.4468052219812972
FBXO4,ENSG00000151876,chr5,41915253,41951743,165,0.2053686201939914,0.09727732619668986,0.006820116709327267,0.21897782535088614,0.026747191193485936,0.1626866771483282,0.16119010982622217,0.0,0.0
GHR,ENSG00000112964,chr5,42413438,42731878,1651,0.4057123387218767,0.5665547401464532,0.5284841148249618,0.4026817194815869,0.5021490760784922,0.3022895387129604,0.3269201718568435,0.533700226869563,0.5090695937256797
CCDC152,ENSG00000198865,chr5,42746817,42812439,363,0.42099592062358954,0.4775993486711703,0.4236364384089907,0.3403159655285193,0.37937064831755474,0.32237478800881714,0.2941467580141013,0.32694566621090015,0.355173696205616
SELENOP,ENSG00000250722,chr5,42789879,42897392,667,0.2422984868842733,0.4420670964004622,0.32710682896485727,0.2912219517560833,0.31544597592023255,0.23240681196998184,0.2743708531342477,0.3511097563060601,0.30914571514179423
ANXA2R,ENSG00000177721,chr5,43029232,43053170,130,0.3842854276678269,0.4930204656025089,0.4596347745864128,0.5529827752511682,0.47051728546762533,0.2743731985191231,0.42429401696120084,0.4049114437664621,0.25499062532438443
ZNF131,ENSG00000172262,chr5,43055175,43202021,890,0.3164985375809428,0.37769204390367583,0.3211211112303302,0.358993803346009,0.33350677205598633,0.23376707566627486,0.25665552870279473,0.24055312683716226,0.21766467380064236
NIM1K,ENSG00000177453,chr5,43182070,43290850,658,0.479148776825345,0.503022600121324,0.4636797620365703,0.513761572799479,0.49321139518770113,0.3642388638514906,0.3703027980310293,0.3349718631490846,0.32890792896954585
HMGCS1,ENSG00000112972,chr5,43277469,43323512,295,0.31096684937454566,0.1593848617312233,0.17973780555008248,0.3171578600883507,0.17855368031156812,0.17397800109761924,0.17921211670998238,0.0,0.0
CCL28,ENSG00000151882,chr5,43366644,43422391,315,0.26454575612002795,0.1868632745851063,0.1535348734294519,0.32286963798432,0.18771910877174036,0.17371834297738217,0.19441920119457246,0.03313766665453774,0.012436808437347485
TMEM267,ENSG00000151881,chr5,43434251,43493893,270,0.47022656474761454,0.44328990153118575,0.1555689110662857,0.4420787825038216,0.26366952791843185,0.5259621713319165,0.4315859539424338,0.05974847274956241,0.15412469013904512
C5orf34,ENSG00000172244,chr5,43476708,43525148,211,0.506485424151645,0.5305626529693898,0.44356874298877885,0.5267392619986472,0.4353463302864213,0.4381058384986435,0.46639326244524465,0.3181145968940911,0.28982717294748994
PAIP1,ENSG00000172239,chr5,43516266,43567758,244,0.5538813330325291,0.6370904005855402,0.6003248780133129,0.5573859322503173,0.5662403879372271,0.45183427457996944,0.4966968965475721,0.5617672385780167,0.516904616610414
NNT,ENSG00000112992,chr5,43592691,43717405,543,0.21670438919305662,0.2089062080673424,0.109887038534357,0.2438249829648392,0.15062129857799292,0.18108848057265356,0.17528551684243449,0.053250263799274805,0.05905322752949388
FGF10,ENSG00000070193,chr5,44290246,44399706,547,0.5102233254260462,0.4331300321890949,0.39965255197464944,0.5401148154104951,0.4934965003091798,0.38559219092117986,0.33208985441736927,0.18203314430102585,0.2355354808048365
MRPS30,ENSG00000112996,chr5,44798946,44830428,147,0.3139875597187844,0.7297468264359308,0.6095896431589897,0.28562475684154087,0.6063577085047214,0.3723493501812152,0.35621515592316355,0.9360467292827674,0.9521809235408192
HCN1,ENSG00000164588,chr5,45244947,45706498,1618,0.36179138150906553,0.46482128272767087,0.4328792375564061,0.36910000326708314,0.4097283065181142,0.25353079236267384,0.27929504951219675,0.37162374452974534,0.3458594873802226
EMB,ENSG00000170571,chr5,50386191,50453248,201,0.34251749830171513,0.3278909805024973,0.2420611858068561,0.34973293231658764,0.22515664086168552,0.2697596161166813,0.2863062300212852,0.12757510410530262,0.11102849020069874
PARP8,ENSG00000151883,chr5,50655898,50856519,1027,0.4802693514569759,0.5038324895138204,0.44665319903507994,0.5189221926264955,0.48984269731089586,0.38175796209664703,0.3797658913050757,0.3190837244216611,0.3210757952132325
ISL1,ENSG00000016082,chr5,51373447,51404730,161,0.17392741264082667,0.18185976325408268,0.14628608533082232,0.1690237037597176,0.14623132684528814,0.11681750691133709,0.11389026550462766,0.08390401159727319,0.0868312530039826
PELO,ENSG00000152684,chr5,52777915,52814044,268,0.44228628111586155,0.40463002694471084,0.4099576102582893,0.47131765488642446,0.3415014530953336,0.2874604312142663,0.36907340402902505,0.2311118320076408,0.14949885919288203
ITGA1,ENSG00000213949,chr5,52777915,52969209,1378,0.3902024593223928,0.3562823218055256,0.32687768202808487,0.40104444366647124,0.2932936070418819,0.26964754940341673,0.30296146591904216,0.1708474874912125,0.137533570975587
ITGA2,ENSG00000164171,chr5,52979339,53104779,817,0.3561417452721059,0.3668436485902774,0.317160998740248,0.3323669631493073,0.2886428493821357,0.25790919752523794,0.2602369176787574,0.1991286891650895,0.19680096901157007
MOCS2,ENSG00000164172,chr5,53085678,53120063,216,0.2909844941229013,0.23733912579914945,0.24420575517293747,0.2858256715850299,0.17927109735555968,0.16741679502283657,0.20500378564670219,0.10352501517293125,0.0659380245490657
FST,ENSG00000134363,chr5,53470625,53497134,140,0.34299383820358637,0.36812234594444265,0.3157440255066447,0.35993635718607847,0.32641569146711,0.24984908556752058,0.2550525216737247,0.20921040336295335,0.2040069672567492
NDUFS4,ENSG00000164258,chr5,53550632,53693338,834,0.4206699883873486,0.32815720253891045,0.25578777981536505,0.4548741785940045,0.29210780759697746,0.3240924255361043,0.32950303833700556,0.07363847263889245,0.06822785983799118
ARL15,ENSG00000185305,chr5,53873941,54320582,2699,0.3823095556193599,0.6074608394157266,0.5203990220019573,0.39833547762037297,0.5026966370676778,0.3410430019942459,0.37230959222307264,0.5940759725531102,0.5628093823242836
HSPB3,ENSG00000169271,chr5,54445698,54466377,140,0.46457654354075667,0.4787344755511613,0.41459524817770926,0.5040827585366656,0.4909670688403956,0.370370636712718,0.33879968724972126,0.2811250864846381,0.31269603594763484
SNX18,ENSG00000178996,chr5,54507758,54556586,341,0.3942819799220332,0.6777059296087914,0.5999684546735876,0.3888887379055294,0.6154893821124098,0.3587098655315206,0.33449162526595894,0.7735810225917993,0.7977992628573609
ESM1,ENSG00000164283,chr5,54967866,55032671,516,0.3655183492076912,0.6151153786117546,0.4313293786720774,0.34386119501419093,0.5148105374752558,0.4226523501841305,0.3264893869118827,0.5321593241305135,0.6283222874027614
GZMK,ENSG00000113088,chr5,55014255,55044570,206,0.38132110455063195,0.5498181379662861,0.573108962205157,0.33952328008005006,0.5006824410143227,0.21352302451443944,0.2591920234530744,0.584580615492341,0.538911616553706
GZMA,ENSG00000145649,chr5,55092645,55120252,134,0.514476029986875,0.6900950565966517,0.6574824906839067,0.6118154157945269,0.7329064334080246,0.41129189143630274,0.39880386870325424,0.7601977712712634,0.7726857940043121
CDC20B,ENSG00000164287,chr5,55102970,55183177,427,0.5575495130079987,0.7614094371952308,0.674629399046395,0.5849503796425953,0.7473950717926555,0.5628213006906736,0.4682174809561547,0.8701850217788105,0.9647888415133294
GPX8,ENSG00000164294,chr5,55150166,55177297,147,0.4551759728127321,0.7157241348029211,0.6063261381768729,0.5851315086839853,0.7059542948209717,0.4664350519843416,0.4567918946936619,0.7913751039701246,0.8010182612608041
MCIDAS,ENSG00000234602,chr5,55209563,55237315,153,0.6098274997698581,0.6407939281029693,0.5423474930538111,0.6113990274051475,0.534296798797336,0.5916901334094649,0.6024272614589896,0.4321689053425348,0.4214317772930102
CCNO,ENSG00000152669,chr5,55221151,55243608,119,0.5955503745123804,0.6030196462250548,0.5177061864394064,0.5520361140621116,0.48596498438270597,0.5499473963940242,0.5307236278582204,0.37392108983841443,0.3931448583742183
DHX29,ENSG00000067248,chr5,55246054,55317694,323,0.3875988487857093,0.4058059340060797,0.4704557227031312,0.37503944451671456,0.5697784100573691,0.18758927071536013,0.0735805837166068,0.33296003183488715,0.4469687188336404
MTREX,ENSG00000039123,chr5,55297988,55435579,603,0.5496308074361601,0.5894920980802303,0.6107544723501707,0.5120139690745721,0.5320439857476061,0.3722513737229741,0.4242238126723446,0.5181087270519013,0.4661362881025309
PLPP1,ENSG00000067113,chr5,55414853,55544969,515,0.6726631347508848,0.6026274053575553,0.6359088562878252,0.6426518084649316,0.6184407076745132,0.5146476671994643,0.49421826879413033,0.40823324568749786,0.42866264409283183
SLC38A9,ENSG00000177058,chr5,55615844,55783194,1119,0.41816937781800967,0.5966755681320243,0.528387192232662,0.39680593647240864,0.49698901139327695,0.34899647363290354,0.36319352001811167,0.5590175254189174,0.5448204790337094
DDX4,ENSG00000152670,chr5,55728016,55827157,378,0.28533602463701374,0.2881832569670407,0.17417859637627747,0.28154971068148044,0.20264132983008615,0.2422504240750234,0.2220714352863914,0.09768436000460007,0.11786334879323204
IL31RA,ENSG00000164509,chr5,55841356,55932854,375,0.41940189073475087,0.5620026401956212,0.5237520297072908,0.33585962074689213,0.44852345785209136,0.3137111329902271,0.31982407897536086,0.5118312634775153,0.5057183174923816
IL6ST,ENSG00000134352,chr5,55925094,56005022,380,0.21416439878901927,0.22176643973518975,0.23731233908490068,0.24373743540188755,0.2273806501967651,0.1104147864745966,0.13606323263723083,0.1403138073860522,0.11466536122341797
ANKRD55,ENSG00000164512,chr5,56089679,56243330,996,0.34053721642638896,0.5090725487139651,0.4568260157830696,0.3326657100336888,0.4830870497159535,0.2587315307028093,0.22802115003857865,0.452727388456875,0.4834377691211056
MAP3K1,ENSG00000095015,chr5,56805548,56906152,547,0.4496658484646475,0.6228046702576989,0.5399655446676755,0.5570016105871315,0.549279287917651,0.397883928633545,0.49613692964256856,0.5771081810490226,0.4788551800399991
SETD9,ENSG00000155542,chr5,56899259,56935532,196,0.2825045034414707,0.4881208231425198,0.4406929236041883,0.4715809181497314,0.46368814857068175,0.21029932371722648,0.3422463921183997,0.4593673407739354,0.3274202723727621
MIER3,ENSG00000155545,chr5,56909601,56981675,463,0.3436381951547812,0.5156778181759386,0.4351204138020917,0.4461094909782241,0.484782234974536,0.28745267338647573,0.3263137773632234,0.4375522554099078,0.3986911514331601
GPBP1,ENSG00000062194,chr5,57163947,57274679,571,0.333605350655888,0.7001636640899999,0.6031753088258472,0.3367779874532736,0.5838303619310774,0.3430655188743467,0.3692508332156719,0.8614529812831463,0.835267666941821
ACTBL2,ENSG00000169067,chr5,57470017,57492811,117,0.2628696098730542,0.34212009604622456,0.3761299470878821,0.27539401364857286,0.3421172182942198,0.1259550912941188,0.16106580661640857,0.2927777898084921,0.2576670744862024
PLK2,ENSG00000145632,chr5,58443981,58470139,194,0.4235165674076945,0.39682370924823973,0.2709438090930627,0.4225164251197198,0.20365189533615602,0.37017498796682613,0.4134510881419644,0.13537078087694798,0.09209468070180965
GAPT,ENSG00000175857,chr5,58481434,58507090,206,0.2754729224400546,0.39843073304180565,0.3701833208118447,0.3727178801697554,0.3900954272792127,0.18406162479453309,0.24005985430471435,0.32415196836520344,0.26815373885502225
RAB3C,ENSG00000152932,chr5,58572220,58869394,1607,0.3707207220899855,0.5061492680482933,0.40645955048652715,0.3781911410155011,0.4177992398438225,0.32352608710940106,0.3198522808115281,0.38199588238604054,0.38566968868391355
PDE4D,ENSG00000113448,chr5,58959037,60532120,9127,0.38395225265642563,0.597963259118414,0.5527678191709424,0.3967869746458791,0.5273378030124716,0.2954826034106961,0.33366117558528197,0.6157291959008834,0.5775506237262975
DEPDC1B,ENSG00000035499,chr5,60586911,60710190,486,0.3823233655430564,0.5536023546629335,0.47443531154644997,0.45915285388392685,0.4889018305217183,0.3225266745078063,0.37498506377396357,0.4840184682036983,0.4315600789375411
ELOVL7,ENSG00000164181,chr5,60741790,60854274,565,0.4577708816944083,0.4197233039967519,0.29882192147083864,0.4647620455599327,0.31231107708475947,0.4006617386366178,0.39743769660810324,0.1435884884884216,0.14681253051693616
ERCC8,ENSG00000049167,chr5,60856453,60955073,433,0.4565016015924229,0.6039982834250296,0.5840624113907068,0.44374588258062336,0.5434418965764065,0.3294225974157797,0.3644137347794902,0.5969141355359932,0.5619229981722829
NDUFAF2,ENSG00000164182,chr5,60935176,61164531,950,0.4769400376742598,0.6676547745944149,0.5467946625930064,0.3870178838492857,0.5258782693493734,0.4791151063949858,0.42235467899912177,0.6224659083661815,0.6792263357620455
SMIM15,ENSG00000188725,chr5,61147703,61172468,101,0.4925701237138237,0.6206664992245837,0.563093675619693,0.4226121497718983,0.5620719178082192,0.4098498982102495,0.3464399938702667,0.5594896133423519,0.6228995176823349
ZSWIM6,ENSG00000130449,chr5,61322257,61556172,861,0.34112068588703703,0.7414263361444106,0.6668454319398324,0.29905820501410874,0.6486926355227371,0.33532041342824515,0.330905664718688,1.0172542456413258,1.0216689943508832
KIF2A,ENSG00000068796,chr5,62296161,62401025,605,0.37235984286971885,0.43851187130185865,0.42010122744853085,0.3859029641008219,0.4223127686057162,0.2490256006663053,0.2580221463117243,0.32813904648346504,0.3191425008380461
RP11-95I19.4,ENSG00000288643,chr5,62296205,62547249,1449,0.4026733479056699,0.4921534282842271,0.45711542695687957,0.3689143174815013,0.4378924528775857,0.2910042530909901,0.280913727996385,0.386571648112703,0.3966621732073081
DIMT1,ENSG00000086189,chr5,62337283,62413943,451,0.2867178706403291,0.24903984617819486,0.1430239620661404,0.3219175873783487,0.21389869814130935,0.23496780421147584,0.21710975996174103,0.0514348819083926,0.06929292615812738
IPO11,ENSG00000086200,chr5,62393971,62638582,1405,0.4809290141366385,0.5858426479918881,0.5019525331861749,0.40862612440317353,0.47702406093269506,0.4200820196534837,0.3792981624201588,0.46142728040014497,0.5022111376334697
LRRC70,ENSG00000186105,chr5,62568818,62591446,123,0.5487422878412984,0.6562135226883428,0.5398785648745914,0.4568628023610417,0.46520087595071014,0.5435931818525965,0.5261318865587943,0.5241413379629143,0.5416026332567165
HTR1A,ENSG00000178394,chr5,63947873,63972507,114,0.3959407531914061,0.6378278763231741,0.5597768797631254,0.4270199503425877,0.532404403012024,0.34962255317810326,0.40619430749711327,0.6660131472127117,0.6094413928937017
RNF180,ENSG00000164197,chr5,64155842,64382869,948,0.3145766653719342,0.5438081912886483,0.38849461946797004,0.3275023809075733,0.3825118956817147,0.335364512317659,0.34975157886905506,0.4494774124524817,0.43509034590108553
RGS7BP,ENSG00000186479,chr5,64496014,64622319,781,0.4465095834486982,0.38042977014192775,0.35681487596960243,0.4481804643517371,0.3768160573042397,0.3144586853783713,0.30017494131551103,0.16427053357160565,0.1785542776344659
SHISAL2B,ENSG00000145642,chr5,64680441,64728190,259,0.31699644613464206,0.33073353795158317,0.31282711586627787,0.3093328365427676,0.27191190404813653,0.2038294238335503,0.22716850846192743,0.1977435752943253,0.17440449066594813
SREK1IP1,ENSG00000153006,chr5,64708147,64778691,402,0.3328055048379003,0.33058894620571255,0.32906442706499034,0.26103838234963944,0.2925213947336508,0.20347424643519962,0.1789091925672436,0.19788273091786943,0.22244778478582541
CWC27,ENSG00000153015,chr5,64758929,65028750,1559,0.4223873546115667,0.5287740463629286,0.4509842605059907,0.348502234789611,0.44907291132633936,0.35082059922437225,0.2923730384452942,0.4015969690622891,0.46004452984136723
ADAMTS6,ENSG00000049192,chr5,65138737,65491920,1812,0.34747122567995087,0.3729172108388531,0.3029763873099067,0.36120228764637213,0.30944358606311306,0.26632037896392247,0.2722932707009609,0.20035632797240358,0.19438343623536525
CENPK,ENSG00000123219,chr5,65507765,65573168,381,0.3587392716658007,0.5886297288557175,0.4746197027554583,0.3735187138353602,0.4576030435366261,0.3444739081996596,0.37207039447793816,0.5437876588283562,0.5161911725500777
PPWD1,ENSG00000113593,chr5,65553235,65597549,252,0.3310196159856904,0.25453145840478636,0.23733944273443988,0.38051596302378965,0.27335921379902356,0.2124003291351665,0.22664383070523295,0.08134201425859824,0.06709851268853176
TRIM23,ENSG00000113595,chr5,65579689,65635975,318,0.27977462212540316,0.29064853219901354,0.24292867146124675,0.3704915250631373,0.24491669946215405,0.19664871921680413,0.2626464553241556,0.14675543278979017,0.08075769668243873
TRAPPC13,ENSG00000113597,chr5,65615003,65676233,346,0.29722407162593867,0.3047397464578673,0.2566368075623562,0.33507836483365017,0.2812573746241939,0.20980783873414685,0.2206515889195939,0.15366119924966734,0.14281744906422025
SHLD3,ENSG00000253251,chr5,65615026,65640928,157,0.2888639891181519,0.3204881194233268,0.3023804868048993,0.33886783701031764,0.2816690943833356,0.18359534932524726,0.23467856579465707,0.2027852119261584,0.15170199545674853
SGTB,ENSG00000197860,chr5,65655927,65733035,373,0.2364517835068914,0.24562697517715681,0.22281847985997835,0.2671604895974228,0.26151128155788433,0.14978298528985642,0.14477370101506978,0.1320853201400607,0.13709460441484728
NLN,ENSG00000123213,chr5,65712204,65881725,0,,,,,,,,,
ERBIN,ENSG00000112851,chr5,65916555,66092546,907,0.5237002122668091,0.5869375658108485,0.6452924973934976,0.5698102811078399,0.6508371419880057,0.29470128823018094,0.3377343310961618,0.589455236845488,0.5464221939795071
SREK1,ENSG00000153914,chr5,66129970,66193615,332,0.2355465344075282,0.2375046101625088,0.08093312743346247,0.25988586777828526,0.04416277452298035,0.22767827428326867,0.2634710209565146,0.043480542350345125,0.007687795677099207
MAST4,ENSG00000069020,chr5,66586360,67179595,3738,0.3441916263038195,0.3843665336461548,0.3407013150975101,0.3644519543512361,0.34630381571419566,0.2452057765622114,0.25662925875760106,0.23989773813518991,0.22847425593980025
CD180,ENSG00000134061,chr5,67169612,67206799,238,0.2261555512025096,0.2764729400794063,0.23256622594247017,0.25990509858169575,0.2497785325353227,0.15764931860911569,0.16860368097888165,0.16596801359026422,0.15501365122049826
PIK3R1,ENSG00000145675,chr5,68205755,68311821,518,0.43453086647239336,0.680059200084134,0.5859284563707033,0.41490233988366115,0.58902722411171,0.4140011793574443,0.39318375024250035,0.725618121208499,0.746435550323443
SLC30A5,ENSG00000145740,chr5,69083948,69141069,339,0.3088819956888352,0.4184159127499953,0.336060313723869,0.33441405393629625,0.27899735889292027,0.2509402212173219,0.31098736961750695,0.29105949221897204,0.23101234381878702
CCNB1,ENSG00000134057,chr5,69157134,69188245,153,0.3980680937890866,0.40720532102588247,0.36391441568435584,0.24625145019379002,0.35754011397985647,0.28904798782316443,0.18157636883639608,0.23385919330692617,0.34133081229369444
CENPH,ENSG00000153044,chr5,69179573,69220357,204,0.4440407190567504,0.47180058440311545,0.39701470275274137,0.39313109661934,0.3664695143057199,0.35973957171248183,0.3406383568492607,0.27854181381222504,0.297643028675446
MRPS36,ENSG00000134056,chr5,69207759,69240158,164,0.43967284449466887,0.4204655944774914,0.37881714912235903,0.3844542963308645,0.30689774165101036,0.3243174559801185,0.33209929837914876,0.22121279093627044,0.2134309485372403
CDK7,ENSG00000134058,chr5,69224794,69287430,285,0.41077827092320773,0.4072832952695849,0.3384687623416066,0.39616343164276985,0.3546039014992473,0.3193966842527528,0.2947996909214561,0.20364204220855364,0.22823903553985037
CCDC125,ENSG00000183323,chr5,69270174,69342809,335,0.38688548351222796,0.4544722790768432,0.3404453224063687,0.44848260021575825,0.33716591090079834,0.33950740111416666,0.39492649280225567,0.2664942564283422,0.21107516474025312
AK6,ENSG00000085231,chr5,69340983,69380013,183,0.4538937622349377,0.5464387704609782,0.5225104666489905,0.5798112358342906,0.5534307919193733,0.32817685576848593,0.4257576719123456,0.4624481472506876,0.36486733110682784
TAF9,ENSG00000273841,chr5,69354742,69380013,120,0.5266277840358343,0.66050716989229,0.5894031962387256,0.6569537561335297,0.6807763062678188,0.4690160832338414,0.5041646413204541,0.6112863679483708,0.5761378098617581
RAD17,ENSG00000152942,chr5,69359292,69424801,313,0.4892815861887514,0.7594693192865687,0.5920866786359402,0.5384923454528592,0.6609368511471009,0.6000719711042006,0.5582976784168175,0.8248356559345311,0.8666099486219141
MARVELD2,ENSG00000152939,chr5,69405064,69454330,224,0.5034811808404372,0.7636984481363948,0.5697710965690628,0.5596820938381625,0.5000375024155969,0.6496712708315291,0.7848413191075083,0.792975256634388,0.6578052083584088
OCLN,ENSG00000197822,chr5,69482291,69568104,146,0.5816159637564451,0.4998746030513751,0.5121863238076985,0.6048300033065822,0.46868384553617065,0.4232150911202016,0.49446880647401287,0.2696813269860262,0.19842761163221495
GTF2H2C,ENSG00000183474,chr5,69550190,69605221,0,,,,,,,,,
SERF1B,ENSG00000205572,chr5,70015246,70053113,0,,,,,,,,,
SMN2,ENSG00000205571,chr5,70039637,70088522,0,,,,,,,,,
SERF1A,ENSG00000172058,chr5,70890668,70928530,0,,,,,,,,,
SMN1,ENSG00000172062,chr5,70915029,70963942,0,,,,,,,,,
NAIP,ENSG00000249437,chr5,70958165,71035339,0,,,,,,,,,
GTF2H2,ENSG00000145736,chr5,71022669,71077689,0,,,,,,,,,
BDP1,ENSG00000145734,chr5,71445650,71577820,561,0.4541304377633901,0.722325344553357,0.6154686270058424,0.3442422678523248,0.594914350615314,0.4654752422295776,0.3998061347546656,0.8158299125513455,0.8814990200262576
MCCC2,ENSG00000131844,chr5,71569530,71668706,488,0.43745227194164926,0.6606872998039737,0.5512891604350034,0.33840489493195536,0.5515596413381446,0.4273679336762687,0.34597756267060986,0.653465243635506,0.7348556146411647
CARTPT,ENSG00000164326,chr5,71709274,71731048,220,0.22991774399435808,0.2513635182371835,0.1599381109832447,0.282286226026016,0.16003320995132722,0.18823999139028577,0.22339663035045215,0.10126175998966763,0.06610512102950122
MAP1B,ENSG00000131711,chr5,72097233,72219565,662,0.4703218307555904,0.5134897743499017,0.5101804290237125,0.4317286542072721,0.5135692513579595,0.32113243264888386,0.2824964390443387,0.39936492612007257,0.4380009197246178
MRPS27,ENSG00000113048,chr5,72209402,72330646,530,0.5083080309214739,0.5297553471346408,0.4886439170705271,0.5206304479655348,0.43342346380293895,0.39685796169515136,0.4608212746622668,0.35764422000439283,0.29368090703727734
PTCD2,ENSG00000049883,chr5,72310366,72378395,266,0.4309915861660543,0.48969957360934796,0.3763623404187804,0.4461377671112086,0.5081007239315051,0.38221498011883415,0.27705682435679596,0.29054067522513516,0.39569883098717323
ZNF366,ENSG00000178175,chr5,72429902,72517410,570,0.506406020114635,0.6016765355447462,0.5380351084184346,0.4330234400063695,0.44788340393377846,0.4271332493949159,0.446966082636827,0.4933576296227768,0.4735247963808658
TNPO1,ENSG00000083312,chr5,72806311,72926733,521,0.46917666735093083,0.46350108012318003,0.4376252709030196,0.5001218556894643,0.4204740560024428,0.3402149383160969,0.38526840212608643,0.2824757918744432,0.23742232806445368
FCHO2,ENSG00000157107,chr5,72946040,73100522,677,0.2468822778867746,0.4372192937504667,0.3698171046258069,0.2707681140367522,0.33774370310144486,0.19832688518503522,0.23926305166189354,0.3765383508617465,0.3356021843848881
TMEM171,ENSG00000157111,chr5,73110568,73141809,226,0.4110996036516271,0.43098685892233085,0.3514405297879198,0.35250194742459995,0.31197527363466226,0.33017419545587434,0.31228037044554013,0.23367755462677786,0.25157137963711196
TMEM174,ENSG00000164325,chr5,73163192,73185143,128,0.4982997552671713,0.5400046243900065,0.5575354312283165,0.4382306186317846,0.46149652446504025,0.32544820697188903,0.3671206905062376,0.4510906355993925,0.40941815206504395
FOXD1,ENSG00000251493,chr5,73434826,73458777,111,0.4251259103697003,0.4844785836291801,0.41280104260355105,0.4396013984691566,0.39285115956250144,0.34189454551081816,0.37135104010689135,0.3206818860260166,0.29122539142994347
BTF3,ENSG00000145741,chr5,73488407,73515635,179,0.4214417912358003,0.565492577717141,0.6298149207854927,0.44398896714053215,0.607368984125937,0.1935030924999787,0.24281219733589027,0.6400391595685074,0.5907300547325959
ANKRA2,ENSG00000164331,chr5,73542189,73575667,237,0.37454429003590495,0.6859740486992034,0.5981456187239232,0.32262589783321494,0.5518854108578605,0.35794445820497156,0.3725524598263091,0.8003351908292587,0.7857271892079212
UTP15,ENSG00000164338,chr5,73555442,73593380,276,0.339399648928845,0.6436014598606576,0.5180644313696655,0.3507622513384193,0.5263261046120733,0.35818353259937435,0.3582128998282002,0.673522146924289,0.6734927796954633
ARHGEF28,ENSG00000214944,chr5,73616157,73951993,2281,0.33986680072079467,0.5595832981794241,0.46957485774754804,0.3160555656262123,0.4602869362449495,0.3006355795416182,0.29159745376862306,0.5193983711045229,0.5284364968775179
ENC1,ENSG00000171617,chr5,74617405,74651424,209,0.47058941797153986,0.2624944858358722,0.4101212180065564,0.529473870600943,0.4146459088798462,0.20631724859637202,0.26142358459079607,0.09816446536702594,0.043058129372601894
HEXB,ENSG00000049860,chr5,74630022,74732647,639,0.37157970961850606,0.4308399901756525,0.39396725266613675,0.37566105877234596,0.3736046905294432,0.2636592501694392,0.2834409663353336,0.2999344218740726,0.2801527057081782
GFM2,ENSG00000164347,chr5,74711205,74777147,293,0.26175915295318286,0.26161319455831183,0.1580539327413369,0.25352937386689534,0.2028856300304325,0.2173666508778178,0.18446468336795221,0.08592081419547201,0.11882278170533758
NSA2,ENSG00000164346,chr5,74756990,74790113,154,0.33786840538742857,0.41470026995577464,0.07388593487914086,0.32124205991921123,0.15758604987711616,0.43558214593135025,0.37581907764801126,0.1000490579800544,0.1598121262633934
FAM169A,ENSG00000198780,chr5,74767573,74876966,553,0.2701331967281778,0.2858565315013003,0.1040805545571207,0.25413711826698476,0.17048356213631072,0.27082992431279895,0.22148627395978798,0.06584147624205397,0.11518512659506497
GCNT4,ENSG00000176928,chr5,75015345,75062558,210,0.1918465651042432,0.11633385175719273,0.08394417663012448,0.20441347527988096,0.11087778613580881,0.12450065911466639,0.11741551896582683,0.0,0.006260429069115336
ANKRD31,ENSG00000145700,chr5,75058274,75246911,942,0.42315166399573034,0.3857846031674875,0.15315569916352412,0.4570380022343155,0.1417251793701392,0.4356735369562092,0.4726473116802374,0.05173606622446325,0.014762291500435065
HMGCR,ENSG00000113161,chr5,75326328,75374001,212,0.29238654675817277,0.2205833897250085,0.2205848622815032,0.15439565301988303,0.16751109438586123,0.17292770753696002,0.11678894730755769,0.0762818671497571,0.13242062737915947
CERT1,ENSG00000113163,chr5,75346344,75522138,731,0.304683490773127,0.3099109474810409,0.23943570607735518,0.2432259387810088,0.2275125699435443,0.2303140635063948,0.19574281105116634,0.14062056459049185,0.17519181704572032
POLK,ENSG00000122008,chr5,75501755,75611144,361,0.36341668709398917,0.4000891947151992,0.29684231517155485,0.3029785637550696,0.3320626215473303,0.3052200802063513,0.23417627584223835,0.20575421246897943,0.27679801683309235
ANKDD1B,ENSG00000189045,chr5,75601181,75691773,533,0.31276402396080666,0.4713174652788825,0.34588271062810594,0.36568604325581006,0.48093742445990856,0.293988053333393,0.21842378211584978,0.3433790973371036,0.41894336855464676
POC5,ENSG00000152359,chr5,75664123,75727448,384,0.3091055329042797,0.4923267815231686,0.3566783250560962,0.3199915881975448,0.5392093385319335,0.30328754655865797,0.1443779919897865,0.3746297625472732,0.5335393171161447
SV2C,ENSG00000122012,chr5,76073382,76363939,1845,0.3871150644147016,0.48916797118976285,0.416218638753147,0.3808198888611675,0.41305892641879005,0.3115318867919173,0.30912134056007645,0.3601825667669095,0.3625931129987504
IQGAP2,ENSG00000145703,chr5,76393284,76718132,2188,0.398302485931669,0.3532717290793167,0.30619140937118566,0.38315354001916596,0.31892185422251584,0.28913516078529716,0.267442981629604,0.146693895034597,0.1683860741902902
F2RL2,ENSG00000164220,chr5,76605481,76633413,253,0.44436265436306194,0.40066623098427906,0.3202790267552919,0.46666367676813086,0.3063059899947855,0.35675159039010057,0.3874076777875191,0.1551850352838154,0.12452894788639685
F2R,ENSG00000181104,chr5,76706125,76745770,244,0.40026477960682333,0.310087286022935,0.2676523588281644,0.37431611578364676,0.2374746142663757,0.285478626630718,0.2844903626510805,0.08571156424461596,0.08669982822425334
F2RL1,ENSG00000164251,chr5,76808932,76845315,213,0.45457382050955814,0.5136686798662535,0.48165802380607525,0.3865605099587777,0.4905754803840043,0.33496644951305526,0.2675326129148957,0.3858987091697596,0.45333254576791926
S100Z,ENSG00000171643,chr5,76840000,76931650,565,0.3789550504025749,0.3260725928513214,0.3205737716328548,0.43464530387622696,0.3398302776685011,0.24223903832595498,0.274838260241244,0.1523938400716072,0.11979461815631814
CRHBP,ENSG00000145708,chr5,76943044,76991158,336,0.3073364447074019,0.3216909425749203,0.24955294923782542,0.28074953898049926,0.2555003594246536,0.23413848176302254,0.21132749197021114,0.1540137762306547,0.17682476602346614
AGGF1,ENSG00000164252,chr5,77019250,77075234,288,0.20306059897521647,0.19861511437820692,0.1862454061405099,0.2490302160151406,0.16923829416623623,0.12114706883744561,0.16119576108123207,0.10026687208831365,0.06021817984452718
CTC-564N23.6,ENSG00000285000,chr5,77020901,77162155,879,0.3170650586651065,0.42905968821114926,0.376599285796975,0.32395030867455427,0.33857307599088826,0.23463025989186356,0.2693017668313862,0.32584034766728204,0.2911688407277594
ZBED3,ENSG00000132846,chr5,77062071,77097285,215,0.2379492551293769,0.23370405553962328,0.1396621671263728,0.23521117811572073,0.16245586153807948,0.1937494133153772,0.17853052622174637,0.07243742006982837,0.08765630716345921
CTC-337B15.3,ENSG00000284762,chr5,77076731,77437124,2241,0.40766351914337146,0.4740282892504023,0.41890065250324265,0.3817384438963317,0.41197090616268534,0.3116773662486331,0.2961863388314744,0.33083048328696074,0.34632151070411943
PDE8B,ENSG00000113231,chr5,77200448,77438256,1352,0.4308903392655358,0.4929692073375495,0.4114851800924794,0.4117470457753862,0.40801127087273076,0.3563562550847175,0.34275704430803905,0.32282728711611486,0.33642649789279344
WDR41,ENSG00000164253,chr5,77415969,77630611,1256,0.39601557087501665,0.3633116843278279,0.27602189131171034,0.3786603643862603,0.2578097680984543,0.3163438904080967,0.3146013906835634,0.1351311531060176,0.13687365283055092
OTP,ENSG00000171540,chr5,77618711,77648713,195,0.3351121157940258,0.3052707267218509,0.2765903282015477,0.37758879199265144,0.2747837429976682,0.2242951511202693,0.25855097981412734,0.13993789303706797,0.10568206434320995
TBCA,ENSG00000171530,chr5,77681165,77878780,1450,0.3392435985190678,0.3682786468826596,0.3046308489382649,0.36535942107482194,0.34107851793532934,0.25518224727173466,0.2484262190654107,0.204124631753424,0.21088065995974792
AP3B1,ENSG00000132842,chr5,77992325,78304698,1656,0.2312560260905147,0.3456951822344873,0.30961833410944595,0.23490326350024643,0.29168851293684606,0.15833427863116364,0.1735318127729771,0.26584767526608644,0.25065014112427303
SCAMP1,ENSG00000085365,chr5,78350610,78490739,877,0.4397952463395121,0.49060495930493314,0.39153595273903574,0.5113341242562376,0.4084312747417433,0.37858346505140816,0.4328151707923605,0.2959479870137078,0.24171628127275546
LHFPL2,ENSG00000145685,chr5,78475214,78780021,1869,0.38003973898711796,0.5236941774780675,0.4201728577775729,0.45221371339520494,0.4353392195145086,0.3373848971953437,0.38601754307497754,0.4043102495702701,0.35567760369063633
ARSB,ENSG00000113273,chr5,78767208,78996087,1461,0.35032089619201023,0.399717266098746,0.34309985577214713,0.37636892399856603,0.3120490095623129,0.2607039882537793,0.3042565714921852,0.2496505233342259,0.20609794009581986
DMGDH,ENSG00000132837,chr5,78987563,79246038,1430,0.3137886967179954,0.41695522846522703,0.3848497373169695,0.3178283265642474,0.39854545148887766,0.21508613272496935,0.20678046136727957,0.32440516776989303,0.3327108391275829
BHMT2,ENSG00000132840,chr5,79059766,79100069,224,0.3598398652111023,0.4340418149460881,0.30546705899967697,0.4204571025354752,0.3774424485395649,0.3253781590781556,0.320415736357473,0.24385692242653415,0.24881934514721682
BHMT,ENSG00000145692,chr5,79101808,79142288,221,0.34552939502441876,0.5096743676674472,0.3770916199260329,0.35753048601312587,0.3569771703118893,0.331629163074941,0.3567732073928522,0.38105638974121514,0.3559123454233041
JMY,ENSG00000152409,chr5,79226130,79337211,571,0.3274642136203158,0.42807566274200837,0.3845479196055017,0.4066940908865101,0.4093480970047701,0.23502516884880204,0.277132644086835,0.3237234050239737,0.2816159297859407
HOMER1,ENSG00000152413,chr5,79362635,79524134,1003,0.37596827954742795,0.4547801363669367,0.3336077775549392,0.3004104887778663,0.33405858798478716,0.33612168240407236,0.27863704619381074,0.27044446375638487,0.3279290999666465
TENT2,ENSG00000164329,chr5,79602119,79698246,491,0.254001632465371,0.24800806532575184,0.17835241220676293,0.25378779585676137,0.18568516803273827,0.19080892308094732,0.18618336361570403,0.09422075717608808,0.09884631664133137
CMYA5,ENSG00000164309,chr5,79679835,79810240,872,0.33103297341949417,0.3322152677219285,0.20242572741883402,0.34424026963833887,0.22850263936269077,0.2898148026224731,0.2831641040040297,0.11397461182774082,0.12062531044618427
MTX3,ENSG00000177034,chr5,79966715,80001262,165,0.4237464256934567,0.5020272473830939,0.43357454745286916,0.41204207404308085,0.40976696648262584,0.34000379942936526,0.35053597860686575,0.3572061176456341,0.3466739384681336
THBS4,ENSG00000113296,chr5,79981310,80093287,568,0.3284251030582721,0.4893581273302943,0.3853858565656179,0.3099743599259094,0.40564534581932976,0.2917279430402785,0.26141710820805836,0.38035882770149854,0.4106696625337186
SERINC5,ENSG00000164300,chr5,80101650,80266048,1321,0.29392743514748987,0.3667838964849353,0.3540299409648085,0.29886854565647364,0.31470606945063584,0.1839893292594774,0.21704798388966126,0.2729541900823594,0.23989553545217548
SPZ1,ENSG00000164299,chr5,80309624,80331842,168,0.4717743265835395,0.7113297916906841,0.676765666330375,0.4321776481080266,0.6347376301640237,0.37566216872301217,0.4006388489839636,0.8668082214701462,0.841831541209195
ZFYVE16,ENSG00000039319,chr5,80398012,80493379,556,0.6282808306727483,0.5789493672596606,0.5184679660316062,0.6768088392692596,0.5544668250565972,0.56191814764038,0.5930149592966307,0.30308403709918674,0.27198722544293596
FAM151B,ENSG00000152380,chr5,80477968,80552563,407,0.4615882089395664,0.46516735671027315,0.5141876320416894,0.5063064317484941,0.5028288878756169,0.26150009711090183,0.31641031830036265,0.3643013001933318,0.30939107900387103
ANKRD34B,ENSG00000189127,chr5,80546754,80580280,165,0.5785566048965568,0.6572785671550715,0.4829464709740667,0.519741633055434,0.507418613211751,0.6376491216814972,0.5480863933460532,0.43318818924663255,0.5227509175820766
DHFR,ENSG00000228716,chr5,80616225,80664983,355,0.2261250754935393,0.2618563606844811,0.22888776808553876,0.20914407244168545,0.19428056390926163,0.15002025273478908,0.16111830813679906,0.1535965873666027,0.14249853196459275
MSH3,ENSG00000113318,chr5,80644651,80886815,1278,0.35173084888725353,0.40511823789399043,0.3707569179513923,0.3833971963430124,0.3573421507183865,0.24480214277700021,0.28039000817002124,0.27459046955633704,0.23900260416331615
RASGRF2,ENSG00000113319,chr5,80950362,81240162,1819,0.37532109972692396,0.438836089364861,0.36598955693787205,0.413354472673916,0.3664472779431525,0.29628495408450367,0.32733234715830606,0.28145728622976773,0.2504098931559654
CKMT2,ENSG00000131730,chr5,81223319,81276398,272,0.16162341221528664,0.2497863015579675,0.16454811942295428,0.196879980563148,0.17930016397848902,0.14195127314588418,0.15452522501421614,0.14544590863505466,0.13287195676672275
ZCCHC9,ENSG00000131732,chr5,81291586,81323297,184,0.26588402290616825,0.32708881952054897,0.22199396027768875,0.2726033190588867,0.2651846198130422,0.22710459888765322,0.20314462408363207,0.16903733467273618,0.19299730947675733
ACOT12,ENSG00000172497,chr5,81319995,81404179,588,0.18655932909065417,0.14774741450055598,0.12098523977536638,0.2521973302914988,0.1726309969170324,0.11870051525135043,0.13049199595160743,0.041171818983795336,0.029380338283538338
SSBP2,ENSG00000145687,chr5,81403020,81761797,1838,0.4160167610627137,0.385224415802784,0.26795266018736164,0.4371933413666378,0.28010703029033396,0.35623544164620563,0.3663321864309983,0.1302625398673497,0.12016579508255715
ATG10,ENSG00000152348,chr5,81962022,82286857,1091,0.4731080255068372,0.5902541635231717,0.5896326001612963,0.43350320374416473,0.5767910007995142,0.3211377663037359,0.3003064711935332,0.5710804562364631,0.5919117513466658
RPS23,ENSG00000186468,chr5,82263319,82288396,112,0.3361808947383003,0.5978510685228661,0.5327282689879388,0.28016071917296453,0.49130148539984597,0.27991702785455125,0.28188017423742806,0.6310157548066899,0.6290526084238132
TMEM167A,ENSG00000174695,chr5,83042845,83087863,334,0.2950495900373237,0.3183147155610797,0.21674213803450507,0.26765230122302536,0.2560585017842812,0.2442608474763215,0.19944709410372802,0.1389263399346573,0.1837400933072508
XRCC4,ENSG00000152422,chr5,83067497,83363787,1891,0.3534664483793676,0.37345292399431745,0.24830349504575977,0.37001760634210396,0.2576995162166863,0.30911946532956414,0.3157968098187477,0.15841190086936968,0.1517345563801861
VCAN,ENSG00000038427,chr5,83461617,83592303,713,0.35401773098609496,0.40673477280375286,0.32230092550089995,0.4148589717882814,0.3641683971104597,0.28502250350453107,0.30259728874120984,0.23709121307226147,0.21951642783558273
HAPLN1,ENSG00000145681,chr5,83627804,83730855,676,0.37375225098411297,0.6179046155246436,0.5324575119707943,0.4154897679602002,0.5404670852492376,0.33491458702128063,0.3607606442374372,0.6271704169440664,0.6013243597279098
EDIL3,ENSG00000164176,chr5,83930553,84394880,2759,0.3920442114821654,0.53897884588503,0.5017112277389357,0.397247030102441,0.5041431724350257,0.28769447973252366,0.2895455681227003,0.4866168698546338,0.484765781464457
COX7C,ENSG00000127184,chr5,86607927,86630962,134,0.17715592401788752,0.26321938626442865,0.2900389434979409,0.2866035863344074,0.2530101568264236,0.07895424986462798,0.1757397241142389,0.22651085595637038,0.1297253817067594
RASA1,ENSG00000145715,chr5,87257882,87401931,574,0.3986381445433873,0.32053768238151187,0.3532908892889565,0.3503034099372027,0.3468086943896504,0.2295766285145834,0.19590904206552817,0.15687687445753018,0.1905444609065854
CCNH,ENSG00000134480,chr5,87308415,87422930,441,0.3595710141090556,0.3821155579291699,0.4130692166691631,0.4002325548707844,0.4119922143540028,0.19711124029972493,0.23082601301137518,0.28434258564936327,0.2506278129377131
TMEM161B,ENSG00000164180,chr5,88179632,88279476,440,0.5586529079969154,0.48270958159350047,0.49070450402632465,0.5146666902880986,0.41972313580578396,0.4011737960858484,0.4189101373721669,0.2579770283732648,0.24024068708694624
MEF2C,ENSG00000081189,chr5,88707116,88914257,699,0.42216106124739305,0.520692032935379,0.5007238370846526,0.43074082128495544,0.4661007818728164,0.2946380744292094,0.3356416063366473,0.44077387623335446,0.3997703443259165
CETN3,ENSG00000153140,chr5,90382256,90419766,182,0.3032249879720791,0.35069822919533905,0.21139009487895422,0.301951541778111,0.14212104978687634,0.27783345505742757,0.31901608667363857,0.15402423716208388,0.11284160554587286
MBLAC2,ENSG00000176055,chr5,90448208,90484771,196,0.35959709601054973,0.3391072647229606,0.2797126087056948,0.3584531970420857,0.3027754145816981,0.2658582499578589,0.24869458240806025,0.14830547877496797,0.16546914632476667
POLR3G,ENSG00000113356,chr5,90461747,90524557,312,0.4130230917577895,0.48179165913181266,0.43342011127485663,0.4168831606077566,0.37961396208659404,0.31100526339335444,0.3596661321589022,0.346372651742785,0.2977117829772372
LYSMD3,ENSG00000176018,chr5,90505610,90539584,162,0.3937431876806808,0.49287690442213633,0.3690223020555431,0.3391059420009279,0.3442329633294727,0.3594841758597277,0.33560677998694,0.319517336933658,0.34339473280644567
ADGRV1,ENSG00000164199,chr5,90519343,91174437,3736,0.41334448373672383,0.575550571470755,0.5135301648581356,0.4169802793500415,0.4856420914997165,0.3348497576244051,0.3658303717093429,0.5221126545541053,0.49113204046916764
ARRDC3,ENSG00000113369,chr5,91358630,91393317,151,0.37518630720765556,0.2378811112853666,0.25845056473587585,0.2510458679667703,0.24115519451256265,0.22147051419532354,0.1423861274845419,0.05018219933510909,0.12926658604589072
NR2F1,ENSG00000175745,chr5,93573221,93604611,86,0.3931756835272286,0.35958980385573186,0.3149224639403392,0.33709264476460243,0.3189717259484701,0.2834695398421387,0.23630747772591337,0.1621768366197188,0.20933889873594408
FAM172A,ENSG00000113391,chr5,93607724,94121699,1695,0.5723387321162425,0.5298572816355815,0.6181721705439589,0.4683289744396035,0.540664135635236,0.32067866049854066,0.3042378611663351,0.4340403137791658,0.45048111311137135
POU5F2,ENSG00000248483,chr5,93723219,93751600,76,0.35252980356210717,0.1684077094799195,0.2566362093454891,0.23788240179003942,0.14481202136506377,0.16126288938722722,0.14981671219271242,0.0231501043128986,0.034596281507413396
KIAA0825,ENSG00000185261,chr5,94140850,94628604,2041,0.30838364398768264,0.45187137546291184,0.41439007262650984,0.2940111905018746,0.374243738927744,0.2174339075984532,0.24030342621966116,0.3838113956686764,0.3609418770474684
SLF1,ENSG00000133302,chr5,94608668,94749436,752,0.2886451630825998,0.33480619693609454,0.2512227591560852,0.28975456861275484,0.2832042127630969,0.22947350271516181,0.20842862187799016,0.17820334489071563,0.19924822572788733
MCTP1,ENSG00000175471,chr5,94693740,95294575,3275,0.46913179121309845,0.505797871032455,0.46599576208559124,0.4934181589192609,0.46193878620615625,0.3553503282832191,0.38254855963442214,0.3494603492468784,0.32226211789567527
FAM81B,ENSG00000153347,chr5,95381365,95460454,509,0.33154687421452395,0.2986736910343569,0.23796578782985003,0.29059012500897663,0.208380814676967,0.2429035932642002,0.23221449834993235,0.11187841631200249,0.12256751122627035
TTC37,ENSG00000198677,chr5,95451754,95564977,653,0.2524178779055409,0.34392504196955037,0.1636608623548922,0.2741077940352442,0.19432967290110148,0.2668351337875222,0.2628766697451246,0.15464509748798716,0.15860356153038477
ARSK,ENSG00000164291,chr5,95545100,95615102,373,0.2554672966084258,0.3268978733773608,0.3028171880508585,0.268421641808096,0.3270272334695807,0.1650745475433434,0.15617937048441338,0.2307836649818059,0.23967884204073583
GPR150,ENSG00000178015,chr5,95610086,95632142,117,0.26245925914374846,0.4508676163455097,0.37649381572329954,0.2416531974176966,0.39620049046278544,0.2157265428748634,0.18575856566564802,0.383689187683673,0.4136571648928883
RFESD,ENSG00000175449,chr5,95636753,95694773,349,0.31734477426019714,0.8214098774983883,0.7719347717508652,0.2819770355667682,0.7561707442130922,0.3131518279407345,0.32131428687901886,1.4095100892705414,1.4013476303322572
SPATA9,ENSG00000145757,chr5,95642180,95708711,416,0.3603640865037548,0.8566945556144302,0.7855974789679525,0.2850428046995253,0.789157317164256,0.42486650515313107,0.36083327708790125,1.5179104467956588,1.5819436748608888
RHOBTB3,ENSG00000164292,chr5,95703521,95834383,700,0.32820158032830554,0.5365587635115533,0.44923440498153866,0.3173148231079266,0.4868294221005609,0.2852133302915369,0.24182508642319178,0.48386235383992104,0.5272505977082662
GLRX,ENSG00000173221,chr5,95741318,95832726,491,0.3571594739103678,0.5059894898437153,0.41540727452387943,0.355668810401949,0.442772261282121,0.30510860867212475,0.2799798229641362,0.4000898777284029,0.4252186634363915
ELL2,ENSG00000118985,chr5,95875097,95971851,522,0.27657460547267537,0.214397893362009,0.15145034560924325,0.2873209834192423,0.1527770398864489,0.20041801011760296,0.20711880177331565,0.04088683026220252,0.034186038606489805
PCSK1,ENSG00000175426,chr5,96380332,96444143,450,0.30909554376968923,0.3843051508977632,0.3483079097120941,0.34850234205626984,0.3355298665949765,0.21328723193766824,0.25235997125342285,0.27171658108362934,0.23264384176787473
CAST,ENSG00000153113,chr5,96515266,96789595,1652,0.37521588037453674,0.4973114034334797,0.4554875853110999,0.3689250995085465,0.4428090895141984,0.27513447685938397,0.28163388254711863,0.4126499160528718,0.40615051036513716
ERAP1,ENSG00000164307,chr5,96750809,96818100,398,0.35309729472849566,0.6164435916126318,0.5464896537959683,0.42963783825133206,0.5262382629986149,0.30154537955117233,0.38635079041811216,0.6567232010766755,0.5719177902097357
ERAP2,ENSG00000164308,chr5,96865985,96929703,0,,,,,,,,,
LNPEP,ENSG00000113441,chr5,96925393,97047513,759,0.33835873486071283,0.5758418488751997,0.5630492734466681,0.29289879313345146,0.567969686679012,0.22137290835903412,0.18248542273772916,0.6362759870017323,0.6751634726230372
LIX1,ENSG00000145721,chr5,97081866,97152753,419,0.37620099575724913,0.37541646773874265,0.33346033101409894,0.35948956280460387,0.3260639393418569,0.26847082402327915,0.2607700120326733,0.20219937571320107,0.2099001877038069
RIOK2,ENSG00000058729,chr5,97150866,97193247,280,0.4790777137008644,0.407985018696053,0.3877164823501156,0.4196117964977419,0.33343723608700565,0.34290895474009947,0.3313302233636267,0.18131438342156253,0.1928931147980354
RGMB,ENSG00000174136,chr5,98758649,98808643,280,0.41284978595350164,0.6116083325256346,0.46845839998575506,0.43489500968045547,0.5226952186459984,0.42312088584639235,0.3884423501330794,0.5226201104132625,0.5572986461265754
CHD1,ENSG00000153922,chr5,98843984,98939007,408,0.2628501759149181,0.3363541846024215,0.20960086538790185,0.2732841608356158,0.23494715432390212,0.23987678663569562,0.23070802986045677,0.17012989572983842,0.17929865250507723
FAM174A,ENSG00000174132,chr5,100525373,100596741,369,0.37620525414122524,0.22696986322902832,0.07209072900034255,0.37701966593431135,0.15958883218064035,0.32727491136715425,0.27840677509186296,0.0,0.0
ST8SIA4,ENSG00000113532,chr5,100796932,100913282,515,0.43925688683079817,0.43110567001294214,0.43821551368636125,0.4400561065745083,0.4254286966538215,0.2829579910383071,0.2949240944168756,0.28110258286185946,0.26913647948329095
SLCO4C1,ENSG00000173930,chr5,102223985,102306284,683,0.3657355169212353,0.5822739715872689,0.5287321192782368,0.3676099946820496,0.5246834567027364,0.2879450718995554,0.2937020919753054,0.5849844238681711,0.5792274037924211
SLCO6A1,ENSG00000205359,chr5,102361773,102509016,1007,0.4449304191995426,0.2472290921223821,0.2312464499084598,0.45833542996839677,0.2710326186024626,0.3048356485471225,0.29048819399916675,0.0,0.0
PAM,ENSG00000145730,chr5,102743980,103039730,1676,0.3604758216984444,0.3745642916231105,0.34921569495486665,0.351940689953416,0.2745263219453793,0.2433802844703742,0.2910746546348845,0.22592645425695343,0.17823208409244312
GIN1,ENSG00000145723,chr5,103075999,103130138,356,0.16416714165062937,0.14778902645028186,0.12032700856626817,0.19733370000635295,0.1277208854651783,0.10552136807249578,0.12154577924753004,0.05439979319625045,0.03837538202121617
PPIP5K2,ENSG00000145725,chr5,103110148,103222799,547,0.1734808014720916,0.20347116657745726,0.18501269021280134,0.2482263813843081,0.172809187687653,0.10672067336978781,0.1615460536498844,0.12077127676360419,0.06594589648350763
MACIR,ENSG00000181751,chr5,103248762,103288660,209,0.17189181917263854,0.3155919459666115,0.2863045437708788,0.19403184371626384,0.25524859789867066,0.11525675472279298,0.15010360492893854,0.26394421428981685,0.22909736408367126
NUDT12,ENSG00000112874,chr5,103538854,103572790,121,0.43352172581593823,0.38292106876604964,0.3476914175723108,0.45642075714067204,0.34614223786198317,0.31191867146480345,0.33373633878405473,0.17083966434833903,0.1490219970290877
EFNA5,ENSG00000184349,chr5,107366893,107680937,2025,0.39164281304183524,0.38313312720209597,0.3444115882948245,0.36173126445087195,0.35882332553584273,0.2789365132554903,0.24382383777840871,0.2041655304213866,0.2392782058984682
FBXL17,ENSG00000145743,chr5,107849034,108392098,3392,0.4313332095428041,0.4780804136812813,0.42022817263554046,0.40546920726925606,0.39427691769399614,0.33479086006864056,0.33444608155010885,0.3154508920955111,0.31579567061404273
FER,ENSG00000151422,chr5,108737840,109206841,3175,0.22136546087091186,0.3031207897276648,0.22566656569098045,0.21412743643942078,0.23425088740171446,0.17780198123124172,0.1676015615709746,0.1833412014742622,0.19354162113452933
PJA2,ENSG00000198961,chr5,109324712,109419974,564,0.34940610976599207,0.2646357578642205,0.21856132257197608,0.4261983680757719,0.23502047207151172,0.24532019548362075,0.2974773299867881,0.06206913950704268,0.009912005003875346
MAN2A1,ENSG00000112893,chr5,109679926,109879625,1170,0.3451404587451527,0.46670081333408814,0.3936173425251688,0.3395475111159732,0.41062099056116697,0.2758815747172185,0.25740847668687866,0.352791111756259,0.3712642097865987
TMEM232,ENSG00000186952,chr5,110279232,110748956,3580,0.3761548274709218,0.35203356859831886,0.28652363251848917,0.44126178148396905,0.3404789773479657,0.28408174256856755,0.2998745876949985,0.14983464479560427,0.13404179966917346
SLC25A46,ENSG00000164209,chr5,110728135,110775161,288,0.5630279909650423,0.5137528835275876,0.5373385498955866,0.575286622189082,0.547785027578548,0.38908237552649155,0.391890723706088,0.33195593867442924,0.3291475904948326
TSLP,ENSG00000145777,chr5,111060061,111088026,185,0.394617965668529,0.4287878667067759,0.3807383999042985,0.3433940430944189,0.3123910545210466,0.29133135333044313,0.3030654160914039,0.2686632730920764,0.2569292103311155
WDR36,ENSG00000134987,chr5,111081715,111140502,0,,,,,,,,,
CAMK4,ENSG00000152495,chr5,111213652,111504886,1959,0.5633505282927617,0.6191070141465973,0.5652549468211449,0.5258291581814162,0.5190710508019657,0.48043292298975915,0.4896943411144564,0.48480389734420626,0.475542479219509
STARD4,ENSG00000164211,chr5,111486032,111522590,182,0.2443358953482185,0.48189772050652585,0.4143264754955106,0.24448050495300935,0.44125587206527156,0.2013740714648503,0.17793432824602623,0.45620853398903666,0.47964827720786063
NREP,ENSG00000134986,chr5,111652620,112007464,2026,0.4871109703209651,0.6586571500352006,0.6545633609045634,0.4966733528656888,0.6583385564487264,0.3398088068512959,0.3437244200451195,0.7350590748319108,0.7311434616380872
EPB41L4A,ENSG00000129595,chr5,112132440,112429313,2215,0.5370854974366107,0.6083212097342718,0.6006377495461361,0.44120597057880445,0.5450289186634781,0.3948198556064529,0.36588305221392287,0.5424933320746513,0.5714301354671814
APC,ENSG00000134982,chr5,112697497,112856239,1060,0.5077631729721873,0.5130489137905079,0.44437547512651654,0.4344509159169454,0.4474589321132019,0.4203621973301732,0.34816113606221405,0.2992294026085902,0.3714304638765495
CTC-554D6.1,ENSG00000258864,chr5,112817212,112877582,416,0.5356966580275919,0.4333993204894047,0.40075491786841805,0.46182244341369744,0.3543721304112015,0.4116165330055805,0.3750676201489569,0.1564839593034234,0.193032872160047
SRP19,ENSG00000153037,chr5,112851187,112908371,441,0.4133859803969797,0.3801203453094872,0.33481794787816405,0.3444072034800384,0.2874724583823352,0.3019618174382308,0.2807543161123094,0.17626810768353085,0.19747560900945227
REEP5,ENSG00000129625,chr5,112866384,112932289,408,0.3844377040077553,0.31006824899664837,0.26326675490262647,0.36538055620183835,0.24371420246420245,0.27542616253963503,0.2732782117733944,0.0957364353326163,0.09788438609885694
DCP2,ENSG00000172795,chr5,112966701,113032195,396,0.4428545535954258,0.48804929442726147,0.41449812492574634,0.4008072542139352,0.379042534358289,0.3595849959310241,0.352603098690936,0.3099419408248914,0.31692383806497954
MCC,ENSG00000171444,chr5,113012098,113498823,3773,0.4888443899654769,0.47800174786280664,0.46568883201001204,0.45939714824349503,0.4590128612386784,0.3471976779402628,0.32540081799152526,0.30289336156102276,0.32469022150976035
TSSK1B,ENSG00000212122,chr5,113422552,113444989,163,0.34098865573253617,0.33529086670159114,0.29954971752011095,0.33481189594875954,0.17231377318333843,0.23469418387585025,0.3134849965494163,0.1737115436711149,0.09492073099754891
YTHDC2,ENSG00000047188,chr5,113503693,113605285,804,0.36124967033500444,0.3608878063765826,0.29502076911989283,0.354107529636615,0.25828475336093465,0.2731649740736951,0.29300381631640304,0.17451028906726518,0.15467144682455725
KCNN2,ENSG00000080709,chr5,114045925,114506500,3110,0.5390979486995346,0.532981584584917,0.496927566608892,0.49036723838702684,0.48884756925234657,0.4244676003970236,0.3821820211116252,0.3369189882566852,0.37920456754208354
TRIM36,ENSG00000152503,chr5,115114761,115190546,524,0.468483599016842,0.548787829366567,0.4559819373550717,0.4825614877406173,0.47590285259637666,0.4095329998565884,0.40430198349805485,0.38628460538387344,0.39151562174240695
PGGT1B,ENSG00000164219,chr5,115194011,115272877,433,0.4416065944799329,0.42366481864482247,0.33093384743958865,0.42292334894920997,0.34236718943874594,0.3659425358337035,0.340868755282812,0.18512333962275862,0.21019712017365028
CCDC112,ENSG00000164221,chr5,115257189,115306693,252,0.3754459755731047,0.5685633637050187,0.5181011566826039,0.46358537992973936,0.489815024549235,0.29066550685980486,0.3952502872099804,0.5499691175844863,0.4453843372343107
FEM1C,ENSG00000145780,chr5,115510907,115554775,187,0.376159262526993,0.4442962704903004,0.4268619938031208,0.4148406633857626,0.4098199762612622,0.25137570809416726,0.29803171112962185,0.33614427925211304,0.2894882762166584
TICAM2,ENSG00000243414,chr5,115568495,115612479,261,0.3502384108927324,0.2672443582816299,0.22756929441837342,0.38723118049154653,0.186242782259236,0.24193989683076983,0.29730866406311635,0.0690031032131784,0.013634335980831885
TMED7-TICAM2,ENSG00000251201,chr5,115568641,115636161,390,0.38878606842467894,0.27266849895035405,0.19688657947763646,0.4040351349894918,0.2069975389638975,0.29571091949661565,0.30200876575894564,0.02266200094392648,0.016364154681596577
TMED7,ENSG00000134970,chr5,115603209,115642992,258,0.369295856593256,0.22314753288379735,0.2190312180771584,0.38116191577771413,0.21500127537173042,0.23310155779035896,0.24517162633405892,0.019403263863994852,0.007333195320294916
CDO1,ENSG00000129596,chr5,115794732,115826659,181,0.30908216589407483,0.2946814971628867,0.15736170199668173,0.34229920018024107,0.14169256484625747,0.27381134689064496,0.30765901803101575,0.07529445422584033,0.04144678308546951
ATG12,ENSG00000145782,chr5,115818199,115851837,212,0.20650714820521518,0.15597512601996907,0.20178276720923574,0.2161104639555912,0.2022373051019495,0.08775478187549214,0.093558189584994,0.08181853140464414,0.07601512369514228
AP3S1,ENSG00000177879,chr5,115831591,115924081,510,0.22392066781244324,0.2405904686172244,0.1858510428444587,0.21562993232776198,0.20627606751926603,0.16155133810632827,0.14353442734297664,0.11366274195490311,0.13167965271825477
LVRN,ENSG00000172901,chr5,115952453,116037619,911,0.347199944369585,0.5039720566427648,0.4195291524619027,0.39085295100000916,0.44478119891981005,0.29184585393327717,0.3042127951666676,0.4092771624970442,0.3969102212636538
ARL14EPL,ENSG00000268223,chr5,116022323,116070118,548,0.4340572716605033,0.3296875317196173,0.28699915460313924,0.5634104136733763,0.4151143972000091,0.31550051222282594,0.34621699500173964,0.08451079252351701,0.05379430974460325
COMMD10,ENSG00000145781,chr5,116075015,116422762,3214,0.38273243857470957,0.3795353739647703,0.35935649494525623,0.4392740403527621,0.4171383417538438,0.257228626861966,0.25800212468795974,0.22005805790761596,0.2192845600816224
SEMA6A,ENSG00000092421,chr5,116433554,116584823,1114,0.4121198218085586,0.4137788702761165,0.39767222858498025,0.40153696802433686,0.37483333279180164,0.2791684127441436,0.28885586626545656,0.25488979336365863,0.24520233984234557
DTWD2,ENSG00000169570,chr5,118826073,118998547,978,0.305500591175206,0.38105730584632347,0.30710615748444087,0.2985518539577043,0.2866965206237089,0.23871403988491155,0.24825128884613903,0.24102854880216168,0.23149129984093422
DMXL1,ENSG00000172869,chr5,119027771,119259138,1319,0.41419680915136703,0.435654300426884,0.47959601798107365,0.4486496165984802,0.44809222247352404,0.226854894915403,0.2865493618904058,0.34523337783568264,0.28553891086067984
TNFAIP8,ENSG00000145779,chr5,119258691,119409688,1176,0.3703553776429374,0.3657222587838701,0.3623362437105049,0.391428044138185,0.3675512256450375,0.23396194538649054,0.24687620717868347,0.2213063974584446,0.20839213566625164
HSD17B4,ENSG00000133835,chr5,119442464,119647199,1482,0.34238791004103086,0.4359432128281291,0.3827596932799796,0.32268689084428054,0.3695043185437742,0.2546217708276485,0.2504864955046419,0.3179785752500241,0.32211385057303066
FAM170A,ENSG00000164334,chr5,119619558,119645822,258,0.34518605142580605,0.4133452636037025,0.30319755722469016,0.24317608767075713,0.3078975471327769,0.2977347997212699,0.22196109979004777,0.23558401579168145,0.3113577157229037
PRR16,ENSG00000184838,chr5,120454299,120697332,1759,0.4442977481799417,0.5325255603615852,0.5010127490682101,0.4494731918200992,0.518111552768322,0.3263792600041944,0.3136238017265064,0.43403134631414547,0.44678680459183334
FTMT,ENSG00000181867,chr5,121841881,121862833,135,0.30332476668367303,0.18803016650556745,0.09569822594080063,0.32246147962801625,0.13774130613362542,0.23456793154319003,0.22469050856901757,0.0,0.0
SRFBP1,ENSG00000151304,chr5,121951974,122085570,807,0.44501450564843276,0.337742879131191,0.3479389145908277,0.3919884877733454,0.3169640726031264,0.2866488340317741,0.26422752125206184,0.12545256431720897,0.14787387709692118
LOX,ENSG00000113083,chr5,122053194,122088413,210,0.3237509681540014,0.3470804939382056,0.38766506655905875,0.32423001308102806,0.28861339271642256,0.1635097181848277,0.2388323482875112,0.26279170701823307,0.18746907691554957
ZNF474,ENSG00000164185,chr5,122119545,122163569,257,0.32275020298004614,0.3317937377439373,0.3297879634313354,0.40204966847299967,0.3854939284542172,0.19635616541509407,0.21523474692142727,0.20680221185941441,0.1879236303530813
CTC-441N14.4,ENSG00000250803,chr5,122119621,122193949,489,0.3263462364389621,0.4972177975052226,0.454434104182644,0.3670268370011596,0.49894192449316965,0.2383527607922571,0.22694609425196133,0.4492454388886986,0.46065210542899443
SNCAIP,ENSG00000064692,chr5,122301353,122474219,892,0.3311891184012414,0.6231235042071915,0.5015847742706862,0.3644274777446569,0.5210630188300874,0.34088496341198143,0.3464402827354604,0.63495277916044,0.6293974598369612
SNX2,ENSG00000205302,chr5,122765078,122844543,457,0.376267576395224,0.5692576405614626,0.48574477895026563,0.34182923978538216,0.5027297188711818,0.3246216773447626,0.2809572166828901,0.5176234641961998,0.5612879248580723
SNX24,ENSG00000064652,chr5,122833438,123039354,1159,0.63321717845578,0.6611636731638572,0.5841896456151788,0.5283622050874748,0.5504185441382659,0.6038487356689421,0.5171719222095993,0.47838936421663325,0.5650661776759761
PPIC,ENSG00000168938,chr5,123013249,123046725,197,0.4268188462993537,0.42018048173696715,0.41612318472672044,0.3492018413413434,0.39154155511337374,0.2817633053940386,0.23888373615757044,0.26327509388131104,0.3061546631177792
PRDM6,ENSG00000061455,chr5,123079240,123204266,941,0.43611490632450645,0.48519158907467425,0.37599086405056553,0.4913762788548295,0.4472807301215402,0.3826374891191415,0.3735510981961031,0.2813229760357081,0.29040936695874653
CEP120,ENSG00000168944,chr5,123334889,123433592,622,0.3755729034454369,0.3584918986272564,0.27225727555053003,0.3810550974295604,0.28023480178915466,0.29852323380862295,0.2974211265507717,0.14541023240139472,0.14651233965924595
CSNK1G3,ENSG00000151292,chr5,123502098,123627045,604,0.45726785707034584,0.5057573985107142,0.38339423306648646,0.4340006368557426,0.3749827428053831,0.4161713736467784,0.40195754703058445,0.2885574125635186,0.3027712391797125
ZNF608,ENSG00000168916,chr5,124626912,124758807,727,0.33454594987730735,0.4220370070138231,0.37031394386542893,0.3316972898001078,0.36043030166252915,0.24649861005730472,0.25214990617091615,0.3017468282776775,0.29609553216406603
GRAMD2B,ENSG00000155324,chr5,126350131,126506494,989,0.4957454033715555,0.5549482193829454,0.5463233294032529,0.5049358018966814,0.5157865018399252,0.3519340575506954,0.39370155835359166,0.45763058509740867,0.41586308429451235
ALDH7A1,ENSG00000164904,chr5,126521199,126605362,534,0.3463051122927888,0.4612345903333027,0.3560704108668431,0.3744659460834612,0.34022530454426214,0.30171185589360516,0.3358838352125002,0.3167631794500212,0.28259120013112615
PHAX,ENSG00000164902,chr5,126590924,126637252,264,0.2651005657344205,0.29040327591589554,0.14440571244585323,0.2734378700091872,0.12819394974872006,0.2475605497446451,0.26265072267108486,0.09549791481971143,0.08040774189327168
TEX43,ENSG00000196900,chr5,126621704,126646284,140,0.2613761649474004,0.37613665987999445,0.32802555343509116,0.2534393748697746,0.30555275786883407,0.18862774109515443,0.19973165434534423,0.2831961997208585,0.27209228647066874
LMNB1,ENSG00000113368,chr5,126766622,126847020,380,0.36728122053406725,0.2323607053178878,0.28353187057966134,0.3393790638761625,0.24821827671189434,0.1943715163609924,0.19685056986694982,0.07006380818488031,0.06758475467892291
MARCHF3,ENSG00000173926,chr5,126857713,127040558,805,0.3435367450567541,0.23629713334606506,0.25801529186409494,0.3697652560624489,0.2938297781284889,0.1960191981992518,0.1916702199728464,0.07355728525681349,0.07790626348321886
C5orf63,ENSG00000164241,chr5,127035234,127083506,237,0.24080404120112642,0.34609309631108437,0.36389790665495886,0.3314622809647348,0.41362444221658284,0.12394471851672922,0.1468289681532442,0.30084556824032127,0.27796131860380635
MEGF10,ENSG00000145794,chr5,127280795,127475737,1221,0.34843457947929685,0.40725324621552034,0.3854034767361208,0.339021441313632,0.3659042390461947,0.23228810830306273,0.24073330724809708,0.2906999222825418,0.28225472333750756
PRRC1,ENSG00000164244,chr5,127507639,127565085,335,0.28089975279998897,0.31311505217549407,0.22795181210664697,0.2831289088938232,0.183637603067433,0.22331733247819036,0.25277540313968083,0.15227113872189957,0.12281306806040909
CTXN3,ENSG00000205279,chr5,127639043,127668630,264,0.2578770591743347,0.38923336006728365,0.380034052828538,0.3485029892973051,0.31594639865996654,0.15659497943108078,0.27090189749788984,0.33644534470417287,0.22213842663736375
CCDC192,ENSG00000230561,chr5,127693390,127951507,1517,0.44382136486458224,0.44082539692497336,0.38744370010302415,0.46122307711873756,0.3811825590939497,0.33892241657810296,0.3599010979693199,0.24237108904829446,0.22139240765707746
SLC12A2,ENSG00000064651,chr5,128073765,128199677,562,0.38027234082770006,0.29561423440823564,0.2192590884972207,0.41075762482553574,0.2451020705825722,0.290696171822196,0.29908702792353126,0.05973293859021961,0.05134208248888433
FBN2,ENSG00000138829,chr5,128247908,128669185,2601,0.34584348438744367,0.4648398559327994,0.4050600439429366,0.33972744781463976,0.39607490375411486,0.2651515425516542,0.26799335597298835,0.3600376996211231,0.3571958861997889
SLC27A6,ENSG00000113396,chr5,128528012,129043642,3754,0.3678098937515468,0.41412817226312504,0.46275195142172965,0.3443761917744273,0.4050787907928722,0.1859619953302173,0.218748025611619,0.34869224199699633,0.31590621171559463
ISOC1,ENSG00000066583,chr5,129084748,129124028,242,0.42835591684008756,0.5151658495039477,0.5011180655860481,0.33214369005114136,0.48928157220600793,0.29390065108299934,0.22784688757004978,0.4300477531826333,0.4961015166955828
ADAMTS19,ENSG00000145808,chr5,129450280,129748683,1836,0.4416220422888912,0.38451454413090713,0.36512461144721525,0.4072530878963936,0.37189707779189496,0.3068683139494083,0.27164024491735594,0.17847564946954814,0.21370371850160047
MINAR2,ENSG00000186367,chr5,129738093,129776732,254,0.5910964637293992,0.5131814134838918,0.5247803156170124,0.49380810673233033,0.43499444560935463,0.4350808262780223,0.41489173318106104,0.28478291130871464,0.30497200440567585
CHSY3,ENSG00000198108,chr5,129894464,130196634,1846,0.4738398186443926,0.4425696693411553,0.41122994749795266,0.4468871279860062,0.41098203672778927,0.34842388070819375,0.3236561713838011,0.2359938701768305,0.26076157950122303
HINT1,ENSG00000169567,chr5,131145382,131234468,505,0.32080809886745837,0.2766392079025018,0.20854028329578178,0.3440734084858604,0.19480134934307675,0.2384112163803822,0.26444364944317317,0.08543594403076313,0.059403510967972195
LYRM7,ENSG00000186687,chr5,131160943,131215428,304,0.29743954512171517,0.2447016010492454,0.09503146476694578,0.3023816833645303,0.07009236928024148,0.26690554927174204,0.28402775396531177,0.013736828145980595,0.0
CDC42SE2,ENSG00000158985,chr5,131235492,131408447,782,0.5001903370133355,0.4699924013078751,0.44940007514838193,0.477695466302287,0.426819537731366,0.3658225198434955,0.3639068648655222,0.2690414155402975,0.2709570705182707
RAPGEF6,ENSG00000158987,chr5,131413920,131645231,1078,0.5307978365125785,0.49976087109198847,0.4914100013750996,0.5082205475483509,0.43670297808777714,0.3866387487825069,0.4142228737422478,0.30603028829023377,0.27844616333049277
CTC-432M15.3,ENSG00000273217,chr5,131415890,131806983,1746,0.5545731659656022,0.547574278971241,0.5071943945389754,0.5325961435487627,0.4755840866089901,0.4471067342785731,0.45411155307061324,0.3460249474606988,0.33902012866865866
FNIP1,ENSG00000217128,chr5,131631713,131807063,727,0.6051024504787771,0.5736859610943753,0.5449250580871565,0.5413156119588556,0.5385970122770258,0.4972073868487518,0.42924423951594576,0.3553716369184832,0.42333478425128923
MEIKIN,ENSG00000239642,chr5,131796989,131955698,715,0.525090251466577,0.4991302414784196,0.5228390826536539,0.48385656664013127,0.4815639354894061,0.34806908937752296,0.34792059387323704,0.3433400853467729,0.34348858085105877
CTB-127M13.1,ENSG00000281938,chr5,131797142,132021637,1081,0.5039694067214218,0.510458775094496,0.508361980329099,0.47815987947968436,0.4662345101259412,0.3526958553363316,0.36844096434151047,0.3615907468240582,0.3458456378188792
ACSL6,ENSG00000164398,chr5,131939972,132022243,445,0.4575676916969335,0.4196307124620017,0.41425594736200555,0.4383245752121351,0.40315932634208274,0.31045514950706204,0.3024083638937457,0.23363552589202552,0.24168231150534186
IL3,ENSG00000164399,chr5,132050654,132073204,161,0.24084961281658077,0.3846928462904481,0.3187527927289513,0.3413597208414094,0.3367263301332951,0.18867952456334147,0.24632192608809683,0.2969541743632881,0.2393117728385327
CSF2,ENSG00000164400,chr5,132063788,132086170,155,0.18342942677150387,0.4184837672155482,0.38568735277321686,0.22866417395530608,0.3012170766439301,0.1287535227616906,0.2216663410701563,0.4133628692868622,0.3204500509783966
P4HA2,ENSG00000072682,chr5,132180146,132305315,701,0.2693597282306703,0.4055575046407024,0.3248575573624236,0.3282421740799574,0.2936093291325438,0.2205668778319461,0.28520092020429555,0.29956441743656004,0.23493037506421052
PDLIM4,ENSG00000131435,chr5,132247695,132283454,241,0.2659672077337987,0.388374398715753,0.27682614300400793,0.325856883425229,0.2577647609251199,0.23836545095554298,0.29392937274676056,0.2532694953248047,0.1977055735335872
SLC22A4,ENSG00000197208,chr5,132284393,132354190,390,0.37874644612812636,0.3587400388574044,0.23654732634824868,0.4679604021611596,0.24424729523376326,0.3252160937241716,0.3976583213212055,0.11910425494806859,0.046662027351034696
SLC22A5,ENSG00000197375,chr5,132359709,132405613,261,0.4286263900678966,0.36627821033815583,0.3333195637580656,0.3614589859394014,0.3203422622056834,0.30520637982155513,0.25927433733855265,0.15093885860002992,0.19687090108303232
AC116366.7,ENSG00000283782,chr5,132400831,132656079,1327,0.468473772867315,0.47991853204535795,0.39224682966563895,0.46021536564479526,0.39194402849844995,0.3938930490821294,0.38643325595798983,0.25987676145232086,0.26733655457646033
IRF1,ENSG00000125347,chr5,132430439,132518719,513,0.49447663371498385,0.44939818351583066,0.33713799756352286,0.4603614163985884,0.3263212068776518,0.4338579765412687,0.40929859528625256,0.16288541063833156,0.18744479189334767
IL5,ENSG00000113525,chr5,132531444,132566838,163,0.6713775222850544,0.6987154743231263,0.6610162641381445,0.6209939449020164,0.7030945245230961,0.6153713571784203,0.4777809174899703,0.5843288355098415,0.7219192751982915
RAD50,ENSG00000113522,chr5,132546018,132656349,527,0.370365775988564,0.38491101244210574,0.38782846804339216,0.3479697326357683,0.34793309805125067,0.22893089833796712,0.24302225512666964,0.25705742808890697,0.24296607130020448
IL13,ENSG00000169194,chr5,132646262,132671110,133,0.51297937174891,0.43984368878260993,0.5873009931139326,0.43235622470453383,0.5070229766035284,0.20697572870529057,0.21925395424560595,0.37256367832248277,0.3602854527821672
IL4,ENSG00000113520,chr5,132663985,132692678,159,0.44340964132047284,0.35466946410022765,0.2657852141076941,0.447303983027349,0.3446284999884172,0.3574823585996231,0.30419336640434314,0.08051027608955225,0.13379926828483218
KIF3A,ENSG00000131437,chr5,132682627,132747638,343,0.477032277969106,0.3938175293945225,0.2903144711709311,0.5215616472051158,0.3358957876676552,0.40293822060042017,0.41424297338161553,0.09763601102620095,0.08633125824500548
CCNI2,ENSG00000205089,chr5,132737425,132764403,149,0.35240176785908767,0.3449921059332824,0.036126102193251936,0.4373710898302233,0.03968380769786747,0.4103989870612021,0.4788751535828297,0.012709004348051917,0.0
SEPTIN8,ENSG00000164402,chr5,132740818,132817241,408,0.4125225058856318,0.3374781559672555,0.13040328179599975,0.4271565317432995,0.22192132501073814,0.40194668701587766,0.3589584465920659,0.00975506252455327,0.0527433029483651
SOWAHA,ENSG00000198944,chr5,132803301,132826786,100,0.21340577144402256,0.07516080852334961,0.18092311123123364,0.30303784798508177,0.26918398352521944,0.0593004207972823,0.06278301812049827,0.018834982837849804,0.015352385514633832
SHROOM1,ENSG00000164403,chr5,132812140,132840659,116,0.2484023988514238,0.21292457125512215,0.20437702096833824,0.23585338062168998,0.18393291363727787,0.1481777725518058,0.15258403805034945,0.09125341921949018,0.08684715372094653
GDF9,ENSG00000164404,chr5,132851180,132876884,127,0.34327878727508015,0.5333673351441947,0.34534139693621463,0.4214821437701155,0.4768444932324671,0.3795336020526113,0.3308111295409843,0.38267931367205305,0.43140178618367997
UQCRQ,ENSG00000164405,chr5,132856629,132878847,113,0.37984977750651333,0.5334908289514569,0.3876614805643133,0.43624831708916306,0.4647396908598714,0.3749005612533165,0.3553084556523632,0.3875770383666177,0.40716914396757115
LEAP2,ENSG00000164406,chr5,132863443,132885046,116,0.42142166495821537,0.5401209503496732,0.39185776811819834,0.5183526520978932,0.4850044925203916,0.4133133000780427,0.4218688669940715,0.3634784595373319,0.35492289262130317
AFF4,ENSG00000072364,chr5,132865394,132973634,479,0.36640419685345194,0.46848293286739,0.32932723579654494,0.3976577465469882,0.37619393254240985,0.34444504403395304,0.3335168450521314,0.2875749264256504,0.29850312540747187
ZCCHC10,ENSG00000155329,chr5,132986984,133036604,258,0.23116511127023384,0.3123602186586207,0.1664503834835994,0.2705335861192762,0.17452322288384578,0.22765357136897274,0.2490689779354136,0.14683658042407186,0.12542117385763096
HSPA4,ENSG00000170606,chr5,133042012,133116449,380,0.27125579960182644,0.21793499688542,0.1591113034231222,0.2771118802745273,0.15658605170038803,0.19447697152641147,0.20001041568743733,0.05134044617759598,0.04580700201657009
FSTL4,ENSG00000053108,chr5,133186454,133622541,2834,0.36770765659493043,0.44270444904394185,0.39002948230044654,0.36582127199739434,0.40603774801413856,0.27435916806786886,0.25957225803602146,0.3103003995824537,0.32508730961430116
C5orf15,ENSG00000113583,chr5,133945509,133978674,163,0.18581729255718357,0.13922896019480235,0.13861768967680035,0.21500217011138156,0.18159065783743344,0.103140186401876,0.09580420495548675,0.04678654708767166,0.05412252853406091
VDAC1,ENSG00000213585,chr5,133961870,134014975,308,0.27829891595389844,0.18820419628705493,0.10381870592303662,0.270795181844913,0.16503902847477053,0.21251906560097888,0.1719683882695185,0.0,0.03653805543556257
TCF7,ENSG00000081059,chr5,134104680,134161865,326,0.4701267701040696,0.5665304784754617,0.4122301065378603,0.5924229133471118,0.4976166178319289,0.469815768865715,0.5225336231781889,0.36611802426941426,0.3134001699569403
SKP1,ENSG00000113558,chr5,134138934,134186964,251,0.39245620467999315,0.4639718316005367,0.43717986154575045,0.4620996421040657,0.5217682067674707,0.27355220492127447,0.2529953848531276,0.35001636138684694,0.3705731814549938
CTD-2410N18.5,ENSG00000272772,chr5,134157169,134236071,423,0.5397883746620091,0.6229609511239736,0.5337464880592433,0.641329279302672,0.6002500218347943,0.4942247917234455,0.5419205305105936,0.4811817272540089,0.4334859884668608
PPP2CA,ENSG00000113575,chr5,134184331,134236073,276,0.6123112364231056,0.6236785314646113,0.5303541477936091,0.7058702285496369,0.6174631587557877,0.5845437870494399,0.6200577137633005,0.3927677443120344,0.35725381759817376
CDKL3,ENSG00000006837,chr5,134276349,134381047,419,0.33190066684749225,0.29484109890890997,0.3223794375097674,0.32064862832879104,0.3027540236712496,0.1817413670399445,0.1876659439522963,0.16759074290823128,0.16166616599587944
UBE2B,ENSG00000119048,chr5,134361468,134402108,177,0.4611752421829185,0.35111848441354293,0.47057381856488756,0.4308713577041058,0.42330855641004234,0.20745424680842756,0.2228530068694098,0.22505089671829148,0.20965213665730925
CDKN2AIPNL,ENSG00000237190,chr5,134392064,134421881,122,0.45226138026495677,0.37813120213120216,0.29633562534276353,0.457085252005612,0.4676996491757517,0.362764722229074,0.22764086894516627,0.1122614221662444,0.2473852754501521
JADE2,ENSG00000043143,chr5,134514311,134593230,449,0.36098842044946367,0.49831765328140587,0.4190035686539858,0.4185336883372928,0.44217847032244906,0.29730508701701536,0.3241370851020702,0.392483048021248,0.36565104993619313
SAR1B,ENSG00000152700,chr5,134591148,134659271,267,0.44918723575898195,0.5766747219410475,0.5142535247766636,0.5155988684311471,0.5372729691165445,0.36695315393410327,0.4069191914926999,0.4926612626517439,0.4526952250931473
SEC24A,ENSG00000113615,chr5,134638784,134737909,383,0.4295686239904176,0.7493459345934594,0.7618891954429337,0.4132501171178278,0.775726940729723,0.25501238601363707,0.2109736024406177,1.1286691299349436,1.1727079135079632
CAMLG,ENSG00000164615,chr5,134728494,134762157,121,0.5107450688929295,0.7724953849313531,0.6886191386083601,0.353843521193585,0.7801839951093683,0.5143589336351785,0.2011669540467892,0.9662258211456813,1.2794178007340709
DDX46,ENSG00000145833,chr5,134748770,134865133,460,0.47015815984906106,0.6792031762113202,0.7022859313421349,0.39494120278091105,0.7098197639112324,0.28025114074312396,0.20106194941678956,0.8566961632037734,0.9358853545301078
C5orf24,ENSG00000181904,chr5,134835679,134869735,147,0.15997860386377977,0.6672691480308691,0.6435946770180759,0.02970885853255993,0.6812651883813806,0.1215313179775761,0.0,0.9788900501811054,1.1068290474753357
TXNDC15,ENSG00000113621,chr5,134864370,134911635,199,0.49687754259392153,0.6826160849604207,0.6535756356491599,0.4659928990535608,0.7197960414378326,0.38723703248567964,0.251375887168826,0.7604061169422875,0.8962672622591414
PCBD2,ENSG00000132570,chr5,134895119,135017959,544,0.4652907892653211,0.7932829614976005,0.7905050100857095,0.44962724476184435,0.7847513790683939,0.3196905707071377,0.3188011678113839,1.2567138139134157,1.2576032168091695
CATSPER3,ENSG00000152705,chr5,134957906,135021696,337,0.41504642068196723,0.8416194317443442,0.7952886913869253,0.397036921101561,0.7506009002398665,0.39641136287202805,0.479976470034554,1.4463431194086835,1.3627780122461575
PITX1,ENSG00000069011,chr5,135017733,135044813,155,0.29210543628284363,0.6206611129449457,0.6091048668532161,0.2614140229590806,0.600034430002971,0.18773473668515894,0.1779831321750182,0.7815905756433126,0.7913421801534531
MACROH2A1,ENSG00000113648,chr5,135323899,135409914,461,0.22376499668812214,0.1576510718669578,0.13214352718074743,0.2020152198588624,0.09656441205216644,0.14156599002993647,0.1478381188247051,0.02999495659299725,0.023722827798228638
DCANP1,ENSG00000251380,chr5,135434213,135457348,256,0.4144610100917612,0.4892523595085901,0.3348922500802721,0.35089859919832767,0.38048796501779325,0.3996479745770102,0.31261142334657754,0.2722316904118303,0.35926824164226295
TIFAB,ENSG00000255833,chr5,135434225,135462351,300,0.41664691707259266,0.5093989444733517,0.34347540882439903,0.394361868010302,0.42384671384792455,0.4151457562872032,0.33110753848211555,0.2969782393713341,0.38101645717642163
NEUROG1,ENSG00000181965,chr5,135524281,135545964,79,0.3306289059732664,0.40361777874322674,0.2721162337641346,0.35461604383279904,0.3520860546132038,0.3003381371949252,0.2603929866369641,0.21653536944026522,0.2564805199982264
CXCL14,ENSG00000145824,chr5,135560678,135589279,160,0.238589437215039,0.28139403074588865,0.32290117462261736,0.2136107903212158,0.24939783182480066,0.10654330928089367,0.14193301263150754,0.2238987882735383,0.18850908492292445
SLC25A48,ENSG00000145832,chr5,135569201,135899770,2137,0.37654338966751216,0.4777468462701687,0.41735191226545126,0.44037384352241404,0.43918216374426533,0.2909535243071501,0.3258649984909721,0.3586493155206305,0.3237378413368086
IL9,ENSG00000145839,chr5,135882245,135905841,156,0.2111756791113459,0.2332555212891449,0.26929501806021733,0.1856522892896825,0.29008482741223207,0.09453391907046127,0.06417986337622458,0.17106775784202854,0.20142181353626518
LECT2,ENSG00000145826,chr5,135912278,135964983,474,0.45549587627567,0.7091773541354507,0.7567562024019812,0.38270737267684024,0.7810877850368341,0.21461518445953864,0.09918464031481278,1.0204264775330105,1.1358570216777364
TGFBI,ENSG00000120708,chr5,136018987,136073818,338,0.49294690688692394,0.5097262416839335,0.4060233779146704,0.4979086372125858,0.4115464260009326,0.43550779851140475,0.4357536438080143,0.2772835549345078,0.2770377096378983
SMAD5,ENSG00000113658,chr5,136122844,136198747,485,0.3824529894917867,0.3392763423859324,0.10332812877639423,0.3796990348634242,0.10483329861870526,0.39367719298102255,0.3906123826275693,0.020742400713534143,0.0238072110669873
SMIM32,ENSG00000271824,chr5,136181467,136203162,155,0.3009590262805205,0.31066092043762944,0.05944918021899687,0.3266111466003645,0.07418801813015191,0.3343891600651468,0.34518510647779016,0.037632836069322745,0.02683688965667938
TRPC7,ENSG00000069018,chr5,136202744,136375545,920,0.35166102277363054,0.3374179353942574,0.31120616523729977,0.34178445961701714,0.3025527800001731,0.23606959374532094,0.23475262580698444,0.1755412639448228,0.17685823188315936
SPOCK1,ENSG00000152377,chr5,136965297,137608379,3788,0.4540913936787256,0.45393337564621405,0.4059194393960419,0.47695533982721267,0.42505593235337186,0.34478882404514893,0.3498100988721681,0.26022546401025654,0.2552041891832374
KLHL3,ENSG00000146021,chr5,137607499,137746089,630,0.46186360852256625,0.680181264304518,0.6257934618078927,0.40939161090917275,0.6185219304940527,0.3883483684926979,0.3514505426159748,0.7516525261412367,0.7885503520179598
HNRNPA0,ENSG00000177733,chr5,137735650,137764363,87,0.5915134223446082,0.6843201524404873,0.7793906391107351,0.5968122977031942,0.7250535251722497,0.2684806015836916,0.3851004726499091,0.8845461180198704,0.7679262469536527
MYOT,ENSG00000120729,chr5,137857857,137897851,156,0.1959479622429225,0.3969122137024993,0.2843699230451039,0.20067548675973013,0.2979340920517391,0.1945959503787177,0.18797639165312421,0.31109655988942986,0.31771611861502336
PKD2L2,ENSG00000078795,chr5,137877967,137952747,265,0.561891831748848,0.8184454340414913,0.7286292994785564,0.5064353698834994,0.7121944322556077,0.6136094884837634,0.5834151793346883,1.0925895430864285,1.1227838522355034
FAM13B,ENSG00000031003,chr5,137927959,138061961,481,0.6167152386791735,0.805784407588153,0.7689759810851992,0.5536703088039333,0.73387702700777,0.5662649519521885,0.5608435227186404,1.072521483912583,1.0779429131461309
WNT8A,ENSG00000061492,chr5,138073989,138102365,97,0.4571718329659709,0.6785245013627222,0.5744245078598155,0.48068596963283716,0.5301684129089493,0.44574174056444815,0.5173497422780856,0.6890922071704606,0.6174842054568231
NME5,ENSG00000112981,chr5,138105174,138149443,169,0.5653342389821285,0.6343324451177451,0.550096439528774,0.5348616586041653,0.5497285414946886,0.5202432789057256,0.4867732253195137,0.4857873994414619,0.5192574530276738
BRD8,ENSG00000112983,chr5,138129769,138188953,215,0.5207977562109272,0.47044378381592256,0.39514702817430375,0.4790580675832873,0.4186757562645693,0.4342893143555866,0.37269302480023686,0.20142663678981704,0.26302292634516683
KIF20A,ENSG00000112984,chr5,138168718,138197723,96,0.5508280871605963,0.5292546116971799,0.3554253976908018,0.5777478750861597,0.488273896937318,0.5573113910249347,0.47281242344566765,0.19612651695689076,0.28062548453615777
CDC23,ENSG00000094880,chr5,138177649,138223343,168,0.39466604057523674,0.3898116298116298,0.3390084006567966,0.3795382715615936,0.366437056622232,0.2909741959359147,0.25744149734925503,0.2030133699613877,0.23654606854804747
GFRA3,ENSG00000146013,chr5,138242379,138284621,153,0.3956337827782538,0.3932672171038424,0.37232818137184276,0.3732567312529144,0.34336124204271334,0.2687519623467278,0.2731319226309733,0.23091484837500714,0.22653488809076172
CDC25C,ENSG00000158402,chr5,138275268,138348355,255,0.3241322213293811,0.4386170556646565,0.3856118812994272,0.3247380026859999,0.3524240242066728,0.2409906882364603,0.26774368009911337,0.33636130787194224,0.3096083160092891
FAM53C,ENSG00000120709,chr5,138321934,138359729,127,0.317639256488213,0.522752089864159,0.5027290510218901,0.31635239744810506,0.5089189579492139,0.21164788722182365,0.20444289035582447,0.5280713081355664,0.5352763050015654
KDM3B,ENSG00000120733,chr5,138342684,138447028,324,0.3119144440378315,0.6410483866328403,0.5555485573675969,0.3028151392134173,0.5722333775807459,0.2937476525257135,0.26804742716188007,0.730820028759091,0.7565202541229243
REEP2,ENSG00000132563,chr5,138429056,138456969,104,0.3548901495106392,0.5674757038499728,0.5763270906278357,0.35434475733497917,0.5920564897837625,0.2088289411733657,0.18948990317248826,0.6292878369452266,0.648626874946104
EGR1,ENSG00000120738,chr5,138455478,138479303,115,0.24099382101080777,0.25107278476225053,0.14890435777345004,0.32816602125345523,0.2894437373257972,0.20181403404237547,0.17257517669020958,0.0872994420619849,0.11653829941415073
ETF1,ENSG00000120705,chr5,138496094,138553236,255,0.4439562024247294,0.723936550461179,0.6574079807172503,0.4160998301153581,0.697357895959764,0.40140888867118474,0.31497272820122646,0.8857156613809656,0.9721518218509237
HSPA9,ENSG00000113013,chr5,138543755,138585675,199,0.6031141616003232,0.8421128490255222,0.7606785640118298,0.559690056194797,0.7728498282769076,0.6700168128209399,0.592003593505034,1.1758579226598398,1.2538711419757458
CTNNA1,ENSG00000044115,chr5,138600966,138945034,1630,0.3915201083101997,0.6490586204551434,0.6220533016632814,0.4222109550916305,0.6053258918717701,0.28546269455728107,0.3329938165571483,0.7616733847504005,0.7141422627505333
LRRTM2,ENSG00000146006,chr5,138858920,138885368,107,0.2857674336464056,0.6507714973398355,0.42310166442932884,0.30662165123241875,0.5804991169954674,0.4192431296271584,0.27475932919268675,0.6327857059823287,0.7772695064168004
SIL1,ENSG00000120725,chr5,138936723,139303557,1508,0.4346315283349895,0.3763969183894422,0.25739293330775964,0.39650824247227384,0.23732414040678482,0.37246528859561,0.35317096746249055,0.09977591156893562,0.11907023270205508
MATR3,ENSG00000280987,chr5,139263751,139341671,250,0.5641890326785463,0.4217059751906427,0.5245418355614816,0.5060480239185275,0.39881427638983163,0.31737157696256635,0.37206922963154304,0.2303012692460461,0.17560361657706935
MATR3,ENSG00000015479,chr5,139283673,139341677,183,0.5183058860537512,0.38241160868426055,0.554357248091547,0.5264090126740729,0.47903547391672663,0.20207070451071335,0.28863548747354595,0.27986237238223516,0.19329758941940256
PAIP2,ENSG00000120727,chr5,139331586,139379720,166,0.42759429547581224,0.5303868949323075,0.651783086772011,0.48602576132730374,0.5518651061839134,0.12941184492257596,0.30938362422993754,0.6264342590617835,0.446462479754422
SLC23A1,ENSG00000170482,chr5,139357195,139394553,136,0.5382177475527578,0.6702575867116094,0.6339435392875127,0.5909303696318804,0.6582572466053794,0.43856880796573317,0.46480818956863545,0.6708746871487334,0.6446353055458313
MZB1,ENSG00000170476,chr5,139377466,139400081,91,0.6208315059057936,0.6953558655907792,0.610437506804442,0.6230389049786113,0.5391984602861292,0.6078272856900396,0.6947182104441305,0.5807836703223491,0.49389274556825813
PROB1,ENSG00000228672,chr5,139380591,139405104,90,0.5976036583730703,0.7093745522675927,0.6448595322135979,0.5591921712639694,0.5779677634618345,0.555397914907892,0.5960963225524754,0.6803220471491838,0.6396236395046004
SPATA24,ENSG00000170469,chr5,139386562,139414089,92,0.6277461411844545,0.6857395536144083,0.6032565265530666,0.6216244355496999,0.5754672944614699,0.6106235306576002,0.6363174891522299,0.5469096591295509,0.5212157006349214
DNAJC18,ENSG00000170464,chr5,139398587,139454491,140,0.46439763684303575,0.16733856846769582,0.4566093036472133,0.4302243698770303,0.44725933999832657,0.0987823569349765,0.0763872172347751,0.08434580724049945,0.10674094694070085
AC142391.3,ENSG00000279686,chr5,139432315,139472707,90,0.5247822518463954,0.4252047237307128,0.5315406308033029,0.5262812834941505,0.5808685835712863,0.26970879965566885,0.21565606808608168,0.28403254319766447,0.3380852747672517
ECSCR,ENSG00000249751,chr5,139438559,139472743,68,0.43516948774389724,0.5227564469073903,0.5817762160416112,0.4615258080799504,0.6078069061092504,0.21960963733417183,0.21137153015120624,0.5201186875825683,0.5283567947655339
SMIM33,ENSG00000283288,chr5,139461003,139483700,68,0.5666551489597658,0.776276450026997,0.6703730704190627,0.46501043173813483,0.685455321024471,0.611885902998729,0.4831115113308203,0.8854582382272405,1.0142326298951492
STING1,ENSG00000184584,chr5,139465532,139492935,78,0.4696859597082662,0.7110628448764044,0.6783961948378678,0.5087443605419356,0.738295480893191,0.3706985400602635,0.30589875278258594,0.8708475307762333,0.9356473180539111
UBE2D2,ENSG00000131508,chr5,139516430,139638434,435,0.33829561020922694,0.5228162664414655,0.49295053057797455,0.3717803509412943,0.5304801275886424,0.2368216665754625,0.22433721807229529,0.5030320100259794,0.5155164585291465
CXXC5,ENSG00000171604,chr5,139637298,139693882,249,0.3235933575215245,0.3746311084478277,0.2721447743000529,0.31711761134078886,0.38047898047898043,0.2713606510919718,0.18601878030018806,0.19805292578543077,0.28339479657721456
PSD2,ENSG00000146005,chr5,139785807,139854466,324,0.27319621925972487,0.30693696758772676,0.21996966476651225,0.25103075287540466,0.2268195824476412,0.21865529995568792,0.19922441224359966,0.14797902811091326,0.1674099158230015
NRG2,ENSG00000158458,chr5,139836778,140053299,955,0.2609977096348601,0.29329335992127914,0.2085169873386071,0.2992373013961627,0.26531508539319454,0.20787351604837043,0.19720602189880523,0.13926611938648917,0.14993361353605433
PURA,ENSG00000185129,chr5,140097776,140135619,99,0.15991412244633668,0.14442008949887294,0.11206466848815853,0.08961447258907958,0.10620871296881193,0.10568528786694023,0.06878995199690774,0.05029049419531409,0.08718583006534658
IGIP,ENSG00000182700,chr5,140115936,140139392,59,0.3475360871396247,0.41761727333524407,0.3768737178933389,0.18236078848989026,0.46487337844842075,0.24731040398826298,0.058354829266389685,0.2933170374372961,0.4822726121591694
CYSTM1,ENSG00000120306,chr5,140165155,140292052,544,0.3812214779830572,0.3991344251058241,0.2938145012313493,0.3570289307052267,0.3414474564677542,0.3207572893145548,0.2666643096904648,0.18862674921130104,0.242719728835391
PFDN1,ENSG00000113068,chr5,140235034,140313113,323,0.40399271153651084,0.45037300225575166,0.3915903464254714,0.29123721107119166,0.3170623309358049,0.30955547410056516,0.28069905620472774,0.28895994264670155,0.31781636054253903
HBEGF,ENSG00000113070,chr5,140322842,140356603,155,0.4302484378415096,0.3834600479389741,0.30764273033806716,0.37772206986144696,0.23226410518941637,0.3392669259549572,0.34684555745855067,0.1443652278817551,0.13678659637816154
SLC4A9,ENSG00000113073,chr5,140350193,140385141,102,0.43782813380315316,0.380909448490411,0.40041703022526615,0.4094123610557949,0.3755263933274406,0.2719652392641608,0.26764737816651535,0.2075384909639278,0.21185635206157322
ANKHD1,ENSG00000131503,chr5,140391813,140549856,447,0.4745478577208412,0.38144199878440566,0.4407617681516235,0.4294895081403254,0.36309050667081044,0.27134037819399287,0.2952301586688841,0.20902393612428755,0.18513415564939634
ANKHD1-EIF4EBP3,ENSG00000254996,chr5,140391907,140559569,492,0.475557343872931,0.3690295185798541,0.4321210753259733,0.42114526205654607,0.3529512254682546,0.270034171036242,0.2859331568940473,0.190462027132613,0.17456304127480776
SRA1,ENSG00000213523,chr5,140527339,140567677,148,0.5625040822505375,0.47069550369948765,0.4136718767651298,0.45802487898808364,0.358235353862026,0.4645018002922969,0.4025964744158869,0.17168960505655223,0.2335949309329623
EIF4EBP3,ENSG00000243056,chr5,140537661,140559576,81,0.5459312825748937,0.45467784817185275,0.3885878597632329,0.4402406701261737,0.3119455973833749,0.4519506369202462,0.40636976989413853,0.15442791776013265,0.20000878478624046
APBB3,ENSG00000113108,chr5,140548267,140574781,125,0.4662382394343549,0.4398257638146834,0.39957393125438906,0.38190888316584864,0.419802824912314,0.348598663616944,0.25811976279185317,0.23090874398357158,0.32138764480866255
SLC35A4,ENSG00000176087,chr5,140554445,140579100,115,0.4416800915558042,0.46807986131515555,0.5170349743911995,0.4401259309843452,0.3428496040686262,0.24313702286075384,0.39573146995282604,0.38812489330221306,0.23553044621014085
CD14,ENSG00000170458,chr5,140621727,140643701,104,0.1804078947383857,0.5898127669933175,0.4864255711830277,0.28325239703052574,0.40491972201164794,0.2118648683857079,0.3525570573171933,0.6792766892682427,0.5385845003367574
NDUFA2,ENSG00000131495,chr5,140628739,140657771,131,0.29092603331507244,0.7386878528685892,0.5620484674878136,0.2729244097811195,0.6076758708090668,0.4300940108339279,0.3625487654385035,0.9119456094024465,0.9794908547978708
TMCO6,ENSG00000113119,chr5,140629434,140655408,118,0.24037792663026508,0.7321717867187436,0.5813211241217031,0.29511057597674817,0.6057653395596605,0.3608463407812374,0.3681574354718462,0.9565631584345029,0.9492520637438941
IK,ENSG00000113141,chr5,140637057,140672480,191,0.2933191460943343,0.7318215146606314,0.5477984801894521,0.3145934896100586,0.6213833160503743,0.43482564787887984,0.3613073636465631,0.8812768821931019,0.9547951664254187
WDR55,ENSG00000120314,chr5,140654867,140684124,153,0.3148513893375155,0.727711634943423,0.5362230285934901,0.34534867446602996,0.6338634734931259,0.455330807804516,0.35989856461717684,0.8455628008111693,0.9409950439985084
DND1,ENSG00000256453,chr5,140660793,140683576,126,0.3154595539224594,0.7278654040803796,0.5584239027286945,0.3153222493187139,0.5255924389994943,0.4315305657992416,0.4672884960562083,0.869927931339036,0.8341700010820694
HARS1,ENSG00000170445,chr5,140663034,140701537,149,0.3575190333170357,0.7293484367920252,0.5992382655007492,0.3441416552889994,0.5531647693583697,0.4174764549584992,0.4615840587176649,0.8894465750427589,0.8453389712835934
HARS2,ENSG00000112855,chr5,140681429,140709305,50,0.34267600848955315,0.7628419280000717,0.5451963311975841,0.30726052306839247,0.5994590172658095,0.5353585918527328,0.4455952432808352,0.9036697978563893,0.9934331464282871
ZMAT2,ENSG00000146007,chr5,140688679,140716686,12,0.2875605327802817,0.7639939626146521,0.3567490799433532,0.35498580436245064,0.5174986471861472,0.67086891169144,0.57680464569143,0.7730289804509999,0.8670932464510099
PCDHA1,ENSG00000204970,chr5,140776135,141022347,814,0.30230106507756754,0.4138675612130451,0.2786148443552349,0.3143350043892596,0.32808040962704216,0.28379750845221874,0.25697951125447094,0.25041200173223754,0.27722999892998534
PCDHA2,ENSG00000204969,chr5,140784851,141022347,814,0.30230106507756754,0.4138675612130451,0.2786148443552349,0.3143350043892596,0.32808040962704216,0.28379750845221874,0.25697951125447094,0.25041200173223754,0.27722999892998534
PCDHA3,ENSG00000255408,chr5,140791027,141022347,814,0.30230106507756754,0.4138675612130451,0.2786148443552349,0.3143350043892596,0.32808040962704216,0.28379750845221874,0.25697951125447094,0.25041200173223754,0.27722999892998534
PCDHA4,ENSG00000204967,chr5,140796928,141022347,814,0.30230106507756754,0.4138675612130451,0.2786148443552349,0.3143350043892596,0.32808040962704216,0.28379750845221874,0.25697951125447094,0.25041200173223754,0.27722999892998534
PCDHA5,ENSG00000204965,chr5,140811603,141022347,814,0.30230106507756754,0.4138675612130451,0.2786148443552349,0.3143350043892596,0.32808040962704216,0.28379750845221874,0.25697951125447094,0.25041200173223754,0.27722999892998534
PCDHA6,ENSG00000081842,chr5,140817957,141022347,814,0.30230106507756754,0.4138675612130451,0.2786148443552349,0.3143350043892596,0.32808040962704216,0.28379750845221874,0.25697951125447094,0.25041200173223754,0.27722999892998534
PCDHA7,ENSG00000204963,chr5,140824247,141022347,814,0.30230106507756754,0.4138675612130451,0.2786148443552349,0.3143350043892596,0.32808040962704216,0.28379750845221874,0.25697951125447094,0.25041200173223754,0.27722999892998534
PCDHA8,ENSG00000204962,chr5,140831186,141022347,814,0.30230106507756754,0.4138675612130451,0.2786148443552349,0.3143350043892596,0.32808040962704216,0.28379750845221874,0.25697951125447094,0.25041200173223754,0.27722999892998534
PCDHA9,ENSG00000204961,chr5,140837771,141022347,814,0.30230106507756754,0.4138675612130451,0.2786148443552349,0.3143350043892596,0.32808040962704216,0.28379750845221874,0.25697951125447094,0.25041200173223754,0.27722999892998534
PCDHA10,ENSG00000250120,chr5,140845882,141022347,814,0.30230106507756754,0.4138675612130451,0.2786148443552349,0.3143350043892596,0.32808040962704216,0.28379750845221874,0.25697951125447094,0.25041200173223754,0.27722999892998534
PCDHA11,ENSG00000249158,chr5,140858182,141022347,814,0.30230106507756754,0.4138675612130451,0.2786148443552349,0.3143350043892596,0.32808040962704216,0.28379750845221874,0.25697951125447094,0.25041200173223754,0.27722999892998534
PCDHA12,ENSG00000251664,chr5,140865301,141022347,814,0.30230106507756754,0.4138675612130451,0.2786148443552349,0.3143350043892596,0.32808040962704216,0.28379750845221874,0.25697951125447094,0.25041200173223754,0.27722999892998534
PCDHA13,ENSG00000239389,chr5,140872123,141022347,814,0.30230106507756754,0.4138675612130451,0.2786148443552349,0.3143350043892596,0.32808040962704216,0.28379750845221874,0.25697951125447094,0.25041200173223754,0.27722999892998534
PCDHAC1,ENSG00000248383,chr5,140916298,141022347,576,0.3686212663639684,0.30033433970703344,0.22530677020457934,0.3932219559879285,0.2413532349294558,0.2808569551952753,0.2902629482553986,0.07629573099702155,0.06688973793689823
PCDHAC2,ENSG00000243232,chr5,140956469,141022347,289,0.29877571051357465,0.37520656629792354,0.23895370058271287,0.2777684136655619,0.23957658393667067,0.2761002969323735,0.26093187516824556,0.19423389301921035,0.2094023147833383
PCDHB1,ENSG00000171815,chr5,141041373,141069346,109,0.4333839248541397,0.43865527179435926,0.3426006231245071,0.3735235067857537,0.3910099409307017,0.36301491426583476,0.27455538239233357,0.21440515913442082,0.302864691007922
PCDHB2,ENSG00000112852,chr5,141084605,141108703,86,0.1832533645642513,0.19331943286071718,0.1098922704344607,0.15951624707259957,0.09112939910474198,0.15042054274762115,0.14652631251802298,0.06440697390951607,0.06830120413911427
PCDHB3,ENSG00000113205,chr5,141090472,141113827,67,0.24858978173868732,0.22714857009997674,0.13323077450557388,0.20500888681063592,0.12492446448046854,0.20024474082928123,0.17682386047328552,0.057423707391235784,0.08084458774723152
PCDHB4,ENSG00000081818,chr5,141111817,141135623,65,0.16249133513610883,0.09161185020941118,0.1056763875534208,0.059552863720897846,0.058311875482968734,0.08085979825235023,0.04870110833635202,0.015223715728134316,0.04738240564413254
PCDHB5,ENSG00000113209,chr5,141125205,141148615,91,0.2658237138837735,0.12996482981631494,0.19249914901336682,0.2101171529440804,0.14917696744528336,0.11720829000171329,0.10677057882869458,0.02201335265039428,0.032451063823412965
PCDHB6,ENSG00000113211,chr5,141140056,141163287,68,0.25331240483382017,0.32186165852963183,0.27205705962911025,0.21479972206502818,0.15069516531458374,0.18148987493704108,0.2334416626713754,0.2069140934521176,0.1549623057177833
PCDHB7,ENSG00000113212,chr5,141162643,141186383,0,,,,,,,,,
PCDHB8,ENSG00000120322,chr5,141167789,141190539,0,,,,,,,,,
PCDHB16,ENSG00000272674,chr5,141172386,141196226,0,,,,,,,,,
PCDHB9,ENSG00000177839,chr5,141177126,141201541,0,,,,,,,,,
PCDHB10,ENSG00000120324,chr5,141182352,141205647,0,,,,,,,,,
PCDHB11,ENSG00000197479,chr5,141189609,141213779,0,,,,,,,,,
PCDHB12,ENSG00000120328,chr5,141198696,141222571,0,,,,,,,,,
PCDHB13,ENSG00000187372,chr5,141203918,141228979,0,,,,,,,,,
PCDHB14,ENSG00000120327,chr5,141213342,141237759,0,,,,,,,,,
CH17-140K24.8,ENSG00000279983,chr5,141213371,141255861,53,0.2278024141400535,0.16711133069828724,0.16424809049746159,0.18085758067182217,0.1107717996289425,0.13097332430469594,0.13247561452055379,0.0518819717406592,0.050379681524801406
PCDHB15,ENSG00000113248,chr5,141235394,141259365,69,0.22467339984623877,0.19742211639311735,0.13423739144826957,0.1878734476372271,0.11622810935053028,0.1651263821193221,0.1522345919347285,0.05479999534427957,0.06769178552887314
TAF7,ENSG00000178913,chr5,141250224,141330784,417,0.2602520376684172,0.3301214922978881,0.23383818218646193,0.2667987729263787,0.22487099515997844,0.21787138796366456,0.2281340993179165,0.1827875268639498,0.17252481550969792
SLC25A2,ENSG00000120329,chr5,141292634,141314049,120,0.155738436787391,0.31172206621824583,0.22337005468457413,0.22537385652727873,0.18769117360102341,0.1450320847822484,0.21053131379642664,0.22853046432188706,0.1630312353077088
PCDHGA1,ENSG00000204956,chr5,141320513,141522975,485,0.28629576227877934,0.3778191087152718,0.30364558885157905,0.27800199844193874,0.283989533076115,0.22495725251736692,0.23309841051050392,0.24956715400494098,0.24142599601180395
PCDHGA2,ENSG00000081853,chr5,141328759,141522975,450,0.2648681403427884,0.3608839575946846,0.3151431481217501,0.3019120860012562,0.2779722748130796,0.18841459906529814,0.2406938668281206,0.25925464201827125,0.20697537425544885
PCDHGA3,ENSG00000254245,chr5,141333828,141522975,434,0.28300037361100444,0.3108394588147472,0.2801957256918673,0.25071654032323365,0.26247501834622694,0.18809252166374776,0.178231813672675,0.18418850737204276,0.1940492153631155
PCDHGB1,ENSG00000254221,chr5,141340098,141522975,434,0.28300037361100444,0.3108394588147472,0.2801957256918673,0.25071654032323365,0.26247501834622694,0.18809252166374776,0.178231813672675,0.18418850737204276,0.1940492153631155
PCDHGA4,ENSG00000262576,chr5,141345020,141522975,434,0.28300037361100444,0.3108394588147472,0.2801957256918673,0.25071654032323365,0.26247501834622694,0.18809252166374776,0.178231813672675,0.18418850737204276,0.1940492153631155
PCDHGB2,ENSG00000253910,chr5,141349993,141522975,434,0.28300037361100444,0.3108394588147472,0.2801957256918673,0.25071654032323365,0.26247501834622694,0.18809252166374776,0.178231813672675,0.18418850737204276,0.1940492153631155
PCDHGA5,ENSG00000253485,chr5,141354161,141522975,434,0.28300037361100444,0.3108394588147472,0.2801957256918673,0.25071654032323365,0.26247501834622694,0.18809252166374776,0.178231813672675,0.18418850737204276,0.1940492153631155
PCDHGB3,ENSG00000262209,chr5,141360241,141522975,434,0.28300037361100444,0.3108394588147472,0.2801957256918673,0.25071654032323365,0.26247501834622694,0.18809252166374776,0.178231813672675,0.18418850737204276,0.1940492153631155
PCDHGA6,ENSG00000253731,chr5,141363890,141522975,434,0.28300037361100444,0.3108394588147472,0.2801957256918673,0.25071654032323365,0.26247501834622694,0.18809252166374776,0.178231813672675,0.18418850737204276,0.1940492153631155
PCDHGA7,ENSG00000253537,chr5,141372738,141522975,434,0.28300037361100444,0.3108394588147472,0.2801957256918673,0.25071654032323365,0.26247501834622694,0.18809252166374776,0.178231813672675,0.18418850737204276,0.1940492153631155
PCDHGB4,ENSG00000253953,chr5,141377697,141522975,434,0.28300037361100444,0.3108394588147472,0.2801957256918673,0.25071654032323365,0.26247501834622694,0.18809252166374776,0.178231813672675,0.18418850737204276,0.1940492153631155
PCDHGA8,ENSG00000253767,chr5,141380156,141522975,434,0.28300037361100444,0.3108394588147472,0.2801957256918673,0.25071654032323365,0.26247501834622694,0.18809252166374776,0.178231813672675,0.18418850737204276,0.1940492153631155
PCDHGB5,ENSG00000276547,chr5,141387946,141522975,434,0.28300037361100444,0.3108394588147472,0.2801957256918673,0.25071654032323365,0.26247501834622694,0.18809252166374776,0.178231813672675,0.18418850737204276,0.1940492153631155
PCDHGA9,ENSG00000261934,chr5,141392777,141522975,434,0.28300037361100444,0.3108394588147472,0.2801957256918673,0.25071654032323365,0.26247501834622694,0.18809252166374776,0.178231813672675,0.18418850737204276,0.1940492153631155
PCDHGB6,ENSG00000253305,chr5,141398020,141522979,434,0.28300037361100444,0.3108394588147472,0.2801957256918673,0.25071654032323365,0.26247501834622694,0.18809252166374776,0.178231813672675,0.18418850737204276,0.1940492153631155
PCDHGA10,ENSG00000253846,chr5,141402986,141522975,434,0.28300037361100444,0.3108394588147472,0.2801957256918673,0.25071654032323365,0.26247501834622694,0.18809252166374776,0.178231813672675,0.18418850737204276,0.1940492153631155
PCDHGB7,ENSG00000254122,chr5,141407644,141522975,434,0.28300037361100444,0.3108394588147472,0.2801957256918673,0.25071654032323365,0.26247501834622694,0.18809252166374776,0.178231813672675,0.18418850737204276,0.1940492153631155
PCDHGA11,ENSG00000253873,chr5,141411046,141522975,434,0.28300037361100444,0.3108394588147472,0.2801957256918673,0.25071654032323365,0.26247501834622694,0.18809252166374776,0.178231813672675,0.18418850737204276,0.1940492153631155
PCDHGA12,ENSG00000253159,chr5,141420506,141522975,434,0.28300037361100444,0.3108394588147472,0.2801957256918673,0.25071654032323365,0.26247501834622694,0.18809252166374776,0.178231813672675,0.18418850737204276,0.1940492153631155
PCDHGC3,ENSG00000240184,chr5,141465946,141522977,284,0.18395052621057847,0.36331224514961324,0.3371511650496579,0.2481461235127862,0.31570524097285035,0.12177395209635838,0.1786613457585228,0.3297019722601061,0.27281457859794167
PCDHGC4,ENSG00000242419,chr5,141474996,141522975,231,0.33926479186615655,0.39949305139969404,0.3735420768109553,0.3343355226504791,0.35420936009015086,0.22835475489400184,0.239835337383189,0.2816263112773328,0.2701457287881457
PCDHGC5,ENSG00000240764,chr5,141479080,141522975,220,0.3179375917505786,0.4117944252004993,0.4084722015943303,0.32987965361777105,0.3431628865169447,0.19413314629939293,0.25532876026060003,0.3365456288799478,0.2753500149187408
DIAPH1,ENSG00000131504,chr5,141505015,141629055,574,0.2542521941197068,0.44634273118713846,0.4317891602593094,0.31483339162925045,0.4256961087157626,0.15965724868744097,0.20735304149438505,0.43155218334150036,0.38385639053455634
HDAC3,ENSG00000171720,chr5,141610875,141646849,169,0.23664351080608864,0.5246942448433808,0.44815540051187625,0.2546579488019097,0.49188016284790476,0.2096691641654213,0.18033553224546228,0.5341278227983165,0.5634614547182755
RELL2,ENSG00000164620,chr5,141626949,141651064,125,0.27514614798422893,0.47205027112003856,0.4143288108017762,0.30260988277354206,0.4496138907977488,0.21277134033406797,0.2010146478320894,0.42598286992922907,0.4377395624312077
FCHSD1,ENSG00000197948,chr5,141629301,141661418,183,0.274086576284467,0.48119804571280733,0.43444196718420797,0.3010471846471277,0.3631891099204205,0.20330760769963208,0.2815612791826583,0.4529254519097769,0.37467178042675076
ARAP3,ENSG00000120318,chr5,141643400,141692230,283,0.3311450103375328,0.4685646212832142,0.4203913260247424,0.3561967191069775,0.401075449504285,0.24447978372426282,0.2799580437632593,0.38769388771472846,0.3522156276757319
PCDH1,ENSG00000156453,chr5,141843089,141889246,159,0.47017754784525007,0.5617720355970346,0.5183490415483196,0.4222833296860026,0.452240474757031,0.36484689098779194,0.3858844233470135,0.46016914634026373,0.4391316139810423
DELE1,ENSG00000081791,chr5,141913854,141952047,274,0.36791399766106264,0.3204212485568419,0.2692997536671352,0.3655747949881668,0.2823646432251066,0.26563000365992195,0.2547621681688017,0.12065215228287002,0.13151998777399024
PCDH12,ENSG00000113555,chr5,141933580,141979741,281,0.5311032360599673,0.4025925415960408,0.43525084383582857,0.476795629714785,0.384777732882419,0.3505774624948262,0.33858367393267386,0.1645784260092829,0.17657221457143535
RNF14,ENSG00000013561,chr5,141948327,142000292,331,0.7000144668167112,0.512626979686901,0.4554628231057406,0.6068474258136847,0.4159296820110903,0.6574637300104796,0.5572745553555107,0.06126176361487545,0.16145093826984414
GNPDA1,ENSG00000113552,chr5,141981748,142023041,294,0.667370260526357,0.5358715286100888,0.4544228100332616,0.5668601864314043,0.40573714264539573,0.6312041037989279,0.5419275292007647,0.13638978328509388,0.22566635788325706
NDFIP1,ENSG00000131507,chr5,142098778,142164440,452,0.5478305880228189,0.49561702497886767,0.36495278919592206,0.5147034365869977,0.34560192945801554,0.5120309286877038,0.4916875451094579,0.1723884997052459,0.192731883283492
SPRY4,ENSG00000187678,chr5,142300426,142336455,243,0.4413216436653287,0.5473258941424337,0.5431483989832511,0.3752340424458517,0.49785251841862,0.29568376152239173,0.28704978919081614,0.4968990639964627,0.5055330363280384
FGF1,ENSG00000113578,chr5,142582177,142708070,896,0.2914227175861121,0.48655695034828306,0.4077843469428259,0.31705813380891584,0.3970246932969785,0.24361393862755448,0.27104133328901686,0.42300222336491944,0.39557482870345706
ARHGAP26,ENSG00000145819,chr5,142760376,143239011,3160,0.40756555764456914,0.5116820576835817,0.44368721456149735,0.3981319064045502,0.4594305273563713,0.3269395214359078,0.3046867096578408,0.38984904270063775,0.4121018544787048
NR3C1,ENSG00000113580,chr5,143267930,143445512,732,0.3582282640991306,0.5946391882319967,0.5304083730810054,0.34942971680536045,0.512152930295364,0.2953042322175829,0.3075651766103568,0.6076734830135406,0.5954125386207667
HMHB1,ENSG00000158497,chr5,143802160,143830716,161,0.24542444340193859,0.042939147573293916,0.16819696507672968,0.23374299472491084,0.17037120681556908,0.07066428217217269,0.061674518514227394,0.0,0.0
YIPF5,ENSG00000145817,chr5,144148161,144180714,207,0.33749800587538803,0.2942631803190734,0.22163655916487432,0.3280450685903035,0.22270056768676824,0.2548414412449717,0.2470736308140503,0.09367144639832434,0.10143925682924573
KCTD16,ENSG00000183775,chr5,144160872,144495686,1909,0.33190603190022705,0.4930618765958727,0.4718245196502813,0.27944997246770914,0.41331753254264114,0.2221830352965138,0.23691760603983453,0.45718329211028075,0.44244872136695984
PRELID2,ENSG00000186314,chr5,145461798,145845369,2795,0.3675412144637063,0.5916696197423449,0.49788787572966636,0.39882934042034374,0.5152095222331767,0.33244353466018167,0.34025830805911844,0.563235142059458,0.5554203686605214
GRXCR2,ENSG00000204928,chr5,145848520,145947126,663,0.3463848409921079,0.6348863895092824,0.5955418539440197,0.31437583043389,0.5850103670466456,0.26378811808569774,0.2527353157374208,0.7437585941273913,0.7548113964756682
SH3RF2,ENSG00000156463,chr5,145926577,146091791,1100,0.37022892654336265,0.468135775824253,0.47825983393125937,0.34531714566013727,0.4383249416296627,0.22159017992494023,0.23906980406264527,0.4097768600038972,0.39229723586619203
PLAC8L1,ENSG00000173261,chr5,146074312,146115577,220,0.20801862758252543,0.15955675180811132,0.11383662786916462,0.28352164721554557,0.13708272367235416,0.14309465228308416,0.17989832304145492,0.030731197615023617,0.0
LARS1,ENSG00000133706,chr5,146100565,146192696,563,0.44401136160021093,0.4764096350732545,0.3926354777293884,0.4014380738486951,0.32393090934699914,0.3677134644672988,0.38440546703274614,0.27933218223980005,0.26264017967435266
RP11-449H3.3,ENSG00000275740,chr5,146193549,146349251,823,0.25170871785958077,0.20304839062204028,0.16034363656932263,0.2583088050203616,0.1760888968242268,0.17108085909095028,0.16604549016184664,0.05588045890666979,0.06091582783577337
RBM27,ENSG00000091009,chr5,146193604,146299223,487,0.24809463834063952,0.22888461455787726,0.15266780798722349,0.26237896313837444,0.18319752958596486,0.18969980435195194,0.18094217928728434,0.07021745540035446,0.07897508046502208
POU4F3,ENSG00000091010,chr5,146328838,146351728,169,0.19674144476894978,0.11970183114568142,0.05851217305536103,0.20573178101771508,0.09064068364380105,0.1431396852665749,0.13140684638130526,0.0,0.0
TCERG1,ENSG00000113649,chr5,146437310,146521961,465,0.4570442820953648,0.666609343993924,0.5177578741535462,0.4095003670540366,0.5657203487606652,0.4899294466748183,0.39558000284080524,0.608510888759868,0.7028603325938811
GPR151,ENSG00000173250,chr5,146503143,146526190,115,0.5474862225824618,0.6210498814649958,0.5723152961791875,0.46241960186203057,0.5588279303788818,0.45695936835319223,0.38635367453565933,0.5133913275724225,0.5839970213899552
PPP2R2B,ENSG00000156475,chr5,146570741,147094784,3219,0.44041904332092446,0.4207883126514634,0.4303057493283655,0.47984239950388685,0.4675150671891323,0.2819994311445745,0.2847550090697892,0.2640878285363908,0.26133225061117604
STK32A,ENSG00000169302,chr5,147224962,147397855,1226,0.31567616874599,0.31278553879520843,0.26664021205630845,0.3151638256467621,0.2557306040803435,0.2221570231375915,0.22916613866220795,0.1529518417335288,0.1459427262089124
DPYSL3,ENSG00000113657,chr5,147380807,147520068,724,0.2516018900946477,0.4030665049250678,0.36475869572828007,0.3062522577261971,0.3674763614411617,0.17600971744100946,0.21177937638644412,0.339939852888255,0.30417019394282035
JAKMIP2,ENSG00000176049,chr5,147575437,147792775,1332,0.402875992103551,0.44243314376947845,0.3935430732652889,0.43286226342413053,0.4995327414850608,0.2998408787849799,0.2295564222667008,0.2843319825631655,0.35461643908144463
SPINK1,ENSG00000164266,chr5,147814571,147841671,144,0.5096827447823755,0.49202112913497925,0.43597350503454346,0.3644725236865262,0.3805952380952381,0.40868200555845846,0.32580952752955417,0.2686334194955928,0.351505897524497
SCGB3A2,ENSG00000164265,chr5,147860681,147892191,223,0.3483090794839747,0.2609969217926645,0.19470768162289115,0.2769964096268079,0.1611737412449156,0.25704406567715987,0.2255213041358776,0.045409126996931504,0.07693188853821376
C5orf46,ENSG00000178776,chr5,147870725,147916538,384,0.29442923503167884,0.2265648686001039,0.2044528678900678,0.28564696524284583,0.1850698913286612,0.18846824984421345,0.1943192714872304,0.06844522637796063,0.06259420473494376
SPINK5,ENSG00000133710,chr5,148015682,148147382,1074,0.48759911304276143,0.659906338379239,0.6064565465978923,0.39864902340517144,0.572846716819916,0.40730920633318357,0.3682491990040543,0.6712250176199355,0.7102850249490651
SPINK14,ENSG00000196800,chr5,148159732,148185398,147,0.25762067846244496,0.25178926362903536,0.14662462582697475,0.3147023663648585,0.3532247488194624,0.2147048971099929,0.11610811275491201,0.07536571046072588,0.17396249481580678
SPINK6,ENSG00000178172,chr5,148192793,148225137,276,0.4041254478518077,0.6948780822320813,0.5220068150906158,0.3262619246110923,0.6144106969988086,0.4833050823996069,0.3144876249153664,0.7037387694594068,0.8725562269436473
MARCOL,ENSG00000248109,chr5,148211649,148253580,294,0.7660623254297889,0.8722922729976369,0.7034951630882403,0.8312695543334446,0.6728086302006445,1.14750990426325,1.3601268958526798,0.9105011044870036,0.6978841128975742
SPINK13,ENSG00000214510,chr5,148258179,148296255,280,0.4928344397086513,0.3739764590732899,0.33994684958664817,0.5240665345415063,0.4294838499921692,0.36592508339919927,0.3248153573392002,0.10244221987566804,0.143551945935667
SPINK7,ENSG00000145879,chr5,148302418,148325922,143,0.2984182179504285,0.3735336567777514,0.24436547619121685,0.319612687162912,0.2971692971131505,0.2709402893721117,0.25005702807825947,0.19671993862878986,0.21760319992264204
SPINK9,ENSG00000204909,chr5,148311202,148349852,202,0.34037537969585807,0.39997039570461906,0.2675891924132476,0.2949828643168943,0.31456761946786577,0.30772346873984496,0.2413020138138144,0.20305281575104614,0.26947427067707663
FBXO38,ENSG00000145868,chr5,148373934,148452836,424,0.35655005568697357,0.37313957109747137,0.3315132630234295,0.3420525028193096,0.2882729332074694,0.25260184176731737,0.27280036635067534,0.2144295227926488,0.19423099820929085
HTR4,ENSG00000164270,chr5,148441031,148687235,1433,0.31343996195102014,0.30195480809974834,0.24952957523975844,0.2707788023012837,0.2165195466071695,0.22423899986274912,0.215620217483742,0.13523243361010479,0.14385121598911194
ADRB2,ENSG00000169252,chr5,148816610,148838623,190,0.32943057802606035,0.5096114473010455,0.4036794135458394,0.35884686481829925,0.38737061586519256,0.2976042108101811,0.333524534051445,0.414953026605936,0.3790327033646722
SH3TC2,ENSG00000169247,chr5,148913638,149073163,1043,0.34689281139122835,0.30895929195170546,0.26088006930299507,0.34088306836517096,0.24595067889657862,0.2466377385021346,0.2520566834394752,0.12291880665553137,0.11749986171819074
ABLIM3,ENSG00000173210,chr5,149131482,149270542,946,0.31566981322342647,0.3799582733261416,0.32200027284885135,0.35309442679653497,0.3368535615148211,0.2343374286386606,0.251382001092211,0.24363107348208737,0.226586501028537
AFAP1L1,ENSG00000157510,chr5,149261858,149353637,492,0.5499074301604195,0.5089269014227408,0.5433829458907556,0.5071642533302614,0.41311200179333046,0.3627770482906878,0.4429101678709565,0.3483852370385722,0.26825211745830363
GRPEL2,ENSG00000164284,chr5,149335429,149364583,121,0.3260065685947261,0.33479824847103096,0.2805738460907654,0.41984062998607163,0.25416932010920623,0.23644920958793855,0.3294303303421351,0.17121568899264922,0.0782345682384527
PCYOX1L,ENSG00000145882,chr5,149348036,149379653,142,0.35102322630925525,0.46896001903855317,0.3643835403203001,0.4448406574318178,0.3881682475827975,0.30605818462683887,0.3650600604804466,0.3268597822350827,0.26785790638147505
IL17B,ENSG00000127743,chr5,149361323,149414202,346,0.367840922054107,0.46712700141301855,0.30622573546736065,0.3765521615781061,0.332957611139379,0.36123886602396643,0.3485303264396347,0.26823329375696625,0.2809418333412979
CSNK1A1,ENSG00000113712,chr5,149482981,149561471,374,0.3570677574679043,0.45244137530936973,0.36264990827514165,0.2945522098257672,0.36493334643768055,0.2967827517558279,0.24859147051910271,0.3055029942074805,0.35369427544420573
ARHGEF37,ENSG00000183111,chr5,149541946,149644968,660,0.3472660634970181,0.3745787923856169,0.31957218138165516,0.33250226342014283,0.31388448397199287,0.2554410355512445,0.24841996446856188,0.21388888850179355,0.22090995958447615
PPARGC1B,ENSG00000155846,chr5,149720297,149865022,948,0.3529472233726096,0.39250178166526534,0.36635834046630467,0.3666170712480307,0.3607968170386334,0.23873088147553237,0.25377661430958,0.2596751550785316,0.24462942224448403
PDE6A,ENSG00000132915,chr5,149847952,149954793,720,0.31786518694493043,0.44837524715871824,0.39522231569540045,0.3965539576428087,0.4175377914158831,0.23726043728915314,0.2797474680672969,0.35762682215905994,0.31513979138091613
SLC26A2,ENSG00000155850,chr5,149950757,150003455,232,0.39705766639071627,0.39714213923169145,0.30444298680588355,0.3917936466297475,0.34149230475270703,0.3244826264485309,0.29276790796270524,0.18159120371166593,0.21330592219749148
TIGD6,ENSG00000164296,chr5,149983117,150010654,128,0.3509566990596737,0.3207419868094725,0.3365669013058831,0.421457081646677,0.27566723615169225,0.204341408728909,0.3057462030437729,0.18241282490111535,0.08100803058625144
HMGXB3,ENSG00000113716,chr5,149990045,150063142,420,0.44259659352805664,0.41304580392214935,0.35225747592478673,0.5347923918844201,0.35187989104870304,0.34150627217167717,0.43220037510563136,0.19130222055867446,0.10060811762472022
CSF1R,ENSG00000182578,chr5,150043290,150123372,554,0.38692394054394985,0.4199689466348649,0.32088294463157196,0.43011048054493756,0.3281514379293371,0.3234890687017027,0.35463204056560593,0.22118456788848345,0.19004159602458015
PDGFRB,ENSG00000113721,chr5,150103838,150165872,417,0.3259366755374885,0.3071181347815748,0.2787225813865503,0.3307944451773669,0.2940357062264963,0.21729776789241567,0.21018457701851678,0.14959799509153276,0.15671118596543165
CDX1,ENSG00000113722,chr5,150156777,150194558,245,0.33833178346603127,0.21809384357803396,0.17231819919633662,0.31693286812689797,0.17239721123216267,0.23494254268581763,0.2189803606658694,0.011078007527624556,0.027040189547572757
SLC6A7,ENSG00000011083,chr5,150180061,150232788,406,0.4197260234520402,0.40276489012129446,0.3232485759448946,0.403180141294775,0.3377687465842888,0.33462404580283966,0.3097219604578527,0.18082037842069765,0.20572246376568454
CAMK2A,ENSG00000070808,chr5,150209490,150300093,621,0.4186749687225836,0.49730054238708427,0.4924981182828437,0.41570428261087555,0.4590356287512211,0.2759765856594075,0.30535449331891995,0.411786201572632,0.3824082939131196
ARSI,ENSG00000183876,chr5,150286342,150349307,398,0.4220697904121417,0.45186442847423447,0.3796271025474258,0.4442371513370438,0.43111220648861803,0.33605012867868156,0.3122870862421303,0.2651825006569225,0.2889455430934738
TCOF1,ENSG00000070814,chr5,150347628,150410308,333,0.2977896879692311,0.37834858257087145,0.4075573299954358,0.23943080399939384,0.3126827203671114,0.15269846268722553,0.1870523447726955,0.32267730279057993,0.28832342070510997
CD74,ENSG00000019582,chr5,150390040,150422969,215,0.23896902905456016,0.428922166269105,0.44077574092667177,0.24367844270323966,0.42427360288983823,0.126053142175778,0.14369784204686853,0.43417662517737154,0.416531925306281
RPS14,ENSG00000164587,chr5,150432634,150459739,156,0.2439633140736475,0.5457190886794528,0.402881287225006,0.15604101939412784,0.40625018050423656,0.27653278300914863,0.21869684199430778,0.5125067418748024,0.5703426828896433
NDST1,ENSG00000070614,chr5,150475817,150568211,490,0.2589535746532526,0.2623501473657283,0.2136720164688027,0.3055869625444343,0.22029131687504305,0.18179836650510964,0.2100697249183332,0.12248765489077554,0.09421629647755195
SYNPO,ENSG00000171992,chr5,150591079,150669207,497,0.18268318383163787,0.3245184434192337,0.277191869063681,0.22023246623100978,0.32368034821583014,0.13472321680413007,0.124999702815287,0.2576062085098361,0.2673297224986792
MYOZ3,ENSG00000164591,chr5,150650881,150689368,237,0.2795255575425734,0.30240623986396353,0.2779248832470024,0.3238976474541113,0.3093694840707197,0.1811687908174118,0.1906894245266635,0.17894956036908202,0.1694289266598303
RBM22,ENSG00000086589,chr5,150680791,150711077,155,0.39869605962348365,0.41330611903311726,0.2604760705713371,0.343920085116444,0.3271513495446316,0.37007910105977737,0.2792449530802522,0.1631729916224306,0.25400713960195576
DCTN4,ENSG00000132912,chr5,150698439,150769095,424,0.31212160531104277,0.28658848853643676,0.1951461118593738,0.3442098515106146,0.1738469863469864,0.24737277762681098,0.2843180154384703,0.09032409250301954,0.05337885469136022
SMIM3,ENSG00000256235,chr5,150768756,150806734,258,0.17955400958620246,0.19328717428304318,0.09999008728867427,0.2106647720862668,0.08821019857087749,0.15367261120447104,0.17950295161620763,0.06111491696898813,0.03528457655725156
IRGM,ENSG00000237693,chr5,150836522,150910736,570,0.19084967411912837,0.17028280778638724,0.0860373803796449,0.25784160006193935,0.16509860425713435,0.15423766243313158,0.15221065004195455,0.03243270609354797,0.03445971848472501
ZNF300,ENSG00000145908,chr5,150884391,150914983,241,0.31094020877012496,0.40502176274010315,0.34365616076821554,0.34480437145905013,0.4285049475849907,0.23529359998251667,0.1912762077872327,0.2839368501566969,0.32795424235198084
GPX3,ENSG00000211445,chr5,151010437,151038992,202,0.32826247061977276,0.5815045864312728,0.43542105652803864,0.4050301996115166,0.5421621566497891,0.3486509429548184,0.3045468836605466,0.5224384053723521,0.566542464666624
TNIP1,ENSG00000145901,chr5,151019944,151103577,642,0.36299722585905186,0.5070532340486705,0.44146224539800816,0.35092108816518724,0.4984056486416589,0.28795114812023037,0.22479575969781107,0.41940294246420384,0.48255833088662325
ANXA6,ENSG00000197043,chr5,151090705,151167785,555,0.3983790888852595,0.4526856901045423,0.393160331312565,0.30237434232172233,0.3724361890768403,0.30568456127266364,0.24844736976519996,0.2970474735548773,0.3542846650623411
CCDC69,ENSG00000198624,chr5,151171051,151234093,475,0.3979848420050689,0.4124063056885379,0.351046377679773,0.3694836774678731,0.32460250784225303,0.3033990977750962,0.3002409587592706,0.22832046822517443,0.2314786072410001
GM2A,ENSG00000196743,chr5,151202149,151280440,594,0.4220401970367012,0.48044981907862333,0.4515345238191057,0.3445899172909489,0.3863671942327731,0.301205946371072,0.2944637356492142,0.3535859320853951,0.36032814280725295
SLC36A3,ENSG00000186334,chr5,151266357,151313766,375,0.3110997730482534,0.3685776978381481,0.325662011057707,0.27888315106415545,0.2767368893213825,0.2192076910855621,0.2313761318041858,0.24057269063238376,0.22840424991376015
SLC36A2,ENSG00000186335,chr5,151304971,151357590,448,0.37415395505871557,0.3893160584188052,0.38060618562365145,0.3196998870932267,0.351554681815376,0.241406304479359,0.22260968531474626,0.2517694297214337,0.2705660488860464
SLC36A1,ENSG00000123643,chr5,151427045,151502379,545,0.3166811698008885,0.48324764249547075,0.40829741569746314,0.2574250803816905,0.41040060372731285,0.25811703818829146,0.2147555338694107,0.4020744800662175,0.44543598438509824
FAT2,ENSG00000086570,chr5,151494091,151601331,853,0.45708950366566214,0.46684510892056014,0.38380109005442214,0.44162613768618514,0.36716853692294293,0.3777843186240718,0.3770593440435748,0.2511589760084695,0.25188395058896657
SPARC,ENSG00000113140,chr5,151651095,151696975,280,0.41087474744856717,0.5948408759713631,0.5008400178300217,0.42227948005896515,0.5209060607536113,0.36888161309537365,0.358140930751617,0.5345937771086204,0.545334459452377
ATOX1,ENSG00000177556,chr5,151732315,151782532,345,0.45298469065916286,0.43470663840157575,0.3250336834393486,0.4771698291261843,0.20220510183165205,0.39029822844864637,0.496502656422102,0.180112230069217,0.07390780209576131
G3BP1,ENSG00000145907,chr5,151761044,151822911,415,0.2707436006733466,0.34644247692751856,0.2651866061541821,0.2764732102602533,0.25447318905956934,0.2164579619279284,0.22763912531376837,0.2088667647994936,0.1976856014136536
GLRA1,ENSG00000145888,chr5,151812512,151934851,812,0.37823295738479573,0.39886578675942486,0.3218653564666713,0.35532071916349045,0.31645255861977145,0.2978587086583647,0.28374008097811443,0.21107834417993304,0.2251969718601834
NMUR2,ENSG00000132911,chr5,152381545,152443368,296,0.20954007932926344,0.2292197938962966,0.16540787533423115,0.22498013461718241,0.15771179800747595,0.15734010018978667,0.17179279950093823,0.1030119222605087,0.08855922294935714
GRIA1,ENSG00000155511,chr5,153479614,153823869,2209,0.33436877844901114,0.42918105428696307,0.36729364875587467,0.31661754541352416,0.3425433191518731,0.2549769105288042,0.261003707010076,0.3057062918930035,0.29967949541173167
FAM114A2,ENSG00000055147,chr5,153980147,154048936,385,0.5673206550009905,0.6307926946422145,0.5798856370730843,0.4974895556918566,0.5014148670550616,0.4834635227570438,0.4942774590958647,0.5129334667992378,0.5021195304604169
MFAP3,ENSG00000037749,chr5,154028958,154230478,1057,0.44918901123531857,0.48360886963521177,0.443736462008177,0.3994163458963717,0.40991889961705386,0.3353706249982472,0.32162442127662966,0.32552017105978465,0.33926637478140226
GALNT10,ENSG00000164574,chr5,154180729,154430984,1633,0.3242310117772301,0.2880074942879684,0.2738829856353142,0.35745216535427615,0.27892234655230486,0.2057738938592231,0.22749673120591846,0.1339139994516825,0.11219116210498722
SAP30L,ENSG00000164576,chr5,154435996,154471053,190,0.3881365548128677,0.4658734413103158,0.4332469609597284,0.3887514316568262,0.39219255508364137,0.2752684947857553,0.3107384487842224,0.351853972025013,0.31638401802654603
HAND1,ENSG00000113196,chr5,154464971,154488227,153,0.46965812016642344,0.4474725438536795,0.27819048719409156,0.4343672673010032,0.2912494070249496,0.45074578448499336,0.40940542935119734,0.14250636795748012,0.1838467230912762
LARP1,ENSG00000155506,chr5,154702842,154827605,563,0.4145433500705233,0.39951816080503694,0.3224565367937514,0.44843980646829834,0.32014198014854806,0.32805222143100066,0.35957794245244157,0.18197065929447742,0.15044493827303645
FAXDC2,ENSG00000170271,chr5,154808491,154869252,262,0.31268672596887875,0.30984115128213724,0.3215061255504203,0.3590944206993256,0.36895672714354266,0.17895937613451643,0.17766289343744213,0.19187411621871064,0.193170598915785
CNOT8,ENSG00000155508,chr5,154847552,154886792,209,0.31249581134208265,0.2928704612365064,0.3685925611523907,0.2970022074060727,0.3907920105372335,0.13071242108818532,0.1016736952564467,0.2158289856357196,0.24486771146745825
GEMIN5,ENSG00000082516,chr5,154877410,154948211,396,0.6668678904954769,0.6439836007293185,0.6641145250328317,0.6790257867004819,0.6754345142339997,0.5205048004143074,0.5219525086196702,0.512273683409693,0.5108259752043299
MRPL22,ENSG00000082515,chr5,154931072,154979411,280,0.42207986986709856,0.4498252130805277,0.36164893498396616,0.44919452336398247,0.38822953569757473,0.3484859857666127,0.35124735040552124,0.2490332710759114,0.24627190643700286
KIF4B,ENSG00000226650,chr5,155003754,155028141,175,0.3618710273117935,0.42281045124791444,0.5684731585126082,0.37538034758679123,0.5728631445905217,0.07918692912287012,0.08477305852463224,0.4703976299285999,0.46481150052683784
SGCD,ENSG00000170624,chr5,155860343,156777788,0,,,,,,,,,
PPP1R2B,ENSG00000231989,chr5,156840294,156862528,146,0.23579518119263354,0.2847363076061073,0.2794752468447034,0.43029932954622546,0.45998306318620086,0.1381239667097653,0.14079671196207744,0.1969800370176724,0.19430729176536027
TIMD4,ENSG00000145850,chr5,156909291,156973226,423,0.33455739319257655,0.3575039111494087,0.3187900198936223,0.29036776075321247,0.31430162275813456,0.23290637783559204,0.20404276719504433,0.20948817178777418,0.23835178242832195
HAVCR1,ENSG00000113249,chr5,157019412,157069119,317,0.532143661185761,0.5770764936497133,0.5294016086630485,0.48756021423003065,0.45177329258903764,0.43320386492816165,0.4640348202317812,0.4273600874118391,0.3965291321082196
HAVCR2,ENSG00000135077,chr5,157075831,157152869,546,0.5642581600229127,0.7137810076961928,0.7653739737709282,0.5378260211990378,0.7155623202657704,0.3159704823906532,0.38278541689768975,0.9350275714199786,0.868212636912942
MED7,ENSG00000155868,chr5,157127423,157169019,308,0.27319127578581726,0.27398438424965255,0.1737580535209673,0.21855783447497304,0.1354237781297672,0.22420402954347135,0.21064104119224542,0.09597972554719197,0.10954271389841791
ITK,ENSG00000113263,chr5,157132932,157265185,936,0.3968435447200604,0.4479880709056608,0.38403811962239626,0.34140442787262565,0.333591848355172,0.30759703840495806,0.3029891493189517,0.2865885838554403,0.29119647294144657
FAM71B,ENSG00000170613,chr5,157151845,157176264,193,0.24922041712497675,0.30837504892569473,0.14267751349848584,0.22900156180096484,0.1030291093421491,0.250706741385895,0.2600242551353736,0.11800470711817623,0.1086871933686977
CYFIP2,ENSG00000055163,chr5,157256078,157405595,1067,0.3490020496701957,0.44024389850416207,0.3307677938204171,0.3683384854123903,0.3841371461492266,0.30393936190159554,0.2774623747858149,0.27631476126655674,0.30279174838233724
CTB-109A12.2,ENSG00000285868,chr5,157331595,157470100,950,0.37701308184312904,0.39711751299047676,0.29567922109935,0.3891329645687409,0.31699907998273047,0.31437068281585656,0.3088249354421523,0.19166229901200468,0.19720804638570893
FNDC9,ENSG00000172568,chr5,157331597,157355677,186,0.4183986605296042,0.4467765127847249,0.25066693175791893,0.48574657334058396,0.3182873803980091,0.42269578118424994,0.43694261066043194,0.16929744190336,0.155050612427178
ADAM19,ENSG00000135074,chr5,157385533,157585775,1409,0.2833241691380975,0.42820267388314437,0.37585570917328326,0.2562315260520844,0.3782975005827509,0.21036431633883934,0.18985128072491758,0.34860635902195625,0.36911939463587806
NIPAL4,ENSG00000172548,chr5,157450212,157484722,236,0.3679550499481901,0.44208215327355366,0.35097745633011396,0.35638168714372837,0.3743677021265387,0.30502524626061434,0.27760025098199914,0.2785183092681367,0.30594330454675184
SOX30,ENSG00000039600,chr5,157615678,157681480,460,0.2667609916163514,0.4570634488486399,0.38599257261355874,0.26431087594940356,0.4155115193612135,0.2166490609522287,0.19034612177176446,0.3941137536316759,0.4204166928121401
C5orf52,ENSG00000187658,chr5,157661532,157690158,212,0.47117499878117586,0.5391718677556261,0.41239080882528556,0.44146836707840253,0.422995326577196,0.44006732003804516,0.4036346153021039,0.3346628005483918,0.37109550528433305
THG1L,ENSG00000113272,chr5,157721419,157751449,160,0.2670194147395672,0.345631970593509,0.3463411941405497,0.18149760644709506,0.3311915581105836,0.1547758232990374,0.11105335635793778,0.2693095264069296,0.3130319933480292
LSM11,ENSG00000155858,chr5,157733711,157770709,207,0.22053595181024166,0.3111017440241856,0.22925711370545654,0.19458878657133022,0.1903677856915267,0.1807049796618724,0.1889444025042069,0.19195670833149808,0.1837172854891636
CLINT1,ENSG00000113282,chr5,157775742,157869145,120,0.34154125899808613,0.46520826807589066,0.4215113389896629,0.3240443044121547,0.4444833350631686,0.24819748829102012,0.21482448384641778,0.3776804057097837,0.411053410154386
EBF1,ENSG00000164330,chr5,158685915,159109916,2126,0.4568977361061316,0.3038054485209952,0.4096363615266562,0.3948515533542897,0.3208816321241011,0.22278358983061108,0.2387238872827519,0.13934253989069945,0.12340224243855852
RNF145,ENSG00000145860,chr5,159147408,159220053,349,0.5533707977561488,0.5158501996563447,0.42987100227928454,0.5104157258053428,0.38586182748324743,0.4847474185695164,0.4760121219152984,0.24061349674046906,0.24934879339468702
UBLCP1,ENSG00000164332,chr5,159253289,159296036,192,0.44122476818164347,0.5854601052542228,0.5026301506343784,0.4181330876864149,0.5142218384591779,0.3820863358460801,0.35004818726771497,0.4984997253134019,0.530537873891767
IL12B,ENSG00000113302,chr5,159304779,159340487,189,0.38104665400905985,0.5821812916725295,0.4638763615061336,0.3555765411823858,0.4078599326198796,0.3645212780488208,0.3940474025556911,0.5081863746241098,0.4786602501172395
ADRA1B,ENSG00000170214,chr5,159855079,159983012,868,0.35847108863124877,0.33233471150343097,0.24104652588578743,0.3673863527225613,0.2402002574186534,0.2860272606550977,0.29358165707487616,0.1179410354903693,0.11038663907059076
TTC1,ENSG00000113312,chr5,159999112,160075543,361,0.42260909710149924,0.24989828563832958,0.33888624589043104,0.4331864693963781,0.30887914128964866,0.2114764348433842,0.2429153977943355,0.0760700276549483,0.04463106470399697
PWWP2A,ENSG00000170234,chr5,160051800,160129450,442,0.5199080908212365,0.2631387253893637,0.3074606417658421,0.5500937143868246,0.33374398225569846,0.3358715713799843,0.3489951675819736,0.0,0.0
FABP6,ENSG00000170231,chr5,160177366,160248735,584,0.53518004589413,0.5232323930039311,0.43852370153862574,0.513993215201846,0.49165636769097615,0.46482276546321805,0.39283059002060927,0.27590333842286396,0.3478955138654726
CCNJL,ENSG00000135083,chr5,160239082,160355396,834,0.3491484104013366,0.36651380311915216,0.3077569279703006,0.3515527905094443,0.3751699950310258,0.2590862894849252,0.20970804619706998,0.19743077863819666,0.2468090219260519
C1QTNF2,ENSG00000145861,chr5,160337753,160380641,282,0.3319401563167801,0.4055365647717834,0.33200404630571356,0.3278527805632213,0.29927514088324403,0.2600002150619891,0.2808669945235335,0.26009585476372554,0.23922907530218124
ZBED8,ENSG00000221886,chr5,160383147,160410054,194,0.4554820479017459,0.4110337794773742,0.3976492735578219,0.47172309451359323,0.33335765596569833,0.3151627067747883,0.3810097726736139,0.2142237407561816,0.14837667485735584
SLU7,ENSG00000164609,chr5,160391640,160431711,239,0.415825430050126,0.43554283434648994,0.37566612661661364,0.5072440046167335,0.42087365177195685,0.31918809894789624,0.36669866852620797,0.2527026794767838,0.20519210989847203
PTTG1,ENSG00000164611,chr5,160411854,160438739,161,0.4211710362858177,0.4341084792466256,0.44980703763869057,0.5350734973745456,0.47643376629614825,0.25930745073547395,0.34406854380065965,0.310045427858834,0.22528433479364818
ATP10B,ENSG00000118322,chr5,160553119,160862214,1930,0.5015812357461555,0.45924608150123725,0.44127876871532823,0.5351906859345,0.4243389272981498,0.36450050449003457,0.4143413978098615,0.25029046327046406,0.20044956995063717
GABRB2,ENSG00000145864,chr5,161278428,161559044,1466,0.4710176194031313,0.45249607825337745,0.4954991562369618,0.41407110182217727,0.44168273425042465,0.2775000211361611,0.27705729183836564,0.32488563317344454,0.32532836247124
GABRA6,ENSG00000145863,chr5,161537062,161712593,871,0.4633834592205767,0.4694046615707181,0.42273097964664264,0.4637995730890182,0.411572678536385,0.35339012887328797,0.3633505109718009,0.2803654939144358,0.2704051118159229
GABRA1,ENSG00000022355,chr5,161837062,161909981,473,0.3274086987583239,0.40063181307688867,0.30522952776850654,0.3260841057315896,0.31966800863899586,0.2721614347125239,0.2606773924108964,0.2397177656652552,0.2512018079668827
GABRG2,ENSG00000113327,chr5,161990056,162172977,943,0.4781405233401795,0.5168810328562236,0.47352307186583265,0.49751898840597986,0.5140009210466453,0.3681507532191404,0.34707061213332197,0.35934159365316637,0.3804217347389847
CCNG1,ENSG00000113328,chr5,163427568,163456151,142,0.33147105228849344,0.5695398563368812,0.5513274675960058,0.31413103433069484,0.5555614609922761,0.2220570689864353,0.20451285950547488,0.6208434719164756,0.6383876813974361
NUDCD2,ENSG00000170584,chr5,163436525,163470102,155,0.3061894704568294,0.6339450954362494,0.6110131116920376,0.31898682022986286,0.5827220453927144,0.21315933510843815,0.25757142120263316,0.791812609253814,0.747400523159619
HMMR,ENSG00000072571,chr5,163450202,163501941,259,0.23831144655840078,0.47468614226555966,0.40756016764388264,0.2330270608388219,0.4036521135902154,0.19623547011386938,0.19606602511464294,0.4475239006463001,0.44769334564552665
MAT2B,ENSG00000038274,chr5,163493113,163529354,253,0.5126773920673986,0.5062490616223022,0.44533438974701783,0.5083142945539288,0.4374475328309034,0.41758157366143883,0.42018438232778943,0.2881424885953796,0.28553967992902896
TENM2,ENSG00000145934,chr5,167274798,168274157,5906,0.4069188418852615,0.5090912178389124,0.48105188415818706,0.416179272332846,0.4788950814818178,0.28898480349567773,0.2989271931113646,0.42251214466377973,0.41256975504809285
WWC1,ENSG00000113645,chr5,168281644,168482303,1438,0.36656378373101717,0.4321399943667004,0.3794042108888175,0.33984039726624077,0.38594217596843183,0.27270050818122316,0.24674391557245548,0.2931798514136856,0.31913644402245334
RARS1,ENSG00000113643,chr5,168476450,168529301,324,0.2786317815760396,0.2867944525849807,0.2543486513941695,0.2151124728774197,0.19687222380413705,0.18554701628669254,0.18047950483634945,0.15243859853281228,0.1575061099831554
FBLL1,ENSG00000188573,chr5,168519304,168540634,115,0.17156741416489524,0.38834729878093865,0.35017036897162807,0.16262214675092396,0.29181387098212735,0.12438269851103936,0.16201109312854037,0.3672079407056363,0.3295795460881352
PANK3,ENSG00000120137,chr5,168538494,168589368,218,0.4136253282902413,0.5943441345289836,0.5555361539015816,0.3506348075319288,0.4865362349953731,0.31257992977879423,0.3337171521185489,0.5896701710288259,0.5685329486890713
SLIT3,ENSG00000184347,chr5,168651732,169311139,4763,0.3130549189658243,0.36883067627470695,0.35076997287606,0.3062486814183805,0.33020290067646146,0.2018569244377656,0.21252118726642058,0.2583241861219646,0.24765992329330963
SPDL1,ENSG00000040275,chr5,169573635,169614778,200,0.5022541493585284,0.3426967787783329,0.5221172085775087,0.4578384034962574,0.4265892769707851,0.18944286627619417,0.23782399578109953,0.2301669767612654,0.1817858472563601
DOCK2,ENSG00000134516,chr5,169627267,170093382,3347,0.34584666399021236,0.49511065987699715,0.4679898813145175,0.3393438741727064,0.45589799951481197,0.23836836436393977,0.24465963055907852,0.4450476378242897,0.43875637162915093
INSYN2B,ENSG00000204767,chr5,169851302,169990495,1003,0.33556676778018724,0.5231770403579087,0.4563239978907334,0.3488411205308252,0.40592580585402005,0.27001455048261064,0.3244302806972629,0.47059546029596566,0.41617973008131337
FOXI1,ENSG00000168269,chr5,170095896,170119734,190,0.3974128157194635,0.47939313954491086,0.45078593376710513,0.4043126691434337,0.44235747338448334,0.2800080176118195,0.29338115778118334,0.37275209091917627,0.3593789507498125
C5orf58,ENSG00000234511,chr5,170222446,170262575,209,0.3707499429547675,0.4172140757985277,0.3282619596361366,0.3700376008339304,0.37038902959081854,0.3026375379698646,0.2696886722981525,0.2372978190050695,0.27024668467678137
LCP2,ENSG00000043462,chr5,170236232,170307815,458,0.40829765481018593,0.5149086236805146,0.45564048949889624,0.3770114958393084,0.4597567254393822,0.32001209066410247,0.29045474066847293,0.40340591034405937,0.43296326033968896
KCNIP1,ENSG00000182132,chr5,170343486,170746632,2937,0.39155597064828707,0.3999990710191054,0.3440075596887267,0.35728057229401744,0.3595099587458506,0.29303420678768355,0.2536746840514602,0.21778986867801475,0.25714939141423815
KCNMB1,ENSG00000145936,chr5,170364670,170399634,235,0.27565507835127484,0.19151635247902185,0.2559651146751533,0.2816953255404958,0.19909317081983535,0.11970752921327782,0.16072281565809532,0.09288729665694734,0.05187201021212981
GABRP,ENSG00000094755,chr5,170753349,170824047,473,0.4379959277364042,0.6145538601847979,0.5989801651768907,0.35668259229546595,0.5717765206759349,0.30792780223499144,0.27318039003894956,0.6454260086404925,0.6801734208365344
RANBP17,ENSG00000204764,chr5,170851869,171310015,1951,0.5572929295131124,0.5420436373126956,0.7047464991685284,0.4354340285442014,0.5912396743374116,0.1879536893366075,0.22902655850634784,0.5930276880458971,0.5519548188761567
TLX3,ENSG00000164438,chr5,171299247,171322139,141,0.5821395933549057,0.783225485278675,0.7343942831955523,0.5227465009330168,0.6681143259580961,0.5378815442394402,0.5828201641802017,0.9910160241103947,0.9460774041696336
NPM1,ENSG00000181163,chr5,171377115,171421810,186,0.31040044353014984,0.5345841001104159,0.4802307390024542,0.28217823843154444,0.47492737650217975,0.24104888642181044,0.22606957649090775,0.5237749783530957,0.5387542882839984
FGF18,ENSG00000156427,chr5,171409646,171467626,340,0.3545019997210196,0.5805762738332058,0.4930776419264849,0.3719703248085883,0.5200111101063211,0.3136046650266515,0.300024564581173,0.5552689253977641,0.5688490258432426
CTB-31E20.1,ENSG00000288639,chr5,171410015,171446172,204,0.3290661452651153,0.5445835968796121,0.5310341023931532,0.3218449691499826,0.5351601247251435,0.21420130234833445,0.20443008900789933,0.5723418045039836,0.5821130178444189
SMIM23,ENSG00000185662,chr5,171772431,171806126,285,0.2796176794926332,0.31716856340592375,0.2471992667250969,0.29322848858574857,0.2943031210431019,0.21276286948296835,0.18999280529533247,0.16874437893269548,0.19151444312033142
FBXW11,ENSG00000072803,chr5,171851548,172016873,663,0.6610767716817203,0.6870028782813259,0.7690003266383071,0.6487856136302261,0.6895477146360912,0.3891019820889333,0.5190973395606328,0.7724593021823158,0.6424639447106164
STK10,ENSG00000072786,chr5,172032078,172198224,893,0.23619629853022225,0.22731378094799592,0.18245203337093285,0.2603853920845323,0.21073229296874643,0.16294049696040247,0.16142927551397343,0.09494174203869643,0.09645296348512547
EFCAB9,ENSG00000214360,chr5,172184171,172213454,153,0.37466168673636996,0.28851353808864977,0.2953118972883908,0.3480301542915068,0.26930108234647687,0.2299306910385608,0.2272010373854972,0.11046819812617736,0.11319785177924097
UBTD2,ENSG00000168246,chr5,172199645,172293764,171,0.3300077874775367,0.5194537533173896,0.35754486825956655,0.3734775230907827,0.3582938781712918,0.3454313497261359,0.3783888011450548,0.3874004584789506,0.3544430070600318
SH3PXD2B,ENSG00000174705,chr5,172314999,172464525,1295,0.39607328533216896,0.5001806553319709,0.43658982526222306,0.3319414008575911,0.41781292657254016,0.3120318070385289,0.27796224582261525,0.38147674947378285,0.4155463106896965
NEURL1B,ENSG00000214357,chr5,172631262,172701540,446,0.28252787452279987,0.24657554251304253,0.21824151131592373,0.31606466052497134,0.2771474088042135,0.18446913945420645,0.1692342288260653,0.09865738197905993,0.1138922926072011
DUSP1,ENSG00000120129,chr5,172758095,172781195,178,0.3708543442199868,0.4230390161825983,0.3772386228747554,0.4029638027344704,0.3899437647877633,0.26989062991418356,0.28577701604744765,0.28009000388008964,0.26420361774682555
ERGIC1,ENSG00000113719,chr5,172824250,172962683,966,0.4227818728398571,0.5272697113097474,0.49883565406060654,0.45971819415182885,0.5522368367396158,0.3039720593333883,0.28070192019217705,0.4452582079762641,0.4685283471174754
RPL26L1,ENSG00000037241,chr5,172948728,172979771,190,0.43141445953326096,0.6130366373551549,0.5140877541147605,0.5231465491460973,0.6249005956900363,0.39615076767269414,0.3547035584182592,0.5532744929295232,0.5947217021839581
ATP6V0E1,ENSG00000113732,chr5,172973770,173045445,420,0.36061278363773513,0.4058211349701179,0.3134398666476319,0.31853437021635583,0.3599198157404537,0.29587922879775164,0.22896126255035135,0.2246956565702159,0.29161362281761616
CREBRF,ENSG00000164463,chr5,173046351,173149284,414,0.30400749538857924,0.34226917260653383,0.3015376688416607,0.3741181385000913,0.3193943953080445,0.21125093313637475,0.25139043579023596,0.20770857512485594,0.16756907247099473
BNIP1,ENSG00000113734,chr5,173134441,173174387,164,0.34040805689627024,0.3849789170255767,0.3589166799711564,0.4263998451003154,0.35095947795551014,0.22881839381622604,0.304830661795069,0.25728033668775707,0.1812680687089141
NKX2-5,ENSG00000183072,chr5,173222108,173245311,151,0.3621268291762007,0.4775304462895846,0.4252062793956774,0.3502599135087591,0.491637116766561,0.2725301625690173,0.2019058404507545,0.37665840468262823,0.4472827268008911
STC2,ENSG00000113739,chr5,173304722,173338447,179,0.29891444881497076,0.34908130948292654,0.2659252399070246,0.3444434221163909,0.29212764901862753,0.23767574956374762,0.2530748570540807,0.19169479436972894,0.17629568687939584
BOD1,ENSG00000145919,chr5,173597144,173626659,170,0.3472708954987273,0.5948539815112255,0.5406870028533018,0.3055791512538917,0.5439011901731243,0.27603871522839707,0.24156951231111756,0.6274690221474853,0.6619382250647646
CPEB4,ENSG00000113742,chr5,173878348,173971980,523,0.33287224204083055,0.5537350179984689,0.49639523614441194,0.36815216137248374,0.45047412180983926,0.2628262831622716,0.33362481832389856,0.5440160901769063,0.4732175550152793
C5orf47,ENSG00000185056,chr5,173963778,174016140,352,0.18038814761181415,0.17215815096854678,0.1758998137008839,0.15909438635352807,0.1530327318883866,0.09719718840613521,0.09805788662908144,0.09173595801945147,0.09087525979650522
NSG2,ENSG00000170091,chr5,174035705,174253501,1437,0.31401760261725314,0.386530801176208,0.3608655460131306,0.3049795554576966,0.33558189230320384,0.20894404976087239,0.22179779579760123,0.279681171996836,0.26682742596010717
MSX2,ENSG00000120149,chr5,174714581,174740896,159,0.6999684198361525,0.6236531201359734,0.5760722943036383,0.657746883084637,0.5628482498353542,0.6614596034925107,0.61098691299667,0.3157844045601874,0.3662570950560282
DRD1,ENSG00000184845,chr5,175430035,175454182,163,0.38204404665577246,0.5447564380763371,0.4847148747994096,0.3255524191909384,0.47245239779449605,0.30261295446891096,0.2706339238745446,0.4843097478535828,0.5162887784479492
SFXN1,ENSG00000164466,chr5,175467061,175539742,508,0.27980601536110616,0.3581399511639898,0.3542484521897805,0.31457853374024225,0.3893818097516046,0.16713961079160147,0.1639114669451664,0.2762453807316597,0.2794735245780947
HRH2,ENSG00000113749,chr5,175648029,175720756,381,0.22645535765312913,0.3045035501572096,0.08166502743617172,0.18986474248635724,0.12614089820793734,0.2673541034703534,0.21942365284192833,0.0957752686289049,0.1437057192573299
CPLX2,ENSG00000145920,chr5,175786309,175894021,601,0.41844243774287804,0.6749396086037472,0.6122515719995789,0.4117350570522043,0.5895125722471549,0.3591955429005408,0.38195608316427543,0.7645487513334195,0.741788211069685
THOC3,ENSG00000051596,chr5,175907872,176044680,0,,,,,,,,,
FAM153B,ENSG00000182230,chr5,176050688,176126015,2,0.0,0.0,0.0,0.05803578492873535,0.0974772354082699,0.0,0.0,0.0,0.02138668589722666
RP11-826N14.7,ENSG00000285476,chr5,176053747,176136959,42,0.5822826612251603,0.6898569194814801,0.5208071542144251,0.5153356600475029,0.4970713194317986,0.654009837181222,0.603856670535559,0.5167117007434472,0.5668648673891101
SIMC1,ENSG00000170085,chr5,176228366,176355991,293,0.4297734485401828,0.2814476538706185,0.23795165586210368,0.43487864376873536,0.3068453212536216,0.310246489119555,0.2673646997223682,0.020270232259101184,0.06315202165628803
KIAA1191,ENSG00000122203,chr5,176336061,176371807,183,0.3850088920848168,0.23618234335600696,0.24953603693448415,0.37653326047166347,0.20014994632362382,0.23425500563724347,0.25927752294820083,0.035171181978571636,0.010148664667614327
ARL10,ENSG00000175414,chr5,176355486,176411865,283,0.3447932921433123,0.32668057196188643,0.28281531069763083,0.3336674979095639,0.256783220293924,0.24295902607979442,0.25236719772176963,0.15257640281698973,0.14316823117501448
NOP16,ENSG00000048162,chr5,176373937,176398927,130,0.28086532058029023,0.2998575976282472,0.27635684683174494,0.26367922950923983,0.18420765345111328,0.18136063304727806,0.22948276236268625,0.17511089962128262,0.12698877030587444
HIGD2A,ENSG00000146066,chr5,176378750,176399761,108,0.28858597955420867,0.3029139883685339,0.2623130593580935,0.2738960237248581,0.2498964551894925,0.19855572028600305,0.19668225368793296,0.1622907529214466,0.1641642195195166
CLTB,ENSG00000175416,chr5,176382500,176426539,220,0.31487891824281483,0.28878560358464966,0.28713540437601753,0.24017021772953978,0.2137805108872877,0.19023863132311833,0.1874614583708905,0.1505427212354163,0.1533198941876441
FAF2,ENSG00000113194,chr5,176437627,176520074,430,0.49132614601697755,0.44292032592992925,0.40650935586961945,0.5015784417410378,0.4041337043938264,0.3696307025528669,0.3818085460306675,0.21541630531299494,0.2032384618351944
RNF44,ENSG00000146083,chr5,176516711,176548025,230,0.4834190858592087,0.48439155835859554,0.4481721955791928,0.5330658283023588,0.42994696886297196,0.36420587492383444,0.43097437070083694,0.29820176066530296,0.23143326488830046
CDHR2,ENSG00000074276,chr5,176532510,176605974,477,0.533782058731307,0.5371085697911483,0.47518131144925574,0.5651354358906704,0.46006148263199625,0.444331191131669,0.4933416924990614,0.32593155325130035,0.276921051883908
GPRIN1,ENSG00000169258,chr5,176585801,176620156,130,0.3978700672432654,0.41851510662177316,0.43657132822395106,0.4290361957893339,0.4586821153977334,0.2378688868395053,0.24442558097566575,0.30430139923464655,0.2977447050984863
SNCB,ENSG00000074317,chr5,176610081,176640556,166,0.6367818144890035,0.7098694266660218,0.6323619140336498,0.676611314422454,0.6546907578930922,0.6247597404754578,0.6515048066264749,0.612664463983783,0.5859193978327658
EIF4E1B,ENSG00000175766,chr5,176620617,176656644,251,0.5475839260326234,0.6930462519936201,0.5788926999087924,0.6199479274865085,0.6438742099802838,0.5546717987229937,0.5580169678176702,0.6263864019816714,0.6230412328869948
TSPAN17,ENSG00000048140,chr5,176637386,176669054,251,0.5925116379055005,0.7330394653567677,0.5987379097337361,0.6009829696709637,0.581497018313383,0.6526284371655398,0.6841671789636666,0.6680260046663429,0.6364872628682161
UNC5A,ENSG00000113763,chr5,176800518,176890898,490,0.4438060826811048,0.4227269401142699,0.4528979068892617,0.5325844188929678,0.5533797787667203,0.26647915250241627,0.2519648715098658,0.2829607312115151,0.2974750122040656
HK3,ENSG00000160883,chr5,176870868,176909346,199,0.33510293643973066,0.35457433436178715,0.38783288934856147,0.38101467470722633,0.3603457555491324,0.17760914897649144,0.2353457275851057,0.26023608415304084,0.2024995055444265
UIMC1,ENSG00000087206,chr5,176895004,177032633,572,0.34354224871637806,0.4608312707937761,0.3945172829813002,0.3836771510192505,0.464287273126336,0.26844719896691155,0.2387769221020133,0.3492795168944701,0.37894979375936844
ZNF346,ENSG00000113761,chr5,177012695,177091189,426,0.3775249991926159,0.5479318394225965,0.4828314873607549,0.3899109114468931,0.5559258410960819,0.3042938046020447,0.23815444625637072,0.48962850817907877,0.5557678665247526
FGFR4,ENSG00000160867,chr5,177076904,177108144,167,0.5343271903137057,0.6446798398745048,0.6235648496083833,0.4533361024026733,0.6720836920767377,0.41099928156709314,0.2618301433588647,0.6237367548621335,0.7729058930703618
NSD1,ENSG00000165671,chr5,177123024,177310213,737,0.39318421439836554,0.4801060151862479,0.4584664732878368,0.5057366174227453,0.5144839114217461,0.2701550404764417,0.3181371253384912,0.38397532307379745,0.3359932382117479
RAB24,ENSG00000169228,chr5,177291197,177313744,104,0.537988760742508,0.4703544240124748,0.4115505263064834,0.556971196853952,0.5253483841424589,0.43872453471475364,0.35224676449985354,0.19682268596905123,0.28330045618395133
MXD3,ENSG00000213347,chr5,177291460,177322757,146,0.4645919745772811,0.5184108651328828,0.4105708509043307,0.5884569573664588,0.5326254807197361,0.41339467489919357,0.42894061823932245,0.3172692708346902,0.3017233274945614
PRELID1,ENSG00000169230,chr5,177293798,177316949,114,0.5170185623132385,0.5687057873175235,0.454453842184072,0.6568405231080521,0.5724650483492927,0.4813869947051392,0.5304027753465383,0.35957779902420167,0.3105620183828026
LMAN2,ENSG00000169223,chr5,177321566,177361668,198,0.24960671095871853,0.22434288893252183,0.24714696089728241,0.26848509391919767,0.2156169195623733,0.12865865535667284,0.1619123249911909,0.12538606827540044,0.09213239864088235
RGS14,ENSG00000169220,chr5,177347923,177382596,165,0.2513702027557917,0.25944684389405104,0.1977753376601527,0.2650652727204217,0.22639357793532636,0.18475098069191903,0.17581971028340815,0.11560688308586303,0.12453815349437394
SLC34A1,ENSG00000131183,chr5,177369234,177408848,209,0.3690794441574156,0.3137255002697217,0.23215106667514276,0.379742262148827,0.2609931049049388,0.28644532284549074,0.2758248696270271,0.09003226306815881,0.10065271628662234
PFN3,ENSG00000196570,chr5,177390108,177410661,106,0.34828330532699364,0.3057102326920342,0.178571882444962,0.4496918577075099,0.26867698732231665,0.2981501777719412,0.3246213666891705,0.06671569570163843,0.04024450678440916
F12,ENSG00000131187,chr5,177392140,177419564,126,0.3663414482217026,0.2960975032540528,0.35128249350967333,0.47605841757685313,0.34782831396910874,0.18730126537527184,0.28502154328607654,0.16381416598110263,0.06609388807029798
GRK6,ENSG00000198055,chr5,177393203,177452901,248,0.337729204046307,0.3032670083031429,0.28321749796876716,0.43526840318456855,0.36165739476924824,0.22022547216830582,0.24193879672341947,0.14112755166202176,0.11941422710690808
PRR7,ENSG00000131188,chr5,177436444,177466286,116,0.21356076016165762,0.2466206255824961,0.19740925034333767,0.37074189338419844,0.3771100863948969,0.15175791370496167,0.13650732167224117,0.1314284470630775,0.1466790390957979
DBN1,ENSG00000113758,chr5,177446607,177484401,168,0.3831490785434633,0.4994112496603363,0.36542400862066804,0.41886068652824676,0.5179472170266477,0.36015002100754323,0.25251673927861096,0.33182035158327494,0.4394536333122072
PDLIM7,ENSG00000196923,chr5,177473393,177507606,193,0.5598787458393047,0.6912043620760564,0.6786347518976802,0.5710213944907059,0.696033420934518,0.4303018205352954,0.41529314891329905,0.744773766289957,0.7597824379119531
DOK3,ENSG00000146094,chr5,177491903,177521274,160,0.619569111665241,0.7445975269704771,0.7108872983792653,0.6657564198597208,0.7167675366089691,0.5452133542855718,0.5996563146477735,0.8197012981789805,0.7652583378167787
DDX41,ENSG00000183258,chr5,177501576,177526961,132,0.701865540293386,0.727889061431896,0.7184217788717961,0.6895307500713257,0.7313679268022253,0.6222055615973995,0.5784016283859735,0.6793398718592576,0.7231438050706834
FAM193B,ENSG00000146067,chr5,177509788,177564563,223,0.6918389116661346,0.7231077970650704,0.6729311321583056,0.7441205412524067,0.7515023234174054,0.6718375505198727,0.6274270170101528,0.6122894570966483,0.6566999906063683
TMED9,ENSG00000184840,chr5,177582202,177607242,72,0.5784225122317797,0.6728670175280763,0.6397168720210245,0.5461036080157643,0.5888056328577509,0.4801375534083545,0.5092927857413982,0.6372509631200135,0.6080957307869699
B4GALT7,ENSG00000027847,chr5,177590131,177620330,9,0.7374611957449559,0.8636963696369638,0.7563799929369343,0.7452837573385521,0.3201653651814423,0.9590405359831528,1.48728486917946,1.0338297695592304,0.5055854363629233
FAM153A,ENSG00000170074,chr5,177697980,177793398,0,,,,,,,,,
PROP1,ENSG00000175325,chr5,177982234,178006242,49,0.22037150992795304,0.7458178702188984,0.5870069218452162,0.19919426035739787,0.6269399534705657,0.3671587720006134,0.30291260825759425,1.0025454505356297,1.0667916142786487
N4BP3,ENSG00000145911,chr5,178103531,178136081,163,0.5445673387488317,0.7214186513581464,0.6000456588816979,0.5930640018420796,0.5915222197003377,0.5740738445079585,0.6409133828200149,0.7039713220965205,0.6371317837844641
RMND5B,ENSG00000145916,chr5,178120995,178160568,169,0.4437913374136115,0.6561929428311581,0.5212160287305909,0.4777170103915091,0.6088572552225111,0.45889031962952237,0.38926883106513027,0.6087843396545588,0.6784058282189508
NHP2,ENSG00000145912,chr5,178139462,178163894,65,0.45184199296775435,0.690003157533038,0.5186032108506836,0.4511510083051585,0.49035951173290226,0.5206607216325838,0.5485376881562285,0.65053244551268,0.6226554789890355
GMCL2,ENSG00000244234,chr5,178174504,178197371,0,,,,,,,,,
HNRNPAB,ENSG00000197451,chr5,178194532,178221163,63,0.281404317932882,0.33383875502846566,0.3844339322727908,0.27896169561025563,0.31296710847414194,0.12573347106228955,0.17895671683306,0.2804900571163813,0.22726681134561091
PHYKPL,ENSG00000175309,chr5,178198470,178242802,250,0.36320715748690485,0.5633805287066828,0.48167316927532405,0.3952773229553076,0.47836553690212225,0.3114274171249317,0.34044517536679236,0.5172658211789612,0.4882480629371007
COL23A1,ENSG00000050767,chr5,178227475,178600393,3052,0.36386208457925695,0.5128796435676423,0.44069545722213066,0.41948016277420197,0.4905233721473763,0.2952613920206791,0.29435202682874256,0.42398265594774776,0.42489202113968433
CLK4,ENSG00000113240,chr5,178592663,178640615,274,0.40341167382924953,0.37770052524237385,0.33106103637259066,0.43441059203559934,0.2898510097122705,0.29439967377292997,0.35097011880469553,0.1799341576684162,0.12336371263665069
MSANTD5,ENSG00000285891,chr5,178684604,178707695,174,0.3493382865281711,0.5602638514796002,0.4592617850152447,0.37876902135778373,0.43649238204412827,0.3182628996858035,0.3620291438589366,0.5033174947071035,0.4595512505339705
CTD-2537M22.2,ENSG00000285978,chr5,178684604,178739335,288,0.3236854877122326,0.4923918888015355,0.39256683843973034,0.32993190636735775,0.3875112851189524,0.28531474404547386,0.2940983709089947,0.3927308197157004,0.3839471928521795
ZNF354A,ENSG00000169131,chr5,178701511,178740659,175,0.2572801571068193,0.4685392260045894,0.2974282132780131,0.22390971648775118,0.3296061779180393,0.2882772791564421,0.24286118104205578,0.34384860722177013,0.3892647053361564
ZNF354B,ENSG00000178338,chr5,178849952,178898122,102,0.12567837731088952,0.21164533114797335,0.12515008988264642,0.1205107843365511,0.15028406646555612,0.11920562302332313,0.10168399929331788,0.11860157998420692,0.13612320371421216
ZFP2,ENSG00000198939,chr5,178885897,178943212,387,0.26791326285329026,0.47282372648990234,0.36980672889967847,0.24556406780908124,0.42997378062094616,0.24517392654039782,0.17996614993408017,0.3950463749890647,0.46025415159538235
ZNF454,ENSG00000178187,chr5,178931190,178976433,260,0.4203310710089326,0.4547869471831896,0.3610169522671513,0.33600681911836927,0.3860255032933156,0.3519997171423872,0.26413007470930394,0.2545789209671853,0.3424485634002685
GRM6,ENSG00000113262,chr5,178967586,179006206,331,0.5324672988105014,0.6036456253215353,0.5390953046685749,0.5484686937187644,0.5618839114505645,0.45558428699078646,0.4476428955587102,0.4698622953565463,0.4778036867886227
ZNF879,ENSG00000234284,chr5,179013803,179045064,207,0.359321511131659,0.3222224639621547,0.33353909716143226,0.3242238496584977,0.25988529657961695,0.2141949433266337,0.23993972948722794,0.17474121949585789,0.14899643333526363
ZNF354C,ENSG00000177932,chr5,179050372,179093977,312,0.4921819071711905,0.42142359832265947,0.30093325485462613,0.3873084535517795,0.2565161849024455,0.4334037991532018,0.370335023595203,0.11378087332890519,0.17684964888690402
ADAMTS2,ENSG00000087116,chr5,179100852,179355461,1971,0.38779207915573194,0.4842680128252804,0.4036683739733183,0.3808103384158852,0.38383748277410235,0.3179465101059767,0.328633591406417,0.3442215430321015,0.33353446173166124
RUFY1,ENSG00000176783,chr5,179540553,179620012,289,0.4186822624395744,0.6404563858447699,0.5626765773171912,0.3492855220010082,0.5668588412793156,0.369147660715314,0.3079562553265808,0.6537721295345597,0.7149635349232929
HNRNPH1,ENSG00000169045,chr5,179604177,179644784,0,,,,,,,,,
CBY3,ENSG00000204659,chr5,179668559,179691034,0,,,,,,,,,
CANX,ENSG00000127022,chr5,179668627,179741641,198,0.5234109629521786,0.6801600713795835,0.6311877749050797,0.5259599418423109,0.6457176458572489,0.44178385442920737,0.42436850409083426,0.6981507769736494,0.7155661273120222
MAML1,ENSG00000161021,chr5,179722821,179787283,325,0.42148128899013554,0.5603608581876903,0.577436243977366,0.46695846072712927,0.5737058298553498,0.25383523396381086,0.29916565651692234,0.5679657868432109,0.5226353642900994
LTC4S,ENSG00000213316,chr5,179783979,179806647,120,0.1902780275130252,0.29889933623569215,0.16903295916679698,0.18628956383370507,0.24524260721427593,0.19050149456803592,0.13994779619193287,0.16460230745464724,0.21515600583075023
MGAT4B,ENSG00000161013,chr5,179787596,179816952,158,0.2635971834494684,0.49402118969975095,0.3855158883828812,0.3233454958912605,0.43747454262475716,0.25013314311127766,0.2482680345381667,0.43112734433723277,0.43299245291034394
SQSTM1,ENSG00000161011,chr5,179796397,179848078,383,0.4548561579102891,0.5584284927678829,0.507358832394116,0.3691079683711028,0.4763949235788627,0.35807333588035595,0.31550914792577534,0.4593419718869092,0.5019061598414898
MRNIP,ENSG00000161010,chr5,179825132,179872173,350,0.4390810446366466,0.4805583963647868,0.40664985593903197,0.3696065030868044,0.43847048657359067,0.3556045699790177,0.2696604977109116,0.29939631356906365,0.38534038583716956
TBC1D9B,ENSG00000197226,chr5,179852065,179917897,346,0.4612338467801309,0.5127154950752318,0.3990162838352475,0.36733444342528987,0.45232132064231323,0.41409667165518144,0.28732697750819064,0.30481045579802,0.4315801499450109
RNF130,ENSG00000113269,chr5,179901650,180082113,983,0.46826261072440006,0.5334444884682173,0.46290300328651185,0.41898274692043674,0.47039171943945557,0.3862036184662949,0.3348677290462911,0.3761746515269955,0.42751054094699914
RASGEF1C,ENSG00000146090,chr5,180090794,180219211,912,0.4905835761173368,0.5480601154584627,0.5078179346052074,0.4675893035794601,0.4882878112102008,0.3798945014020214,0.37727663262234995,0.41431160539491785,0.4169294741745895
MAPK9,ENSG00000050748,chr5,180223142,180302099,471,0.3022675051873273,0.4283077820880841,0.3921913276883884,0.29784736463001565,0.3550414523999843,0.2105894388434901,0.23709487537175108,0.3485650741497257,0.3220596376214647
GFPT2,ENSG00000131459,chr5,180290697,180363336,561,0.28396583046056206,0.3627360783118682,0.3441927524221016,0.29150609230688873,0.31168551089736835,0.1813552083343041,0.2108378844939305,0.26921618112081364,0.2397335049611872
CNOT6,ENSG00000113300,chr5,180484378,180588358,606,0.2851287160946153,0.4378888077917795,0.3628741784439069,0.2932884703634678,0.35229532515828316,0.23046012595465876,0.24443393960135446,0.3455954717993892,0.3316216581526936
SCGB3A1,ENSG00000161055,chr5,180580104,180601499,127,0.3460920955500703,0.630688380292392,0.5276936271892367,0.28983878919018086,0.5582005855983636,0.3353879203859569,0.2607392286192793,0.6607265730907368,0.7353752648574144
FLT4,ENSG00000037280,chr5,180591505,180659624,255,0.4448518565582396,0.5137327843344108,0.4858200509944436,0.44242971306589296,0.5350616128701824,0.32216763799375886,0.26965665255754906,0.39882934171467066,0.4513403271508805
OR2Y1,ENSG00000174339,chr5,180729122,180750058,0,,,,,,,,,
MGAT1,ENSG00000131446,chr5,180774779,180825652,292,0.12626095443675342,0.22770219140558126,0.19914077836779603,0.14998416150215038,0.18230180339330143,0.08564423153378972,0.10981168689913962,0.17274080938276315,0.14857335401741323
ZFP62,ENSG00000196670,chr5,180837610,180871285,125,0.5606560727704504,0.4032573475413276,0.5437975002289168,0.4610310593044183,0.4306038144337744,0.27696178807217137,0.28559392845398385,0.23930753836226482,0.23067539798045228
BTNL8,ENSG00000113303,chr5,180889076,180960906,349,0.3234581675368037,0.2670203118321533,0.14717242713661416,0.3076966812639016,0.1374653818506019,0.27110019538497215,0.2652441958286266,0.03953709264309796,0.0453930921994434
BTNL3,ENSG00000168903,chr5,180978845,181016727,157,0.1623269901646189,0.23955862486982818,0.2647848683116808,0.14621197331192565,0.17161328868219208,0.07169579440653456,0.12182669743243252,0.20216046311893726,0.1520295600930393
BTNL9,ENSG00000165810,chr5,181030224,181071521,221,0.26138798153617154,0.35543011717955164,0.33414994553558697,0.3011446316662743,0.28959249685573923,0.167731880237895,0.22778348894009492,0.2714401527311099,0.21138854402890997
OR2V1,ENSG00000185372,chr5,181113121,181141169,0,,,,,,,,,
OR2V2,ENSG00000182613,chr5,181137585,181169285,0,,,,,,,,,
TRIM7,ENSG00000146054,chr5,181183923,181215293,201,0.23112481259620435,0.19807848588420632,0.10045605103835761,0.30363722066092336,0.13078656396358623,0.188851899428758,0.2212312427893106,0.031892639174242426,0.0
TRIM41,ENSG00000146063,chr5,181212498,181245808,260,0.23505473331584836,0.29989188856205623,0.3239157100109636,0.25600000417739954,0.350017638709995,0.11651699205336175,0.11071235388951536,0.24000351889940988,0.24580815706325632
RACK1,ENSG00000204628,chr5,181226896,181258096,128,0.3634846753699417,0.44531486845760077,0.3629504716879004,0.37583346108437005,0.3972438661645035,0.295096783837382,0.2772250640804373,0.2942578729454287,0.3121295927023734
TRIM52,ENSG00000183718,chr5,181244416,181271139,0,,,,,,,,,
OR4F3,ENSG00000230178,chr5,181357267,181378262,0,,,,,,,,,
