gene_name,gene_id,chrom,start,end,n_snps,fst_afr_sas,fst_afr_mel,fst_mel_sas,fst_afr_eur,fst_eur_mel,pbs1_african,pbs2_african,pbs3_melanesian,pbs4_melanesian
OR11H12,ENSG00000257115,chr14,18591116,18612097,0,,,,,,,,,
POTEM,ENSG00000222036,chr14,18957433,19013752,0,,,,,,,,,
POTEG,ENSG00000187537,chr14,19392485,19444341,0,,,,,,,,,
OR11H2,ENSG00000258453,chr14,19702903,19724332,0,,,,,,,,,
OR4N2,ENSG00000176294,chr14,19709014,19840253,0,,,,,,,,,
OR4Q3,ENSG00000182652,chr14,19733570,19759469,0,,,,,,,,,
OR4M1,ENSG00000176299,chr14,19763503,19793696,0,,,,,,,,,
OR4K2,ENSG00000165762,chr14,19865141,19893932,0,,,,,,,,,
OR4K5,ENSG00000176281,chr14,19910606,19931578,0,,,,,,,,,
OR4K1,ENSG00000155249,chr14,19920916,19946757,0,,,,,,,,,
OR4K15,ENSG00000169488,chr14,19965590,19986565,0,,,,,,,,,
OR4K14,ENSG00000169484,chr14,20004142,20029307,0,,,,,,,,,
OR4K13,ENSG00000176253,chr14,20019398,20046038,0,,,,,,,,,
OR4L1,ENSG00000176246,chr14,20050044,20070983,0,,,,,,,,,
OR4K17,ENSG00000176230,chr14,20100738,20132199,0,,,,,,,,,
OR4N5,ENSG00000184394,chr14,20128819,20155471,79,0.40067161606651336,0.2151553358645557,0.25989949012893987,0.23664161181284474,0.21551908265871506,0.22662289691699092,0.13478203891658264,0.01564656394582087,0.10748742194622918
OR11G2,ENSG00000196832,chr14,20180895,20211075,250,0.39327363737664534,0.40145466868679536,0.39778573853112514,0.43025874369293654,0.47375748525574307,0.25289421343321,0.21691642748822476,0.2603588018766142,0.29633658782159944
OR11H6,ENSG00000176219,chr14,20213709,20234702,188,0.18711800096699258,0.3692049178782222,0.3348321307640998,0.19946396991151505,0.3480313393742346,0.13011385377374665,0.1277445867612559,0.3306603664057988,0.33302963341828956
OR11H4,ENSG00000176198,chr14,20229285,20254349,111,0.34149945052442543,0.438637893870038,0.49548685789829167,0.45613728410969184,0.46613306606025945,0.15550882490109508,0.27941944111378025,0.42188029130928467,0.29796967509659944
TTC5,ENSG00000136319,chr14,20246557,20315960,342,0.4006609226670132,0.3633602465592546,0.2952947358252439,0.44994567898112153,0.3799771941942221,0.30675172984244614,0.2856452708338041,0.14479958974321355,0.1659060487518556
CCNB1IP1,ENSG00000100814,chr14,20301367,20343312,228,0.3885346358465163,0.3915781899061262,0.2700399879459341,0.29827341035743704,0.2817185129952812,0.33700915643273854,0.2601022758213756,0.1598777145262659,0.2367845951376289
PARP2,ENSG00000129484,chr14,20333614,20367904,255,0.35814424223504604,0.36652742874153205,0.23868759811704843,0.41466949763401656,0.2655697067386466,0.3136093819085307,0.34172850787133857,0.14292919539503668,0.11481006943222882
TEP1,ENSG00000129566,chr14,20355666,20423501,482,0.30098613762815823,0.44084395154947303,0.35889793201112796,0.31599689531974134,0.37981026585481054,0.24742239563143262,0.24169484288149296,0.33390429271150046,0.3396318454614402
KLHL33,ENSG00000185271,chr14,20415851,20446166,254,0.3736799364628785,0.3684486445960587,0.3423698854418718,0.33755539404844426,0.3097140245351951,0.2541785654514185,0.2503725229131667,0.20539745215843136,0.20920349469668323
OSGEP,ENSG00000092094,chr14,20436400,20465089,220,0.32965348779573295,0.3048865763029219,0.2886985148564542,0.3118970014178935,0.23050442348342792,0.21149092787393967,0.2377384589724863,0.15218931929486412,0.1259417881963175
APEX1,ENSG00000100823,chr14,20445190,20467772,140,0.32403819788132504,0.3115421403504305,0.3254526186733401,0.32380544145234574,0.3220236161038198,0.18560325989156343,0.18796639045026922,0.18769790882325096,0.18533477826454517
PIP4P1,ENSG00000165782,chr14,20447680,20471465,137,0.27276742698841294,0.3471016224787762,0.3223255363051432,0.34580086822533124,0.3540221280570302,0.17787724109438824,0.20684362355841707,0.24845654473236756,0.2194901622683387
PNP,ENSG00000198805,chr14,20458953,20487089,193,0.1874902767381658,0.30051969305950543,0.28666379775927353,0.20352829645724974,0.2575517195557126,0.11362129913654856,0.14358962394330843,0.24379633918783034,0.21382801438107046
RNASE10,ENSG00000182545,chr14,20495536,20521169,158,0.5660534927810569,0.8305501991945272,0.6991112355544806,0.5573212232007919,0.7139133602373121,0.7045089641637965,0.6693244297107007,1.070689592301688,1.1058741267547838
RNASE9,ENSG00000188655,chr14,20546092,20570931,186,0.38588275725410504,0.5220938866879434,0.45259905076868107,0.4551216852422603,0.4862187865382753,0.31166832655465976,0.3397880037415067,0.42667265489325795,0.39855297770641107
RP11-14J7.7,ENSG00000259060,chr14,20572891,20619795,436,0.3402435269255799,0.3124602550087976,0.3091153632932925,0.35184177116693555,0.3044114949312873,0.21036885604260622,0.22262952525675725,0.16426678417349547,0.1520061149593445
RNASE11,ENSG00000173464,chr14,20573558,20619884,428,0.3558008420732934,0.29773833131626687,0.3041258423986532,0.3441409145463174,0.30555903336500295,0.21530505160216146,0.2053051986114949,0.13814414539449776,0.14814399838516423
RNASE12,ENSG00000258436,chr14,20580192,20600823,189,0.33972736362491157,0.2657187003296394,0.21086433735073534,0.33451343793244187,0.29118736863900024,0.24357424758705534,0.18596792811657564,0.0652888341413341,0.1228951536118138
OR6S1,ENSG00000181803,chr14,20630695,20651691,202,0.3262883165973596,0.4120217353939023,0.43442512604268946,0.3684136595888888,0.486657757995207,0.1780528683304799,0.16188670134000144,0.35301242839186725,0.36917859538234565
ANG,ENSG00000214274,chr14,20674176,20708971,212,0.3594300733774809,0.4944843317560033,0.4673927811330521,0.36804527574887813,0.41302326449249455,0.24880109116642374,0.3041718394518998,0.4333751542984533,0.3780044060129773
RNASE4,ENSG00000258818,chr14,20674559,20711216,231,0.38834797780376057,0.4890873254058362,0.4693182606485239,0.37355100645519146,0.41889891926255557,0.2647777728000433,0.29820697869519913,0.40677882178711416,0.3733496158919582
RP11-903H12.5,ENSG00000259171,chr14,20674586,20710576,223,0.3732922353634211,0.4965718306016813,0.4604356218012836,0.3580748823622091,0.39231643260806726,0.26829799982475394,0.3157484399949807,0.41801623974144264,0.37056579957121594
EDDM3A,ENSG00000181562,chr14,20735886,20758380,232,0.4325666214136267,0.7462593639926577,0.6331230693726723,0.40214809204517604,0.705150663672596,0.4676728783820734,0.3322820377910545,0.903769773359097,1.039160613950116
EDDM3B,ENSG00000181552,chr14,20758403,20780948,256,0.33185787290550567,0.6839877010491227,0.696618600994272,0.3329161562348651,0.8069560101828097,0.18123199297767922,0.0,0.9707421524443132,1.1959858983932314
RNASE6,ENSG00000169413,chr14,20771267,20792467,207,0.3988684363527366,0.7299214339463841,0.8150186950153188,0.38783708092960417,0.7194982293967521,0.06524166214293914,0.26431197973259024,1.2438007147850962,1.0447303971954451
RNASE1,ENSG00000129538,chr14,20791227,20812855,173,0.4970012127226816,0.526970293189402,0.4643576827235239,0.44478515796400775,0.5223119599628048,0.40573797402463685,0.2990999146417035,0.3428591133413231,0.44949717272425643
RNASE3,ENSG00000169397,chr14,20881384,20902348,28,0.8011095679945709,0.8741412554452617,0.8421746024985433,0.8297026992082628,0.037591100882240096,0.92066516929239,1.902244374732613,1.151929906575253,0.17035070113503015
RNASE2,ENSG00000169385,chr14,20945486,20966436,61,0.34759500239613456,0.4950452532542085,0.47679728444749125,0.39498806945362,0.29739370218822286,0.2312949617387975,0.4164174948754229,0.45199150238760516,0.2668689692509796
METTL17,ENSG00000165792,chr14,20979972,21007035,190,0.35989417908832394,0.41294769824053984,0.37149211312499625,0.3657493499730765,0.39124661982025544,0.25717821592021034,0.24580518335308865,0.2754631471017134,0.2868361796688351
SLC39A2,ENSG00000165794,chr14,20989254,21011871,142,0.46471856846334014,0.4985655708320672,0.42985586148811467,0.4741716807837445,0.29276077422090013,0.37668949207358665,0.4933383177539523,0.31359293747089695,0.19694411179053128
NDRG2,ENSG00000165795,chr14,21006762,21080872,506,0.3833012777396815,0.5274810862815411,0.4677062051613511,0.4214046906472441,0.4414189593464634,0.30124623828299374,0.35723696515244985,0.44843126553271073,0.39244053866325457
TPPP2,ENSG00000179636,chr14,21014108,21046276,239,0.4028498949363166,0.44859294322671056,0.45542223146334454,0.39431191392497045,0.4524556070218298,0.2515621131337114,0.2471801899544654,0.3437198694202567,0.34810179259950275
RNASE13,ENSG00000206150,chr14,21022817,21044807,171,0.33816566431222733,0.4968091090322883,0.39521200382542515,0.2941545554702368,0.44766673876492963,0.2983241883148357,0.22077048888195683,0.3884614876553475,0.46601518708822653
RNASE7,ENSG00000165799,chr14,21032315,21054234,175,0.41057691186356265,0.517750781121526,0.5173322132730162,0.47111796074578255,0.41960138282008336,0.2647393049880799,0.4111219833019386,0.46455494195349306,0.3181722636396344
RNASE8,ENSG00000173431,chr14,21047821,21068455,144,0.4177991264193414,0.5098944755791985,0.37385127568693544,0.5192760343408104,0.37801358759751147,0.39295347248377155,0.4853797865917041,0.3201810826186401,0.22775476851070758
ARHGEF40,ENSG00000165801,chr14,21060272,21100248,233,0.4466543663613418,0.7130129560915275,0.60892410093541,0.522683306212606,0.5703062239174934,0.4506185209584171,0.5716054074502999,0.7976996864591368,0.6767127999672541
ZNF219,ENSG00000165804,chr14,21080076,21114722,199,0.3866807180631278,0.6880823175510754,0.6713108172266518,0.43841815473179024,0.7117884893338396,0.27062144175693015,0.24897653076202253,0.8943945225319021,0.9160394335268096
TMEM253,ENSG00000232070,chr14,21088810,21113724,129,0.4462319467044046,0.7119445768978266,0.6426294564130286,0.46943078999772786,0.5754854963280308,0.4033148170155917,0.5107990681534336,0.8412875590180657,0.7338033078802237
OR5AU1,ENSG00000169327,chr14,21138369,21169060,297,0.3576218839012266,0.5561415449533672,0.4909337489010763,0.43771705503490693,0.46398029731363066,0.28982531676135753,0.3822076487312357,0.5224242455544803,0.4300419135846021
HNRNPC,ENSG00000092199,chr14,21199135,21279494,427,0.3309989743372067,0.346776019009379,0.30398136947604426,0.29180169314758814,0.30435302250715385,0.23271302009221873,0.20397668599065227,0.19312218537716047,0.22185851947872695
RPGRIP1,ENSG00000092200,chr14,21270082,21361301,546,0.44762174829613155,0.5421217579888467,0.37194014681736154,0.38352954167618036,0.3957672951948672,0.4547771983444389,0.3805504854283594,0.3263747790043473,0.4006014919204268
SUPT16H,ENSG00000092201,chr14,21341475,21394019,348,0.8093564949704549,0.8890243432815295,0.8944045121264053,0.7118267920658358,0.8821471294394413,0.8038274171193318,0.6521598408008062,1.3946169934447794,1.5462845697633054
CHD8,ENSG00000100888,chr14,21375193,21466126,451,0.7105585355340621,0.8501244554868027,0.8713090107510322,0.5764100940422567,0.8591091579202601,0.5437055248919334,0.3985848345864027,1.3542445076335468,1.4993651979390776
RAB2B,ENSG00000129472,chr14,21449019,21486960,217,0.6179905878657835,0.6946693626165803,0.7402151057828106,0.4939340558873406,0.6605655726970118,0.40038437190144416,0.3934869154248747,0.7859756606439375,0.792873117120507
TOX4,ENSG00000092203,chr14,21466596,21509175,0,,,,,,,,,
METTL3,ENSG00000165819,chr14,21488132,21521342,0,,,,,,,,,
SALL2,ENSG00000165821,chr14,21511079,21547216,0,,,,,,,,,
OR10G3,ENSG00000169208,chr14,21558519,21590076,232,0.2837046225498039,0.34359179824466923,0.27328004292340463,0.23790616747643464,0.28640549873310284,0.21771050220582477,0.1776088062497455,0.20326192258156706,0.24336361853764635
OR10G2,ENSG00000255582,chr14,21623835,21644940,0,,,,,,,,,
OR4E2,ENSG00000221977,chr14,21643834,21677642,0,,,,,,,,,
OR4E1,ENSG00000276240,chr14,21657885,21683818,0,,,,,,,,,
DAD1,ENSG00000129562,chr14,22554906,22599224,0,,,,,,,,,
ABHD4,ENSG00000100439,chr14,22588236,22623215,85,0.25440315986320144,0.519320597824036,0.4725464546744054,0.23343340057035541,0.4353551042413342,0.19321526251746235,0.21341510143547776,0.5393394921271755,0.5191396532091601
OR6J1,ENSG00000255804,chr14,22620928,22654352,0,,,,,,,,,
OXA1L,ENSG00000155463,chr14,22756521,22783042,183,0.5100209740307254,0.5834733814895133,0.5370365558186914,0.47875910806392313,0.5140323874391017,0.40954521005058553,0.4028672954152561,0.4662596993776468,0.4729376140129761
SLC7A7,ENSG00000155465,chr14,22763221,22839820,566,0.5033098603771521,0.5867872727313622,0.5506390871516279,0.46802687550545324,0.4906639891642974,0.39182637500949996,0.4201538541093774,0.49196636548651723,0.4636388863866398
MRPL52,ENSG00000172590,chr14,22819878,22845037,165,0.4712379009173172,0.6382657796640325,0.5672677699300587,0.47842955781310875,0.5342238521997731,0.4082130263297598,0.45185317127108376,0.6086325084488691,0.5649923635075451
MMP14,ENSG00000157227,chr14,22826559,22859041,213,0.5388885718695773,0.6693624040144099,0.6289698260772935,0.5149026779117326,0.6216349093250891,0.44468802341226943,0.4291212112620876,0.6620443561840458,0.6776111683342276
LRP10,ENSG00000197324,chr14,22861739,22891713,120,0.4884818175814703,0.7227527839257794,0.6758554944895967,0.45506845510658667,0.5659275898707621,0.41332599151326865,0.5276984383692322,0.869519702499912,0.7551472556439485
REM2,ENSG00000139890,chr14,22873221,22897678,89,0.6380695467908416,0.7690205888673975,0.789354519160245,0.5945135118412301,0.6500503836165951,0.4620755806771698,0.6590641705463457,1.0033511210515187,0.8063625311823428
RBM23,ENSG00000100461,chr14,22883203,22929182,247,0.5906597730092984,0.5166591559199069,0.5292427032853637,0.45712845517182293,0.5050750107515697,0.4334145997040962,0.31728334042018796,0.2936185931762122,0.4097498524601204
PRMT5,ENSG00000100462,chr14,22910524,22939408,155,0.5432723942722181,0.1262980740740741,0.4094308147073366,0.35264663385960726,0.24092020238206988,0.19600781779359328,0.14711530402497264,0.0,0.0
HAUS4,ENSG00000092036,chr14,22936227,22967161,126,0.5528370482464648,0.30936373513831056,0.39887654977164266,0.3803211050776705,0.23861088725503957,0.33300961563992026,0.28804254784341976,0.03713236765717537,0.08209943545367587
RP11-298I3.5,ENSG00000259132,chr14,22936269,22992258,226,0.4820822973071013,0.5693576890974998,0.4955471406925864,0.3749099547069472,0.4322965418908933,0.40806773950903774,0.37309046415336616,0.43440969902984433,0.469386974385516
AJUBA,ENSG00000129474,chr14,22961176,22992551,131,0.3172228514619986,0.7242229207298984,0.6250211766456666,0.41670334522466196,0.6105551690373119,0.3444317268332413,0.4420943696474406,0.9437306965880269,0.8460680537738278
C14orf93,ENSG00000100802,chr14,22975893,23020166,177,0.2889875175243668,0.6550404868488777,0.6378388304546984,0.2884503630639462,0.583454011961807,0.19486378431598783,0.2644399570529896,0.8694644377063662,0.7998882649693644
PSMB5,ENSG00000100804,chr14,23006542,23045230,79,0.26551998202080823,0.5288097976056604,0.4423280441191327,0.33731532509859147,0.3991997795382162,0.2385507731229995,0.3272283167777068,0.5139426666192182,0.4252651229645109
PSMB11,ENSG00000222028,chr14,23032211,23054060,119,0.32723422191182233,0.5720940387911205,0.4979317000608831,0.2993292754918363,0.4780363755167588,0.27809537399069356,0.2772058353735017,0.5707564503526029,0.5716459889697948
CDH24,ENSG00000139880,chr14,23037061,23067538,189,0.315190198896571,0.5658154426065888,0.5033510874423535,0.33201935733643045,0.48331529870879864,0.2565139069218507,0.2887296095581101,0.5777716809016971,0.5455559782654377
ACIN1,ENSG00000100813,chr14,23048563,23105614,339,0.26991080515076826,0.3993174458467471,0.41672616542236024,0.3467982581291934,0.3974942675747768,0.14258937192650184,0.21444991601427965,0.36709930814955727,0.2952387640617795
C14orf119,ENSG00000179933,chr14,23085504,23110456,151,0.2843544949306283,0.38481161327882774,0.36612265441227826,0.2653756436254966,0.3352262592537925,0.18224863650454073,0.19295709634377586,0.3035781017056069,0.2928696418663719
LMLN2,ENSG00000283654,chr14,23089061,23114989,162,0.2671373405342336,0.3460900445931574,0.34380775926227425,0.34023259907758385,0.36225819288089023,0.15714054958468396,0.195415890103761,0.2676450702835651,0.22936972976448802
CEBPE,ENSG00000092067,chr14,23107305,23129255,151,0.3018679859535383,0.4276177859710045,0.3818296861330573,0.3322910955119613,0.41644321777503185,0.21815204796451074,0.21161887885883018,0.33979625644388856,0.346329425549569
SLC7A8,ENSG00000092068,chr14,23115294,23193674,536,0.4314106352437841,0.5917302360834948,0.5338338368051584,0.5006746552138364,0.5834930231045758,0.3486053930820113,0.3572362364279633,0.5472217439133061,0.5385909005673541
RNF212B,ENSG00000215277,chr14,23175315,23283477,727,0.3901226706309509,0.3677178502537846,0.40157219888931345,0.3755914638750674,0.3731716676200162,0.2197337960475666,0.23114369830182588,0.23868574894030437,0.22727584668604517
HOMEZ,ENSG00000215271,chr14,23262421,23309447,236,0.3899513374919059,0.45139865901654075,0.4258410466803135,0.3977937904273948,0.39651553537101636,0.26987540383115227,0.30125181335902607,0.3305078522766829,0.2991314427488091
PPP1R3E,ENSG00000235194,chr14,23285651,23312859,132,0.5750921392952216,0.655671771478223,0.5334811196467055,0.6275471022641215,0.5749991561395069,0.5797930342938282,0.5990702487634788,0.4863668895496454,0.4670896750799947
BCL2L2,ENSG00000129473,chr14,23288789,23321751,163,0.513193130433243,0.6418789599573246,0.5864961590759479,0.6002269496961187,0.595347841469653,0.4318417897921569,0.5195075337193295,0.59504245925457,0.5073767153273975
BCL2L2-PABPN1,ENSG00000258643,chr14,23296832,23336175,202,0.5362276338682531,0.5900090323731105,0.5215116814960018,0.6260972000877163,0.6196643050012575,0.4614290529728887,0.454339274993888,0.4301910967318812,0.4372808747108819
PABPN1,ENSG00000100836,chr14,23311456,23336163,125,0.5795843842248914,0.538291899237975,0.5357405163455127,0.6418022928242569,0.6125916331904625,0.4360111243438222,0.4256083317738351,0.33681127976916664,0.3472140723391538
SLC22A17,ENSG00000092096,chr14,23336305,23362912,159,0.32463683184716663,0.5915477788686958,0.5133723573486897,0.320782241073626,0.48783014173286393,0.2838144983313607,0.30654743811109914,0.6115658349261494,0.5888328951464109
EFS,ENSG00000100842,chr14,23346402,23375752,154,0.42587882926352455,0.5391578311805726,0.41080308077825645,0.4172222090428752,0.45140544616673645,0.4003098222670221,0.35712667327339254,0.374389839325481,0.41757298831911044
IL25,ENSG00000166090,chr14,23362808,23386403,65,0.16461800464802473,0.2801120972549544,0.22671986235784586,0.199394486539209,0.23618020587717567,0.12570602805853326,0.14081166315333593,0.2029537416664285,0.18784810657162582
CMTM5,ENSG00000166091,chr14,23366772,23389772,47,0.05047878305601144,0.21858515756148678,0.23749833245956894,0.1025044261938754,0.16578367480894562,0.01364796094801135,0.08676683232863104,0.23300114091923257,0.15988226953861287
MYH6,ENSG00000197616,chr14,23371981,23418273,6,0.0716108000643209,0.21421461449942458,0.03960537788073115,0.05811710091537595,0.07188108059188199,0.1374823968164174,0.11317524243267306,0.1035891734574054,0.12789632784114974
MYH7,ENSG00000092054,chr14,23402739,23445660,86,0.4064936400651421,0.364300395256917,0.37308472339304094,0.3242855680804713,0.44146500020690593,0.2538963116533989,0.13128794101997954,0.1991328351529944,0.32174120578641374
NGDN,ENSG00000129460,chr14,23459688,23519862,321,0.46144881377973396,0.3252083608590525,0.36364895232535366,0.5496599232166868,0.3830663672602862,0.28010957296047573,0.3540548743312186,0.1132417455556114,0.039296444184868495
ZFHX2,ENSG00000136367,chr14,23510856,23566192,247,0.35909049854062086,0.4363059890928743,0.29306021649926467,0.36489499172242723,0.32070516074072625,0.3356504676980818,0.3202543074986861,0.23759324086335298,0.2529894010627487
THTPA,ENSG00000259431,chr14,23545987,23570271,104,0.36815254493061894,0.3370152482456604,0.3938509901833527,0.24197634020333833,0.12762880052996953,0.1847405690504948,0.2757518550555448,0.22626271887249055,0.1352514328674406
AP1G2,ENSG00000213983,chr14,23549564,23578070,107,0.12464975863394483,0.2397727485350275,0.17811252427475224,0.1170427234652278,0.17967769156358698,0.10555864401870892,0.10027919121196162,0.1685792312936622,0.17385868410040956
JPH4,ENSG00000092051,chr14,23558034,23588790,110,0.24229709571799124,0.48395522204453195,0.5065671831201051,0.3098459762217603,0.506257505188558,0.11632854496322026,0.1633305292261501,0.545233193318967,0.49823120905603724
DHRS2,ENSG00000100867,chr14,23620114,23655639,244,0.5936392860472127,0.7310865825714319,0.6056214740660042,0.6637282308383151,0.5705745895381052,0.6417178850675652,0.7789471050139524,0.671647934418736,0.534418714472349
DHRS4,ENSG00000157326,chr14,23943733,23979279,35,0.27945705394908815,0.3284075937237992,0.27242895563799174,0.3445974268835419,0.38640348225621185,0.20390514547606434,0.1660957866942179,0.1941985152811418,0.2320078740629882
DHRS4L2,ENSG00000187630,chr14,23959873,24016408,118,0.28420614832943547,0.5790764929448255,0.5132461740082634,0.316349309849032,0.6050563056339314,0.23983522546126246,0.15830013191583436,0.6254689298023913,0.7070040233478194
CARMIL3,ENSG00000186648,chr14,24042008,24079729,191,0.37597556834279244,0.6602284949126981,0.688006306626121,0.4524057343321017,0.654992239746194,0.19313769215783494,0.30875710990850547,0.8863442389976727,0.7707248212470024
CPNE6,ENSG00000100884,chr14,24060836,24088100,135,0.28508744755015136,0.7018689501901179,0.6796144512753126,0.33604084441760196,0.7122148515989685,0.2037935020276347,0.18710783950424303,1.0064286226544574,1.0231142851778494
NRL,ENSG00000129535,chr14,24068661,24125010,298,0.39753080485271497,0.6099692889203876,0.5482345285391703,0.37794374339331027,0.6122251571859073,0.32682821882662927,0.23446206620177745,0.6147015777741669,0.7070677303990187
PCK2,ENSG00000100889,chr14,24084052,24120598,201,0.41183349880911696,0.6792764978895353,0.604026264882355,0.40518033029021494,0.6442982966670547,0.3707568508350361,0.3115050376559567,0.7664190403461986,0.8256708535252781
DCAF11,ENSG00000100897,chr14,24104194,24135242,145,0.4068899542297537,0.06570879216920118,0.32358251410810307,0.12106758312693014,0.06377976820180078,0.09969880766212924,0.06555491724780288,0.0,0.0024121864144679567
RP11-468E2.6,ENSG00000259371,chr14,24110955,24141829,135,0.39909143174072265,0.04131951418738868,0.41899610208550936,0.22007899848192158,0.09405379787957775,0.00425605473568702,0.0959923621106024,0.03794137921304064,0.0
FITM1,ENSG00000139914,chr14,24120658,24142849,89,0.3928239288305651,0.4159858779033415,0.4361606068839435,0.4378696227998155,0.10501711685587005,0.23189037245899818,0.5014504484989617,0.30593974231492327,0.03637966627495981
PSME1,ENSG00000092010,chr14,24126162,24148967,88,0.43827150500185824,0.5246199815588972,0.4106331077493087,0.36389022370035035,0.08687225059377496,0.3958355122908794,0.5525726983900832,0.3478052436937126,0.1910680575945088
EMC9,ENSG00000100908,chr14,24128958,24151591,90,0.3547110521922719,0.4511981231671553,0.3965082781346292,0.3001911673631914,0.07437070554155069,0.26652595433975335,0.43984220285647607,0.33349182835163504,0.16017557983491232
PSME2,ENSG00000100911,chr14,24133361,24157570,105,0.3143119471043647,0.5602743288457575,0.5891731924255872,0.2395517020094906,0.6256939104791699,0.15467658158388647,0.05638498993736035,0.6669276395765354,0.7652192312230616
RNF31,ENSG00000092098,chr14,24136682,24170660,172,0.3268842040278481,0.6937554334876712,0.6168052699460694,0.2410524394524395,0.6910117558133758,0.3099985892881156,0.1423709029652852,0.873372669993035,1.0410003563158654
RP11-468E2.4,ENSG00000259529,chr14,24137547,24176452,191,0.36433502784089816,0.7626551573090157,0.694911191283582,0.29035494975709675,0.7155898468075591,0.35208621103066107,0.2619468224115403,1.0861549518989448,1.1762943405180655
IRF9,ENSG00000213928,chr14,24151264,24176565,128,0.36829117911664805,0.8188558036432986,0.7634937593012389,0.24123418736978172,0.7961571062250494,0.36300396685913183,0.19705914299704674,1.3454579330721121,1.5114027569341972
REC8,ENSG00000100918,chr14,24161852,24190257,151,0.4103555112138723,0.8270662582560486,0.742032889113161,0.2773155649382065,0.7844549763033177,0.46407952962565446,0.2725219535411282,1.2907672239199917,1.482324800004518
IPO4,ENSG00000196497,chr14,24170218,24198869,152,0.43583649169027355,0.7660315251172152,0.6748611473412601,0.41177883028571155,0.6284822451015055,0.45073855381464967,0.4965312673761239,1.0018303416088488,0.9560376280473746
RP11-468E2.2,ENSG00000259522,chr14,24170394,24200416,162,0.4379145117626623,0.7706369877353145,0.6800232407423722,0.40282455072856055,0.6236431223752253,0.4545218686774436,0.5053881024547842,1.0179274554678723,0.9670612216905317
TM9SF1,ENSG00000100926,chr14,24179148,24205687,145,0.3966374956647912,0.6527191037860859,0.5707076497723355,0.3132224492087539,0.5767112415651452,0.3586206495366152,0.2868327378593746,0.6990006777908638,0.7707885894681045
RP11-468E2.1,ENSG00000254692,chr14,24179156,24223473,228,0.41486025633912216,0.6346146072540028,0.5232451674575985,0.3563077040758627,0.5292316513946181,0.4009771480009819,0.3469739727533179,0.6058254639009073,0.6598286391485713
TSSK4,ENSG00000139908,chr14,24195695,24218362,115,0.2909684054159649,0.42812191302252744,0.338582244811867,0.2750229053830403,0.31281722069532775,0.24465750115022014,0.2526448476933666,0.3141719438233057,0.3061845972801592
CHMP4A,ENSG00000254505,chr14,24199614,24223830,120,0.35211156949075917,0.5302503129982924,0.40375957202154206,0.37914727129386827,0.38301889396469635,0.33624039448872023,0.3746499030789531,0.419314912508297,0.38090540391806416
MDP1,ENSG00000213920,chr14,24203942,24226070,104,0.42882600218296957,0.5567633129259558,0.4947869542692239,0.41596137852803566,0.49862972346708906,0.34546884718344234,0.3305145795006274,0.4681825220973619,0.4831367897801768
NEDD8-MDP1,ENSG00000255526,chr14,24203954,24242352,179,0.4406348100036665,0.5830033043978423,0.5893684730794657,0.47927158574351714,0.5961427101769494,0.28278535709608765,0.3102549629759358,0.5918916243340939,0.5644220184542459
NEDD8,ENSG00000129559,chr14,24206856,24242367,165,0.4546084848469938,0.6586646356049233,0.6745170386863759,0.5003346178539648,0.6488680869303708,0.27934800629708223,0.3610565732951786,0.7955418053952137,0.7138332383971171
GMPR2,ENSG00000100938,chr14,24222421,24249242,132,0.47985821174382176,0.7590247308235127,0.7255790191614738,0.5516920060898038,0.6691840640209059,0.3918114389306322,0.5595713108600822,1.0312495293513375,0.8634896574218875
TINF2,ENSG00000092330,chr14,24229642,24252674,117,0.48447017654173724,0.7562557769150918,0.7129055169520762,0.5886279759200084,0.7061298991025705,0.4131260425575136,0.5376378662061143,0.9985098269919994,0.8739980033433987
TGM1,ENSG00000092295,chr14,24239113,24274432,210,0.45858762883296433,0.7600551608589889,0.7017046347417311,0.5257867109889885,0.7455380027322471,0.41562457296993827,0.40242026169730905,1.0117216459992124,1.0249259572718417
RABGGTA,ENSG00000100949,chr14,24255537,24281611,142,0.4002469367580916,0.7912407967139429,0.621237227215193,0.3950257074226046,0.6903244608888559,0.5534829495831204,0.4484564822183861,1.0130908790420032,1.1181173464067373
DHRS1,ENSG00000157379,chr14,24280597,24309780,154,0.4333407137424155,0.7503535947506892,0.6076542107904784,0.4711537051513346,0.6354620155389716,0.5100475452732526,0.5078213326967586,0.8776621960275179,0.879888408604012
NOP9,ENSG00000196943,chr14,24289849,24319124,135,0.5433640871331812,0.7452369934042732,0.6714958075625469,0.5062362168055445,0.6670749938650554,0.5190423841402431,0.4866407892645189,0.8483791677294279,0.8807807626051519
CIDEB,ENSG00000136305,chr14,24295095,24321430,127,0.6191970851516936,0.855257227700503,0.6994779988146491,0.6574370171092275,0.7007004849511201,0.8480180526019617,0.8988931791005004,1.0847790434742688,1.03390391697573
LTB4R2,ENSG00000213906,chr14,24295733,24322053,131,0.5635517927270873,0.8503673359066838,0.691137443529713,0.59655067755396,0.7204010245431609,0.776899278814874,0.7664386777738942,1.1226726155904607,1.1331332166314403
LTB4R,ENSG00000213903,chr14,24301449,24328036,148,0.5855307674365421,0.7633044299710967,0.7435069625945347,0.6341237213796571,0.7736257884804125,0.4805416269127556,0.4804373358084739,0.9604388512763204,0.9605431423806021
ADCY4,ENSG00000129467,chr14,24308348,24345093,229,0.40451487455693863,0.6878031828071478,0.6322096985196677,0.45242111107882915,0.6312465039206897,0.3411289991615071,0.38437165678011836,0.8229924665611175,0.7797498089425059
RIPK3,ENSG00000129465,chr14,24326024,24350022,178,0.3721271427343922,0.6254154475626575,0.5652534049759999,0.4628036209467952,0.5116218934341555,0.3071816795466797,0.4433319587354843,0.6747560477628307,0.5386057685740261
NFATC4,ENSG00000100968,chr14,24355672,24389604,193,0.3835271490270758,0.6453776403720071,0.5405518614262431,0.45702402935910025,0.6376159112690423,0.371356808822921,0.3161707166796278,0.6653450225905436,0.7205311147338369
NYNRIN,ENSG00000205978,chr14,24389002,24429283,223,0.4490536670679844,0.5635100637384489,0.5018150398175254,0.4920890322523393,0.50550856010899,0.36416198427246366,0.4011068139479918,0.46482797522489194,0.42788314554936385
CBLN3,ENSG00000139899,chr14,24416544,24440954,184,0.65084406231078,0.522553273829376,0.5658708305179289,0.6196700619139844,0.523963936365173,0.4785630867968343,0.48187858734565686,0.2607396067177754,0.25742410616895284
KHNYN,ENSG00000100441,chr14,24419285,24451843,257,0.7141466569093836,0.4939115058504195,0.5806343966967422,0.6099672160186248,0.488584866581713,0.5321539717517187,0.47599729641804867,0.1488897636106833,0.20504643894435348
SDR39U1,ENSG00000100445,chr14,24429765,24452905,191,0.6817257354559332,0.39632953712953706,0.5882806035675652,0.6071130860901562,0.5538459667125594,0.3810776918564085,0.31593463006260997,0.12364912935405814,0.18879219114785667
CMA1,ENSG00000092009,chr14,24495352,24518265,156,0.5799858096578839,0.6378016323807841,0.6421978018887585,0.5780693222553687,0.6659500080069943,0.4276275288100174,0.39100643449972616,0.5879357115821731,0.6245568058924644
CTSG,ENSG00000100448,chr14,24563517,24586250,113,0.33618677224636523,0.6225833702044042,0.5704026163856394,0.30775017815027833,0.57811494056535,0.2696266046974607,0.2395957920670732,0.7047789782097444,0.734809790840132
GZMH,ENSG00000100450,chr14,24596479,24619699,150,0.3201323512741309,0.5389452709182724,0.48581715420494426,0.3054545370304459,0.4660325793029847,0.24745965658357988,0.255657865263754,0.5267788682667325,0.5185806595865584
GZMB,ENSG00000100453,chr14,24620953,24644267,181,0.25698846388817104,0.5620566414568169,0.471752423855981,0.2734505236616229,0.47883412564384387,0.2422595961958927,0.24671374015627306,0.5834060991667019,0.5789519552063215
STXBP6,ENSG00000168952,chr14,24799655,25060297,1616,0.35322125966529894,0.36267472203466744,0.30649446465103697,0.36018766703833166,0.3088127552539265,0.260115038303226,0.2638554866131416,0.19036007499128255,0.18661962668136697
NOVA1,ENSG00000139910,chr14,26433089,26608033,829,0.5605208799050614,0.5043943362320283,0.5042479104074673,0.5333777456309203,0.5263143041344988,0.41123023795631286,0.3584993304275035,0.2907444632328853,0.3434753707616946
FOXG1,ENSG00000176165,chr14,28756786,28780277,82,0.3819594050280562,0.6278020598814791,0.5509272787062941,0.3307826529098959,0.5537389958401858,0.3344800817961753,0.29156228509668575,0.6538493873334781,0.6967671840329676
PRKD1,ENSG00000184304,chr14,29566478,30201898,3878,0.4300407937694093,0.4998083272959759,0.437555450004053,0.4426364872678522,0.47695872446379767,0.33974583489674137,0.31460331856530943,0.3530180737132342,0.378160590044666
G2E3,ENSG00000092140,chr14,30549157,30630064,448,0.3396118916242515,0.39485566080875767,0.3714935618272493,0.2872319207503994,0.358908987570731,0.2264034193678248,0.19815180559259332,0.27588485286287234,0.30413646663810373
SCFD1,ENSG00000092108,chr14,30612290,30747694,708,0.36223555244895983,0.3955167401275921,0.2762529595567968,0.34633922160332936,0.2846867999617491,0.31492711540205404,0.29675663059859725,0.18845418642744333,0.2066246712309002
COCH,ENSG00000100473,chr14,30864513,30905065,230,0.39543232064153394,0.496488198874249,0.5018434282432275,0.4309493811028,0.513581385910601,0.2462744673092951,0.2646241683037159,0.43987366160468233,0.42152396061026165
STRN3,ENSG00000196792,chr14,30883798,31036401,390,0.49618196533441483,0.5757388151991119,0.51063097215156,0.5481129810422157,0.5361406460667131,0.4141538570016045,0.44177760536856703,0.4432521545109715,0.415628406144009
AP4S1,ENSG00000100478,chr14,31015105,31140996,332,0.38867021109472516,0.4032495282859433,0.3079947753435831,0.39029754925174304,0.3294009621506228,0.3201065813478837,0.30572828502965527,0.1961496419438094,0.21052793826203786
HECTD1,ENSG00000092148,chr14,31090111,31217804,525,0.3553407371854897,0.4090803694362199,0.33832240294085236,0.4180969415414767,0.33826789665552814,0.2760658905076958,0.3273160941936801,0.25000936920944417,0.19875916552345996
HEATR5A,ENSG00000129493,chr14,31281787,31430550,781,0.6276951414475394,0.7271034493772147,0.7113647646643344,0.7172234422326433,0.7321507671317558,0.5220565948061937,0.6222148560432856,0.7766058962528359,0.676447635015744
RP11-176H8.1,ENSG00000203546,chr14,31324311,31467441,746,0.6470163696617474,0.7206192755385238,0.7059552854578975,0.6959774334580686,0.6890007461594383,0.5462449933783052,0.6489342029173427,0.7289348302035001,0.6262456206644628
DTD2,ENSG00000129480,chr14,31436035,31467506,133,0.4171840536222283,0.5622374038085929,0.43609817444954563,0.4839211981127938,0.4684038674499256,0.39654363297053064,0.4278515572104933,0.429534900407761,0.3982269761677984
GPR33,ENSG00000214943,chr14,31472874,31498039,141,0.4244727598194512,0.4588764832673275,0.27375665400402444,0.4995216273458183,0.35435113406261604,0.42335315008962626,0.43439956639381117,0.1907545642148854,0.1797081479107005
NUBPL,ENSG00000151413,chr14,31479955,31871224,2761,0.45035408018771095,0.43895674952488634,0.3894585818798941,0.45132802374214076,0.4258917781641283,0.34151456327892793,0.3116372148288594,0.236442717831146,0.2663200662812145
ARHGAP5,ENSG00000100852,chr14,32066113,32169728,572,0.3787538958536301,0.46519237723295,0.5124179133621414,0.39432451801617313,0.4900657159676586,0.1917897665376923,0.22689285429305217,0.4340584138271185,0.3989553260717586
AKAP6,ENSG00000151320,chr14,32319297,32847684,3872,0.46605653066023905,0.5964344678663139,0.5200769189106192,0.4586625278912994,0.5285124445708388,0.40037613391977783,0.3846331129051348,0.5070402612860615,0.5227832823007044
NPAS3,ENSG00000151322,chr14,32924395,33830863,6520,0.3632755048411786,0.46207903577988374,0.4031544719304878,0.38968535633437684,0.41927711709363674,0.27768245544284587,0.2851713400623425,0.34236118082340516,0.33487229620390846
EGLN3,ENSG00000129521,chr14,33914226,34472774,2995,0.439098484780763,0.5296570618162036,0.4595237350505941,0.4331268609675313,0.4783335064686341,0.35859928984868666,0.3355930695219381,0.3956939047884507,0.4187001251151993
SPTSSA,ENSG00000165389,chr14,34422787,34472240,0,,,,,,,,,
EAPP,ENSG00000129518,chr14,34505937,34549711,137,0.4845624035159129,0.6541344951028145,0.6279312815323732,0.49866648063345453,0.5671986694985581,0.36788380807888543,0.4573562542219632,0.6938214855844482,0.6043490394413706
SNX6,ENSG00000129515,chr14,34551092,34640160,446,0.527584977676234,0.6359986195135816,0.6202834314530126,0.4912691168378922,0.5462499536619423,0.3960824185782392,0.4481124732761553,0.6145152002292433,0.5624851455313273
CFL2,ENSG00000165410,chr14,34699112,34724823,79,0.37230170639389015,0.24253428157574225,0.2242321911669763,0.4225862364400859,0.26307572209211555,0.2447853159914351,0.2608515189913263,0.032991682836871095,0.016925479836979895
BAZ1A,ENSG00000198604,chr14,34742730,34885647,594,0.3632755442395681,0.36803413521966954,0.26360925049670464,0.3939785254547,0.2952402123729438,0.30217189437570946,0.30493074685710164,0.15674800334176742,0.15398915086037523
SRP54,ENSG00000100883,chr14,34971956,35039686,382,0.25149651909227416,0.4121313399637261,0.3248922272435878,0.2220616220855509,0.35500608792449295,0.21402410521464038,0.17192264307579497,0.3172276181043058,0.35932908024315113
FAM177A1,ENSG00000151327,chr14,35034906,35123130,498,0.23735741834599883,0.32201376935688103,0.21268005121728262,0.23387865916647627,0.21380721076846676,0.21023676239611397,0.20724488785677095,0.17839153763781387,0.1813834121771569
PPP2R3C,ENSG00000092020,chr14,35075466,35132517,285,0.2327787646663574,0.3230271757092445,0.2508460428954638,0.23774004888711067,0.2309952818380513,0.18314672932832493,0.19946680624141241,0.2069774189198151,0.19065734200672757
PRORP,ENSG00000100890,chr14,35111845,35287622,915,0.37319925399759524,0.5182867401990907,0.4410483198137842,0.36180344045735563,0.41811955883612634,0.3079202838273128,0.31901245737652945,0.42248595480407414,0.4113937812548576
RP11-561B11.2,ENSG00000258790,chr14,35112548,35327474,1146,0.36643192490531284,0.4998207996555104,0.43966976515287826,0.36730729408464413,0.422336906066988,0.2849738531929268,0.300897406380269,0.4078149908882246,0.3918914377008824
PSMA6,ENSG00000100902,chr14,35268632,35327493,331,0.27178505975829376,0.27310590804804985,0.3188646727540024,0.24230079712551744,0.297833863968707,0.12606962144108905,0.12142902519586626,0.19290486881501925,0.19754546506024206
NFKBIA,ENSG00000100906,chr14,35391512,35414749,155,0.34029257223191794,0.4111406267110965,0.3287230759371018,0.3061107795469359,0.3550679617337931,0.27347659437074534,0.22820025001075694,0.2560912844936526,0.301367628853641
INSM2,ENSG00000168348,chr14,35524163,35547054,80,0.3308319585548255,0.45995579731269165,0.4095737624364378,0.5014019825804066,0.3913398682803569,0.24545689347392158,0.4077820635459757,0.3706473924716339,0.20832222239957998
RALGAPA1,ENSG00000174373,chr14,35528351,35819304,1000,0.3249520444127685,0.42615930362966953,0.33773032994264046,0.3291192472096681,0.3747790299034742,0.26814627477315356,0.24245859376400977,0.2872571788645465,0.31294485987369025
BRMS1L,ENSG00000100916,chr14,35816337,35942325,535,0.3269253335517888,0.40480622247121373,0.36699963347728914,0.38909754272334524,0.4522752808010651,0.2287414909642323,0.20485188570472906,0.2901267589743924,0.31401636423389556
MBIP,ENSG00000151332,chr14,36288563,36330637,196,0.6563179517849415,0.7118532346660577,0.7829041011303699,0.6910993634654817,0.8033409578685617,0.39245378073394277,0.3963685724402667,0.8518315460612099,0.8479167543548862
SFTA3,ENSG00000257520,chr14,36463206,36531149,331,0.5037675784162481,0.4470810765859724,0.5556357124260053,0.5125939495531308,0.4959422834869463,0.24107209257431123,0.3130685620259469,0.3514718079053184,0.2794753384536828
NKX2-1,ENSG00000136352,chr14,36506391,36531149,101,0.5680044990746351,0.532013751337568,0.5962275964076982,0.5747005921802819,0.5889878675106056,0.34587627740089016,0.3625728451597348,0.4134400892952265,0.396743521536382
NKX2-8,ENSG00000136327,chr14,36570003,36592614,142,0.4099416956285991,0.30520416509507925,0.3229194356591152,0.3185308517852566,0.2224801862072167,0.2508530770638784,0.24799769365335872,0.11328416223692106,0.11613954564744075
PAX9,ENSG00000198807,chr14,36647567,36689362,329,0.2927451862163297,0.20461853939758815,0.18967746811828368,0.28440115895347046,0.21855043054491805,0.18248739708539777,0.1584821700014747,0.04644605766432591,0.07045128474824902
SLC25A21,ENSG00000183032,chr14,36667920,37182606,3524,0.4199631416596568,0.4523317787554697,0.41986158106435845,0.4292659722863841,0.4333513716711761,0.301130344545048,0.297450859646417,0.30095526652443,0.30463475142306085
MIPOL1,ENSG00000151338,chr14,37187912,37562361,1981,0.6242565983061698,0.7328578907799059,0.6635129236023295,0.6804170343021515,0.7242383157961966,0.6048138960919534,0.5862473169690973,0.7151606218116617,0.7337272009345177
FOXA1,ENSG00000129514,chr14,37579551,37606059,116,0.3953594977548936,0.7699403174773963,0.6892466038223433,0.4383954832590085,0.6497522991423063,0.4018910517706338,0.498629620044419,1.067525462721103,0.9707868944473178
TTC6,ENSG00000139865,chr14,37585846,38051442,2411,0.4950608682874067,0.6698076914129876,0.5612358562372894,0.4763159775221706,0.5782110520834076,0.4838020804852006,0.445848307288004,0.6242779604771953,0.6622317336743919
SSTR1,ENSG00000139874,chr14,38197903,38223067,154,0.48957880191159864,0.4204376901911478,0.4039994296604376,0.44814506735279486,0.4597550516729825,0.35024372956126093,0.2621097673722102,0.1952383690237941,0.2833723312128448
CLEC14A,ENSG00000176435,chr14,38243999,38266093,128,0.4622634749874226,0.4903226643949534,0.37026362426655746,0.4232079306483057,0.39075649729058826,0.41595499981018313,0.3643568101629645,0.25802242896126787,0.3096206186084866
SEC23A,ENSG00000100934,chr14,39021918,39119646,541,0.46946196054806955,0.3541906334333933,0.30247972493687547,0.510996028934617,0.34222790625122573,0.35544541900977566,0.3668694079789333,0.08180549793390679,0.0703815089647492
GEMIN2,ENSG00000092208,chr14,39104284,39146973,299,0.4873309480420774,0.3733527398607451,0.34994527562188565,0.571028162483077,0.408424356136042,0.35239875838248647,0.39438488512955305,0.11497272178617057,0.07298659503910393
TRAPPC6B,ENSG00000182400,chr14,39137810,39180532,318,0.384469420549742,0.3154738010460731,0.3130559739932569,0.464597792862556,0.26329709292859854,0.24439827332451264,0.3490974033337163,0.13463008707585186,0.029930957066648223
PNN,ENSG00000100941,chr14,39165182,39193220,216,0.3691102426975194,0.33024007075454015,0.21660383819092235,0.4212624917054706,0.2772214837091489,0.30867166549837977,0.3115448797597107,0.09216427986776096,0.08929106560643002
MIA2,ENSG00000150527,chr14,39220230,39398513,1041,0.40704691427172274,0.39444792677445256,0.3185036773712878,0.43698459168785425,0.3533288481242626,0.3203951460076345,0.3200728112885196,0.1812195733066777,0.18154190802579256
FBXO33,ENSG00000165355,chr14,39387668,39442500,323,0.3428167728093419,0.4716000046330317,0.39337927580413357,0.4046237387665625,0.39387346566935183,0.2789213050366265,0.32789845219860086,0.35898041006537934,0.3100032629034049
LRFN5,ENSG00000165379,chr14,41596875,41914549,1982,0.40230788981576626,0.6330522870635111,0.5619431696180898,0.3732845303625681,0.5882283483469316,0.3459044044406792,0.2912561117874742,0.6566315081996253,0.7112798008528305
FSCB,ENSG00000189139,chr14,44494148,44517283,181,0.3006314420434402,0.45502537794728415,0.3680644918033202,0.26398828087187143,0.3498219713053473,0.25281276375552736,0.24150811240073383,0.35420328668843903,0.36550793804323267
C14orf28,ENSG00000179476,chr14,44887274,44917257,195,0.28757068088023513,0.39894331794845195,0.2806626638175481,0.342235763499704,0.4406572722185481,0.2593578759046804,0.17349093304060426,0.2497081600916803,0.33557510295575643
KLHL28,ENSG00000179454,chr14,44914323,45052322,687,0.19466978690598943,0.22083058339034428,0.022328269001778527,0.21728815244479252,0.012192468340479037,0.22172417077993387,0.24112501622003907,0.0278026063751034,0.008401760934998198
TOGARAM1,ENSG00000198718,chr14,44952189,45084431,615,0.2537208091109643,0.2697444023140869,0.032019750105041246,0.30284338932489246,0.019796698279006812,0.28723628783114025,0.3275552975833165,0.027124384474780994,0.0
PRPF39,ENSG00000185246,chr14,45074106,45126282,194,0.3229661122521105,0.3420286828181565,0.1512384394208152,0.3686687861222339,0.1639020958980839,0.32232545579543104,0.3497545139757465,0.0962684837205525,0.06883942554023706
FKBP3,ENSG00000100442,chr14,45105598,45145319,148,0.23924051840509827,0.426678486105872,0.3969088333719361,0.2927735674627327,0.5143606765147974,0.1620298674553904,0.09021197102153833,0.39427874590079537,0.46609664233464737
FANCM,ENSG00000187790,chr14,45125929,45210890,383,0.3285029112779088,0.563275747472975,0.40654821310427575,0.398155720602673,0.4607120937809083,0.3524497895962384,0.3593520607578269,0.4760034945376008,0.46910122337601234
MIS18BP1,ENSG00000129534,chr14,45193189,45263540,349,0.41315843726445095,0.5922261381532625,0.5876547738078217,0.43475953676260565,0.629292728357777,0.27207428565833114,0.23760200255064706,0.6249682327581632,0.6594405158658472
RPL10L,ENSG00000165496,chr14,46641009,46661781,107,0.5086527968424478,0.5291348959228768,0.41484938144334726,0.5600463414962962,0.5039650491362772,0.4639509491491121,0.43658030956527105,0.28923268007112984,0.31660331965497085
MDGA2,ENSG00000139915,chr14,46829628,47685605,5508,0.45459729443884067,0.6211391293084122,0.5802199873281665,0.443404224247737,0.5616207466154886,0.3543963003550152,0.3659156942205565,0.6161899367414132,0.6046705428758719
RPS29,ENSG00000213741,chr14,49560983,49609164,225,0.3731747670340185,0.3142433723624139,0.21153082001704532,0.4406670225198615,0.2725407876365165,0.30332901833794523,0.3200227271272744,0.07390346607174494,0.057209757282415896
LRR1,ENSG00000165501,chr14,49588760,49624672,174,0.32843365288412774,0.2913252760967478,0.2099534890825178,0.3614912016965947,0.25342800732610005,0.25341882106173114,0.2503576184170411,0.09093981817940375,0.09400102082409378
RPL36AL,ENSG00000165502,chr14,49608529,49630626,136,0.3429785809501339,0.3154987190131841,0.2817993065119966,0.35416508601530616,0.2475448499494354,0.23404859548608084,0.2659311182020837,0.1450161673495582,0.11313364463355524
MGAT2,ENSG00000168282,chr14,49610798,49633481,144,0.3707028844812413,0.29315079128795174,0.23945755820692294,0.40722362418133373,0.27311939065211066,0.26818316506484974,0.2754414690566266,0.07875475406154886,0.07149645006977201
DNAAF2,ENSG00000165506,chr14,49615173,49645244,170,0.4107241903972725,0.2634787211297279,0.2590834232191219,0.4973922973488992,0.27507196436450737,0.26740542350336616,0.33603979487518565,0.03841172811256299,0.0
POLE2,ENSG00000100479,chr14,49633554,49698422,296,0.3496636827877489,0.5033583850404035,0.44266825615051364,0.3401584848446451,0.4585562052290709,0.27277881125740566,0.251063098823037,0.4271077984041245,0.44882351083849314
KLHDC1,ENSG00000197776,chr14,49683104,49763150,334,0.7129420788793219,0.8650081449670819,0.8226445071330314,0.7109335842382489,0.7939049731004698,0.7605064884735573,0.8321108597367713,1.2420343469797597,1.1704299757165455
KLHDC2,ENSG00000165516,chr14,49758129,49796385,207,0.8322900848361946,0.8751213730068658,0.8169124577897043,0.7875420492468478,0.8536059122248795,1.0840708085719029,0.853985562066001,0.9963421888732503,1.2264274353791522
NEMF,ENSG00000165525,chr14,49772082,49862821,476,0.8121546335901627,0.8631613468271824,0.8628181524688227,0.811533453101781,0.8721739130434784,0.837320527953373,0.800351442286193,1.1516322333178577,1.1886013189850373
ARF6,ENSG00000165527,chr14,49883081,49907054,123,0.7633981345269446,0.8779479621854739,0.8496464165502694,0.7517700835020725,0.8131448201651011,0.8249593464577687,0.9096431319106801,1.2783484392698805,1.193664653816969
VCPKMT,ENSG00000100483,chr14,50098631,50126600,159,0.43093307230138556,0.5573883550202963,0.4101279250512135,0.5368467088833636,0.4298122385254599,0.42548509100371873,0.5114850861924589,0.38957745031511914,0.303577455126379
SOS2,ENSG00000100485,chr14,50107129,50241578,744,0.5255578115785433,0.5647417585134924,0.45768134182663667,0.5536004934696748,0.5229936191832936,0.4827648752716581,0.44906566379937907,0.34905089017767266,0.3827501016499517
L2HGDH,ENSG00000087299,chr14,50227562,50322229,608,0.4029248887024741,0.4593116500922785,0.36969775113661224,0.4550066762479515,0.33512882191790994,0.33453438676581737,0.4068659946346773,0.2803778423750381,0.2080462345061781
DMAC2L,ENSG00000125375,chr14,50302323,50345558,333,0.4088008234197757,0.3750575202923594,0.26143392067999033,0.43494092920159433,0.303603135055634,0.346326632415213,0.33954254813124385,0.12376903353354501,0.13055311781751416
CDKL1,ENSG00000100490,chr14,50316264,50426461,668,0.42370874265959796,0.39290858225837394,0.3416871958543019,0.42915150206364866,0.3436112488261402,0.3160714550161831,0.31935263425117466,0.18300443841173664,0.17972325917674514
MAP4K5,ENSG00000012983,chr14,50408500,50571126,826,0.7456346442640701,0.8188005258903965,0.8493150421803806,0.713279515643163,0.8135952641791397,0.5922882154931337,0.6387846386238222,1.1158685721492174,1.0693721490185288
ATL1,ENSG00000198513,chr14,50522508,50644017,655,0.6291713207071732,0.7916443694168954,0.7447580600602574,0.5911312948530392,0.7557191329758042,0.5974903005973455,0.5267167321496736,0.971018596244557,1.0417921646922288
SAV1,ENSG00000151748,chr14,50622057,50678306,356,0.41428146167487595,0.6744298706727297,0.6348316345119227,0.361806316374803,0.5868414220925955,0.3248482739146221,0.3436835289881356,0.7973291155428989,0.7784938604693852
NIN,ENSG00000100503,chr14,50709762,50841162,778,0.5348282294177088,0.5974701665689557,0.5773562986588765,0.5234831797285171,0.507258018329079,0.40705441927659036,0.4717343578687664,0.5029316452681283,0.43825170667595226
PYGL,ENSG00000100504,chr14,50847890,50954483,734,0.49692679077002305,0.5421519885802382,0.5493515925288807,0.49493428862033245,0.5383282834488484,0.3355848745941117,0.3456917643279125,0.4456331281444439,0.4355262384106432
ABHD12B,ENSG00000131969,chr14,50862052,50914970,363,0.6678860738756502,0.6791562383714703,0.6970963661984231,0.6864708347946316,0.6702575668737021,0.522368825936856,0.5936102277824155,0.6144321723024523,0.543190770456893
TRIM9,ENSG00000100505,chr14,50965261,51106061,1091,0.4277723716773193,0.3684857381398633,0.36801230899872484,0.38007092072920806,0.32436399276896793,0.2794839036036496,0.2728420751531224,0.1801508497413961,0.18679267819192333
TMX1,ENSG00000139921,chr14,51230161,51267655,247,0.5025301401122906,0.6263698970048176,0.6000417396070706,0.5435426614542804,0.5692876786720299,0.38315711071350506,0.4632170787089616,0.6013318896910694,0.521271921695613
FRMD6,ENSG00000139926,chr14,51479099,51740727,1753,0.38718219506171103,0.5521356749251638,0.5166258865982991,0.4047524466175449,0.49082272631068513,0.2829940904658239,0.32354189870487277,0.5202708477834803,0.47972303954443146
GNG2,ENSG00000186469,chr14,51816194,51989342,1347,0.37597105330624586,0.4174101110180428,0.42272608407192924,0.3983672577237143,0.39453033012902755,0.23119595577367225,0.27331453190471494,0.3090758338252215,0.2669572576941788
RTRAF,ENSG00000087302,chr14,51979513,52020694,242,0.32277222855299886,0.3125493217612068,0.3047624777397067,0.2683815519793457,0.2561417748917749,0.2005055399710552,0.19567825979544132,0.17425965278741917,0.17908693296303305
NID2,ENSG00000087303,chr14,51994802,52079228,716,0.5385992335305273,0.5838492592821619,0.5483291280975089,0.4868735158491498,0.4853307388544506,0.42769723751438815,0.43985491863609555,0.44901048934730436,0.4368528082255969
PTGDR,ENSG00000168229,chr14,52257697,52286724,198,0.44517974584146586,0.37497869426952424,0.32175007066334277,0.3642091994197535,0.2579189595335321,0.33542059655142853,0.3122792087466914,0.1345489441065683,0.15769033191130538
PTGER2,ENSG00000125384,chr14,52304304,52338598,244,0.5317924635928727,0.6577278758134344,0.5861735131053598,0.591243087179988,0.5815633281164967,0.4743421471309431,0.5477770481007131,0.5978070264218447,0.5243721254520746
TXNDC16,ENSG00000087301,chr14,52420595,52562522,743,0.33011281995155584,0.22053809132091126,0.18586129759963552,0.2562574873578343,0.1447712192568208,0.22208644768347757,0.1944127906082626,0.027065010346220858,0.05473866742143585
GPR137C,ENSG00000180998,chr14,52542835,52647713,557,0.3475909775873977,0.36990144145689585,0.297578527814534,0.380373863427046,0.32199073555975855,0.26787047053563096,0.2759618456414641,0.19400855916481058,0.18591718405897747
ERO1A,ENSG00000197930,chr14,52629914,52705900,345,0.38444820122861545,0.4259861564725138,0.31335109037998876,0.4610389288336337,0.3688720475980746,0.33220288950332433,0.35648352017847823,0.2228988758063678,0.19861824513121384
PSMC6,ENSG00000100519,chr14,52697177,52738590,197,0.32549693842705013,0.48246236019110394,0.459726155496469,0.4291038073815501,0.37397826695212305,0.21838646918083654,0.3754253582611744,0.44028655337652656,0.2832476642961887
STYX,ENSG00000198252,chr14,52720165,52784989,279,0.37037213695326154,0.3978214203550003,0.31345843386997013,0.36133982180295815,0.28395946619011564,0.2968695268621527,0.3107827500737833,0.21033170687270328,0.19641848366107262
GNPNAT1,ENSG00000100522,chr14,52765192,52801668,151,0.4102628482974961,0.27914468811386983,0.288048607494933,0.3389015555147915,0.14712289699854983,0.25782477345773314,0.2910147691626157,0.06949206537343594,0.0363020696685534
FERMT2,ENSG00000073712,chr14,52847267,52962435,775,0.672906145305388,0.7912078656597912,0.781745706123527,0.5759594759490466,0.7199601932454248,0.5809149079912447,0.575759414127995,0.9855011864764109,0.9906566803396607
DDHD1,ENSG00000100523,chr14,53026744,53163323,732,0.7136215243140912,0.7591593427086568,0.7044512326799625,0.6083252154033343,0.6836932697914782,0.7275696580775475,0.6049501404577554,0.6960500791502032,0.8186695967699954
BMP4,ENSG00000125378,chr14,53939735,53968761,187,0.45512576821223094,0.6167432109782923,0.5292044196907678,0.5090076410195472,0.5750022954499844,0.40645951704894595,0.40735262469015404,0.5525905299958094,0.5516974223546014
CDKN3,ENSG00000100526,chr14,54386848,54430218,313,0.28805273421171185,0.2887938192460805,0.236468304119298,0.38237695537615435,0.32807681563480806,0.2053718490885185,0.21252930901480824,0.13542105513281233,0.1282635952065226
CNIH1,ENSG00000100528,chr14,54413560,54451391,264,0.13171661735190845,0.1481592520954223,0.05304809119707755,0.12709982427268807,0.07865650991555477,0.12354292768146326,0.10718370115090187,0.03681275754721254,0.05317198407777393
GMFB,ENSG00000197045,chr14,54464483,54499026,198,0.23689081708250143,0.2391060317460317,0.15369495787667667,0.2610835571689426,0.16183749125517882,0.18837000476467725,0.19964421124067322,0.08489125818695942,0.07361705171096342
CGRRF1,ENSG00000100532,chr14,54499811,54549292,281,0.07070716693414944,0.07096080346080344,0.060146043863954696,0.08519893665416976,0.0690086052497855,0.04245247195350958,0.04557387928089534,0.031151876920573675,0.02803046959318793
SAMD4A,ENSG00000020577,chr14,54556116,54803315,1588,0.40312875371449813,0.39534014783340665,0.3646414416458597,0.426816386461616,0.3758324813394909,0.2827886414866372,0.2941509453787756,0.22030056539779908,0.20893826150566058
GCH1,ENSG00000131979,chr14,54832007,54912826,468,0.35064036865261267,0.2597222289045522,0.284101940642179,0.28757802135484617,0.20402205044364088,0.19914044188044702,0.20581543913922523,0.10158935499059674,0.09491435773181847
WDHD1,ENSG00000198554,chr14,54928948,55037105,562,0.3387088481366133,0.26116289689131966,0.2541112777766905,0.3239945466616283,0.24402353266557295,0.211530009810981,0.20724345794721874,0.09114780133194267,0.09543435319570498
SOCS4,ENSG00000180008,chr14,55017229,55059489,219,0.41331678712178077,0.37709037981312005,0.32186398704063846,0.3863464747775942,0.28185113593326544,0.3091083584097166,0.31530012203541924,0.1642454842400895,0.15805372061438688
MAPK1IP1L,ENSG00000168175,chr14,55041646,55080194,196,0.31294362638110756,0.28821045763353453,0.18604921765098528,0.3551991070701903,0.16425461074991143,0.2547282757665159,0.2996777151021899,0.08524472206191719,0.04029528272624325
LGALS3,ENSG00000131981,chr14,55114109,55155423,278,0.29549531152318764,0.27976598046079915,0.1756400495540616,0.2946563063611504,0.1738673391920307,0.24264568693854063,0.24312463342412727,0.08553340570559387,0.0850544592200072
DLGAP5,ENSG00000126787,chr14,55138111,55201608,416,0.27347954175627565,0.24337187086852646,0.15587796213046995,0.29455055893460963,0.19821603745276242,0.21445691264569314,0.20344374129100884,0.06442647648936622,0.07543964784405052
FBXO34,ENSG00000178974,chr14,55261343,55380053,802,0.31595527559927405,0.3279410119271464,0.22745679021935214,0.3410648696709728,0.22365523338077528,0.2595369013020561,0.28069038885388337,0.137872261139041,0.11671877358721369
ATG14,ENSG00000126775,chr14,55356390,55421830,469,0.2917185921288583,0.3632840615927085,0.27233276863412825,0.3287306984204878,0.2619146799671167,0.23921700994480305,0.2731603435319202,0.21221464949071192,0.1782713159035948
TBPL2,ENSG00000182521,chr14,55403540,55466726,444,0.36188211724560576,0.5035832831738881,0.42476768456871217,0.37668383106414266,0.40261865003443054,0.29829525032567683,0.32892067619332166,0.402044299772746,0.37141887390510114
KTN1,ENSG00000126777,chr14,55549071,55711526,806,0.29395283664564065,0.39353557252204735,0.31834656909500675,0.3289330903548398,0.3791431032508402,0.2324742642158274,0.21117048575265035,0.2676349402408863,0.2889387187040633
PELI2,ENSG00000139946,chr14,56107813,56311524,1486,0.447597846421897,0.3389646928794255,0.26397296487883154,0.39426887231597474,0.23116244035402977,0.35046927814743123,0.32619576664473693,0.06347874770367251,0.08775225920636681
TMEM260,ENSG00000070269,chr14,56478353,56660606,1408,0.44604464539224103,0.38409152391478935,0.389274595460372,0.38970279070165653,0.3597939775194394,0.29111012326766944,0.2662504360403415,0.193546781003469,0.21840646823079696
OTX2,ENSG00000165588,chr14,56789904,56826693,174,0.5399919480220267,0.4770604590378176,0.4814603520505826,0.5282613143908289,0.5204862243392852,0.3840309599019263,0.33231842254685623,0.2642584621522535,0.3159709995073236
EXOC5,ENSG00000070367,chr14,57190506,57278905,401,0.4553984769749611,0.4640869695379621,0.14917828679880385,0.4589249819207156,0.16348006669830337,0.5349658073853535,0.5297379012080229,0.08881758029168357,0.09404548646901406
AP5M1,ENSG00000053770,chr14,57258923,57308742,206,0.6359555241762908,0.6050296046116479,0.570497055271417,0.655267731385058,0.5675806549240361,0.5471485081756738,0.5777861030599378,0.3817959570980305,0.3511583622137665
NAA30,ENSG00000139977,chr14,57380543,57425906,227,0.6386747929786706,0.5071174642351115,0.5552674891088003,0.7213819740968443,0.6735769481883471,0.4575894982625339,0.4329184407648511,0.2498948992349127,0.27456595673259565
CCDC198,ENSG00000100557,chr14,57459299,57503867,318,0.5477852933235942,0.46382971430562353,0.4587954193294638,0.5860348665565476,0.4299477328437096,0.4014718747657462,0.47162488651121587,0.22183159640965472,0.15167858466418505
SLC35F4,ENSG00000151812,chr14,57553919,57992194,3310,0.33616989684425375,0.5046282018798187,0.42476541719944516,0.36407878632784285,0.45527828513463653,0.27959918536644207,0.2738235312881652,0.42284750567343604,0.42862315975171283
ARMH4,ENSG00000139971,chr14,57989734,58308139,1729,0.3273918595237233,0.36762976856072793,0.3262624182305646,0.37421262876129546,0.3478366752433377,0.22997901771340717,0.249782312460867,0.2283012294017686,0.2084979346543088
ACTR10,ENSG00000131966,chr14,58190079,58245636,185,0.39012826285691055,0.34045038698251484,0.30470670834460717,0.38205264966999564,0.34446718881686894,0.2736415861368239,0.23762158919357745,0.14255649528774836,0.1785764922309947
PSMA3,ENSG00000100567,chr14,58234842,58282012,202,0.4808222696614228,0.33980874556155455,0.3136271139426161,0.5397583286821672,0.36231550550616703,0.34720024000320054,0.37065881041257603,0.06802546648423141,0.04456689607485592
ARID4A,ENSG00000032219,chr14,58288503,58383887,408,0.5319299123760712,0.3569069070418484,0.359727021277468,0.5603908593139718,0.3987016932463192,0.3773711781069401,0.37733546634595927,0.06409460802195588,0.0641303197829367
TOMM20L,ENSG00000196860,chr14,58385927,58418702,101,0.7372427540533053,0.48173723408833125,0.5825973734019549,0.8143732436780527,0.5748018215550683,0.5600467979525543,0.7430451432621602,0.09722609728833587,0.0
TIMM9,ENSG00000100575,chr14,58398494,58437531,136,0.7598392448393764,0.4263990338452659,0.5657754459621929,0.7851984990229052,0.656414339613649,0.5740372994753852,0.5127717053585794,0.0,0.04304959996938762
KIAA0586,ENSG00000100578,chr14,58417384,58561297,707,0.7663629799703932,0.5478955529423176,0.6124969666127313,0.8031169829128407,0.6452246843437408,0.6498985052948584,0.6913584966381535,0.14394354298811063,0.1024835516448156
DACT1,ENSG00000165617,chr14,58623966,58658321,186,0.413895016707696,0.3896938942128585,0.31241502283274963,0.43537940911052697,0.3293933843794049,0.32674056703132875,0.3329116745492493,0.16705406788356586,0.16088296036564537
DAAM1,ENSG00000100592,chr14,59178645,59381405,1144,0.4435000065988373,0.5075849692047435,0.44645354782835983,0.4203126928902198,0.43710042167963087,0.35155593687857,0.3395228852104874,0.356877422679846,0.36891047434792873
GPR135,ENSG00000181619,chr14,59419021,59475342,324,0.3356398867968917,0.3904143474200366,0.34107979558670826,0.36411049816473123,0.32358395936809636,0.24337695517958385,0.278379666571994,0.25159885550111105,0.21659614410870093
L3HYPDH,ENSG00000126790,chr14,59450362,59494408,264,0.3544390576658185,0.3140612640249607,0.241905576193043,0.34165417850069074,0.21364859168222597,0.2688276460355356,0.27732019022020404,0.10813931536758353,0.0996467711829151
JKAMP,ENSG00000050130,chr14,59474442,59515410,307,0.4146638839547637,0.3828642202726204,0.3033168689537241,0.36986720449328725,0.3011561159151149,0.32840533220619655,0.29308150335065464,0.15426088269319493,0.18958471154873685
CCDC175,ENSG00000151838,chr14,59494538,59586812,633,0.4584962879942802,0.45069142165676357,0.39227716617913033,0.46236309222454314,0.403024720758487,0.35723195651654827,0.3518935932064009,0.24186296537524504,0.2472013286853924
RTN1,ENSG00000139970,chr14,59585975,59880776,1479,0.42205008865743154,0.36939063511715065,0.34979507301467344,0.39826023998713683,0.28974394319549207,0.28943453018905474,0.31343458506564503,0.17163415104255275,0.14763409616596251
LRRC9,ENSG00000131951,chr14,59909712,60073559,698,0.49325491568706226,0.6407367843595977,0.5738041761500283,0.6076252985485044,0.5164143842357696,0.4252954020647183,0.616355543941473,0.5984045658836064,0.40734442400685167
PCNX4,ENSG00000126773,chr14,60081910,60179133,502,0.41564804323679966,0.5344388240112642,0.4668343319654838,0.4835411119783828,0.462875466353582,0.3364202508280235,0.4018730283279671,0.42809152011751783,0.3626387426175743
DHRS7,ENSG00000100612,chr14,60134118,60179856,243,0.3530695500641732,0.40566536242163065,0.18549904255266236,0.4317182370613873,0.16574231626310884,0.3753247831896406,0.45211886301462817,0.14498797213262277,0.06819389230763523
PPM1A,ENSG00000100614,chr14,60235751,60309087,374,0.40120581215714707,0.4537128427469456,0.17605816563413648,0.4047479079333524,0.1582438272026493,0.4618962521767706,0.4755579518984733,0.14271426027776657,0.1290525605560638
C14orf39,ENSG00000179008,chr14,60386468,60525543,681,0.3934549757702353,0.4762109687247431,0.37883274322070615,0.5814981836344184,0.4916185678209193,0.3352438531361226,0.42060853713890484,0.3114224346650928,0.22605775066231054
SIX6,ENSG00000184302,chr14,60499145,60522850,130,0.49949256715991536,0.5290336682657502,0.3636158284864833,0.697156565336041,0.5571205714418269,0.49657432240178007,0.5665251390282031,0.2563943476364523,0.1864435310100292
SIX1,ENSG00000126778,chr14,60633420,60668259,160,0.6047225819329319,0.5521029814448176,0.5194684547574767,0.7639887377789736,0.6403209691783911,0.49924848840233343,0.6122622349146878,0.30394345388528254,0.19092970737292803
SIX4,ENSG00000100625,chr14,60699538,60734351,157,0.5681371261215856,0.5232819602407907,0.5104324308922437,0.5841781407276722,0.5653383589523392,0.43312222382213644,0.3925705102925984,0.30770785066292183,0.3482595641924599
MNAT1,ENSG00000020426,chr14,60724741,60979965,1167,0.6784074880730474,0.5439995853803622,0.5211180905886833,0.7907101423765196,0.6100851625516734,0.5917151691651561,0.7037348701288552,0.19354639104941662,0.08152669008571767
TRMT5,ENSG00000126814,chr14,60961440,60991170,144,0.5910133744560196,0.4297148029016162,0.3959339647297705,0.7712360862354039,0.5959890877051356,0.4758098821238929,0.5651850291095335,0.08580881537422574,0.0
SLC38A6,ENSG00000139974,chr14,60971113,61093733,582,0.5808978077926311,0.34390812163170104,0.34247775050260176,0.7119190926758358,0.5103829707489701,0.43590912935437803,0.4759182925126817,0.0,0.0
PRKCH,ENSG00000027075,chr14,61177558,61560976,2666,0.5223571348332814,0.48831367107706,0.48791168163209614,0.5780607839919177,0.5385554972396647,0.3698386391216102,0.37977200370510256,0.3002048413832468,0.29027147679975435
TMEM30B,ENSG00000182107,chr14,61267369,61291761,110,0.5995078270413335,0.49342704536971055,0.5416003300812868,0.5617269729710369,0.525837551886176,0.4075670755339351,0.3793974219238632,0.2725198533493575,0.30068950695942936
RP11-47I22.4,ENSG00000258989,chr14,61519127,61667964,896,0.5391400459158776,0.6112889192924728,0.6516806763926782,0.6484619535818976,0.6778271393609495,0.3324721902205633,0.4288446123303873,0.6124467442154855,0.5160743221056616
HIF1A,ENSG00000100644,chr14,61685512,61758259,378,0.5661030403188223,0.7968706534974476,0.7574445863050634,0.6772431061893102,0.8214347169069226,0.506167718246809,0.5009836024163705,1.0877446097138517,1.0929287255442899
SNAPC1,ENSG00000023608,chr14,61752419,61806428,380,0.3658120565383941,0.46558454060846405,0.41177848762350006,0.379942500419415,0.3250922366418122,0.27566998803151904,0.35567277416839593,0.35091174064447733,0.27090895450760055
SYT16,ENSG00000139973,chr14,61801973,62122550,2145,0.4382442435686065,0.6046819273225746,0.590888086657952,0.4007920083755811,0.5544836808776951,0.3054930889346059,0.31584484941476576,0.6225715018994409,0.6122197414192811
KCNH5,ENSG00000140015,chr14,62689463,63112037,2450,0.4660090032848247,0.5127769984025123,0.4928258734652469,0.41184244633246647,0.4700828169787307,0.33375438130924723,0.30737961367423156,0.385278970574142,0.4116537382091577
RHOJ,ENSG00000126785,chr14,63194113,63303508,671,0.38868859789259314,0.3942269866490945,0.4183439566657433,0.4410880656177535,0.45130275570888606,0.22576136080549908,0.24140241546033497,0.27548856770202396,0.25984751304718806
GPHB5,ENSG00000179600,chr14,63302834,63328935,0,,,,,,,,,
PPP2R5E,ENSG00000154001,chr14,63361363,63553377,1219,0.27146605997759476,0.3775895527250779,0.34180581188295184,0.2772435016617686,0.3722023330967583,0.18631065691731685,0.16665053845095448,0.2878448638740929,0.30750498234045526
WDR89,ENSG00000140006,chr14,63587038,63651871,318,0.19847651652507092,0.21678753628370084,0.17929830366797816,0.26440337071352077,0.23350674322542395,0.13399835229776647,0.14274763222514794,0.11035292175876522,0.10160364183138382
SGPP1,ENSG00000126821,chr14,63674215,63738065,322,0.17642238601572469,0.2210239070918119,0.19151294178710204,0.2046927181703915,0.2171787511642979,0.11564090034090065,0.11697537242678045,0.13413402270459246,0.13279955061871265
SYNE2,ENSG00000054654,chr14,63751898,64236433,2551,0.4320869100733079,0.3108082344139402,0.35468683619398406,0.4327146438290791,0.346259008379936,0.2500015250556341,0.25704225356146837,0.12223419712985562,0.11519346862402136
ESR2,ENSG00000140009,chr14,64074231,64348112,1457,0.3954254135710998,0.34180879353746124,0.31168401603545265,0.3719763116850711,0.3066010632735836,0.2739913831434537,0.2586437081830335,0.1442684193966003,0.15961609435702057
MTHFD1,ENSG00000100714,chr14,64378030,64473457,455,0.5314466314942186,0.4108419677939219,0.32222092492660787,0.494917693368939,0.3176154256533803,0.4491161017372835,0.4149664084313316,0.07994472362827754,0.11409441693422945
ZBTB25,ENSG00000089775,chr14,64439105,64515213,361,0.28912477161667194,0.2884496273865516,0.21097566028669415,0.27422859968019464,0.19787899794442515,0.22230465423668558,0.22016672420330707,0.11800441195145692,0.12014234198483542
AKAP5,ENSG00000179841,chr14,64455498,64484503,131,0.30085723810346615,0.25212759980008936,0.27848181027953295,0.2722054931547806,0.25542689310040556,0.16101276684354315,0.15665760463338108,0.12951013668393296,0.13386529889409501
ZBTB1,ENSG00000126804,chr14,64493711,64543690,243,0.3837618564026329,0.30555600127805066,0.27502739052479336,0.30248520325638234,0.22189249127701383,0.26357207198103916,0.2369923643197509,0.10107168344746909,0.12765139110875734
HSPA2,ENSG00000126803,chr14,64525904,64556173,172,0.5147252345489967,0.4163656291974061,0.4506123290156892,0.37256433510690856,0.3184560101101715,0.3312848224631822,0.31060011380660635,0.20719574715183736,0.2278804558084133
PPP1R36,ENSG00000165807,chr14,64539919,64599381,309,0.5554972349541358,0.4757615640958565,0.5069779175115663,0.43308578969684836,0.38849224136091015,0.3747031786998511,0.3607641615160085,0.2711054891047411,0.28504450628858363
PLEKHG3,ENSG00000126822,chr14,64694101,64760249,386,0.14738083897414822,0.13923210295678606,0.1491179651011754,0.13172521717062882,0.1368908838468523,0.07394545322631796,0.07198163561492989,0.0759849313708711,0.07794874898225919
SPTB,ENSG00000070182,chr14,64736282,64889907,1126,0.42624314679153175,0.3418611365234459,0.31558293705705126,0.447489855981634,0.31557180070752905,0.2973505491307292,0.3162256409381511,0.12098878207346098,0.10211369026603923
CHURC1,ENSG00000258289,chr14,64904360,64954591,332,0.3909729298808724,0.30275185619564804,0.19520048941599094,0.4176008794539608,0.21382705839820015,0.3196721945165807,0.3303173617623429,0.04094172012808184,0.030296552882319527
CHURC1-FNTB,ENSG00000125954,chr14,64904484,65071803,945,0.326750654082458,0.3166845549971928,0.22117403126791052,0.35334071071304296,0.22774286280973816,0.26323526561570354,0.2791483463641282,0.11756340828941272,0.10165032754098807
GPX2,ENSG00000176153,chr14,64929151,64952905,143,0.2893352364583436,0.32616367917641825,0.13471189492418242,0.332739671350132,0.1620930613939103,0.29581487363119874,0.3112474099711706,0.09895317137360332,0.08352063503363144
RAB15,ENSG00000139998,chr14,64935813,64983226,236,0.30784904987548745,0.3029530535388241,0.18837527871162804,0.29403666060645706,0.20139516218595832,0.26006825751691914,0.24210272949576833,0.10083425793538764,0.11879978595653842
FNTB,ENSG00000257365,chr14,64976894,65072652,523,0.2499350934874223,0.2522281954114156,0.24423203866699011,0.2690287325499733,0.20981675293482385,0.14911603822121558,0.18427407267076779,0.14154138341044045,0.10638334896088827
MAX,ENSG00000125952,chr14,64996173,65112695,690,0.30526686578305745,0.3484516260567004,0.2890626230108021,0.36578241961254154,0.2368067648068411,0.22573009567008723,0.3067614045649213,0.20267353939871807,0.12164223050388404
FUT8,ENSG00000033170,chr14,65400591,65754121,1948,0.43537683767139285,0.528803075315644,0.4799589888109047,0.5146429231380548,0.5002943694326544,0.335114155035321,0.39080674920592356,0.4173650181919511,0.3616724240213486
CCDC196,ENSG00000196553,chr14,66401703,66508677,471,0.40408266243333846,0.4108983685878878,0.26753404497182565,0.4278568442861343,0.3280550201565251,0.36773573053710285,0.34497189538647643,0.16142083059155093,0.18418466574217734
GPHN,ENSG00000171723,chr14,66497406,67191803,3420,0.41984546333878003,0.3457297538960721,0.22399319078446844,0.41243634501373216,0.2559844554878051,0.3575507884356264,0.33015606562457456,0.06668400409892822,0.09407872690998009
FAM71D,ENSG00000172717,chr14,67179392,67238550,250,0.2689760899459666,0.28592846989280385,0.2267239942135606,0.30880042943396685,0.2580153231821191,0.19648100716313113,0.20383606750035466,0.1402911322743615,0.13293607193713797
MPP5,ENSG00000072415,chr14,67230712,67346061,539,0.21918146766597738,0.2331274601830336,0.1476167673110041,0.3055331667335656,0.21503081453916448,0.17656406551608045,0.19396736481423388,0.088870606068662,0.07146730677050855
ATP6V1D,ENSG00000100554,chr14,67284370,67370265,368,0.2290488604795447,0.22437052139446198,0.1316559693876303,0.300400393945387,0.1950812507002268,0.18652166746402932,0.19715675429247892,0.06755868138665536,0.05692359455820575
EIF2S1,ENSG00000134001,chr14,67350327,67396516,196,0.2631269755940221,0.2339740010768048,0.18677929807494284,0.3019620498781424,0.19195447784615804,0.18256305860508198,0.20644204690573328,0.08397611005945527,0.06009712175880397
PLEK2,ENSG00000100558,chr14,67376983,67422167,182,0.26710789616715036,0.26722948229037546,0.2173179081236814,0.30445401723782284,0.2684210738130788,0.1883254032119355,0.18071534297634648,0.12259729560277932,0.13020735583836837
TMEM229B,ENSG00000198133,chr14,67437083,67543739,577,0.39325310358450716,0.4712880485128805,0.4237312639074169,0.42976151206064306,0.4449022600462901,0.29288694434228024,0.30520052181091667,0.34442456623099005,0.33211098876235357
PLEKHH1,ENSG00000054690,chr14,67523289,67599612,494,0.35496964190426744,0.4470858394811003,0.35813197043723244,0.457870464841574,0.4220935251361216,0.2938189266186312,0.32822979717687883,0.29873358799128125,0.26432271743303365
PIGH,ENSG00000100564,chr14,67571954,67610286,277,0.49427008938965283,0.6585731655309457,0.5741729872407073,0.5344618244852933,0.6564794368714316,0.451326153817948,0.38533737040949767,0.623295716636016,0.6892845000444665
ARG2,ENSG00000081181,chr14,67609919,67661708,338,0.32953282664135536,0.32562654368684607,0.3181057098601386,0.33996821956643436,0.2769805847836566,0.20543556749893754,0.24255966074408697,0.18853566453639875,0.1514115712912493
VTI1B,ENSG00000100568,chr14,67637084,67684820,320,0.4795482802379101,0.5058295600716852,0.42772706339255046,0.50903973536484,0.5060489277705962,0.39989685717315115,0.35547403615921996,0.30497794402900746,0.34940076504293865
RP11-1012A1.4,ENSG00000258466,chr14,67649819,67700367,326,0.5122667119102348,0.536266403415891,0.491755384113753,0.5020453076335429,0.48639217540671503,0.40481959015209096,0.3996979651455059,0.36362544678118297,0.36874707178776805
RDH11,ENSG00000072042,chr14,67666799,67705793,237,0.5002529783920725,0.5618018667215704,0.5320320250578618,0.5401908319588369,0.5092019063443958,0.3796909810863694,0.44515269457709533,0.4453931307196742,0.37993141722894824
RDH12,ENSG00000139988,chr14,67691885,67744451,314,0.43120153189365495,0.4526298796240578,0.4642248515143825,0.4055164446595349,0.4219102613282277,0.2714092285853147,0.28733306395479696,0.3312208399056465,0.3152970045361642
ZFYVE26,ENSG00000072121,chr14,67717373,67826590,627,0.5613853374927043,0.6955593002432732,0.6692619562565015,0.5470835245253464,0.6705886932796988,0.45349217241242223,0.435439185900789,0.7357867846686101,0.7538397711802434
RAD51B,ENSG00000182185,chr14,67809778,68740218,5397,0.3898444062605498,0.47572136505997187,0.460892014179816,0.3743369256550728,0.43108475000198293,0.26096694458280484,0.2753257305592962,0.384765045336377,0.37040625935988564
ZFP36L1,ENSG00000185650,chr14,68777659,68806253,196,0.4113882155632133,0.5947159341882868,0.51591502337771,0.32870923051981554,0.5149304112934093,0.3538303333923121,0.28912852127667976,0.5493367272812906,0.614038539396923
ACTN1,ENSG00000072110,chr14,68864127,68989440,916,0.363763956161669,0.4619299727500422,0.4004396051241233,0.28807027182378697,0.4134878950206608,0.28019682199584883,0.21299033109406512,0.33956974312022203,0.4067762340220056
DCAF5,ENSG00000139990,chr14,69040880,69163150,556,0.38735231005488185,0.5594148217290208,0.4983479206147128,0.3795507771032819,0.47603868429129953,0.30988412785808217,0.3253127864654391,0.5097673571968628,0.49433869858950596
EXD2,ENSG00000081177,chr14,69181510,69254020,369,0.594198421800898,0.5727358992956575,0.5589849675247311,0.5290174258356208,0.4119756048600053,0.46678379987429935,0.5361501468471375,0.38356915425277655,0.3142028072799382
GALNT16,ENSG00000100626,chr14,69249276,69367033,766,0.40532345937448405,0.4603876897058588,0.4585212673981213,0.30046483141027636,0.3965971334173008,0.26159525167006314,0.2345366745016712,0.3553090894986334,0.3823676666670255
ERH,ENSG00000100632,chr14,69370127,69408299,303,0.28084994801436497,0.1696898793208466,0.2521804362996421,0.3053921561554948,0.24534459876955275,0.11252385057142344,0.13443489929872252,0.07343215803340372,0.05152110930610462
SLC39A9,ENSG00000029364,chr14,69388014,69472390,475,0.3170168613191896,0.22842658698679644,0.22877843396378358,0.3042175695863769,0.21191627878747718,0.19041449527062876,0.1919453867115054,0.06890896022900142,0.06737806878812477
PLEKHD1,ENSG00000175985,chr14,69474691,69541551,437,0.36435358903250115,0.34596585401719593,0.3452547407552787,0.37919245619034775,0.3277778286593519,0.2270997547843006,0.25208174767582725,0.19749596312070283,0.17251397022917617
CCDC177,ENSG00000267909,chr14,69559798,69584871,148,0.6323878652033895,0.6214622274429911,0.5700852032551845,0.6605740770195343,0.42504881305680764,0.5639990284143992,0.7492344159400723,0.40744038727445975,0.2222049997487867
SUSD6,ENSG00000100647,chr14,69601595,69725144,746,0.6157523948230311,0.5594588295253297,0.5794129155017591,0.6437498369008139,0.5890544514149831,0.45505789022610116,0.48128945302017967,0.36469348469460067,0.33846192190052204
SRSF5,ENSG00000100650,chr14,69716899,69782005,419,0.4004726811270207,0.4079795436004424,0.32295486881402075,0.40562557950365496,0.3459961278796949,0.32290524064625414,0.3099089518798762,0.20130884931989573,0.21430513808627355
SLC10A1,ENSG00000100652,chr14,69765415,69807241,281,0.20718223515193715,0.2479759429742805,0.1817968713618726,0.17449153734352288,0.16459377326062585,0.15825210180899157,0.14845277779795515,0.1267348630093072,0.13653418702034362
SMOC1,ENSG00000198732,chr14,69844130,70042366,1421,0.36171527783812035,0.4195576660705866,0.3966279731893574,0.3644609129344427,0.41808483816737585,0.24385716549826164,0.22790794685914256,0.3001076559032253,0.3160568745423443
SLC8A3,ENSG00000100678,chr14,70034214,70199070,1207,0.43567896056776173,0.6507193523131367,0.5982800825540582,0.416841466648431,0.5491328334802302,0.3560056732256749,0.39729661036179464,0.6958738586079927,0.654582921471873
COX16,ENSG00000133983,chr14,70315080,70426984,0,,,,,,,,,
SYNJ2BP-COX16,ENSG00000258644,chr14,70316063,70427074,0,,,,,,,,,
SYNJ2BP,ENSG00000213463,chr14,70356498,70427090,0,,,,,,,,,
ADAM21,ENSG00000139985,chr14,70407106,70470427,0,,,,,,,,,
ADAM20,ENSG00000134007,chr14,70512357,70545015,223,0.2687171641340822,0.49105321305996685,0.49391445678616613,0.20137597836121768,0.4630090887343895,0.1536586118331839,0.13925135385118503,0.5217532003857042,0.5361604583677031
MED6,ENSG00000133997,chr14,70571256,70610690,310,0.25895311703232765,0.6052823746231305,0.5742645681540962,0.22060299949294526,0.5097009702494708,0.18766942518151358,0.23303978376028084,0.7419152170062848,0.6965448584275177
TTC9,ENSG00000133985,chr14,70631915,70685366,353,0.34014331836587547,0.4361422401985342,0.3471817325120889,0.4109037707608535,0.34760787368838963,0.2811146911833494,0.33750475623558107,0.291838567041799,0.2354485019895673
MAP3K9,ENSG00000006432,chr14,70712525,70819534,569,0.48861232744663474,0.3954680549766574,0.36966120779846445,0.45442864367908925,0.3303372533123258,0.35621512396256094,0.35412069086073095,0.14708564099566473,0.14918007409749479
PCNX1,ENSG00000100731,chr14,70897404,71125382,1014,0.4023303092177613,0.3757570662016219,0.3749918841005807,0.3672604540093279,0.28653216241594154,0.2579710298446855,0.2956470752926082,0.21324463954763723,0.17556859409971454
SIPA1L1,ENSG00000197555,chr14,71310448,71751229,1528,0.4585897561271472,0.4334376595115498,0.4108177914329246,0.3804854480690592,0.3867428204364261,0.32636317485608457,0.27900817972679687,0.2418049847196463,0.289159979848934
RGS6,ENSG00000182732,chr14,71922428,72576530,4756,0.44492051890649825,0.4428711867946042,0.4127067588813035,0.44645813910504195,0.3898509198640326,0.3206858723499399,0.3411623727747416,0.2642729309547145,0.2437964305299129
DPF3,ENSG00000205683,chr14,72599033,72904101,2084,0.47119019159625136,0.5855593517044403,0.5238121538707049,0.4532411307442909,0.540386577043655,0.38800453882799857,0.3536016867072928,0.49282096450301516,0.5272238166237209
DCAF4,ENSG00000119599,chr14,72916376,72969703,340,0.45558969809293787,0.6073657018825257,0.528839227989239,0.48534943755820914,0.5042056501437596,0.39518641154131323,0.4487748560809624,0.5396902279331692,0.4861017833935201
ZFYVE1,ENSG00000165861,chr14,72959450,73037131,471,0.33973727243804386,0.3706537680007067,0.38038951693168643,0.3490410957900398,0.3253678939427738,0.1997634625043493,0.24939736328914924,0.2633102628888978,0.21367636210409788
RBM25,ENSG00000119707,chr14,73048531,73133899,421,0.3257479573847227,0.3499675142825138,0.36242323872130977,0.2900325110882967,0.36698877603088853,0.18740181373460396,0.15800095698422134,0.2433311255798084,0.27273198233019114
PSEN1,ENSG00000080815,chr14,73126417,73233691,493,0.3037537945000632,0.21407765111192836,0.2035537773915372,0.23871498599135083,0.14535875867777048,0.18767677641203687,0.17828562545175702,0.053220507784487725,0.06261165874476757
PAPLN,ENSG00000100767,chr14,73227496,73284640,354,0.2866264063878273,0.22694081240219255,0.27680451865776756,0.24178724561385942,0.22696058108249798,0.13553698407571413,0.13838284088603237,0.12186268055966756,0.11901682374934941
NUMB,ENSG00000133961,chr14,73265106,73468617,570,0.4120609428431028,0.2719170213584233,0.21844628631996352,0.39183077155165935,0.2129260238119721,0.30100041820507184,0.28760465891316633,0.01633983742527667,0.029735596717182122
HEATR4,ENSG00000187105,chr14,73468483,73568947,317,0.4994422818331837,0.3533711532670882,0.3346761496722187,0.44850839386961616,0.2505444486357349,0.36026690185261245,0.37135159731553696,0.07571589988418331,0.06463120442125875
RIOX1,ENSG00000170468,chr14,73480932,73503394,84,0.4660190719401331,0.3017674003189793,0.38209901734082213,0.44653818950329155,0.31817519601610517,0.2525855468366733,0.2838914900892341,0.10661744752897112,0.0753115042764102
ACOT1,ENSG00000184227,chr14,73527142,73553796,9,0.06581991866365725,0.0,0.0,0.05038704052131613,0.0036302280396768574,0.03404302638406609,0.024031977584487173,0.0,0.0
ACOT2,ENSG00000119673,chr14,73557619,73585658,117,0.45369182409151526,0.3717975299554247,0.35120819338324644,0.40034475824189647,0.34045864449451896,0.3184106964449118,0.2800412722485426,0.14648206350062032,0.1848514876969896
ACOT4,ENSG00000177465,chr14,73581872,73605766,155,0.49885359647283783,0.42505206904367115,0.347643444042226,0.48709905611676163,0.3458971196401365,0.4085843967774175,0.3983288554836027,0.14489140036626652,0.1551469416600813
ACOT6,ENSG00000205669,chr14,73600944,73629888,207,0.4966371590771844,0.3035499478983453,0.3463892053149206,0.4153502142194693,0.3233472607637749,0.31147999820536953,0.2539521953021181,0.05027920283239928,0.10780700573565072
DNAL1,ENSG00000119661,chr14,73634874,73713732,513,0.2646152610800283,0.3621904906385507,0.45836383786706236,0.2839769332263036,0.2863516936442513,0.07195814338227874,0.22319675257048255,0.3777574715059338,0.2265188623177301
PNMA1,ENSG00000176903,chr14,73701782,73724384,114,0.4438208852155885,0.3138316299085529,0.3431879103627918,0.36077720183632617,0.2933878669004527,0.2714699087509128,0.23843054463394023,0.10516233516909368,0.13820169928606618
MIDEAS,ENSG00000156030,chr14,73705121,73800285,519,0.5033725502934635,0.36846825969103697,0.42798609619187694,0.45521112466412833,0.38913675879580056,0.3004651141462706,0.2870409240396097,0.15914196253648816,0.17256615264314912
PTGR2,ENSG00000140043,chr14,73841830,73895726,325,0.2919177851695591,0.595735608276231,0.4432704464476298,0.27901605967389603,0.47909090767015045,0.33260277566591745,0.2903224284388142,0.5730834044444212,0.6153637516715245
RP5-1021I20.4,ENSG00000258653,chr14,73841970,73942278,628,0.31104408431160463,0.6129923053930905,0.46824899725072994,0.29470317161734316,0.49519516485097387,0.3451543786728273,0.3074319228011595,0.6041563247719938,0.6418787806436614
ZNF410,ENSG00000119725,chr14,73876616,73942521,417,0.32287100198206264,0.6200530653770032,0.5266333564800952,0.31741485442300593,0.5642261441273287,0.3048660582322433,0.2594799183186968,0.6628576235097907,0.7082437634233374
FAM161B,ENSG00000156050,chr14,73921500,73960414,264,0.3495249223165899,0.631152343602112,0.5018610283251054,0.30537101382663595,0.513206583286806,0.36527384424935916,0.32091677136211677,0.6320977312307369,0.6764548041179792
COQ6,ENSG00000119723,chr14,73939925,73973670,238,0.287220474326523,0.6361753304750175,0.5114665704167461,0.3046989201578212,0.5153521021632662,0.31665947742334877,0.3250804438984695,0.6944237270949103,0.6860027606197895
ENTPD5,ENSG00000187097,chr14,73948009,74029399,567,0.2766175807211118,0.6534238912527959,0.5340880059214981,0.30120212630559046,0.5294960778427288,0.30985579023558313,0.3320477970429615,0.7497970441720583,0.72760503736468
BBOF1,ENSG00000119636,chr14,74009348,74092863,548,0.3195812343033554,0.24545279390004082,0.2392258335925302,0.26773722041538917,0.1839445629327706,0.19663277547970637,0.19499014442806883,0.08500466118151093,0.08664729223314849
ALDH6A1,ENSG00000119711,chr14,74046846,74094492,307,0.3226813134462908,0.3038789188991547,0.2647730732492628,0.26594348025193754,0.19405760385041074,0.2221344832525945,0.2278289549016792,0.1400971834267281,0.13440271177764343
LIN52,ENSG00000205659,chr14,74074795,74211235,851,0.33828116394707813,0.5564446795706436,0.44286173337186974,0.4029723906057008,0.4563808233495268,0.3204527229296373,0.3596091742779827,0.4924800260516413,0.453323574703296
VSX2,ENSG00000119614,chr14,74229448,74272738,383,0.4451593652692234,0.5396627229575944,0.41036439051992285,0.45246883887723294,0.4691530000441895,0.4183098271852861,0.3724251579438778,0.35748602001979735,0.40337068926120573
ABCD4,ENSG00000119688,chr14,74275268,74313055,283,0.30229039682933134,0.36682808851135884,0.4226932419128219,0.244893982232045,0.35281652141472136,0.13379205252836446,0.15139249459806312,0.3232212590507928,0.3056208169810941
VRTN,ENSG00000133980,chr14,74293068,74370008,285,0.2636023680509379,0.33662980998059533,0.38258890761845843,0.2318265934994749,0.33114837670204766,0.11709346658906869,0.13598441899693237,0.2933286220428739,0.27443766963501026
SYNDIG1L,ENSG00000183379,chr14,74395893,74436210,266,0.36799255373183226,0.4174189518346821,0.3141266253176153,0.3120133739228129,0.3323852385238524,0.3110394071347244,0.25511443431924485,0.22924755760518517,0.2851725304206647
NPC2,ENSG00000119655,chr14,74466191,74504177,207,0.29616232087006067,0.2055223433558576,0.1615322392307783,0.24736286987164202,0.16489775429720216,0.20254939380600945,0.16702068524332137,0.027521022132068584,0.0630497306947567
ISCA2,ENSG00000165898,chr14,74483755,74507106,131,0.20827214227957855,0.23664528444208405,0.14542822997579075,0.27596750696300343,0.12988972009486893,0.17320761538243445,0.22690807535472485,0.0968248444639211,0.043124384491630696
LTBP2,ENSG00000119681,chr14,74488182,74622378,796,0.33781006674755476,0.4200277955398902,0.3591984586719368,0.44071034610080195,0.3862957992528715,0.2559712389906724,0.3188103254524356,0.2888038609439981,0.22596477448223495
AREL1,ENSG00000119682,chr14,74643436,74723117,407,0.36348237495546937,0.47001091612163143,0.4340298592873158,0.34731522925240305,0.384799883420277,0.2587140414060273,0.2878761020619923,0.3761848276979606,0.34702276704199553
FCF1,ENSG00000119616,chr14,74703143,74748620,206,0.40870221254243816,0.551520475222353,0.42661575212899566,0.3539480860818529,0.3685247130498474,0.38556428591260294,0.38953559783820807,0.4163279652824816,0.41235665335687643
YLPM1,ENSG00000119596,chr14,74753315,74869435,535,0.4103334391870435,0.3766749850116065,0.33047698961238314,0.36618133645895934,0.30380795013739,0.29984775545175346,0.28327493246848884,0.1728394473773116,0.18941227036057615
PROX2,ENSG00000119608,chr14,74842870,74886154,213,0.4840167707082106,0.521828949928288,0.43437234432664196,0.39980186818739083,0.40183463471801373,0.4148242555695757,0.3671970955327103,0.3229625095941685,0.37058966963103385
DLST,ENSG00000119689,chr14,74871890,74913743,269,0.4414445600945332,0.4505689775336834,0.39383986818198646,0.38739319274024403,0.36084416089471705,0.34033117830721676,0.32064851936152106,0.25854086252432024,0.27822352147001594
RPS6KL1,ENSG00000198208,chr14,74893950,74933302,274,0.39918820604267113,0.3965715035361888,0.2919005150581469,0.3860924857960804,0.29462510349549437,0.3347152977403867,0.32200643398938755,0.17041242914234733,0.1831212928933465
PGF,ENSG00000119630,chr14,74931833,74965626,199,0.43355912434250765,0.46459222961764124,0.5058391658324499,0.4406774606114732,0.458767247843784,0.2441074834804246,0.2959248732991369,0.3806191512926127,0.32880176147390033
EIF2B2,ENSG00000119718,chr14,74992920,75022366,120,0.5013331677976118,0.5809980714088918,0.4709770568012949,0.5000443131966612,0.5104835343850314,0.46448667810438193,0.4243891935756614,0.40539307812347003,0.44549056265219056
MLH3,ENSG00000119684,chr14,75003768,75061532,214,0.565083758588635,0.6096017809507361,0.5542896732117517,0.5202273364581892,0.5380826906943653,0.4825518858744056,0.45133075155094177,0.45803610044071613,0.48925723476418
ACYP1,ENSG00000119640,chr14,75043236,75079483,144,0.47383871953633583,0.6124991435005901,0.5990712374245108,0.5356286903781051,0.602932279337275,0.338106599683017,0.3957297992812106,0.6099306201871033,0.5523074205889098
ZC2HC1C,ENSG00000119703,chr14,75054108,75129502,302,0.5327971455015884,0.5854534968290314,0.5425885638608677,0.5295392313398121,0.5666912855936761,0.42969493108386203,0.3991539933188155,0.4508751886123222,0.48141612637736864
NEK9,ENSG00000119638,chr14,75069352,75137344,289,0.5017452832359642,0.5651388086815964,0.5168553404943479,0.5276179167145685,0.5783821804198178,0.4009665422088392,0.3595197527600967,0.43176185702544834,0.47320864647419086
TMED10,ENSG00000170348,chr14,75121468,75186612,285,0.413391329532231,0.5190059252335445,0.43232693147596113,0.4456293694002022,0.42811480202289165,0.3495440298149069,0.38150256228014995,0.3823562977102008,0.3503977652449577
FOS,ENSG00000170345,chr14,75268825,75292230,140,0.49463491913146007,0.45427350497813906,0.4079467878470662,0.5472359128799756,0.4191769208180588,0.381976384674936,0.42735617118446656,0.22366096893545834,0.17828118242592783
JDP2,ENSG00000140044,chr14,75417715,75484111,421,0.43604175634367354,0.3758873959119742,0.2632498418242073,0.4438577533672112,0.2789554054286602,0.3693465476241927,0.3655506785996766,0.10207792399933813,0.10587379302385413
BATF,ENSG00000156127,chr14,75512454,75556993,294,0.6483601239639888,0.5168329078095565,0.5529717794303398,0.6429655473940411,0.5313071235142158,0.4837034460127358,0.49975408096529655,0.2436892925784787,0.22763865762591784
FLVCR2,ENSG00000119686,chr14,75568619,75673214,528,0.3915403018961812,0.4729850242579057,0.377934500213029,0.4790003077192937,0.49122028582724414,0.33132051375394356,0.3083960020215297,0.30920580012266463,0.33213031185507846
TTLL5,ENSG00000119685,chr14,75623624,75965079,1552,0.5517758420870414,0.5518834467970052,0.5162768156665837,0.6355025264778597,0.6095583983483162,0.43946063357228443,0.43573035370057484,0.3632412834319541,0.36697156330366376
ERG28,ENSG00000133935,chr14,75639790,75670876,144,0.5094767432109977,0.48974916848545635,0.5436709052717845,0.6029405095769438,0.4857000507208021,0.3002972017589912,0.4657866912192761,0.37255564591267987,0.20706615645239496
IFT43,ENSG00000119650,chr14,75892135,76094585,1061,0.493235419039344,0.46033231148252357,0.35491534029779737,0.5314079534385646,0.41665200568942695,0.42906836281328237,0.4179265391819819,0.18773335767598953,0.19887518130728993
TGFB3,ENSG00000119699,chr14,75948096,75993011,209,0.508297687767589,0.3278616973416675,0.3052447904608305,0.6144518485011652,0.42746959179894883,0.37148862110257974,0.39634545453586073,0.025802531004591067,0.0009456975713100224
GPATCH2L,ENSG00000089916,chr14,76141915,76264342,756,0.47754800761957605,0.5060464948760455,0.5167952842898471,0.43376013070236585,0.4324333902011336,0.31361059615341735,0.3538271080982812,0.3917032892525637,0.35148677730769984
ESRRB,ENSG00000119715,chr14,76300711,76511837,1612,0.33866807712216956,0.46496016094133513,0.41966896587152597,0.3382726096926986,0.39767459159914853,0.24737844606098808,0.26567912005250477,0.37803562326734774,0.35973494927583116
VASH1,ENSG00000071246,chr14,76751467,76793015,240,0.42063757975961663,0.40960827381593273,0.39888066349504536,0.403972772011196,0.4243750923702758,0.2819171371619206,0.2460694578415768,0.24505188254802496,0.2808995618683686
ANGEL1,ENSG00000013523,chr14,76776008,76836246,318,0.4645857942394929,0.4337837243401759,0.36489072152471824,0.3649435812472258,0.3514180181440206,0.3697677868729302,0.29492686567424253,0.1990113744192154,0.27385229561790303
LRRC74A,ENSG00000100565,chr14,76816371,76880302,389,0.4581957148534269,0.40291530256481434,0.4172921644113133,0.4288651209678497,0.430425212193168,0.2942386931424831,0.256480501405405,0.22145761075916737,0.2592158024962453
IRF2BPL,ENSG00000119669,chr14,77014542,77038708,137,0.4701747885179781,0.5007041554928301,0.5276638734440081,0.5950545050419206,0.4775673896738049,0.28985009316195165,0.4746500032584242,0.4047063909856076,0.21990648088913506
CIPC,ENSG00000198894,chr14,77088125,77127287,253,0.44939830858628277,0.5094597311406042,0.45244862413078657,0.45712866721639533,0.4761685061323548,0.35334626780794487,0.33827281306692586,0.35890163796592317,0.37397509270694224
RP11-463C8.4,ENSG00000259164,chr14,77088310,77235462,1152,0.4594900056622282,0.5379281941288707,0.48943333997685046,0.435078172422133,0.4633020245668877,0.3575215275921578,0.3603915598171313,0.4145134484218099,0.4116434161968365
TMEM63C,ENSG00000165548,chr14,77106567,77269495,1248,0.43553637640160114,0.5263373271830941,0.45455718956414787,0.4123719137495758,0.4708970342259839,0.3564909454329678,0.32117434258460426,0.3907689259286199,0.4260855287769835
ZDHHC22,ENSG00000177108,chr14,77121269,77152734,256,0.441807593736927,0.5905113054337673,0.5274848435972943,0.4036665645883879,0.5344224607174829,0.3631060451954831,0.3226623364154351,0.5297399387715025,0.5701836475515505
NGB,ENSG00000165553,chr14,77255482,77281206,153,0.40086674986562865,0.5678714754446187,0.5310760565637203,0.4253403954142544,0.5412872297682731,0.29699439226622953,0.3068392961159395,0.5420378321744194,0.5321929283247093
POMT2,ENSG00000009830,chr14,77264955,77330883,386,0.34720801877790664,0.5859497903881465,0.49570417972822667,0.32885444490120147,0.49921343721742584,0.3118362771088836,0.2944809925390066,0.5699317561459887,0.5872870407158657
GSTZ1,ENSG00000100577,chr14,77310995,77341597,185,0.3313119461014927,0.5161929994554473,0.4261163323756888,0.30162056071026466,0.4136909930178514,0.2865891264482316,0.27557680645137317,0.439480084548337,0.45049240454519535
TMED8,ENSG00000100580,chr14,77325028,77387094,329,0.31044307719969017,0.5327261785931766,0.39107844672328057,0.3592822971554861,0.43878041263579143,0.31824002419993175,0.314181571664435,0.4425998276019941,0.4466582801374908
SAMD15,ENSG00000100583,chr14,77366688,77401497,195,0.32359899227467154,0.3917878822271059,0.3094419191265979,0.30061591768500484,0.2374022673157528,0.25897277831126364,0.29188109445568444,0.23825880163251134,0.20535048548809057
NOXRED1,ENSG00000165555,chr14,77384020,77433517,289,0.47176872409515547,0.6277645281258458,0.523835067413005,0.43414086912745403,0.47276329832110764,0.44222935847509864,0.4587665356054461,0.5459992775778538,0.5294621004475064
VIPAS39,ENSG00000151445,chr14,77416674,77467952,344,0.4841405570765123,0.7497954363025564,0.6619799780830099,0.48601953006971194,0.5757449130659984,0.481373620073964,0.596813033443915,0.9041028208440963,0.7886634074741454
AHSA1,ENSG00000100591,chr14,77447869,77479472,232,0.5031664998956208,0.7649009713525841,0.6708391714428266,0.4272363766737484,0.5990229090782164,0.5180199834524204,0.5455898220192563,0.9297284716493275,0.9021586330824913
ISM2,ENSG00000100593,chr14,77464393,77508816,299,0.5935492583578955,0.8215829846223173,0.7120407612099161,0.5404543979040874,0.7047756745435608,0.6894939394870472,0.6405644993052905,1.0341377462197485,1.0830671864015051
SPTLC2,ENSG00000100596,chr14,77495996,77626637,936,0.4688544569800518,0.5454056720752556,0.4703170225165537,0.4529558812029139,0.48279552192437575,0.39279622029806466,0.36612934738498354,0.39555362441178293,0.42222049732486405
ALKBH1,ENSG00000100601,chr14,77662403,77718023,361,0.34567314821699474,0.31827401844465564,0.2638921135523638,0.3872069841919639,0.2751464898801989,0.250448590652688,0.2755349233512874,0.13267889779958156,0.1075925651009822
SLIRP,ENSG00000119705,chr14,77698070,77771104,446,0.46961216923598686,0.4262711760182524,0.3967206675343543,0.5218989988187045,0.3902382287634559,0.342185129332534,0.39942237929933944,0.21341329704878326,0.1561760470819777
SNW1,ENSG00000100603,chr14,77707598,77771207,396,0.46988747964987315,0.4223273036819258,0.38252882531743393,0.5091923600245329,0.4047732033323779,0.35064547011132985,0.37081903237366415,0.19810236993536057,0.1779288076730262
ADCK1,ENSG00000063761,chr14,77790108,77945014,1088,0.3575541018798795,0.4519530859443949,0.3933476750938668,0.40594344948786515,0.3875464614740437,0.2720338145015867,0.3159464762341285,0.32936057160630633,0.2854479098737645
NRXN3,ENSG00000021645,chr14,78160372,79878291,11092,0.48376937284118837,0.4648899112741316,0.45911224321085115,0.5021426559814834,0.46453657564984113,0.3359704730910074,0.3490508937147725,0.2893123068441685,0.2762318862204034
DIO2,ENSG00000211448,chr14,80187525,80397757,885,0.38103320227405785,0.523257076729102,0.5027252497887571,0.3649372545205213,0.4399818397798673,0.2609344681500893,0.30751164233981493,0.4798434101514667,0.4332662359617411
CEP128,ENSG00000100629,chr14,80466982,80969517,3095,0.41315343551853567,0.5691983839043242,0.5014316891445688,0.41314376841278505,0.5304098055631038,0.3395423993931723,0.3095940503770131,0.5025651829310476,0.5325135319472067
TSHR,ENSG00000165409,chr14,80944988,81156306,1476,0.29204655732481377,0.3398825748899826,0.2566205128143219,0.312205848018613,0.323795637104292,0.23208293729916105,0.1991716449110627,0.18325460565446772,0.2161658980425661
GTF2A1,ENSG00000165417,chr14,81165451,81231377,316,0.42645042888751783,0.5077329316308801,0.4206400953861867,0.45298323648277017,0.4874377094331528,0.35940670015131065,0.32183834291801294,0.34932718772457105,0.3868955449578688
STON2,ENSG00000140022,chr14,81250655,81446465,1284,0.45174483435509954,0.595892940905903,0.4228080148343102,0.49616964009768966,0.41689184249785444,0.47875478507173663,0.5261042512334781,0.4273206532972884,0.37997118713554673
SEL1L,ENSG00000071537,chr14,81461546,81543853,415,0.3121332767295183,0.44345041399659,0.4898228351291338,0.39775465089366074,0.47974295278922235,0.14358097670456416,0.21982855048416,0.4424180322009632,0.36617045842136736
FLRT2,ENSG00000185070,chr14,85520143,85664428,1034,0.41396459911172545,0.4961415178808908,0.37948646086271925,0.4743617099009,0.4007890034884145,0.3713135325447499,0.40823015451368,0.31414630724096787,0.27722968527203773
GALC,ENSG00000054983,chr14,87827819,88003665,1627,0.45897799992250765,0.6170332447502137,0.5731401159640629,0.42851723902941774,0.5249173841988635,0.3614014849168687,0.3875307465738124,0.5984056095664358,0.5722763479094921
GPR65,ENSG00000140030,chr14,87995134,88024811,198,0.44655821674157353,0.3978190028994431,0.35862770861217175,0.3729819174666707,0.34976375872933724,0.3273253690139979,0.27177879210544087,0.17987185021289215,0.2354184271214492
KCNK10,ENSG00000100433,chr14,88170102,88336907,1240,0.2998368982044202,0.4335650979222147,0.36152478389120885,0.31741851686030637,0.3755150298723491,0.23808133302406037,0.23971923533961617,0.3303117845770117,0.32867388226145594
SPATA7,ENSG00000042317,chr14,88374923,88480350,698,0.2950023126669966,0.38105020039399495,0.4147608192712818,0.3410215914878348,0.47107255862880837,0.14677860298009904,0.12994579970127618,0.3329525057887028,0.3497853090675257
PTPN21,ENSG00000070778,chr14,88455777,88565007,685,0.2981818706774672,0.35130051664662565,0.33273385541807854,0.3483290571194586,0.36584985189302205,0.19115020173494582,0.202765861283899,0.2416355134623289,0.23001985391337568
ZC3H14,ENSG00000100722,chr14,88552969,88637596,392,0.5246540335979822,0.6021974692853089,0.5049295203700587,0.5996306800426052,0.5660720735804463,0.48122839854683214,0.5011452909677737,0.4405711522591707,0.4206542598382291
EML5,ENSG00000165521,chr14,88602430,88802752,967,0.4125012890059114,0.46092109500805156,0.3748051047201257,0.4126054661833224,0.38585150738017493,0.3400413544739297,0.33121667895313706,0.2778519728626539,0.28667664838344653
TTC8,ENSG00000165533,chr14,88814152,88891078,392,0.41348281921025126,0.47323952123822116,0.4818111626506126,0.32917264733222235,0.3698859071826841,0.25857354926555565,0.2891992153261281,0.3824357839946904,0.35181011793411787
FOXN3,ENSG00000053254,chr14,89114870,89629149,3375,0.42879053384422894,0.4767719849339227,0.4159336583632223,0.443840038154066,0.4218067459906743,0.3349982632184774,0.34329507145496224,0.31273967143859466,0.3044428632021099
EFCAB11,ENSG00000140025,chr14,89784668,89964777,1061,0.39187613670940175,0.4217990678933822,0.3759644846820073,0.457362466671701,0.42562468332488873,0.2868312679531587,0.3023376554129538,0.26100256936463906,0.24549618190484385
TDP1,ENSG00000042088,chr14,89944938,90054764,791,0.26863809409985756,0.30094063757350664,0.2912378101391659,0.2899153036384771,0.2976072406514059,0.1633156245058634,0.17356404790957444,0.19470399106082487,0.18445556765711385
KCNK13,ENSG00000152315,chr14,90051993,90195853,1140,0.3435440124228907,0.45718860491531305,0.39001851389610365,0.34046818667551537,0.4107312022381817,0.2687831568290717,0.24917279550720223,0.34221020125742285,0.3618205625792922
PSMC1,ENSG00000100764,chr14,90246526,90285429,268,0.41645038937829204,0.3833229648114628,0.2807348778916594,0.3956287646973898,0.2852691689893082,0.3462551961696977,0.3255636052386635,0.13715463973027975,0.1578462306613138
NRDE2,ENSG00000119720,chr14,90257859,90341969,507,0.40490643617513483,0.4421523670562181,0.402040937888324,0.43279953686750805,0.38605356181414024,0.2942365317099594,0.3314321557520654,0.28943288141886336,0.2522372573767573
CALM1,ENSG00000198668,chr14,90386501,90418268,204,0.47480401645575293,0.5951367231638419,0.4447126602363855,0.5746209531727289,0.539294445722436,0.47996003554199895,0.4919921693207058,0.42424582138814443,0.41221368760943755
TTC7B,ENSG00000165914,chr14,90514563,90826479,2101,0.4113884966245842,0.4027579641536976,0.40179979436462887,0.4054196918388996,0.3781067673140124,0.26579596914757314,0.28017273086158445,0.2496368584244555,0.2352600967104443
RPS6KA5,ENSG00000100784,chr14,90837860,91070641,1226,0.40094126050652495,0.5712122192099268,0.5200433327596652,0.41247456174378017,0.5211325634460956,0.31256466663321436,0.32114871519099575,0.5342284992901645,0.5256444507323832
DGLUCY,ENSG00000133943,chr14,91050332,91235632,993,0.4817169841923542,0.5041562423631476,0.5320834031113066,0.4710227246001891,0.4822203781503654,0.29963150964248186,0.34004932232803087,0.4018628970035606,0.3614450843180116
GPR68,ENSG00000119714,chr14,91222531,91263925,245,0.3323751297799335,0.409853335794301,0.3721014874440163,0.32617941263297556,0.38285939641596123,0.23301814725188946,0.2197585927618662,0.2943660423227266,0.3076255968127499
CCDC88C,ENSG00000015133,chr14,91261322,91427844,1149,0.3727928547882106,0.3818824654819214,0.3772976086644127,0.39179273318499724,0.39920340555270545,0.2369342476168577,0.23440868156679268,0.2441424066861866,0.2466679727362516
PPP4R3A,ENSG00000100796,chr14,91447507,91520554,346,0.45458085453680325,0.4709900684634717,0.3678424778196647,0.47108577926764117,0.40545448331997436,0.3921660534271609,0.37685954210227374,0.2445820197017784,0.25988853102666537
CATSPERB,ENSG00000133962,chr14,91570695,91790707,1415,0.49777537215086737,0.46049846532457095,0.4909399695345564,0.4715496197711684,0.45620747182457083,0.31531405593065465,0.32286426438558463,0.30179559373189124,0.29424538527696126
TC2N,ENSG00000165929,chr14,91769745,91877536,587,0.490080398012983,0.46680352300870237,0.48326729637128224,0.5478535004859235,0.48159209837131817,0.32106897720827776,0.3828107219829454,0.3077963207842744,0.24605457600960673
FBLN5,ENSG00000140092,chr14,91859410,91957987,644,0.4183548925108374,0.4543356223509158,0.40869762937435056,0.41393288632148817,0.4071772877990735,0.31110910819518667,0.3086061301926704,0.294642076993608,0.29714505499612426
TRIP11,ENSG00000100815,chr14,91955990,92050896,508,0.3105996211595048,0.2863290559755481,0.2920844169895005,0.2572000917391974,0.2244648429087303,0.1819179677637431,0.19022994796940706,0.15541531781951975,0.14710333761385577
ATXN3,ENSG00000066427,chr14,92034495,92116621,527,0.29016188936953674,0.28457401004027033,0.27142475670246025,0.2733750449124508,0.2456360287447145,0.18046554912463114,0.18617081568446556,0.15441157442252,0.14870630786268563
NDUFB1,ENSG00000183648,chr14,92106121,92131917,231,0.3022123121971871,0.39346606601906287,0.3090739313696675,0.33043704790337775,0.40162208899024354,0.24505627178007403,0.19379596249183412,0.2549383298786987,0.30619863916693857
CPSF2,ENSG00000165934,chr14,92111968,92182145,460,0.27323557211663074,0.5296713771653626,0.44667092802132347,0.250302369844357,0.47770135079263004,0.240837065320541,0.1964466074175099,0.5134865657616923,0.5578770236647232
SLC24A4,ENSG00000140090,chr14,92312580,92511481,1212,0.49401412084862123,0.6210077780088004,0.5876926923832908,0.5151558021955251,0.5764641165599629,0.38274989903102685,0.4175251200243013,0.5874896975299329,0.5527144765366585
RIN3,ENSG00000100599,chr14,92503780,92698994,0,,,,,,,,,
LGMN,ENSG00000100600,chr14,92693806,92758679,418,0.43052829619140914,0.6152357040762251,0.5418165685739733,0.3463435610873037,0.533865905953266,0.3688424320795791,0.30850790404501977,0.5862819184767754,0.6466164465113348
GOLGA5,ENSG00000066455,chr14,92784304,92849947,482,0.6128272887856976,0.7869874094371294,0.7181213596949692,0.5866050084320319,0.709017231822808,0.6145048767470366,0.59763226098701,0.931899127648834,0.9487717434088605
CHGA,ENSG00000100604,chr14,92913149,92945285,258,0.5106660428879264,0.6050819349068474,0.5037404086045769,0.4869394940760933,0.5147661080485956,0.4715654650236964,0.43665710419640763,0.457511500717844,0.4924198615451328
ITPK1,ENSG00000100605,chr14,92926913,93126320,1471,0.29071543412163053,0.3412867068966541,0.29787329634205906,0.265279648749309,0.31298827365616205,0.2036619858427371,0.17516415569435748,0.21380491688061534,0.24230274702899496
MOAP1,ENSG00000165943,chr14,93172198,93194923,125,0.4484981429317309,0.44630578761637313,0.37528509212124184,0.4293532315029514,0.4281791552685912,0.35789645005626136,0.2965990212497666,0.23324625777280983,0.2945436865793047
TMEM251,ENSG00000153485,chr14,93174950,93198463,126,0.46048017366749355,0.4752890548560824,0.36464381463168916,0.40530542350368093,0.3859339665309815,0.40420698934393795,0.3384811302421739,0.24070075935002633,0.3064266184517905
RP11-371E8.4,ENSG00000259066,chr14,93174972,93228586,291,0.43635403374601284,0.476689653029048,0.36921230061132615,0.4114125963638863,0.34158113042553445,0.38006180657342825,0.37984823346627433,0.2675187866845493,0.2677323597917033
GON7,ENSG00000170270,chr14,93192893,93217065,134,0.44137374606224006,0.4242669906188838,0.3070025793869882,0.37827229176705557,0.2965211405814569,0.3838284381570034,0.33782342393799747,0.1682828129703467,0.2142878271893526
UBR7,ENSG00000012963,chr14,93197240,93239215,224,0.35022912430324427,0.44281467157401533,0.39445928212766584,0.34558809620244063,0.33725603089947187,0.2571796869612001,0.2987545690556408,0.3276776813557324,0.28610279926129173
BTBD7,ENSG00000011114,chr14,93227549,93343092,694,0.2670563153306586,0.6639907491486469,0.6066344967130998,0.2519021303143958,0.6574675324675324,0.2341434650932659,0.1547246123929117,0.8564731220089798,0.935891974709334
UNC79,ENSG00000133958,chr14,93323218,93717876,1933,0.4335125171087438,0.5937691426810434,0.5436225432765766,0.49951697842013854,0.5937344664914191,0.34234945263498245,0.3461334804366448,0.5584842142590558,0.5547001864573934
COX8C,ENSG00000187581,chr14,93337181,93358356,159,0.15651024227172403,0.5280131498805265,0.3981932554038463,0.2107096060809404,0.5936531461538367,0.20659638293993804,0.043438481068581114,0.544207770761108,0.707365672632465
PRIMA1,ENSG00000175785,chr14,93708297,93798485,649,0.4743361570660359,0.32733191780026655,0.36486207512556257,0.5311448179268666,0.4028436708697308,0.292841757824589,0.31919412939801506,0.10366150455396056,0.07730913298053449
FAM181A,ENSG00000140067,chr14,93908893,93939608,265,0.3684103929211042,0.47127986690584167,0.36888447183438455,0.457667837862544,0.34314436760009753,0.31827257098161854,0.41444081691786416,0.3190234651093501,0.22285521917310436
ASB2,ENSG00000100628,chr14,93924165,93986739,532,0.43691088284648755,0.6108163654914888,0.4782597534388569,0.4671318504820026,0.5569406191292985,0.43371796264107154,0.37956688148308215,0.5099860159664589,0.5641370971244482
CCDC197,ENSG00000175699,chr14,93977224,94018863,409,0.3706033089647828,0.6023814406112746,0.5533373183127843,0.4019337094718037,0.5602112534165078,0.28965204105143383,0.30742750771456534,0.6326100856946217,0.6148346190314902
OTUB2,ENSG00000089723,chr14,94016339,94058930,392,0.26858491817777896,0.2612723721182873,0.2025230612168022,0.24095755685002693,0.18685472599626415,0.1946488929176443,0.18583904060156906,0.10817710155000526,0.11698695386608052
DDX24,ENSG00000089737,chr14,94038286,94091212,430,0.3562941302802078,0.4467313277891667,0.2920913228535144,0.338672040780001,0.26783375974536144,0.343492375567343,0.34683463498206757,0.24841917501097996,0.24507691559625538
IFI27L1,ENSG00000165948,chr14,94071300,94113846,355,0.30075833007691904,0.7038467650913813,0.6719471226522888,0.24475824148377037,0.6165023409772806,0.230028330394196,0.2695869408531565,0.9868499427147017,0.9472913322557412
IFI27,ENSG00000165949,chr14,94094835,94126698,253,0.4064218718586917,0.6221344497090219,0.559519492588332,0.3364823768296153,0.5518027995011935,0.3374570909945965,0.2904473673023949,0.6357597427005037,0.6827694663927052
IFI27L2,ENSG00000119632,chr14,94117778,94140253,154,0.31487225121942153,0.22273122131352088,0.16977771431917765,0.4562496671784511,0.2590775710775711,0.22202861673938104,0.28068740546393267,0.029940453175707094,0.0
PPP4R4,ENSG00000119698,chr14,94136127,94289734,875,0.32819704574829367,0.36057389597391726,0.2967690695389458,0.38427199680583274,0.34619949090978214,0.24645223669525954,0.2535905887820893,0.20073198067953163,0.19359362859270185
SERPINA10,ENSG00000140093,chr14,94270459,94303268,233,0.35039446016506137,0.49978710288406747,0.3866089700484524,0.3140939770495689,0.4214278575202087,0.3176793940771638,0.2612720481775152,0.3750420828755564,0.43144942877520487
SERPINA6,ENSG00000170099,chr14,94294247,94333389,277,0.42668429724513574,0.556673668261563,0.5083354605176147,0.40981257607212346,0.49170672672760973,0.3299046317963455,0.332033788046321,0.4835445078340083,0.48141535158403276
SERPINA1,ENSG00000197249,chr14,94366746,94400693,274,0.4350993178865601,0.5747783728059468,0.4360956103620291,0.3321250151201242,0.49470390579241036,0.42668977680635517,0.28809417260345843,0.4284549934218799,0.5670505976247766
SERPINA11,ENSG00000186910,chr14,94432463,94462800,272,0.5191316088543192,0.6740800236562492,0.5209088909684458,0.43740165077818716,0.5307091451797057,0.558700283786211,0.46988008649434826,0.5624031153004263,0.651223312592289
SERPINA9,ENSG00000170054,chr14,94452716,94489689,338,0.38173740248887866,0.538237358587656,0.4800348441337855,0.3459011184588964,0.43604182990718665,0.2997764011030142,0.3122129151493929,0.47292788199564995,0.4604913679492712
SERPINA12,ENSG00000165953,chr14,94477273,94527844,409,0.2987852353935495,0.3348921598435665,0.33536778201544165,0.32048640969904885,0.3379333535761485,0.17711285440139526,0.1908975386084008,0.2306932314235431,0.21690854721653746
SERPINA4,ENSG00000100665,chr14,94551441,94579913,202,0.3769565181002892,0.5798911251552963,0.4848844759886947,0.3756309553345076,0.49844934304496663,0.33850812936018737,0.32410218868566626,0.5287332461170201,0.5431391867915414
SERPINA5,ENSG00000188488,chr14,94551441,94603118,454,0.3355431511018611,0.5202355522217114,0.4271979616499431,0.3543710518328215,0.44395788218812476,0.29301513259618056,0.29253955852373786,0.441444896728488,0.4419204708009306
RP11-986E7.7,ENSG00000273259,chr14,94582057,94634646,456,0.31816069970664806,0.43744740484903305,0.3461749300178161,0.3370506540314255,0.34846714246545,0.266658242680731,0.2789499448659345,0.3086124041033085,0.2963207019181051
SERPINA3,ENSG00000196136,chr14,94602383,94634055,226,0.3359177298792782,0.4993000934314204,0.4684335941304783,0.3739966395737996,0.42666881914314425,0.2345852170640702,0.30192806694104785,0.45716312918378393,0.3898202793068062
GSC,ENSG00000133937,chr14,94758222,94780113,116,0.3611077128282153,0.41717021802627147,0.38736509731844104,0.3364579237569225,0.3849633541387972,0.24894669819214207,0.23197484494022877,0.29091340624107614,0.3078852594929894
DICER1,ENSG00000100697,chr14,95076227,95168010,551,0.4536103079576485,0.48530080778765156,0.45079868281565394,0.4237012850367336,0.45809444405600663,0.3346526355813588,0.3013191241769973,0.3295200061772459,0.3628535175816075
CLMN,ENSG00000165959,chr14,95171939,95329908,1096,0.2603367849983562,0.28422504441941376,0.2399638337859885,0.27014988530673256,0.2748638106192475,0.1807802604036872,0.1639548815936268,0.1536092088712118,0.17043458768127218
SYNE3,ENSG00000176438,chr14,95397265,95526650,1119,0.34943494884695814,0.4241296827421593,0.35951447460409997,0.3850851378160354,0.38312901164677654,0.2681290073635628,0.27752443576235863,0.2837437799209013,0.27434835152210546
GLRX5,ENSG00000182512,chr14,95523502,95554724,257,0.4060780705887832,0.30909599399478654,0.2751064879403316,0.40680583937685083,0.266555969051711,0.28451563532723523,0.29099195474251904,0.08523874993522917,0.07876243051994541
TCL1B,ENSG00000213231,chr14,95676425,95702628,205,0.5395721005845022,0.5791506510324221,0.4637281120034053,0.6005757817764448,0.458121287669013,0.5089826816187194,0.585249246512836,0.35649766865349963,0.280231103759383
TCL1A,ENSG00000100721,chr14,95699946,95724196,187,0.3394944652549994,0.349753684659972,0.29174138284089235,0.4285629809834897,0.4046339316452926,0.2501039215552006,0.23571311213805535,0.18030011964244572,0.19469092905959096
TUNAR,ENSG00000250366,chr14,95866391,95935663,504,0.285613626465531,0.25212351163654173,0.19382864357520022,0.3241876544075432,0.27049662163083715,0.20569490135185547,0.18348299697442222,0.08482253579877222,0.10703444017620553
C14orf132,ENSG00000227051,chr14,96029361,96103971,636,0.3833276510387864,0.4403064409862764,0.359726079965077,0.3952889766866598,0.3660090780264169,0.3089620510130452,0.3138249001266282,0.27140381006416303,0.26654096095057994
BDKRB2,ENSG00000168398,chr14,96194678,96254166,470,0.40667786864599414,0.4304634072572405,0.41482061191320435,0.37458596730932464,0.41722684122342535,0.2745566079149228,0.24615818945563278,0.28837563608657646,0.3167740545458665
RP11-404P21.8,ENSG00000258691,chr14,96194843,96273929,610,0.3840105775525314,0.46531250011671527,0.42107189213071067,0.41634698827475064,0.43455957823641195,0.2820106634571138,0.2971855509533048,0.3440621516567977,0.32888726416060665
BDKRB1,ENSG00000100739,chr14,96246209,96278967,232,0.39785535160264385,0.4952682930340702,0.4390016607747598,0.3758611120140975,0.4102188498560897,0.3064742565883264,0.31355343992095885,0.37725400762892547,0.370174824296293
ATG2B,ENSG00000066739,chr14,96269194,96373341,685,0.44853532624971576,0.3790435035749563,0.3465675602138798,0.42892328946584896,0.2969859862249493,0.32307780868939007,0.3421737673005529,0.1534164448791211,0.13432048626795828
GSKIP,ENSG00000100744,chr14,96353451,96397288,249,0.3450279279271453,0.3557569227901653,0.31118535732313857,0.39158179571983825,0.31205198196059813,0.2450293947349489,0.28126498670563593,0.19464978027522606,0.15841418830453893
AK7,ENSG00000140057,chr14,96382127,96499427,578,0.3822694464796756,0.46470578476360086,0.4214665613250388,0.46612138465547137,0.434493074391875,0.2796913653602402,0.34124639477420937,0.3452473828634317,0.2836923534494625
PAPOLA,ENSG00000090060,chr14,96491432,96577116,354,0.21757309577384532,0.18673292474665604,0.12138103117991401,0.22967561704863407,0.1324814801571952,0.16132326687290616,0.16276043747655028,0.04537245066098031,0.04393528005733621
VRK1,ENSG00000100749,chr14,96787303,96964846,1088,0.509770261508471,0.46913984492006877,0.42753116378696704,0.47254241063724073,0.40676685638159704,0.39417040897520017,0.3753878361705991,0.23908624488210112,0.25786881768670217
BCL11B,ENSG00000127152,chr14,99159286,99282197,640,0.40992491183242047,0.5082518024438509,0.43140651810678976,0.4662658413613537,0.44282377317202565,0.3363522129618733,0.3763860889622621,0.37343627412405767,0.33340239812366895
SETD3,ENSG00000183576,chr14,99387747,99490889,656,0.5664113894548335,0.580562022549158,0.5416000145181628,0.5618320134884396,0.5765664997304454,0.4622427819468305,0.4173168613310553,0.40659683080525194,0.45152275142102727
CCNK,ENSG00000090061,chr14,99471168,99545044,512,0.6876742940253024,0.7445946819767492,0.7346357189959788,0.685558596731519,0.743162402214586,0.6009802339470873,0.5812748707603237,0.7639232793227316,0.783628642509495
CCDC85C,ENSG00000205476,chr14,99490189,99614207,1032,0.5158463058067336,0.7035358367907486,0.6165725159065233,0.5009832169902588,0.6234297273396633,0.4912885204193316,0.46714694122317724,0.7245404135032691,0.7486819926994233
HHIPL1,ENSG00000182218,chr14,99635128,99690569,0,,,,,,,,,
CYP46A1,ENSG00000036530,chr14,99674297,99737301,258,0.41154194674291544,0.5117819313313869,0.4917603754136914,0.43812248348742905,0.4497207942719914,0.2852202512240221,0.3480675115597623,0.43177285969222234,0.3689255993564822
EML1,ENSG00000066629,chr14,99727692,99952060,1566,0.41293041144503434,0.5357724871385329,0.5035986333056819,0.42845674502650133,0.4995366868057713,0.2998109808623207,0.31728732306458063,0.4675695366229441,0.4500931944206842
EVL,ENSG00000196405,chr14,99961448,100154236,1223,0.4622819045819364,0.7194492567966001,0.7642276625423887,0.49694844415580824,0.7506399718138295,0.22326644935683493,0.28460287731603273,1.047734218337551,0.9863977903783532
DEGS2,ENSG00000168350,chr14,100133956,100169645,178,0.40141789270661465,0.751519987852919,0.6549613397149956,0.3979451510432578,0.6125838785645311,0.42074281809894565,0.4757718414323144,0.9716500525972673,0.9166210292638987
YY1,ENSG00000100811,chr14,100228297,100292788,289,0.5848335495604988,0.6261831739731794,0.5980123156010753,0.4598015222185253,0.49853945669845245,0.4758656493190926,0.45478883749640275,0.5081237222067685,0.5292005340294583
SLC25A29,ENSG00000197119,chr14,100281115,100316547,203,0.5504676338873322,0.8168283684622151,0.7772700615861858,0.5600465463799038,0.765607980099689,0.49754191572748574,0.5338288833285867,1.1997897726896516,1.1635028050885508
SLC25A47,ENSG00000140107,chr14,100313338,100340421,181,0.5124221208588711,0.7376086263658977,0.7548952214151927,0.5056538393402946,0.722652958980483,0.3250769271867111,0.3799758365678638,1.0128411701359195,0.9579422607547667
WARS1,ENSG00000140105,chr14,100323789,100386805,380,0.509095391184617,0.7341761660223814,0.7386309519332729,0.49793556659023697,0.7363402327746817,0.34730251211355223,0.34042625724615205,0.9776189557696509,0.984495210637051
WDR25,ENSG00000176473,chr14,100366417,100540303,1012,0.368719219729387,0.7222768259598081,0.7326547676280698,0.37127634419540434,0.7266890551652274,0.2109602631711166,0.22402437805772113,1.070170175069351,1.0571060601827464
BEGAIN,ENSG00000183092,chr14,100527146,100597413,461,0.38892842124493593,0.80279673160646,0.7464830496964868,0.43166265163035344,0.7297305097305099,0.37186842318183766,0.4401123353337637,1.2516518397653593,1.1834079276134333
DLK1,ENSG00000185559,chr14,100715704,100748224,194,0.4797533694202577,0.6835568644415131,0.6537293188818711,0.543384728664561,0.6764392142241846,0.37176475794422903,0.4030787687005144,0.7788469620775067,0.7475329513212214
RTL1,ENSG00000254656,chr14,100869752,100913722,272,0.47466316364531064,0.4176945944380997,0.3577194854284558,0.42237358110350604,0.3137528032737613,0.3708728569949658,0.35653539967002257,0.16988736006525407,0.1842248173901973
DIO3,ENSG00000197406,chr14,101551350,101573452,112,0.2988274456254025,0.40988504947433513,0.25948628549239,0.286260619980968,0.24830179091415597,0.2910140362287088,0.28962748681431805,0.23642389343140335,0.2378104428457941
PPP2R5C,ENSG00000078304,chr14,101751797,101937989,1256,0.19373571549762864,0.14784711046483545,0.09276865905642306,0.19871502677856687,0.0921969374235324,0.13898760727369236,0.14240006423658147,0.021001713166735533,0.017589256203846423
DYNC1H1,ENSG00000197102,chr14,101954572,102066443,578,0.2737566196237553,0.23666994204936306,0.22285809180489513,0.2668155827684902,0.1932670560956422,0.16890126920137713,0.1828300941661078,0.10116349280415238,0.08723466783942171
HSP90AA1,ENSG00000080824,chr14,102070741,102149699,6,0.5053855357122621,0.5692570036540804,0.6110363391655452,0.6694450833543705,0.5709664001478949,0.3009754931083842,0.5515030461522863,0.5412681698064403,0.29074061676253826
WDR20,ENSG00000140153,chr14,102129502,102234847,246,0.24478632105089976,0.26743873193119716,0.2874682135031318,0.23422038959380972,0.21955214290980715,0.12651604763319685,0.1650909081850816,0.18469225154080168,0.14611739098891688
MOK,ENSG00000080823,chr14,102214499,102315190,428,0.22509972941644657,0.31521640091116176,0.3139770784467473,0.19261107660742147,0.24540740882235954,0.12841455346286423,0.15551245208787035,0.25023785090722706,0.22313995228222094
ZNF839,ENSG00000022976,chr14,102307376,102352702,248,0.271338038199009,0.7517624647936263,0.7765093907981402,0.29009099418635176,0.7742365040455609,0.1057643304553415,0.12386018011219069,1.287604857511159,1.2695090078543096
CINP,ENSG00000100865,chr14,102331101,102372916,212,0.3796215725366442,0.4251266650957822,0.4426484985309838,0.4123463617894922,0.48010659681999324,0.22323599681601902,0.2155458112868433,0.3303695527586391,0.3380597382878148
TECPR2,ENSG00000196663,chr14,102352940,102512477,813,0.3487605279139928,0.3606071171057687,0.33182200832558273,0.35751625753689503,0.3000762665678826,0.23645666937182064,0.2664330186546605,0.21077950395951905,0.18080315467667918
ANKRD9,ENSG00000156381,chr14,102491766,102519799,190,0.3412295629915276,0.603556512841819,0.4890519023263919,0.31812369723630685,0.5331169601545684,0.3355573344697418,0.2732261432228707,0.5896644428311062,0.6519956340779771
RCOR1,ENSG00000089902,chr14,102582648,102740561,710,0.44995481849462654,0.41274119172530815,0.38591407463627236,0.5057807574510619,0.4845314580719157,0.3212120476329695,0.28719335200564317,0.21107760873201153,0.24509630435933782
TRAF3,ENSG00000131323,chr14,102767448,102921500,746,0.3881476987496109,0.43806878962192314,0.39546133245971105,0.3973390294551749,0.44572343356192484,0.28217527832326605,0.24634240845492666,0.29420055971934683,0.33003342958768633
AMN,ENSG00000166126,chr14,102912662,102943596,178,0.40339318800458557,0.4136012826617854,0.2707425662890083,0.43730046836606534,0.27910234419668384,0.36726191402643826,0.3907533506594122,0.1664934017352152,0.14300196510224128
CDC42BPB,ENSG00000198752,chr14,102922379,103067549,888,0.46516517836073157,0.41794175324353044,0.42015125834589767,0.4565092884971566,0.39566978815429527,0.31099704028648495,0.3236464482774134,0.23018771563434076,0.21753830764341214
LBHD2,ENSG00000283071,chr14,103074209,103100027,135,0.5141935436800799,0.72231238391647,0.597335042751123,0.5854070979580682,0.6378284791164174,0.5467765091332473,0.5730396573078229,0.7344819711162801,0.7082188229417044
EXOC3L4,ENSG00000205436,chr14,103090143,103120559,226,0.3603366312815107,0.41820585593544773,0.2505374970877646,0.3926665106841576,0.2508497263284745,0.35002641669970974,0.37575007399509774,0.19161218147556908,0.165888524180181
TNFAIP2,ENSG00000185215,chr14,103111475,103147439,234,0.4879736070785381,0.831316461807721,0.7440667941412751,0.5776250237120119,0.7260121108916134,0.5431355989963833,0.6734606453697318,1.2365952755609673,1.1062702291876187
EIF5,ENSG00000100664,chr14,103323543,103355025,0,,,,,,,,,
MARK3,ENSG00000075413,chr14,103375376,103513831,628,0.4631586533514937,0.4794375858160103,0.4258833262427974,0.447083111811557,0.3978220585578412,0.3599877595946924,0.36909538697103966,0.2928577265443618,0.2837500991680147
CKB,ENSG00000166165,chr14,103509666,103532833,149,0.5373451325440389,0.5378332235861618,0.5218977854844815,0.540267468188979,0.5797109536800437,0.402336331602719,0.34106363871955775,0.36949313352939744,0.4307658264125587
TRMT61A,ENSG00000166166,chr14,103519195,103547073,199,0.4939251443286677,0.49479163917843166,0.5121204910781026,0.48677229193194566,0.3822290601384678,0.32308410603938853,0.43409122916441334,0.35970023307530957,0.24869310995028465
BAG5,ENSG00000166170,chr14,103546544,103572657,116,0.2526754720521471,0.1559621483746462,0.11130502249996074,0.27512822482373417,0.21036509314415147,0.17140623711096475,0.12756692776353623,0.0,0.041991009730941914
KLC1,ENSG00000126214,chr14,103551895,103724249,993,0.32077822373686726,0.4800684556556129,0.4131596041413249,0.4028407577713825,0.4553028016550908,0.25393165513807864,0.28105217361598167,0.4001264664261771,0.3730059479482741
COA8,ENSG00000256053,chr14,103552959,103617523,343,0.23078547325204116,0.35042587436728573,0.2741271723615549,0.36254961254787066,0.3429215654096037,0.18672162701661318,0.23088263302797465,0.2447166951417677,0.2005556891304062
RP11-73M18.2,ENSG00000256500,chr14,103552961,103695924,797,0.27643483741700065,0.4927653256524658,0.3801927842229371,0.40201747367449125,0.44833903827990335,0.2619996967769114,0.2990768192052144,0.4167818171690681,0.37970469474076507
XRCC3,ENSG00000126215,chr14,103687608,103725504,247,0.3997714607908082,0.590555870147496,0.5616095278533727,0.48762793858953113,0.5134077475997851,0.28937717040727373,0.4206651423868757,0.6035776496264657,0.4722896776468639
ZFYVE21,ENSG00000100711,chr14,103705729,103743668,232,0.3150908304334047,0.3078281387046164,0.3513341448935219,0.33547367128924993,0.3057666532306956,0.15677624619271668,0.20582731952565395,0.21114475353352016,0.16209368020058282
PPP1R13B,ENSG00000088808,chr14,103723194,103857575,760,0.31997975015033636,0.34138261985421336,0.209778037768473,0.319275117566878,0.20107657016080177,0.28390190689323996,0.2888596972842797,0.13371061296281342,0.1287528225717737
ATP5MJ,ENSG00000156411,chr14,103902287,103938269,194,0.3489297657538476,0.36916087176227036,0.352445950946394,0.39104787133266816,0.3949172592491191,0.22764456835330635,0.22716497417984877,0.23305982791752114,0.23353942209097872
TDRD9,ENSG00000156414,chr14,103918455,104062667,744,0.43585495864626395,0.5620605102924491,0.5511973900874572,0.4511120108286579,0.5989417610182031,0.2984731575246693,0.25594339347442946,0.5272013719774222,0.5697311360276621
RD3L,ENSG00000227729,chr14,103930425,103952561,104,0.2971853453188734,0.5039702186584227,0.4443544650250935,0.3830247481864826,0.44860418356470033,0.23307833350286045,0.2943716549183887,0.46804097752948604,0.40674765611395775
ASPG,ENSG00000166183,chr14,104075685,104125582,272,0.5459005965217059,0.640911638196822,0.5133636858734266,0.5960154794761239,0.5481640046486159,0.5466938595057333,0.5680647488885879,0.47749292811743577,0.45612203873458135
KIF26A,ENSG00000066735,chr14,104128586,104190894,318,0.42488397126874866,0.4933981833319837,0.48376468903987135,0.4435201978300953,0.5330346403589237,0.2860104182030568,0.25232707915859376,0.39401953721711347,0.42770287626157644
TMEM179,ENSG00000258986,chr14,104464677,104615647,1403,0.32384236058067056,0.3451182356300917,0.2581235987593222,0.43748230652290443,0.2942211930763102,0.25802849146688195,0.3250899335808609,0.16527208058668333,0.09821063847270439
C14orf180,ENSG00000184601,chr14,104569763,104600515,277,0.3027385975909329,0.2481779026877651,0.2063929438317905,0.34339462678156096,0.23253806947372319,0.2073418116200284,0.22063062181157242,0.07791374412310156,0.06462493393155755
INF2,ENSG00000203485,chr14,104671145,104732535,481,0.3893796955570405,0.40631806354196376,0.3536626616147264,0.33936150884239724,0.35323814516496954,0.28912889682746445,0.25009146803408355,0.23228266671055814,0.271320095503939
ADSS1,ENSG00000185100,chr14,104714228,104757325,322,0.4075522170234333,0.4588266566176574,0.364958737556136,0.3813105928477738,0.29008296789529386,0.3417214382152083,0.37578018215713216,0.27229420033533674,0.23823545639341295
SIVA1,ENSG00000184990,chr14,104743146,104778494,234,0.3245937936929059,0.3300747961707637,0.23319359755073008,0.28861446321776757,0.17135440599127752,0.26375463630854457,0.27658361686079175,0.13683457259611798,0.1240055920438708
AKT1,ENSG00000142208,chr14,104759348,104805751,293,0.36425296518444467,0.42419739644306936,0.3925501301122502,0.4671418046001036,0.3510999031638582,0.2532296460342074,0.37450690558829464,0.2987607331459493,0.177483473591862
ZBTB42,ENSG00000179627,chr14,104790595,104814712,115,0.36652149449509824,0.594204886615799,0.490799563398018,0.5864256311043092,0.5574527809625169,0.34176127413331336,0.4848083557598513,0.5601456194611047,0.41709853783456685
CEP170B,ENSG00000099814,chr14,104855267,104906770,279,0.369768788905713,0.2081957420160024,0.19999827676540585,0.48289197173929843,0.20726715734593987,0.23598409731956904,0.3303377661292992,0.0,0.0
PLD4,ENSG00000166428,chr14,104914712,104947761,137,0.34803307620916824,0.2940793528505393,0.29269198049067596,0.3951776590737144,0.357611958648812,0.21486242876597889,0.2042551144724545,0.13339001684531931,0.14399733113884366
AHNAK2,ENSG00000185567,chr14,104927243,104988374,317,0.2945319982693404,0.3373780111941219,0.24227465938695888,0.41209725944095543,0.34295280586555105,0.24150508085651437,0.2613724628513036,0.17004552316922983,0.15017814117444056
CLBA1,ENSG00000140104,chr14,104975774,105020482,64,0.3535332346053816,0.2794346620856596,0.2548421051763236,0.4227769740290392,0.32717392336997314,0.23489676444426677,0.24048866558152518,0.09282241908168887,0.08723051794443054
CDCA4,ENSG00000170779,chr14,104999572,105031083,136,0.37345407315545803,0.3017030662320961,0.2572346533320015,0.4526046144153742,0.3060088127211353,0.2646344787784877,0.29819937762024734,0.09447638135671194,0.060911482514952375
GPR132,ENSG00000183484,chr14,105039394,105075445,233,0.3570866438129895,0.329486942925678,0.25157299853158843,0.5447006874377507,0.32824464712481105,0.27583790482477755,0.39432564317273155,0.12387419798717089,0.005386459639216801
JAG2,ENSG00000184916,chr14,105130981,105178824,199,0.4375557017529452,0.38231647756455167,0.3152886996387598,0.5938095840702283,0.3989250444283036,0.33924211928560266,0.4368383213763204,0.14253693302565168,0.044940730934934
NUDT14,ENSG00000183828,chr14,105162937,105191323,124,0.42786634539420676,0.3001752682337038,0.2354138000074982,0.32175222655245317,0.198848947316548,0.3234437524671151,0.2617310995779524,0.03348160601372713,0.0951942589028898
BRF1,ENSG00000185024,chr14,105199285,105325589,712,0.2732561009195822,0.35846343195326247,0.20882272843028954,0.26906664404811187,0.20393271779165534,0.26441850067088746,0.2646252564877979,0.17947059191025025,0.17926383609333985
BTBD6,ENSG00000184887,chr14,105238532,105261093,120,0.1627170536438827,0.12792516574334756,0.04025833636484322,0.1607236150255656,0.11109388912333419,0.1366910629711639,0.09716579170396562,0.00018897668257632227,0.03971424794977457
PACS2,ENSG00000179364,chr14,105290562,105408147,771,0.3874406952533516,0.5343316432385979,0.5379357695881275,0.44946608371004365,0.5167516474604614,0.24116986273351038,0.3169618618546814,0.5231117162574802,0.44731971713630925
TEX22,ENSG00000226174,chr14,105388537,105460106,415,0.7609631813883094,0.867472594303722,0.9130072250195121,0.8437598393251347,0.8539714075929685,0.5050866478346705,0.9766869727428646,1.515879171665084,1.0442788467568895
MTA1,ENSG00000182979,chr14,105409819,105480729,386,0.760917140130795,0.8481607530751478,0.8861516981757167,0.7982937790056034,0.8695019997800163,0.5714947972144693,0.7247392595815814,1.3134381065808083,1.1601936442136964
CRIP2,ENSG00000182809,chr14,105462961,105490162,140,0.7527605890324967,0.842936130291502,0.8764185982774022,0.81379203777954,0.861289228956417,0.5788228313877279,0.7783147993889267,1.2722799115423258,1.0727879435411272
CRIP1,ENSG00000213145,chr14,105476316,105498947,140,0.6199227025124595,0.7614710968859967,0.7760639895370962,0.7530895912660018,0.7887684221822185,0.45212524296401835,0.6385971463099768,0.9811395459714708,0.7946676426255126
AL928654.7,ENSG00000257341,chr14,105477198,105502267,138,0.6571465527753387,0.7683434899125015,0.8363597606845323,0.7450643651337447,0.7887684221822185,0.36143341580596267,0.6372217601129536,1.101066148589479,0.8252778042824879
TEDC1,ENSG00000185347,chr14,105479854,105509575,134,0.6362232778653896,0.7668787913339621,0.84633730088153,0.7090758693640976,0.7905785991961601,0.29720820396007464,0.5637413659513749,1.1589885478509716,0.8924553858596711
TMEM121,ENSG00000184986,chr14,105516582,105540202,0,,,,,,,,,
