gene_name,gene_id,chrom,start,end,n_snps,fst_afr_sas,fst_afr_mel,fst_mel_sas,fst_afr_eur,fst_eur_mel,pbs1_african,pbs2_african,pbs3_melanesian,pbs4_melanesian
CHL1,ENSG00000134121,chr3,186762,419417,2398,0.48451849781126666,0.5715634630691546,0.5137131024884102,0.5279944313262825,0.5002378348669784,0.394655005673185,0.45237709452992564,0.4529576514186631,0.3952355625619226
CNTN6,ENSG00000134115,chr3,1082657,1414217,3149,0.36656109983519103,0.4745336093881859,0.4174683318270189,0.34848203453993193,0.40779243638512414,0.27984452526937137,0.2740106318053277,0.3636245224119521,0.36945841587599576
CNTN4,ENSG00000144619,chr3,2088812,3067959,8873,0.3979474600016052,0.46898456536200367,0.42634269175792316,0.39739660490933504,0.42706446117170027,0.2923258339318477,0.2912390715009256,0.3406383571159204,0.3417251195468425
IL5RA,ENSG00000091181,chr3,3056323,3136613,801,0.476685516717232,0.5430784662541004,0.44340165434469014,0.4641910322281431,0.44822697797510525,0.42245244422528433,0.4063013385068907,0.3607911571911908,0.3769422629095844
TRNT1,ENSG00000072756,chr3,3116932,3160879,428,0.5080428786274447,0.6885762705502588,0.6902427912374116,0.5338360736472898,0.6882484836266175,0.3519990260403877,0.38213496153676296,0.8146017939732397,0.7844658584768643
CRBN,ENSG00000113851,chr3,3134627,3189727,486,0.5135062125840129,0.7178840183678145,0.749830490569379,0.5688308417334529,0.7384522157422029,0.3001758022235742,0.38277675836597547,0.9652612079902293,0.8826602518478279
SUMF1,ENSG00000144455,chr3,3690813,4477273,6518,0.439446111249607,0.4584535071386253,0.4505431651764041,0.46998246756075474,0.4620144546530451,0.2966655960407295,0.31412398158830196,0.31666076079294864,0.29920237524537613
LRRN1,ENSG00000175928,chr3,3789430,3859834,538,0.4531933502448116,0.4844780049458396,0.4434279786242993,0.5349896284422692,0.5073716119872894,0.34013831191380284,0.36013535610637415,0.32243699710319607,0.3024399529106247
SETMAR,ENSG00000170364,chr3,4293303,4327567,288,0.3335043914616526,0.3621919047761619,0.2567345800066866,0.33499886897584213,0.32386416224690984,0.27936874484320645,0.23316154495247532,0.17034908722608946,0.21655628711682062
ITPR1,ENSG00000150995,chr3,4483344,4857506,2985,0.4730527696906663,0.539980565388267,0.5016281264059411,0.479361881466505,0.5024356376333545,0.36036633121507256,0.3655781253953052,0.4161202100204529,0.41090841584022025
BHLHE40,ENSG00000134107,chr3,4969436,4995323,147,0.3502141166736551,0.48101860024190113,0.45540365751177325,0.5028548618984997,0.46234681799791116,0.23964460048849556,0.3671094662041194,0.41624263458635125,0.2887777688707274
ARL8B,ENSG00000134108,chr3,5112248,5190911,48,0.4529960000163431,0.4603501258879597,0.4519983249028095,0.5527386789177603,0.5376533588730007,0.3093284798491369,0.3250033057417248,0.3075062511387213,0.2918314252461334
EDEM1,ENSG00000134109,chr3,5177645,5229958,359,0.6032106518586027,0.4571774750852295,0.4226619995128689,0.6877382816711125,0.5460905266805888,0.49299760400387854,0.4925144787286913,0.11797525024632466,0.11845837552151195
GRM7,ENSG00000196277,chr3,6760000,7751533,8114,0.3980474710060323,0.430023798499318,0.4095123953884062,0.39055065661468674,0.3777252205568451,0.27146536407201105,0.2914932999240658,0.2906953067063484,0.2706673708542937
LMCD1,ENSG00000071282,chr3,8491806,8584668,650,0.2853840661351821,0.23748003793544112,0.16859123141611906,0.30821335677605544,0.20684069018591747,0.21125146083900737,0.2039365493036357,0.059875130247448366,0.06719004178282001
SSUH2,ENSG00000125046,chr3,8609399,8755040,1035,0.3861961857039809,0.3556050526564056,0.32669677022186816,0.35026972199319234,0.33609527153485713,0.26598195232905125,0.2305124033379504,0.17346151625066117,0.20893106524176208
CAV3,ENSG00000182533,chr3,8723801,8851808,1090,0.3426392344497264,0.41974323825046533,0.3833256477913294,0.3592996401739088,0.3936467467539535,0.24019634744599694,0.24459271642659397,0.3040882332835548,0.29969186430295786
OXTR,ENSG00000180914,chr3,8740380,8779628,333,0.3146596070825772,0.33594149089264413,0.26603237212169734,0.30388097118516855,0.25158831696634404,0.2389671511963052,0.2409087790483481,0.1704178660658598,0.16847623821381694
RAD18,ENSG00000070950,chr3,8765401,8973773,1690,0.402700866655164,0.5413367812633367,0.5240198202971189,0.42893096864462466,0.4923249945577254,0.27619861588832256,0.3308852291824725,0.5032404505861419,0.4485538372919918
SRGAP3,ENSG00000196220,chr3,8970590,9373053,2600,0.4047130497458921,0.49997788329811993,0.42932082466755095,0.39072709119809396,0.400799092620409,0.3254432883464967,0.33821680060592174,0.36765965978795645,0.3548861475285313
THUMPD3,ENSG00000134077,chr3,9352970,9396791,233,0.5434873853547953,0.5445049678102506,0.5659065966319786,0.4890883478900931,0.4976948104241006,0.3680069308252633,0.38469083392329967,0.4183635377956993,0.4016796346976629
SETD5,ENSG00000168137,chr3,9387614,9489240,430,0.4223570776060467,0.4086449766703986,0.42407384178084373,0.481223068853084,0.40710994461216965,0.26118114207013854,0.32943685885967494,0.26415758356996577,0.1959018667804293
LHFPL4,ENSG00000156959,chr3,9488360,9563822,475,0.45833415990383974,0.47814372960922313,0.3633963256411536,0.5178488889072642,0.39198269745239106,0.4059305398271724,0.44115441969156605,0.24443253326543812,0.20920865340104455
MTMR14,ENSG00000163719,chr3,9639432,9712393,366,0.3086677169035342,0.29361913858411703,0.34497109528877384,0.3238334211867181,0.34477700302591757,0.14682975310182084,0.15806844511259363,0.20077097008346487,0.18953227807269202
CPNE9,ENSG00000144550,chr3,9693825,9739908,188,0.3458458373915334,0.5687233843961362,0.5811185526316769,0.29426895436325357,0.5556345366523543,0.19762524346082322,0.18920936249112202,0.6433803517378883,0.6517962327075895
BRPF1,ENSG00000156983,chr3,9721728,9758019,141,0.5260149773279179,0.7303648978304629,0.6165412615218557,0.4999633195127346,0.6065698076335942,0.5493710035407522,0.5354539505217377,0.7613147039530552,0.7752317569720697
OGG1,ENSG00000114026,chr3,9739943,9798219,237,0.2678134063923289,0.598042706980165,0.5498938020307124,0.3716713025254872,0.5684108181576566,0.21242879595360947,0.26791008347159634,0.698980636322046,0.643499348804059
CAMK1,ENSG00000134072,chr3,9747346,9779992,120,0.1985610616122076,0.6306878647643087,0.551614307976162,0.30781257776342896,0.4938092669108777,0.20767904715809343,0.34158493917928895,0.788434050403346,0.6545281583821504
TADA3,ENSG00000171148,chr3,9769966,9803011,148,0.2585684404982178,0.5006829679687388,0.4165382588989289,0.3375879817527331,0.5014391057709684,0.2274550373060067,0.20517602035351423,0.46705901293229246,0.4893380298847849
ARPC4,ENSG00000241553,chr3,9782494,9817101,166,0.3044442051539396,0.40436917063353844,0.3614354126767976,0.3406400084776723,0.43718810610904096,0.21632290599624615,0.17990501067758202,0.3018113116511941,0.33822920696985825
ARPC4-TTLL3,ENSG00000250151,chr3,9783081,9845401,350,0.36792329839364535,0.38077574259844504,0.3089773701843779,0.4622581795203411,0.3789665835897493,0.284224802301262,0.311647057909751,0.19506297978258502,0.1676407241740961
TTLL3,ENSG00000214021,chr3,9798085,9865138,388,0.3916687492257966,0.4325865574406341,0.33658388929580435,0.46456299213746227,0.4198017696407731,0.3266749613487045,0.32347681821064295,0.2399921040353274,0.24319024717338894
RPUSD3,ENSG00000156990,chr3,9827848,9854602,138,0.39504533968816835,0.4051365336961275,0.3129996120013174,0.5029755585121599,0.34346315074997746,0.32330235578533684,0.39888149362842296,0.19612101237992413,0.12054187453683807
CIDEC,ENSG00000187288,chr3,9856710,9890255,209,0.46262654577235246,0.6850253981453027,0.627559300409494,0.3740159666371853,0.5526407921075157,0.39432390178427,0.40965013822625496,0.7609393706556362,0.7456131342136514
JAGN1,ENSG00000171135,chr3,9880573,9904349,149,0.3711640442032159,0.6132214042040077,0.5600729285457243,0.23826227115086446,0.5465980226082529,0.2963206994708386,0.21553982214514383,0.6535821540817137,0.7343630314074086
IL17RE,ENSG00000163701,chr3,9892611,9926402,225,0.33736922407101316,0.606329001535197,0.4565394582744382,0.29188174576482373,0.40960228947123745,0.3669894576942971,0.37521251886909507,0.5652502900982057,0.5570272289234077
IL17RC,ENSG00000163702,chr3,9907073,9943630,197,0.3890745468054363,0.536880258165472,0.4550052260298807,0.39949798577483714,0.44525088712067007,0.3277854491841667,0.34525980178710125,0.44198418747570967,0.4245098348727751
RP11-1020A11.3,ENSG00000288550,chr3,9907115,9955385,248,0.3612664877369598,0.5452682273502285,0.4575867604105729,0.3569251662041665,0.44719840593545573,0.312294180720433,0.3183928004295673,0.4757533638003252,0.46965474409119096
CRELD1,ENSG00000163703,chr3,9923792,9955413,139,0.42379813231909325,0.5593884913595503,0.5379503031024817,0.44049928185900245,0.5054400396396528,0.2994030574451435,0.3481076557566721,0.5201886671275631,0.4714840688160345
PRRT3,ENSG00000163704,chr3,9935541,9962408,102,0.41144340546608793,0.4803081664098613,0.3609559027440606,0.3945884567776739,0.38065014653332085,0.3684098215344861,0.3386405558467007,0.28610944925666104,0.3158787149444464
EMC3,ENSG00000125037,chr3,9952536,10021116,139,0.2744673831120428,0.35846165395627216,0.22487171515518786,0.26657787958840584,0.157229714028559,0.25500441824318704,0.2914296647333357,0.18888190287547293,0.1524566563853242
FANCD2,ENSG00000144554,chr3,10016369,10111932,350,0.1676578945484953,0.21103744315525522,0.12738273647999077,0.15571545766978737,0.10778099757995517,0.1421449597417947,0.1461292316727054,0.09489145599110092,0.09090718406019024
FANCD2OS,ENSG00000163705,chr3,10071316,10118255,200,0.19732913701287225,0.2025321546949872,0.06038171986489774,0.19622045219414166,0.0706691827313578,0.19192136330418647,0.18572675150758636,0.03439240119855361,0.0405870129951537
BRK1,ENSG00000254999,chr3,10105674,10137190,58,0.15256230442373556,0.2317934446505875,0.07372221577115326,0.1920572314430593,0.08923576012600204,0.17632674066929593,0.19174473789627816,0.08736988904846836,0.07195189182148616
VHL,ENSG00000134086,chr3,10131777,10163667,124,0.5299275638084443,0.3264132960813812,0.3732683508633994,0.5641313314304275,0.42975788654420605,0.3413851049561065,0.3319293035413874,0.05375345013088212,0.0632092515456012
IRAK2,ENSG00000134070,chr3,10154918,10253745,641,0.3732266164667095,0.30518196362400746,0.26797125489909096,0.3934564330450943,0.28198945822576343,0.2596700113928013,0.2664064888692069,0.10443527446894213,0.0976987969925365
TATDN2,ENSG00000157014,chr3,10238022,10291218,365,0.48488028412739836,0.4447338054551845,0.378793552073479,0.4039568642466331,0.3162437123107771,0.3877858948842263,0.36279808006121606,0.20052175552660972,0.22550957034962
RP11-438J1.1,ENSG00000272410,chr3,10239371,10295796,383,0.47608743733513015,0.41581894524960594,0.3911970177026139,0.33245347808733244,0.32560000116201887,0.3438571094372155,0.2738793201569035,0.1936872095070702,0.26366499878738214
GHRL,ENSG00000157017,chr3,10275665,10302947,170,0.43978862006569674,0.37197574169470665,0.3327997244871319,0.3313540181011625,0.2317540636691703,0.3199762863463955,0.3020158259206303,0.14520019903890907,0.1631606594646743
SEC13,ENSG00000157020,chr3,10283130,10331112,296,0.41950448221975395,0.3264313913147507,0.34530836592223946,0.3352621588831608,0.23123306062796986,0.2577238383805607,0.2702802671183866,0.13744158106750237,0.12488515232967651
ATP2B2,ENSG00000157087,chr3,10314022,10718007,0,,,,,,,,,
SLC6A11,ENSG00000132164,chr3,10806200,10950714,939,0.384380804758948,0.3782789181137114,0.3492375319063235,0.3322857059678075,0.3315840275197074,0.2653899143266303,0.2381570113714175,0.20987379389195263,0.23710669684716543
SLC6A1,ENSG00000157103,chr3,10982185,11049247,500,0.45091259970514075,0.42306304057647015,0.3315505844536253,0.3796937015743069,0.35116260604154953,0.3733626856882901,0.2974955125769096,0.17665958851970626,0.2525267616310867
HRH1,ENSG00000196639,chr3,11127092,11273557,880,0.37657862834218186,0.36401881593415863,0.3461849520721922,0.3247633702836894,0.3365655345416269,0.25009408092421137,0.21747659340939382,0.20249221995757863,0.23510970747239618
ATG7,ENSG00000197548,chr3,11262308,11567665,1757,0.54601917204113,0.6166512887361444,0.5624954729662235,0.4765187771963491,0.5099170870365968,0.4609211580114095,0.4464418282896789,0.49788907274568744,0.5123684024674182
VGLL4,ENSG00000144560,chr3,11546068,11781350,1744,0.4027143173104808,0.5107920725160308,0.4249894216993729,0.4712504951318698,0.45190383179387494,0.3384802892878244,0.37545181867145794,0.37648738101674606,0.33951585163311254
TAMM41,ENSG00000144559,chr3,11780441,11856919,443,0.3692171953998851,0.5086657891683637,0.46410415059297844,0.38558836631465815,0.5431896173161617,0.27380447264219715,0.2071169897558845,0.43682623630723555,0.5035137191935483
SYN2,ENSG00000157152,chr3,11994387,12202032,1062,0.6484736631462708,0.5185397718819259,0.596601769446622,0.6200163954298484,0.5699820641054819,0.4342856274071416,0.42731523219834894,0.2966460237108429,0.3036164189196356
TIMP4,ENSG00000157150,chr3,12143067,12168912,145,0.6424602868295155,0.5791685836576894,0.5172866657151374,0.55666192242715,0.5966986480764617,0.5828497433195877,0.385437190991004,0.282673218417712,0.48008577074629555
PPARG,ENSG00000132170,chr3,12277367,12444356,901,0.2887912478053023,0.3414007784770995,0.35303157421887077,0.229787850949306,0.31984831621640675,0.16148579652636158,0.1466449667970329,0.256154294532278,0.27099512426160666
TSEN2,ENSG00000154743,chr3,12474420,12551549,454,0.37435371980661697,0.35750991780225905,0.26973904657408976,0.4148143521050062,0.30361030953869467,0.2985103377627159,0.30819207930994463,0.14389356083729418,0.13421181929006543
MKRN2OS,ENSG00000225526,chr3,12504933,12571059,356,0.4317999926298509,0.4125723622572498,0.3173304793473449,0.4214253622726241,0.28628157178565555,0.3577698030421864,0.3709615894734738,0.17423240730723344,0.16104062087594617
MKRN2,ENSG00000075975,chr3,12547056,12596208,267,0.45357105308787066,0.3889962671841679,0.26642995787770346,0.40370389286327446,0.22675280822067997,0.39358550470826337,0.37625681128883215,0.0990667057660598,0.11639539918549097
RAF1,ENSG00000132155,chr3,12573600,12674125,531,0.5696479785960811,0.4286717965531804,0.479811272613549,0.4120327765844462,0.3670410837199655,0.374689801070719,0.3167628801615344,0.1851016462599776,0.24302856716916205
TMEM40,ENSG00000088726,chr3,12723527,12779457,369,0.28382229066308673,0.3233023281002616,0.2921475333517554,0.37245056406151433,0.3217055674024692,0.18941901704956682,0.23414484294494195,0.20111165907309056,0.15638583317771537
CAND2,ENSG00000144712,chr3,12786471,12881916,654,0.3128284760229515,0.35711861641150483,0.26965412051777893,0.4073143953773065,0.3171808981358927,0.2513646712834128,0.29168046539751935,0.1904303739022219,0.15011457978811538
RPL32,ENSG00000144713,chr3,12824484,12851582,161,0.2160201871895318,0.35242799526856583,0.25352722207116746,0.30890319389499915,0.3147081150603698,0.19275058318179988,0.21304511732808393,0.24177470419094393,0.2214801700446599
IQSEC1,ENSG00000144711,chr3,12887042,13293281,2990,0.42867207219095044,0.516175703532859,0.4362635595542804,0.41091746440578863,0.4439598982312381,0.3563284754527604,0.3341537884790186,0.36970498655006756,0.3918796735238094
NUP210,ENSG00000132182,chr3,13306234,13430322,762,0.41793203314894517,0.4157789996730835,0.3402755683029245,0.4040946541828977,0.31370825861473073,0.33135547008855853,0.339348460059677,0.2061204724327922,0.19812748246167372
HDAC11,ENSG00000163517,chr3,13469723,13516424,289,0.47851323857413525,0.45244220255756135,0.3694310905942833,0.47940359079179756,0.3814857381631088,0.3961129054548841,0.38731620597430644,0.20617435130339545,0.21497105078397327
FBLN2,ENSG00000163520,chr3,13539124,13648422,933,0.5096941699982347,0.6132187768223105,0.5655713351595577,0.49734463887740377,0.5622336809255033,0.41444923748224416,0.4058382709940822,0.5354468231070939,0.5440577895952556
WNT7A,ENSG00000154764,chr3,13806257,13890071,500,0.43195414928267734,0.4692085038078704,0.39540114755845646,0.37505717948944844,0.37218776898053213,0.3478745215656995,0.31898348279544975,0.28551147582498215,0.314402514595232
CHCHD4,ENSG00000163528,chr3,14102076,14134870,129,0.3585828367251174,0.3270750683395247,0.20407472264613102,0.2675130514930909,0.24287597549629641,0.3059733805977331,0.21460152614752487,0.0901481178132339,0.1815199722634422
TMEM43,ENSG00000170876,chr3,14115014,14153680,237,0.364054193912287,0.45367721501999614,0.38943682572645205,0.3214486892268994,0.3382352346972997,0.28190685761953505,0.28974767487447106,0.32263843901445155,0.31479762175951553
RP11-434D12.1,ENSG00000268279,chr3,14125216,14158252,206,0.3925967522305219,0.47483211217658033,0.45233734532613773,0.30045102886180586,0.36257431914077487,0.2702519426562152,0.27551958597157566,0.3737853385247255,0.36851769520936484
XPC,ENSG00000154767,chr3,14135146,14188621,358,0.42251786829168564,0.4757303807303808,0.38880284724465775,0.4048948516253615,0.3251790421740257,0.35124563231990935,0.3857292422669433,0.2945035540809278,0.26001994413389384
LSM3,ENSG00000170860,chr3,14168816,14211122,245,0.3490412654681001,0.3867358246389954,0.3304296774561332,0.3259413062004529,0.3213665085901902,0.25857471280337907,0.24786174793749602,0.2303847681650277,0.24109773303091075
SLC6A6,ENSG00000131389,chr3,14392575,14499349,731,0.3916695971019074,0.35994854979604435,0.39395268779927595,0.3645612884662996,0.3829323002255334,0.22122330534656404,0.2084349061313718,0.22498340956935362,0.23777180878454582
GRIP2,ENSG00000144596,chr3,14479106,14566075,623,0.38181207353292945,0.4641153845783739,0.42884227139601816,0.3045584965757878,0.3600892163340554,0.27235465759816646,0.27030913816771346,0.3514817532227962,0.3535272726532491
CCDC174,ENSG00000154781,chr3,14641745,14682659,303,0.4985007641301223,0.5450468230430485,0.525589414880505,0.5068502856193225,0.4788247575434295,0.36601592474145306,0.42141715398339497,0.42154484837202305,0.3661436191300811
C3orf20,ENSG00000131379,chr3,14665140,14783036,763,0.45652584368332444,0.524864023144483,0.45294298210139167,0.4372490708439452,0.4285487674739275,0.37536256417933894,0.3797481325731154,0.36879168467050855,0.3644061162767321
FGD5,ENSG00000154783,chr3,14800852,14944571,1056,0.42998470085693874,0.4083187189402307,0.3681840930924933,0.42790823104403725,0.3746256358967593,0.3138610148843772,0.3069191024485324,0.21092615077869414,0.21786806321453883
NR2C2,ENSG00000177463,chr3,14937583,15063600,662,0.2243429622418251,0.18336519794842057,0.21963933294454982,0.23135776857014959,0.23649671631955094,0.10430451420231833,0.09792754285408187,0.09825876856639881,0.10463573991463526
MRPS25,ENSG00000131368,chr3,15032459,15075317,218,0.27140470167970615,0.21160326236053156,0.08578590048482976,0.3621764024887095,0.1507801737955174,0.2323500993557865,0.26200508297755665,0.00540374230729998,0.0
RBSN,ENSG00000131381,chr3,15060072,15109163,252,0.1669503940386466,0.17063557997230785,0.19366449688861795,0.19401378493094312,0.14976714989778345,0.07725117601372006,0.12026962216755023,0.10984445452374207,0.06682600836991191
CAPN7,ENSG00000131375,chr3,15196151,15262916,400,0.3215171854323935,0.3738644817271427,0.3575663295974017,0.3127715937746759,0.4080287706109121,0.20679643638604547,0.15948988857296875,0.2613920120610377,0.30869855987411443
SH3BP5,ENSG00000131370,chr3,15244352,15351368,747,0.3507476111749005,0.37238079227078014,0.3186889189449815,0.34425596124122304,0.3469842704365976,0.2570095629336282,0.230826171348566,0.2088120906082115,0.23499548219327362
METTL6,ENSG00000206562,chr3,15371274,15450566,491,0.4086617098633426,0.5288132893771329,0.5547026481927516,0.3399637437604972,0.5495255216165879,0.2344274295221725,0.1852537533916241,0.5180734207824738,0.5672470969130221
EAF1,ENSG00000144597,chr3,15417597,15460635,307,0.41609713683231253,0.6092898102662343,0.5368751964816734,0.3632623103066051,0.5998123508341493,0.35402556477354435,0.2376824879630255,0.58576363177672,0.7021067085872388
COLQ,ENSG00000206561,chr3,15440132,15531751,613,0.35126122308255464,0.534392638523852,0.45400792290154873,0.3258675519021986,0.4684131612811825,0.29599345100451074,0.2634262692445823,0.46841912095482807,0.5009863027147567
HACL1,ENSG00000131373,chr3,15550698,15611852,288,0.31754097837322226,0.570247094509779,0.549804156622009,0.353625256761008,0.5835048719228504,0.21426254288445812,0.20252010230898565,0.6302823309728256,0.6420247715482981
BTD,ENSG00000169814,chr3,15591340,15732311,749,0.40393749621874464,0.46410457004273153,0.4121212288760926,0.3949308759852039,0.43108910550137847,0.3049957258546704,0.2810986729593516,0.3188205044531556,0.3427175573484744
ANKRD28,ENSG00000206560,chr3,15657235,15869771,1135,0.4271292232807358,0.4256291660217078,0.4088433253472524,0.4152874917989205,0.4018406351574859,0.29295047576220207,0.2886084832063933,0.2615295632752783,0.26587155583108696
GALNT15,ENSG00000131386,chr3,16164679,16241992,525,0.4162547885622069,0.44085603175320015,0.4185260806698718,0.40851150539575687,0.4151569646857463,0.2887249036782283,0.28502477822177136,0.2926233892494267,0.29632351470588375
DPH3,ENSG00000154813,chr3,16247060,16274969,187,0.3790315181770329,0.3183655487341716,0.2838254669351261,0.38561367497072013,0.2835427633598866,0.2629526659145748,0.26847819885153973,0.12030909413227839,0.11478356119531341
OXNAD1,ENSG00000154814,chr3,16255159,16360299,661,0.3482626921414364,0.3611539701568697,0.28955064546618536,0.355203328706757,0.2801527111811382,0.26717394668538724,0.27909793517977544,0.1809178618155827,0.16899387332119456
RFTN1,ENSG00000131378,chr3,16303573,16524026,701,0.3318158037259994,0.45124754773425596,0.40482553303635976,0.3249940171148053,0.40200452474135384,0.24219927584089512,0.23948473943968074,0.35790856994044445,0.36062310634165884
DAZL,ENSG00000092345,chr3,16576791,16680306,751,0.4077571379170099,0.5010624284528793,0.43982855611951427,0.43277191224768685,0.4279250236245338,0.31980019703751306,0.35189143227001785,0.3754741011396524,0.34338286590714767
PLCL2,ENSG00000154822,chr3,16792650,17100604,0,,,,,,,,,
TBC1D5,ENSG00000131374,chr3,17147161,18454817,6183,0.37902106076147846,0.5261265363885294,0.5509221802515546,0.3267224341372913,0.5433478713480565,0.21135698544646586,0.17928958329476746,0.535457961885445,0.5675253640371434
SATB1,ENSG00000182568,chr3,18335376,18455588,569,0.4687720643950191,0.4538614314261615,0.4479796736024001,0.3881555781478174,0.40780036307235024,0.32163811461264186,0.28612415594044877,0.2832444322266947,0.3187583908988878
KCNH8,ENSG00000183960,chr3,19138509,19545642,2091,0.23963141148895675,0.2838325666552237,0.34343616982548436,0.23988483028135024,0.33287077618166944,0.09352895515721235,0.10167754950562405,0.24031233874826724,0.23216374439985557
EFHB,ENSG00000163576,chr3,19869471,19957025,590,0.3329043472150452,0.323660802227934,0.2579751212804837,0.35147730686195094,0.2848090203578085,0.24875494285091335,0.24445658596851277,0.1423056140814913,0.1466039709638919
RAB5A,ENSG00000144566,chr3,19937096,19995175,384,0.29067441409268036,0.29964906451047174,0.2837693728515212,0.25790817041202246,0.2384949719619058,0.18293065679677642,0.19099875660553178,0.173243076355458,0.16517497654670266
PP2D1,ENSG00000183977,chr3,19969960,20022267,327,0.27119836125126795,0.24051892218387894,0.25618395083297646,0.26068728267129043,0.21923403145958384,0.14775601763832275,0.16483716288346653,0.1273638536195029,0.11028270837435913
KAT2B,ENSG00000114166,chr3,20030445,20164404,842,0.3896500421767032,0.44269438678943546,0.40666976015057826,0.342016320008314,0.37458222671637303,0.278180079579547,0.2669406237084778,0.30646143272536586,0.31770088859643497
SGO1,ENSG00000129810,chr3,20150592,20196206,276,0.3423863580087806,0.6043940080271769,0.518011221461279,0.31735326614553394,0.5173940573058892,0.3083198884482899,0.29027975061105,0.6190166443559557,0.6370567821931956
ZNF385D,ENSG00000151789,chr3,21402217,22383321,9648,0.4010164209534211,0.454212434715884,0.39514086689987765,0.4055998466078664,0.3841384102404019,0.30764343139619577,0.3204974741948714,0.2978820221214017,0.28502797932272605
UBE2E2,ENSG00000182247,chr3,23193019,23601794,2176,0.41542772009069096,0.3931010860895583,0.3335100258044045,0.38655392275236766,0.3052710527625992,0.31526884919452813,0.31191121729422205,0.1841241865166185,0.18748181841692466
UBE2E1,ENSG00000170142,chr3,23795954,23901640,627,0.4381979047395567,0.615193170446765,0.5331574378160945,0.4981459665608226,0.5357402032291334,0.3849281213508257,0.4385744035155477,0.5700856906780418,0.5164394085133197
NKIRAS1,ENSG00000197885,chr3,23879950,23956591,475,0.4535975375885321,0.5609701008393104,0.4462175335855715,0.518659220950368,0.3984063867125265,0.41830194783854185,0.5230972087811153,0.4048858129600905,0.3000905520175169
RPL15,ENSG00000174748,chr3,23906590,23934374,150,0.46757517280957606,0.5525584089708495,0.517618306779829,0.4989576810452275,0.4250671944577299,0.3527516249591595,0.47088594008950385,0.4514576476668018,0.3333233325364575
NR1D2,ENSG00000174738,chr3,23935285,23990617,309,0.44859769352245077,0.450465067915896,0.46529136711195257,0.4472599133347596,0.4326856209139731,0.28397012103771113,0.31235433101161675,0.3147128154495706,0.286328605475665
THRB,ENSG00000151090,chr3,24107152,24505756,2764,0.4284984618369589,0.48117167172580766,0.421707474232581,0.404807734093592,0.4143551714132556,0.33399744524135216,0.3200056232560979,0.3221847793308599,0.33617660131611427
RARB,ENSG00000077092,chr3,25164331,25607932,3966,0.4162907447085018,0.4687970473078187,0.40475549851524156,0.4058921312613266,0.395513499092028,0.3260901809877965,0.324964780512848,0.3065209413155972,0.30764634179054573
TOP2B,ENSG00000077097,chr3,25587983,25674907,502,0.22641339015166673,0.2123856619600378,0.14643928969632092,0.19595336052902393,0.0955861253700302,0.16856288162614763,0.17818826620546654,0.07018384603356118,0.06055846145424228
NGLY1,ENSG00000151092,chr3,25708943,25800039,536,0.6418836279874739,0.8066386302060222,0.7689753163390168,0.7339460646063536,0.738762486084477,0.6024305119345418,0.8124627070472217,1.040763946513322,0.830731751400642
OXSM,ENSG00000151093,chr3,25772916,25804534,217,0.6052550061314378,0.7187371725965778,0.7696125609488054,0.695680703895929,0.7117567413620045,0.36499407800411576,0.6070965116430979,0.9034716399539284,0.6613692063149462
LRRC3B,ENSG00000179796,chr3,26612805,26727537,719,0.3672684032655843,0.5325393084778376,0.5053754009043752,0.32564285427684536,0.4613907327610811,0.25709639542568313,0.26783527105919636,0.5033436206683624,0.4926047450348491
NEK10,ENSG00000163491,chr3,27100084,27379460,1715,0.41087245680403756,0.4292598019548082,0.33567720026306574,0.4147956514901762,0.3343109467608629,0.34047332046244594,0.34484137104643264,0.22034784707207727,0.21597979648809051
SLC4A7,ENSG00000033867,chr3,27362720,27494420,779,0.4975270148020005,0.5193540038656296,0.5033635046488952,0.47747946467960617,0.48387660168368263,0.360470368867138,0.3601529252055907,0.3721538857442453,0.3724713294057927
EOMES,ENSG00000163508,chr3,27705948,27732711,141,0.4053644225123784,0.5934030273479677,0.6276894169213062,0.28460849937733507,0.50503941722383,0.21585624346271887,0.2657905029087237,0.6840765798717481,0.6341423204257433
CMC1,ENSG00000187118,chr3,28231583,28335142,537,0.33238752484509937,0.30435589532166824,0.29893660560619667,0.33660205440970636,0.310634012595493,0.20590376613546438,0.20065718995495602,0.15701332714607721,0.16225990332658566
AZI2,ENSG00000163512,chr3,28305002,28359050,261,0.4481559128689036,0.4657785419333824,0.3334823571211108,0.42550231056750765,0.35297711516744434,0.40787293259284285,0.3729151998331504,0.21907187791923882,0.2540296106789313
ZCWPW2,ENSG00000206559,chr3,28338720,28548122,1174,0.3109962906539816,0.27153767364379444,0.20829406765410058,0.32957627692915176,0.2481643028970019,0.22788136966746997,0.21571362293794785,0.08893799900947663,0.10110574573899872
RP11-9J18.1,ENSG00000283563,chr3,28339177,29777537,9827,0.37732540040344903,0.4135056224304895,0.3556862516051114,0.3879565961280696,0.367241315404095,0.2838769607356346,0.28343906024095256,0.249715236610669,0.2501531371053511
RBMS3,ENSG00000144642,chr3,28564790,30020391,10071,0.37582732818717923,0.41615009095473854,0.36258864797908247,0.3874731554527649,0.36450108072083626,0.2795497491079633,0.28746447749934534,0.2585615851368904,0.2506468567455084
TGFBR2,ENSG00000163513,chr3,30596600,30704142,835,0.3903707626219063,0.4180633577966368,0.33598252163104764,0.4189702678987057,0.3625239819872862,0.31342560327219954,0.3170542136682106,0.2279680960979525,0.2243394857019414
GADL1,ENSG00000144644,chr3,30716196,30904661,1614,0.3058867058059623,0.35169139918726,0.26666139494762015,0.30842796295915964,0.27012334503283886,0.24418040211539013,0.24364834675988292,0.1892080580566311,0.18974011341213826
STT3B,ENSG00000163527,chr3,31522637,31647616,691,0.47165477361306113,0.5153708523159715,0.4807965907247218,0.5483406276855546,0.529138855310745,0.3534585741760122,0.38300313540050945,0.3709127503083934,0.3413681890838961
OSBPL10,ENSG00000144645,chr3,31647911,32087580,3042,0.4290315999140637,0.4607203772447475,0.4375451705345417,0.4170605937656785,0.41226738962970627,0.30124901144194316,0.31285495782160966,0.3162720505293515,0.30466610414968504
ZNF860,ENSG00000197385,chr3,31971749,32001723,193,0.3024343597791381,0.5212325567359052,0.39517685007525233,0.3172653839172263,0.45367368654419654,0.29693989407410204,0.25682525861906846,0.4396004100605323,0.47971504551556593
GPD1L,ENSG00000152642,chr3,32095688,32178709,638,0.3449120296916039,0.31491791793140483,0.3049060246743907,0.314956880531331,0.26927310924369746,0.2187470701748416,0.22138730756715927,0.15946954988648668,0.15682931249416904
CMTM8,ENSG00000170293,chr3,32228678,32380321,1004,0.4425530270274915,0.4395213078826643,0.44031286833043487,0.47770077031978053,0.45032941410982824,0.2914873020644202,0.31502127825410486,0.2874767509758738,0.26394277478618905
CMTM7,ENSG00000153551,chr3,32381697,32493067,771,0.3321709406326449,0.4994627408266725,0.420613402761853,0.30990728837327175,0.3965825618629949,0.2750054751922605,0.2789282559784272,0.4170677639026589,0.41314498311649217
CMTM6,ENSG00000091317,chr3,32471311,32512852,231,0.29770034742624957,0.18055538938836793,0.14617587422709308,0.3038200949868629,0.1258179180602135,0.19724676736237007,0.21340452343951494,0.0018817049676895514,0.0
DYNC1LI1,ENSG00000144635,chr3,32515973,32580858,455,0.2687938116857727,0.18018542869241572,0.1863021365432944,0.26902367258008575,0.19408649513823512,0.15278536774901774,0.14813622206661686,0.04589172909836764,0.05054087478076852
CNOT10,ENSG00000182973,chr3,32675144,32783875,562,0.36506002392766135,0.45136065139620174,0.5161202308685585,0.4071185027629624,0.5237639341447007,0.16430998698919563,0.1906165512622341,0.4360039905716172,0.4096974262985787
TRIM71,ENSG00000206557,chr3,32807996,32907824,541,0.481187586654941,0.6242070851894789,0.6138527432386008,0.5120157694609254,0.6253365761725739,0.34169672876165247,0.3572310207096711,0.6370203170364108,0.6214860250883922
CCR4,ENSG00000183813,chr3,32941643,32966349,183,0.15550868998042444,0.12372541611313567,0.022597695202238414,0.24699917569310575,0.16216636073095403,0.13911984102708874,0.11941451117751051,0.0,0.01266127405838241
GLB1,ENSG00000170266,chr3,32986608,33107202,743,0.44413085458343843,0.5388080196089373,0.48148706955692133,0.5133923953040167,0.5606483178717748,0.35218646413027,0.3358915057314095,0.4217544151791289,0.4380493735779894
TMPPE,ENSG00000188167,chr3,33080420,33107146,105,0.47260449571213464,0.5105486213777337,0.6545647988520507,0.5817986647041125,0.5436704687003884,0.14566223784183163,0.400861187767797,0.5688079127604282,0.3136089628344629
CRTAP,ENSG00000170275,chr3,33104013,33157773,341,0.39713005012751024,0.4907028672174964,0.5133357027580969,0.4544408564997406,0.45667321366717967,0.2302983652787845,0.335311705042025,0.4444253095508013,0.3394119697875608
SUSD5,ENSG00000173705,chr3,33140042,33228810,551,0.41643987690408946,0.4555637381348112,0.43241837769112024,0.4185039994397283,0.400015751841634,0.2901207416434472,0.31965185461259166,0.3178836599163355,0.28835254694719115
FBXL2,ENSG00000153558,chr3,33267024,33413662,604,0.2693515327619369,0.5670162807441298,0.5690931365380802,0.27896722912118255,0.5717688914341352,0.15450733657060894,0.15801679322858325,0.6825478149869006,0.6790383583289263
UBP1,ENSG00000153560,chr3,33378335,33451371,345,0.2956365628131273,0.5598145330995664,0.5179504530875846,0.2751211366254484,0.5065957328994389,0.22065577971926048,0.21794171086166486,0.5999033454805451,0.6026174143381406
CLASP2,ENSG00000163539,chr3,33486244,33728356,866,0.13272058692575,0.564186168126018,0.5494047045436209,0.15566066999335096,0.5063478364435453,0.08787425232393054,0.14690840059498333,0.7426658656105565,0.6836317173395036
PDCD6IP,ENSG00000170248,chr3,33788570,33879707,425,0.20941775097392948,0.2983391393062338,0.2301436192687234,0.17812232206479794,0.2717663961121453,0.16386968847902364,0.11666770180714814,0.19043540763467684,0.2376373943065524
ARPP21,ENSG00000172995,chr3,35628944,35804496,928,0.3516174229570268,0.2745226589103939,0.26672925114422813,0.324915180499009,0.25750588293799476,0.22197976251738696,0.20805102263712114,0.09894567675834953,0.11287441663861533
STAC,ENSG00000144681,chr3,36370502,36558007,1342,0.4043939315625748,0.5116217721171117,0.4128871684823288,0.3881101201591322,0.49610863917267795,0.351151322624262,0.2612367378471426,0.36551379356933894,0.45542837834645833
DCLK3,ENSG00000163673,chr3,36702421,36774349,421,0.41676484802303376,0.5800130479913856,0.5767220978471458,0.42796993836798,0.5316010268570491,0.2734850620306309,0.33383026449490166,0.5940465728028268,0.5337013703385559
TRANK1,ENSG00000168016,chr3,36816818,36955057,681,0.3000272422058682,0.3176557581537419,0.2254345994089694,0.34114107179397574,0.2478665108180872,0.24174083841231325,0.25731268667686,0.1404801566312682,0.12490830836672145
EPM2AIP1,ENSG00000178567,chr3,36975042,37003131,140,0.14903002844210297,0.21879461374186368,0.1171790550308707,0.28867030650778497,0.2800196588916636,0.1418313714893273,0.12950253325993646,0.10508581366237028,0.11741465189176115
MLH1,ENSG00000076242,chr3,36983349,37060846,422,0.16216109271187823,0.2395275948647496,0.1737089249272887,0.28328619698998275,0.3185883118481912,0.1299683542069762,0.11165275469611868,0.1438470988948847,0.16216269840574218
LRRFIP2,ENSG00000093167,chr3,37042625,37193689,714,0.21644342419556464,0.34011729963312926,0.24435277693589852,0.32929121714799164,0.383834432969213,0.18971227466475335,0.1654369267337794,0.22598091180903931,0.2502562597400133
GOLGA4,ENSG00000144674,chr3,37233176,37376751,740,0.2733244603129771,0.3629214531903051,0.24240225970444745,0.3071399194740543,0.3181690111783795,0.24626740257609894,0.2174080294856166,0.20459492104205096,0.23345429413253335
ITGA9,ENSG00000144668,chr3,37442114,37833507,2352,0.3379180670441861,0.3327261728116886,0.3122832594369138,0.39168977908961006,0.35864072102787475,0.22127125329170919,0.22872979785635505,0.18328352850674204,0.17582498394209622
CTDSPL,ENSG00000144677,chr3,37851879,37994469,712,0.1867871366523819,0.27092473977517234,0.20382199347894037,0.1669121191723974,0.23088272418725986,0.14740410099762566,0.11804132053661429,0.1685742136846986,0.19793699414571
VILL,ENSG00000136059,chr3,37978058,38017188,210,0.3145661522894005,0.4278655396998677,0.44990179390158475,0.3085537510970498,0.5055892603379681,0.1692130357509966,0.11148122818674955,0.3891682090212959,0.4469000165855431
PLCD1,ENSG00000187091,chr3,37997495,38039642,247,0.43157039005271264,0.7499647011064767,0.7385521013664865,0.3331974976403482,0.7818513000095018,0.3047553551951321,0.1344181060801798,1.0813978203178225,1.2517350694327745
DLEC1,ENSG00000008226,chr3,38029204,38134025,487,0.2731313460976287,0.5138809647600159,0.36684672035822286,0.24332742331979548,0.42758026498740903,0.2916342523913945,0.22112182448747242,0.42966750420299793,0.5001799321069198
ACAA1,ENSG00000060971,chr3,38093128,38147242,264,0.2951810834462752,0.344245077091209,0.18517403034818625,0.27204681338944064,0.26550433949464647,0.2835008976854329,0.2154577492242472,0.1384672552827562,0.20651040374394192
MYD88,ENSG00000172936,chr3,38128477,38153022,95,0.3267117008395584,0.5812729102497636,0.4592349258492228,0.3033089826839827,0.4003529510137441,0.3256736160749119,0.36026756502867335,0.5448622923088642,0.5102683433551027
OXSR1,ENSG00000172939,chr3,38155088,38265484,352,0.3234421924936086,0.5628240457478209,0.5645538636452669,0.33190894560904866,0.555454142900495,0.19338636756545025,0.21002413280525295,0.6340331560500222,0.6173953908102194
SLC22A13,ENSG00000172940,chr3,38255811,38288757,75,0.19928840278219367,0.4834076477994282,0.5863139554710353,0.1973540017382176,0.6155026807628275,5.3856648380146144e-05,0.0,0.6604473458842472,0.6982390767207111
SLC22A14,ENSG00000144671,chr3,38272293,38328575,378,0.40950161675131086,0.5631640717111712,0.6183248609068611,0.3929012485982916,0.6326112019437028,0.19590026619961837,0.16296341079575727,0.6322973383259587,0.6652341937298198
XYLB,ENSG00000093217,chr3,38336759,38431348,518,0.6177490932945988,0.6943556688334637,0.7680465354118893,0.6051201373665218,0.7630184114313454,0.3428963602695341,0.3373670244189436,0.8424368092230925,0.8479661450736828
ACVR2B,ENSG00000114739,chr3,38443889,38503142,280,0.3706626842608719,0.5940617232396745,0.4909365190628102,0.44616394712527385,0.48933783982325074,0.3447297491860172,0.4101968429924104,0.5568244094356944,0.49135731562930124
EXOG,ENSG00000157036,chr3,38486126,38552161,311,0.37906159368135695,0.34617342289594527,0.24549881613191687,0.324970889180037,0.14954704051257114,0.3098690451269476,0.3279632096457877,0.11504409018623701,0.09694992566739688
SCN5A,ENSG00000183873,chr3,38538056,38659687,810,0.45085273017973904,0.5789965578707972,0.49282076443489387,0.49089738742813877,0.4896918928908017,0.39280603781033296,0.433739675752128,0.47230823144398004,0.43137459350218504
SCN10A,ENSG00000185313,chr3,38686801,38826286,900,0.3739160859950368,0.4138415354718255,0.3560075222313869,0.403775808691114,0.37925694639766616,0.2811838720913007,0.2872327932118399,0.25298123658641297,0.24693231546587363
SCN11A,ENSG00000168356,chr3,38835763,39062157,1263,0.3674829850663866,0.393554426990074,0.33053783789612934,0.40295113407292077,0.34520533410236987,0.2784539098311838,0.29623151544450366,0.2216863842661802,0.2039087786528604
WDR48,ENSG00000114742,chr3,39042012,39106671,341,0.33899895128343804,0.3316014543753211,0.13006108521850399,0.3696823760522168,0.093639953399153,0.3387691140233068,0.3830417151820218,0.06410154414558608,0.019828942986871018
GORASP1,ENSG00000114745,chr3,39086598,39117863,149,0.33282009530899787,0.3110107201370581,0.1839270133338991,0.38636986221755004,0.16637852254290608,0.2869868153773378,0.3394583186297816,0.08554275169194792,0.0330712484395041
TTC21A,ENSG00000168026,chr3,39097679,39148903,289,0.44488875655939275,0.5005102824413268,0.43157820613769826,0.5254279353984596,0.4136314313335182,0.3589317361212731,0.4528516669359317,0.33523653045226104,0.2413165996376025
CSRNP1,ENSG00000144655,chr3,39131854,39164562,189,0.42609137456961554,0.5345325144115095,0.49736873268091947,0.46044603106214477,0.4682813606636377,0.3160498364385535,0.37504234713881524,0.4486631966258206,0.38967068592555887
XIRP1,ENSG00000168334,chr3,39173209,39202596,155,0.4972675748273967,0.591047433780452,0.5531665680919412,0.46455766345270477,0.4469011820599992,0.3881419618204751,0.46329979097516955,0.5060141428578122,0.43085631370311767
CX3CR1,ENSG00000168329,chr3,39253494,39291735,295,0.5326480887004389,0.6028688158812544,0.596829924968663,0.48464713495540296,0.5595790155985458,0.38788228917415196,0.3831839128135147,0.5356063251173397,0.5403047014779768
CCR8,ENSG00000179934,chr3,39319708,39343680,127,0.7049183847477068,0.7026224937060553,0.7279469996954006,0.6412689414316165,0.6805051656819049,0.5657489018815727,0.5484605103699917,0.6470039804542965,0.6642923719658774
SLC25A38,ENSG00000144659,chr3,39373369,39407351,263,0.46813551098203077,0.5028164671068174,0.49390465342440265,0.42034287144236016,0.5074425065221917,0.3245661930389512,0.26798523016203557,0.3742298465389631,0.43081080941587874
RPSA,ENSG00000168028,chr3,39396715,39422542,242,0.27872720352978253,0.31905780338249146,0.261923796332373,0.2840644946291958,0.22642233638870876,0.20365375432187577,0.23085692019858522,0.18062410226377418,0.1534209363870647
MOBP,ENSG00000168314,chr3,39457197,39539479,689,0.36982290847212623,0.47549862744112453,0.3986023185728225,0.3667374643789231,0.41659822954311054,0.2992813859826963,0.2816491210168798,0.3460258482763786,0.3636581132421951
MYRIP,ENSG00000170011,chr3,39798913,40270321,2661,0.3549917331827784,0.3863995119405092,0.34370581028779135,0.3983612795355263,0.35936458940819654,0.25287862419233875,0.27560730668101935,0.23553260933372608,0.2128039268450454
EIF1B,ENSG00000114784,chr3,40299706,40322424,114,0.5372977276335844,0.4698615864438943,0.4390448126676078,0.4704038944917303,0.4530187674640987,0.41358718211550827,0.3334584949787104,0.2210299667631554,0.30115865389995333
ENTPD3,ENSG00000168032,chr3,40377183,40438744,330,0.3510293781942698,0.26611674905971294,0.2409093513934507,0.33562550842634986,0.2818367844417833,0.23306953738022068,0.1936281003957246,0.0763357843030307,0.1157772212875268
RPL14,ENSG00000188846,chr3,40447291,40478587,180,0.5468363158063508,0.5557424677646441,0.563442381610326,0.5815844232859234,0.5731625289703729,0.38700891531313614,0.41563951335469024,0.42434194183063334,0.39571134378907924
ZNF619,ENSG00000177873,chr3,40467112,40501053,185,0.4254960373376292,0.4418654689878413,0.4253937449940866,0.46576628740025966,0.39606452030653616,0.2916666440679437,0.35289460696370745,0.29148860658774367,0.2302606436919799
ZNF620,ENSG00000177842,chr3,40467130,40528736,293,0.40353925827495596,0.3990418268560876,0.3745910548976929,0.42439778491628233,0.35235290153306775,0.2783111326188926,0.3135795329327342,0.23091880968433343,0.19565040937049177
ZNF621,ENSG00000172888,chr3,40514877,40584685,307,0.3618943283162749,0.30711180721068365,0.2956460508971073,0.33211243091101755,0.2658493321181117,0.2328318649856172,0.23074052914723392,0.13405476578934078,0.13614610162772414
CTNNB1,ENSG00000168036,chr3,41184740,41270096,391,0.3005527841006008,0.3279095757033675,0.3010290705574505,0.3002352749226351,0.27424543132740403,0.19834060431715342,0.2169150570109105,0.19902178322898717,0.18044733053523004
ULK4,ENSG00000168038,chr3,41236598,41972130,0,,,,,,,,,
TRAK1,ENSG00000182606,chr3,42003801,42235890,1460,0.4153499189447336,0.5598120277832945,0.5492858191769807,0.4146973527480016,0.48232140175483185,0.28018665534341836,0.34888947875601195,0.5403667783710231,0.4716639549584294
CCK,ENSG00000187094,chr3,42247824,42276185,135,0.386464831791977,0.3521826976175542,0.34409311102901124,0.3794493633445503,0.3724325465871012,0.25046390903788435,0.22269525816469404,0.18368265411257895,0.21145130498576922
LYZL4,ENSG00000157093,chr3,42387082,42420610,235,0.32403613856267766,0.2831533950428084,0.18384475023905109,0.38030073599578934,0.1940398774991284,0.26067919004218065,0.29784668226657673,0.07221421131638012,0.035046719091984035
VIPR1,ENSG00000114812,chr3,42479298,42547573,444,0.4452042960471889,0.41460777400169924,0.33850585988000714,0.4045402451900155,0.2723546338271633,0.35568718233599766,0.367976587712908,0.17978600228811192,0.1674965969112016
SEC22C,ENSG00000093183,chr3,42537968,42611080,380,0.30318929796631106,0.2803652234974111,0.17667890533335506,0.27260134356640364,0.1219259416498617,0.24792197117059678,0.2586338520261514,0.08108947935622332,0.07037759850066869
SS18L2,ENSG00000008324,chr3,42571839,42606934,181,0.22849379882390647,0.15588825628007166,0.16197725231646892,0.2284448524083289,0.10294549960299909,0.12608546555501396,0.16008943193346428,0.04338492982255057,0.009380963444100249
NKTR,ENSG00000114857,chr3,42590654,42658735,340,0.2941289747888836,0.3675730654287584,0.19587038288267553,0.31127895413851997,0.21472516464704608,0.2942592590276651,0.2946940139246711,0.16393132449000844,0.1634965695930025
ZBTB47,ENSG00000114853,chr3,42643696,42677580,170,0.3770956580493135,0.26014100772816257,0.16059853789845038,0.35123368110403796,0.1318997376662716,0.2997958959431867,0.2962651454922328,0.0014997659818836717,0.005030516432837501
KLHL40,ENSG00000157119,chr3,42675536,42702544,68,0.5075693909818628,0.33305571390383804,0.29484419835609255,0.45986261498532643,0.3468903575665141,0.38205699199583343,0.29748513132601623,0.0229917736506402,0.10756363432045729
HHATL,ENSG00000010282,chr3,42682662,42712824,96,0.3883083761431122,0.2711114168714168,0.31525991634667977,0.3554641935555454,0.28157429273777573,0.2145227236345034,0.21238315824824733,0.10171167023403058,0.1038512356202867
CCDC13,ENSG00000244607,chr3,42695755,42783253,486,0.46744062267253955,0.5262924283753332,0.48404846454103545,0.4125196686147387,0.40510752566106734,0.3577417623139703,0.3798514960125848,0.3894233228580405,0.36731358915942613
RP4-613B23.5,ENSG00000280571,chr3,42695755,42814518,645,0.4785261402081756,0.5645839250947222,0.5478766467388453,0.4566950935583623,0.4747972786270658,0.3443745554538676,0.3987834253423086,0.4870786555534001,0.43266978566495906
HIGD1A,ENSG00000181061,chr3,42772907,42814490,215,0.5486754921903239,0.7185424242424242,0.7269303494557048,0.6028519596276549,0.6373671629949136,0.38265691655754097,0.5884276478934414,0.8851166339907741,0.6793459026548736
ACKR2,ENSG00000144648,chr3,42794751,42897974,562,0.48207146909578547,0.5410522092588452,0.4945351153762196,0.4552071990552929,0.46489513819822187,0.3772300644839426,0.3804380057438749,0.4015887565691499,0.39838081530921765
RP11-136C24.3,ENSG00000273291,chr3,42799445,43065871,1470,0.5162473833775248,0.5502778076437507,0.5273835152632411,0.5030252079656184,0.482546254936222,0.38791791445117724,0.4197530361221598,0.4112073227252137,0.37937220105423103
KRBOX1,ENSG00000240747,chr3,42799482,42952792,823,0.5039467070231711,0.5587218437606034,0.5029129061813068,0.5157046657339784,0.4958340509618074,0.4100808729705726,0.42914521252434235,0.4079989896255706,0.38893465007180084
CYP8B1,ENSG00000180432,chr3,42846004,42885898,221,0.36653538638392025,0.4983422690940514,0.41461159714998497,0.3251286730492127,0.3630558308806282,0.3054543132649537,0.31599858097436684,0.38438288950856575,0.37383862179915267
ZNF662,ENSG00000182983,chr3,42896141,42929334,151,0.6139740008631117,0.5970737960230081,0.6403555896744536,0.5777397190442969,0.5902053275054472,0.4191064611105637,0.4395180912635796,0.4898953893751994,0.4694837592221834
GASK1A,ENSG00000144649,chr3,42969266,43070211,552,0.49259824373723826,0.5667007640191928,0.4994023389545778,0.5001364602781639,0.43098746922748,0.41141315586077154,0.4829470146047786,0.4249135576339055,0.3533796988898984
POMGNT2,ENSG00000144647,chr3,43069231,43116079,304,0.5116127518799326,0.5739082552667459,0.5363910102758233,0.5922367276301925,0.5511217067057887,0.40051673134035265,0.47458279536739906,0.4525838613361428,0.37851779730909646
SNRK,ENSG00000163788,chr3,43276511,43434764,822,0.6286516971903903,0.6849256390313259,0.7326453037225774,0.6465759249319093,0.72574331838168,0.4131911924685713,0.45067119092472796,0.7417554089800409,0.7042754105238843
ANO10,ENSG00000160746,chr3,43344858,43701594,1624,0.5139458056979441,0.673804334806229,0.632437748476163,0.4956659275618073,0.6156444759955327,0.420415222649306,0.4242934775375356,0.6998426550332,0.6959644001449702
ABHD5,ENSG00000011198,chr3,43680107,43744371,357,0.264782347935149,0.5591867198831215,0.5118505816335687,0.43266364523438944,0.6294786250333024,0.20479442891039784,0.19654634172766589,0.6143394653799596,0.6225875525626916
TOPAZ1,ENSG00000173769,chr3,44231885,44342098,557,0.5990648233679232,0.49500804363623874,0.44148290499672654,0.41683505999142206,0.3543105932766389,0.5073491223456746,0.39253065457007047,0.17586365548050625,0.29068212325611054
TCAIM,ENSG00000179152,chr3,44328118,44419451,437,0.6315600905053572,0.5533821184167242,0.5433736598782191,0.45025399401465976,0.4283879274812957,0.5103198452415676,0.4225280515745741,0.295732055764647,0.38352384943164064
ZNF445,ENSG00000185219,chr3,44421704,44487670,297,0.6620825796062928,0.6815551326975566,0.6654874997662977,0.41335429298600185,0.5883943681537016,0.5670893107753695,0.3949752673400519,0.5772166092695024,0.7493306527048198
ZNF852,ENSG00000178917,chr3,44484846,44520636,140,0.6227314629970615,0.5407058437653746,0.49376099016909675,0.4131491121918302,0.4503442312281919,0.5360580432570545,0.3562929274367786,0.24200636767343625,0.4217714834937121
ZKSCAN7,ENSG00000196345,chr3,44545192,44604173,184,0.35338218355116247,0.20435650365953031,0.27454152176096996,0.2114784645980331,0.2025584158124515,0.17182624109019667,0.11992646389897617,0.05677782128980516,0.10867759848102561
ZNF660,ENSG00000144792,chr3,44568222,44609694,143,0.3453541604125168,0.23428405346068026,0.3644974563405665,0.26844030746445174,0.1848364401555891,0.11863285586846004,0.1875769824841893,0.14831114911857732,0.07936702250284802
ZNF197,ENSG00000186448,chr3,44574887,44658471,327,0.4936122319082775,0.18352741027636507,0.3359477403671034,0.34223928422881306,0.2631010394411503,0.23691003616736486,0.15818575672927815,0.0,0.04457618086066503
ZNF35,ENSG00000169981,chr3,44638731,44670791,129,0.4245867743422927,0.08339986873967457,0.2386423123520768,0.2848808509508953,0.13578259104210125,0.18354939916099583,0.13822958037739963,0.0,0.0
ZNF502,ENSG00000196653,chr3,44702642,44733831,163,0.5859731371027894,0.28876067302862884,0.5102837643842197,0.3967057165098193,0.39975028701250265,0.2543207770456638,0.16784347330798766,0.08642552262417091,0.172902826361847
ZNF501,ENSG00000186446,chr3,44719595,44747083,129,0.5700572493458115,0.33685378679753636,0.5547909956477983,0.38541473593298503,0.3755779593255693,0.22282578158599414,0.21331929720641812,0.18793399879031808,0.19744048316989413
KIAA1143,ENSG00000163807,chr3,44727660,44771619,164,0.6129115022689735,0.36929172994351256,0.5417424619899538,0.4553255733093105,0.3463317055550065,0.31484492292099053,0.32166182335286786,0.14606692997316878,0.1392500295412914
KIF15,ENSG00000163808,chr3,44751720,44883376,598,0.5895715754372668,0.26633051096596766,0.5203614701965475,0.3884002915287752,0.2543551199636282,0.23276392220328973,0.25393404827482685,0.07693271699372989,0.055762590922192795
TMEM42,ENSG00000169964,chr3,44851903,44875670,127,0.48940222438696523,0.28921597774170116,0.5225580969859464,0.2978127592979078,0.3644875405963817,0.13712349827293785,0.12080913224389295,0.20426316321497462,0.22057752924401958
TGM4,ENSG00000163810,chr3,44864607,44924990,424,0.466580632335226,0.5287325217929961,0.4492890600806281,0.2997717447639011,0.4253901949003478,0.39211579625154735,0.2773071508459511,0.3602136556227204,0.47502230102831666
ZDHHC3,ENSG00000163812,chr3,44905256,44986185,442,0.5137991828354752,0.6588231640799617,0.569178815570812,0.36853356936867687,0.573299355833435,0.4772128659033864,0.3416961366560676,0.5981414898009169,0.7336582190482357
EXOSC7,ENSG00000075914,chr3,44965240,45046066,460,0.5223234533932436,0.6583234023449982,0.4839758420929935,0.41873568739051537,0.4891610197362836,0.5755551847635076,0.47236973159058215,0.4983354254293251,0.6015208786022506
CLEC3B,ENSG00000163815,chr3,44991547,45046071,312,0.5102765345505905,0.6481133517592658,0.4446909894063146,0.44123090518383895,0.460477668452649,0.5850650181831651,0.5046970173309451,0.4593811591044754,0.5397491599566957
CDCP1,ENSG00000163814,chr3,45072276,45156422,599,0.49073279940564196,0.5648665368616502,0.5390626099336414,0.47463703558881526,0.541778189733282,0.36619593637160036,0.3476832337067417,0.4659065467666735,0.4844192494315321
TMEM158,ENSG00000249992,chr3,45214465,45236287,148,0.44492629377991977,0.8455461945518773,0.7768415936668412,0.476614333716916,0.7353720483386794,0.478320586936944,0.59293325039754,1.3895396342782533,1.2749269708176574
LARS2,ENSG00000011376,chr3,45378560,45564726,1065,0.5322278446536362,0.738645202124832,0.6892818238057197,0.556329905778254,0.6920278764676214,0.4663907008010154,0.4884022157981378,0.8754857151452873,0.8534742001481646
LIMD1,ENSG00000144791,chr3,45545393,45696341,917,0.45929262205037646,0.5267343503023686,0.5177868154560338,0.4509492082246791,0.5121318942958965,0.31680324362660683,0.3149762804383614,0.431295177249446,0.43312214043769126
SACM1L,ENSG00000211456,chr3,45679055,45755409,455,0.3095064160483593,0.4248892488133914,0.35540479628359173,0.3830374449716755,0.31239141862664527,0.2422042468472938,0.3308020331464312,0.31098839912524423,0.22239061282610684
SLC6A20,ENSG00000163817,chr3,45745448,45806536,312,0.44713885127210035,0.4388559965798256,0.4864956546003542,0.4480275682514657,0.3818018526667718,0.2519646623782558,0.34554432304280625,0.3258130534320311,0.23223339276748062
LZTFL1,ENSG00000163818,chr3,45813315,45926042,579,0.4589266480111334,0.529302162379164,0.41801443763297874,0.43808833824078375,0.4456487795322483,0.4132148547287861,0.3699963651643585,0.3403240698214636,0.38354255938589116
CCR9,ENSG00000173585,chr3,45876508,45913174,240,0.35501080912409944,0.3261468696937659,0.23780471051708324,0.31325844341297215,0.2319496440241501,0.2808561746555185,0.25332018394417133,0.11388692471712913,0.1414229154284762
FYCO1,ENSG00000163820,chr3,45907898,46005824,536,0.43429951721055826,0.47569963307399804,0.34990798315754273,0.45455150495889146,0.3704907729820121,0.39236985051076567,0.39451133385440307,0.25332068905333893,0.2511792057097016
CXCR6,ENSG00000172215,chr3,45930932,45958351,158,0.4421999249727355,0.44508000781613816,0.29725232504976945,0.4112756125531062,0.40495033756201626,0.4099643127174528,0.29980903054509794,0.17896702113732155,0.28912230330967653
XCR1,ENSG00000173578,chr3,46006989,46095825,69,0.17562307228702093,0.18283753711062098,0.16339286392010888,0.2557647680468916,0.20941655220896904,0.10832203893669318,0.1311657042224345,0.0935953119682993,0.07075164668255798
CCR3,ENSG00000183625,chr3,46120889,46276706,868,0.33416676843313775,0.5680490939859725,0.43449286070759147,0.3166280491679154,0.5214242620265763,0.3380635123851726,0.2416092629227498,0.5013798282968117,0.5978340777592346
CCR1,ENSG00000163823,chr3,46191710,46218313,161,0.28406997937642725,0.4969766933403297,0.5257891223132012,0.32897786610969465,0.6101389690426343,0.13759423070955507,0.07205349827060681,0.5495245439387944,0.6150652763777426
CCR2,ENSG00000121807,chr3,46343863,46370940,154,0.38668863107635376,0.6144116971186685,0.6032912765941836,0.39973700625471603,0.5846023777113781,0.25865730950551075,0.292426678492645,0.6943277420516654,0.6605583730645312
CCR5,ENSG00000160791,chr3,46360853,46386206,148,0.3324272249597033,0.10212175861409405,0.09239925432740864,0.20962746337758048,0.06894007460045196,0.20743848620678174,0.13577002539186428,0.0,0.0
CCRL2,ENSG00000121797,chr3,46397165,46422997,198,0.2883283603756067,0.28614254490579205,0.23452378925162856,0.24298229312382444,0.15819901190676378,0.20497674621584683,0.22161448270176132,0.13209523308316648,0.11545749659725196
LTF,ENSG00000012223,chr3,46425644,46495234,435,0.34970497872360884,0.422929127444719,0.37464373108873944,0.3032754346350013,0.3697866704548821,0.2553427847080127,0.2247292050038758,0.29444740592370044,0.32506098562783725
RTP3,ENSG00000163825,chr3,46484610,46510950,119,0.3864262345929,0.49988032594809284,0.3693797020944379,0.3323750721418226,0.38282244751547895,0.36015565099751684,0.3071690401995053,0.3327522100978018,0.38573882089581335
LRRC2,ENSG00000163827,chr3,46505384,46616948,658,0.3038929193243908,0.39592865226167084,0.3274269626271659,0.3365670924724802,0.3877254527706348,0.23483508696038458,0.21190801074804705,0.26922787566860784,0.29215495188094537
TDGF1,ENSG00000241186,chr3,46564533,46592457,104,0.3235973507478557,0.34910704307700274,0.3166687593442173,0.4198391619472742,0.38448785183740364,0.219800633138315,0.24427969469548322,0.20960944584484412,0.18513038428767592
AC104304.4,ENSG00000283877,chr3,46571149,46627226,355,0.3378961661669964,0.4001853722596058,0.32444275154256524,0.35074707971237323,0.3559985305875488,0.26562506825065324,0.25150664229664144,0.24550955701739433,0.2596279829714061
FAM240A,ENSG00000283473,chr3,46602524,46636543,296,0.4152060347048289,0.3695612014470534,0.38670236570456135,0.3210437608147199,0.3506594809246915,0.2544649812863401,0.20836989082533214,0.206874215118103,0.25296930557911096
ALS2CL,ENSG00000178038,chr3,46658994,46703704,346,0.5577606138104596,0.6817826007802938,0.6205289626903312,0.5400473412099198,0.6100093543326086,0.495973713577123,0.49000983464529435,0.6490467708588774,0.6550106497907061
TMIE,ENSG00000181585,chr3,46684527,46720886,236,0.3782636976621737,0.4076430730252072,0.3384908099411886,0.39015097939183513,0.3252774479998075,0.2928268665935132,0.31236803078047104,0.23081904199901307,0.21127787781205526
RP11-316F12.1,ENSG00000206549,chr3,46702114,46822574,473,0.2871310876929562,0.27484860230622943,0.14278989551222623,0.34226821877988084,0.1264301349415587,0.25288016151594306,0.302582854947817,0.06849466000709958,0.01879196657522561
PRSS50,ENSG00000283706,chr3,46702116,46727869,158,0.30101586252536305,0.3150083601926757,0.21394820396626651,0.34969384315719826,0.24509283903003282,0.247871642584002,0.2637500795071208,0.13047700287122763,0.11459856594810877
PRSS45P,ENSG00000188086,chr3,46732091,46760891,180,0.27668644673152337,0.3098261216033149,0.09962485556891353,0.35409451466846026,0.06270094599871517,0.29489020365075364,0.3715804611947927,0.07592151180980436,0.0
MYL3,ENSG00000160808,chr3,46825110,46892172,303,0.38438478772787527,0.39691336772190383,0.283461622337134,0.4195570833764788,0.2469420070635828,0.3287520596764646,0.38302260150733936,0.1769423641116297,0.12267182228075496
PTH1R,ENSG00000160801,chr3,46867720,46913799,185,0.4505936826163683,0.6391725212402714,0.6443939767146742,0.3531259519049116,0.6816244932969937,0.29217025131465235,0.15521762648494253,0.727185081736827,0.8641377065665372
CCDC12,ENSG00000160799,chr3,46911725,46992010,480,0.7339288200822051,0.7995341424310792,0.6993330828820763,0.7336763522588841,0.7135985046112379,0.8646752654474921,0.8398968497847451,0.7424360677277008,0.7672144833904478
NBEAL2,ENSG00000160796,chr3,46969665,47019704,243,0.6624182046810091,0.7301756768980648,0.614882485104078,0.6780794887104742,0.6260535945704281,0.7208624353447187,0.7298960086824567,0.5891217515850052,0.5800881782472674
SETD2,ENSG00000181555,chr3,47006428,47174113,508,0.5311353720853244,0.6841424524243908,0.627625834595075,0.5325519244883167,0.602201653660709,0.4610245243305253,0.4955604505534067,0.6914394415163942,0.6569035152935129
KIF9,ENSG00000088727,chr3,47217997,47293451,194,0.5904041024175363,0.7009632772243989,0.6265764796723662,0.56267449005229,0.6366795094912835,0.5573655276157607,0.5108982206776718,0.649823366869787,0.6962906738078759
KLHL18,ENSG00000114648,chr3,47272916,47356816,200,0.5630665251019927,0.6664281264718841,0.6686509508847741,0.6220819540110641,0.6545955107275861,0.4106441603332194,0.5039678622003658,0.6872527636848591,0.5939290618177127
PTPN23,ENSG00000076201,chr3,47371010,47423435,144,0.5921301842571955,0.808823430802021,0.6919279019429156,0.6317806346650133,0.7371078751159696,0.6869718138325046,0.6588113731879424,0.9675860180773854,0.9957464587219476
SCAP,ENSG00000114650,chr3,47403680,47487126,202,0.6215727595282113,0.8036359726925765,0.7729865392603854,0.6250115988809423,0.7917020401908101,0.5583852755870421,0.51992975938996,1.069399784599802,1.1078553007968843
ELP6,ENSG00000163832,chr3,47485639,47523712,97,0.5432231184686502,0.7702351872010225,0.7212645847854467,0.553615336311823,0.7603524985714428,0.48838349906120737,0.42434354548184383,0.9823155472096983,1.0463555007890621
CSPG5,ENSG00000114646,chr3,47552237,47590792,113,0.5826498199466497,0.652591628856211,0.6545392427900233,0.5759926622253454,0.5844534854677425,0.4341038766716775,0.5185490620583861,0.6231504522370971,0.5387052668503884
SMARCC1,ENSG00000173473,chr3,47575268,47792106,689,0.5511918209113965,0.6063185996335927,0.6067768015760364,0.5120339034659022,0.578962010958171,0.399997566247696,0.3923452305265525,0.5322157590645544,0.539868094785698
DHX30,ENSG00000132153,chr3,47792908,47860195,213,0.48436339918260857,0.4328276961766572,0.4465997759774833,0.464151088385337,0.48349351361628295,0.31888567568905907,0.2651638707045434,0.2482064589159157,0.3019282639004313
MAP4,ENSG00000047849,chr3,47840689,48099272,756,0.4913230730565753,0.6156265632896414,0.6012738978351164,0.4346164228117532,0.5439871003582221,0.3563011670278844,0.370578703424516,0.5998395404967429,0.5855620041001113
CDC25A,ENSG00000164045,chr3,48147145,48198417,198,0.4735701487568984,0.4567556247353935,0.4566371502934591,0.4708507713251533,0.438855753753886,0.32092762766978034,0.33445176089800605,0.28926838609116506,0.27574425286293947
CAMP,ENSG00000164047,chr3,48213346,48235491,86,0.23025891880917393,0.5446284029386399,0.514019576867253,0.1588744588744589,0.474390289340879,0.16337781893560033,0.15822975702163466,0.6232636775728289,0.6284117394867945
ZNF589,ENSG00000164048,chr3,48231099,48309253,319,0.1689056804418839,0.3529858562557525,0.2764839853336322,0.19257524702703552,0.2848599027831076,0.14838325767456761,0.15700786115037058,0.2870038665444508,0.2783792630686479
NME6,ENSG00000172113,chr3,48280721,48311685,121,0.19095344981684034,0.2493273519478176,0.1915769385717979,0.18424990679592507,0.19158847047860164,0.14300733344681166,0.13887440408615637,0.1437782768776653,0.1479112062383206
SPINK8,ENSG00000229453,chr3,48296841,48338341,179,0.22172175397608013,0.31195089063941533,0.18253208222120348,0.20853019590329772,0.14676404307702076,0.21151130923097095,0.2245197323284078,0.16238375448067438,0.1493753313832375
FBXW12,ENSG00000164049,chr3,48362218,48411259,227,0.5147953299471464,0.5237058953734182,0.41221984649521076,0.5010244929477191,0.360965000483341,0.46675096802369787,0.4945609817050627,0.27496878066559316,0.24715876698422834
PLXNB1,ENSG00000164050,chr3,48393853,48440086,220,0.5125066011283387,0.30376974495225995,0.46734419806306227,0.4130222095265301,0.33843494993407697,0.2253367690781255,0.24084808980539327,0.13673807806250166,0.12122675733523391
CCDC51,ENSG00000164051,chr3,48422163,48450456,141,0.5272624114297222,0.41543381826761266,0.5216606758599881,0.44007132510110647,0.4131216111745471,0.27433259340519145,0.2919467457370982,0.26255268313212893,0.24493853080022226
TMA7,ENSG00000232112,chr3,48430256,48454208,127,0.581293819559292,0.45361999399403485,0.5045043287184352,0.42686786407840344,0.3630311189787112,0.3864148736773356,0.3550225358854247,0.21802568994693305,0.24941802773884403
ATRIP,ENSG00000164053,chr3,48436709,48477645,0,,,,,,,,,
TREX1,ENSG00000213689,chr3,48455810,48477645,0,,,,,,,,,
SHISA5,ENSG00000164054,chr3,48457797,48514826,0,,,,,,,,,
PFKFB4,ENSG00000114268,chr3,48507683,48572015,247,0.31050479785420415,0.24762427671833526,0.29183337193917197,0.2174046028976539,0.2676749702993837,0.15561956269999833,0.10906403231248446,0.12889988508332878,0.17545541547084262
UCN2,ENSG00000145040,chr3,48551717,48573781,69,0.42046827607879694,0.29637205781468073,0.1486448836683962,0.3267460254210411,0.13871406314107115,0.3680572416831245,0.2989047331738271,0.0,0.05260082056500681
COL7A1,ENSG00000114270,chr3,48554072,48605329,187,0.16780763095784768,0.21952384096174946,0.22854190935863608,0.18525132886964565,0.23712833309217582,0.08603490338630007,0.0910306101412266,0.16181618186184543,0.1568204751069189
UQCRC1,ENSG00000010256,chr3,48589001,48620976,112,0.26720254042328795,0.3098905355629723,0.3010005944030091,0.24584273649847424,0.29165254187756434,0.16184279755712938,0.15411943234459766,0.2090622523047146,0.21678561751724632
TMEM89,ENSG00000183396,chr3,48610758,48631769,77,0.4541207127697146,0.3816901629289394,0.08493751937852191,0.3873345978328232,0.3324752439317581,0.4986800374050416,0.2832615598440058,0.0,0.19750403283269255
SLC26A6,ENSG00000225697,chr3,48615722,48645493,114,0.10490913905331183,0.11826448155019587,0.06389772724800688,0.1210002944438992,0.056429643259079294,0.08533131809180693,0.09837475145459323,0.04053181555541864,0.027488382192632332
CELSR3,ENSG00000008300,chr3,48626462,48672886,177,0.13222238727785898,0.10076296950083358,0.04171353461488155,0.13154821773970712,0.040408524560171556,0.10270995073774743,0.10300210041546498,0.003498668347957215,0.003206518670239661
NCKIPSD,ENSG00000213672,chr3,48663843,48696364,126,0.4658533932673095,0.8213736497716263,0.8123506261999082,0.29158392603298244,0.7177319384984778,0.338181963269374,0.4011423398524574,1.3842771204801114,1.321316743897028
IP6K2,ENSG00000068745,chr3,48678002,48750353,247,0.6396225483248477,0.8174909343688779,0.870294279501928,0.4532330232883252,0.7971340711260069,0.33953583470397186,0.35473901757653403,1.3614195977982855,1.3462164149257232
PRKAR2A,ENSG00000114302,chr3,48734596,48857874,311,0.727667582003946,0.8239913925530656,0.8428712775744683,0.565340254790469,0.7261626268625164,0.5936321457905561,0.6375966252911109,1.1435902334007952,1.0996257539002405
SLC25A20,ENSG00000178537,chr3,48846925,48908904,164,0.7134167626670926,0.837147557367874,0.8630788665394483,0.5823832944201688,0.6717033737391541,0.5381434071655036,0.7871321283042805,1.2767673409306988,1.0277786197919219
ARIH2,ENSG00000177479,chr3,48908820,48996382,196,0.6983665839205152,0.814090365484625,0.8257783013839414,0.4904555441341673,0.674074196020005,0.5668053757127541,0.6178236084050532,1.1156891835515446,1.0646709508592453
P4HTM,ENSG00000178467,chr3,48979888,49017153,93,0.732677825368215,0.8638886338283966,0.8729339540474321,0.5553508951616207,0.7294495906822541,0.6252671400153917,0.7487274268818948,1.3690147194120725,1.2455544325455694
WDR6,ENSG00000178252,chr3,48997061,49025953,69,0.7359730409185612,0.7987944807552647,0.7822021617330788,0.5438243718897926,0.6177854728544301,0.7054722394852857,0.7132662825658,0.8979561700136346,0.8901621269331202
DALRD3,ENSG00000178149,chr3,49005487,49032293,48,0.6676279504095626,0.7015864075847178,0.7971926251650153,0.48100129257397295,0.5173167265238039,0.3576382620229067,0.5683670790526132,0.8516365986774878,0.6409077816477813
NDUFAF3,ENSG00000178057,chr3,49010458,49033495,39,0.6861623274919969,0.779527425144897,0.7422635480686368,0.5868629617496653,0.5975598136273119,0.6575218209468957,0.7428745498838693,0.8544601479581736,0.7691074190211996
IMPDH2,ENSG00000178035,chr3,49014324,49039447,53,0.7543816775503958,0.7603372434017597,0.8039940800827259,0.5808352531879937,0.7181030974134422,0.6014442954045148,0.5158999509879398,0.8270782292687282,0.9126225736853033
QRICH1,ENSG00000198218,chr3,49019706,49104363,213,0.7378329564414391,0.8197583746088204,0.8516149351612949,0.5234503971359858,0.7493293150117906,0.5721428889791713,0.5355126073180626,1.1413140759925429,1.1779443576536521
QARS1,ENSG00000172053,chr3,49085931,49115130,86,0.7535886278792551,0.8790830159939071,0.764474114337022,0.5473871472435673,0.741066720237049,1.0337347465328508,0.7770921712300884,1.078916304909186,1.3355588802119485
USP19,ENSG00000172046,chr3,49098045,49130938,94,0.6995405620876672,0.8188705341076683,0.8943085295057075,0.47199426288185237,0.7800972975767704,0.3318773267806536,0.41631062982339107,1.3766658954542121,1.292232592411475
LAMB2,ENSG00000172037,chr3,49111113,49143118,76,0.5752035445986052,0.8011827595788182,0.7518912175172467,0.3731020022331207,0.7124076946347043,0.5388132146897016,0.4180646462581269,1.076556051389583,1.1973046198211574
CCDC71,ENSG00000177352,chr3,49152534,49176331,66,0.6001833881539974,0.7896398532920272,0.8776396393431685,0.38140544115967234,0.7487515163885945,0.1874493640192194,0.3289632962692308,1.3714848688281898,1.2299709365781784
KLHDC8B,ENSG00000185909,chr3,49161597,49186486,88,0.6661417710528871,0.7796100432175952,0.8109763045328794,0.4703198967327671,0.7325932984513133,0.47175635614326017,0.4144271257713049,1.040600414736286,1.0979296451082412
C3orf84,ENSG00000236980,chr3,49167633,49201858,123,0.7236741022969859,0.8143886713050419,0.8552734048016637,0.43495136438207255,0.715965831080478,0.5186829382643555,0.4981415790526609,1.1654174840012934,1.1859588432129877
IHO1,ENSG00000173421,chr3,49188427,49268106,227,0.6754294713063392,0.8193819909463474,0.8660927548537699,0.43818812371084437,0.7179937164335187,0.41300771333143804,0.5110666118746855,1.2983632117342607,1.2003043131910134
C3orf62,ENSG00000188315,chr3,49258595,49287232,85,0.6403671489239755,0.8173485056896336,0.7638763999724029,0.4886223052084315,0.7447870949378634,0.6397235442178854,0.5025825085904206,1.060451800278757,1.1975928359062218
USP4,ENSG00000114316,chr3,49267143,49350712,245,0.6096043711750201,0.6793872546670067,0.7141214125910897,0.37139042347263707,0.5904288573234748,0.41296391414446176,0.35456077241267,0.7245573708267359,0.7829605125585277
GPX1,ENSG00000233276,chr3,49347175,49368353,66,0.564932126118888,0.6212263292263293,0.6391139204703961,0.34310311014061445,0.5747030198857441,0.3919383577760134,0.26803853166873026,0.5788780692432067,0.7027778953504898
RHOA,ENSG00000067560,chr3,49349138,49422998,258,0.634465262231563,0.6793800295085687,0.6677943702659621,0.4660855416646423,0.5541361402159765,0.5209457885828584,0.47863838615655346,0.6165529611737128,0.6588603636000177
TCTA,ENSG00000145022,chr3,49402205,49426475,79,0.7111686176032767,0.685133853381242,0.8149924877234626,0.5751973979896149,0.6744922803493889,0.3550805135324283,0.4446846221587699,0.8005271483020163,0.7109230396756746
RP11-949J7.8,ENSG00000283189,chr3,49406776,49439314,110,0.6922997887481592,0.6543519948897452,0.7081373167025856,0.6218560770261093,0.6704418073895141,0.5047459040619476,0.46240621172182095,0.557588443961005,0.599928136301132
AMT,ENSG00000145020,chr3,49406777,49432685,81,0.7072683923909132,0.6607287023799514,0.6968894573534006,0.6454775961052004,0.6642437667826119,0.55789829782815,0.5132845307165035,0.5230569058684562,0.5676706729801027
NICN1,ENSG00000145029,chr3,49412332,49439326,85,0.5821485089016739,0.6501550332493726,0.6306500371574424,0.47395278077552333,0.5937488167808866,0.46344184660099663,0.39592292092687736,0.586823328171025,0.6543422538451444
DAG1,ENSG00000173402,chr3,49458702,49545618,307,0.6428882584347232,0.7312160505378243,0.7349602687304626,0.505210342349386,0.6300076449335953,0.5078391968084555,0.5115984945804365,0.8060081871297724,0.8022488893577912
BSN,ENSG00000164061,chr3,49544476,49681549,412,0.6050089672045041,0.6933050312891115,0.7092787177245776,0.4991860099580095,0.6215903011593356,0.437701782528943,0.45082216292139565,0.7441998300619745,0.7310794496695217
APEH,ENSG00000164062,chr3,49664013,49693971,72,0.4715813587858362,0.57323516494872,0.6273156731868609,0.46767743036067516,0.4070497981573805,0.2511825284654107,0.4796914671804149,0.6003396265845744,0.37183068786957035
MST1,ENSG00000173531,chr3,49673946,49699501,46,0.5059656829460308,0.5884038787252934,0.562728137338298,0.4810070821002148,0.49280992082205743,0.3828314145601483,0.4323541520705858,0.5048812840373351,0.45535854652689767
RNF123,ENSG00000164068,chr3,49679537,49731529,138,0.4783670826269215,0.5767090542599772,0.6030980670767291,0.4861181548039046,0.5645677941878605,0.29321031706516704,0.347020634955412,0.5664852043187775,0.5126748864285324
AMIGO3,ENSG00000176020,chr3,49706828,49729684,89,0.5282615847059847,0.5850920927906672,0.4971161852662688,0.4420583780326561,0.39710890623299394,0.47181661271916414,0.4785904650011257,0.40788208099697415,0.4011082287150127
GMPPB,ENSG00000173540,chr3,49706843,49733973,98,0.4618446360584913,0.58721762130729,0.558994968160378,0.4524087555185352,0.4102517657121511,0.34287186970855815,0.47950068644569094,0.5419628832927654,0.4053340665556326
IP6K1,ENSG00000176095,chr3,49714293,49796542,242,0.38375020869359044,0.5977585829942337,0.5407200370621539,0.34381597293544147,0.4720926520316751,0.30835520462841753,0.3465911715551244,0.6023476261712322,0.5641116592445253
CDHR4,ENSG00000187492,chr3,49780731,49809873,96,0.22135680330150306,0.5495999863403722,0.564437239961396,0.2298963920803073,0.5104696730913474,0.10835257722291375,0.1722702626070578,0.6892665946059727,0.6253489092218287
INKA1,ENSG00000185614,chr3,49793260,49815030,71,0.3419404542096134,0.6970908485756213,0.5818133131949371,0.32322764215337585,0.5510324754068553,0.3704774391656804,0.39196897025339245,0.8238449095477521,0.8023533784600401
UBA7,ENSG00000182179,chr3,49795208,49823953,86,0.2249579669365695,0.6938403124914636,0.5833772372607482,0.3463414645140534,0.5720850922714277,0.28145618055132704,0.3799938612651016,0.9021922779941283,0.8036545972803537
TRAIP,ENSG00000183763,chr3,49818600,49866574,153,0.35217419470868894,0.5318512216836483,0.5748933904751345,0.32807474288301136,0.4687578316463142,0.16884363669449615,0.26201999979895874,0.5901254945048839,0.4969491314004213
CAMKV,ENSG00000164076,chr3,49847987,49879935,135,0.278819503096005,0.4450432162316976,0.40179671620835977,0.28071775694750656,0.3910864932765552,0.2009531112928748,0.21114371887477787,0.38791192405876634,0.37772131647686324
MST1R,ENSG00000164078,chr3,49877001,49913873,139,0.22677859277000081,0.3638704114313871,0.22982360484659073,0.33129578708070323,0.21193585420104763,0.22420356026281757,0.3082953207128916,0.22814942052352596,0.14405766007345194
MON1A,ENSG00000164077,chr3,49897159,49940173,147,0.24619643496974847,0.25668439560696754,0.26135195420717333,0.27818410585604036,0.20334470093699628,0.13816214697838525,0.19764326457704912,0.15847240709446,0.09899128949579608
RBM6,ENSG00000004534,chr3,49930006,50110045,592,0.44152539014693065,0.3444586887588306,0.3386832951072631,0.38795453136120533,0.27317791379940415,0.295658827084308,0.2970845523501381,0.12663512819147266,0.12520940292564262
RBM5,ENSG00000003756,chr3,50078918,50129021,157,0.5657309876771462,0.3084162622093657,0.41026456097598113,0.46791442540936934,0.3079090221947365,0.33739044055316675,0.31584206311861773,0.031380598790688885,0.0529289762252379
SEMA3F,ENSG00000001617,chr3,50145044,50199075,162,0.5660361836961199,0.47322256733251084,0.46110657777389397,0.4155703195659829,0.4150962098028226,0.4287669047180955,0.3208940272972529,0.21221024383284293,0.32008312125368554
GNAT1,ENSG00000114349,chr3,50181609,50207696,80,0.4966467106877184,0.4908606331870662,0.5970588115743726,0.37530278549510165,0.4924158671501132,0.2262659118251102,0.23371444770473798,0.4487675829508235,0.4413190470711956
SLC38A3,ENSG00000188338,chr3,50195245,50231486,126,0.4686704360538381,0.48310161063026774,0.46592361249747644,0.36165963844831833,0.38838294540194074,0.33253268138070213,0.30857184922949726,0.3273762813460017,0.3513371134972064
GNAI2,ENSG00000114353,chr3,50216291,50269362,190,0.281990522933178,0.4514721112178609,0.4811762019306251,0.2986956884575547,0.4820129768990161,0.13779935477995264,0.14876272078874786,0.4627178002332023,0.451754434224407
SEMA3B,ENSG00000012171,chr3,50257557,50287546,118,0.4133315945297017,0.5800554353375963,0.532800059745959,0.4281406042517155,0.48318314814901236,0.31996505285932236,0.38321398789416294,0.5476675124557407,0.48441857742090016
LSMEM2,ENSG00000179564,chr3,50269086,50298114,122,0.38219476995409435,0.4722207204878421,0.47625279519234287,0.3855748950095153,0.48716865505952606,0.23695650109791794,0.22916855036689732,0.4021206128043428,0.40990856353536326
IFRD2,ENSG00000214706,chr3,50277731,50302918,110,0.08539984525640243,0.4732679954888694,0.4154343969063475,0.18617926973248478,0.4633133243302735,0.09672271114661751,0.11236886696825771,0.5443406789789735,0.5286945231573335
HYAL3,ENSG00000186792,chr3,50282830,50309405,115,0.08873644104407931,0.5033244078509358,0.46411600042293344,0.15859441082477732,0.4645629501831088,0.08445187716342012,0.12391385660339405,0.6153663209388661,0.5759043414988922
NAA80,ENSG00000243477,chr3,50286401,50309416,97,0.2890130162921859,0.518329609668761,0.47380627053357743,0.3234856715217359,0.4977329374023591,0.21475528281376094,0.21633679204276923,0.515739953528336,0.5141584442993277
HYAL1,ENSG00000114378,chr3,50289889,50322381,133,0.20882649336539666,0.6153079378553554,0.5357144457804451,0.36864602424904647,0.5365773348292852,0.2111472950630558,0.323042471816978,0.7441648082581829,0.6322696315042606
HYAL2,ENSG00000068001,chr3,50307789,50332782,105,0.33148016752585413,0.665031717957788,0.5620882599987078,0.44360974362627376,0.6464738359746965,0.3353353760534246,0.32010349046867936,0.7583840560571338,0.7736159416418791
TUSC2,ENSG00000114383,chr3,50310026,50338251,114,0.34466872662715814,0.5915996319663513,0.49875503716571556,0.4361700647715756,0.6206298834635592,0.3137306761191228,0.24963345406338372,0.5817766154131432,0.6458738374688824
RASSF1,ENSG00000068028,chr3,50319781,50350980,113,0.20839755019768985,0.5495781549586145,0.4136943177091849,0.28168081355889363,0.4359376132669392,0.24867634457048182,0.27791077121904956,0.5488943573382954,0.5196599306897276
ZMYND10,ENSG00000004838,chr3,50331109,50355732,87,0.11910118187862533,0.4088410684035749,0.4179585721452659,0.19234030483894834,0.42150715526511706,0.05563461728678587,0.09597787769684635,0.47003576065079333,0.42969250024073286
NPRL2,ENSG00000114388,chr3,50337329,50360826,69,0.0448080465631216,0.3768416027687443,0.46112117803794367,0.08344851978919816,0.43573874755381614,0.0,0.0,0.522688068232002,0.47902771084168644
CYB561D2,ENSG00000114395,chr3,50340844,50368460,75,0.13228668928269435,0.4083019100920425,0.43329281059697733,0.1540886108010244,0.45371997764410005,0.04937006703328889,0.04373792498028117,0.4753886904141218,0.48102083246712946
XXcos-LUCA11.5,ENSG00000272104,chr3,50340891,50377923,101,0.09996293103577965,0.4656581758069536,0.47463679908241985,0.12705154835596552,0.4670286299696979,0.04418670452887735,0.06665536291702229,0.5825328200709214,0.5600641616827766
TMEM115,ENSG00000126062,chr3,50344749,50369521,65,0.13153371921198156,0.45183135704874827,0.43078962554001166,0.18518773083683915,0.4145690672963402,0.08934681446470033,0.1352813838955932,0.5118254823006926,0.4658909128697998
CACNA2D2,ENSG00000007402,chr3,50352612,50514244,629,0.20459880448542647,0.4622922116836945,0.48599794144147695,0.1901156865132971,0.47949575013109885,0.0919103226934343,0.08917332457767108,0.5285296880767506,0.5312666861925139
C3orf18,ENSG00000088543,chr3,50548024,50581027,136,0.7367602666679887,0.6079997791726702,0.5455434252568845,0.6218521811579039,0.637967106374857,0.7412650446124236,0.4464713878035018,0.1952278312443848,0.49002148805330653
HEMK1,ENSG00000114735,chr3,50559151,50606168,179,0.7093041713866032,0.5435489111405483,0.6148238703605633,0.6239715238322049,0.5239778132965686,0.5328484898652126,0.5100366586669971,0.2514252386131127,0.2742370698113281
CISH,ENSG00000114737,chr3,50596488,50621774,93,0.7727348781194121,0.4950882423384488,0.5667727887717342,0.6707166543703647,0.5059422646724235,0.6642583280650812,0.5445526863682956,0.019113274213896414,0.13881891591068218
MAPKAPK3,ENSG00000114738,chr3,50601519,50659291,235,0.7513286197693066,0.6726229653799286,0.7102011365078549,0.7302299678187543,0.6890536685454207,0.6348488013477197,0.6293466137163388,0.48179395987336404,0.4872961475047449
DOCK3,ENSG00000088538,chr3,50664926,51394198,2237,0.745803769600894,0.6113601934544358,0.5988813009670658,0.6671970214722025,0.560570478428824,0.7006265865980239,0.6115144982409857,0.24447572490321268,0.3335878132602509
MANF,ENSG00000145050,chr3,51375290,51399397,84,0.35495720755477017,0.7260419302367611,0.654213779586914,0.3427903470718781,0.6246906227974803,0.33564213945995025,0.3672639160312831,0.9591380749055831,0.9275162983342504
RBM15B,ENSG00000259956,chr3,51381284,51407908,85,0.36832993820548954,0.6800606207743862,0.7154152478366481,0.4392561244032111,0.7585736682003873,0.17114382259606653,0.14846193588483392,0.9684799184582635,0.9911618051694959
DCAF1,ENSG00000145041,chr3,51385866,51510015,357,0.5247812161122751,0.7340353372742868,0.7160212645287267,0.5422944243506138,0.7264414661777866,0.404757945263745,0.40484065652222523,0.9196338806574385,0.9195511693989584
RAD54L2,ENSG00000164080,chr3,51528718,51678667,463,0.5877858080658219,0.7171462718587274,0.7394789366343827,0.5799766330601452,0.7403572998671359,0.40198299721569786,0.3909107434928023,0.8608423794338655,0.8719146331567612
TEX264,ENSG00000164081,chr3,51652692,51714323,168,0.6451386725933,0.7433701027006466,0.7905306468533913,0.594082556503629,0.792104602627151,0.4164853385838302,0.34550278925852995,0.9436349817562373,1.0146175310815375
GRM2,ENSG00000164082,chr3,51697067,51728613,98,0.5985799729640876,0.5968849649105784,0.7036077091883912,0.5451648757289047,0.6464861893915511,0.3026044332448852,0.32826043731330434,0.6059288776507624,0.5802728735823433
IQCF6,ENSG00000214686,chr3,51768560,51789241,81,0.19112027954650285,0.1824552177880228,0.0689198591437792,0.19267095894461567,0.0870645483548709,0.1710723615186299,0.16219172916985275,0.030377236728246396,0.03925786907702357
RP11-314A5.7,ENSG00000285749,chr3,51788802,51843389,263,0.1680767508906936,0.0729364295125165,0.0949544793132907,0.13553015355007259,0.08723961739007356,0.07998909641343063,0.06504505499464004,0.0,0.010688084195255812
IQCF3,ENSG00000229972,chr3,51816882,51840856,114,0.2438616498847362,0.16944908465192124,0.019874284931920422,0.2419666945842107,0.0,0.22256126341574548,0.23134700035436578,0.0,0.0
IQCF2,ENSG00000184345,chr3,51851614,51873424,76,0.3890674040340978,0.6488353029956868,0.6454059562000581,0.3599641388333545,0.6041291097948321,0.25124345217928223,0.28303192936670796,0.7952564911528072,0.7634680139653814
IQCF5,ENSG00000214681,chr3,51863720,51885601,101,0.6941822612793636,0.8343382985984357,0.8591225937325211,0.5940697285580935,0.7473391310687001,0.5113541335520261,0.6618371321579237,1.2864533798698727,1.135970381263975
IQCF1,ENSG00000173389,chr3,51884875,51913353,127,0.6964994999204537,0.854961787493568,0.8398310576637469,0.665056180695797,0.8407322437404143,0.6458019631614487,0.5936910050369077,1.2849560735921208,1.3370670317166615
RRP9,ENSG00000114767,chr3,51923428,51951904,127,0.12481098257858625,0.19026071481536405,0.1511229364540932,0.15592398347466843,0.16130442054829264,0.09025872233999453,0.10232409950900163,0.12078423092939515,0.10871885376038805
PARP3,ENSG00000041880,chr3,51932344,51958867,122,0.17232044654774903,0.24125053270374852,0.13831173340116742,0.1515978125897062,0.19020722422319097,0.1581755687657455,0.11475361014329129,0.11790806992365295,0.16133002854610717
GPR62,ENSG00000180929,chr3,51945380,51967499,84,0.29420674630506743,0.3240404885500054,0.3626026228643107,0.2565733032399699,0.36025035205758105,0.14484651662757467,0.12071442742554753,0.24677558241007555,0.2709076716121027
PCBP4,ENSG00000090097,chr3,51947453,51984016,147,0.262585423373027,0.2563054388011864,0.41227188633645606,0.23700086427329078,0.3971321240742729,0.03461953024805953,0.030283013698118255,0.2615053342170698,0.26584185076701106
ABHD14B,ENSG00000114779,chr3,51958509,51993409,147,0.2860606596817736,0.4450652999040098,0.4303223760459069,0.27568516057161324,0.3899259279437571,0.1815887286358268,0.20862952504420024,0.40731610100676297,0.3802753045983895
ABHD14A,ENSG00000248487,chr3,51961425,51991199,122,0.39153277329200975,0.5278528677128986,0.5070937124974167,0.3865549834780604,0.45778090895798185,0.26992031948409567,0.31352206514371483,0.4805443015401175,0.43694255588049835
ABHD14A-ACY1,ENSG00000114786,chr3,51964705,51999183,147,0.3283125621695097,0.566612540499333,0.560556155809058,0.2978544477571715,0.5111549892114156,0.20591997617202196,0.2370139457160782,0.6302031492887682,0.5991091797447119
ACY1,ENSG00000243989,chr3,51973339,51999197,115,0.1850073234092331,0.1817718469094616,0.20489446198006375,0.1716870801985994,0.157663201304099,0.08795489807906705,0.10870149638500239,0.11265916743148759,0.09191256912555223
RPL29,ENSG00000162244,chr3,51983521,52005895,91,0.19639830724387067,0.19104234736370043,0.15831294671507568,0.19204187578689566,0.1447541222822121,0.12915662184076704,0.13444374088855143,0.08285208677272038,0.07756496772493598
DUSP7,ENSG00000164086,chr3,52038918,52066571,98,0.21311674874543454,0.3130934452601407,0.30475136754467597,0.18828956218422985,0.35641230075063646,0.1258733252963793,0.07173582247225538,0.24968369001638746,0.3038211928405113
POC1A,ENSG00000164087,chr3,52065225,52164690,339,0.18571042583407724,0.34161413800223417,0.36060379634280226,0.3098083721264643,0.36555593129359115,0.08808617870905738,0.166871977807087,0.3298779244126967,0.25109212531466707
ALAS1,ENSG00000023330,chr3,52188085,52224327,74,0.20713066456457127,0.3509758324629342,0.26469866277465737,0.28017930231102645,0.31057496494116216,0.17845364353727575,0.1945705712707594,0.25383168131842887,0.23771475358494526
TLR9,ENSG00000239732,chr3,52211079,52235645,95,0.31523312957962674,0.3490944703127643,0.38903265300061207,0.37119193529124206,0.44195030414798664,0.15767791682667065,0.15500635774331162,0.27171284616500735,0.2743844052483664
RP11-330H6.5,ENSG00000173366,chr3,52211080,52241190,113,0.3606264462219587,0.36571637057618367,0.3891915535038961,0.36862170856075865,0.4401270072612758,0.20477679330817825,0.1675319124915754,0.2504822662528373,0.28772714706944025
TWF2,ENSG00000247596,chr3,52218611,52256788,130,0.4125695447691349,0.3863129025729779,0.39704254361144264,0.3217846774673079,0.37250986206210096,0.2571794350459919,0.20526661305717994,0.2310906589970384,0.2830034809858504
PPM1M,ENSG00000164088,chr3,52235758,52260599,73,0.23544154257076014,0.20957452102513063,0.28723771138280874,0.1604146150711036,0.21882633058970832,0.08251668946824253,0.08153660501687998,0.15266720805466227,0.15364729250602477
WDR82,ENSG00000164091,chr3,52244433,52298020,185,0.26531750909120905,0.15694701684774956,0.11984326993988068,0.2847020730701083,0.14231988433989387,0.17569352273679423,0.17612876985687181,0.0,0.0
GLYCTK,ENSG00000168237,chr3,52277088,52305257,112,0.3078784485078102,0.26041276039149736,0.16387675218583211,0.20744630296856822,0.22070657057887993,0.24533873395599876,0.1423952110909783,0.05632429876029785,0.15926782162531827
DNAH1,ENSG00000114841,chr3,52306318,52410492,384,0.272381133632557,0.20450128527848385,0.15523482397980268,0.2289338340885035,0.10412710240579096,0.1890336807662918,0.1894052031284218,0.039752366125649474,0.03938084376351944
BAP1,ENSG00000163930,chr3,52391007,52420008,92,0.40272243500329463,0.47499125913677287,0.5002465198964894,0.32813396676219736,0.46509226532960707,0.23303668298669833,0.2081878376903879,0.4113036842791227,0.43615252957543316
PHF7,ENSG00000010318,chr3,52400659,52433641,96,0.6669545333192477,0.6481700910029083,0.7136908875095375,0.6278833654950338,0.6203383224920428,0.44670022803617493,0.532340314149449,0.5979072052093708,0.5122671190960966
SEMA3G,ENSG00000010319,chr3,52423034,52455103,119,0.7296379078365972,0.8438605162900685,0.7805766298226493,0.7556851105482839,0.731679851472518,0.8241232314973079,0.9753642363431559,1.032882313382425,0.8816413085365771
TNNC1,ENSG00000114854,chr3,52441099,52464041,100,0.7498342263139349,0.7674611465196128,0.789557914897611,0.7698515859691627,0.7571667732243367,0.6428923242143412,0.7561742375571695,0.8158056319583962,0.7025237186155676
NISCH,ENSG00000010322,chr3,52445117,52503068,266,0.8215036777056715,0.8293642324411553,0.813572611382929,0.7981914418111048,0.7811909624318346,0.9058489184731671,0.9245519335158096,0.8623750899888981,0.843672074946256
STAB1,ENSG00000010327,chr3,52485337,52534495,242,0.6494747117041623,0.6524594400717488,0.6546603796249423,0.6371590551681412,0.6201381873186159,0.5209846940998936,0.5513584337908618,0.5358892074705653,0.5055154677795972
NT5DC2,ENSG00000168268,chr3,52514384,52545054,172,0.25617738814916396,0.4975776215484223,0.4170965415817001,0.3622704595555274,0.3895904638752651,0.22226655920432237,0.32226497432571044,0.46604756251954665,0.36604914739815864
SMIM4,ENSG00000168273,chr3,52524012,52589237,291,0.22474096810123104,0.45001690403166206,0.428183292590245,0.3019120282948176,0.34945973506002415,0.14674451302479208,0.26366290076643084,0.4511232228061678,0.3342048350645291
PBRM1,ENSG00000163939,chr3,52535351,52695917,672,0.23220679847861858,0.408829625224483,0.38306828932895726,0.28543594139991485,0.31322116068133976,0.15344446552387975,0.24299534521982308,0.3722065554054097,0.2826556757094664
GNL3,ENSG00000163938,chr3,52671155,52704497,135,0.2474402924677783,0.472102245177346,0.3704208524000923,0.3203106043234454,0.38046785568389435,0.2302119488210749,0.27309066234067275,0.40864071137585684,0.36576199785625907
GLT8D1,ENSG00000016864,chr3,52684485,52716032,121,0.2379082339075865,0.40513412816691496,0.39213008633785973,0.2605945333795375,0.34485846132653764,0.14665662462104143,0.1992120932067995,0.3727626997182243,0.3202072311324663
SPCS1,ENSG00000114902,chr3,52694954,52721148,92,0.20049112516385212,0.4390527944107652,0.3402688127874276,0.263695253351641,0.32522612046901,0.19298165641444298,0.24543101802878112,0.3851468291574771,0.332697467543139
NEK4,ENSG00000114904,chr3,52698443,52780946,348,0.2641862330874117,0.41667492698664677,0.3606567361681793,0.25188277873353887,0.3029703921245289,0.19923755399779902,0.234139435819164,0.33977310738368677,0.3048712255623218
ITIH1,ENSG00000055957,chr3,52767594,52802068,189,0.25310667084298294,0.36413429042439777,0.36271415642604016,0.2865439314159739,0.28131666736504124,0.14703189969987945,0.23003392815387105,0.3057359867031456,0.22273395824915398
ITIH3,ENSG00000162267,chr3,52784767,52819009,230,0.20344865252521818,0.3000682278296625,0.26519828115429,0.22336533896069646,0.2468831410014123,0.13804075795068485,0.163011387964539,0.2187316590664829,0.19376102905262876
ITIH4,ENSG00000055955,chr3,52802961,52840688,290,0.32796362447302907,0.5190538512970228,0.4690679897645517,0.4551229153090692,0.5089948997856215,0.24816073742599865,0.313947125347661,0.4838392346764926,0.41805284675483023
RP5-966M1.6,ENSG00000243696,chr3,52803281,52845729,333,0.3491097320926627,0.5557175215032267,0.5227182672578918,0.5132595480812688,0.5729117798975497,0.2505302942549975,0.34027713714371743,0.5607644117619289,0.471017568873209
MUSTN1,ENSG00000272573,chr3,52823113,52845019,181,0.41253099331122894,0.6101177388540002,0.5152076934670542,0.6081563824365848,0.5480674855775001,0.374903777573605,0.5422902594189087,0.5670067023615938,0.3996202205162901
STIMATE-MUSTN1,ENSG00000248592,chr3,52823120,52907562,554,0.46490117202459064,0.5638802936014214,0.5215922066487126,0.5867240589544541,0.5505456521285503,0.3589252776431544,0.45687864805418604,0.4709132397134961,0.37295986930246433
STIMATE,ENSG00000213533,chr3,52826218,52907548,530,0.45777020463075047,0.54300940065138,0.5342682701071516,0.5713639009774426,0.5974370344704453,0.31550617589938196,0.36016783722217793,0.4675862827532521,0.42292462143045606
SFMBT1,ENSG00000163935,chr3,52893571,53056750,850,0.44355504411667024,0.4035339864155686,0.42392275060497664,0.45699411911950805,0.405987534000217,0.2757032630647006,0.3032565854517725,0.24102975239089397,0.21347643000382205
RP11-894J14.5,ENSG00000272305,chr3,52959118,53109453,855,0.4178156803912861,0.46740084329414755,0.4256437987344475,0.4122232185414132,0.40358194747321285,0.30822442727711014,0.3222903940477987,0.32176176168008647,0.30769579490939797
RFT1,ENSG00000163933,chr3,53078482,53140453,385,0.4842302626750862,0.6110652637829613,0.5691345338762668,0.4567303715506459,0.542594089624158,0.3822396000412476,0.3861545879191084,0.5621041226189245,0.5581891347410637
PRKCD,ENSG00000163932,chr3,53146008,53202717,334,0.5704659284282843,0.5051878190130618,0.4708501059231873,0.6574556569657309,0.5028502679773715,0.45607384969784154,0.5380335775646748,0.24750317106789294,0.16554344320105951
TKT,ENSG00000163931,chr3,53214711,53266052,390,0.3616615346521804,0.3826548694969748,0.3258445862782669,0.3595667635091531,0.25495443760503256,0.2684595293028239,0.3168137687358591,0.2138675134377798,0.16551327400474458
DCP1A,ENSG00000272886,chr3,53273428,53357586,440,0.2949572938088407,0.47877922842042253,0.3527502398368618,0.4459949002295979,0.40191087641986106,0.2830277260491849,0.36407373400797727,0.36855385510037486,0.28750784714158234
CACNA1D,ENSG00000157388,chr3,53318962,53823733,2866,0.43081662710897345,0.4827258596541514,0.4455773342742033,0.424362242760469,0.40078502937381866,0.31645348442391413,0.3496620699785662,0.34272880846414244,0.3095202229094903
CHDH,ENSG00000016391,chr3,53802334,53856419,360,0.4423492156219034,0.5560568558492434,0.5524828450459767,0.43436517862083684,0.5531285391181799,0.2960203592597988,0.2881905470540929,0.5160384192042025,0.5238682314099083
IL17RB,ENSG00000056736,chr3,53836567,53875794,278,0.4331618805107347,0.5691354817714008,0.4526472849954498,0.46408973118023533,0.5038871856982735,0.4034906167718082,0.3823990960324993,0.4384709643797314,0.45956248511904035
ACTR8,ENSG00000113812,chr3,53857065,53892152,227,0.34424495438225605,0.4695444104019561,0.44141767472326926,0.26359204933088054,0.4339797546819431,0.23681686871479102,0.18543231968604335,0.39720216995308455,0.4485867189818322
SELENOK,ENSG00000113811,chr3,53874416,53901962,170,0.3796780695351213,0.4757539239616638,0.4074481582127889,0.3361086525669419,0.40624807007687813,0.29999693701894814,0.2670685985854288,0.3457971571145867,0.378725495548106
CACNA2D3,ENSG00000157445,chr3,54112546,55084557,6672,0.3856449097925734,0.3996639501500219,0.38195808047045393,0.3966041473560926,0.37010825013259824,0.25812444989278405,0.2766201115476514,0.2521412475778997,0.23364558592303236
LRTM1,ENSG00000144771,chr3,54908230,54977088,583,0.4217063483288319,0.3932131944536897,0.29767996210879305,0.3872302045532861,0.3271725373201408,0.34694259155019025,0.29653868729153543,0.15263518451449765,0.2030390887731525
WNT5A,ENSG00000114251,chr3,55455714,55500539,221,0.3610795853791084,0.3691987096866586,0.2574433679208952,0.3108523168347043,0.32456219317823964,0.30554180922166607,0.2203349347170618,0.15522256915474916,0.2404294436593534
ERC2,ENSG00000187672,chr3,55498310,56478467,6380,0.4235012093709751,0.46428392362046195,0.4591466076369679,0.40988395328036975,0.4458928225241852,0.2801629864576411,0.2805949443864782,0.3439879800458014,0.3435560221169643
CCDC66,ENSG00000180376,chr3,56547160,56631837,426,0.33070524796806944,0.5050584559326416,0.43276510068658597,0.44235229877833976,0.4698972140740009,0.2689322847617692,0.3263295682303538,0.4343833314183959,0.37698604794981133
TASOR,ENSG00000163946,chr3,56610131,56693265,522,0.3762227700325257,0.5002270153075097,0.40459531639753277,0.3926931228435488,0.4416650090513999,0.3235246638849884,0.30476310586910943,0.37007665039308496,0.38883820840896405
ARHGEF3,ENSG00000163947,chr3,56717417,57089329,2354,0.43913029547769267,0.4538906063846282,0.3929607150221994,0.44840973179691246,0.43243326224317524,0.3420204273838623,0.31674440389971553,0.26291554131476547,0.2881915647989122
SPATA12,ENSG00000186451,chr3,57050663,57085432,183,0.5109896198625333,0.5989475166915513,0.5089715865770517,0.5238652260033029,0.4716635397509331,0.45889062862272606,0.5088476712228931,0.45477235054857107,0.40481530794840404
IL17RD,ENSG00000144730,chr3,57079981,57180306,517,0.43552312283348016,0.4349735488619886,0.38674965861074817,0.4130792203926111,0.35832617889281043,0.32687827572625155,0.33003649394304624,0.24400445703181584,0.24084623881502126
HESX1,ENSG00000163666,chr3,57187837,57237606,232,0.47522818032454933,0.8641639842238064,0.7318408006050995,0.476816531257248,0.6999509540738592,0.6624620899672886,0.7201603158144135,1.3338447971514336,1.2761465713043085
APPL1,ENSG00000157500,chr3,57217725,57288105,311,0.37515942094598453,0.8299646703304844,0.7465107516288294,0.41130729107499203,0.7458236530275064,0.4347869538235758,0.4659365082807634,1.3369620881148279,1.3058125336576398
ASB14,ENSG00000239388,chr3,57258341,57302685,190,0.35253033581884646,0.8455280518531342,0.7096914137474694,0.43323540579505637,0.7339779914019302,0.5328076352472785,0.5556888846113696,1.3349351292745038,1.312053879910413
DNAH12,ENSG00000174844,chr3,57283698,57554344,1277,0.41618033269343074,0.6474858595787765,0.559406021487898,0.4063795766221874,0.5518914757706121,0.3805980821455203,0.38072994515285347,0.6620664607187275,0.6619345977113943
PDE12,ENSG00000174840,chr3,57546273,57576848,143,0.522447500721415,0.7067617446676174,0.6067457952615428,0.5395076357084198,0.6549482228750846,0.5162759882086387,0.46908402622335044,0.7104938540593877,0.7576858160446757
ARF4,ENSG00000168374,chr3,57561362,57608220,262,0.49720691377603476,0.7437523123640818,0.6434516486732945,0.4785504886378407,0.6583664198908192,0.5089509524300652,0.46936853822441593,0.8526598200000006,0.8922422342056495
DENND6A,ENSG00000174839,chr3,57615453,57703077,406,0.4776195351857997,0.7283235461261605,0.627984554216366,0.4819870178148231,0.6159312186071769,0.48184131033656347,0.5019823896041632,0.8213021181922898,0.8011610389246901
SLMAP,ENSG00000163681,chr3,57745449,57940003,745,0.2853472426860139,0.3611948014280994,0.2773274754794098,0.24938981254002887,0.2988257859399386,0.2296575668862273,0.1900128219855856,0.21849815776076995,0.2581429026614117
FLNB,ENSG00000136068,chr3,57998397,58182251,1172,0.4200599022505838,0.5021781424297025,0.4842741166027354,0.3528382325001331,0.4223258951565023,0.29008177690582615,0.29196328429332274,0.407431204769483,0.4055496973819865
DNASE1L3,ENSG00000163687,chr3,58182256,58224697,301,0.48489595502093036,0.7306215716000555,0.6275940974101308,0.3577391821865426,0.5921118337900149,0.4936267885166872,0.42881832295261807,0.8180113024496551,0.8828197680137243
ABHD6,ENSG00000163686,chr3,58227531,58305693,482,0.42520672950477206,0.7118868566692433,0.6246001184341776,0.37853095827887245,0.6006017816273699,0.40919168964723707,0.40113743995211965,0.8352103275604129,0.8432645772555303
RPP14,ENSG00000163684,chr3,58296244,58334695,256,0.30524558226678916,0.6443665722539544,0.5744785836484683,0.19558738591341185,0.6250331772017076,0.271805813791316,0.13528999317874402,0.7620489621838706,0.8985647827964425
HTD2,ENSG00000255154,chr3,58296261,58330193,229,0.30584228093081334,0.6507160186448723,0.5723318752172603,0.19531187720413642,0.6207551351255056,0.2837591386565006,0.14979864408459004,0.7681108488397475,0.902071343411658
PXK,ENSG00000168297,chr3,58322879,58436127,754,0.3652986534123145,0.6626172555419727,0.6526525843766552,0.30657421118874356,0.62371243257819,0.24185408089234162,0.23762334326309825,0.8446831719709184,0.8489139096001617
PDHB,ENSG00000168291,chr3,58417629,58443857,177,0.40793245075884826,0.6955047217147415,0.6264628884219301,0.3680952507622549,0.5194104335488774,0.3642481639369031,0.4576873212455186,0.8248515344678617,0.7314123771592462
KCTD6,ENSG00000168301,chr3,58482095,58512360,123,0.4882260302070343,0.6151581928339207,0.6077409949619781,0.39525050509427884,0.5780830273414453,0.3444811030189846,0.29745857637836576,0.6104418165917075,0.6574643432323264
ACOX2,ENSG00000168306,chr3,58495135,58547283,235,0.5252352571480066,0.6212738268105477,0.6021408415567183,0.5446570094985685,0.6420254872978004,0.3971102497345279,0.3651763316299794,0.5738315834736416,0.6057655015781902
FAM107A,ENSG00000168309,chr3,58554116,58637610,590,0.43300505771502473,0.5114230147736359,0.467549258994598,0.3788347860515524,0.45403627340926783,0.326699114685015,0.29360683597115583,0.3895591100901239,0.4226513888039831
FAM3D,ENSG00000198643,chr3,58623945,58676834,438,0.4821696667695712,0.5014619331435469,0.5091799456054391,0.5313487359154415,0.44115494743679134,0.3212526278706722,0.4360443295601295,0.374822701823752,0.26003100013429464
CFAP20DC,ENSG00000163689,chr3,58707364,59060084,1647,0.22289023189943988,0.2582914649435315,0.23694903809858242,0.24534625036702892,0.30540929384019816,0.14027106567107034,0.10793132433584357,0.15852785721064605,0.19086759854587282
FHIT,ENSG00000189283,chr3,59737276,61261459,0,,,,,,,,,
PTPRG,ENSG00000144724,chr3,61551568,62307609,0,,,,,,,,,
C3orf14,ENSG00000114405,chr3,62309014,62346213,126,0.30408041668985286,0.27460413480600393,0.2735273239902775,0.32899422555094754,0.35032422970935184,0.18200225580138857,0.14436671650857177,0.13903549638403956,0.17667103567685635
FEZF2,ENSG00000153266,chr3,62359680,62384324,81,0.26975341942673964,0.37933551340745597,0.24787847340727112,0.3320704933601894,0.45557277793662504,0.2532401394908514,0.1362581283113652,0.2237244828002853,0.3407064939797715
CADPS,ENSG00000163618,chr3,62388345,62885416,3412,0.45664226344086956,0.5143515141061175,0.4832176714231529,0.4819603609244165,0.5057206107858552,0.33606201837275085,0.33765967835597316,0.3862081784558427,0.38461051847262034
SYNPR,ENSG00000163630,chr3,63218314,63626924,3334,0.3410175553552587,0.4256262249008038,0.3580030022769005,0.3570807132558823,0.3927304112687107,0.26418082546407895,0.2487142768086031,0.2902940929906701,0.3057606416461459
SNTN,ENSG00000188817,chr3,63642674,63689020,309,0.31321485474307414,0.581781305137358,0.5301126261595362,0.2402200536537709,0.5149000133076779,0.2461111629086915,0.21153848528465674,0.625639626915367,0.6602123045394018
C3orf49,ENSG00000163632,chr3,63809298,63858636,224,0.4537033961857317,0.41198218220136024,0.38556268407856364,0.37902727098577194,0.32626799856881766,0.3242714430122967,0.3062716353376158,0.20672658615168238,0.22472639382636317
THOC7,ENSG00000163634,chr3,63823869,63873868,228,0.5423546512238834,0.3854262244692466,0.45224460520349924,0.42992958984336854,0.4554316865810481,0.33328029514971796,0.22052990744970435,0.15354600421210146,0.2662963919121151
ATXN7,ENSG00000163635,chr3,63853154,64013462,907,0.4736292350109817,0.4065120881672606,0.49810316333060994,0.4176045699090347,0.4378829103887763,0.23706359291516255,0.24314947763196693,0.28467483981904734,0.2785889551022431
PSMD6,ENSG00000163636,chr3,64000549,64034010,255,0.2489203160421715,0.3936007920512005,0.3768729674984063,0.2838341911966736,0.36489993852878905,0.15672770168283584,0.190043798857353,0.34348904912502753,0.3101729519505104
PRICKLE2,ENSG00000163637,chr3,64082235,64455476,2680,0.40175408243980676,0.5674575892065118,0.4860611651375255,0.4269601586577459,0.5125585279179901,0.3430886275181354,0.33814493915325744,0.4949862702614766,0.4999299586263546
ADAMTS9,ENSG00000163638,chr3,64505653,64698000,1450,0.4427503725692517,0.46465781923973054,0.4620111726680639,0.4695375815088562,0.46569054445482827,0.2948368177777557,0.316037604169956,0.3300123285529078,0.30881154216070744
MAGI1,ENSG00000151276,chr3,65343524,66048834,5517,0.4120554606066644,0.4710674294953882,0.42850198997969696,0.39337583626769496,0.41768881466410934,0.3042613498611037,0.2979949397969514,0.33263297135202763,0.3388993814161798
SLC25A26,ENSG00000144741,chr3,66123609,66398116,1486,0.2785883580788254,0.6020044002743361,0.5789820008274419,0.2924889517795486,0.5572884985313467,0.1913900047885677,0.2262397020736976,0.7299243249359179,0.695074627650788
LRIG1,ENSG00000144749,chr3,66368796,66511263,1084,0.565437208596269,0.6200199423923116,0.5419765399311028,0.5651574614422461,0.5599004722132451,0.5101082324258603,0.4898267116180062,0.45752827519273503,0.47780979600058915
KBTBD8,ENSG00000163376,chr3,66988306,67021210,202,0.41926758353862276,0.4231654055252644,0.3065310937575565,0.2731626151145736,0.33198003473262716,0.36380801356134385,0.2329075033112235,0.18639170469736938,0.3172922149474897
SUCLG2,ENSG00000172340,chr3,67350459,67664612,2447,0.3669038658241077,0.5898440276774554,0.561119584768975,0.39432626116779623,0.5852223036892263,0.2624112316406867,0.2563095100853155,0.6288065396856632,0.6349082612410345
TAFA1,ENSG00000183662,chr3,67994246,68555621,0,,,,,,,,,
TAFA4,ENSG00000163377,chr3,68721765,68963297,1813,0.41839814455944924,0.3307385954782945,0.3658580044982111,0.316635108410871,0.2457263737403326,0.24403366827842835,0.2501533962451875,0.15754688769878533,0.1514271597320261
EOGT,ENSG00000163378,chr3,68965216,69023684,429,0.3834129100332847,0.7156630326497133,0.5915305944431603,0.3805760200363941,0.570519264694022,0.4229063392621276,0.4456910722196787,0.8346889001447497,0.8119041671871985
TMF1,ENSG00000144747,chr3,69009826,69062339,263,0.40662700393857426,0.7664332020552614,0.6249002489539444,0.47700741447739475,0.5871880161646175,0.49782798196235584,0.6088560637136002,0.9564591882533109,0.8454311065020662
UBA3,ENSG00000144744,chr3,69044729,69090408,235,0.41934000400952137,0.6569455649649596,0.6429092561626928,0.4544767911326347,0.6143098465102991,0.2918453474317473,0.3615775636112379,0.7780207942503299,0.7082885780708392
ARL6IP5,ENSG00000144746,chr3,69074936,69116092,279,0.29635457856366026,0.7861666067302405,0.7248821953751228,0.3015473606336868,0.694161491267817,0.3017414615733034,0.3583739718223864,1.2408166417262354,1.1841841314771524
LMOD3,ENSG00000163380,chr3,69096064,69133032,291,0.28931700785439046,0.7650884675003413,0.654444142921755,0.3109395952839489,0.7191811975419786,0.3637370625792191,0.2754634930494426,1.084809230584914,1.1730828001146905
FRMD4B,ENSG00000114541,chr3,69158781,69552583,3121,0.4604757074848817,0.6729186013954283,0.6164811657786262,0.4874105544503508,0.61804638880717,0.38812356657471386,0.4116850772719461,0.7294226470907118,0.7058611363934797
MITF,ENSG00000187098,chr3,69729463,69978336,1485,0.2496208265796478,0.609631390818293,0.4497380775756463,0.40406028439452796,0.450062003921295,0.31523978930364643,0.4301649291588832,0.6254240451815061,0.5104989053262694
MDFIC2,ENSG00000242120,chr3,70184478,70322638,859,0.4954817613909589,0.5557851710456622,0.4711007679009696,0.5430395704958497,0.5093455935908521,0.42932045988350037,0.44129510415723705,0.38212652468733693,0.3701518804136003
FOXP1,ENSG00000114861,chr3,70944707,71593989,3436,0.4197540009087103,0.6760008957026398,0.6030054923238349,0.4555691051525771,0.6079835503203759,0.3737424118731164,0.3992886553242624,0.7532721158348328,0.7277258723836868
RP11-79P21.2,ENSG00000285708,chr3,70949225,71764229,4522,0.39637640649773553,0.6129597235501548,0.5597120316183206,0.4268376388827662,0.5568260461977801,0.3168523450903534,0.3460099268750427,0.6323741727634624,0.6032165909787732
EIF4E3,ENSG00000163412,chr3,71665413,71764773,614,0.33730580913553393,0.4644359730571001,0.41110413065432483,0.28978724599927574,0.4368134838448262,0.2531852869998254,0.19624055792833467,0.3712495444558135,0.4281942735273041
GPR27,ENSG00000170837,chr3,71743854,71766496,114,0.48528103911206316,0.5741278043237018,0.5372837231825871,0.4709581167450159,0.5437729950914536,0.3735545081887406,0.352769444090622,0.48006147968560864,0.5008465437837273
PROK2,ENSG00000163421,chr3,71761654,71795206,177,0.3221401577884205,0.5944654598386874,0.5589496069622435,0.4307780908964777,0.6259952747580991,0.2363839122708149,0.241273652507478,0.6661653175939688,0.6612755773573057
RYBP,ENSG00000163602,chr3,72361824,72456623,523,0.617978994395054,0.6178300099270121,0.652033965127962,0.601721953045587,0.6660613297182145,0.43425952382355093,0.3928483757825215,0.5276302453441643,0.5690413933851937
SHQ1,ENSG00000144736,chr3,72739276,72871914,749,0.27913006226933396,0.22215410499918434,0.14900156565784983,0.2598127701884867,0.1332786665064363,0.2085892060496295,0.20452059791728452,0.042637646779355415,0.04670625491170033
GXYLT2,ENSG00000172986,chr3,72878045,73008138,927,0.32193060318952416,0.29447552522806764,0.22092200052684674,0.30995039401889685,0.24938071531299252,0.2438376737889033,0.21647445395293857,0.10497614311735959,0.1323393629533244
PPP4R2,ENSG00000163605,chr3,72986802,73079198,637,0.2980268023353411,0.3868584408340878,0.30209708480975844,0.23808571110240728,0.31598878500852745,0.24167211049218096,0.19064984364468926,0.24748733072110896,0.2985095975686006
EBLN2,ENSG00000255423,chr3,73051658,73073337,142,0.3403950751236786,0.4717190792985237,0.30738587086016045,0.28781723657315567,0.31236311439081427,0.34347953238368,0.3015267186814417,0.2946475575958035,0.3366003712980419
PDZRN3,ENSG00000121440,chr3,73372430,73634941,1707,0.5056949364305752,0.5393035427786519,0.5281558918720194,0.4668097038458775,0.5114434595078862,0.36425584226092617,0.3437963580211812,0.41076005479946975,0.43121953903921467
CNTN3,ENSG00000113805,chr3,74252567,74531140,1878,0.46216720891370355,0.4807103790912559,0.3686021150466299,0.49405978721410926,0.40239199683657034,0.4078410133780232,0.41090501758709225,0.2474525016496218,0.24438849744055274
FRG2C,ENSG00000172969,chr3,75654327,75677220,0,,,,,,,,,
ZNF717,ENSG00000227124,chr3,75668659,75795583,0,,,,,,,,,
ROBO2,ENSG00000185008,chr3,75896694,77659964,11232,0.44782050934015205,0.4545739696860977,0.41154449510914454,0.43282626452738515,0.41500472792948045,0.33490812060650244,0.31856308970080965,0.27127996208818855,0.2876249929938815
ROBO1,ENSG00000169855,chr3,78587238,79777998,6434,0.4745400464288638,0.4772810917062992,0.48460082864963816,0.4825979002690496,0.4767338496546207,0.3146895645005227,0.3299906589802291,0.3340218551417087,0.3187207606620022
GBE1,ENSG00000114480,chr3,81479702,81771645,1266,0.37701771786448723,0.32732841095531817,0.303681766245532,0.37333364994164564,0.27200293194703096,0.25389337925201,0.27319040395744687,0.14260466980380287,0.12330764509836603
CADM2,ENSG00000175161,chr3,84948988,86084429,7017,0.3725246421785281,0.3808531674708953,0.30702545377937746,0.39702148423899924,0.3170410362060845,0.2893508470079777,0.30198301673627603,0.19006197816381074,0.17742980843551243
VGLL3,ENSG00000206538,chr3,86866387,87001149,763,0.5397486139550743,0.4298468678077008,0.39524867447062056,0.4997467663105462,0.3409346669018523,0.41744740550167464,0.4187792665092206,0.1444028957636675,0.14307103475612143
CHMP2B,ENSG00000083937,chr3,87217270,87265556,264,0.3855405226701687,0.4559062029873201,0.4070104475579722,0.47974152568648626,0.47321644798755225,0.2865337120063736,0.3105488094365849,0.3220999140034184,0.29808481657320723
POU1F1,ENSG00000064835,chr3,87249403,87286584,231,0.4196245298689894,0.42128705830871893,0.3376729234569227,0.42415798260412924,0.39735864325457854,0.3395164790654467,0.29621880719849947,0.2074322282012947,0.250729900068242
HTR1F,ENSG00000179097,chr3,87782705,88003839,1359,0.3732350126927843,0.5548398960044719,0.5042144058818012,0.34738566311626756,0.4901176172380525,0.28744659556055135,0.28125750078105316,0.5218746817025688,0.528063776482067
CGGBP1,ENSG00000163320,chr3,88041943,88159885,658,0.7474908834220071,0.7582357860063724,0.7662112415937347,0.6988752401420971,0.6929858274153295,0.6713814812953397,0.7195807989836537,0.7484108688310392,0.7002115511427253
RP11-159G9.5,ENSG00000288654,chr3,88048138,88068216,137,0.7591870559447124,0.7346681888422396,0.7820108453717427,0.7181186970899028,0.7419715780459916,0.6135994822162194,0.619178894733959,0.7131746364487118,0.7075952239309721
ZNF654,ENSG00000175105,chr3,88049254,88154660,579,0.7442896174980234,0.7478695243024438,0.7706416815222294,0.6993891431043303,0.697382689462231,0.6345242846177049,0.6922304881995599,0.7432842801402458,0.685578076558391
C3orf38,ENSG00000179021,chr3,88139958,88178729,196,0.7349680216560597,0.7487845317999228,0.8143478998541813,0.6837936979603377,0.744856190114871,0.5127341351524408,0.5834383802273546,0.8687101339018457,0.7980058888269318
CSNKA2IP,ENSG00000283434,chr3,88328415,88477594,1108,0.3721388770348189,0.27084965012815826,0.2971568270409264,0.38584976909218976,0.2929010778172789,0.21434505555609235,0.22840316367676952,0.10153027143137788,0.08747216331070076
EPHA3,ENSG00000044524,chr3,89097620,89492134,2233,0.42922265960004663,0.4108824525252525,0.3828702465342547,0.390349361742907,0.38396365949144934,0.3036048281391287,0.2697747155868908,0.22552471583869038,0.2593548283909283
PROS1,ENSG00000184500,chr3,93863050,93990003,361,0.4573268941363835,0.47509002666065864,0.40563792472814836,0.5868453747362694,0.47789929713413776,0.3677550373859864,0.43928353944407483,0.27677347306242767,0.20524497100433914
ARL13B,ENSG00000169379,chr3,93970138,94065678,441,0.32557720045976696,0.3394282963127562,0.25246613421444847,0.4138324410090766,0.3566722458315458,0.25878599878872366,0.2538491182852645,0.1558636024150458,0.16080048291850485
STX19,ENSG00000178750,chr3,94004364,94038597,172,0.3439425680590873,0.28439597469850947,0.29889048423481923,0.4648596607668215,0.35055048985523496,0.20052203561588228,0.26411218503099726,0.13410626667555692,0.07051611726044194
DHFR2,ENSG00000178700,chr3,94037835,94073389,167,0.3689249902325393,0.4425019564475143,0.2830101227185903,0.2585735375290307,0.3937871615390696,0.35596663870513046,0.19147572265836338,0.22832964627178615,0.3928205623185532
NSUN3,ENSG00000178694,chr3,94052979,94141832,418,0.4431291515135929,0.43954406648601585,0.40824766080617214,0.47593677039377724,0.3725100715444735,0.3198797588679532,0.37955996794805325,0.25912490064988936,0.19944469156978933
MTRNR2L12,ENSG00000269028,chr3,96607187,96628236,99,0.667163469320451,0.5950311044806383,0.6026667754868855,0.6536272450630486,0.6811555979346934,0.5405344152512708,0.4105663552066645,0.3634106007604506,0.4933786608050569
EPHA6,ENSG00000080224,chr3,96804580,97762460,5290,0.3996533528785188,0.4099389952014418,0.3899443602066701,0.4179878630483777,0.42329401697893165,0.2717861408297404,0.2591853116150287,0.2557432086341746,0.26834403784888644
ARL6,ENSG00000113966,chr3,97754520,97811229,261,0.3377214686968862,0.6456307060927777,0.6590854327523344,0.3580178560639968,0.6666559570410868,0.1866807034214225,0.19101516751706948,0.8507350030574424,0.8464005389617955
CRYBG3,ENSG00000080200,chr3,97812010,97954984,670,0.3981164529196329,0.7956532523485427,0.6949212857514258,0.4229830503630634,0.6648084420438715,0.454221412141692,0.5223837631712309,1.133715572535686,1.065553221506147
RIOX2,ENSG00000170854,chr3,97931817,97982457,254,0.430599347003152,0.8274396932012149,0.7137639501725241,0.4468258778073427,0.7330880865918104,0.534620498386162,0.5141271851565081,1.2223880005913816,1.2428813138210355
GABRR3,ENSG00000183185,chr3,97976672,98045304,426,0.42934501843963035,0.742734519110825,0.6340121533669569,0.397290651620647,0.6250616446425018,0.4567310315190859,0.4414866416185488,0.9009156961759621,0.9161600860764995
OR5AC2,ENSG00000196578,chr3,98077172,98098102,191,0.3388277760996857,0.19545656362711838,0.20452829848732582,0.33648300238454626,0.18502683315034948,0.20120061986857032,0.21154051963971704,0.016279702376193278,0.005939802605046535
OR5H1,ENSG00000231192,chr3,98120720,98148548,307,0.37868894402620484,0.3576957123736831,0.1300222912091529,0.44735837176500093,0.16914889880220588,0.389664428370016,0.4252169883043191,0.05302869094434781,0.017476131010044638
OR5H14,ENSG00000236032,chr3,98137478,98166614,243,0.35978016843046995,0.23617958184613602,0.10968601517739952,0.3828302405238276,0.1643361050782218,0.2995925802299926,0.2862524709595382,0.0,0.0
OR5H15,ENSG00000233412,chr3,98156695,98179774,0,,,,,,,,,
OR5H6,ENSG00000230301,chr3,98253251,98275356,0,,,,,,,,,
OR5H2,ENSG00000197938,chr3,98272504,98294070,196,0.21943097155832317,0.19966318350511542,0.1448643690367816,0.24213862021286509,0.15683590085676766,0.156979765503785,0.1646918633074876,0.06574285379613111,0.05803075599242852
OR5K4,ENSG00000196098,chr3,98343853,98364819,138,0.22649418662795173,0.27359395417075666,0.2315536110244618,0.30627105353950373,0.2962071041541241,0.15654187150560264,0.16702447120598266,0.16310425722127384,0.15262165752089385
OR5K3,ENSG00000206536,chr3,98380665,98401631,198,0.22696882690694822,0.3615841228738871,0.2795847823725037,0.30143700117398337,0.3127755799023954,0.18913686235841304,0.21620045121865586,0.25962850061236903,0.23256491175212612
OR5K1,ENSG00000232382,chr3,98453200,98482924,184,0.45883805573975067,0.417279912930275,0.39054283784586696,0.4125582406300645,0.3455054089986138,0.3294492096977738,0.3240672729502281,0.21059912332564173,0.21598106007318746
OR5K2,ENSG00000231861,chr3,98487680,98508631,126,0.3745480926212182,0.4791001860666149,0.4215829212072703,0.41025516300928727,0.4523839223345261,0.2870091546126859,0.2890410204881318,0.3651883968205478,0.3631565309451019
CLDND1,ENSG00000080822,chr3,98487911,98533066,238,0.3509178443215376,0.4753964580154784,0.42266584966357346,0.37201072121066,0.4574674195631654,0.26398718929075343,0.249418752587934,0.381125270500005,0.3956937072028245
RP11-227H4.8,ENSG00000285635,chr3,98511132,98595498,487,0.3751249532154803,0.3852683917716434,0.2571532767469638,0.3912408642139568,0.2761664563060334,0.3297537701182246,0.3298541440030438,0.1568157456964705,0.1567153718116512
GPR15,ENSG00000154165,chr3,98521977,98544681,128,0.3458703191859632,0.5302354486894684,0.3907380931070248,0.32935413593554963,0.3945586443411435,0.3422331398945309,0.3266200728666018,0.4132905245616517,0.4289035915895808
CPOX,ENSG00000080819,chr3,98569445,98603648,234,0.41750333182724075,0.26308737817117706,0.1804159353142467,0.45448688009855703,0.1808794470072216,0.32337973045490576,0.35589518265841164,0.0,0.0
ST3GAL6,ENSG00000064225,chr3,98722235,98831201,552,0.3713492454085656,0.5175813611444202,0.3874718836334511,0.34586997396273783,0.43520539002237385,0.3514809894088433,0.2910494955907325,0.3774620071464142,0.43789350096452495
DCBLD2,ENSG00000057019,chr3,98785940,98911695,702,0.5446117806621538,0.6507343998661429,0.5847014493249916,0.504007625489122,0.6223498054401451,0.47988499532390133,0.3896652088118483,0.572037618991579,0.662257405503632
COL8A1,ENSG00000144810,chr3,99628474,99809226,906,0.38827124979103395,0.5573762406841365,0.4733383215011937,0.4392895709055278,0.5159065034271617,0.33265228601113617,0.3340543156383706,0.4823828855570078,0.4809808559297733
CMSS1,ENSG00000184220,chr3,99807836,100191732,1816,0.4598962042012215,0.584882793416689,0.5083529142356158,0.4637738401279286,0.49622196102320026,0.3925970956715866,0.4083870665984263,0.4865972774524725,0.47080730652563274
FILIP1L,ENSG00000168386,chr3,99818810,100124513,1457,0.49521806875559476,0.5871340458951078,0.5302016298235924,0.4815561280585442,0.5408721965870975,0.4064046956861852,0.38156457208698513,0.47822760934995084,0.5030677329491509
TBC1D23,ENSG00000036054,chr3,100250991,100335251,350,0.35035572978828833,0.3440638605852467,0.30182108266714325,0.31634727122101997,0.3121674284046023,0.24687115261047002,0.21389360703786822,0.17482069061936603,0.20779823619196783
NIT2,ENSG00000114021,chr3,100324738,100371635,239,0.34552887477768157,0.4313331362988875,0.40221942053345544,0.3133748761194676,0.4243087029889357,0.23692839434646057,0.19412179768480803,0.32753209876726425,0.37033869542891673
TOMM70,ENSG00000154174,chr3,100353430,100411089,270,0.46463620359739766,0.5364949307110275,0.5250840103456598,0.4359256242360822,0.5171661471601395,0.3245646862421517,0.3067122234140253,0.44437327081659683,0.4622257336447233
LNP1,ENSG00000206535,chr3,100391531,100466319,338,0.4699590646717715,0.59255484115825,0.5442846012997253,0.5044545565928031,0.50691950570734,0.3733815919324814,0.4464311541201657,0.5244673429548234,0.4514177807671391
TMEM45A,ENSG00000181458,chr3,100482618,100587444,617,0.291654212925565,0.2634504044452878,0.18313261835016129,0.3280165415581637,0.17098698146219385,0.2241615448315804,0.2578904199702358,0.08161716099747546,0.04788828585882007
ADGRG7,ENSG00000144820,chr3,100599600,100705479,693,0.6211498286726226,0.759551336004751,0.7568870935781721,0.5357500235669075,0.7445835108949291,0.49081691892332546,0.41386051073547636,0.934431748619035,1.0113881568068843
TFG,ENSG00000114354,chr3,100699294,100758964,426,0.45433793077326606,0.7290407712681047,0.6704842196405575,0.33459949714797366,0.7271744651751156,0.40070564911529905,0.207115160962974,0.9050812677892763,1.0986717559416015
ABI3BP,ENSG00000154175,chr3,100739155,101003515,1746,0.3887915448232298,0.5663715795382734,0.45825159130998294,0.39539410017555165,0.5336292862057933,0.35746545861607476,0.28798564308116137,0.47810182704331783,0.5475816425782312
IMPG2,ENSG00000081148,chr3,101212545,101330575,634,0.5417611111537506,0.6058344422481756,0.4873834671342693,0.56833956710668,0.5908843595028382,0.5215608437347405,0.4386714360483023,0.40942341686798595,0.49231282455442427
SENP7,ENSG00000138468,chr3,101314204,101523241,966,0.2747747271045317,0.36239233441707475,0.26688499520799935,0.2931470472495026,0.2696660114493405,0.23042619340351536,0.24135571022733962,0.21960593561697392,0.20867641879314966
TRMT10C,ENSG00000174173,chr3,101551867,101576446,120,0.4548814841984156,0.5732147109072926,0.49437584613426233,0.4535867168331987,0.47644861734571503,0.3881323056133863,0.4043668937109175,0.46334192245292755,0.4471073343553963
PCNP,ENSG00000081154,chr3,101564179,101604465,140,0.5090090124411997,0.5539788971860672,0.5394347872549093,0.49872888981300434,0.572385797864972,0.3717088492928647,0.3242316558667175,0.4356801630622553,0.4831573564884025
ZBTB11,ENSG00000066422,chr3,101638888,101687132,177,0.30390523406595266,0.46167776092503116,0.45605083546474146,0.3414158173583079,0.3790386630530748,0.18633396333115082,0.28023720418540443,0.43296397740416726,0.33906073654991364
RPL24,ENSG00000114391,chr3,101671090,101696718,35,0.3497471435842945,0.5963860393821484,0.48473408739887514,0.29190453213405443,0.6260966292226062,0.33730910315476265,0.13435743588654542,0.5699872977136125,0.7729389649818297
CEP97,ENSG00000182504,chr3,101714592,101780562,243,0.4159381486738069,0.5825048070580979,0.5080757069393251,0.47447263566830555,0.5089745961169996,0.35090009520154025,0.40278792614496706,0.5225821534675839,0.47069432252415727
NXPE3,ENSG00000144815,chr3,101769201,101838231,259,0.34090437146627967,0.5066430534211596,0.4060529572520091,0.4173176738772035,0.4584388791685164,0.30122193177870227,0.31666806396369246,0.40530040557202274,0.3898542733870324
NFKBIZ,ENSG00000144802,chr3,101817990,101871022,206,0.4000754807466063,0.5633691895916334,0.4959541084152003,0.5268725161748365,0.4850026093788315,0.32726537049745025,0.4567321141422594,0.501401897897729,0.3719351542529199
ZPLD1,ENSG00000170044,chr3,102089243,102489841,2385,0.2505579267397063,0.42949353574443994,0.3846522500495272,0.26375004193630985,0.39089878632053315,0.18204465329085195,0.1858227756483282,0.3791861255934711,0.3754080032359949
ALCAM,ENSG00000170017,chr3,105356908,105586900,1105,0.42342044815275726,0.5008677303294096,0.47035563167135513,0.3969631039836856,0.4668756853370103,0.304988302896629,0.2858301996662689,0.38989584597855603,0.4090539492089162
CBLB,ENSG00000114423,chr3,105645460,105879552,1239,0.5803363356156236,0.5232548556220218,0.5386799543425965,0.5804927167208964,0.5214333585659814,0.4177058361698803,0.43624390228326027,0.32306738322265405,0.30452931710927406
CCDC54,ENSG00000138483,chr3,107367438,107388635,139,0.5681623786086029,0.5194200254102127,0.5549915211577342,0.4972450778190586,0.5192925867285084,0.38140265922743916,0.34395880077782415,0.3513589648406541,0.3888028232902692
BBX,ENSG00000114439,chr3,107512935,107821339,1419,0.45860032323964794,0.7273570741385441,0.7285437011016626,0.39976841027387644,0.6549842065414843,0.30461784419393234,0.37293346715469744,0.9949744596120556,0.9266588366512907
CD47,ENSG00000196776,chr3,108033090,108101862,307,0.3337462430420951,0.5212005367130313,0.4041056827574865,0.3493440725520987,0.43002710552002776,0.31243307155375527,0.30204062959280853,0.4240403546997269,0.4344327966606737
IFT57,ENSG00000114446,chr3,108150811,108232435,587,0.2863405692290188,0.32449693246342226,0.27524729491749433,0.4137556747104281,0.354778152055363,0.203861109929225,0.24407757419027498,0.18843647052813933,0.1482200062670893
HHLA2,ENSG00000114455,chr3,108286489,108388285,601,0.41358484642592713,0.45074851639938357,0.3632759361010615,0.48220312618770605,0.4306482711624344,0.3407536278356711,0.3470571162441646,0.2584452387463569,0.25214175033786346
MYH15,ENSG00000144821,chr3,108370367,108539322,942,0.4823268644444361,0.5155328384154242,0.42466055551853105,0.5385436239439334,0.4850664055088817,0.4151609010470694,0.4171780272285795,0.30954472684848755,0.3075276006669774
CIP2A,ENSG00000163507,chr3,108539863,108599644,315,0.3652301223087419,0.5432946779407601,0.493831884314435,0.3217019453988649,0.47214343995091607,0.27866161411772056,0.2664773429463828,0.5050552914476468,0.5172395626189847
DZIP3,ENSG00000198919,chr3,108579704,108704840,577,0.44769125049571645,0.5244254092142903,0.4148076138369059,0.4293821572640357,0.42678222849639763,0.40053249043545397,0.37388876613129113,0.3426990507550051,0.369342775059168
RETNLB,ENSG00000163515,chr3,108733423,108767410,200,0.4199511304803418,0.4847566115583706,0.46214459516548717,0.38386314816135664,0.4626995190125235,0.29379664652445187,0.2631021415176512,0.3693192445178588,0.4000137495246595
TRAT1,ENSG00000163519,chr3,108812769,108865005,313,0.5698554657563276,0.6206638700226396,0.6087041938165902,0.5411578244877534,0.5657137926624645,0.4373375568089831,0.4571650271978389,0.531995023658367,0.5121675532695112
GUCA1C,ENSG00000138472,chr3,108897791,108963879,497,0.38367970960354447,0.48787563842384324,0.42810318201803393,0.36294863514690995,0.3378661407333622,0.2971897981749686,0.35390262083819635,0.3719979915581292,0.3152851688949015
MORC1,ENSG00000114487,chr3,108948247,109128134,1131,0.35854333051692455,0.43514179189462343,0.39717999651967995,0.37591115370199624,0.3905504439366293,0.2545287763803326,0.2737219904973276,0.31665176205639745,0.2974585479394025
C3orf85,ENSG00000241224,chr3,109108251,109161401,334,0.45239715100366135,0.3264387903532763,0.28917181774046846,0.5480568106776735,0.299820455702975,0.32802842619382483,0.4164783568780614,0.06714797814734191,0.0
DPPA2,ENSG00000163530,chr3,109283787,109326517,308,0.5313325117966167,0.5520533276984723,0.43912207162463857,0.5475056209337527,0.44797978916918946,0.4913454187178256,0.5009452035072961,0.3117356699757918,0.3021358851863214
DPPA4,ENSG00000121570,chr3,109316140,109347572,248,0.2967307446656631,0.33645205322154675,0.32579687388498124,0.3582628462150061,0.3037499872970905,0.18397288823805777,0.2458420859064208,0.22618127616377232,0.1643120784954093
NECTIN3,ENSG00000177707,chr3,111060070,111285563,1332,0.4993496290466172,0.5236967781056874,0.5597535115546792,0.4901103080667287,0.5292099731818648,0.3065636913746375,0.3309591932307432,0.43513691540132404,0.4107414135452183
CD96,ENSG00000153283,chr3,111282718,111675750,2661,0.5763490368641048,0.6274952638492906,0.6398813430236834,0.5521839795794165,0.6258124490413254,0.41251459526722467,0.40394009612589266,0.5749909314775778,0.5835654306189099
ZBED2,ENSG00000177494,chr3,111582899,111605346,120,0.5438174861161896,0.8037465485491374,0.7893106449139481,0.4821779325742403,0.7334052522293472,0.42792007707774005,0.4822231790783721,1.200428258385764,1.146125156385132
PLCXD2,ENSG00000240891,chr3,111664675,111856447,1206,0.5795215744615095,0.6391518914180204,0.5999155185658017,0.5514465702220134,0.5950675107965716,0.484790359011553,0.4584953582921033,0.5345078020290717,0.5608028027485213
PHLDB2,ENSG00000144824,chr3,111722496,111986517,1737,0.4977772598503066,0.5223295547137409,0.5199993483624467,0.47045634931896285,0.47236259195153224,0.346788981996612,0.3676139753523687,0.3920452472784001,0.3712202539226434
ABHD10,ENSG00000144827,chr3,111969009,112003368,280,0.26701916936869735,0.2946630573416525,0.24631610243220095,0.29385273697484215,0.23233733738559276,0.18846657699765684,0.21630312458197504,0.16061308049701883,0.13277653291270058
TAGLN3,ENSG00000144834,chr3,111988738,112023887,309,0.3226498648799082,0.34174256569847855,0.2773163048853373,0.3459470386092582,0.3218579832971594,0.24147124904209322,0.22716379395053027,0.1766879375878709,0.19099539267943383
TMPRSS7,ENSG00000176040,chr3,112024842,112091269,545,0.34957529376032737,0.3558252540676394,0.32064567833415475,0.3993526957497966,0.3856949487048973,0.2416512607279867,0.2311344809749747,0.19813398434162208,0.208650764094634
C3orf52,ENSG00000114529,chr3,112076334,112141004,420,0.3852646733261585,0.389493562128372,0.42370776140538596,0.45290814474869434,0.4376947492668106,0.2144447594525734,0.26044728981250326,0.279021680790133,0.2330191504302031
GCSAM,ENSG00000174500,chr3,112110838,112143270,173,0.29717237034856014,0.46220008847600097,0.401838836752633,0.3457732276068855,0.4332765038966065,0.22950862592256466,0.23834309255911912,0.3907600737395128,0.38192560710295825
SLC9C1,ENSG00000172139,chr3,112130897,112304227,1189,0.477717979675071,0.5889281432105318,0.4593984277493721,0.41020383509815167,0.4385177929216297,0.46173103855006536,0.4198951686108223,0.4272562071798906,0.4690920771191337
CD200,ENSG00000091972,chr3,112322346,112372812,317,0.37764754572209375,0.4283627888227099,0.36179198030900916,0.369031344888852,0.3114594935585936,0.2922042179425297,0.3232843489868386,0.26704651707256155,0.23596638602825265
BTLA,ENSG00000186265,chr3,112453965,112509472,306,0.486383381508611,0.5681154340830356,0.578956453749907,0.5435891003913086,0.5744750730259846,0.32042804492439836,0.38476348232288266,0.5191688900457325,0.4548334526472483
ATG3,ENSG00000144848,chr3,112522509,112572046,249,0.5739078417651144,0.8032391362303387,0.8244874891296032,0.6102531100408723,0.81193341690933,0.36941042385876743,0.4485323571379123,1.2563557532401148,1.17723381996097
SLC35A5,ENSG00000138459,chr3,112551708,112595579,257,0.654951187902261,0.8669299390214766,0.8965834119155636,0.6646462066061685,0.9081061810771094,0.40597949968694014,0.36116360466351716,1.6109000154956936,1.6557159105191164
CCDC80,ENSG00000091986,chr3,112586796,112659530,436,0.5605589172286964,0.6657903985180595,0.6633744832567379,0.6142893215582049,0.7138928359313885,0.41472718333771474,0.3986329114788666,0.6812597501473449,0.6973540220061929
CD200R1L,ENSG00000206531,chr3,112805708,112856856,322,0.3476643048279883,0.43610792241605234,0.4499008502938514,0.35467049395590877,0.41024321185047186,0.20121581622288315,0.24142078879929585,0.371676581372798,0.3314716087963854
CD200R1,ENSG00000163606,chr3,112911204,112985103,417,0.4093706898436225,0.34497652146384067,0.2806613978096988,0.4699167597144795,0.30347714535308484,0.3101138924087036,0.34807537689218604,0.11297030648722861,0.07500882200374609
GTPBP8,ENSG00000163607,chr3,112980983,113025060,231,0.4572018484594399,0.5271357949500012,0.5672989504743221,0.4925918312358261,0.636771544871269,0.26112828742123,0.2073316338044744,0.4878187372055852,0.5416153908223407
NEPRO,ENSG00000163608,chr3,112992443,113029861,156,0.37932436214273374,0.5173815076776996,0.5200600014850338,0.507493707798463,0.5912824885334588,0.23569063911013294,0.27102290411897434,0.4928381693001902,0.45750590429134874
BOC,ENSG00000144857,chr3,113201002,113297459,706,0.39667129750992935,0.6600740797154222,0.6127313797011147,0.37109873550028616,0.5995492167318146,0.3178419840214003,0.3138220825823879,0.7611855826061031,0.7652054840451156
CFAP44,ENSG00000206530,chr3,113276929,113451610,1044,0.32816050982341427,0.5775683308256677,0.6183042475504216,0.313363220608162,0.613158915621903,0.14816597432421136,0.1439680510165361,0.7135616007052598,0.7177595240129351
RP11-553D4.3,ENSG00000285943,chr3,113351900,113525151,1052,0.26514673824383417,0.4167823339989037,0.4536363429518341,0.2621324268739198,0.4271703002776251,0.12140438221331273,0.1430094516675226,0.4177904250360752,0.3961853555818654
SPICE1,ENSG00000163611,chr3,113432717,113525187,582,0.2546225699735748,0.43795858002418336,0.443432486631016,0.25371829102828414,0.40357129983418644,0.14203875219166195,0.17601813998383647,0.4341409785879864,0.4001615907958118
SIDT1,ENSG00000072858,chr3,113522554,113639575,849,0.2293958498055681,0.4322271689286543,0.5082924526607447,0.23298424575616217,0.4978974214464478,0.058371595746750826,0.07116549144156997,0.5076622898106127,0.49486839411579353
USF3,ENSG00000176542,chr3,113638384,113706646,229,0.12217015409177774,0.19456974811405195,0.2968531903463631,0.23791464793996442,0.31920084084029904,0.0,0.05179372607091706,0.2191328721743993,0.16458494388073988
NAA50,ENSG00000121579,chr3,113706457,113756300,36,0.09431925737167819,0.0,0.07897124622376293,0.3330510532656098,0.3200558306941285,0.008402196600207766,0.00964859473946042,0.0,0.0
ATP6V1A,ENSG00000114573,chr3,113737032,113822056,348,0.2673378924999413,0.51410514211995,0.38385262300271134,0.3132443265372551,0.3790699868472898,0.2742822900070999,0.31050140468979825,0.44748073029040525,0.4112616156077069
GRAMD1C,ENSG00000178075,chr3,113818181,113957174,791,0.43126976964024466,0.48428790761602397,0.5147278421266082,0.4022680505878823,0.4813789653798115,0.2517551518332992,0.26011882703092876,0.4104514778813291,0.4020878026836994
ZDHHC23,ENSG00000184307,chr3,113937900,113975401,172,0.35135594784950663,0.41044739880785186,0.420132732871463,0.30962997229264194,0.445048735161376,0.20815322499146965,0.15502195285223497,0.32023810781225664,0.3733693799514913
CCDC191,ENSG00000163617,chr3,113954136,114066594,429,0.296946978097704,0.3506555165902347,0.32399193133630705,0.29662784222206096,0.30123674191470806,0.19628230629084117,0.21260888670111913,0.23550960572874113,0.21918302531846323
QTRT2,ENSG00000151576,chr3,113995832,114098422,394,0.3208103087210486,0.48156308869442305,0.4714489744305862,0.3054720834188112,0.37748811402724536,0.2030879127653516,0.2737336490778428,0.4538490213493355,0.3832032850368443
DRD3,ENSG00000151577,chr3,114117579,114209407,550,0.48900999244184906,0.52543465897625,0.5665658514570853,0.550006394579156,0.5318003179186839,0.29037290414221867,0.39250873447790974,0.4549830612677649,0.3528472309320738
ZNF80,ENSG00000174255,chr3,114224630,114247578,163,0.46335728594341385,0.3389716134952635,0.27783983769728915,0.3835091839976696,0.22660871270302949,0.3554364524395808,0.3203500917106459,0.05852204282516987,0.09360840355410488
TIGIT,ENSG00000181847,chr3,114266912,114320288,300,0.450302195341682,0.5283592271576598,0.35164246947082767,0.4553715682629807,0.3696038388431118,0.4583056326691962,0.4488911605592774,0.29323202497817075,0.3026464970880895
ZBTB20,ENSG00000181722,chr3,114304499,115157288,3898,0.46961135165129275,0.5587334082098867,0.5594944712310915,0.5057488835658618,0.5850996185470371,0.31620951474225717,0.32155039774073524,0.501896554908678,0.49655567191019995
GAP43,ENSG00000172020,chr3,115613509,115731490,699,0.41383837692611214,0.5406530379209733,0.46313841613169887,0.4208108994435959,0.47127846345311913,0.345047095044594,0.3433911601675663,0.4329023507631588,0.43455828564018667
LSAMP,ENSG00000185565,chr3,115792362,117149389,9125,0.4643158168793103,0.4878296141304157,0.46495447315581895,0.4770572325739497,0.4705468976162193,0.3339524938799485,0.3407352445634631,0.33514543052176243,0.32836267983824785
IGSF11,ENSG00000144847,chr3,118890556,119156068,1374,0.3986269546906925,0.5546849843064332,0.46737311998991654,0.3871394546431452,0.48060401683058873,0.3437895193498053,0.3217512488548628,0.46518382747443726,0.48722209796937965
TEX55,ENSG00000163424,chr3,119136150,119170042,213,0.371426561568425,0.38703626531725954,0.3939993058500079,0.34530320073627163,0.3179597837944695,0.22643888418150138,0.2651829513777857,0.2630106210015155,0.22426655380523128
RP11-484M3.5,ENSG00000251012,chr3,119137374,119197807,379,0.4371687522772891,0.42750364369892674,0.3914877828990892,0.44517591849236565,0.3840960281723334,0.31789302607513636,0.33109443818032613,0.2398558820384698,0.22665446993328003
UPK1B,ENSG00000114638,chr3,119163516,119215143,316,0.4534997981982193,0.41255917280016846,0.4302804707811747,0.4910200877846997,0.4483736728665129,0.2867946332728921,0.30622104028446906,0.24518512442335777,0.22575871741178083
B4GALT4,ENSG00000121578,chr3,119201731,119250946,342,0.4587066218309443,0.5567200366627272,0.492694817675988,0.47352377361043707,0.5527606255989551,0.3743525383122691,0.32522076255560983,0.43920119881860786,0.4883329745752671
ARHGAP31,ENSG00000031081,chr3,119284382,119430714,1010,0.3185338410554119,0.41937270144317124,0.3852834906012731,0.2960135380000628,0.3996768344323196,0.2202804093402792,0.19217760214852286,0.323365801318484,0.3514686085102404
TMEM39A,ENSG00000176142,chr3,119418948,119478830,392,0.37538266253598684,0.39583882102297957,0.32751747322096725,0.3204862238388665,0.35349860972468394,0.288875595258913,0.227056052677904,0.21503866877627303,0.27685821135728206
POGLUT1,ENSG00000163389,chr3,119458962,119504708,298,0.46147221043056447,0.41860891476873896,0.37205779601229966,0.4280448253200739,0.33256265490408765,0.34797032692078644,0.3483582613667987,0.19436129733369584,0.19397336288768346
TIMMDC1,ENSG00000113845,chr3,119488546,119535090,310,0.41756165575938836,0.35015271865719144,0.33184812934705427,0.3894668186304775,0.27741528706380536,0.2841550307054565,0.2997599575594376,0.14686286477278582,0.13125793791880483
CD80,ENSG00000121594,chr3,119514292,119569614,379,0.32957474116942426,0.33143248161271777,0.2983433882149064,0.3626397496036073,0.26686173557064957,0.22407489467287414,0.27130858100712607,0.17854299303601756,0.1313093067017657
ADPRH,ENSG00000144843,chr3,119569267,119599945,246,0.20497998570225937,0.19167313984201167,0.10426459431802335,0.17314726723779833,0.09457794641437516,0.16603327300647422,0.1517816798932079,0.04675549935622686,0.06100709246949319
PLA1A,ENSG00000144837,chr3,119587874,119639811,392,0.27002057454538136,0.2858390997932526,0.25121154182392563,0.21796934067625276,0.2469622626776074,0.18104357672401156,0.1494341940187678,0.1556034148765169,0.18721279758176074
POPDC2,ENSG00000121577,chr3,119626456,119675324,343,0.3927823610153349,0.6371460664661603,0.5550370143436377,0.4119528838749333,0.4911915770104074,0.3514293688457302,0.43450970250486315,0.662325543810032,0.5792452101508989
COX17,ENSG00000138495,chr3,119644512,119687454,285,0.44276569413207423,0.666187568365827,0.5554887520137982,0.4645393571258494,0.5789878550877056,0.43558278839722925,0.4283551577853517,0.6615932372880164,0.6688208678998939
CFAP91,ENSG00000183833,chr3,119693021,119777102,477,0.47096625875142856,0.5577586848259353,0.6425325228138874,0.4853225685539332,0.6196241013295745,0.2119458780710627,0.25675959852007274,0.6039537058840952,0.5591399854350851
RP11-169N13.5,ENSG00000285585,chr3,119693075,119817570,743,0.5386172065599117,0.6279277749590916,0.6511736091054634,0.5574866926119723,0.6348061551528231,0.3545067941912803,0.3983125237055106,0.6341604960272545,0.5903547665130242
NR1I2,ENSG00000144852,chr3,119770483,119828487,373,0.5214512048610738,0.6100829102042566,0.6246593048940289,0.5390778338994234,0.5731158528837417,0.3494485528093358,0.43255230963125896,0.592372599916948,0.5092688430950247
GSK3B,ENSG00000082701,chr3,119811320,120104994,1528,0.3793887799444657,0.3426229963855167,0.3073563324158434,0.39007637169504106,0.2837890383920304,0.26465422335826827,0.29006930601328984,0.15484337581714838,0.12942829316212676
GPR156,ENSG00000175697,chr3,120154644,120295222,767,0.527318211291353,0.5000736715172271,0.4653409921140235,0.5566829018410481,0.5111747176130796,0.40825064937729605,0.39550717658234147,0.28504388507315476,0.2977873578681094
LRRC58,ENSG00000163428,chr3,120314508,120359354,263,0.3013406469876218,0.45910212768081876,0.3973558488919829,0.3324078247697887,0.42986173346379175,0.23334419835187148,0.2283631135079548,0.3811805953542957,0.38616168019821245
FSTL1,ENSG00000163430,chr3,120382292,120460993,548,0.42848814436926186,0.4350248606957245,0.39041895657282166,0.4980822893823597,0.3747878263190089,0.3177301147017435,0.3953142184345559,0.25324343533340604,0.17565933160059383
NDUFB4,ENSG00000065518,chr3,120586327,120612507,163,0.4629676874284322,0.5445240914518023,0.4711711298264516,0.3311935122619762,0.4201740889940222,0.3855095357029828,0.3218227982821636,0.40090291810257633,0.4645896555233955
HGD,ENSG00000113924,chr3,120618171,120692269,474,0.3749560183941707,0.39980966746385366,0.3933386429458997,0.38541400806097725,0.3834519190264693,0.24032858730114626,0.2568479528433997,0.27017986587517673,0.2536605003329233
RABL3,ENSG00000144840,chr3,120674937,120752993,285,0.4171413932266269,0.3393869189823546,0.39755957040040074,0.39041384117728145,0.2729463493003002,0.2238155614907124,0.29540346896236813,0.1907714030086473,0.11918349553699162
GTF2E1,ENSG00000153767,chr3,120732636,120793069,222,0.27793965176788504,0.2525790778253352,0.24783119587760247,0.34059714903615956,0.27629407313741317,0.165989410581958,0.19208862317583678,0.12513735846435592,0.09903814587047713
STXBP5L,ENSG00000145087,chr3,120898071,121434761,2159,0.37603973153803033,0.3223996010143236,0.28596563172962786,0.37359788246068143,0.30980328856597333,0.2620209744152762,0.24309083382855406,0.12717657240735297,0.14610671299407513
POLQ,ENSG00000051341,chr3,121421430,121555988,524,0.6056915944242728,0.44744573667273524,0.4818325606258924,0.46508246794768476,0.40991916579496623,0.4331843549678868,0.34567529078526044,0.1600192812780427,0.24752834546066915
ARGFX,ENSG00000186103,chr3,121557948,121600622,201,0.3540192735364558,0.2593628933882097,0.2644068936396316,0.3164580913908216,0.282199276962378,0.21507598070264797,0.174574262660233,0.08516852760954094,0.12567024565195592
FBXO40,ENSG00000163833,chr3,121583378,121640295,284,0.39150712622571365,0.4497455668297834,0.36865831480627065,0.4460638740942709,0.356222939956496,0.3171182573253527,0.37383880208653086,0.2802562446352957,0.22353569987411748
HCLS1,ENSG00000180353,chr3,121621398,121670927,222,0.3181349255359589,0.40566963167951503,0.3370345023907817,0.3480616006034082,0.322273520914294,0.24610554369454518,0.27955682197997933,0.27421439490957333,0.24076311662413918
GOLGB1,ENSG00000173230,chr3,121653198,121759767,364,0.28182512947845817,0.3363409962168449,0.26732510501636686,0.31950956081012566,0.2990682530352601,0.21498789757897263,0.21979177733953775,0.19499891235727992,0.1901950325967148
IQCB1,ENSG00000173226,chr3,121759760,121845079,443,0.37778679488118955,0.3153399392249222,0.3048167561669165,0.3845202265245496,0.2860691290310843,0.24486274451803103,0.2636084403389766,0.13397008102266594,0.11522438520172035
EAF2,ENSG00000145088,chr3,121825182,121896526,341,0.4043223094708299,0.34735257290647426,0.33423926271427223,0.44725170504854755,0.3371093306118424,0.2689744214925226,0.30421278101846966,0.15774380190800769,0.12250544238206063
SLC15A2,ENSG00000163406,chr3,121884400,121954188,370,0.32276040407480544,0.40403445856454057,0.26241300073288915,0.3405629802870411,0.27176399648621197,0.3014656788628791,0.30840556785515155,0.21610675110879707,0.2091668621165246
ILDR1,ENSG00000145103,chr3,121977322,122032247,267,0.3589039367219467,0.46624845635033724,0.38791689521444994,0.3535052538764542,0.3924160180636866,0.29075678869302013,0.2828750791786412,0.3370680336667875,0.34494974318116634
CD86,ENSG00000114013,chr3,122045361,122131139,404,0.475029743303179,0.557328904228129,0.5401925555356354,0.5242053262094646,0.556989028956946,0.34119721396743924,0.3717681818203994,0.4737310181877383,0.4431600503347782
CASR,ENSG00000036828,chr3,122173667,122301629,841,0.47381240844555217,0.466760790289873,0.3750410367092917,0.5203238815223674,0.4581357838776124,0.40040667927140283,0.37534474005128166,0.22837847751922724,0.2534404167393485
CSTA,ENSG00000121552,chr3,122315247,122351969,181,0.45608631107492753,0.44260321580186096,0.530438385561466,0.4905480011324377,0.568214929396295,0.2187434416175465,0.20953511996829333,0.3657344916226944,0.37494281327194745
MIX23,ENSG00000160124,chr3,122349590,122393231,237,0.23122210799222417,0.31072114229427933,0.2631442858318541,0.2528556441872301,0.24980401325833115,0.1648496797116492,0.1880927179315541,0.2072596819721291,0.18401664375222412
FAM162A,ENSG00000114023,chr3,122374175,122422334,262,0.30525280724046777,0.32826208554836606,0.22129003817581203,0.2750983155343876,0.25121360215056976,0.2559888251072461,0.21515237224810116,0.14189819768123865,0.1827346505403835
WDR5B,ENSG00000196981,chr3,122401845,122426062,121,0.21473333216558835,0.22397431390470837,0.20764685350412818,0.2304041389767082,0.20717567028591136,0.13127673941959023,0.14165290417111198,0.12229291928887964,0.11191675453735792
KPNA1,ENSG00000114030,chr3,122411901,122524945,550,0.2876551193204644,0.31849098444723467,0.33641872107336196,0.3080991753954885,0.27202716088224466,0.15626748418572778,0.21713345462200795,0.22717831476307573,0.1663123443267956
PARP9,ENSG00000138496,chr3,122517923,122574577,287,0.29752041264110535,0.35085502653288975,0.2799398634606047,0.30215387364671814,0.2344707851852916,0.22840879765371647,0.26233397853783624,0.20369040980545286,0.16976522892133314
DTX3L,ENSG00000163840,chr3,122554337,122585203,202,0.22079668866645508,0.31712368043363837,0.22178605212383415,0.26378295610161817,0.208431197316244,0.19008550078283512,0.22696667526976466,0.1913560191164619,0.1544748446295323
PARP15,ENSG00000173200,chr3,122567627,122649047,613,0.24362852007189933,0.277428346587489,0.23562516941879125,0.30290845514485976,0.2595167726851007,0.16773217168855842,0.19266246460652847,0.15720651795106283,0.1322762250330928
PARP14,ENSG00000173193,chr3,122670838,122740840,406,0.44470926034832187,0.3759694542305497,0.3317808850056612,0.41575219203154,0.3170462163775839,0.3283401323281784,0.3138289646338277,0.14321582792901294,0.15772699562336379
HSPBAP1,ENSG00000169087,chr3,122729998,122803831,337,0.40174683818900586,0.45899952298758373,0.4294351775159821,0.4143467133275748,0.42548514838693,0.28347394668579023,0.29756655661546194,0.330861171726749,0.3167685617970772
SLC49A4,ENSG00000138463,chr3,122785068,122891139,465,0.37688137192143123,0.45503154570776216,0.4134334686891054,0.4266439786451197,0.46600525757390604,0.2732882763223092,0.2679532544036915,0.3337390917044045,0.33907411362302214
SEMA5B,ENSG00000082684,chr3,122899081,123038605,596,0.3266897052257585,0.332573911973564,0.3000477959264565,0.34444366277580823,0.3426565906221182,0.22156619587222465,0.2035244772497556,0.18276042851488736,0.2008021471373564
PDIA5,ENSG00000065485,chr3,123057024,123235227,1190,0.3858614162048298,0.5927647066390521,0.4850881359618421,0.4510761754941669,0.493798658893904,0.36106964163021066,0.4086694814903382,0.5372945025882546,0.48969466272812706
SEC22A,ENSG00000121542,chr3,123191926,123284136,562,0.21141164586621375,0.2197252343421668,0.12141939833837487,0.22014215340066295,0.1462284542468891,0.17808617835518073,0.1693305748567106,0.07002297930970765,0.07877858280817776
ADCY5,ENSG00000173175,chr3,123272295,123459090,1205,0.5053093440879655,0.6607098111051898,0.5428373332237711,0.5182160757931504,0.5388710776840582,0.5010030830191909,0.5185407308373146,0.5798964403149371,0.5623587924968135
HACD2,ENSG00000206527,chr3,123480819,123595053,688,0.4174206619013135,0.3995009451322077,0.40079953904477,0.5137172659964149,0.4538617406599197,0.2690625169748028,0.3130380826709227,0.24093169439729012,0.1969561287011703
MYLK,ENSG00000065534,chr3,123600048,123894332,1720,0.5245295714255894,0.5277302890347902,0.5295883523579353,0.6218612410858592,0.5168919351507019,0.3697542512994382,0.4975920925502246,0.38045078375980085,0.2526129425090146
CCDC14,ENSG00000175455,chr3,123887304,123971408,444,0.44280165185214393,0.2980329301075269,0.2935983428134741,0.4390515868393308,0.33518733686702895,0.29556575147335784,0.2618725651456031,0.0583030335683099,0.09199621989606466
ROPN1,ENSG00000065371,chr3,123958520,124002178,183,0.46749442305444955,0.5203965489881653,0.4946061026246047,0.4759781636588966,0.46526222122248606,0.341270204812342,0.377519399003122,0.3935254554379983,0.35727626124721823
KALRN,ENSG00000160145,chr3,124023368,124736325,4183,0.3738757086481021,0.5099981664349119,0.46144096256532086,0.39200731288440843,0.46826889823704826,0.2813471848719177,0.28966060276865596,0.43199896104298074,0.4236855431462425
UMPS,ENSG00000114491,chr3,124720432,124759273,184,0.27735062916242115,0.3254010489173737,0.2521456931730187,0.31429499191117427,0.2865195550744142,0.21396047650019204,0.21667221131966918,0.179676434728675,0.17696469990919786
ITGB5,ENSG00000082781,chr3,124751947,124911418,922,0.3048669438157538,0.38351500653430043,0.3639426012394751,0.30260920643972206,0.34709243780491,0.19745341603823857,0.2089054628521906,0.28626788213502946,0.27481583532107734
MUC13,ENSG00000173702,chr3,124895441,124963819,383,0.5048557821690071,0.4700311518880333,0.4733999541893895,0.5226255164106395,0.4698644678348616,0.3482646580388733,0.36988424122919766,0.28667239327177313,0.2650528100814489
HEG1,ENSG00000173706,chr3,124955709,125065997,712,0.4295857180774931,0.4784532871491687,0.413337625206182,0.43791282473855614,0.4227468251606571,0.3395215054793728,0.3387902143518428,0.3114349290545979,0.3121662201821279
SLC12A8,ENSG00000221955,chr3,125072635,125222864,1115,0.4673717622016331,0.5047028361879046,0.4892875179425237,0.44009017183851207,0.47156183459473244,0.3302902246450798,0.3223737071343697,0.372307140961369,0.38022365847207923
ZNF148,ENSG00000163848,chr3,125215668,125385325,710,0.43637251195079185,0.6281312870497674,0.56386406420396,0.6088800723140272,0.590305082504459,0.3663874160903919,0.5178064774215558,0.6228269930870807,0.4714079317559166
SNX4,ENSG00000114520,chr3,125436649,125530202,533,0.19772251733698654,0.22352025772537412,0.16791130535603355,0.21522241277147405,0.1651263413028881,0.1447346140674311,0.15743239121375247,0.10825011117287417,0.09555233402655276
OSBPL11,ENSG00000144909,chr3,125518857,125605497,527,0.29046326391081506,0.2533441197837785,0.21396868641333833,0.29593264004047404,0.21831331262162074,0.19726761357778436,0.19836542021902165,0.09488325546671239,0.09378544882547507
ROPN1B,ENSG00000114547,chr3,125959159,125993454,191,0.38265274791093074,0.3677767265569192,0.14258100910395732,0.4002133783979822,0.1547358967663038,0.39350384845730096,0.4007939159441606,0.06500881800256608,0.05771875051570646
SLC41A3,ENSG00000114544,chr3,125996356,126111561,813,0.38648630187484834,0.42513929701826586,0.3850129215788536,0.39419990405926314,0.3906895501341372,0.27801309418589043,0.27970268698499245,0.27561442903148503,0.273924836232383
ALDH1L1,ENSG00000144908,chr3,126093561,126207994,1072,0.3488072256834619,0.43856213942629424,0.3363982064606319,0.37771750977235535,0.32342342188470746,0.29806536006934126,0.33045283124157865,0.2791888176905484,0.24680134651831095
KLF15,ENSG00000163884,chr3,126332634,126367408,192,0.37870624111458523,0.42648646323247663,0.28978195415898844,0.451199268118134,0.37500451008864283,0.3448708784249407,0.34299138123278916,0.21110286048687046,0.21298235767902196
CFAP100,ENSG00000163885,chr3,126384908,126446556,453,0.4266249767707049,0.408965843493297,0.3149751248155638,0.4205613061154463,0.3534711076535146,0.3518983135643148,0.3177197453256505,0.17398315525417218,0.20816172349283651
ZXDC,ENSG00000070476,chr3,126427600,126485891,374,0.36903934705986485,0.3596564802565327,0.3576530711161915,0.4241529351417725,0.35411971952861276,0.23181776925259046,0.28026127312284754,0.21393272777520245,0.16548922390494536
UROC1,ENSG00000159650,chr3,126471165,126527773,370,0.37618028292920014,0.4019316780049959,0.4036055639315602,0.40465627329644366,0.37428762982992075,0.23454556135383953,0.2819010714918566,0.2795047193760286,0.23214920923801158
CHST13,ENSG00000180767,chr3,126514154,126553291,269,0.4372426506730376,0.5620295900631651,0.5273200109306243,0.4864169230566935,0.5567786822693351,0.325586996194112,0.3391306800012973,0.500016931915509,0.4864732481083236
C3orf22,ENSG00000180697,chr3,126516998,126568965,359,0.4988615349049846,0.5739922942905864,0.547066492493205,0.5528540057543019,0.5485903009366272,0.3760803680927547,0.43139402239843433,0.47721747626385697,0.42190382195817744
TXNRD3,ENSG00000197763,chr3,126561778,126665124,441,0.44064411377359547,0.3598223393737428,0.34536365582834805,0.545450825264145,0.4274065789784029,0.30165175478415973,0.3384396731792636,0.14435779163802054,0.10756987324291667
CHCHD6,ENSG00000159685,chr3,126694239,126970420,1396,0.3672809301542779,0.38698702895003456,0.3335851109223811,0.37763961446460664,0.34750303995974685,0.2706275501767571,0.2683281703213951,0.2187416331420331,0.2210410129973951
PLXNA1,ENSG00000114554,chr3,126972692,127047389,401,0.39315181834700746,0.4239580232695077,0.42714036634398594,0.4507196971703124,0.41110413967677695,0.2469684083795447,0.3106076120308126,0.3046063362938316,0.24096713264256364
C3orf56,ENSG00000214324,chr3,127183130,127208185,126,0.5312842308082243,0.5064128589119972,0.46513925645529164,0.521762600331832,0.41387443313721556,0.4190328648455172,0.45474132066509276,0.2870229931651655,0.25131453734558984
PRR20G,ENSG00000239620,chr3,127273782,127298046,120,0.4061078211034314,0.36481019027880834,0.27284700849043775,0.4242443674985853,0.2785920348092926,0.32813526178305596,0.3396764499825755,0.1256961500252053,0.11415496182568585
TPRA1,ENSG00000163870,chr3,127561231,127608267,208,0.2663846507535365,0.27380367803801425,0.23142063776921915,0.3942812845629824,0.2833997106196052,0.1832469337671554,0.24401869055851572,0.13668795102038164,0.07591619422902135
MCM2,ENSG00000073111,chr3,127588409,127632436,190,0.3349775205089887,0.2670755595840572,0.35753210400006574,0.39167388084222854,0.40457265627161176,0.13810433471817374,0.14464045960044192,0.17260833034288633,0.1660722054606181
PODXL2,ENSG00000114631,chr3,127619184,127682802,335,0.4161937212162893,0.39305590967437953,0.41117515790787956,0.5020316157536842,0.4513700244359271,0.25393907227517404,0.298103113959985,0.24537952808470892,0.201215486399898
ABTB1,ENSG00000114626,chr3,127662934,127690926,159,0.5047855459169732,0.39659501601763564,0.33118964551905855,0.5454960549287768,0.4537978381536665,0.402838163484975,0.3444746329313272,0.10232852897475198,0.16069205952839977
MGLL,ENSG00000074416,chr3,127679061,128062190,2632,0.34213804909201595,0.43474569043196487,0.3666671150498095,0.35617477592598107,0.3947842552594085,0.2662403019615473,0.2543186214655388,0.3042392417110612,0.3161609222070697
KBTBD12,ENSG00000187715,chr3,127905231,127997671,600,0.32554684617816554,0.507639402992362,0.407701186554478,0.31451970965089293,0.4365961162871657,0.2893264750676804,0.2562104563011562,0.4192174351301647,0.452333453896689
SEC61A1,ENSG00000058262,chr3,128041640,128081683,196,0.33824551162454736,0.4465928371764422,0.32768741480103136,0.3682534424418357,0.3834963193097255,0.3037450168295861,0.28361863205071214,0.287916251581072,0.308042636359946
RUVBL1,ENSG00000175792,chr3,128054777,128163914,485,0.3408554321964678,0.4891958304685893,0.4148069403251285,0.4036058557186285,0.42085511105002027,0.2763839582402923,0.32120995697989724,0.3953850338692997,0.35055903512969466
EEFSEC,ENSG00000132394,chr3,128143480,128418646,1494,0.46976168792850237,0.669440936725633,0.5774519738649971,0.5491105199162657,0.5905339118558245,0.43997324378365615,0.5053008798063989,0.6669966830249523,0.6016690470022095
DNAJB8,ENSG00000179407,chr3,128452438,128477248,203,0.4417455758379241,0.3738034520796833,0.32377713578423795,0.4807066473949831,0.37402064162156107,0.3298994348033555,0.32746971474169,0.1381915480446982,0.14062126810636372
GATA2,ENSG00000179348,chr3,128469426,128503201,191,0.5402820155044025,0.46498102001018116,0.3704902741299704,0.5323267219886132,0.38724434543509856,0.46989056766197135,0.4478246892161404,0.15556248843695553,0.17762836688278671
RPN1,ENSG00000163902,chr3,128609968,128691075,319,0.4212021528507468,0.51771456178708,0.4461880181709654,0.42198372872313833,0.47999003987208316,0.3425455578340509,0.3117325454787957,0.38667358691353315,0.4174865992687883
RAB7A,ENSG00000075785,chr3,128683668,128835942,336,0.3624675818521727,0.44972578581883155,0.3464436562257501,0.35685772613706074,0.36882847257810425,0.311081086925091,0.2892751240699084,0.2862574668373862,0.3080634296925687
ACAD9,ENSG00000177646,chr3,128869595,128934003,516,0.3235549908719292,0.25792348815970867,0.13589583289759233,0.34111514958388295,0.1843129804573747,0.2715725468844637,0.25589243346460144,0.026730378558625784,0.04241049197848809
CFAP92,ENSG00000114656,chr3,128899865,129012690,735,0.28713733066185304,0.2574786225362346,0.1582548456247423,0.31823949908317156,0.17543904792922754,0.23194606335032586,0.2439381291997818,0.06575755417242471,0.053765488322968735
EFCC1,ENSG00000114654,chr3,128991303,129050742,345,0.35318017373876687,0.27555779452961987,0.16993180097310945,0.4095121843959427,0.16535919338759156,0.2858966884241591,0.33420287559857137,0.03645660358664571,0.0
GP9,ENSG00000169704,chr3,129050778,129072406,113,0.6137345423768827,0.6001729202589172,0.5267927164536398,0.8456259802043459,0.5014960098691305,0.5598659014692396,1.044478180887243,0.35685722452107205,0.0
RAB43,ENSG00000172780,chr3,129077568,129132801,245,0.6492790948538885,0.6702821467607776,0.6705924444866217,0.8543585027404678,0.7657911052293219,0.5234114849795201,0.7922916532171538,0.5861064954388416,0.3172263272012079
ISY1-RAB43,ENSG00000261796,chr3,129077574,129171036,419,0.6634609391757793,0.6685763589900582,0.64996295428531,0.8341125414742785,0.7496233604846542,0.5718413057344158,0.7580072921027871,0.5325165340164382,0.34635054764806716
ISY1,ENSG00000240682,chr3,129117414,129171063,243,0.6476131424861967,0.6892443289059017,0.6374272550607374,0.8466220008479688,0.6921366508806345,0.5986219148885562,0.9327494273384217,0.5701263841698525,0.23599887171998724
CNBP,ENSG00000169714,chr3,129157826,129193922,177,0.6816853807736142,0.6168106854402045,0.647499998602336,0.8295460144862093,0.717231305558917,0.5306182409689801,0.7326949833664096,0.4286078770656886,0.22653113466825914
COPG1,ENSG00000181789,chr3,129239605,129287773,291,0.28224891326406754,0.29134195074869595,0.31348180176461304,0.37240176615687154,0.3593650543888535,0.14994603467557233,0.18247087460735223,0.19443613418720798,0.16191129425542805
HMCES,ENSG00000183624,chr3,129268827,129316186,266,0.2626881923271935,0.22440056665526842,0.12623720685080775,0.2532783693164008,0.18459833426329286,0.21195857085081554,0.17105372672557312,0.04216051536555218,0.08306535949079466
H1-10,ENSG00000184897,chr3,129304770,129326286,171,0.4356692508591695,0.39185394285149794,0.3177886718102548,0.3606051867448029,0.29417935978024184,0.34351958062947835,0.29808961506490317,0.15382061966284044,0.19925058522741562
EFCAB12,ENSG00000172771,chr3,129391320,129438651,301,0.18661339542450958,0.2881416116248349,0.2594233467295893,0.2096159514610137,0.21299999086983112,0.12304944954419775,0.16779278768819889,0.21682683053925567,0.1720834923952545
MBD4,ENSG00000129071,chr3,129420946,129450179,178,0.20901278603775303,0.3288424625760771,0.2547012307330215,0.16811515022267365,0.29526345268244525,0.16962737841089162,0.11644070059630868,0.22912401109063124,0.2823106889052142
IFT122,ENSG00000163913,chr3,129430035,129530507,522,0.20707533982832127,0.3237937425561807,0.24547311180734277,0.19830905682002598,0.2940237340866278,0.1708099192781702,0.1320577890953893,0.22044721563712183,0.25919934581990284
RHO,ENSG00000163914,chr3,129518638,129545344,151,0.384985475847858,0.31510539417916655,0.21008880012602976,0.4015295140155763,0.2102170258625401,0.31438248127913454,0.3279356468191267,0.06410783139403078,0.05055466585403867
H1-8,ENSG00000178804,chr3,129533174,129561467,207,0.30525482862342757,0.25677853267376866,0.22067405999981132,0.32366642747342284,0.20557913225619925,0.2058227275234904,0.22884409151681995,0.09093847938394306,0.06791711539061354
PLXND1,ENSG00000004399,chr3,129545213,129616676,543,0.4152240608489834,0.43905306611558914,0.37266541381812135,0.48172154120147687,0.4174558220417353,0.32419011732523023,0.34751066571060973,0.2539388526147142,0.23061830422933466
TMCC1,ENSG00000172765,chr3,129637791,129903711,945,0.6790292649590395,0.6913090392662892,0.7439781760654796,0.695869239594328,0.7413761826854443,0.47466368466676456,0.5066657254313325,0.7007509449537905,0.6687489041892227
TRH,ENSG00000170893,chr3,129964687,129987935,155,0.5527949728610609,0.5154233643156553,0.45304202587293824,0.5138617402158775,0.5116498943259763,0.462917245974843,0.364509597530577,0.2615624393976966,0.3599700878419627
ALG1L2,ENSG00000251287,chr3,130071830,130123227,124,0.2714289118304486,0.3095864681960938,0.37646725290875405,0.37606542043665747,0.3591134923457107,0.10739031107839045,0.1986357015651979,0.2630742283788844,0.17182883789207698
COL6A5,ENSG00000172752,chr3,130335515,130494844,1029,0.3742347448758491,0.42215327453627904,0.3733336700591795,0.48085963829385775,0.43617912137345655,0.2749427736018336,0.3155044716267735,0.2735038527332013,0.2329421547082614
COL6A6,ENSG00000206384,chr3,130550333,130688155,789,0.45818368371962104,0.4618577488530623,0.4211572536116667,0.4939512917517992,0.46693605003542205,0.34286807389260016,0.3358204092796367,0.27676427254089647,0.28381193715385983
PIK3R4,ENSG00000196455,chr3,130668933,130756829,506,0.3563303756507551,0.32362750608253105,0.23719033841540776,0.2038305532998481,0.24460251291041576,0.2804171394918451,0.16922168797070528,0.11059418870155463,0.22178964022269443
ATP2C1,ENSG00000017260,chr3,130840594,131026712,1005,0.43214731643977705,0.32410555394159013,0.32989491007875,0.47455500161044784,0.3637876234097535,0.2786454427883348,0.2915026367613458,0.11307291722672874,0.10021572325371786
ASTE1,ENSG00000034533,chr3,131003874,131037649,177,0.37396251738442904,0.29799799987499215,0.21290487768068309,0.4561364800074477,0.24228811890424012,0.29137894409522747,0.34271195102779617,0.06244008168423465,0.011107074751665835
NEK11,ENSG00000114670,chr3,131016849,131360465,1883,0.4873310458041974,0.34985934570808985,0.3227149820867483,0.49437384928717676,0.34003955531219876,0.3545142052702142,0.34847444279188744,0.07605234301311947,0.08209210549144624
NUDT16,ENSG00000198585,chr3,131371670,131398830,185,0.3392208598429304,0.3026331095208647,0.2838329356437688,0.28205789668137266,0.29099901367438075,0.22046871861077186,0.17395580472615516,0.13997490291048215,0.18648781679509885
MRPL3,ENSG00000114686,chr3,131452211,131512983,332,0.48391764555388006,0.42159840002010757,0.3510715299845775,0.4820110381956424,0.37094864704029124,0.3882714912376355,0.3708729023715952,0.15921535068680798,0.1766139395528482
CPNE4,ENSG00000196353,chr3,131523554,132295410,5723,0.38178940438987186,0.46319658462996754,0.3921696448011565,0.3877922649346861,0.4342420908491758,0.3025949919277617,0.2716089669697804,0.31952833895434096,0.3505143639123224
ACP3,ENSG00000014257,chr3,132307368,132378298,500,0.32815713261962615,0.2681065058491695,0.22415764558291676,0.3073634793811476,0.24310317598271708,0.2280225692718179,0.20042093167383035,0.08409770612907683,0.11169934372706439
DNAJC13,ENSG00000138246,chr3,132407501,132549032,706,0.354206178819972,0.6008391085422389,0.5286256270346049,0.28081226880480986,0.5292806074392888,0.30178152070385733,0.24726521477418362,0.6166091859302567,0.6711254918599305
ACAD11,ENSG00000240303,chr3,132548137,132670082,613,0.2726936751629149,0.29104281663469933,0.20554848814348095,0.26726679938470593,0.18411821337277715,0.21613217767866172,0.22572398337513216,0.12782796677078853,0.11823616107431806
NPHP3-ACAD11,ENSG00000274810,chr3,132548141,132732459,866,0.272837374219457,0.27768546962883806,0.19871934900630916,0.2894797051486397,0.17156717377103053,0.21117785597042643,0.23941642040237643,0.11411674134822031,0.08587817691627031
ACKR4,ENSG00000129048,chr3,132587269,132628967,183,0.2924677020562266,0.24690934712440082,0.16740581381246283,0.2462832962928455,0.10135765566266411,0.22316637111039628,0.22971910734760148,0.06040329837299585,0.053850562135790675
UBA5,ENSG00000081307,chr3,132644445,132689794,303,0.29453798871508646,0.2645283334277016,0.2301468948688921,0.3354069346519431,0.24271833613980798,0.1972950315597279,0.2189018020624987,0.10994823079825927,0.08834146029548848
NPHP3,ENSG00000113971,chr3,132670608,132732432,249,0.19099572320261254,0.2074895000677415,0.12705095740528616,0.23410431394479256,0.11459046873470985,0.15431125215395886,0.18877691448791015,0.07823827203863316,0.04377260970468186
TMEM108,ENSG00000144868,chr3,133028390,133407775,2673,0.38171371053802466,0.3919781250792416,0.31306651886079334,0.3879466892793165,0.33216001471942164,0.30141513991914726,0.2923868166421524,0.19612927925594356,0.20515760253293847
BFSP2,ENSG00000170819,chr3,133390055,133485222,562,0.48656293521449434,0.4432384668589867,0.421140731401028,0.43583992159752255,0.39618308643928135,0.3527750929874063,0.3267756242505852,0.23284316495548502,0.2588426336923061
CDV3,ENSG00000091527,chr3,133563685,133600261,203,0.5062676899405216,0.4433242259002077,0.5155651656138395,0.3468876518978573,0.43416409249008137,0.2833808677014656,0.22116362909273363,0.3023914340135049,0.36460867262223695
TOPBP1,ENSG00000163781,chr3,133588174,133672380,455,0.4867257255409568,0.4589607619896212,0.47585032063030147,0.3828223395842143,0.4232215806338846,0.3176152074568962,0.27328236008395,0.2966482666390048,0.34098111401195097
TF,ENSG00000091513,chr3,133736039,133806641,401,0.2910529682912473,0.42364210136082514,0.35688858031437615,0.2862215804524971,0.32384245092322855,0.22678181719023788,0.24843999584362284,0.324244642250991,0.302586463597606
SRPRB,ENSG00000144867,chr3,133774022,133835772,324,0.27336167369641673,0.4422028473304796,0.41200719374672656,0.32081140831676547,0.400820042803301,0.18602287803999257,0.22921152629385494,0.397737030334175,0.3545483820803126
RAB6B,ENSG00000154917,chr3,133814234,133905882,657,0.38308433950771675,0.5225561534130013,0.38061478322672354,0.4214856062142929,0.39841733986894057,0.3716519016547891,0.3892046232515092,0.367656823092524,0.35010410149580395
SLCO2A1,ENSG00000174640,chr3,133922700,134062184,938,0.3719604808020557,0.4868895145622776,0.401169563030576,0.38790815678989765,0.43980655173460204,0.30981973691265113,0.2893319556638202,0.3574443488641385,0.37793213011296944
RYK,ENSG00000163785,chr3,134055302,134260859,1051,0.3863907005895682,0.4533979839685682,0.39960280635111795,0.29736861476205545,0.4110284852043946,0.291133668682164,0.21378986435870367,0.3129006485006378,0.39024445282409825
AMOTL2,ENSG00000114019,chr3,134345346,134385479,240,0.5977693893971767,0.87805670779369,0.7884661352185683,0.505001583070218,0.7548304608924907,0.7307793403870613,0.7007972817161076,1.37341981990425,1.4034018785752038
ANAPC13,ENSG00000129055,chr3,134467705,134496716,159,0.45886282529211603,0.7792899586840955,0.6686974622352211,0.4844024479142918,0.6517309107993962,0.5101323170398466,0.5592771858125203,1.0007731521345897,0.9516282833619161
CEP63,ENSG00000182923,chr3,134475698,134597789,705,0.48876924003565486,0.7356728302334099,0.6523702827809477,0.49080611007652425,0.6705091974427533,0.4724422363372158,0.44764361833234834,0.8581254273525973,0.8829240453574648
KY,ENSG00000174611,chr3,134589922,134661636,442,0.45709015978279666,0.7072810409659139,0.6336947215070177,0.4926168271403015,0.5821792400219699,0.41753306420484493,0.5171641839942414,0.8110092502557531,0.7113781304663567
EPHB1,ENSG00000154928,chr3,134785259,135270467,3176,0.43170206454537574,0.4599198683095313,0.43141475071288016,0.4484416278780151,0.43849842936567046,0.3082715998401736,0.31695232711870636,0.30776615857326356,0.2990854312947308
PPP2R3A,ENSG00000073711,chr3,135955727,136157894,1043,0.3582033200548586,0.3165448371579759,0.25935877541344105,0.3260428402766065,0.25209961760980937,0.2619194996978228,0.2423487335774425,0.11867472462533485,0.13824549074571513
MSL2,ENSG00000174579,chr3,136138916,136207241,323,0.3879717805177607,0.494052522734355,0.48284799441580684,0.4066548291762489,0.4654415459210698,0.256440434601173,0.28849359818035497,0.4248819803513448,0.39282881677216286
PCCB,ENSG00000114054,chr3,136240339,136347896,526,0.4493323434437853,0.4681535428993056,0.43343903029644565,0.4699573181862071,0.44436200039021423,0.32992684133223654,0.33927995655489496,0.3014736044378073,0.29212048921514894
STAG1,ENSG00000118007,chr3,136326235,136762403,1986,0.41759441267719727,0.5526008823513371,0.4704916335288953,0.41668187413315694,0.4800210846188768,0.35454303863358816,0.3446798787729693,0.44976116347000555,0.45962432333062436
SLC35G2,ENSG00000168917,chr3,136808646,136865888,267,0.49853350437065785,0.6450264597826936,0.5006769626464185,0.5259360862061584,0.4856389433955066,0.5157142428871078,0.5586476693316231,0.5199977839965917,0.47706435755207627
NCK1,ENSG00000158092,chr3,136852207,136961606,493,0.4407521518235805,0.5691081467217441,0.427993159470759,0.4793282712305193,0.4631657223261874,0.4322281692201052,0.43623390799770273,0.40966997161217567,0.4056642328345782
IL20RB,ENSG00000174564,chr3,136936229,137021085,375,0.37438271544294977,0.6323141899684558,0.5740863682094055,0.39209714323675154,0.5160531428706655,0.30801212419916074,0.38624324490250217,0.692514358377481,0.6142832376741396
SOX14,ENSG00000168875,chr3,137754314,137776334,114,0.5531552396281384,0.6778313880068266,0.6730204223946589,0.6087787860231216,0.5718133935731763,0.41018335191938615,0.6114830814992773,0.7224968788394324,0.5211971492595413
CLDN18,ENSG00000066405,chr3,137988734,138043655,266,0.2630890115364689,0.3547488107777249,0.2935154588667131,0.3513792933346625,0.21941500841480832,0.19797490445444477,0.31165555330215994,0.24014069288955917,0.12646004404184402
DZIP1L,ENSG00000158163,chr3,138051989,138125818,448,0.3728217662547832,0.4535334363804115,0.3024994484363719,0.6280554661832214,0.4394345203638567,0.35527734794230303,0.5072417373958273,0.24900480805877304,0.09704041860524859
A4GNT,ENSG00000118017,chr3,138113712,138142390,155,0.26651720535016155,0.40684725516029885,0.3741685373340092,0.5034174123653271,0.3993205558602057,0.18179014920356143,0.3563074727245439,0.3405131841179774,0.1659958605969949
DBR1,ENSG00000138231,chr3,138150987,138184921,164,0.3183144651032874,0.3306155761290722,0.1872526504763214,0.5731598057610824,0.30631922496310837,0.288624299171906,0.4434994724038258,0.1127724600952903,0.0
ARMC8,ENSG00000114098,chr3,138177247,138308384,484,0.40363324449028426,0.43049794566324445,0.34585952098983674,0.4806024337866857,0.41852677482814177,0.3277295887684092,0.337944100933898,0.2352633000691597,0.22504878790367083
NME9,ENSG00000181322,chr3,138251436,138339886,338,0.4591123060359905,0.6584781767876066,0.6435705118057004,0.44497849679336005,0.6510267440499997,0.3286342308287049,0.30516606463083684,0.7457094671949214,0.7691776333927896
MRAS,ENSG00000158186,chr3,138337647,138415534,438,0.529788589583244,0.7966493822501838,0.7087186761269676,0.4763432095709693,0.6910633471767168,0.556965377338318,0.5325616839873051,1.0358582314303548,1.0602619247813678
ESYT3,ENSG00000158220,chr3,138424585,138491686,346,0.38236133147536383,0.46514489918676216,0.48098733299437296,0.42900592916992886,0.45718822246797436,0.22589204504874683,0.2875716040337015,0.3998673633224769,0.3381878043375221
CEP70,ENSG00000114107,chr3,138484343,138604538,622,0.40239306230154076,0.38546505361494215,0.3247926470935442,0.4306250189138931,0.34151276567143907,0.30448803606937214,0.3161476910908362,0.18240144589788526,0.17074179087642127
FAIM,ENSG00000158234,chr3,138598605,138643376,198,0.41048403594941607,0.7661710569474932,0.6382419545408594,0.41022604941715557,0.677852842860726,0.4824196244580723,0.4242172827787538,0.97074581908248,1.0289481607617985
PIK3CB,ENSG00000051382,chr3,138642697,138844928,729,0.4249439513772291,0.8171495089476603,0.7171629590637446,0.4406690575064416,0.7157544176090804,0.4947449208205871,0.5110918580837291,1.2043415280223786,1.1879945907592366
FOXL2,ENSG00000183770,chr3,138934223,138957137,143,0.19918711893497965,0.14480538503137377,0.050590650889919195,0.33669744504903576,0.13019927778520796,0.16331947821973228,0.21372955909199498,0.0,0.0
FOXL2NB,ENSG00000206262,chr3,138937216,138963990,172,0.17453462364080377,0.17102731086274167,0.11381114860904822,0.31870516249143427,0.23416735006435713,0.12927541366518797,0.15226829080025964,0.05829265507021965,0.03529977793514799
PRR23A,ENSG00000206260,chr3,138993961,139016268,92,0.7299975110581314,0.6530676329703066,0.5942276812375394,0.7182079267882377,0.7087347546822205,0.7329932297713053,0.5458451518676555,0.32563219595635406,0.5127802738600037
MRPS22,ENSG00000175110,chr3,138995805,139367223,2022,0.4951039729475892,0.5760988049497257,0.527420276049502,0.5249915434246065,0.5104721831924223,0.39605441051671747,0.44418178079639237,0.4622004709311032,0.4140731006514282
PRR23B,ENSG00000184814,chr3,139009030,139030926,76,0.6092041809144901,0.5630706959889626,0.44944913504428013,0.6305853408460048,0.539396705530891,0.5853590002814941,0.5243006309741184,0.24262487241060582,0.3036832417179816
PRR23C,ENSG00000233701,chr3,139032101,139054892,127,0.503090214362568,0.4610052448999556,0.3950881373484215,0.5761531662918511,0.49195199419414676,0.4073618564903217,0.39962661646770936,0.21068758242785385,0.21842282245046613
COPB2,ENSG00000184432,chr3,139343945,139399736,293,0.37059184629564557,0.39961051844152873,0.3343030882113614,0.4298228548321907,0.3070743145743146,0.283115619356475,0.35257618114609757,0.22706107907632572,0.15760051728670327
RBP2,ENSG00000114113,chr3,139442883,139490747,266,0.47751896407393524,0.38300421366033355,0.22521560144537814,0.40759147674655255,0.20989464844335415,0.43844459565288074,0.38543145369282894,0.044448488718393186,0.09746163067844499
RBP1,ENSG00000114115,chr3,139507433,139549829,213,0.3796860747997871,0.4066971365404646,0.342898224069383,0.41395788417943824,0.3512756789003996,0.28983175755862045,0.311833236991915,0.232218521844027,0.2102170424107324
NMNAT3,ENSG00000163864,chr3,139550179,139688017,714,0.5421414335371448,0.46939539395183943,0.498366127238237,0.49916860888798725,0.4783451681375437,0.3625241716904035,0.3372373921276949,0.27121398479621983,0.2965007643589284
CLSTN2,ENSG00000158258,chr3,139925184,140587397,4733,0.445591730875,0.5534586321235513,0.5364623567613511,0.46339738601709324,0.5311150080238091,0.3136047337091473,0.3356614715427678,0.49261850002873986,0.4705617621951193
TRIM42,ENSG00000155890,chr3,140668063,140711150,201,0.18630447299261396,0.536489885432224,0.4447687040285611,0.3324511475277109,0.47296808338835733,0.19336279895278807,0.26628780338941194,0.5755642731088397,0.5026392686722159
SLC25A36,ENSG00000114120,chr3,140931829,140990995,281,0.6244093947391278,0.6508601418357014,0.7156032745213358,0.455915651285468,0.48986593940309897,0.3870765734997723,0.49392598239963703,0.6652061238288721,0.5583567149290074
SPSB4,ENSG00000175093,chr3,141041346,141158611,770,0.5179555698253562,0.4515680649447751,0.42370284015230436,0.5142740988740231,0.3520879978685929,0.38963962071826064,0.44440125622604587,0.21105247912892333,0.15629084362113804
PXYLP1,ENSG00000155893,chr3,141218725,141377753,973,0.4342771144961791,0.4533594325434888,0.44454785687960624,0.38138902422929233,0.39444404967417523,0.2928209440367788,0.29131707482508523,0.31114284639253287,0.31264671560422636
ZBTB38,ENSG00000177311,chr3,141314212,141459792,785,0.35480678448660624,0.2659678772587099,0.15991006180952302,0.36218962035572394,0.16923947135298198,0.286580805940154,0.28675151980581975,0.02262168143237006,0.02245096756670434
RASA2,ENSG00000155903,chr3,141477026,141625344,796,0.32717575664102583,0.30756349535283667,0.250007135709867,0.31051612150604424,0.26744142386496544,0.23805914291518512,0.21406936238152682,0.12947959224944436,0.15346937278310274
RNF7,ENSG00000114125,chr3,141728248,141757560,177,0.3035535192784774,0.5348082678638234,0.4893343523652227,0.3127960104307271,0.47090855152021843,0.2275148736935318,0.2519178711987109,0.5377907575101653,0.5133877600049861
RP11-271K21.13,ENSG00000285558,chr3,141728473,141817919,550,0.3304416599404935,0.6942640193715874,0.6419003831139655,0.3913156125574452,0.6315431724580579,0.2796131319694206,0.34152850959966846,0.9054202258976283,0.8435048482673804
GRK7,ENSG00000114124,chr3,141753407,141829352,463,0.38971122318957085,0.7118669850956442,0.6273414979098234,0.4046199937383336,0.6608799685163325,0.3755316273459555,0.34074365018752484,0.8688014208167018,0.9035893979751326
ATP1B3,ENSG00000069849,chr3,141866123,141936549,401,0.38614189483565736,0.6845277472819349,0.5638971772094459,0.3692832846447329,0.589808488884556,0.4058993965770036,0.3617259413105673,0.7477851513023178,0.791958606568754
TFDP2,ENSG00000114126,chr3,141934427,142159544,999,0.5619104376460117,0.6014983847125093,0.5766615768530436,0.4436465020394565,0.47372289090647784,0.44289613575080783,0.4322338724028584,0.4771475915902263,0.4878098549381757
GK5,ENSG00000175066,chr3,142147526,142235592,448,0.3471709215047769,0.5298786354844381,0.44929833953821235,0.3814727070811234,0.42770459548219253,0.2923211298823122,0.3385391881582462,0.46244326535584357,0.4162252070799095
XRN1,ENSG00000114127,chr3,142296606,142458062,727,0.3567992008777228,0.5403322968455921,0.431637455604379,0.37762757289121995,0.45752704418835594,0.326776986101544,0.31992549857988684,0.4504744488897607,0.4573259364114179
ATR,ENSG00000175054,chr3,142439006,142588733,651,0.36593360885824544,0.5559837816133426,0.5202952101618312,0.3831233079894581,0.5055073670675522,0.2664557080018122,0.29537864459974317,0.5454384813173505,0.5165155447194195
PLS1,ENSG00000120756,chr3,142586392,142723664,707,0.3984815200731493,0.49518881722866265,0.3898631436193276,0.4449373494315289,0.3727313483294877,0.34889842191912324,0.4029323721358792,0.33467239320630787,0.28063844298955193
TRPC1,ENSG00000144935,chr3,142714033,142817888,483,0.3273882996575203,0.37771140369160383,0.3331809571806707,0.32461729794204436,0.32061766203089004,0.23285091339247996,0.24012793765078114,0.24150039925326336,0.23422337499496218
PCOLCE2,ENSG00000163710,chr3,142805921,142899206,559,0.27328580238522776,0.42019837506117347,0.38947122215832447,0.3364300978080672,0.34655851365062945,0.18543070798375114,0.2648440240796295,0.35963855192968297,0.28022523583380465
PAQR9,ENSG00000188582,chr3,142939163,142973674,237,0.42422668844191835,0.4841811970906195,0.4076244260194037,0.3928873217566478,0.3916247981908863,0.3452132773244356,0.332038563494935,0.3167864549986127,0.3299611688281132
U2SURP,ENSG00000163714,chr3,142954496,143070725,594,0.45331507024818807,0.5410226929949581,0.45048433013283595,0.4429124582640432,0.45525723561090387,0.39195958028705286,0.37817290372177814,0.3867949299329013,0.40058160649817603
CHST2,ENSG00000175040,chr3,143109770,143134014,178,0.25909633635644236,0.4171669433622264,0.29260115306435425,0.25871013943004484,0.24653890084593227,0.24678926219488775,0.27807007604417966,0.2930652236942083,0.26178440984491635
SLC9A9,ENSG00000181804,chr3,143255221,143858485,4156,0.43954945516624394,0.5054558868652396,0.4233298375055821,0.44217110778931595,0.43135149167190706,0.3663241903385221,0.36166458060951034,0.3377947340070057,0.34245434373601763
DIPK2A,ENSG00000181744,chr3,143961822,144058719,578,0.3580495784966713,0.33635151601349184,0.09981748785850315,0.3635223157640496,0.1384162318240085,0.37404455983375173,0.35641279525167485,0.03595810143573605,0.053589866017812876
PLOD2,ENSG00000152952,chr3,146059439,146173653,664,0.48913583596537114,0.5162889742081056,0.41947133328586295,0.44056782372039716,0.40676850239276907,0.42705152818973185,0.392465006489886,0.2992160765325569,0.3338025982324027
PLSCR4,ENSG00000114698,chr3,146182334,146261179,666,0.48381758354869336,0.23549537266063542,0.37586800893584293,0.478179824333065,0.3629471051942631,0.22921442387290594,0.2340284264447996,0.039312776992749154,0.03449877442085558
PLSCR2,ENSG00000163746,chr3,146381420,146505991,340,0.3103471500593295,0.37687601696190653,0.2848543822864894,0.26829623006122505,0.2535126668168603,0.2546537992201184,0.2465063363427415,0.21835597108240357,0.2265034339597804
PLSCR1,ENSG00000188313,chr3,146505179,146554856,307,0.1509149152176121,0.16307815971330644,0.1079716328002818,0.17868142121819014,0.14659019773274393,0.11368156428210319,0.10817668938877635,0.06434302935134839,0.06984790424467524
PLSCR5,ENSG00000231213,chr3,146566554,146615346,459,0.3007631169484318,0.19226295466036664,0.22191718088537507,0.25744836293794615,0.17645633616717957,0.16018105443550573,0.1585214348572907,0.0533376579283758,0.054997277506590836
ZIC4,ENSG00000174963,chr3,147376045,147416809,146,0.3625062729440091,0.512345300612327,0.4070198518746852,0.36853940790465306,0.2938598656859936,0.3228820955742066,0.41496293946931107,0.39526561123192494,0.30318476733682065
ZIC1,ENSG00000152977,chr3,147383421,147520293,587,0.275974099670544,0.5029994887583279,0.4100127738630113,0.24205444477575974,0.3895214922882908,0.24721897229965906,0.24139787828832923,0.45194525193110235,0.4577663459424323
AGTR1,ENSG00000144891,chr3,148687783,148753008,452,0.4362672075827263,0.5777856222334287,0.4706343832317719,0.44655521911508356,0.4787293460676153,0.399670531481881,0.40117475114486284,0.4625715582684996,0.46106733860551774
CPB1,ENSG00000153002,chr3,148781101,148870187,534,0.41534074832905393,0.41622852437834756,0.43152976549985766,0.39743418253899293,0.4790365347590652,0.2550827168560154,0.1963643483007389,0.2831629647462214,0.34188133330149784
CPA3,ENSG00000163751,chr3,148855295,148907203,397,0.37670816367828847,0.3137711962094693,0.23129467347655058,0.4998751987429732,0.32074073801081066,0.2931185165089783,0.34134469383906585,0.08342565713476607,0.03519947980467847
GYG1,ENSG00000163754,chr3,148981407,149041775,296,0.372380096505394,0.4555868349026327,0.378518740967381,0.3393917433299862,0.38929217146230255,0.2991089238985438,0.26475223660743696,0.30893790183349434,0.3432945891246012
HLTF,ENSG00000071794,chr3,149020126,149096554,413,0.3451945912697172,0.41390383843517276,0.34609307360148234,0.3770109322198504,0.3607663345513252,0.26644916299996946,0.28000624743451225,0.2678222416343037,0.2542651571997609
HPS3,ENSG00000163755,chr3,149119637,149183732,377,0.29860593092027765,0.32609917531006005,0.23646707723064692,0.2485472889962776,0.23630262478904634,0.2397793430071692,0.20541782357715854,0.15489298026640044,0.18925449969641106
CP,ENSG00000047457,chr3,149152409,149231829,456,0.3098180424730462,0.2856170497900793,0.32488708572495656,0.2847780336071713,0.35277364459789384,0.15713040174738077,0.11821963283717613,0.1792057138448308,0.21811648275503548
TM4SF18,ENSG00000163762,chr3,149308497,149344414,228,0.4331326951088096,0.5868252898368933,0.6146594266287476,0.425062229360537,0.5973933196393548,0.24894352584589557,0.2637915222957883,0.6349412225966027,0.6200932261467099
TM4SF1,ENSG00000169908,chr3,149359021,149387692,202,0.46611892557071183,0.7013325320610241,0.6028203550007862,0.4774094857186086,0.5302010695718326,0.45632002469191324,0.5509655327529608,0.7521044471556094,0.6574589390945618
TM4SF4,ENSG00000169903,chr3,149464696,149513394,433,0.28629976129954526,0.25759372889605836,0.21060834461448824,0.3316856533161428,0.2349324625686269,0.199329101193163,0.2165320614567412,0.09852954928377261,0.08132658902019438
WWTR1,ENSG00000018408,chr3,149507234,149746714,1548,0.39512952564936693,0.46394913900786944,0.41506511034390775,0.39213012057497904,0.4136567281691791,0.2950062153396778,0.29373539686072314,0.3285200171627286,0.3297908356416833
COMMD2,ENSG00000114744,chr3,149728471,149762495,208,0.3072560431194307,0.28532999886888516,0.28613506743189654,0.30768363820975064,0.23995472658574263,0.18298384687629188,0.21463468006617226,0.15295053283232568,0.12129969964244533
ANKUB1,ENSG00000206199,chr3,149751099,149978385,1074,0.4947198020530021,0.6872101435704027,0.6505201943593295,0.49768078613763606,0.659604916079646,0.3967781777988899,0.3865474259338557,0.7654455213320257,0.7756762731970597
RNF13,ENSG00000082996,chr3,149802769,149972139,746,0.4755357630230847,0.734196555578223,0.6540673146624413,0.5293403925453828,0.6988298658424367,0.45443256932131004,0.439269188984429,0.8705656047682151,0.8857289851050961
PFN2,ENSG00000070087,chr3,149954903,150060788,308,0.34686106572539244,0.5374994467119248,0.42679996855802516,0.35588078333944523,0.4791359141686012,0.320276203419573,0.279356416858711,0.45083132231225875,0.4917511088731209
TSC22D2,ENSG00000196428,chr3,150398334,150476431,413,0.35406831111213616,0.4715264052966252,0.41288865624840443,0.3145058331050517,0.3837119040977902,0.27114158437736974,0.26566849514864344,0.3666208532609603,0.3720939424896866
SERP1,ENSG00000120742,chr3,150531997,150613228,381,0.45077410881833696,0.32004346161210034,0.3051042780446485,0.3912254739255614,0.283144853040095,0.3104891873574923,0.2745761138998857,0.07523720963252944,0.11115028309013614
EIF2A,ENSG00000144895,chr3,150536677,150596016,278,0.38487065320761915,0.22574926834599507,0.2112543203611278,0.3667909142911192,0.19317613215232574,0.25223544291353833,0.24908211367890823,0.0036240722315484253,0.006777401466178529
SELENOT,ENSG00000198843,chr3,150592874,150640445,203,0.47975403461019606,0.40824249656137307,0.4560004794891649,0.434629610406387,0.4436740723954072,0.2846525029607832,0.2542658003250995,0.2400058476254774,0.27039255026116105
ERICH6,ENSG00000163645,chr3,150649884,150713971,366,0.39490103175853875,0.49973643001432194,0.45513284044772806,0.3923988609024238,0.46001493727494935,0.29388508598374496,0.28732150578225596,0.3987350934943115,0.4052986736958004
SIAH2,ENSG00000181788,chr3,150731124,150773477,272,0.27333918540516716,0.32148110114730666,0.25801372730159655,0.31690249160208434,0.38803606228914267,0.20435693751968745,0.13893934372535946,0.18348600870263979,0.24890360249696777
MINDY4B,ENSG00000214237,chr3,150860375,150915439,392,0.37739055542160443,0.3722361250178632,0.32711985326406867,0.3598022577548157,0.32994608602406766,0.27161948836291083,0.25558612767395583,0.19397169010633997,0.210005050795295
RP11-166N6.3,ENSG00000260234,chr3,150872996,150951743,587,0.3874942263216653,0.49223356525232526,0.44724332376934833,0.3955364201016374,0.47016507437315497,0.2875466201688111,0.27297889413442433,0.39018709108212346,0.40475481711651023
CLRN1,ENSG00000163646,chr3,150916162,150982727,451,0.3601971044260095,0.4818487051095677,0.43857333214718563,0.3644188708548724,0.46850921870646395,0.2634045081228412,0.23931705641564283,0.3940834961673802,0.41817094787457854
MED12L,ENSG00000144893,chr3,151075696,151447072,2176,0.4248035196187271,0.433767401446038,0.41676519125502215,0.4253806263892108,0.3850760917064204,0.2913142554686338,0.31827050240973553,0.27743607821899796,0.2504798312778962
GPR171,ENSG00000174946,chr3,151187831,151213216,153,0.39910607321783376,0.7250283296628699,0.6416386287469172,0.44380815650012173,0.7424811446661908,0.3871053366743821,0.26053343429761433,0.9039818669036854,1.030553769280453
P2RY14,ENSG00000174944,chr3,151202116,151288542,510,0.4285426118684225,0.3745153826991902,0.38547534050645793,0.39682859775268364,0.3380917221320029,0.2709438402902967,0.28107706489395556,0.19828470173186735,0.1881514771282085
GPR87,ENSG00000138271,chr3,151284085,151326820,236,0.4436829819500226,0.2981561775648142,0.32327756542911323,0.4566663526787408,0.2736620564855742,0.2749836311771009,0.3221680926502811,0.07906074369404842,0.03187628222086819
P2RY13,ENSG00000181631,chr3,151316311,151339549,144,0.6335311406130623,0.2724458275488305,0.34997333842594935,0.5566439294527608,0.3603129568085058,0.4455833242813326,0.3423363312102682,0.0,0.0
P2RY12,ENSG00000169313,chr3,151326842,151394753,437,0.5404661360897454,0.32993879062403253,0.3713088653383809,0.46517049891128326,0.25906245816039636,0.35690683566833237,0.3631772698353368,0.04347937782405148,0.03720894365704702
IGSF10,ENSG00000152580,chr3,151415383,151471061,365,0.5626028573830932,0.5943902505033245,0.5455273951671997,0.6393263043729422,0.5996044453456731,0.47032992530608864,0.5034215377714741,0.4320338644673641,0.39894225200197864
AADACL2,ENSG00000197953,chr3,151723915,151771339,328,0.3357126261543661,0.39437357207041085,0.34361933841414655,0.31361439392539875,0.33438784833257196,0.24475899411625296,0.23537975341539943,0.2567329444451577,0.2661121851460111
AADAC,ENSG00000114771,chr3,151804072,151838488,227,0.3907903086375886,0.35102252899256203,0.2601214847644727,0.40401220567914037,0.29687671348867095,0.3133403755787761,0.29883466858713525,0.11901690069557291,0.13352260768721375
SUCNR1,ENSG00000198829,chr3,151863642,151894619,184,0.42977342658574763,0.35631356195306224,0.36980793888548114,0.35572201723182834,0.33274045553939674,0.27026721083273064,0.23779618900962132,0.17027635806074587,0.20274737988385522
MBNL1,ENSG00000152601,chr3,152233827,152475780,1021,0.3517256236755114,0.45175700847346656,0.4033019790247854,0.3544764320477899,0.3577352929552043,0.25906690301831675,0.2979877446607765,0.34196977210086665,0.303048930458407
P2RY1,ENSG00000169860,chr3,152825130,152851439,192,0.29671116219606597,0.2923926315399319,0.017091626063117385,0.3252039258451473,0.026311724237035445,0.34030706829092583,0.3562732887864886,0.005558835147096902,0.0
RAP2B,ENSG00000181467,chr3,153152225,153180627,146,0.26850295915363515,0.24967926684573333,0.20948131065922568,0.21563539874423263,0.2630403521948867,0.1824253216652491,0.11245684676030315,0.10482919799456539,0.1747976728995114
ARHGEF26,ENSG00000114790,chr3,154111002,154267827,841,0.6208151644193015,0.4497488570749194,0.4714471794371323,0.6316969054797635,0.47269887167006797,0.46474972353453015,0.47812302112364263,0.13263075794172896,0.11925746035261642
DHX36,ENSG00000174953,chr3,154262545,154334487,350,0.537398579778259,0.46798606930777653,0.4326428651533373,0.6143372293714725,0.442908619687527,0.4176043787460153,0.49942577628337054,0.21348122572561357,0.1316598281882584
GPR149,ENSG00000174948,chr3,154324942,154440190,618,0.6031926357917983,0.40354773960771284,0.40356830848807473,0.563364732021926,0.37771301769418086,0.46213492939036543,0.4355296133235901,0.054621144127872334,0.08122646019464774
MME,ENSG00000196549,chr3,155014123,155193704,1045,0.29381805424810564,0.27618782733407604,0.2829930795057682,0.2920036296306744,0.31027114349934315,0.1692179625102759,0.14854147097924253,0.15400538776337583,0.17468187929440915
STRIT1,ENSG00000240045,chr3,155280226,155303683,153,0.40620627531563475,0.2802943365778544,0.3137530766528891,0.39990118189632606,0.31310159293127904,0.23680923333806012,0.23200250753210006,0.0921037180183793,0.09691044382433933
PLCH1,ENSG00000114805,chr3,155365579,155755071,2327,0.34831988581553747,0.3293226183637921,0.3175314195074231,0.3459696953945628,0.3406455823772183,0.22281486546949467,0.2037872867301117,0.17665219449400324,0.19567977323338626
C3orf33,ENSG00000174928,chr3,155752616,155816278,445,0.3909271453330701,0.6232146045233182,0.579876981743924,0.45409865109566694,0.5750619794174828,0.30234458741603754,0.3627922704949384,0.6737349089656868,0.6132872258867859
RP11-674E16.5,ENSG00000284952,chr3,155753042,155864442,705,0.39018873272708116,0.5277789538973505,0.4781352603060802,0.3975708717071532,0.4370530592773008,0.2972835042867799,0.34126171790967536,0.45302458072236973,0.40904636709947423
SLC33A1,ENSG00000169359,chr3,155811023,155864456,297,0.42945165267862434,0.4301706279239249,0.32192645103157563,0.45055111963311373,0.3060598993596367,0.3675380801639556,0.3979441082553238,0.19488023003786847,0.1644742019465003
GMPS,ENSG00000163655,chr3,155860649,155954020,503,0.3288946990143921,0.3832092443493869,0.29743849763048363,0.4013206875418659,0.3453585731122223,0.26451616679549983,0.2862935035401666,0.2187092776461148,0.19693194090144805
KCNAB1,ENSG00000169282,chr3,156027700,156549138,2675,0.32181412328248993,0.4364033267337334,0.37584752596707377,0.35896585926681457,0.3966063511854959,0.24519484237027644,0.2564517427273278,0.3282215592550993,0.31696465889804804
SSR3,ENSG00000114850,chr3,156529552,156565149,183,0.46661644209931497,0.3345588949638607,0.2401892590273056,0.40414110158953187,0.26261016995689296,0.38056686671100903,0.31020897251962426,0.02673827566817455,0.09709616985955921
TIPARP,ENSG00000163659,chr3,156663234,156716770,201,0.6361130729775494,0.5186457374874829,0.45122486752113,0.7100757967056731,0.5499265432947362,0.5709986754925931,0.5854715265833242,0.16015309197597805,0.145680240885247
LEKR1,ENSG00000197980,chr3,156815480,157056129,1114,0.5201886269348841,0.5403099028829806,0.5233732872081366,0.5294380243736443,0.5279563067878139,0.38527163816289167,0.39017329843441717,0.3919310802947429,0.3870294200232173
CCNL1,ENSG00000163660,chr3,157136507,157170760,200,0.3010120246319817,0.2527806527708078,0.24040899016788797,0.2712671315721787,0.2006684520789212,0.1872715517178564,0.19193254174631416,0.10412494771217742,0.09946395768371966
VEPH1,ENSG00000197415,chr3,157249741,157543619,1777,0.40914510902332873,0.5525012275376456,0.47625876577500503,0.35680944551073335,0.44130357845531903,0.3417543814944571,0.33162335163833795,0.46232710287741635,0.47245813273353543
PTX3,ENSG00000163661,chr3,157426849,157453633,174,0.4426210431059449,0.6488568081959603,0.5098188633669755,0.41489360556113736,0.5241120576671037,0.4590454060799921,0.4199749472840035,0.5875157787691666,0.6265862375651552
SHOX2,ENSG00000168779,chr3,158085904,158116420,139,0.6753066108013913,0.6918392122131137,0.526875066543221,0.7214818493823989,0.6138536660190202,0.776805879159481,0.7519333825685406,0.40032771479454343,0.4252002113854837
RSRC1,ENSG00000174891,chr3,158095854,158555730,2351,0.38204652638345454,0.4391565894286733,0.3479849350267355,0.3683700507448339,0.3628157825449519,0.3159840180984923,0.2935343238864593,0.2623295198650399,0.28477921407707296
MLF1,ENSG00000178053,chr3,158561162,158617252,349,0.3951148335563338,0.4089264038005728,0.29333766625893526,0.3800852721839038,0.2911367018862348,0.3406645280347461,0.32994775339228377,0.1851502130380706,0.1958669876805329
GFM1,ENSG00000168827,chr3,158634526,158705581,408,0.32989893684671817,0.3734564874676964,0.23910363819030828,0.30687259075878287,0.2616401825724663,0.29730283694896,0.26537724147841013,0.17023421674521425,0.20215981221576415
LXN,ENSG00000079257,chr3,158635821,158682648,290,0.3260880312298221,0.3406201000289745,0.2303406822259686,0.286841487142522,0.2521424848500861,0.2746519556759197,0.23198209464653413,0.14180347543371913,0.18447333646310476
RARRES1,ENSG00000118849,chr3,158686891,158742489,343,0.3431691756462056,0.4085193836025894,0.2734792084105986,0.3170983946456474,0.27208660879650454,0.31298348982290913,0.2944788262942207,0.2121428765272599,0.23064754005594826
MFSD1,ENSG00000118855,chr3,158722197,158839719,682,0.3009986583296838,0.2996174558729682,0.26893904892811893,0.28555213236996446,0.2960101457924886,0.2004863883140466,0.17069125736947063,0.1556422132867987,0.18543734423137467
IQCJ-SCHIP1,ENSG00000283154,chr3,158952234,159907366,5838,0.3842302819403657,0.40716323581995606,0.36894237755194914,0.3877068868805835,0.3550758965511806,0.27368015368917975,0.2873788595075104,0.2491560353865299,0.23545732956819926
IQCJ,ENSG00000214216,chr3,158952927,159276307,2105,0.43434783591049964,0.4715270311415922,0.4189856217073259,0.4107213721764428,0.3895829705987836,0.33227989385799467,0.3365034380488069,0.3054837280312493,0.30126018384043707
SCHIP1,ENSG00000151967,chr3,159829860,159907360,380,0.3636079926714546,0.40392356503853305,0.4260594008207483,0.34898514223452853,0.3816196631988483,0.2070487707920008,0.2329788042488996,0.31033760276803357,0.28440756931113476
IL12A,ENSG00000168811,chr3,159978834,160006019,174,0.31995228369131257,0.49018478583440495,0.37629148118211164,0.2846520435514878,0.3670547517661937,0.29361355964578006,0.2756608950571102,0.38009338443910773,0.39804604902777774
C3orf80,ENSG00000180044,chr3,160215421,160238213,108,0.26327630243565614,0.429593967915288,0.37248468401792695,0.2629325424590097,0.35882405002405005,0.20048099652337636,0.2110156645219358,0.3609258382310151,0.3503911702324556
RP11-432B6.3,ENSG00000248710,chr3,160217453,160459829,1056,0.3207738850791191,0.5472752885712606,0.4989220702492946,0.3609211327503724,0.47413425599170744,0.24413929643473636,0.2987445551038564,0.5483317428297965,0.49372648416067644
IFT80,ENSG00000068885,chr3,160246985,160409880,637,0.36922963640008627,0.5806811018757286,0.503242694365536,0.36474057878121513,0.49495980597898614,0.31514163580819177,0.31986406029089365,0.5539819193611473,0.5492594948784454
SMC4,ENSG00000113810,chr3,160389273,160444954,278,0.3819651826913182,0.5706625799069425,0.48698515329894143,0.34972401036106104,0.47932102317685465,0.3296360666563867,0.3116244772409216,0.5158760755245758,0.5338876649400409
TRIM59,ENSG00000213186,chr3,160422444,160495773,384,0.24220726480801566,0.5551643038597067,0.46149851448676005,0.2830796075429642,0.42013796912824597,0.23421531526404438,0.29893783940167357,0.57583497188778,0.5111124477501507
KPNA4,ENSG00000186432,chr3,160485006,160575571,363,0.31372300501253547,0.48447958326331697,0.41570257639550273,0.359113112180805,0.4344201499746092,0.2508535908920738,0.2687884397161965,0.4117247797205672,0.39378993089644454
ARL14,ENSG00000179674,chr3,160667159,160688448,151,0.25712668299383457,0.4820075356661214,0.42698241214492927,0.25556523903210904,0.37958050754758255,0.1990927334284987,0.2377826070605321,0.45870185101796795,0.42001197738593454
PPM1L,ENSG00000163590,chr3,160745601,161088902,2036,0.3741501408368883,0.531950926729445,0.4665746986826178,0.37885953494083485,0.4717385062904311,0.2996953375343451,0.2986081487074652,0.4594867936115839,0.4605739824384638
B3GALNT1,ENSG00000169255,chr3,161073882,161115411,256,0.24020584320457652,0.5649026416383711,0.47729782604300436,0.20768039454661721,0.4906146832934417,0.22907487756925554,0.19521267270245424,0.603110583040856,0.6369727879076573
NMD3,ENSG00000169251,chr3,161094695,161263532,894,0.3965452329838331,0.5174223085579069,0.44466728288061397,0.3389863226833128,0.42252755375787965,0.32275484521226677,0.2967497751308838,0.4058585074200868,0.4318635775014698
SPTSSB,ENSG00000196542,chr3,161334791,161382880,339,0.4216345442137681,0.5421402780748662,0.5148182420149502,0.4203898703552739,0.48270396499814344,0.3027550299685789,0.33372602536142437,0.4784373958201572,0.4474664004273118
OTOL1,ENSG00000182447,chr3,161486807,161513942,206,0.17876007274010194,0.47802945837456057,0.39599321289778144,0.18756284525934225,0.38356769852832834,0.1714571282822518,0.18702703432877932,0.4786869980774265,0.46311709203089885
SI,ENSG00000090402,chr3,164968897,165088496,714,0.34272887073894404,0.563946064755906,0.4913864774392233,0.3290632631103435,0.47601839917055244,0.2867905839831478,0.29138552934300094,0.54319875461246,0.5386038092526069
SLITRK3,ENSG00000121871,chr3,165176719,165207109,179,0.35469098064521265,0.43481653104115314,0.4322231173052616,0.4352503709714026,0.48213360357097845,0.2213020521401049,0.24196983264780392,0.3493028245859925,0.3286350440782935
BCHE,ENSG00000114200,chr3,165762903,165847462,651,0.5482549127172845,0.6720555022553576,0.6284815588725632,0.5668390618393448,0.6865350616902656,0.45969567356183394,0.39574453639764184,0.6552152255476598,0.7191663627118519
ZBBX,ENSG00000169064,chr3,167229842,167417874,1022,0.5382533301044989,0.570412606927848,0.5747988587614976,0.46415687599728594,0.4882418179295184,0.3812380026445464,0.3994704278238135,0.46369207930874445,0.44545965412947736
SERPINI2,ENSG00000114204,chr3,167431788,167489004,333,0.280465896728505,0.16460865207580602,0.1610603642618904,0.24916898715632685,0.17591203952455212,0.16669490800709075,0.13647582294177507,0.01316007577169151,0.043379160837007213
WDR49,ENSG00000174776,chr3,167468683,167663983,1079,0.2980937770854981,0.319675221966515,0.2658883833866079,0.2817987866015231,0.26100294209762415,0.2150231269261484,0.20686457427060492,0.1701618531523342,0.1783204058078777
PDCD10,ENSG00000114209,chr3,167673297,167744939,361,0.15971584029139116,0.19053634203342562,0.0188619664272116,0.21472910902965867,0.10104947106844638,0.18317821898328732,0.17329133147991135,0.0282051823094827,0.03809206981285866
SERPINI1,ENSG00000163536,chr3,167725242,167835569,674,0.2768354965540821,0.32823851343992944,0.20384386391633325,0.2772324759810145,0.18018301844150766,0.24700526219768196,0.2619227136956332,0.15084666997830043,0.13592921848034928
GOLIM4,ENSG00000173905,chr3,167998688,168105924,704,0.364738200125659,0.47859448249891934,0.2400234990765317,0.3567952541183929,0.25046794028927216,0.4152387556103967,0.4021065952452462,0.2359884398395666,0.24912060020471716
MECOM,ENSG00000085276,chr3,169073498,169673775,3502,0.3528809580948071,0.4386465992983143,0.37470147361610523,0.38816725552350445,0.40221734197327924,0.2715517668888529,0.2770864559840401,0.30585285712955756,0.3003181680343704
ACTRT3,ENSG00000184378,chr3,169756920,169779561,110,0.2694853022705521,0.4958215690493136,0.46246769872064475,0.24095333537853225,0.3977755787945149,0.18903227320830945,0.2266959776095152,0.4957927706921132,0.45812906629090744
MYNN,ENSG00000085274,chr3,169763395,169799716,192,0.214465969920636,0.505691309812245,0.3890985830724988,0.20457012436627262,0.40561495909062434,0.22658344875370398,0.20661985591186488,0.47801162927346863,0.49797522211530776
LRRC34,ENSG00000171757,chr3,169783002,169822986,263,0.32841828814718227,0.5051345108258534,0.425367848976825,0.2686718628603877,0.4092983142762732,0.2737818484956421,0.24495908670994182,0.42968744388767616,0.4585102056733765
LRRIQ4,ENSG00000188306,chr3,169811921,169847775,258,0.2685496818255282,0.37118532224423023,0.32119495850436636,0.29647447119733966,0.3079244256519735,0.19461167782024838,0.22375484631001738,0.2693070178324123,0.2401638493426434
LRRC31,ENSG00000114248,chr3,169829171,169879935,327,0.29006324503620395,0.35968644143246586,0.32720689700332994,0.2605702197034392,0.28997151104420904,0.19602962810299124,0.20261152993701348,0.24976765924275018,0.24318575740872794
SAMD7,ENSG00000187033,chr3,169901571,169949175,367,0.5343247202264733,0.41084828309964094,0.4152567683646936,0.5311330014781831,0.39782292541984565,0.37837790425718093,0.3896519737594065,0.15069364037082172,0.13941957086859608
SEC62,ENSG00000008952,chr3,169956634,170008373,299,0.34252778924290234,0.3199008719965908,0.24570954827392572,0.35007268141360093,0.2906440686362182,0.26144586256647284,0.23650679764704582,0.12407085239426796,0.14900991731369492
GPR160,ENSG00000173890,chr3,170027994,170095392,393,0.3791794470736881,0.42126922781623416,0.31722049069987523,0.28873555795093026,0.2004875577588939,0.3210239011583108,0.33193785071151655,0.22589399598389076,0.2149800464306851
PHC3,ENSG00000173889,chr3,170076731,170191749,597,0.36586812027446763,0.35069022762826035,0.3112907374912059,0.30513535447553736,0.3117370520331456,0.2572038178443249,0.21114962686344463,0.17464155111020283,0.22069574209108306
PRKCI,ENSG00000163558,chr3,170212423,170315977,750,0.3649009616314545,0.48049647545531154,0.4708751141736328,0.3441810015150097,0.4766592121963022,0.23616260718432697,0.21461485191352664,0.4187190767874359,0.44026683205823636
SKIL,ENSG00000136603,chr3,170347677,170406835,334,0.5009441072691183,0.4010660029351118,0.48478301584332584,0.5997856065446104,0.5438195746464558,0.2722369584535224,0.32174594460577116,0.2403669170237871,0.1908579308715384
CLDN11,ENSG00000013297,chr3,170408867,170464733,352,0.48026899170904774,0.5593343015496814,0.5251569935658766,0.501474488364491,0.5264721870623525,0.3645707975254582,0.38401231472779607,0.45489794687823654,0.4354564296758987
RP11-654K19.6,ENSG00000285218,chr3,170408867,170870380,0,,,,,,,,,
SLC7A14,ENSG00000013293,chr3,170449547,170596075,0,,,,,,,,,
RPL22L1,ENSG00000163584,chr3,170854874,170880208,134,0.32850001546547514,0.32650397830114075,0.2779383992053762,0.34400512671150113,0.32590844313592027,0.2339348260182443,0.21124307949095544,0.1613383640368453,0.18403011056413413
EIF5A2,ENSG00000163577,chr3,170878417,170918644,150,0.20191980210824786,0.21404891477511698,0.09601616503889311,0.2550443119383656,0.11939219066177018,0.18273155428424903,0.20407417250644191,0.05812916674352303,0.03678654852133015
SLC2A2,ENSG00000163581,chr3,170986346,171036743,325,0.18586918552812753,0.08710211920234028,0.08393334600212786,0.11907731980788493,0.08614817903808726,0.10454966218978673,0.06391491661837903,0.0,0.0272163381913427
TNIK,ENSG00000154310,chr3,171048413,171470408,2813,0.37872251619614444,0.37428656700573887,0.3972442463934324,0.3495910711712892,0.3541455613655789,0.21929851705810105,0.23091782615648498,0.24956427040434603,0.2379449613059621
PLD1,ENSG00000075651,chr3,171590403,171820950,1481,0.31069642940264475,0.35802138668946404,0.2748758860486957,0.34753514778651773,0.26274066927043316,0.2469306751977092,0.2826913603915804,0.19626961324975498,0.16050892805588382
TMEM212,ENSG00000186329,chr3,171833348,171948715,852,0.29268456852530494,0.37665454717133995,0.29193827768788216,0.2829804825698134,0.3599295890530843,0.2368544810038856,0.17956477058254625,0.23579993394611126,0.2930896443674506
FNDC3B,ENSG00000075420,chr3,172029577,172411669,2511,0.387596545990716,0.5239250983198265,0.44714863319355913,0.41727241987499814,0.5034364757061139,0.3199389830243568,0.291085847762702,0.42224109763463824,0.45109423289629313
GHSR,ENSG00000121853,chr3,172433290,172458456,176,0.35494817637182735,0.45254900607498466,0.3498353402668461,0.4416831231477618,0.44580762531362755,0.30518866165360103,0.2975337612228026,0.29729366845679017,0.30494856888758876
TNFSF10,ENSG00000121858,chr3,172495507,172533475,268,0.3927931481723902,0.3894197549341674,0.2622105904759994,0.46807183863339646,0.29137075768956866,0.34406723656601357,0.3900847833134776,0.14927831595377225,0.10326076920630811
NCEH1,ENSG00000144959,chr3,172620248,172721218,604,0.3114316828255381,0.5440501135327954,0.43861346352432,0.29569171268405253,0.4443624266224134,0.2905837579200135,0.2741362202224241,0.4947886156852116,0.5112361533828009
ECT2,ENSG00000114346,chr3,172740681,172831474,498,0.36219137803411616,0.7866944125774369,0.7226922824377201,0.4236143948525274,0.7636207085027621,0.3560594846322017,0.3268451254470611,1.1889699740794624,1.2181843332646032
SPATA16,ENSG00000144962,chr3,172879356,173151235,1863,0.27806503779378333,0.2625492930581184,0.2591964343121028,0.26262841568878936,0.2592948489244308,0.16517823643611487,0.15453336014571908,0.13937779461071523,0.150022670901111
NLGN1,ENSG00000169760,chr3,173386283,174296644,5862,0.37248584361705306,0.3853371192310199,0.3795797092048112,0.4196488045714092,0.4193910349652337,0.23765611442693585,0.24356269281166643,0.2490252083952952,0.24311863001056472
NAALADL2,ENSG00000177694,chr3,174428572,175820548,10467,0.38329160180937394,0.42707087062544896,0.3726169705898896,0.36125593337958944,0.3717324168371491,0.287077099920543,0.2702277822564162,0.26991615346129194,0.2867654711254185
TBL1XR1,ENSG00000177565,chr3,177009339,177238000,1152,0.31698315571131525,0.44056143001321907,0.4071193377182823,0.3421975988645491,0.3767711071296418,0.2196475824832454,0.2634154116692381,0.3611739692577324,0.31740614007173956
KCNMB2,ENSG00000197584,chr3,178262931,178854429,3858,0.37035156573218503,0.5148411166061465,0.472579970171681,0.3617700444067832,0.46691465297553747,0.2730572379618524,0.271630866896509,0.450221609103703,0.45164798016904634
RP11-385J1.3,ENSG00000275163,chr3,178409122,178853300,2969,0.37930024037135107,0.48489641840272035,0.4259878356006623,0.37351623941928336,0.3939914461492859,0.2925951857472024,0.31507925866129965,0.37079208347988135,0.3483080105657841
ZMAT3,ENSG00000172667,chr3,178950120,179082215,590,0.5609108368052481,0.4767941724812309,0.4754952168817855,0.49721675085931716,0.4279789187153726,0.4127661950895849,0.3883985128816166,0.23501414558764572,0.259381827795614
PIK3CA,ENSG00000121879,chr3,179138113,179250093,488,0.3243435557116074,0.2548031931311998,0.24239529734052237,0.29300269709071264,0.21223492534098728,0.2042919730061614,0.20113999547408243,0.08981495218955274,0.09296692972163167
KCNMB3,ENSG00000171121,chr3,179226690,179277002,314,0.3765121480929934,0.4776514985929081,0.4641272253959195,0.3754601402629567,0.41773126681370665,0.24899388875457434,0.2896686072546096,0.4004263978921797,0.3597516793921445
ZNF639,ENSG00000121864,chr3,179313030,179348583,246,0.2723236497327104,0.35886139552521806,0.3292746299378925,0.24441591920542524,0.30658662578741935,0.18150650345256403,0.1793224338190459,0.2630031103536673,0.26518717998718544
MFN1,ENSG00000171109,chr3,179337708,179404936,415,0.37798974765016047,0.4055517220888083,0.3630470041373608,0.29820675173898803,0.2994793256349062,0.2719304275703135,0.2591533020969994,0.24819114005621878,0.2609682655295329
GNB4,ENSG00000114450,chr3,179386087,179461476,429,0.353563492805026,0.45880250341128637,0.4376305782064064,0.294861082528351,0.29545977972078474,0.23732749656660956,0.3065607995718793,0.37664351179715816,0.3074102087918885
ACTL6A,ENSG00000136518,chr3,179552885,179598407,153,0.3458724996145962,0.2845350381668514,0.296131691698425,0.31369728105976574,0.3021929081036092,0.2040558203916866,0.17572326582409922,0.13076683097730224,0.15909938554488962
MRPL47,ENSG00000136522,chr3,179578284,179614649,141,0.4267900742429802,0.3697817357505239,0.33396092196886407,0.3569756050652388,0.30815446834242227,0.30589270037533967,0.2674345580981545,0.1557963680319302,0.1942545103091154
NDUFB5,ENSG00000136521,chr3,179594689,179637647,180,0.5044478564526977,0.5181862292393887,0.4950837188080854,0.47194486120168927,0.4280016128118575,0.37445883029299276,0.4050665356429449,0.35573877701435563,0.3251310716644033
RP11-15L13.5,ENSG00000288698,chr3,179594806,179794179,1118,0.44348146133823596,0.3940385178379437,0.3360484971130426,0.43393292469620215,0.3804775136975482,0.33872374079494805,0.2955876374241925,0.1622151149266331,0.20535121829738856
USP13,ENSG00000058056,chr3,179643031,179814366,1037,0.3811029932522881,0.3579751573235546,0.3127221374994907,0.43286846618996155,0.33930357138359135,0.27396403809803804,0.29791574749889704,0.16916424218509615,0.14521253278423718
PEX5L,ENSG00000114757,chr3,179784957,180047053,1619,0.4074346354476885,0.45631815894144956,0.3851240373963835,0.35202907166901687,0.34652841219352226,0.32317521400558236,0.3089221388566623,0.2862158402079793,0.30046891535689935
TTC14,ENSG00000163728,chr3,180592162,180627828,172,0.23181361828390185,0.2253439188319536,0.18232181084096274,0.25993177102602616,0.1960888207047306,0.15888628676811933,0.1690412603278999,0.0964498275888249,0.08629485402904433
CCDC39,ENSG00000284862,chr3,180592857,180694942,519,0.16625442970900522,0.22093004303273794,0.12396225740719395,0.20714333508689736,0.14092610441004072,0.14956766226480395,0.1649334610683065,0.10008677132635625,0.0847209725228537
FXR1,ENSG00000114416,chr3,180858140,180992753,636,0.3496296219051809,0.3593733163347133,0.26749321001919735,0.317906742570851,0.3061320406082902,0.28211949294160854,0.23121184053359817,0.16318889555676155,0.21409654796477187
DNAJC19,ENSG00000205981,chr3,180973708,180999774,90,0.367743666379362,0.34823456975022055,0.314893986181943,0.323597471231059,0.3086374335423766,0.2541746196200205,0.2249732900598341,0.17389593172360937,0.20309726128379577
SOX2,ENSG00000181449,chr3,181701924,181724436,95,0.24739476878342875,0.2947613631038347,0.17677994360559615,0.19569211762537428,0.1756140472718013,0.21945088028080384,0.18693785836154586,0.12976816111327616,0.16228118303253414
ATP11B,ENSG00000058063,chr3,182783502,182931629,723,0.4555921153160495,0.319060747642275,0.38723444252658273,0.41965858296447384,0.3241301972859426,0.2512829190749607,0.2683330289702256,0.13299926132284734,0.11594915142758244
DCUN1D1,ENSG00000043093,chr3,182928073,182995953,296,0.4024854316664854,0.3234615804111905,0.3571688063672915,0.5279767126184453,0.5034608523921767,0.23193476802495835,0.22070002337983374,0.15883127325336643,0.17006601789849102
MCCC1,ENSG00000078070,chr3,183005217,183126075,794,0.6704399228860359,0.6449916135524991,0.6905566230658755,0.6904526054145715,0.6846053751615855,0.4863151629035588,0.5271636424304914,0.5492987030864227,0.5084502235594903
LAMP3,ENSG00000078081,chr3,183112214,183173839,484,0.6072974491238906,0.6244479827112235,0.6066049375129858,0.665346401160385,0.6230648859509423,0.4905600935050439,0.5491676935681677,0.4887981958010474,0.43019059573792373
MCF2L2,ENSG00000053524,chr3,183168040,183438778,1812,0.36572584814303927,0.42917840126076023,0.3372195151307563,0.36242766924689857,0.33580395739749086,0.3023205595892726,0.30079408743025515,0.25835799508904733,0.2598844672480648
B3GNT5,ENSG00000176597,chr3,183243252,183308504,438,0.25811896963643877,0.30046612521452865,0.21044105025289445,0.3489285530637836,0.12590213018559812,0.20981333156589976,0.3259570108910763,0.1475277273417689,0.03138404801659231
KLHL6,ENSG00000172578,chr3,183477550,183565706,698,0.31059717276350335,0.40813218184194017,0.3522079098265492,0.34226137247096355,0.3279031865053495,0.23110799522711847,0.2730333586013797,0.29336395394014647,0.25143859056588513
KLHL24,ENSG00000114796,chr3,183625609,183694519,464,0.2332532811753569,0.3187495900574683,0.2964270240006111,0.22313675382253817,0.26300617061419973,0.14892020576820278,0.1655702591329913,0.23490512548615622,0.2182550721213677
YEATS2,ENSG00000163872,chr3,183687796,183822624,862,0.3459634904006722,0.3587233649073419,0.2954843719140609,0.3305500625010977,0.3183886639316967,0.25932084325084503,0.23114878385188853,0.1849735039020428,0.21314556330099937
RP11-449K6.5,ENSG00000283765,chr3,183805567,183894889,625,0.3394214847755945,0.4550738940283564,0.3999545986496641,0.3874687144524995,0.44320870146000096,0.2554972054255969,0.2558477703005997,0.3516078734589547,0.351257308583952
MAP6D1,ENSG00000180834,chr3,183805921,183835594,220,0.31685119876628887,0.39547080669710793,0.3158286317777201,0.3659879066678086,0.3242626655996993,0.25240052067401664,0.2835208649158318,0.2509047961143249,0.2197844518725098
PARL,ENSG00000175193,chr3,183819270,183894933,514,0.3686848267148144,0.5331840149228442,0.44081565449561483,0.38689090346102006,0.47805426255363037,0.3202470556070447,0.3004204374069068,0.44157307959622627,0.4613996977963642
ABCC5,ENSG00000114770,chr3,183909933,184027939,664,0.32964482391874816,0.5073637656690311,0.38303110451728495,0.359142051879519,0.4175616590131198,0.31249758166954544,0.30619987178984365,0.39548665702123265,0.4017843669009344
HTR3D,ENSG00000186090,chr3,184021543,184049369,74,0.36963350038469656,0.539634069751642,0.4538281242074861,0.3688702456267505,0.4893953902427406,0.3161829632904808,0.2819088318820798,0.4595506419114583,0.49382477331985913
HTR3C,ENSG00000178084,chr3,184043046,184070673,63,0.3060355336397741,0.6837465212121211,0.5041994783939268,0.49949251758378066,0.630396574379977,0.40748207627255095,0.42400964926603507,0.7437291626085817,0.7272015896150975
HTR3E,ENSG00000186038,chr3,184087063,184116995,189,0.3647718505680353,0.7264985667426455,0.5704367613964135,0.38417779110204253,0.5583996340540592,0.4526165801049501,0.48194772019696186,0.8438318365997977,0.814500696507786
EIF2B5,ENSG00000145191,chr3,184125037,184156127,148,0.27830453321247706,0.7098391963897346,0.6405320828952527,0.283889622460005,0.6162188931665986,0.27017084289251625,0.30677902829150916,0.9671491715769513,0.9305409861779583
DVL3,ENSG00000161202,chr3,184145376,184183614,150,0.23320965027919782,0.7180553321343257,0.6888045188675549,0.2715058068254592,0.6644690127071071,0.18212614299725283,0.2453895497723143,1.0839182975413972,1.0206548907663358
AP2M1,ENSG00000161203,chr3,184164688,184194091,135,0.2930792509863753,0.7444065596664715,0.6917773064997806,0.28941256865051235,0.644583938691539,0.2670356041481716,0.3356821657265233,1.0971316164567435,1.0284850548783917
ABCF3,ENSG00000161204,chr3,184176022,184204012,127,0.3598718155001341,0.7655399228711983,0.6962875377004013,0.31571673644209197,0.6745099842769552,0.3524414569532629,0.3537148899936656,1.098028495421663,1.09675506238126
VWA5B2,ENSG00000145198,chr3,184220428,184252329,145,0.2573028616884642,0.28920492922919677,0.18955903067266058,0.18815383646622175,0.2018600930046502,0.21433064100816596,0.16217207659164934,0.12704047648003686,0.17919904089655353
ALG3,ENSG00000214160,chr3,184232300,184259548,110,0.2246960374891038,0.20338301747705045,0.2288643681178605,0.22497815997038637,0.1790547533172151,0.11099520124127268,0.14247324814234355,0.11638608846215184,0.08490804156108098
EEF1AKMT4,ENSG00000284753,chr3,184239671,184268759,118,0.25855454371439063,0.212534802945399,0.3287089442415962,0.25709658878980024,0.32845244830789894,0.0697686551567224,0.06897744658551952,0.16916744831859945,0.16995865688980233
EEF1AKMT4-ECE2,ENSG00000284917,chr3,184239694,184303031,252,0.2868355657609389,0.22319504499240386,0.2971810473687748,0.3343503083552721,0.34569583940412973,0.11897664483438564,0.11768738017490465,0.1335893384479369,0.1348786031074179
CAMK2N2,ENSG00000163888,chr3,184249212,184271553,95,0.35743844684353526,0.4077957069327905,0.34217080199507016,0.2928515812399434,0.4050916444939253,0.27369315967884666,0.17553520596036282,0.25021045430846306,0.34836840802694685
ECE2,ENSG00000145194,chr3,184266010,184303031,148,0.348869187517879,0.0596278996705891,0.24231315511755416,0.37539288673506,0.3615067421958394,0.10651961732784773,0.041733956661410165,0.0,0.01974567397091123
PSMD2,ENSG00000175166,chr3,184289197,184319050,107,0.5041397712377506,0.648692908256227,0.3296422257073545,0.5491706318107181,0.45914535843244675,0.6738060019756471,0.6140780819631007,0.3722885307942221,0.4320164508067686
EIF4G1,ENSG00000114867,chr3,184304494,184345358,172,0.4388473390415395,0.4623961385533437,0.35166543359098196,0.5207799237573492,0.4873761725256422,0.38252359246139556,0.34400783110318023,0.23810971458712082,0.2766254759453362
FAM131A,ENSG00000175182,chr3,184325925,184358421,152,0.39355450646613627,0.41234192067176584,0.2528624529022244,0.4702513669942121,0.3460515753562111,0.3701222224854883,0.3711179341065044,0.1614877754745026,0.16049206385348647
CLCN2,ENSG00000114859,chr3,184336184,184371650,142,0.3602958645767939,0.21341270021240094,0.24082948549146665,0.46175645682262634,0.2593773834375338,0.2056360963585779,0.2796158153889289,0.034415468462271226,0.0
POLR2H,ENSG00000163882,chr3,184351717,184378596,89,0.39643347835987697,0.2896994465243443,0.07838628162610004,0.4984073567140783,0.27818344740805706,0.3826684990540164,0.353024892687393,0.0,0.0
THPO,ENSG00000090534,chr3,184361934,184391968,115,0.3256378221335556,0.24666648919650386,0.1389044396156487,0.3830941847928803,0.20542244626422335,0.26384270163521456,0.26817073580394835,0.019404538168866198,0.015076504000132385
CHRD,ENSG00000090539,chr3,184370072,184400736,143,0.22072430030563864,0.22713148282986143,0.11568109291108469,0.28451709530779296,0.1610859163357794,0.1920495965725229,0.2083984655722325,0.06559674250700989,0.04924787350730034
EPHB3,ENSG00000182580,chr3,184551784,184592408,292,0.19524627584854679,0.3204935759042551,0.21394356230763156,0.17227332726017122,0.28915916594441654,0.18144044346762073,0.11707706971860787,0.20494814781680148,0.2693115215658144
MAGEF1,ENSG00000177383,chr3,184700363,184722064,113,0.5267275823380372,0.4065980879882612,0.40814685285050656,0.4751947345980982,0.516985661361251,0.37273536615001746,0.21945120904844612,0.14914798285093162,0.3024321399525029
VPS8,ENSG00000156931,chr3,184802142,185062614,1430,0.49687334213786655,0.5890206393914936,0.5260661297807842,0.5109424539865564,0.522582563922208,0.41471906880194415,0.43256167795851974,0.47449321444245046,0.4566506052858749
C3orf70,ENSG00000187068,chr3,185066837,185163060,806,0.4018008182397027,0.44829598612494215,0.4197057887206269,0.3989274195664894,0.4003924893595518,0.28217752032924887,0.2961515910711356,0.3125660629341251,0.2985919921922384
EHHADH,ENSG00000113790,chr3,185180623,185291990,572,0.4531303359416768,0.3229500424497677,0.35365508973808324,0.5767450040661798,0.48967285777947545,0.27856649722574867,0.2885436834870029,0.11144371902568567,0.1014665327644314
MAP3K13,ENSG00000073803,chr3,185272940,185499094,1115,0.4560340990037797,0.4702095658404511,0.430669215293844,0.5577733456207261,0.4953976634592163,0.3404244020680048,0.38361094059790257,0.29484935580815697,0.25166281727825907
TMEM41A,ENSG00000163900,chr3,185466495,185509057,197,0.27696299809993763,0.3879761263819945,0.2639708777696271,0.2776759367303844,0.3073753121678632,0.25439663755527686,0.2244991926241532,0.23658735049562485,0.2664847954267485
LIPH,ENSG00000163898,chr3,185496261,185562588,326,0.4537518314960607,0.39569458580342143,0.40405322174288744,0.49270388334872206,0.38562592657104633,0.29537676375196226,0.347592324671636,0.20829879245123634,0.1560832315315625
SENP2,ENSG00000163904,chr3,185572495,185643551,278,0.341766369809737,0.3235194847262341,0.20623246110516213,0.31575467966880855,0.20196718344836062,0.28904117543246677,0.272342422684351,0.10181045860969462,0.11850921135781042
IGF2BP2,ENSG00000073792,chr3,185633129,185835042,747,0.3729045769297498,0.4960227889877595,0.4585318330289128,0.3158165369160327,0.43833968381211386,0.26920489358836613,0.24394768660093896,0.4160193345902421,0.4412765415776694
TRA2B,ENSG00000136527,chr3,185904557,185948103,251,0.30803912757615626,0.28403491961346566,0.2505605886678335,0.2705162917097733,0.23559427913858286,0.20695997391688584,0.19044277253623246,0.127163909703789,0.14368111108444243
ETV5,ENSG00000244405,chr3,186036313,186120318,326,0.4676769406495704,0.5782597800361965,0.5377787578983559,0.5665263282207806,0.5883334855109048,0.36107942150604944,0.4058741387163539,0.5022863254977722,0.45749160828746765
DGKG,ENSG00000058866,chr3,186095667,186372234,1772,0.41448358569197863,0.5513031450493652,0.5280633092923447,0.44670841424800006,0.5226064003270177,0.2928792023376207,0.3269319700266151,0.5085285729346702,0.47447580524567573
CRYGS,ENSG00000213139,chr3,186528440,186556702,158,0.3997301616178205,0.4017796827370336,0.5074654173563076,0.3766978876704276,0.34596105526500287,0.1579907806621635,0.2809658674102625,0.35580538870395473,0.23283030195585566
TBCCD1,ENSG00000113838,chr3,186536066,186580543,290,0.3158281100226318,0.39821167377767835,0.4118963128651889,0.30060998066476385,0.32322966349692694,0.1782717984526938,0.237486468580253,0.3295777146234692,0.27036304449591
DNAJB11,ENSG00000090520,chr3,186557402,186595800,242,0.3193136679113367,0.40787024221060075,0.3361940143135991,0.27879885608823207,0.33435144304246067,0.24945889907872348,0.2219366221079305,0.274570583581964,0.30209286055275697
RP11-134F2.8,ENSG00000283149,chr3,186571994,186607103,205,0.4105316560955913,0.4869416446695817,0.4195349783900369,0.4276790134903342,0.4142492228472514,0.3259871061350843,0.3452800460700706,0.34137858106493674,0.3220856411299504
AHSG,ENSG00000145192,chr3,186603059,186631318,167,0.5163228968624086,0.42820316774720707,0.4215410564945371,0.5604852285952765,0.4402328829258977,0.36896078538820287,0.40041052390259646,0.19001075367770898,0.1585610151633154
FETUB,ENSG00000090512,chr3,186625968,186663141,229,0.34464127521182286,0.48033366212734624,0.4142488705109489,0.2237119103503399,0.4108052293942551,0.27114028990425854,0.18940071979663708,0.3834280413901685,0.46516761149778996
HRG,ENSG00000113905,chr3,186650215,186688234,307,0.5249528330381499,0.5942102388400616,0.4469179101975286,0.5364971700636402,0.5043509982827322,0.5270062100892798,0.4844878054886601,0.37491387306652757,0.41743227766714736
KNG1,ENSG00000113889,chr3,186707347,186754410,393,0.27401540870142094,0.28988976955798323,0.23164871638370582,0.2973262806440119,0.24211708792985145,0.199526652737414,0.20898565651156414,0.14280841411635362,0.13334941034220343
EIF4A2,ENSG00000156976,chr3,186773204,186799897,172,0.418965082143758,0.41080655437422847,0.3814051500990839,0.45627688475856015,0.3785211852263656,0.29582019941358345,0.33133120191031923,0.23318051923446542,0.19766951673772964
RFC4,ENSG00000163918,chr3,186779879,186817058,217,0.47262756493846403,0.4265593055458927,0.40479488053128215,0.5042852184261418,0.450794015723734,0.33854991775337145,0.3292868018061592,0.21755083985113233,0.22681395579834462
ADIPOQ,ENSG00000181092,chr3,186832703,186868463,211,0.546419131842168,0.6517147881110172,0.5561418853455266,0.5333356605289908,0.5094972688959287,0.5165324682563877,0.5522770836984152,0.5382010922253493,0.5024564767833217
ST6GAL1,ENSG00000073849,chr3,186920324,187088553,550,0.43148793395224994,0.4360748746036889,0.46551999892052187,0.40424737079288847,0.44265304093864544,0.25555278449982566,0.25309810809957095,0.3172810081866812,0.319735684586936
RPL39L,ENSG00000163923,chr3,187110947,187190908,537,0.4427832564246303,0.5193284612017256,0.43055231262628063,0.4186904234022982,0.43954963875143793,0.37714187213580164,0.3480141708373944,0.35542924152478905,0.3845569428231963
RTP1,ENSG00000175077,chr3,187187485,187211462,182,0.2925850184640549,0.2669867344225486,0.22873096739613213,0.30829427779397084,0.33997727097598474,0.1985056386371595,0.13185257185466145,0.11208584097208468,0.17873890775458265
MASP1,ENSG00000127241,chr3,187207281,187301980,600,0.5065442167516285,0.5978320989596453,0.506861753991306,0.4895442398103487,0.5519132094837498,0.4551209546515467,0.3902842908400204,0.45576465862952636,0.5206013224410527
RTP4,ENSG00000136514,chr3,187358384,187382076,181,0.5070709878278526,0.5784852394528853,0.5140791735670831,0.4445656403061615,0.5399404170009624,0.42479050648964345,0.33775302734271384,0.43910997657212497,0.5261474557190546
SST,ENSG00000157005,chr3,187658911,187680394,139,0.29560160395706764,0.3000651249335459,0.26428418063925735,0.35256010306872687,0.27610846759316776,0.20013390674466455,0.2341917909686801,0.15663407714150088,0.12257619291748537
RTP2,ENSG00000198471,chr3,187688258,187712557,210,0.45443324478794417,0.39476569233615005,0.4423108155091262,0.4778943231793839,0.44937311116556405,0.2620581142684039,0.2776635120766434,0.24008149626372938,0.22447609845549005
BCL6,ENSG00000113916,chr3,187711376,187755725,344,0.5368643432199891,0.5396800448731809,0.5392009993640279,0.5517319184862067,0.5530391283940062,0.38538770545267176,0.38645654110151784,0.39044577120881147,0.3893769355599655
BCL6-AS1,ENSG00000285938,chr3,187733685,187756028,201,0.547951007079573,0.5350200257959405,0.5314490109742829,0.574544056196311,0.5247226979237896,0.4008076527822793,0.43824898263097734,0.3649532877677071,0.3275119579190091
LPP,ENSG00000145012,chr3,188143283,188900671,0,,,,,,,,,
TPRG1,ENSG00000188001,chr3,188937213,189335304,2281,0.436813404863469,0.4606495943362661,0.4808635533417664,0.47691535817332,0.4796998208147757,0.26797278216515186,0.3060262193419177,0.3494170338613461,0.3113635966845801
TP63,ENSG00000073282,chr3,189621388,189907276,1964,0.3650891654370956,0.4139353025850434,0.3699891725003588,0.37628699019230055,0.38860011451208,0.2632887625388102,0.25719298506123295,0.2710363278155367,0.27713210529311394
P3H2,ENSG00000090530,chr3,189946727,190132437,1538,0.46289610800234654,0.5370184385593171,0.49517798455047257,0.47468633019052986,0.472871549982614,0.35404121454260473,0.3867583781615519,0.41602683524849554,0.38330967162954843
CLDN1,ENSG00000163347,chr3,190295706,190332446,322,0.38986803030485645,0.4578737051121143,0.26187580265454147,0.4221459703923796,0.3215922852100046,0.4013465551423859,0.38634172594605865,0.2109097331458961,0.2259145623422233
CLDN16,ENSG00000113946,chr3,190312540,190422138,896,0.35981908947436647,0.37672315918703025,0.38823435084558144,0.3861435117067911,0.42142328113602984,0.2136814827370086,0.20678723896677043,0.25908300888353963,0.26597725265377775
TMEM207,ENSG00000198398,chr3,190418654,190459901,253,0.47952139454587356,0.5139295208787451,0.4504148655091175,0.47658104823722175,0.4514380776647039,0.38790827806244677,0.3841598078702491,0.3334933687653873,0.337241838957585
IL1RAP,ENSG00000196083,chr3,190504050,190669750,1258,0.44947975716378885,0.4950091046139847,0.4843793974684157,0.4222643638061533,0.47519851234119725,0.3088611901111465,0.29355928196650727,0.3743536886967374,0.3896555968413767
GMNC,ENSG00000205835,chr3,190842736,190902429,461,0.350970345266347,0.4171976297635828,0.3191959117103145,0.3099356739203437,0.3176754200919908,0.2938516557156575,0.26431389324332544,0.2460554819728881,0.27559324444522015
OSTN,ENSG00000188729,chr3,191189240,191275615,605,0.38159437845973576,0.4609396119897061,0.3512992175058291,0.36259517670836705,0.30155625573563194,0.3328773280001883,0.3546886728352543,0.285050349223792,0.2632390043887261
UTS2B,ENSG00000188958,chr3,191257167,191340536,753,0.32579294939735415,0.520615663462238,0.39651420390083997,0.3129084978359438,0.3671834315536291,0.31221893723910776,0.3264828775789472,0.4230336933308348,0.40876975299099544
CCDC50,ENSG00000152492,chr3,191319084,191408659,740,0.3497799150126374,0.5331969163452319,0.43467011290009316,0.35258270312655915,0.4519012755782859,0.3109731532561059,0.2976560694221133,0.4508746193912162,0.46419170322520875
PYDC2,ENSG00000253548,chr3,191451162,191471456,175,0.43444377890107394,0.6269851383356977,0.456071218847249,0.49928023753510326,0.4438388506199008,0.473572814405787,0.5455742587846504,0.5125642021222422,0.4405627577433788
FGF12,ENSG00000114279,chr3,192129389,192777764,4675,0.3876097023529203,0.39967894875323656,0.38809805231627625,0.3707125368406055,0.3653589317631768,0.2547464572199769,0.259381052609576,0.25554422424189266,0.25090962885229356
MB21D2,ENSG00000180611,chr3,192786814,192927856,975,0.4670596151109261,0.4768752362675374,0.3926254954849391,0.38371862174746857,0.3991978317630824,0.38933564832875406,0.3112486783135908,0.25859964105617295,0.33668661107133613
PLAAT1,ENSG00000127252,chr3,193231127,193287738,371,0.42644113153322194,0.4925729837232427,0.46461133773520924,0.4154233414114504,0.4323102562419065,0.30476738217293753,0.324544753838351,0.3736350065270524,0.35385763486163896
ATP13A5,ENSG00000187527,chr3,193264788,193388820,884,0.5528526983744664,0.6553689557818605,0.5055504524316695,0.5695106656452966,0.5150012021122902,0.5829189578919487,0.5922523675325404,0.48236191336353107,0.4730285037229394
ATP13A4,ENSG00000127249,chr3,193388966,193603111,1324,0.3825462851780873,0.43143888054165336,0.416476387898926,0.38758936339893546,0.41640252212228407,0.25406363441203345,0.2582274620791429,0.3105828271172361,0.30641899945012663
OPA1,ENSG00000198836,chr3,193583143,193707811,653,0.31554350507830153,0.35776722254966536,0.28612767502201913,0.3274010768404825,0.2725742564928958,0.24244175192505832,0.2605835920364923,0.20036270738563627,0.18222086727420228
HES1,ENSG00000114315,chr3,194126147,194148732,139,0.1803414870642161,0.3699041482695968,0.4827488518346701,0.1365220212841978,0.3857703395259449,0.0007620280287997661,0.06064191436581301,0.4611212975369129,0.40124141119989964
CPN2,ENSG00000178772,chr3,194329767,194361328,313,0.3282246794957159,0.3496368277635637,0.2448951297721505,0.2925726262686961,0.23815636310305824,0.27357852302086283,0.2521653535166912,0.1566458225835421,0.1780589920877137
LRRC15,ENSG00000172061,chr3,194345248,194379743,467,0.38048641761614665,0.3882173662323042,0.4238331938726942,0.3178535260854939,0.3085248443844665,0.20942041015145735,0.25248052471598437,0.2819578229896255,0.23889770842509858
GP5,ENSG00000178732,chr3,194384820,194408354,208,0.28498043379057975,0.1780177348247975,0.15391828585572218,0.2877120291102789,0.1654119227305481,0.18217124774437832,0.17724622936232884,0.013865211626976126,0.018790230009025632
ATP13A3,ENSG00000133657,chr3,194392671,194508364,718,0.30847254943988733,0.24613387157825062,0.17839601323087118,0.288716220713557,0.20038659155613756,0.22744806942937484,0.19979868475829649,0.05509240582067787,0.0827417904917562
TMEM44,ENSG00000145014,chr3,194577672,194643689,623,0.4465878476603122,0.495239635680379,0.4249388066350307,0.4544509545408635,0.4732586100936719,0.3610224601411078,0.324294242436707,0.32264902828856934,0.35937724599297005
LSG1,ENSG00000041802,chr3,194630790,194682463,435,0.3949887027459279,0.6735068782426322,0.5037407730206613,0.35364563388579395,0.5362105784124133,0.46059884565733705,0.39371455288510393,0.6587475514232723,0.7256318441955055
FAM43A,ENSG00000185112,chr3,194675882,194699037,214,0.41622659439903503,0.5432377344086607,0.39960185385380614,0.4397655319970175,0.442276074441023,0.40583616932763256,0.38955046197372156,0.3777560606981908,0.3940417680521017
XXYLT1,ENSG00000173950,chr3,195058283,195281159,1844,0.3002325308147688,0.39867193236105575,0.32306400424983045,0.3166106274935691,0.34741407613715747,0.2377216291193537,0.23124632486221305,0.27089299464465033,0.27736829890179093
ACAP2,ENSG00000114331,chr3,195264744,195453044,1050,0.3722043401565065,0.5068309509991823,0.4392241838681228,0.37440599275610026,0.39189386912218654,0.29700487247308793,0.3392755396300361,0.4098983926608616,0.3676277255039134
PPP1R2,ENSG00000184203,chr3,195504427,195553386,0,,,,,,,,,
APOD,ENSG00000189058,chr3,195558704,195594033,270,0.43565920694569343,0.495422074778452,0.37261898029987595,0.4656588426035932,0.3811590405926198,0.39496436089151765,0.41542339624994046,0.28906862992432725,0.2686095945659044
MUC20,ENSG00000176945,chr3,195710883,195751123,0,,,,,,,,,
MUC4,ENSG00000145113,chr3,195736764,195821973,223,0.3486323318736474,0.5149352135507322,0.3921384593442877,0.471736498965769,0.4191306799293482,0.3271728431670094,0.40920170578823556,0.39629997349093077,0.31427111086970455
TNK2,ENSG00000061938,chr3,195853363,195921945,61,0.2866517115446383,0.3403713792103305,0.3449261962876685,0.2649937077500473,0.23358508322101618,0.16542821028312357,0.22896146397623174,0.25065008782445003,0.18711683413134186
TFRC,ENSG00000072274,chr3,196017182,196092096,477,0.34313035919797247,0.3734558550011605,0.3148762077842045,0.3644787093306781,0.32020248656301575,0.25482500088392335,0.2674427157043332,0.21271104335726954,0.20009332853685963
ZDHHC19,ENSG00000163958,chr3,196187451,196221437,246,0.29762573446159324,0.36047938724938045,0.333882273750283,0.34413486872024124,0.32117336302232635,0.1970182215945622,0.24072351224894403,0.2500182042835713,0.2063129136291895
SLC51A,ENSG00000163959,chr3,196201486,196253178,299,0.2790474166409516,0.29155171970369836,0.2050983185395453,0.24581943574766543,0.20474140710607566,0.22116164363126967,0.19885687138126668,0.12351657776075375,0.14582135001075672
PCYT1A,ENSG00000161217,chr3,196204221,196297957,438,0.3034684213288869,0.2852379885230056,0.18534332125775455,0.2611537261865799,0.21235023899903085,0.24622964145676976,0.1998846439915783,0.0895760013197027,0.1359209987848942
RP11-447L10.1,ENSG00000272741,chr3,196238229,196328222,350,0.33148203509348123,0.3432745033312721,0.1913748943166779,0.28038158606961394,0.2058988519126692,0.3053806482579906,0.25948945694940145,0.1151085128374357,0.16099970414602488
DYNLT2B,ENSG00000213123,chr3,196281218,196328299,219,0.3432352477606921,0.3117168257652418,0.2251673505303683,0.28900225256894596,0.2210198233568991,0.2694380571685615,0.23243563600276923,0.10411687810285206,0.14111929926864425
TM4SF19-DYNLT2B,ENSG00000273331,chr3,196306081,196348373,191,0.40917688013179737,0.4390695248069639,0.3060891215401944,0.3339844820290763,0.3119265138456976,0.3694925816426968,0.3053704921256175,0.20866572963390828,0.2727878191509876
TM4SF19,ENSG00000145107,chr3,196309341,196348503,173,0.36497059579126345,0.43697896164382977,0.30667133532020807,0.3425164090119984,0.321606955614149,0.33113556497167196,0.30287265381136086,0.24330271826314387,0.27156562942345497
UBXN7,ENSG00000163960,chr3,196337661,196442430,469,0.4189093091914659,0.5114121387524866,0.45057076217463565,0.3852348309004328,0.4285798854932783,0.33010455769607366,0.32156014985651726,0.3861314067180032,0.3946758145575597
RNF168,ENSG00000163961,chr3,196458782,196513768,423,0.4547813890475721,0.3775384941398928,0.32067664012563346,0.5238613379148452,0.35202892463819224,0.3469919495218484,0.39110521519417685,0.12708154100920382,0.0829682753368754
SMCO1,ENSG00000214097,chr3,196496878,196525346,232,0.3902336103520745,0.3863736034490751,0.4545952395417756,0.33842769120917654,0.4732313064435687,0.1884106467151988,0.13025563165748383,0.2999583639883987,0.35811337904611373
WDR53,ENSG00000185798,chr3,196544176,196578674,197,0.4015798760159705,0.2937933442927353,0.32933336629330356,0.4229337138701811,0.31819515685061905,0.230913254256959,0.2573168467288714,0.11693411659778391,0.09053052412587148
FBXO45,ENSG00000174013,chr3,196558610,196599059,248,0.32922685130049356,0.287675607174688,0.30549920169920325,0.327054095908197,0.24376210873275453,0.18699208735330333,0.2279564574662438,0.15222977607390445,0.11126540596096388
NRROS,ENSG00000174004,chr3,196629693,196672004,313,0.34584218363704805,0.4724245242329192,0.39760658907807533,0.3053561743701186,0.4073611012935606,0.27851272422764123,0.24032469124135009,0.3609506176166286,0.39913865060291975
PIGX,ENSG00000163964,chr3,196629774,196746007,808,0.3832536325374221,0.4174061151691772,0.36203005838012603,0.3640887442579953,0.36508674451976286,0.28704911702704006,0.26934714813273153,0.2532158138274128,0.2709177827217214
CEP19,ENSG00000174007,chr3,196696276,196722250,210,0.3120881740980815,0.32672313491600125,0.19376723500102055,0.28605569009750553,0.2135818957700027,0.27715523297528577,0.24614113638490231,0.11844341153310589,0.1494575081234893
PAK2,ENSG00000180370,chr3,196729856,196842647,854,0.33118260609435124,0.5485031733781588,0.4770304360853418,0.3587017924803871,0.4582562591668601,0.2745995663930832,0.3132427251686415,0.5205873682797677,0.48194420950420946
SENP5,ENSG00000119231,chr3,196857855,196944714,485,0.41404258176813796,0.5590768174702611,0.436249804922735,0.42503447467731226,0.47806574231955995,0.3901243615157143,0.361058080876906,0.42876024646725897,0.45782652710606714
NCBP2,ENSG00000114503,chr3,196925401,196952594,177,0.43373935243989487,0.6726845540246555,0.5442102686761031,0.34061255394380824,0.5816088397853955,0.4499040069384826,0.3309681996985163,0.6669268995469324,0.7858627067868986
NCBP2AS2,ENSG00000270170,chr3,196932673,196953543,151,0.3929786219203934,0.7229429968862345,0.5927319417417937,0.41015619602027803,0.47189235833314286,0.44221979265887973,0.5864871867202819,0.8413122138929285,0.6970448198315264
PIGZ,ENSG00000119227,chr3,196936355,196979060,301,0.37606555246907697,0.6634669551200473,0.5173648254744481,0.4221943272646067,0.5339732994532731,0.41613732908912754,0.43703212849396417,0.6729216039062155,0.6520268045013788
MELTF,ENSG00000163975,chr3,196978620,197039817,400,0.3216572045444392,0.3861291328758578,0.3436165936950673,0.3659201266319975,0.33776600067311585,0.22753150397120375,0.26570736206768464,0.26043918311297043,0.22226332501648957
DLG1,ENSG00000075711,chr3,197032559,197309330,1524,0.4248898209569577,0.35187778519251706,0.34091870674005104,0.3864225318771367,0.3212401303826548,0.28498062227704185,0.2673184403710846,0.14869537503818125,0.16635755694413853
BDH1,ENSG00000161267,chr3,197499782,197583323,601,0.30437349072297065,0.4014770385837368,0.37024036202453947,0.33866573446198694,0.3827517974938008,0.20690785882259027,0.22215109857104623,0.30638253095798035,0.2911392912095243
RUBCN,ENSG00000145016,chr3,197658866,197759727,433,0.37221555890496305,0.368013048613057,0.47246669670132563,0.3364014470993515,0.449325457977363,0.1424508341396411,0.13617656037937753,0.3164356974484286,0.32270997120869216
FYTTD1,ENSG00000122068,chr3,197727178,197797596,360,0.621711754631622,0.5585114630311933,0.6277238259866369,0.553378378224723,0.6157349757224548,0.4007913731439752,0.3336119763036149,0.4168118499617755,0.4839912468021359
LRCH3,ENSG00000186001,chr3,197781225,197898436,750,0.48187347546612747,0.45811505613431874,0.48416926257389525,0.4147389729083693,0.433106366776128,0.30413039795081154,0.290407661650714,0.3085711828170394,0.32229391911713695
IQCG,ENSG00000114473,chr3,197879076,197970142,511,0.2997421305770219,0.4404955478279587,0.3889971638706249,0.2942480583948599,0.3557773950765978,0.22217837134860458,0.24474215089677268,0.3585254225011637,0.33596164295299547
RPL35A,ENSG00000182899,chr3,197940189,197966610,137,0.40500429303632257,0.3321702119482716,0.32897511966444853,0.35754275574092137,0.31275704814665856,0.26198698582942714,0.23555477448969378,0.1417349603910122,0.1681671717307456
LMLN,ENSG00000185621,chr3,197950199,198053720,360,0.35690231342772816,0.411346187065655,0.3764623378134769,0.350027111849245,0.37543355682276525,0.24951477699705427,0.24502204433986857,0.2804022450600511,0.2848949777172368
