gene_name,gene_id,chrom,start,end,n_snps,fst_afr_sas,fst_afr_mel,fst_mel_sas,fst_afr_eur,fst_eur_mel,pbs1_african,pbs2_african,pbs3_melanesian,pbs4_melanesian
POLR3K,ENSG00000161980,chr16,36406,63608,0,,,,,,,,,
SNRNP25,ENSG00000161981,chr16,43827,67669,0,,,,,,,,,
RHBDF1,ENSG00000007384,chr16,48058,86355,0,,,,,,,,,
MPG,ENSG00000103152,chr16,67006,95851,0,,,,,,,,,
NPRL3,ENSG00000103148,chr16,74270,148677,0,,,,,,,,,
HBZ,ENSG00000130656,chr16,132727,164503,136,0.4188307637952506,0.6066768539718722,0.5886203341677386,0.35425317227070857,0.5967001392221336,0.2937991504562917,0.23119829384967427,0.6393245999981421,0.7019254566047596
HBM,ENSG00000206177,chr16,143891,176764,92,0.505621954039874,0.6129232728593166,0.511309046306473,0.5004948981787068,0.4748095372910977,0.4687810688325758,0.49963775763903095,0.4803512754255274,0.4494945866190722
HBA2,ENSG00000188536,chr16,162875,183710,69,0.26317353338007765,0.422686471703939,0.4617198059367076,0.303270889704565,0.3278101209135692,0.11769830475933435,0.25675697897586786,0.431671478694016,0.29261280447748245
HBA1,ENSG00000206172,chr16,166679,187522,106,0.24614501653301146,0.5305172920459544,0.5562103335202376,0.22253715118890313,0.4192604816914209,0.11313725896742194,0.23219513734663838,0.6429865528134731,0.5239286744342565
HBQ1,ENSG00000086506,chr16,170458,191179,124,0.26211160151345675,0.5634452555625453,0.5548077572137832,0.2821761555535243,0.44372326741101975,0.16177754914696846,0.2869415943594831,0.6670639456097949,0.5418999003972804
LUC7L,ENSG00000007392,chr16,178968,239463,457,0.3126175329669794,0.5032037066956898,0.5087731134752553,0.3516912115720898,0.48017610758036294,0.18179523169781497,0.2393490935610763,0.5177799778355804,0.4602261159723191
FAM234A,ENSG00000167930,chr16,224520,282183,0,,,,,,,,,
RGS11,ENSG00000076344,chr16,258300,285980,0,,,,,,,,,
ARHGDIG,ENSG00000242173,chr16,270449,293010,0,,,,,,,,,
PDIA2,ENSG00000185615,chr16,273163,297215,0,,,,,,,,,
AXIN1,ENSG00000103126,chr16,277439,362723,650,0.3079673970381371,0.46924769868744826,0.4461284443259253,0.2562456572104916,0.4395194630593547,0.20537979236631781,0.17527178200373006,0.42808005007849714,0.45818806044108484
MRPL28,ENSG00000086504,chr16,356968,381289,164,0.3511171018673889,0.7256651401867018,0.6656471396007333,0.31041057256334653,0.7056246208517875,0.31517522005885823,0.2210825838106779,0.9782305826042897,1.0723232188524698
PGAP6,ENSG00000129925,chr16,360787,397113,197,0.35930972844930237,0.6301502311467014,0.621027278501921,0.3283827596361,0.6459348400980717,0.2347882345201871,0.17722537709010155,0.7598701514024512,0.817433008832537
NME4,ENSG00000103202,chr16,386724,420367,247,0.38233723838347466,0.5284713040300127,0.37086168047581664,0.35423776140837887,0.4469282611067488,0.3850919193929515,0.29841582664142297,0.3666833983496295,0.453359491101158
DECR2,ENSG00000242612,chr16,391857,422487,224,0.41346077658306907,0.512228603292433,0.38559565309441146,0.3557918182986661,0.40750228447291176,0.3821610730759617,0.3171167561147165,0.3357473591794524,0.40079167614069744
RAB11FIP3,ENSG00000090565,chr16,415648,533011,624,0.325162501169216,0.3415959102022672,0.25752657546538754,0.3744067328573014,0.2724115575982459,0.2567257883319284,0.28448577647581386,0.16121062958468993,0.13345064144080448
CAPN15,ENSG00000103326,chr16,517711,564636,307,0.46958130936155446,0.4465764416112025,0.4908392314358836,0.4316152975505583,0.46821496988534844,0.2753643918638049,0.26253624435218165,0.3162672503991024,0.3290953979107255
PRR35,ENSG00000161992,chr16,550393,575529,142,0.4455273251774471,0.6162819479045969,0.6155706604523865,0.410863985846576,0.6320084115359704,0.29579485426892577,0.24362511751771504,0.6620523811460899,0.7142221178973007
PIGQ,ENSG00000007541,chr16,556994,594109,232,0.4125981583802186,0.7627872407295977,0.6552467502935911,0.3461140340895025,0.6329927355274995,0.45295880552397494,0.4306232459867839,0.9858390165907198,1.0081745761279106
NHLRC4,ENSG00000257108,chr16,557004,579495,139,0.45909996755559307,0.7213030993273811,0.6442389856986828,0.42178114663002375,0.6325192519537662,0.4293275918179359,0.4121744800854419,0.8483028733961212,0.8654559851286152
RAB40C,ENSG00000197562,chr16,579356,639272,305,0.24842120117876562,0.6602333998864324,0.5873396790463251,0.17908755482681948,0.6292177480259804,0.23997254769952642,0.14234743805643585,0.839523819655208,0.9371489292982985
WFIKKN1,ENSG00000127578,chr16,619238,644117,122,0.2821924844285763,0.6483788409901025,0.559355498146562,0.24942516490147532,0.5926253714148735,0.2786189594702685,0.21704740072241702,0.7665819763025052,0.8281535350503566
METTL26,ENSG00000130731,chr16,624426,646366,107,0.27158808019406405,0.656661304796898,0.5831910313866651,0.1858126965099261,0.6086090876281276,0.2553995826790567,0.1682771318904444,0.8136382867730405,0.9007607375616529
MCRIP2,ENSG00000172366,chr16,626816,658474,177,0.3229879698525432,0.706191008747647,0.646219298805051,0.22909302196625522,0.64071911517167,0.28790680143953007,0.23068109436691753,0.936918610961527,0.9941443180341396
WDR90,ENSG00000161996,chr16,639310,677833,298,0.4186876643040442,0.7645806853800226,0.6037602122333365,0.33497507563367446,0.6481637289486035,0.5315591973059303,0.40486422271741085,0.9148278400036562,1.0415228145921758
RHOT2,ENSG00000140983,chr16,658104,684174,203,0.4803834064665929,0.7345586713818159,0.5605518266613005,0.47072368781441665,0.6248130854738082,0.5793950080098549,0.4911375814860986,0.7469664391999071,0.8352238657236635
RHBDL1,ENSG00000103269,chr16,665670,688268,136,0.4388001963655311,0.6526956959696932,0.5627074615422103,0.4282096327627787,0.5836164646322025,0.4040396618359361,0.37019414432596354,0.6535142646416738,0.6873597821516464
STUB1,ENSG00000103266,chr16,670223,692870,103,0.453370756344858,0.616503917797818,0.5077102548488721,0.37438067974052264,0.5629628967282362,0.42686127855446476,0.2998509493044766,0.5315645955729822,0.6585749248229703
JMJD8,ENSG00000161999,chr16,671669,694528,90,0.42916388235329744,0.6064463342352787,0.5345495622320476,0.33375886252539866,0.5211948633081552,0.3642206504149314,0.30108993421288555,0.5683171894122396,0.6314479056142854
WDR24,ENSG00000127580,chr16,674621,700444,67,0.3848895144495849,0.48969235398862815,0.4032491356282496,0.2209441625934018,0.44175803047850976,0.3212196591848653,0.1697256457831306,0.35152184847417944,0.5030158618759141
FBXL16,ENSG00000127585,chr16,682497,715808,31,0.4466776958399923,0.5209271613157429,0.33653713251922207,0.40250024447255445,0.4655328008102546,0.45871742821268413,0.31220955786502363,0.2771852008601129,0.4236930712077734
METRN,ENSG00000103260,chr16,705117,729655,113,0.3504396108696522,0.2507198673558087,0.31567042726816114,0.18090534429866048,0.20003608931643138,0.17039308995604086,0.13250465981057163,0.11824926656201071,0.15613769670747996
ANTKMT,ENSG00000103254,chr16,710580,732590,134,0.3416039791102277,0.24147468553365883,0.3037990241661989,0.19379047492060594,0.1990470424727819,0.16610543883336665,0.13491882831926327,0.11027366753826742,0.14146027805237082
CCDC78,ENSG00000162004,chr16,712581,736954,171,0.3527034540778266,0.24609372084965758,0.27252886183092495,0.19109858707633934,0.20843953657490485,0.1996285065709537,0.13040821875137426,0.08285871033798489,0.15207899815756432
HAGHL,ENSG00000103253,chr16,716935,745525,224,0.37802422937360664,0.27655874343724807,0.2981688391108958,0.21908311467050723,0.22423639891369157,0.22226382758236088,0.15855752113834395,0.1014721020416686,0.1651784084856856
CIAO3,ENSG00000103245,chr16,719759,751329,212,0.3939252822472869,0.33117860674314614,0.2990860213039866,0.19716540295950968,0.2702577903625094,0.27381006116921675,0.1533904265148888,0.12842816902881832,0.2488478036831462
MSLN,ENSG00000102854,chr16,750733,778865,221,0.3035473144288659,0.4960015926814345,0.39703433604210153,0.3190280810677615,0.4036769693801693,0.2705212824322674,0.27622180933434604,0.41466088856570554,0.4089603616636268
MSLNL,ENSG00000162006,chr16,759427,793370,355,0.3127062872473985,0.4106855755930661,0.3117718502930341,0.32647149513472035,0.34881296909838166,0.2650770379102088,0.247530995305557,0.2637183723395448,0.28126441494419663
RPUSD1,ENSG00000007376,chr16,774973,798397,288,0.32561619306848005,0.3801962382843894,0.3302921125387002,0.307015445848316,0.3466115256256508,0.23569729876561452,0.20975825669666298,0.24265506564022987,0.26859410770918135
CHTF18,ENSG00000127586,chr16,778045,810737,403,0.32563291022379076,0.41821648111951526,0.3394478207940253,0.3249745978547823,0.39140574519227495,0.2604791876479544,0.21902916778211992,0.28117767348373224,0.32262769334956676
GNG13,ENSG00000127588,chr16,788040,810734,272,0.2919521194488916,0.3586201117946756,0.27950384933026634,0.26136862181308046,0.34299879875796113,0.2307808509208631,0.16351010515731332,0.2133524973815706,0.28062324314512044
LMF1,ENSG00000103227,chr16,843633,991318,1259,0.33055778260173563,0.42834282713120725,0.3769473318543684,0.3105082346777938,0.38239564711771645,0.2437010079396905,0.22455455398453078,0.31551480747501914,0.33466126143017894
SOX8,ENSG00000005513,chr16,971769,996979,209,0.3406288164577101,0.3655952537290565,0.31769438979865194,0.34370866792240845,0.32584417287034945,0.24462958239764632,0.24096230737695756,0.21043854478026347,0.21410581980095222
SSTR5,ENSG00000162009,chr16,1068780,1090142,186,0.2929110870229857,0.21129703070978242,0.21119966410578192,0.33621140159059576,0.2940460738416136,0.1733611519969659,0.14947587293251305,0.06400434179787592,0.08788962086232871
C1QTNF8,ENSG00000184471,chr16,1078225,1106244,213,0.28452927358529295,0.28378913455792565,0.22627306670702707,0.31882150871263537,0.3265483270729585,0.20602948892872494,0.1611862575890877,0.12775116164342828,0.1725943929830655
CACNA1H,ENSG00000196557,chr16,1143105,1231771,345,0.315997171221917,0.7291640083042179,0.6903638595588681,0.3249859433147577,0.6739270998123691,0.25683882617088605,0.289314649601362,1.049403011831521,1.0169271884010453
TPSG1,ENSG00000116176,chr16,1211650,1235257,89,0.5375466839101515,0.8032420187722632,0.7075783685410755,0.47633866551603943,0.7870424953651192,0.5837159588226956,0.3630141485467554,1.0420648683594607,1.2627666786354006
TPSB2,ENSG00000197253,chr16,1217271,1240184,70,0.5248730805696469,0.8095721200387221,0.7149190851563709,0.5772321963054425,0.7135564106747019,0.573836411768817,0.6346001294762481,1.0846453272075864,1.0238816095001553
TPSAB1,ENSG00000172236,chr16,1230378,1252554,8,0.3892677819945037,0.30118733104319395,0.48155496871306336,0.20920791964502936,0.3504061481589571,0.09727399188547675,0.08084240952456928,0.2610985794120795,0.2775301617729869
TPSD1,ENSG00000095917,chr16,1246058,1269008,21,0.15489193994857448,0.08199321555126801,0.27580728962251105,0.24934491964612887,0.2596288821336876,0.0,0.035877901630421566,0.11997873364924894,0.04967259629150611
UBE2I,ENSG00000103275,chr16,1298879,1337018,385,0.7034706156709666,0.761099539593279,0.7559811775357232,0.6857923730404935,0.7379962435586663,0.6184036717595572,0.625006569466499,0.8133046256983618,0.8067017279914197
BAIAP3,ENSG00000007516,chr16,1323637,1359441,296,0.6987256522566039,0.7250236118937744,0.6595018578567332,0.6973334248340307,0.7038989162060533,0.706729205912116,0.6345695770730186,0.5843408405216604,0.6565004693607578
TSR3,ENSG00000007520,chr16,1339239,1361878,146,0.6498501317809057,0.7193769926177896,0.6298497017021146,0.6488068374570062,0.6400330079495966,0.6631454990899908,0.6477095334602921,0.6075976220632947,0.6230335876929937
GNPTG,ENSG00000090581,chr16,1341930,1375737,226,0.6585805339338877,0.7910371493200559,0.7115056366486577,0.6674314618274748,0.7517886952955645,0.6985812558252529,0.6365166202753102,0.8670175349339619,0.9290821704839045
UNKL,ENSG00000059145,chr16,1353204,1424751,542,0.7551699835335485,0.8551137405489074,0.8426153538222404,0.7601055741644315,0.8554519404235087,0.7449674436280659,0.7126096861141609,1.186838818328619,1.219196575842524
C16orf91,ENSG00000174109,chr16,1409751,1430756,134,0.6414299582228231,0.7865088401658423,0.7369559224872716,0.6892718548422815,0.7492316298022499,0.6171787254155342,0.6648855698441409,0.9269811276841767,0.87927428325557
PERCC1,ENSG00000284395,chr16,1421077,1444441,238,0.5403442998710238,0.5615159097445551,0.56360419035741,0.523733074880598,0.5555968541878719,0.3862518352926074,0.37759271121773774,0.43817991473517637,0.4468390388100461
CCDC154,ENSG00000197599,chr16,1424382,1454556,349,0.4556205968151531,0.5655347031050881,0.4806294737098385,0.44275400750293287,0.4550879121269463,0.3933051611831937,0.40562845042541523,0.44033404533978904,0.42801075609756745
CLCN7,ENSG00000103249,chr16,1434933,1485084,546,0.34834586390836575,0.35775348869182666,0.3700676027499698,0.321228493078907,0.32343463593463595,0.20444081380200327,0.2197637910279233,0.23834226118905394,0.22301928396313397
PTX4,ENSG00000251692,chr16,1475885,1498981,165,0.29929850074545833,0.599311553972732,0.4779691683950468,0.3139868078701403,0.5594739465707208,0.31010788585811366,0.2358219134662053,0.6044632103691507,0.678749182761059
TELO2,ENSG00000100726,chr16,1483343,1520457,262,0.32140040497630673,0.6568229472509582,0.6657059192392424,0.3014116638452425,0.6947134117694835,0.18074930377761156,0.12084905449433814,0.888759472445465,0.9486597217287385
IFT140,ENSG00000187535,chr16,1500426,1622072,755,0.32274118684225006,0.6948329913887515,0.6644460981257647,0.3078116208516921,0.6877886719436016,0.2423125969083334,0.19535911614073043,0.944583486110504,0.9915369668781067
TMEM204,ENSG00000131634,chr16,1518687,1565580,326,0.34758648114257873,0.6952723046433866,0.6685913119781199,0.34484840819714246,0.6808701371667903,0.2555052158869898,0.23453408500528106,0.9328314873823784,0.9538026182640873
CRAMP1,ENSG00000007545,chr16,1602336,1687908,447,0.2796695263320593,0.6738422307665219,0.6592127248821278,0.299285659087685,0.6730784584424725,0.18596120902870072,0.17899698314767676,0.9344128509511171,0.9413770768321409
LA16c-431H6.6,ENSG00000261732,chr16,1622258,1696715,382,0.2624098911735306,0.683440625283354,0.6788577656180952,0.25188277140330045,0.6661229362812738,0.1593701588476819,0.17172881062827805,0.9908742983035951,0.9785156465229989
JPT2,ENSG00000206053,chr16,1668255,1712280,179,0.26822763014053613,0.6482657674589741,0.6789041833111066,0.2328755868940772,0.6659160505178204,0.11057474361549491,0.10681136062185348,0.9343046661308609,0.9380680491245024
MAPK8IP3,ENSG00000138834,chr16,1696182,1780351,260,0.26278291746259447,0.5726727033934171,0.610922475512521,0.29129561929140035,0.6288293248597218,0.10555063728169417,0.10171428363920071,0.7446544194933736,0.748490773135867
NME3,ENSG00000103024,chr16,1760319,1781561,5,0.0,,,,,,,,
MRPS34,ENSG00000074071,chr16,1761889,1783150,0,,,,,,,,,
EME2,ENSG00000197774,chr16,1762809,1791708,0,,,,,,,,,
SPSB3,ENSG00000162032,chr16,1766711,1803700,0,,,,,,,,,
NUBP2,ENSG00000095906,chr16,1772931,1799186,0,,,,,,,,,
IGFALS,ENSG00000099769,chr16,1780412,1804971,0,,,,,,,,,
HAGH,ENSG00000063854,chr16,1785619,1837157,182,0.2096857096421936,0.6073853056719095,0.5602962684858788,0.37823934028619927,0.6430048714401014,0.1742985150035441,0.1900467392812497,0.760628054593935,0.7448798303162294
FAHD1,ENSG00000180185,chr16,1816940,1850207,84,0.16503997280812063,0.6361345727281358,0.6473745808866651,0.2174997491917502,0.7033183525549939,0.07449684539791257,0.020568305926563224,0.9364743396024121,0.9904028790737616
MEIOB,ENSG00000162039,chr16,1823985,1894294,374,0.44577238474485137,0.6090046342173064,0.4829311540188569,0.5332633978963597,0.4931613512709384,0.4348300705360134,0.5107435998922683,0.504229500749171,0.42831597139291616
HS3ST6,ENSG00000162040,chr16,1901474,1928415,200,0.2870091877751253,0.7150563440346772,0.6166036663960949,0.24251560363570643,0.6124664064591516,0.3175322750459476,0.2926317081788739,0.9379315415797257,0.9628321084467995
MSRB1,ENSG00000198736,chr16,1928228,1953293,180,0.3777538552768733,0.5437337387754206,0.4564397624467847,0.3182380893517972,0.5548801921381823,0.324741760620182,0.1791708592448622,0.4599369730602067,0.6055078744355264
RPL3L,ENSG00000140986,chr16,1933973,1967606,304,0.4733398471504838,0.5992171469517006,0.46757009433599117,0.37210878308688167,0.5528493114205826,0.46261564951825124,0.28743211533747204,0.45171986242401907,0.6269033966047982
NDUFB10,ENSG00000140990,chr16,1949537,1971975,215,0.4498137378674021,0.4805861987611037,0.4806179734792485,0.4267969881392515,0.45588424056968485,0.2987186118020644,0.30148823774225736,0.3563357968009825,0.35356617086078945
RPS2,ENSG00000140988,chr16,1952057,1974841,224,0.42346852073574354,0.4441610371839572,0.48007090717658646,0.4607008553544529,0.45728009296280825,0.24196958095505033,0.29679980374179393,0.34530708095183105,0.29047685816508756
RNF151,ENSG00000179580,chr16,1956822,1978975,242,0.36753957218659145,0.4265249216835707,0.37821305650406584,0.3666543889288332,0.4841829638419353,0.26951032217154897,0.17538832904535884,0.28653047660572684,0.38065246973191685
TBL3,ENSG00000183751,chr16,1962052,1992929,206,0.3075415257697761,0.44173994020487195,0.34179122091789244,0.25846567431321693,0.33698301370679834,0.2661021356871861,0.2355047628331889,0.3168282325039463,0.3474256053579434
NOXO1,ENSG00000196408,chr16,1968916,1994192,122,0.1987910481429981,0.1596541656036511,0.09291219573483817,0.12018302575311399,0.07403634075805833,0.14902962012284218,0.1125314256125525,0.02491214413555977,0.061410338645849424
GFER,ENSG00000127554,chr16,1974192,1997749,84,0.10144383175202919,0.06950072785056281,0.12285025761418115,0.09844987344923448,0.05612654876060886,0.02396124458606466,0.05895522089537834,0.04807274052854126,0.01307876421922758
SYNGR3,ENSG00000127561,chr16,1979659,2004275,27,0.16864132402379106,0.15254800378273917,0.1899086816997265,0.1302786006159238,0.04468205528276199,0.06980337073823407,0.12969618233547428,0.095717712225046,0.03582490062780583
ZNF598,ENSG00000167962,chr16,1987653,2019821,0,,,,,,,,,
NPW,ENSG00000183971,chr16,1999925,2030755,28,0.43460768342661243,0.45343092347091285,0.0003487624744863605,0.4842665582252526,0.4720194647201947,0.5869905905928869,0.31378197652085354,0.0171039907198004,0.29031260479183385
SLC9A3R2,ENSG00000065054,chr16,2015355,2049026,110,0.5107047710824023,0.554835320713628,0.4119591411645465,0.47105548266166836,0.3923183885151641,0.4965706926731155,0.47403926737313684,0.3127403067881733,0.3352717320881519
NTHL1,ENSG00000065057,chr16,2029814,2057866,115,0.526047427972515,0.635723957792135,0.5660186849157252,0.4004301749050204,0.49239914975955584,0.46086878186834923,0.4216631559975569,0.5489745591710473,0.5881801850418398
TSC2,ENSG00000103197,chr16,2037966,2099491,312,0.3163877571149259,0.5583829641078482,0.5348354381936473,0.2565687177119168,0.5336176856611033,0.2161562929691893,0.17552079245668922,0.6011559141398315,0.6417914146523316
PKD1,ENSG00000008710,chr16,2078707,2145898,195,0.3616538985579853,0.6136380546216923,0.6342884060626183,0.29212554824350284,0.5324546186329416,0.19697253979882146,0.26810516652912747,0.7540081267407108,0.6828755000104048
RAB26,ENSG00000167964,chr16,2130802,2164165,104,0.6942341231332654,0.7871665327418134,0.8571856674299756,0.6195562249244534,0.7810351532942686,0.392985487553826,0.49740903102625045,1.154259775376476,1.0498362319040515
TRAF7,ENSG00000131653,chr16,2145697,2188129,168,0.6573948014545057,0.7103306577615054,0.7782680383744907,0.5813832089461919,0.6273210938030882,0.40195285922884727,0.561388245848937,0.8370623464719871,0.6776269598518974
CASKIN1,ENSG00000167971,chr16,2167179,2206605,178,0.46664238157022625,0.38347376396589267,0.3862749159359577,0.47935691403888886,0.39502569633906487,0.3120046649187098,0.31688781672190447,0.1716497359426174,0.1667665841394228
MLST8,ENSG00000167965,chr16,2194247,2219453,144,0.4180543997603347,0.3301243521876259,0.25798847539405023,0.3940097917861589,0.28761499563791826,0.3218254929897557,0.28120892897875915,0.07883769111327177,0.11945425512426827
BRICD5,ENSG00000182685,chr16,2199252,2220905,119,0.3875219254895566,0.3870954515957761,0.2843186640967258,0.3469193813437736,0.28008786322976764,0.32263396432078384,0.29348732957535917,0.16691210307756907,0.19605873782299382
PGP,ENSG00000184207,chr16,2201592,2224840,120,0.4042011584330974,0.4394872171721256,0.34912878124918595,0.42312546576840515,0.3111453024045729,0.3336559683246532,0.3781543963495454,0.24524726228958094,0.20074883426468865
E4F1,ENSG00000167967,chr16,2213579,2245742,176,0.4635235433482957,0.477599064904371,0.4767985980866003,0.4126304823443118,0.47324489194477226,0.312131856386643,0.2702007686102577,0.33718805463558504,0.3791191424119702
DNASE1L2,ENSG00000167968,chr16,2225815,2248711,147,0.348798639463146,0.4919507788799127,0.3979411386356416,0.41769864436872256,0.4556377889282855,0.29935662852391937,0.3049018458454976,0.37782031560478346,0.37227509828320526
ECI1,ENSG00000167969,chr16,2229401,2262300,193,0.3579910652234096,0.30923889970808094,0.3318355214128409,0.3530180511312586,0.36308573837556946,0.20494669668142013,0.17713895020009326,0.16501454871401372,0.1928222951953406
RNPS1,ENSG00000205937,chr16,2243115,2278397,167,0.261354837065873,0.1816755520381274,0.19224270241372415,0.2189770130629803,0.17898622564548602,0.14497018863477906,0.12521584505424743,0.055526196733526156,0.0752805403140578
ABCA3,ENSG00000167972,chr16,2265880,2350746,442,0.4972448429759772,0.5750702977834934,0.5238852522870617,0.41033042994195773,0.5066608741564336,0.40069356793020583,0.3387330103102601,0.45513796235808257,0.5170985199780285
CCNF,ENSG00000162063,chr16,2419393,2468854,263,0.6231068731397004,0.8567669296341404,0.7292255146812257,0.5465989914780196,0.6549778109255731,0.8063033828139585,0.8350569407524516,1.136978729994704,1.108225172056211
TEDC2,ENSG00000162062,chr16,2450085,2474963,117,0.5492978252740885,0.7094207627681723,0.7160319417905068,0.5820071185243855,0.6919136818534674,0.3869669920833537,0.46539728667137026,0.8489119862441425,0.7704816916561261
NTN3,ENSG00000162068,chr16,2461296,2484145,92,0.3086719212924143,0.4986491479184253,0.42121443803456904,0.2617480246470713,0.5934034393306127,0.25638333486620796,0.04699268274837598,0.43406578457314016,0.6434564366909723
TBC1D24,ENSG00000162065,chr16,2465050,2519560,250,0.3532652362574501,0.46588985507246394,0.530393040494451,0.29182402882388103,0.5480771075911449,0.15355651162802925,0.08898608048806678,0.47359668575414493,0.5381671168941073
RP11-20I23.1,ENSG00000260272,chr16,2486031,2530218,215,0.20765287978989438,0.25832258249476786,0.24828041923672955,0.14509426220614194,0.21649329969393658,0.12310232761860895,0.10581463824991169,0.17573855002368366,0.1930262393923809
ATP6V0C,ENSG00000185883,chr16,2503951,2530218,134,0.20066512042397736,0.18912875547606087,0.0,0.18588467848741821,0.0,0.21681064824804155,0.20764962462056735,0.0,0.0019963742262320977
RP11-20I23.3,ENSG00000259784,chr16,2503964,2537955,176,0.14677386583261107,0.31204303834278435,0.31976063415862116,0.1611895430673532,0.3356985756179306,0.07372456333232691,0.0703901160506964,0.300304435403949,0.30363888268557954
AMDHD2,ENSG00000162066,chr16,2510356,2541422,142,0.13474790521078814,0.383314924950439,0.3555363677480368,0.14712452450775038,0.38088623317825376,0.09439714399819657,0.08153614652388325,0.3889996545935044,0.4018606520678177
CEMP1,ENSG00000205923,chr16,2520034,2541417,100,0.19439282087595758,0.39125039615787816,0.41935085304898156,0.19895201873674664,0.44822238129324765,0.08444934951611727,0.06178625441281327,0.4118989058421271,0.43456200094543107
PDPK1,ENSG00000140992,chr16,2527978,2613188,77,0.14490706989723462,0.24497958940436823,0.4265312455638199,0.1722986262292621,0.42065394412661294,0.0,0.0,0.3402585982797311,0.31888147412982026
KCTD5,ENSG00000167977,chr16,2672522,2719030,0,,,,,,,,,
PRSS27,ENSG00000172382,chr16,2702418,2730551,70,0.43741058432645663,0.040265670402656696,0.037003197807217905,0.3495355310413635,0.04099025974025975,0.28929939065006854,0.21465666450088772,0.0,0.0
SRRM2,ENSG00000167978,chr16,2742625,2782538,199,0.5263286603979366,0.44137961403654924,0.48627213925394447,0.6842859066550966,0.626671851660478,0.33173254900298327,0.3749529412003748,0.2505525823909748,0.20733219019358307
ELOB,ENSG00000103363,chr16,2761413,2787280,86,0.4901843146519843,0.4240910773221261,0.48604378663704967,0.6044505401927172,0.5745022748639279,0.27994728291867277,0.31239475850794246,0.2718584682208269,0.23941099263155718
PRSS33,ENSG00000103355,chr16,2773952,2797948,12,0.34510108075507284,0.28526983728089467,0.40677324433500667,0.4308748224074536,0.5696719542283337,0.11847300677735884,0.028148805795525367,0.21737719554056362,0.30770139652239703
PRSS41,ENSG00000215148,chr16,2788469,2815304,0,,,,,,,,,
PRSS21,ENSG00000007038,chr16,2807179,2836304,0,,,,,,,,,
ZG16B,ENSG00000162078,chr16,2820168,2849585,0,,,,,,,,,
PRSS22,ENSG00000005001,chr16,2842729,2868170,0,,,,,,,,,
FLYWCH2,ENSG00000162076,chr16,2873212,2909382,231,0.2694599449966775,0.14606600996943347,0.14793031598319864,0.35452746283045683,0.31391873553078165,0.15589281673268257,0.10945740046593574,0.0020085664944757,0.048443982761222526
FLYWCH1,ENSG00000059122,chr16,2901930,2961208,545,0.297289786532454,0.6097334743021254,0.5461442348740095,0.33060168259658484,0.5370972289587882,0.2518801154749647,0.28603156657079576,0.6890452585690757,0.6548938074732445
KREMEN2,ENSG00000131650,chr16,2954215,2978383,174,0.26070028984589155,0.4535445055066321,0.30454541768979065,0.29869494672895514,0.29958247732334115,0.2715823592655687,0.3015180345632492,0.33272005275676464,0.30278437745908415
PKMYT1,ENSG00000127564,chr16,2958023,2990479,217,0.297531579937764,0.46747205288191473,0.4790271194441677,0.276403809575974,0.4453400135218315,0.16560872054905507,0.18212085010150397,0.4645111793758141,0.44799904982336525
PAQR4,ENSG00000162073,chr16,2959269,2983484,157,0.20828864923239773,0.27798659228229,0.3400435896227614,0.24496316845723226,0.320171411080502,0.0718442443446963,0.1103928648657955,0.25386732567090364,0.2153187051498044
LINC00514,ENSG00000262152,chr16,2978255,3012016,201,0.48997737453166984,0.7750297268347178,0.8200477597217265,0.43169142049233716,0.7801603732838371,0.22501170013502847,0.2710103854210546,1.26677530463662,1.2207766193505938
CLDN9,ENSG00000213937,chr16,3002922,3024505,121,0.3971898234068374,0.6031527270202548,0.5211130828493188,0.41360498338132173,0.47984443640781016,0.3470329573766887,0.4021690252251928,0.5771708177571726,0.5220347499086686
CLDN6,ENSG00000184697,chr16,3004711,3030071,134,0.3618697971090097,0.5737450891312672,0.3487732171742898,0.39705698396025735,0.5028002300729574,0.4365166646608809,0.32994346737594465,0.41620106469023055,0.5227742619751667
TNFRSF12A,ENSG00000006327,chr16,3008444,3032383,127,0.2787834605691799,0.4617235856892729,0.24452305455791787,0.3728578651043731,0.3784758792889552,0.3328964554280355,0.3051922924109318,0.28648661408600695,0.3141907771031105
HCFC1R1,ENSG00000103145,chr16,3012624,3034286,118,0.23091176013902268,0.21065568968042672,0.20738663016750575,0.3452481147815054,0.33807889808228325,0.13334125242945466,0.12372133492526402,0.10321141265872757,0.11283133016291824
THOC6,ENSG00000131652,chr16,3014026,3037755,130,0.3039529397780977,0.2685526973994772,0.2706028860876201,0.3208802632034632,0.32670191605440213,0.179765574783795,0.1520603981122207,0.1329645265238551,0.16066970319542936
BICDL2,ENSG00000162069,chr16,3017681,3046944,165,0.29138986716625875,0.2418996729498297,0.2925887526048278,0.36714464254513474,0.36115370413750114,0.13762311433008526,0.14318076929848159,0.139316430182196,0.13375877521379967
MMP25,ENSG00000008516,chr16,3036061,3070726,174,0.3444821668197895,0.5216308724406652,0.40320271344588127,0.2705816230860013,0.43186866583368044,0.32176230252340515,0.24373887630956032,0.415610308598332,0.49363373481217687
IL32,ENSG00000008517,chr16,3055296,3092192,251,0.4000910311824419,0.569568551367332,0.4469252024898709,0.3892431315486987,0.4379471329033396,0.3808412647153371,0.37993208172601456,0.462125939704138,0.4630351226934606
ZSCAN10,ENSG00000130182,chr16,3078889,3109295,218,0.3159407336648645,0.4135559726371009,0.3203288616752476,0.33371499812478495,0.3332566784690386,0.26362127548951036,0.26718284363596856,0.2700567749696774,0.2664952068232193
ZNF205,ENSG00000122386,chr16,3102559,3130517,158,0.37391055438220183,0.4746718442557403,0.3412577612022535,0.37854007134156137,0.34101484065114546,0.3472856129530719,0.35118086686299055,0.29644654014468363,0.2925512862347651
ZNF213,ENSG00000085644,chr16,3119776,3152804,216,0.3805652179712233,0.5171350396700005,0.363605349628885,0.3666023104165775,0.346219704978206,0.37751485982799804,0.3798455589430907,0.35050338983090173,0.34817269071580914
OR1F1,ENSG00000168124,chr16,3194246,3215188,165,0.34751467898121746,0.4590520161486453,0.3457396677545932,0.35514736231571287,0.3499364438850308,0.3085744221377179,0.3112402338345199,0.30585773076953443,0.30319191907273235
ZNF200,ENSG00000010539,chr16,3212324,3246221,218,0.4493035567433818,0.6834448845786094,0.48968533983420326,0.35433270543083856,0.5781023205880267,0.5370508453632261,0.36236819188457237,0.6132070668434062,0.7878897203220601
MEFV,ENSG00000103313,chr16,3232026,3266633,284,0.46180794288403276,0.6668300555605918,0.5421539911268224,0.37274111458824155,0.46158627284807774,0.468709998992836,0.47318524945685164,0.6303925765280081,0.6259173260639923
ZNF263,ENSG00000006194,chr16,3253799,3311401,327,0.3843021658754418,0.4983455453382406,0.46362954379012455,0.3755688362636177,0.4226611479975266,0.27595624572321464,0.30571599782364206,0.41388748790727314,0.3841277358068457
TIGD7,ENSG00000140993,chr16,3288807,3315729,141,0.24354061624649848,0.5708979423156396,0.5516560297806179,0.2361191562565098,0.4557382110056341,0.16148618901367645,0.2535395196008052,0.6845743026332357,0.592520972046107
ZNF75A,ENSG00000162086,chr16,3295405,3328852,219,0.3493928071978874,0.5537413984518491,0.6660004332386225,0.30306138413879247,0.5530808806626966,0.0700451485640129,0.1812684851207524,0.7368115223321099,0.6255881857753705
OR2C1,ENSG00000168158,chr16,3345888,3367306,118,0.7270195548997115,0.6090614854813391,0.5907877973065226,0.5700413865823118,0.530454073236063,0.6720193373846526,0.5136410707452967,0.26718564584792304,0.4255639124872787
LA16c-306E5.2,ENSG00000285329,chr16,3355098,3489550,981,0.5129192135500851,0.6259343097439954,0.6284344366680062,0.48992453941665126,0.5989811757510539,0.3563095953233394,0.37138677368147216,0.6270142592718513,0.6119370809137186
MTRNR2L4,ENSG00000232196,chr16,3360978,3382668,168,0.57153913083562,0.39554076880349787,0.595465524558565,0.4558279436498991,0.5059028952262328,0.22297930133087257,0.20344382136229278,0.2804417520601531,0.2999772320287328
ZSCAN32,ENSG00000140987,chr16,3372080,3411065,232,0.5615979740175443,0.6514123761809814,0.609590498294109,0.5271723634727048,0.5588315153445972,0.4689627423744629,0.4922807928173742,0.5849029066791815,0.5615848562362704
ZNF174,ENSG00000103343,chr16,3391214,3419364,194,0.6341747924409163,0.6635892307743588,0.5899988887923875,0.5767451928373762,0.5310104216770885,0.6017132819230397,0.5960142533462903,0.48770905631682504,0.49340808489357457
ZNF597,ENSG00000167981,chr16,3422413,3453504,224,0.433626915936833,0.7615446189322636,0.7055138983635312,0.4116209364967715,0.7504486775583581,0.38977592817512297,0.28793312841342866,1.0437971394575367,1.145639939219231
NAA60,ENSG00000122390,chr16,3433648,3496953,506,0.38521627107806017,0.6265259641888548,0.580571803895489,0.3927007386419431,0.6166342821776688,0.30126429644432257,0.26243725824589303,0.6836424962818328,0.7224695344802624
C16orf90,ENSG00000215131,chr16,3483483,3505489,148,0.555680794356401,0.702327638285908,0.6159113959390125,0.6187448832019751,0.49996203878459944,0.533045942308872,0.7414885618442425,0.6787159123497144,0.47027329281434405
CLUAP1,ENSG00000103351,chr16,3490975,3549048,349,0.29727860822127194,0.7093379594369696,0.7451081302349014,0.3231533850309046,0.7416484793549271,0.11073648722733209,0.13623525930034008,1.1248575721347496,1.0993588000617414
NLRC3,ENSG00000167984,chr16,3529032,3587403,0,,,,,,,,,
SLX4,ENSG00000188827,chr16,3571180,3621606,362,0.26556787607916515,0.65066233227962,0.6418010637957784,0.23154655820163322,0.6495682531069443,0.16685361748127847,0.1332511370721845,0.8848626777684466,0.9184651581775405
DNASE1,ENSG00000213918,chr16,3601727,3690143,513,0.3489947515212886,0.7524624986463931,0.7130088950620384,0.3289026824355147,0.7158592881329314,0.28856335275364886,0.2683743037636662,1.1076298350771991,1.127818884067182
TRAP1,ENSG00000126602,chr16,3641638,3727553,432,0.3579399804746181,0.7401563503435926,0.6971828602927707,0.3301279493580729,0.6688372595460462,0.29806125633033487,0.3215991844601248,1.0496139199935426,1.0260759918637525
CREBBP,ENSG00000005339,chr16,3715053,3890713,715,0.48785284146964497,0.6854032081185845,0.7371002197185103,0.5295263960721416,0.7685853790509073,0.2448121895507389,0.22346731404398312,0.911651296311804,0.9329961718185599
ADCY9,ENSG00000162104,chr16,3943386,4126442,1558,0.49678824051500936,0.6798970209961468,0.6245685864410215,0.47969806424434225,0.634194142416336,0.4230886259675059,0.3934029928633652,0.7160238996033521,0.745709532707493
SRL,ENSG00000185739,chr16,4179373,4252080,649,0.3761824659996056,0.5372109576170152,0.48038485241498563,0.3209854613437294,0.4852055718891098,0.2938572426750756,0.24680453689675275,0.47662671805482143,0.5236794238331443
TFAP4,ENSG00000090447,chr16,4247185,4283075,211,0.31476183352809256,0.14758841340808548,0.12608913770789015,0.24962282368679564,0.12689402023133717,0.20144885103142604,0.15558337488167412,0.0,0.004102411063744316
GLIS2,ENSG00000126603,chr16,4304760,4349597,253,0.2947155129325622,0.3596019168919505,0.3964901162942154,0.34187208655121126,0.3964500130094987,0.14491322983850824,0.17954742347895902,0.30075206129842597,0.2661178676579753
PAM16,ENSG00000217930,chr16,4321548,4365607,231,0.4091957593181157,0.43269848808675687,0.4495047512689334,0.4282796773769102,0.39970204883906685,0.24809897317767088,0.3078202707164788,0.31876537637194724,0.25904407883313924
CORO7-PAM16,ENSG00000103426,chr16,4330250,4430494,566,0.42089132969749543,0.5017997237984733,0.4891739952447656,0.5117498061973011,0.4711069571831831,0.28564600416292113,0.38835568949454713,0.4111071175924001,0.3083974322607742
CORO7,ENSG00000262246,chr16,4344541,4435705,533,0.3996379566711912,0.4953187264375469,0.40447251655384225,0.5231960899573648,0.5112526820179945,0.3378714256228765,0.35428424894513033,0.3459567647980038,0.3295439414757499
VASN,ENSG00000168140,chr16,4361847,4393538,223,0.39429020322885666,0.47192421588918976,0.5156025520117469,0.467619287572386,0.5463589516695728,0.20751011508893397,0.23923142983453244,0.431005359973562,0.39928404522796346
DNAJA3,ENSG00000103423,chr16,4415804,4466775,267,0.3211995438314641,0.4033732499255287,0.3695181578610059,0.5539864584650276,0.5797506326849764,0.2213103604165618,0.2284812617077872,0.2951532099532719,0.28798230866204655
NMRAL1,ENSG00000153406,chr16,4451690,4505763,306,0.3154414589451555,0.24447355292846912,0.3082597787330498,0.5330499704769611,0.5639748970541656,0.1453884046411933,0.10590903015275632,0.13495208718984664,0.1744314616782836
HMOX2,ENSG00000103415,chr16,4464689,4520347,327,0.3390211026332639,0.4113157246405001,0.34241455743911825,0.5153474271442539,0.538859626528497,0.2623590331685011,0.24006773944742055,0.26750624092348796,0.2897975346445684
CDIP1,ENSG00000089486,chr16,4500668,4548828,304,0.4536894252143538,0.7729549367152734,0.7124678734015982,0.5887824309531232,0.725039792294478,0.4203768654482247,0.5400553564821026,1.0622298990815326,0.9425514080476545
C16orf96,ENSG00000205832,chr16,4546339,4610758,436,0.6949865959807568,0.6979147637268819,0.6970093436287613,0.741619955913859,0.7051007377445877,0.5951961534218942,0.6646241680489731,0.6018499086924353,0.5324218940653564
UBALD1,ENSG00000153443,chr16,4598882,4625027,190,0.5840146218293949,0.5884628990620249,0.5899348451465721,0.6712967892172751,0.6343093341782725,0.43676102651269894,0.4972443273161843,0.45109507617841094,0.39061177537492553
MGRN1,ENSG00000102858,chr16,4606492,4700974,804,0.44253839259164074,0.5189401746251282,0.4929331900526277,0.4320548181060515,0.5519264052918159,0.31850638707893614,0.24734811452196548,0.41325725245289163,0.48441552500986235
NUDT16L1,ENSG00000168101,chr16,4683693,4705859,197,0.4484276074689729,0.7164312263138859,0.5457108014214184,0.3940011125979362,0.6622246369555325,0.5331307494623119,0.33790175766775166,0.7271698478136448,0.9223988396082049
ANKS3,ENSG00000168096,chr16,4686509,4744378,469,0.39952490721785194,0.5138725103788954,0.5434635418679327,0.3757136481381136,0.4612582960838124,0.22361588164205265,0.28695572368623323,0.49766848351733933,0.43432864147315864
C16orf71,ENSG00000166246,chr16,4724343,4759396,258,0.3721440848578529,0.37796389491666277,0.39161931917337095,0.4029127455383241,0.3958805475046819,0.22162362066418614,0.24323291549635645,0.25313352050564253,0.23152422567347225
ZNF500,ENSG00000103199,chr16,4738238,4777624,282,0.3430927394956472,0.5060224317388922,0.5012676290777406,0.3339050454457891,0.4874124270060265,0.21489596987275117,0.22165225348500361,0.49036920133077927,0.48361291771852666
SEPTIN12,ENSG00000140623,chr16,4767605,4798398,258,0.3070931897612654,0.7659778188263592,0.6693286710023744,0.3767857041789845,0.6445270112898365,0.3562843889487244,0.445449104167951,1.096054987827781,1.0068902726085545
SMIM22,ENSG00000267795,chr16,4778396,4806491,264,0.3041480020310811,0.7734710941993869,0.6822432446326265,0.33559545235064314,0.6313007048034092,0.35051595074922803,0.4479864469794332,1.1343667720237312,1.036896275793526
ROGDI,ENSG00000067836,chr16,4786967,4812880,235,0.40617588891681844,0.7554361223531649,0.6802909422207783,0.3818432173873536,0.5949672425048798,0.3945534837398824,0.49275228681437966,1.0137252621800625,0.9155264591055651
GLYR1,ENSG00000140632,chr16,4793202,4857288,546,0.3176293974860843,0.6714529878386141,0.6185783683850761,0.3387964754121355,0.5472582224021764,0.26570391595111487,0.3671677893735195,0.847371423743453,0.7459075503210484
UBN1,ENSG00000118900,chr16,4836664,4892401,491,0.41017284427272094,0.7111783726193285,0.62249080259418,0.40650986260875827,0.5468705962483951,0.39785569125558407,0.48605156784794457,0.8440902964595902,0.7558944198672299
PPL,ENSG00000118898,chr16,4872506,4970741,872,0.48591074013171304,0.6446779390373102,0.6284588367662064,0.4931306401686714,0.599720139358341,0.3549967199449076,0.3993206716979709,0.679733966852287,0.6354100150992237
SEC14L5,ENSG00000103184,chr16,4948329,5029157,751,0.38900511376464086,0.5536347598040127,0.4765007533767625,0.39409402178184577,0.4807110313968268,0.3260323697246989,0.3261767115591374,0.4805853681665977,0.4804410263321592
NAGPA,ENSG00000103174,chr16,5014843,5044141,275,0.4301463020436521,0.5327799257216687,0.5231575360381254,0.4427319300666479,0.48891596186391506,0.2913806978314759,0.3372212586708749,0.4695741833543754,0.42373362251497626
ALG1,ENSG00000033011,chr16,5023701,5097379,537,0.5525965899309939,0.6157931733145415,0.5880400472716079,0.4925996526531032,0.5625576222076403,0.4370198658733403,0.4041094588631573,0.5195543943599497,0.5524648013701327
C16orf89,ENSG00000153446,chr16,5034121,5076110,360,0.5168493908532218,0.5712407061848367,0.5622305997708142,0.4592540314418729,0.5209765404047667,0.3741117336070022,0.362829783537675,0.472747870593094,0.48402982066242106
EEF2KMT,ENSG00000118894,chr16,5074283,5107795,142,0.628706154123925,0.720663037832282,0.6224170519262324,0.5978143378723395,0.6688609374607718,0.6460664821171123,0.5404805318870539,0.6292699940815517,0.73485594431161
RBFOX1,ENSG00000078328,chr16,5229801,7723340,0,,,,,,,,,
TMEM114,ENSG00000232258,chr16,8527604,8600193,0,,,,,,,,,
METTL22,ENSG00000067365,chr16,8611682,8659654,605,0.8132444198663469,0.8183930573427052,0.7908920496572865,0.804143032850788,0.7796860488178874,0.9094802533452915,0.9117897647905552,0.7964303297087076,0.7941208182634439
ABAT,ENSG00000183044,chr16,8664595,8794575,1447,0.4987995797185746,0.5802779719449945,0.5243093006193543,0.4832491686674948,0.5369185897616768,0.4079622075085052,0.379252344063235,0.4602004172719189,0.48891028071718906
TMEM186,ENSG00000184857,chr16,8770383,8807642,359,0.4615689782059143,0.5766274278404481,0.5534501731483594,0.4495481771037647,0.5684028952733094,0.3361971477882273,0.30812789516140693,0.5233055545641743,0.5513748071909945
PMM2,ENSG00000140650,chr16,8778822,8872534,774,0.5192460611294449,0.6112279227901596,0.5591745920389944,0.5161854604979743,0.5755365314687348,0.42902767298972194,0.406943160410729,0.515734353861083,0.537818866440076
CARHSP1,ENSG00000153048,chr16,8842941,8879012,337,0.5875533122778818,0.6468838090259429,0.5997194622742567,0.608608307099905,0.636918632994014,0.5055084066828003,0.4829381266577587,0.5354497166239602,0.5580199966490019
LITAFD,ENSG00000283516,chr16,8871633,8895351,200,0.6273247319151535,0.656544649755799,0.6068601334121391,0.6367900930519452,0.6504294339603931,0.561078079085882,0.5152113421467035,0.507620081415638,0.5534868183548161
USP7,ENSG00000187555,chr16,8882096,8985328,803,0.6192264635939162,0.6299373706053719,0.5875807154242665,0.600035856335317,0.5747927331137584,0.5369593630679852,0.527642426808683,0.45712365596607074,0.46644059222537276
C16orf72,ENSG00000182831,chr16,9081643,9131635,456,0.4091120591457617,0.41796304872811796,0.2895553432956768,0.40475883106880545,0.2630797048437455,0.36274300205902055,0.3773672162031432,0.1784783410492206,0.16385412690509787
GRIN2A,ENSG00000183454,chr16,9743403,10192928,3968,0.4492758848645962,0.5265890026352192,0.46794433460931745,0.41310373699967584,0.44069289306541803,0.35665274217894505,0.34982098998451655,0.3911386093957946,0.3979703615902232
ATF7IP2,ENSG00000166669,chr16,10316433,10493638,1543,0.43130905090912625,0.5943697131783956,0.5483982835270469,0.3840932339206962,0.5365246512061124,0.33588832593993473,0.30898537910593576,0.5664248319021195,0.5933277787361183
EMP2,ENSG00000213853,chr16,10518421,10590632,747,0.3771069819506502,0.43192389833432027,0.38585011438774264,0.3823576755501026,0.36963975213396266,0.2756820578732867,0.292940919256781,0.28981782955668545,0.2725589681731912
TEKT5,ENSG00000153060,chr16,10617500,10704930,994,0.2682696716855666,0.3921990361545244,0.3118247761658564,0.24801252895271353,0.3680360756498569,0.2182696309384396,0.16201023026519992,0.27963818176845573,0.3358975824416953
NUBP1,ENSG00000103274,chr16,10733785,10779351,369,0.34992163255655795,0.3731394275161588,0.24491784183447537,0.26162125525370883,0.2561491647514638,0.30838238834139975,0.23720738138355835,0.15864874717029737,0.2298237541281388
TVP23A,ENSG00000166676,chr16,10750918,10828794,616,0.4176482102905682,0.34347779604128476,0.3339793433007429,0.4399005338274563,0.39897909962058214,0.2775223677092044,0.2456570439529729,0.14327639638273104,0.1751417201389625
CIITA,ENSG00000179583,chr16,10856221,10953021,751,0.49551936949382486,0.5389234182038893,0.4766025443509349,0.5357337190167308,0.47829668063623937,0.40550140601285634,0.4454159661498577,0.36868972273642503,0.3287751625994238
DEXI,ENSG00000182108,chr16,10918890,10952468,194,0.5087990300717341,0.5007896998180571,0.4770402255061009,0.5241852174125186,0.49614537227120453,0.3786895127076189,0.37599347594270555,0.31603831605487587,0.3187343528197893
CLEC16A,ENSG00000038532,chr16,10934563,11192186,1856,0.34024617380264705,0.30537047123730543,0.25113669520026083,0.34028826804577283,0.24792033588016982,0.24553315805215387,0.247707956253123,0.11884346962799902,0.11666867142702989
RMI2,ENSG00000175643,chr16,11239618,11391662,1563,0.4749022339244766,0.6298184536130215,0.5546780090185163,0.4848865428486731,0.5120541919565232,0.41448742858529186,0.4697894484087231,0.5792742991849784,0.5239722793615471
SOCS1,ENSG00000185338,chr16,11244416,11266204,186,0.6195560391546393,0.7291254184772704,0.68162448173151,0.5706270126436686,0.6497062918025281,0.5639960182038003,0.5512726786544269,0.7421033458321733,0.7548266853815466
TNP2,ENSG00000178279,chr16,11257747,11279533,213,0.5341117848271978,0.6858726549678399,0.6024532206163651,0.4809990479648922,0.5518293859864524,0.4996618526354706,0.50561254755085,0.6582949652273369,0.6523442703119575
PRM3,ENSG00000178257,chr16,11263198,11283629,185,0.5086166752352419,0.6481865923020969,0.5597077505764279,0.47381328776511694,0.5359381305793524,0.46743425999418814,0.45950805116377885,0.5772200757054844,0.5851462845358939
PRM2,ENSG00000122304,chr16,11265638,11286480,190,0.5107850561233936,0.5743187458823317,0.5745471088218148,0.451226173913921,0.540712445140408,0.35720835973452614,0.3380272776716649,0.4968560828125769,0.5160371648754383
PRM1,ENSG00000175646,chr16,11270840,11291330,191,0.43934575368069384,0.5824642244998319,0.5497392289683816,0.4519547067971901,0.540513146517199,0.32705377792354806,0.3485687220410145,0.5463312706180798,0.5248163265006135
CTD-3088G3.8,ENSG00000188897,chr16,11349844,11537245,2416,0.3485413058501985,0.44497879374971944,0.35462528683489936,0.41499615967416664,0.36510362534275453,0.289683030927538,0.33529617034776593,0.29906592557816225,0.2534527861579343
LITAF,ENSG00000189067,chr16,11537721,11646381,962,0.3638544390635374,0.5976143509180357,0.49969248282756473,0.37108314554328453,0.48025804244769543,0.3350699306541195,0.35983885799580073,0.5752743934936374,0.5505054661519562
SNN,ENSG00000184602,chr16,11658454,11689152,251,0.32065339613960775,0.5541803281878505,0.43744313075100266,0.3111528683673226,0.41971642247381036,0.30960075115645913,0.3181691331750352,0.49823998085745935,0.48967159883888334
TXNDC11,ENSG00000153066,chr16,11669082,11752857,568,0.2813806556110786,0.540545252393033,0.43569050550919725,0.2931542302506619,0.4622018138570538,0.26799294003447965,0.252192850149365,0.5097218838144797,0.5255219736995943
ZC3H7A,ENSG00000122299,chr16,11740585,11807258,441,0.36890506350800584,0.5152304634587874,0.45187374246694084,0.3603609647760775,0.482115696013545,0.2915655177425137,0.2564647697625637,0.432516165626322,0.467616913606272
RSL1D1,ENSG00000171490,chr16,11823849,11861580,234,0.34685873522195315,0.3365013325295716,0.3476756309318389,0.42807331872835264,0.3560715701809094,0.20448846623967584,0.2644026080420054,0.20573996730615932,0.14582582550382978
GSPT1,ENSG00000103342,chr16,11858127,11926082,297,0.4585508538433121,0.48002914139404396,0.42576476039549044,0.5274938165099503,0.4445490881304671,0.356386249231168,0.4078559571116434,0.2975962608882518,0.24612655300777636
NPIPB2,ENSG00000234719,chr16,11917258,11986643,317,0.48018792784873343,0.3831560785451965,0.3763784526079168,0.5100328553156637,0.4127917303780926,0.3326077969756962,0.33209023691832085,0.1505314537082202,0.1510490137655956
TNFRSF17,ENSG00000048462,chr16,11955209,11978068,153,0.44783298089802176,0.38761156617877446,0.40474870903455973,0.49117575421912707,0.41826888427003256,0.2827607924060878,0.31214708938414215,0.20762770961159138,0.1782414126335371
SNX29,ENSG00000048471,chr16,11966733,12584287,6227,0.3628042701001677,0.4334102710730275,0.37368859462176024,0.388528973259825,0.39054039200286245,0.27544532136728717,0.2824124609726798,0.29267449793838307,0.28570735833299044
CPPED1,ENSG00000103381,chr16,12649798,12813887,1455,0.4459685836666852,0.44212357952765347,0.42130127799197326,0.46995936655458903,0.448532189918736,0.31358920834348264,0.31162380419052005,0.27002860147270574,0.2719940056256684
SHISA9,ENSG00000237515,chr16,12891597,13250416,2890,0.34463974162480354,0.4277775845711833,0.33258635997099417,0.35600556162141245,0.34772692702637503,0.2882262157342205,0.2855003664163945,0.2700013092838188,0.2727271586016448
ERCC4,ENSG00000175595,chr16,13910137,13962348,346,0.28440111700010107,0.7093201328962917,0.7111320442657014,0.2977856855880158,0.6653419918530296,0.16419131142386711,0.24720161049190825,1.0713414190009798,0.9883311199329389
MRTFB,ENSG00000186260,chr16,14061318,14276773,1278,0.37595759415763574,0.36682125072406035,0.23167983536881406,0.39733619206671644,0.2645743605065714,0.3324953577723718,0.3280462182647309,0.12450715460635792,0.12895629411399884
PARN,ENSG00000140694,chr16,14425699,14642728,622,0.260277251012244,0.3670322458064849,0.3255788941284783,0.2755575759020582,0.2994679391984563,0.1824575244439817,0.21188682190113975,0.2748782749340007,0.2454489774768426
BFAR,ENSG00000103429,chr16,14622930,14679236,153,0.4163121185782946,0.6156144837075068,0.5663532765347636,0.46277261006984494,0.5656879696748024,0.3294865461930254,0.3717255355858157,0.6266227351424476,0.5843837457496575
PLA2G10,ENSG00000069764,chr16,14662547,14704308,71,0.20036717819353936,0.25068271287441846,0.2650107532836744,0.22634208141268652,0.25661740558292284,0.10214799503318875,0.12433690235305753,0.18644477581107524,0.16425586849120644
NPIPA3,ENSG00000224712,chr16,14698943,14736338,0,,,,,,,,,
NPIPA2,ENSG00000254852,chr16,14738065,14775413,0,,,,,,,,,
NOMO1,ENSG00000103512,chr16,14823720,14906157,0,,,,,,,,,
NPIPA1,ENSG00000183426,chr16,14912801,14962060,0,,,,,,,,,
PDXDC1,ENSG00000179889,chr16,14964590,15149339,140,0.2865858684014756,0.5501596807189452,0.44910076802066806,0.3446302501239625,0.4531531715988731,0.2701762170304756,0.30891588362313693,0.5286863882021506,0.4899467216094894
NTAN1,ENSG00000157045,chr16,15027853,15066079,139,0.2919299236242621,0.5555187528985833,0.45381463404678957,0.35014701391013964,0.45549550687806606,0.2756313815750402,0.31698872288720836,0.5352160320913268,0.49385869077915867
RRN3,ENSG00000085721,chr16,15050032,15104311,52,0.38402627227557623,0.5819579832121525,0.41814358883761077,0.42448547180480645,0.4708221887562327,0.4075963605640036,0.3941166815274633,0.46457697231382217,0.47805665135036246
NPIPA5,ENSG00000183793,chr16,15353627,15391047,0,,,,,,,,,
MPV17L,ENSG00000156968,chr16,15385753,15423271,54,0.3151322963670023,0.5903556652449642,0.452581392192312,0.34256947443008817,0.5860939286447188,0.334227037420057,0.21488297266464557,0.5582389345461793,0.6775829993015907
RP11-1021N1.1,ENSG00000261130,chr16,15385753,15525348,471,0.5293536954999445,0.7028667986450023,0.60552715699809,0.5606600001097076,0.636471962484179,0.5185090920694516,0.5120787884328732,0.6950656592405351,0.7014959628771134
BMERB1,ENSG00000166780,chr16,15424474,15635028,1002,0.4746202914984897,0.5798480128627057,0.488160713492626,0.4765845099918549,0.46785372378827383,0.42051409289771063,0.44184079061639353,0.44662466613125096,0.425297968412568
MARF1,ENSG00000166783,chr16,15584386,15653154,339,0.3799883078839856,0.2103498517690082,0.20851150222099143,0.36195347038233183,0.197734557792293,0.24017114643530724,0.23259679962782132,0.0,0.0035684823209370664
NDE1,ENSG00000072864,chr16,15633266,15744691,687,0.3289238328963975,0.2754099294266458,0.2976841457586738,0.3871991192658115,0.2722669575811717,0.18382489911847158,0.2470217146266497,0.138324304817924,0.07512748930974589
MYH11,ENSG00000133392,chr16,15693134,15867028,1212,0.27916732251632825,0.3452109095685279,0.3094075958793445,0.3115978215175897,0.3010818918048403,0.1902924200958614,0.21930122268119714,0.2331496744452069,0.20414087185987112
CEP20,ENSG00000133393,chr16,15855718,15898625,173,0.21829424122825253,0.3061434248666556,0.237267898652762,0.22690471060218953,0.2773191056410433,0.17045922954745985,0.14902772609825482,0.19503077435882565,0.21646227780803068
ABCC1,ENSG00000103222,chr16,15939137,16153257,1547,0.3925223637249,0.40828578429483,0.3583172637288706,0.4339518760187305,0.3869041161188508,0.2897550719280353,0.3022868731178313,0.2349764324696362,0.2224446312798402
ABCC6,ENSG00000091262,chr16,16139564,16233522,412,0.4698495578981403,0.5499259513503549,0.5822097519872268,0.4900199078354696,0.5288520748710062,0.28008092273969387,0.35957178900729103,0.5182622344605975,0.4387713681930002
NOMO3,ENSG00000103226,chr16,16222505,16310806,0,,,,,,,,,
AC138969.4,ENSG00000183889,chr16,16307443,16360590,0,,,,,,,,,
NPIPA7,ENSG00000214967,chr16,16369054,16403954,0,,,,,,,,,
XYLT1,ENSG00000103489,chr16,17091768,17480960,2893,0.4115350138950076,0.4102118495140889,0.34457149985015045,0.4142544051976961,0.30355613787217695,0.3178818329478077,0.35054675339893976,0.21011004058757737,0.17744512013644542
NPIPA8,ENSG00000214940,chr16,18307941,18346736,0,,,,,,,,,
NPIPA9,ENSG00000233024,chr16,18348085,18389331,0,,,,,,,,,
NOMO2,ENSG00000185164,chr16,18407324,18572211,0,,,,,,,,,
RPS15A,ENSG00000134419,chr16,18771294,18800383,0,,,,,,,,,
RP11-1035H13.3,ENSG00000260342,chr16,18778062,18811519,19,0.13755825414820963,0.16551907759651616,0.13910732865287448,0.1607255511507857,0.174876228743632,0.08957381625786405,0.08197051543992503,0.09137158099396744,0.09897488181190647
ARL6IP1,ENSG00000170540,chr16,18781668,18811572,20,0.13755825414820963,0.16551907759651616,0.13910732865287448,0.1581267031886501,0.20537952613424307,0.08957381625786405,0.06159024124096396,0.09137158099396744,0.11935515601086755
SMG1,ENSG00000157106,chr16,18794859,18936408,239,0.26653518439851454,0.2746212805068194,0.2620275381127783,0.2218686869427196,0.2488863278296466,0.1635941347902869,0.14286154870221535,0.1574672540110526,0.17819984009912426
TMC7,ENSG00000170537,chr16,18973933,19073942,568,0.501632491559437,0.4898198108197376,0.49566311286423587,0.5613848716147529,0.5561147787703663,0.3424490007800963,0.3424674969913833,0.33054230276553664,0.33052380655424984
COQ7,ENSG00000167186,chr16,19057613,19090095,202,0.5074511444403409,0.5184541906250789,0.5353612883018739,0.5514785237068229,0.5835570600080726,0.33621019904338767,0.32827340085969,0.39454371433726115,0.402480512520959
ITPRIPL2,ENSG00000205730,chr16,19103931,19131629,189,0.33689415912104925,0.2692393491155101,0.3382526087561564,0.43513691428390194,0.4218553151369963,0.15580929096533455,0.16845504069207173,0.15786000885354037,0.1452142591268032
SYT17,ENSG00000103528,chr16,19157970,19278332,862,0.4498376317401883,0.48563449495011557,0.42924614177087156,0.3450554881791177,0.392441643776156,0.350782881278963,0.29485943993949126,0.31403828564049346,0.3699617269799652
CLEC19A,ENSG00000261210,chr16,19275730,19332145,440,0.5081341544511664,0.587001681051953,0.5242066636792134,0.4761095447419929,0.5081056723708559,0.42554467063566986,0.41064653047006894,0.45876708573743025,0.47366522590303123
TMC5,ENSG00000103534,chr16,19400495,19509113,718,0.45579059689995727,0.5651676873412296,0.5156390365067334,0.5011035141464203,0.5347213391858895,0.35814556324464175,0.3815163379826458,0.4746492471092224,0.45127847237121843
GDE1,ENSG00000006007,chr16,19491692,19532123,262,0.4348442712555462,0.3626508490918656,0.25304707641237456,0.44106921966392393,0.29484814015454364,0.3646692496130068,0.34141260090217684,0.08576840636336025,0.1090250550741903
CCP110,ENSG00000103540,chr16,19513810,19563408,265,0.2842435638476186,0.25528012505955006,0.17584208448343935,0.27780066174659657,0.21274599179652395,0.2178846792886565,0.19049844845932729,0.076862458813542,0.1042486896428712
VPS35L,ENSG00000103544,chr16,19545239,19716793,1160,0.24267927662549682,0.24318134816431194,0.20624236440512803,0.2580392993075791,0.22600025542143173,0.16281147256755754,0.16045344086868815,0.11582014332034596,0.11817817501921532
KNOP1,ENSG00000103550,chr16,19691936,19728235,237,0.3606671372052447,0.33587547449943933,0.22975062823073017,0.35296079835624367,0.28099601686676773,0.29778734987486893,0.2573728118408262,0.11149825880950368,0.15191279684354642
IQCK,ENSG00000174628,chr16,19706455,19868467,959,0.3329131288961329,0.4027305929221755,0.2727648640057142,0.32354318987953823,0.31836008045434416,0.3008582893966144,0.26150996900613255,0.2145287098467047,0.25387703023718655
GPRC5B,ENSG00000167191,chr16,19846690,19896167,292,0.3897944007586896,0.46625526344037826,0.389838655657656,0.33009508098007223,0.3898153195732461,0.31388252426702956,0.2672317257374278,0.3139550514675058,0.3606058499971077
GPR139,ENSG00000180269,chr16,20018238,20083890,432,0.3635989755861538,0.3486227031046663,0.32436232641362867,0.36637235598641094,0.29685756560481624,0.24424713995093558,0.2663821252912033,0.18441909958223487,0.16228411424196712
GP2,ENSG00000169347,chr16,20299573,20337808,224,0.5105791668213256,0.5695338077343355,0.5313054472139075,0.5561485776917492,0.5280300496398704,0.3998075267501218,0.45215596829974025,0.4430789627704737,0.3907305212208552
UMOD,ENSG00000169344,chr16,20323050,20366301,261,0.46795113758618645,0.49293678139159164,0.409966898772869,0.5108092171390336,0.35787070981691294,0.39128144948163707,0.47557834961746326,0.28783814214733805,0.2035412420115118
PDILT,ENSG00000169340,chr16,20349174,20414737,388,0.3920119191979631,0.41934386731733675,0.3839605033655851,0.4656907838850481,0.42484738337830524,0.2783761765764359,0.308628624808151,0.2652203750153594,0.2349679267836443
ACSM5,ENSG00000183549,chr16,20399533,20451336,106,0.5983422666132235,0.48235636016634387,0.4748029037852824,0.6475857601959848,0.47397927882494756,0.46332076224110885,0.5295007659876615,0.19514746521955928,0.12896746147300664
ACSM2A,ENSG00000183747,chr16,20441460,20497669,15,0.8204834478633227,0.4279898045879355,0.5925670248791486,0.7874480628249472,0.6125037752944729,0.689103744199224,0.5795591004640253,0.0,0.0
ACSM2B,ENSG00000066813,chr16,20526225,20586427,13,0.5796980860844698,0.5889115309789957,0.5060462932747082,0.7292154825040733,0.6169617428506531,0.5252076702908053,0.6178791703347676,0.36373916426625225,0.27106766422229
ACSM3,ENSG00000005187,chr16,20600242,20807581,879,0.3742988702796472,0.5580084536816649,0.4827117660252527,0.4585247558040926,0.540925313961988,0.31309596310532556,0.3256900431307111,0.5033685599586346,0.4907744799332491
ACSM1,ENSG00000166743,chr16,20613234,20708890,387,0.38289687724448135,0.5550828919415152,0.5192363682786244,0.41651167399415673,0.570908339772475,0.28010344084417127,0.2512566999107905,0.5297638473487635,0.5586105882821442
THUMPD1,ENSG00000066654,chr16,20692815,20752084,225,0.44692577869956657,0.47814188971619087,0.426149310229821,0.5282901267904389,0.4899099388895306,0.3436182896548355,0.3642913633889272,0.30674125777392225,0.28606818403983053
ERI2,ENSG00000196678,chr16,20770192,20910349,532,0.38627186561984755,0.3184766637721818,0.4016314955521363,0.4532589694822111,0.44480841072346056,0.17903976305432628,0.1993813958655581,0.20438502293020736,0.18404339011897547
REXO5,ENSG00000005189,chr16,20796428,20859665,219,0.36153714698089834,0.40216540651323257,0.39493957910265626,0.4652681622873449,0.4860024241342793,0.23035299492104883,0.23744716436406987,0.284088167891615,0.27699399844859396
DCUN1D3,ENSG00000188215,chr16,20844924,20910358,245,0.4081568363553086,0.3424446425158346,0.4084047749943291,0.49101154014438864,0.5041834159212673,0.20940365527737592,0.19650352432488033,0.20982266930468157,0.2227228002571771
LYRM1,ENSG00000102897,chr16,20889867,20935006,153,0.429059971174826,0.3793093784895905,0.5023421643354239,0.5230507039099078,0.4324667523626346,0.16977555165050529,0.32540583063245987,0.30714696356313387,0.15151668458117928
DNAH3,ENSG00000158486,chr16,20923110,21169441,1328,0.2843332055897296,0.4499587905578439,0.39620729231064744,0.30061068002182123,0.388402954610429,0.21388916471802982,0.23181408307253212,0.383872912585957,0.36594799423145463
TMEM159,ENSG00000011638,chr16,21148376,21190616,234,0.4243764312813329,0.5973114153965293,0.48117490827205933,0.35606533738310825,0.47442310560133844,0.40285232717871605,0.35324549952821005,0.5067394314958744,0.5563462591463804
ZP2,ENSG00000103310,chr16,21187449,21224510,227,0.4339663061431889,0.6512058393032355,0.5358396512043767,0.45821569994056677,0.522766176771009,0.4274248969118974,0.4632059712905775,0.6258484312972107,0.5900673569185305
ANKS4B,ENSG00000175311,chr16,21223698,21263850,162,0.265304366917127,0.37608079025811714,0.29724060922765544,0.259623698871786,0.2939121995713656,0.21364632717652113,0.21215770577506393,0.25808806338585055,0.2595766847873078
CRYM,ENSG00000103316,chr16,21228873,21313083,323,0.27719071808725465,0.3601809658687352,0.2783860724400833,0.30114706081692766,0.2581220740168711,0.22245738552254787,0.2531571392559173,0.22411251625968176,0.19341276252631226
NPIPB3,ENSG00000169246,chr16,21392236,21458567,0,,,,,,,,,
METTL9,ENSG00000197006,chr16,21587217,21667473,224,0.5079155454187865,0.5202614386855543,0.48596182768215646,0.45822965535636995,0.5182008625806069,0.38908057894256787,0.30859954698286185,0.3454334084491498,0.42591444040885584
IGSF6,ENSG00000140749,chr16,21629549,21662608,94,0.510125092149802,0.5381735111959924,0.5847347717007588,0.4274774742114232,0.5168271641649232,0.30366668790853374,0.3014441853018536,0.4688993358934877,0.47112183850016776
OTOA,ENSG00000155719,chr16,21653967,21771935,275,0.416445099946798,0.4723273513634958,0.4658932248728416,0.4185361294051064,0.477739039484006,0.27536820439328735,0.265948859937535,0.3639109667949048,0.3733303112506571
NPIPB4,ENSG00000185864,chr16,21824568,21890827,0,,,,,,,,,
UQCRC2,ENSG00000140740,chr16,21943287,21993660,130,0.5883721887524649,0.7660516819303429,0.7385606171438683,0.7092261896816396,0.7253787577123513,0.4993689658875132,0.6977511088560527,0.953286085080919,0.7549039421123794
PDZD9,ENSG00000155714,chr16,21973864,22011116,80,0.5394413559585141,0.723118606265433,0.7142189622587218,0.6977220205661845,0.7544179035250465,0.40347588251816247,0.5382251433850403,0.880690163436152,0.745940902569274
MOSMO,ENSG00000185716,chr16,21997637,22097534,219,0.36160704107342434,0.7332063814262593,0.6763481190047457,0.30430182807638795,0.7376816462988625,0.3209971817926546,0.1729614174837525,1.000282701823341,1.148318466132243
VWA3A,ENSG00000175267,chr16,22082537,22166964,278,0.5704100303337013,0.7749689609881751,0.5906072736658334,0.5763119609867886,0.644557252374842,0.7216803233519762,0.6579418482743472,0.7698366117764616,0.8335750868540904
SDR42E2,ENSG00000183921,chr16,22155582,22201754,203,0.3255404754742804,0.5900320004310862,0.4624987760549312,0.2962541041125355,0.4937517622656911,0.33234777176844144,0.2811429809485715,0.5593284003933062,0.6105331912131762
EEF2K,ENSG00000103319,chr16,22196277,22298738,419,0.32628558437396427,0.4273647568723587,0.3949555698450604,0.2815162793331481,0.4016409675022302,0.22500096354541277,0.18727712681097863,0.332505375369477,0.37022921210391113
POLR3E,ENSG00000058600,chr16,22287374,22345101,215,0.31297513192771403,0.2575245276189308,0.27773759842551077,0.331280221949603,0.31258857378463817,0.17389173149793946,0.1626666619187106,0.12387371118318183,0.1350987807624107
CDR2,ENSG00000140743,chr16,22335935,22447165,232,0.35835916654045297,0.3308330758249773,0.25148904183385623,0.3228843731946674,0.2921763906747364,0.2778894416156069,0.2230373045227994,0.12383229539433607,0.17868443248714358
NPIPB5,ENSG00000243716,chr16,22469120,22546521,0,,,,,,,,,
HS3ST2,ENSG00000122254,chr16,22804161,22926338,825,0.2718230762443661,0.47221166432356493,0.4314202440892843,0.267196051678542,0.45840360119874873,0.1958287522165002,0.16835141305110535,0.44323120283369455,0.4707085419990893
USP31,ENSG00000103404,chr16,23051405,23159452,468,0.2542324431197351,0.49725344479466593,0.407522411189845,0.24148382504756216,0.39761711921010423,0.22878409202912453,0.22859911825654533,0.458885010227586,0.4590699840001654
SCNN1G,ENSG00000166828,chr16,23172744,23226883,334,0.3333134439913001,0.31540871318841973,0.2638275181991221,0.2788944847093213,0.24388346676448497,0.23903885874314168,0.2131716584199162,0.13989442163906643,0.16576162196229194
SCNN1B,ENSG00000168447,chr16,23268230,23391294,799,0.2848829913777366,0.4715705101047264,0.4416345082465554,0.25997227173697757,0.4472380591466642,0.19520673573599095,0.1730428320543151,0.4426391623610497,0.4648030660427257
COG7,ENSG00000168434,chr16,23378492,23463189,365,0.2351476112418913,0.25852870935667627,0.18237231404232804,0.2517411925495514,0.17691569986285935,0.18292152905586745,0.19721427221761229,0.11619730704346051,0.1019045638817157
GGA2,ENSG00000103365,chr16,23453541,23531995,333,0.5113661091060043,0.461670232797168,0.4491786116090792,0.5712066037475937,0.4190159667874368,0.36954051715983033,0.46151601110582713,0.24974343924662495,0.1577679453006282
EARS2,ENSG00000103356,chr16,23510753,23567731,291,0.5537503097115375,0.4930809494798499,0.4960923740549353,0.5883050207001106,0.47940531992819574,0.40045914108145625,0.45704649590933927,0.278944810725441,0.22235745589755784
UBFD1,ENSG00000103353,chr16,23547720,23584389,182,0.38021515721958055,0.3074552318527435,0.30857343319362557,0.4199491135217347,0.2856915779702183,0.23838347861638062,0.28779069678206287,0.12899891724974666,0.07959169908406444
NDUFAB1,ENSG00000004779,chr16,23571013,23606316,171,0.28279645494634104,0.2998118116038795,0.25395829249564517,0.25384032148796254,0.249738218507355,0.19791398085045697,0.18094435178082374,0.15849215865353836,0.17546178772317159
PALB2,ENSG00000083093,chr16,23593159,23651310,279,0.2408283025298558,0.2042355010431578,0.19401347041536798,0.243602488372414,0.20919250066335357,0.14414552749892473,0.13646975997566568,0.08430646499458258,0.09198223251784163
DCTN5,ENSG00000166847,chr16,23631465,23687472,322,0.19298996756726156,0.14659859576168122,0.11729555265765267,0.21102448657345993,0.13982422054278987,0.12408979658188303,0.12246337021445959,0.03443546618448018,0.03606189255190363
PLK1,ENSG00000166851,chr16,23667655,23700367,203,0.17997841953418367,0.11559052944018773,0.0741790879909521,0.20334037451191836,0.08106427110141333,0.12209264021462815,0.13281189383984765,0.0007424813840536809,0.0
ERN2,ENSG00000134398,chr16,23680309,23723226,258,0.23860947512829192,0.2010144532023395,0.24228239788549966,0.3250880763616357,0.2802371876922642,0.10978839131092077,0.14437597701015822,0.11462403118286887,0.0800364454836314
CHP2,ENSG00000166869,chr16,23745025,23768935,164,0.2204865298979633,0.33915765548933297,0.2803885950363889,0.2758941474578122,0.2968270454740689,0.1671406801741108,0.19245263817225944,0.24709929797838787,0.22178733998023922
PRKCB,ENSG00000166501,chr16,23825982,24230611,2591,0.4745630754758678,0.5401243528391828,0.49465293730783055,0.45666779700003357,0.4782035849253411,0.3689072253611919,0.36817786795786295,0.4078919329432492,0.40862129034657824
CACNG3,ENSG00000006116,chr16,24246334,24372412,909,0.36539841343027546,0.3817575130953893,0.32999274972731873,0.360236954328964,0.28983428219283475,0.2675828396119615,0.2926375031775133,0.21329168523883188,0.1882370216732801
RBBP6,ENSG00000122257,chr16,24527692,24582863,251,0.23358485103418303,0.16469698933702256,0.12196326414294237,0.16177616530882344,0.09994062483306489,0.15796258661192486,0.12556814792042936,0.021998146325397233,0.05439258501689273
TNRC6A,ENSG00000090905,chr16,24600208,24837632,1298,0.41362720884282433,0.4285521116595888,0.34525448159221434,0.37658999655284053,0.3515797458794672,0.3349364364208441,0.2994582982810954,0.2246455474902213,0.26012368562996996
SLC5A11,ENSG00000158865,chr16,24835840,24921628,522,0.31841203246468375,0.38770521430938065,0.2840391806560407,0.3781341999116891,0.2870487285286734,0.26987077912736046,0.31361509880956706,0.22067065734601582,0.1769263376638092
ARHGAP17,ENSG00000140750,chr16,24909388,25025666,681,0.41143602091292747,0.39184147580110534,0.2328143114328318,0.3726638816809458,0.21177216352310352,0.38118146668922026,0.3628122050956282,0.11613823372077575,0.13450749531436776
LCMT1,ENSG00000205629,chr16,25101730,25188231,509,0.4464390137904569,0.4910308375276529,0.3969528023182204,0.49297374871699773,0.43736892232543867,0.38049569248888004,0.3897146013901818,0.29487215631175023,0.2856532474104485
AQP8,ENSG00000103375,chr16,25205730,25238932,198,0.32865169183588183,0.35027368989177543,0.32166098255650494,0.32098027407678176,0.36057563680954235,0.2207815821838158,0.1855611133361519,0.2104224839518317,0.24564295279949555
ZKSCAN2,ENSG00000155592,chr16,25226000,25267845,236,0.32852424476802405,0.37487686420323346,0.29521717535187914,0.32223150358415104,0.299058410392679,0.2591092133316635,0.2517127058185822,0.21069741804460004,0.21809392555768137
HS3ST4,ENSG00000182601,chr16,25681958,26147685,3343,0.3991452046720802,0.44336867422944204,0.406673935232125,0.3783580605876896,0.3912430578065303,0.28662147740695537,0.2824534811828773,0.29923067348756893,0.30339866971164703
C16orf82,ENSG00000234186,chr16,27056926,27079166,252,0.4718305506932464,0.5017029728262605,0.49788206087915604,0.45271351132521104,0.5652684162079704,0.3229884056486938,0.233157660461836,0.37357053400058654,0.4634012791874443
KDM8,ENSG00000155666,chr16,27193507,27231768,244,0.47536742195441645,0.5710977801320609,0.5595184667355935,0.5060656613552169,0.5411710677548255,0.3358483338960092,0.38640058253835624,0.5106779778528843,0.4601257292105371
NSMCE1,ENSG00000169189,chr16,27214993,27278772,394,0.30020039702753365,0.5529205762568555,0.41886545046621987,0.3081657547295101,0.41938880351368013,0.30960365926303285,0.3148769785861421,0.4954153591370672,0.4901420398139578
IL4R,ENSG00000077238,chr16,27303667,27374778,497,0.4312638773142766,0.5353688157688444,0.47350105566363493,0.41602019154740777,0.4433610801526117,0.344672048258159,0.359280851774654,0.42183929203930454,0.4072304885228095
IL21R,ENSG00000103522,chr16,27392173,27462042,361,0.40109479097645595,0.42695024466107334,0.35538940846850114,0.34863225815912774,0.3265729770052974,0.3151628982580172,0.2950439988770094,0.24161983472692355,0.26173873410793147
GTF3C1,ENSG00000077235,chr16,27449554,27559913,461,0.44935857153230957,0.39078979163004873,0.40110675883429087,0.4935648185555436,0.3643923861128358,0.28979571130169046,0.3613884863473217,0.20579618979072445,0.13420341474509323
KATNIP,ENSG00000047578,chr16,27540132,27790369,1139,0.6319443633220809,0.5244048151301104,0.5856009904526285,0.5980838570107158,0.5622390337374051,0.4308917130160111,0.4143088967471708,0.3122965255281483,0.3288793417969886
GSG1L,ENSG00000169181,chr16,27777527,28073714,1864,0.34615158673682594,0.4660486104359809,0.434722023672311,0.34138329948335705,0.40552423191786763,0.24094626900613408,0.2624943514286344,0.38650420593835144,0.364956123515851
XPO6,ENSG00000169180,chr16,28087975,28221965,669,0.42558259420676237,0.44916083262671946,0.39321650327215163,0.6101175731370341,0.4952698086820918,0.325564067364454,0.4272455962369536,0.2707483373181013,0.16906680844560174
SBK1,ENSG00000188322,chr16,28249245,28333849,302,0.49986009624029004,0.5035086124087896,0.5608193298074555,0.4878326971308968,0.5143960277558285,0.2851060764556588,0.3234656132973795,0.41508306543296686,0.3767235285912463
NPIPB6,ENSG00000198156,chr16,28332554,28373508,0,,,,,,,,,
EIF3CL,ENSG00000205609,chr16,28369578,28413841,0,,,,,,,,,
RP11-435I10.4,ENSG00000261832,chr16,28446370,28502098,78,0.44012681882953925,0.6248574898012089,0.5298063560841293,0.4316691480532257,0.4812363178014148,0.4029418101517295,0.444597004781368,0.5775074878552662,0.5358522932256278
NPIPB7,ENSG00000233232,chr16,28446371,28481175,0,,,,,,,,,
CLN3,ENSG00000188603,chr16,28464110,28505575,78,0.44012681882953925,0.6248574898012089,0.5298063560841293,0.4316691480532257,0.4812363178014148,0.4029418101517295,0.444597004781368,0.5775074878552662,0.5358522932256278
APOBR,ENSG00000184730,chr16,28484642,28508970,73,0.46193286818009416,0.6497239337384945,0.578962290099353,0.4673717669078675,0.5361853414387787,0.4018863719148149,0.4553475112101462,0.6471473027449848,0.5936861634496535
IL27,ENSG00000197272,chr16,28489361,28522051,60,0.3510830593620591,0.6424906724906724,0.49685621731715846,0.369816298955282,0.39333153016849737,0.387082538891431,0.4952824620298246,0.6415112873618241,0.5333113642234304
NUPR1,ENSG00000176046,chr16,28522707,28549008,58,0.1681254015254783,0.40492034186256154,0.40971150761882785,0.2629313740269377,0.36542985701355457,0.08799484211567182,0.18466341475554904,0.43106516105927306,0.3343965884193959
RP11-666O2.7,ENSG00000288656,chr16,28527039,28633555,337,0.26360771144086914,0.43121252785581393,0.39234400860555074,0.3419140644900658,0.3332793016038505,0.18604718325792635,0.2886420585529886,0.37820124254069876,0.27560636724563653
SGF29,ENSG00000176476,chr16,28543914,28601790,238,0.22894428920120058,0.4101416729047104,0.3449798438200367,0.30328634400321547,0.3068636477056642,0.1823891368206609,0.26136256403095975,0.34548375766329653,0.2665103304529976
SULT1A2,ENSG00000197165,chr16,28581942,28607050,123,0.3028791498493701,0.43293167027757035,0.4118374007629521,0.33976010639350107,0.35259292972099043,0.19866006432018074,0.27382374493459266,0.3686154072207655,0.29345172660635355
SULT1A1,ENSG00000196502,chr16,28593943,28633625,103,0.21679808347601703,0.3415873202699548,0.34332024520941967,0.21794972770182994,0.2550185524617723,0.12086464858389168,0.18468183076821296,0.29705872282160783,0.23324154063728658
NPIPB8,ENSG00000255524,chr16,28627653,28668744,11,0.7110149887505148,0.39765478292972534,0.5957900364421377,0.6402339382471832,0.5166833166833167,0.421242089953044,0.40107132691868275,0.08568245779720529,0.10585322083156667
EIF3C,ENSG00000184110,chr16,28678557,28745727,0,,,,,,,,,
NPIPB9,ENSG00000196993,chr16,28741786,28782807,0,,,,,,,,,
ATXN2L,ENSG00000168488,chr16,28812998,28847237,39,0.20204984811503593,0.5977292839406297,0.6096437931494375,0.1526059697855517,0.49121696259281017,0.0978217689798504,0.20024293683833227,0.8128082249975497,0.7103870571390678
TUFM,ENSG00000178952,chr16,28832410,28856348,59,0.20111513139398632,0.6134469712510987,0.6581105821174803,0.18313947811492878,0.4751796491330467,0.050878361070002764,0.2540369363394819,0.8996078568409405,0.6964492815714614
SH2B1,ENSG00000178188,chr16,28836599,28884212,143,0.18368357268150415,0.6131241977954073,0.6244790266775948,0.17293686223336532,0.5051208933997589,0.08658191382659919,0.21804201399472373,0.8630696481689913,0.7316095480008667
ATP2A1,ENSG00000196296,chr16,28868404,28914466,143,0.4473167947266053,0.5166891373419448,0.5218791944714127,0.37458629594928167,0.4434072092212431,0.2910868422391466,0.3052578819438616,0.4360083821295222,0.4218373424248071
RABEP2,ENSG00000177548,chr16,28894420,28946526,78,0.5947642729517371,0.3173665570207358,0.4633018048949192,0.4598463651923051,0.19609657693499274,0.33138211326677636,0.3897113917937599,0.05041513691921723,0.0
CD19,ENSG00000177455,chr16,28921964,28949342,0,,,,,,,,,
NFATC2IP,ENSG00000176953,chr16,28940806,28977097,85,0.32484188703261935,0.5343598488168565,0.5032725162796565,0.29555194936700874,0.5013973368403748,0.2287183996335646,0.20936853699847208,0.535623751290414,0.5549736139255065
SPNS1,ENSG00000169682,chr16,28964220,28994548,148,0.41124888314175523,0.5023279524214104,0.49158912195827636,0.434764961005845,0.48236974201462757,0.2755501756335012,0.30491675737209206,0.42226378225484945,0.39289720051625865
LAT,ENSG00000213658,chr16,28974825,29000784,115,0.43108263548125475,0.5524832250102839,0.486282770646588,0.46572622460066965,0.528722900534981,0.3509895191629226,0.3392895514849253,0.45305173679634847,0.4647517044743459
NPIPB11,ENSG00000254206,chr16,29371353,29414029,0,,,,,,,,,
BOLA2,ENSG00000183336,chr16,29433055,29464964,0,,,,,,,,,
BOLA2-SMG1P6,ENSG00000261740,chr16,29433229,29464651,0,,,,,,,,,
SLX1B,ENSG00000181625,chr16,29444500,29468219,0,,,,,,,,,
SULT1A4,ENSG00000213648,chr16,29449912,29474966,0,,,,,,,,,
NPIPB12,ENSG00000169203,chr16,29473641,29515999,0,,,,,,,,,
SPN,ENSG00000197471,chr16,29652978,29680876,0,,,,,,,,,
QPRT,ENSG00000103485,chr16,29653278,29708699,55,0.5390341395479027,0.8753385731559855,0.881977250231379,0.5509682508966034,0.8671057273903329,0.35985360873927097,0.43230703757219247,1.7223001930427424,1.6498467642098205
C16orf54,ENSG00000185905,chr16,29732462,29755990,120,0.3774354785037377,0.916130916363409,0.7177397505186981,0.4045609395548324,0.7441116913567091,0.8437402339706781,0.8169701144114048,1.6347579900723128,1.6615281096315861
ZG16,ENSG00000174992,chr16,29768255,29792973,101,0.8526954116433784,0.8920184589311684,0.9278578884199108,0.8149071852734746,0.9238459640394515,0.7559652277026974,0.668847830038747,1.4698297547923653,1.5569471524563163
KIF22,ENSG00000079616,chr16,29780718,29815384,132,0.7790208635339316,0.807796072516594,0.9371172323070083,0.7860915931267691,0.9358083767756594,0.1962011094967313,0.2227615764863471,1.4529972388010413,1.4264367718114257
MAZ,ENSG00000103495,chr16,29796105,29821164,104,0.794225846194359,0.8560227688603773,0.9104487219404837,0.7682993885799497,0.9021843899985884,0.5530661414005296,0.5378691072430548,1.3850339675933845,1.4002310017508595
PRRT2,ENSG00000167371,chr16,29801381,29825892,111,0.7482749429670601,0.8047980204473948,0.8596746663998212,0.7495559255274804,0.8495244411511834,0.5246732768494338,0.562142747614004,1.109047187054491,1.0715777162899207
AC009133.23,ENSG00000280893,chr16,29802260,29830092,120,0.7153322733321027,0.8357711999219243,0.8668957851070106,0.7371571525596545,0.8398950369486421,0.5231522321265232,0.655384002448557,1.2833424688832245,1.1511106985611903
PAGR1,ENSG00000280789,chr16,29806151,29832489,120,0.7300706735328666,0.800835635279827,0.8426566417228059,0.7251027789220733,0.790581870933537,0.5369475418216794,0.6707802132331461,1.0766772999800396,0.9428446285685728
CTD-2574D22.6,ENSG00000281348,chr16,29807238,29840627,129,0.6517048814663217,0.7978248015884388,0.7961208755377449,0.6754730781098579,0.742012487290106,0.5315488837733237,0.6845816625457022,1.0670717548421678,0.9140389760697891
MVP,ENSG00000013364,chr16,29810393,29858039,177,0.5624180396996316,0.7087012296581674,0.7571919577770464,0.6308447890517654,0.7311265100929354,0.32220649584390804,0.45821481302947276,0.9111993404593586,0.7751910232737939
CDIPT,ENSG00000103502,chr16,29848356,29873414,92,0.44214200475977605,0.573420406796335,0.6905052480365783,0.4835186647378521,0.6933136864593772,0.13139650214851928,0.16537130212896178,0.7205598078438108,0.6865850078633684
SEZ6L2,ENSG00000174938,chr16,29861158,29909550,158,0.19451491728437803,0.21550097751710656,0.08385292419710658,0.2662649464331056,0.13859031039882105,0.18572109228844688,0.20156608653115576,0.05698886055975602,0.04114386631704717
ASPHD1,ENSG00000174939,chr16,29890374,29929864,124,0.3068270327696588,0.3705026542800266,0.2377619632203854,0.34164690050218327,0.24900420210057442,0.27890648655801376,0.2972461428170412,0.18392715543793026,0.1655874991789029
KCTD13,ENSG00000174943,chr16,29895011,29936236,133,0.31872575008888554,0.4040629849900878,0.1462494028579265,0.3839504656828034,0.24277693397272895,0.3716472328951038,0.3619754024990715,0.145973064119727,0.15564489451575925
TMEM219,ENSG00000149932,chr16,29930884,29983050,169,0.28551816490581206,0.10953321885706227,0.2863352402752178,0.29107951640519447,0.26188647273339755,0.057432617313827594,0.07818187848004635,0.058576863235807186,0.03782760206958846
TAOK2,ENSG00000149930,chr16,29963867,30002261,128,0.29420532008111533,0.19102513661202186,0.29214857539651484,0.3019291728982385,0.33075124875124867,0.10744863974256957,0.08491134050772506,0.10453879387766729,0.12707609311251183
HIRIP3,ENSG00000149929,chr16,29982329,30006074,93,0.30610253393155284,0.07099132023755139,0.30512643881185786,0.2931301789793947,0.29875326863532425,0.03752144678970776,0.03282523624954736,0.03611575029796557,0.040811960838125966
INO80E,ENSG00000169592,chr16,29985714,30015793,102,0.33681869936408637,0.4320949234431062,0.25912662882199994,0.28949117868565344,0.2701494107744108,0.3382911533995534,0.29632973538107854,0.22750983956518755,0.26947125758366236
DOC2A,ENSG00000149927,chr16,29995513,30033270,132,0.29683025918442724,0.2737993645029505,0.3638069239691115,0.33320240074812896,0.41785111440283856,0.10991636304344485,0.0920843133140411,0.2100125818596253,0.22784463158902904
C16orf92,ENSG00000167194,chr16,30013197,30037736,67,0.24923737556732278,0.1578369328645572,0.21266617597036333,0.2866642509873039,0.149185226419355,0.10967221295160766,0.1740119293830839,0.06210940410748292,0.0
TLCD3B,ENSG00000149926,chr16,30014426,30062978,160,0.33089785274251104,0.5656687252141798,0.5147539311440993,0.3490564736223767,0.42057041231731745,0.2563335579387746,0.3587844953940546,0.577614172154681,0.4751632346994009
CTD-2515O10.6,ENSG00000285043,chr16,30043122,30080414,137,0.3833610982167845,0.5316868650177767,0.4060569967318005,0.4044461586844038,0.4671275860703173,0.36055893568689046,0.3237041693244749,0.3980591792773921,0.4349139456398077
ALDOA,ENSG00000149925,chr16,30054163,30080457,83,0.27372394645354997,0.6010228709343753,0.4445284722762669,0.45425734718141514,0.45922017797017817,0.32536917765951845,0.4548579321354647,0.5934820067131779,0.46399325223723165
PPP4C,ENSG00000149923,chr16,30065977,30095376,95,0.23968540683728068,0.3157151431402928,0.2392553172743132,0.256835414040323,0.2363861878672911,0.1899732519448882,0.20326281745614616,0.18940773871177868,0.1761181732005207
TBX6,ENSG00000149922,chr16,30075792,30101924,85,0.3596682028212996,0.27288465298142706,0.3871553791858084,0.32000338913781334,0.39305763748052797,0.13739755385002594,0.10250808507086473,0.18127259853536384,0.21616206731452506
YPEL3,ENSG00000090238,chr16,30082313,30106915,86,0.3671007346591509,0.38850218635662476,0.3323709828265701,0.3763533625812183,0.3715140161017023,0.2726326420073355,0.24978685219167696,0.21921125725318902,0.2420570470688476
GDPD3,ENSG00000102886,chr16,30094809,30123537,93,0.4831475906575539,0.7800872299421848,0.6968971150846429,0.45575970538074634,0.653837390679496,0.4904196272254083,0.5310210387038329,1.024104683768376,0.9835032722899515
MAPK3,ENSG00000102882,chr16,30104104,30133506,97,0.40112190935598085,0.6274900097399346,0.6280543001148605,0.34632477842189135,0.6307840243028547,0.25559062083019163,0.20813128491307004,0.7319008012018589,0.7793601371189804
CORO1A,ENSG00000102879,chr16,30172826,30199076,0,,,,,,,,,
BOLA2B,ENSG00000169627,chr16,30182931,30204306,0,,,,,,,,,
SLX1A,ENSG00000132207,chr16,30183874,30207561,0,,,,,,,,,
SULT1A3,ENSG00000261052,chr16,30189227,30214310,0,,,,,,,,,
NPIPB13,ENSG00000198064,chr16,30212936,30264510,0,,,,,,,,,
CD2BP2,ENSG00000169217,chr16,30340772,30365308,74,0.4504297033765882,0.6311313756209912,0.5534938483877997,0.3075888486447949,0.33989221242491163,0.39481560672752886,0.47476896874241625,0.6024991231015415,0.5225457610866541
TBC1D10B,ENSG00000169221,chr16,30347101,30380494,102,0.4568607343122804,0.7719995128280799,0.7566477462572312,0.46715016955385746,0.6412612616741057,0.3377758746284394,0.5413811240005005,1.1406316386825917,0.9370263893105306
MYLPF,ENSG00000180209,chr16,30360933,30387991,75,0.34829434446423574,0.8348519147330692,0.7168481742472772,0.39619863089704804,0.7077066163553796,0.4836514751157962,0.5377127363665551,1.3172612459996837,1.2631999847489248
ZNF48,ENSG00000180035,chr16,30368105,30410108,121,0.45353549337007804,0.7562451524261878,0.7645221094590234,0.4978053801163275,0.7233209825717031,0.28486997450273677,0.40773130034090166,1.1267223073168906,1.003860981478726
SEPTIN1,ENSG00000180096,chr16,30368132,30405991,110,0.43826870182839217,0.7709072638202146,0.7601231596153856,0.49989449250896806,0.6938278536945603,0.31136520202782025,0.4914784090850979,1.1622631938910692,0.9821499868337915
ZNF771,ENSG00000179965,chr16,30397413,30441108,129,0.4555591395753093,0.6802384271038446,0.6529618514747947,0.3938425504896469,0.5117771018846835,0.34492751688556234,0.46190596780441723,0.7952521287158769,0.678273677797022
DCTPP1,ENSG00000179958,chr16,30413614,30440030,74,0.2559317061750073,0.6332692781473267,0.5036852983410983,0.40301207185278637,0.5761725599008938,0.29910240472136584,0.33027846366235636,0.7040250234381452,0.6728489644971547
SEPHS2,ENSG00000179918,chr16,30433630,30455874,73,0.37013590477471064,0.3285671798777723,0.44830537545727356,0.43565433901175726,0.3274237227568763,0.13291595752819435,0.28689495155576983,0.26542535498951103,0.11144636096193555
ITGAL,ENSG00000005844,chr16,30462657,30533567,249,0.510235600145916,0.6995710218065032,0.6006545968125399,0.4592712854578598,0.6077439004520543,0.49922307704833657,0.44077056940932124,0.7033208213384587,0.7617733289774742
ZNF768,ENSG00000169957,chr16,30514003,30536821,80,0.4346357700135686,0.5219938309144602,0.5175829748421336,0.34341954635078353,0.5326854911551258,0.28973519982713836,0.19904445121045283,0.4483964407101307,0.5390871893268162
AC002310.11,ENSG00000261459,chr16,30515922,30544852,100,0.45889488393946865,0.5673360546599984,0.5581828080256376,0.3320150261979656,0.5053392224658458,0.31753830212164585,0.26870025541281695,0.5202556579453588,0.5690937046541876
ZNF747,ENSG00000169955,chr16,30520366,30545347,88,0.49797994511724664,0.593222638053279,0.6500693290294897,0.4226575726976514,0.6026283478243509,0.26929212425818605,0.2629628538963025,0.6301971411965372,0.6365264115584209
ZNF764,ENSG00000169951,chr16,30543763,30568374,46,0.49820756662428317,0.6790207302480515,0.030005080157163345,0.4991136468841078,0.06629074405171229,0.8977415087517304,0.8795823017592588,0.23863722939778093,0.2567964363902526
ZNF688,ENSG00000229809,chr16,30559671,30582734,0,,,,,,,,,
ZNF785,ENSG00000197162,chr16,30563739,30595769,0,,,,,,,,,
ZNF689,ENSG00000156853,chr16,30592557,30634012,86,0.3619190165218904,0.299913463829264,0.22362128087725217,0.3155094249582439,0.20585915367780214,0.27636328053734865,0.2525686433945278,0.08018804794103815,0.103982685083859
PRR14,ENSG00000156858,chr16,30640716,30666413,88,0.2593554475107412,0.2897717311774209,0.2176985031695659,0.19990287023900477,0.2911532164560428,0.19844412166735595,0.11053756185965949,0.1437247335672868,0.23163129337498317
FBRS,ENSG00000156860,chr16,30648430,30680810,108,0.41758104744750457,0.3192848883958704,0.34894604683110286,0.2977368988387474,0.20757781488146668,0.248006938158005,0.2526987943483976,0.1366044605224334,0.13191260433204086
SRCAP,ENSG00000080603,chr16,30688208,30751409,193,0.7002703848426663,0.7170358336964506,0.7355053442226568,0.6997022943347826,0.7010501442049847,0.5686876354186946,0.6289682641645453,0.693747374772814,0.6334667460269633
RP11-2C24.9,ENSG00000282034,chr16,30694066,30755169,186,0.7491944534636757,0.7479452078675437,0.7304659125900196,0.7498552252280098,0.7654955334817272,0.7250628641821484,0.6567717856810444,0.6530459218257967,0.7213370003269008
TMEM265,ENSG00000281991,chr16,30730641,30755196,76,0.7431313773799292,0.7174411316056198,0.7227072482981334,0.7242092938975357,0.7266294817051049,0.6701887108482465,0.627527092228162,0.5936796555593408,0.6363412741794254
PHKG2,ENSG00000156873,chr16,30738292,30771176,92,0.7732527133780792,0.7707964077476274,0.8352250586437441,0.8001593098119045,0.8560307264097627,0.5769445248801796,0.5726120100741964,0.8962000963808223,0.9005326111868055
CCDC189,ENSG00000196118,chr16,30747422,30772221,68,0.8016202732094019,0.8389368120668571,0.8710243252784162,0.7702265676866438,0.8786487992719448,0.6976996658881429,0.5937767998586485,1.1282588534719498,1.2321817195014442
RNF40,ENSG00000103549,chr16,30751744,30786307,86,0.7706013323593006,0.7833247150267493,0.8188909112971727,0.7678078272427409,0.8542792328315115,0.646496790911114,0.5317411529569774,0.8828586378409071,0.9976142757950436
ZNF629,ENSG00000102870,chr16,30768455,30797205,62,0.7488408112508846,0.7867522059077297,0.7645043835003129,0.7209857586300352,0.7854329856753365,0.7404528901832093,0.6413298613551885,0.8048475467138401,0.9039705755418609
BCL7C,ENSG00000099385,chr16,30823625,30904302,251,0.5845508108683442,0.5731964491006692,0.5016200201267019,0.5873672373874127,0.5465110682501988,0.5167169596579229,0.47292214999546206,0.3347144801108628,0.37850928977332354
CTF1,ENSG00000150281,chr16,30886613,30913547,74,0.5119005515018505,0.6661204501577437,0.5993155941980932,0.5389239240005512,0.6285912808941077,0.44981495338016575,0.44035752599284106,0.6471600268824254,0.65661745426975
FBXL19,ENSG00000099364,chr16,30913054,30958783,94,0.45215825055238845,0.4565762964335848,0.38790317735427915,0.5086453854035636,0.46047238947679797,0.36038498608539377,0.3516969135193782,0.24948097601225205,0.2581690485782676
ORAI3,ENSG00000175938,chr16,30939067,30966461,54,0.4103816009213516,0.3653879519807059,0.4501390169527384,0.5108840173956835,0.4706745113687766,0.1924656782766625,0.2668726516335011,0.26227573651867314,0.18786876316183448
SETD1A,ENSG00000099381,chr16,30947753,30994664,122,0.35314442392517265,0.32401017072284777,0.25078417047290835,0.5267566091876493,0.42292701208146244,0.2692406493706927,0.2949680890369694,0.12233659912966383,0.09660915946338705
HSD3B7,ENSG00000099377,chr16,30975206,30999147,68,0.47581418601132736,0.4772762989264029,0.44699010975636955,0.5354733028937427,0.4450282994533813,0.35111595425015907,0.41330017082326076,0.2975862964910663,0.2354020799179647
STX1B,ENSG00000099365,chr16,30979255,31020638,135,0.5330534215303828,0.587042487602198,0.5917203196738523,0.511608195784167,0.526757997761032,0.37507406964720824,0.42644974797274515,0.5093364972160647,0.4579608188905277
STX4,ENSG00000103496,chr16,31022888,31052975,84,0.5229903659240461,0.5803841633493108,0.45348842643587994,0.4645667371086012,0.3921151590377697,0.5022172290051303,0.4976624311477277,0.36619843191091483,0.37075322976831754
ZNF668,ENSG00000167394,chr16,31050842,31084240,118,0.5956768021817848,0.6264397712236038,0.5509586692625661,0.47360622451045603,0.46609459742750475,0.5447882068645808,0.4994225757911485,0.43988782545413607,0.4852534565275683
ZNF646,ENSG00000167395,chr16,31064421,31094196,118,0.6272337274241484,0.7043436809555998,0.5611540420179845,0.5426753035770707,0.5480191719792905,0.6908772169530537,0.603401856265308,0.5276803665950829,0.6151557272828283
PRSS53,ENSG00000151006,chr16,31073424,31099628,96,0.5760808334149481,0.6330686075793871,0.474855720260652,0.4444342693119766,0.40112523255243615,0.608355320606629,0.5388229838867633,0.3942250694299104,0.4637574061497759
RP11-196G11.1,ENSG00000255439,chr16,31073438,31104956,103,0.5628180576788021,0.6376649878106045,0.44858839100350023,0.4496907364534652,0.4060262938781313,0.6236590733463612,0.545770341061617,0.3915269737360174,0.4694157060207614
VKORC1,ENSG00000167397,chr16,31080841,31105980,71,0.5461332829431492,0.5737513731479248,0.5269792592672856,0.3903436596416497,0.4852812637825269,0.4470340642677984,0.3417288290538279,0.40569840758320813,0.5110036427971787
BCKDK,ENSG00000103507,chr16,31096106,31122791,75,0.5368221941635372,0.6051508384648737,0.46690838257379214,0.42903760473934915,0.4517319049362473,0.534916872896483,0.4443462493142453,0.39433458364659474,0.48490520722883246
KAT8,ENSG00000103510,chr16,31104488,31141393,114,0.6138116356800154,0.5813721764830062,0.4357410576276438,0.547397199574619,0.5056568614401705,0.6249805130323949,0.47949398553867717,0.2457924901176145,0.3912790176113321
PRSS8,ENSG00000052344,chr16,31121432,31145727,85,0.6819406230631355,0.6847474683410497,0.5829144764608832,0.6127218171060619,0.621335841002772,0.7127172407215393,0.5659438540521411,0.44166403280879674,0.5884374194781948
PRSS36,ENSG00000178226,chr16,31128925,31160083,113,0.5679506658020036,0.5733173566868512,0.4456604948646254,0.5798488255672574,0.5909167595595863,0.5504761545584722,0.4125094188631217,0.3012386116139756,0.43920534730932626
FUS,ENSG00000089280,chr16,31170137,31201605,148,0.5516498080587675,0.45583979015944465,0.4821621978250415,0.6422835521024935,0.5002502857093357,0.3762995183042396,0.4714391730939664,0.23221205379619003,0.13707239900646329
PYCARD,ENSG00000103490,chr16,31191485,31213450,92,0.47716146620939415,0.40817053783170204,0.4544229014475812,0.6211749272961862,0.3895948761136474,0.2835541007592945,0.5007925407814442,0.240982655500819,0.023744215478669173
TRIM72,ENSG00000177238,chr16,31204090,31241537,143,0.6603411854165269,0.5527903095180949,0.6327579527601022,0.7300517933577827,0.5981955258929676,0.44140361040220855,0.6012315811365339,0.3633240777387843,0.20349610700445897
PYDC1,ENSG00000169900,chr16,31205961,31227135,86,0.5568618924014892,0.3622286545977857,0.5014658212319595,0.6299611076234942,0.5574799971509297,0.28378306308913076,0.31432650281083163,0.16599238957275803,0.1354489498510571
ITGAM,ENSG00000169896,chr16,31249966,31342892,348,0.28580541506855056,0.26003106777554735,0.1625049477470999,0.3747011988058843,0.19741928153246607,0.23020348997198414,0.27537494672480595,0.0709435871737378,0.025772130420915973
ITGAX,ENSG00000140678,chr16,31345133,31392999,162,0.37946345769453216,0.34291583134301784,0.31944781100542813,0.37758059213561557,0.3424735248632086,0.2561315873876465,0.2374070165217776,0.16381157072632688,0.1825361415921957
ITGAD,ENSG00000156886,chr16,31383334,31436505,64,0.4277949741785953,0.5811515298225537,0.3972536148205937,0.4202730436604221,0.4217990127953227,0.46112261337324717,0.4338051900084117,0.40912345745110906,0.43644088081594457
COX6A2,ENSG00000156885,chr16,31417730,31438360,68,0.42237940435330007,0.5749681288205485,0.39378344170997664,0.416247746981624,0.40936215915047414,0.4519555783898616,0.433658746227724,0.4036355434690698,0.42193237563120733
ZNF843,ENSG00000176723,chr16,31422592,31453160,127,0.29911795505690786,0.5682329093701344,0.3991205407060522,0.32842427062986373,0.5034504009925477,0.3429618598375322,0.26896278397451995,0.49690711835033075,0.5709061942133431
ARMC5,ENSG00000140691,chr16,31448079,31477166,113,0.3215415868217682,0.5925600412967591,0.5334759028670003,0.3115567776310702,0.5752234030922554,0.261674093387784,0.20749611253717254,0.6361876043746728,0.6903655852252844
TGFB1I1,ENSG00000140682,chr16,31461584,31487960,107,0.11188758776059197,0.3860556991099627,0.290972298998833,0.20049886872391207,0.2958519989259924,0.1313236705325456,0.18042584286078045,0.3565273995801238,0.30742522725188903
SLC5A2,ENSG00000140675,chr16,31473001,31500860,140,0.1787457138148623,0.4993407748271958,0.37976817929169815,0.26915713613585956,0.3955941825507043,0.20554506112251686,0.25093848899752824,0.4862845374842727,0.44089110960926126
RUSF1,ENSG00000140688,chr16,31479470,31519309,238,0.44940116541289155,0.7477318249961089,0.5993507018798578,0.356929933859786,0.5984216961989931,0.5296712855396439,0.4532057137254667,0.8475912852527633,0.9240568570669405
AHSP,ENSG00000169877,chr16,31517899,31538803,140,0.2861475290481451,0.5905821678126901,0.46850877781552025,0.3240664028034679,0.563322260893327,0.2990147073096291,0.22805984577072302,0.5940043425123341,0.6649592040512402
ZNF720,ENSG00000197302,chr16,31703228,31804869,427,0.42904712032149134,0.48762607041300704,0.3979178022811188,0.5186902437857781,0.467961342921266,0.3608939412664568,0.38445284650659284,0.3078066480136478,0.2842477427735117
ZNF267,ENSG00000185947,chr16,31863806,31927357,67,0.7995474071080406,0.8084565972759237,0.8821461400687695,0.7397054564718348,0.8727248799105087,0.5607542286827012,0.46858902187828355,1.0918866212803502,1.1840518280847676
TP53TG3D,ENSG00000205456,chr16,32242718,32265922,0,,,,,,,,,
TP53TG3,ENSG00000183632,chr16,32663527,32686732,0,,,,,,,,,
TP53TG3C,ENSG00000205457,chr16,33183658,33206858,0,,,,,,,,,
TP53TG3E,ENSG00000275034,chr16,33293738,33316935,0,,,,,,,,,
TP53TG3B,ENSG00000261509,chr16,33350273,33373478,0,,,,,,,,,
TP53TG3F,ENSG00000278848,chr16,33449044,33472249,0,,,,,,,,,
IGHV3OR16-17,ENSG00000259680,chr16,33834783,33855229,0,,,,,,,,,
SHCBP1,ENSG00000171241,chr16,46568590,46631379,90,0.792854035732368,0.8832519502499486,0.8762686541503485,0.7355629336408567,0.8712739071855096,0.8162130251934498,0.7139103169378229,1.3315240618755502,1.4338267701311764
VPS35,ENSG00000069329,chr16,46646131,46699518,43,0.7405160638445647,0.814289734307766,0.8120687988071587,0.6767461536862,0.8701108080236218,0.6804743391091626,0.38590566610032995,1.0030931919855295,1.2976618649943625
ORC6,ENSG00000091651,chr16,46679642,46708394,66,0.7760623840778527,0.8317559114533749,0.817382570286398,0.7105556249616273,0.84684530588803,0.7891826749381771,0.5729123960911715,0.9931567710747045,1.2094270499217101
MYLK3,ENSG00000140795,chr16,46692281,46800407,277,0.7789619388676422,0.8599326367957189,0.8668826293321541,0.7765787772699041,0.8576800290274573,0.7292640613138295,0.7573253824173601,1.236367745037255,1.2083064239337244
C16orf87,ENSG00000155330,chr16,46786602,46841180,114,0.727184777445039,0.8815976765029554,0.8795943759585597,0.6424437204484096,0.8893271429406966,0.6578692250593665,0.4804763867490083,1.4757977075349717,1.65319054584533
GPT2,ENSG00000166123,chr16,46874361,46941289,151,0.6681878098286389,0.7857008518893664,0.8072772128653727,0.5896332886335391,0.8098259652974011,0.4985330277136282,0.3856353994251165,1.0418493240155742,1.1547469523040859
DNAJA2,ENSG00000069345,chr16,46945361,46983674,92,0.6844017053299032,0.7415068044622144,0.8013972328606058,0.6877437010642786,0.8041839405646228,0.44486120374561844,0.4431186665189265,0.9080247045057231,0.909767241732415
NETO2,ENSG00000171208,chr16,47067702,47153945,250,0.44190427594652515,0.6199183911540164,0.5875992740691213,0.41815419823620775,0.6726112887522147,0.33241715272364286,0.19615600316805926,0.6349521364747067,0.7712132860302905
ITFG1,ENSG00000129636,chr16,47144386,47474149,957,0.4908573778648195,0.6537016128507152,0.6782681567127415,0.44482811517506693,0.6934543425095998,0.30072236038440936,0.23327171257033974,0.7597321245802581,0.8271827723943279
PHKB,ENSG00000102893,chr16,47451122,47711523,771,0.2976208406517366,0.421967033424749,0.46294418378901914,0.2727462008140155,0.45924970124755315,0.1398765174999455,0.1259032361221093,0.4082478588389618,0.42222114021679813
ABCC12,ENSG00000140798,chr16,48071005,48166018,497,0.33973081467524147,0.46422318803989115,0.6581287149532032,0.27256130043316085,0.5903204149916736,0.0,0.024941610340798337,0.6411254509689139,0.5990959898840682
ABCC11,ENSG00000121270,chr16,48155772,48257568,534,0.2006871682119713,0.2713510698989583,0.25673978656848384,0.14940540519038362,0.2017362100815905,0.1219285227077227,0.126533359364841,0.19463471762620366,0.19002988096908535
LONP2,ENSG00000102910,chr16,48234299,48373122,739,0.2505645860456781,0.3266188789455057,0.31214418058342913,0.2352380312358085,0.2646642220472367,0.15485145871320838,0.178103205044353,0.24059234919706105,0.21734060286591644
SIAH1,ENSG00000196470,chr16,48346363,48458402,581,0.3050200925786114,0.45670155212207814,0.5102436950298493,0.30922578391943517,0.41775092969800165,0.13006073895233672,0.21959088672420968,0.48003574331807136,0.39050559554619857
N4BP1,ENSG00000102921,chr16,48528725,48630148,529,0.3931141498268398,0.6213929331768909,0.46759906538417245,0.2813057374654562,0.4715542218356536,0.4201562495296084,0.3318802688574274,0.5511001251803269,0.6393761058525078
CBLN1,ENSG00000102924,chr16,49267916,49291838,149,0.43454554052963873,0.41472049464066707,0.41048402320603095,0.34941467280689903,0.4452800310774966,0.2886689099661582,0.18812836188713977,0.24699684894892787,0.3475373970279463
C16orf78,ENSG00000166152,chr16,49363803,49409431,317,0.25335530312118726,0.41701053497663665,0.29911009154790247,0.21566927929817203,0.34976164600851856,0.23817377828649566,0.1760471940848004,0.3014123847942447,0.36353896899593996
ZNF423,ENSG00000102935,chr16,49477523,49867919,2417,0.37043144399832156,0.3811167909507676,0.3322057415219672,0.3665744029146627,0.33590823241699697,0.2693920388428895,0.2635582497758585,0.2104466620750492,0.21628045114208017
CNEP1R1,ENSG00000205423,chr16,50014409,50047088,164,0.5708073798073837,0.6781341330128393,0.6284725139900101,0.6021351392818522,0.6535905904165944,0.49466870704394555,0.49756466046394243,0.6389516753315734,0.6360557219115766
HEATR3,ENSG00000155393,chr16,50055969,50117272,377,0.48095497490555245,0.5472119809309609,0.4887243705446807,0.5741210315545215,0.585880337035857,0.3886247081019949,0.38216549543096795,0.40370650399441393,0.41016571666544094
TENT4B,ENSG00000121274,chr16,50142910,50245310,140,0.47459695067423924,0.4776053147953975,0.553792762837038,0.5734725347721172,0.4497915323447237,0.24297484762009203,0.4519761758736669,0.40635702725593675,0.19735569900236194
ADCY7,ENSG00000121281,chr16,50236136,50328135,547,0.46663505242355263,0.5562776063014027,0.4754600070148312,0.4885504649338318,0.49725179759609683,0.3979359658326225,0.3976983423892707,0.41462018567854,0.4148578091218918
BRD7,ENSG00000166164,chr16,50303486,50378988,465,0.40436813860535625,0.4903495882319859,0.411966323388024,0.39104306409510114,0.39897532799068497,0.3305958404180843,0.3304593441521644,0.3434344150072239,0.34357091127314393
NKD1,ENSG00000140807,chr16,50538395,50659249,611,0.36059493419696403,0.46406208678378386,0.4753114021431706,0.4133237390639489,0.4758010761020583,0.21300186925211745,0.25556752155730345,0.4107350889202772,0.3681694366150914
SNX20,ENSG00000167208,chr16,50656299,50691353,220,0.2192022628808032,0.1902152459091008,0.1881580101943645,0.47825791005309165,0.42102435034597246,0.12498819638619266,0.1575369189600649,0.08599860593369259,0.05344988335982037
NOD2,ENSG00000167207,chr16,50683587,50744041,358,0.24832498618284227,0.25210685327578625,0.12579236067534005,0.3816657222636457,0.3182867940373713,0.22075450807940866,0.1940374998801961,0.0697406551055422,0.09645766330475478
CYLD,ENSG00000083799,chr16,50732049,50811935,478,0.3086836049448001,0.269849050181323,0.18605721393034827,0.36404111697377295,0.1958124572821602,0.23889823142706773,0.27460128889317736,0.07560575421525842,0.039902696749148786
SALL1,ENSG00000103449,chr16,51125974,51161367,189,0.6571371358690155,0.7056783182663707,0.6702149645153618,0.5776077609957673,0.607208572830506,0.5920962173143489,0.5752131734511545,0.6309857369244608,0.6478687807876553
HNRNPA1P48,ENSG00000224578,chr16,51543435,51657132,846,0.3057252013758513,0.37934388288710086,0.17876109730379747,0.31295759259301775,0.21595733327605773,0.322462159264997,0.30452276454509286,0.15451594782550584,0.1724553425454099
TOX3,ENSG00000103460,chr16,52426416,52557802,771,0.4002850386206049,0.42028854666535825,0.3461403791840031,0.3989015078665325,0.29754737606098186,0.3158314984304239,0.35052197582732564,0.22939329505318928,0.19470281765628755
RP11-467J12.4,ENSG00000277639,chr16,53025689,53062873,187,0.321966365263629,0.3622661362510112,0.3025564551526114,0.33808743596948937,0.31108860230339613,0.2390294498957719,0.2449067113265462,0.2108047742285416,0.2049275127977673
CHD9,ENSG00000177200,chr16,53044990,53339150,1393,0.32886608059639233,0.7291055872511977,0.6191689379595139,0.274863069709673,0.6479078063188344,0.3697066630355207,0.2917793518310079,0.9363194918419693,1.014246803046482
RBL2,ENSG00000103479,chr16,53423976,53501648,420,0.35056253075077426,0.6382352180119624,0.5349186766254406,0.3737480033379382,0.48754576566273794,0.34143338743748924,0.40810980967935456,0.6753276644268851,0.6086512421850198
AKTIP,ENSG00000166971,chr16,53481039,53514411,205,0.35455959955466004,0.54063871996119,0.45747226693591986,0.37809540386200985,0.44147539935269514,0.3021123029093798,0.33521512136730175,0.47580597313385353,0.4427031546759317
RPGRIP1L,ENSG00000103494,chr16,53588152,53713938,625,0.38408584427606374,0.6849565547433412,0.5925269012095632,0.3907427798942769,0.6700175981752697,0.37095602362468505,0.27092175510356464,0.7840887045923972,0.8841229731135176
FTO,ENSG00000140718,chr16,53691691,54168512,3128,0.3424622340084116,0.42434841647469806,0.36687339991051165,0.3468220523252924,0.37764496183387986,0.2572104460670933,0.25195691087295746,0.29504224495176046,0.3002957801458962
IRX3,ENSG00000177508,chr16,54273303,54296787,166,0.41050812619483945,0.4077129348128399,0.3858970320286483,0.3797672246778181,0.4786848585826439,0.2823327667971917,0.17501186971005822,0.24143108741980224,0.3487519845069358
IRX5,ENSG00000176842,chr16,54920864,54944485,141,0.5815627933339017,0.8669479686386315,0.8571282611585931,0.50578495775948,0.8296009038002828,0.47121773787760746,0.47609379688092235,1.5457972761433527,1.540921217140038
IRX6,ENSG00000159387,chr16,55314202,55340756,188,0.40346438008094226,0.5256734507958093,0.4862176240987234,0.40936639731208907,0.47829858463005903,0.29826005005030604,0.31087941579725376,0.4475992220631268,0.4349798563161791
MMP2,ENSG00000087245,chr16,55379699,55516691,1158,0.40055745367392936,0.5079945398849568,0.4220010966471752,0.3899933422011689,0.42839796463944835,0.33641865111263086,0.32211930004329575,0.37284681364397493,0.38714616471331
LPCAT2,ENSG00000087253,chr16,55499071,55596666,557,0.3941415676256877,0.6816455645021339,0.6131824013709871,0.4383950264060806,0.6627668609514829,0.34794842578024315,0.31728286474360756,0.796641514064234,0.8273070751008698
CAPNS2,ENSG00000256812,chr16,55556683,55577687,98,0.4317379535373665,0.6955423946788554,0.6405195299977103,0.53276750756791,0.6857045587186306,0.36565030860752157,0.3963649459019468,0.8235731201060278,0.7928584828116024
SLC6A2,ENSG00000103546,chr16,55645987,55717645,438,0.39931551585782477,0.5040076651053356,0.5150836092121318,0.4105051202461656,0.49000359953876754,0.2435507401362318,0.2781662198983817,0.457644066081792,0.42302858631964213
CES1,ENSG00000198848,chr16,55792850,55843337,0,,,,,,,,,
CES5A,ENSG00000159398,chr16,55836153,55966031,774,0.3053959960083624,0.5479104298363411,0.47433598287819884,0.31763058041849646,0.4376776237186425,0.2575976539416954,0.3001895406403863,0.5362773007612265,0.49368541406253574
GNAO1,ENSG00000087258,chr16,56181389,56367444,1098,0.3545825606656204,0.3815839067318506,0.3378214639741204,0.3245755267832338,0.37579968854985196,0.2531158346199821,0.20086187218016363,0.22747792338462985,0.2797318858244483
AMFR,ENSG00000159461,chr16,56351451,56435545,406,0.5886070600234222,0.4174196872278144,0.3261275124325869,0.5046432149509533,0.28347568702318676,0.5168901581852348,0.45471106295022623,0.02339806885731721,0.08557716409232569
NUDT21,ENSG00000167005,chr16,56419132,56462199,216,0.4034506250741751,0.2654872305870894,0.1849420273375788,0.38106232530846085,0.17777877537942605,0.31032256432398486,0.29627640318603293,0.0,0.012271495155742496
RP11-413H22.3,ENSG00000288725,chr16,56420555,56511497,431,0.3981148412837756,0.26362028491494355,0.20308169887039026,0.37198248715983523,0.18088533388274064,0.29334744037105714,0.28583270240612857,0.012661935686613168,0.020176673651541743
OGFOD1,ENSG00000087263,chr16,56441520,56489104,223,0.3723916057775512,0.23072601444112517,0.17347547320042833,0.3619252366205174,0.18999480998295926,0.2688106406267673,0.2504466397168992,0.0,0.011861445102160584
BBS2,ENSG00000125124,chr16,56455639,56592667,831,0.3670232784204443,0.3448645531340545,0.27891741928565283,0.44696791824726895,0.35247848973617746,0.27661664799441954,0.29032463763203653,0.14629662762207243,0.13258863798445542
MT4,ENSG00000102891,chr16,56555072,56578957,166,0.28910207953771827,0.23533936946429734,0.2578390758916051,0.3189276179874914,0.2911869909751265,0.15568020729547763,0.15412316409000018,0.11264295650344985,0.11419999970892727
MT3,ENSG00000087250,chr16,56579073,56601088,156,0.39720358546121914,0.4334605750013504,0.3719673993305834,0.3862534065760805,0.40713058691819226,0.30461058261561746,0.2668003194978289,0.26359802432415746,0.3014082874419459
MT2A,ENSG00000125148,chr16,56598583,56619497,130,0.48149204685798486,0.6075310190771209,0.5452188295844819,0.4401244073319224,0.5324594628970757,0.4020793835974033,0.37753461331483706,0.5332183907811152,0.5577631610636816
MT1E,ENSG00000169715,chr16,56615474,56637112,172,0.4632889581759186,0.5185448923121323,0.5082118380703158,0.4607626820357299,0.5219000804397644,0.32176524622590863,0.3053031333446384,0.40917704015774475,0.42563915303901495
MT1M,ENSG00000205364,chr16,56622658,56643981,201,0.476590497904306,0.4327974953063493,0.3914643316242737,0.5444241314096083,0.4456534822574475,0.35886513549490884,0.38163329921783656,0.20817375238757485,0.18540558866464707
MT1A,ENSG00000205362,chr16,56628665,56650087,180,0.4512494455848858,0.4827341389308181,0.40251369579299584,0.5756316652556271,0.5077321385945907,0.3721428428025374,0.4038097542793643,0.2870554558014038,0.25538854432457697
MT1B,ENSG00000169688,chr16,56641885,56663204,166,0.42699021322546354,0.38794116551476376,0.31963354411413547,0.42699868340159486,0.3730611134501409,0.3313278142915774,0.2904439590675543,0.15959905201908758,0.2004829072431107
MT1F,ENSG00000198417,chr16,56647730,56670698,186,0.3838514812493861,0.3511428320491456,0.33320737050963173,0.3856163562032616,0.3356176320415403,0.25576686380951785,0.25539047286910066,0.17677580288872177,0.177152193829139
MT1G,ENSG00000125144,chr16,56656729,56678065,161,0.46522933888759493,0.5278364360528431,0.4955893942691035,0.5060845715456137,0.5420036768149408,0.34599123288282724,0.33746333533486494,0.40443858675637007,0.4129664843043324
MT1H,ENSG00000205358,chr16,56659813,56681129,154,0.43616006585335865,0.5128208905305327,0.5429708366789854,0.485967645664635,0.5841137906482894,0.25455011965731184,0.25362446012129003,0.4645733226057092,0.465498982141731
MT1X,ENSG00000187193,chr16,56672469,56694196,160,0.39963212044943014,0.6756088952660149,0.6537443116063871,0.4172400670546071,0.5195624031247512,0.2877201319088286,0.46636370190796267,0.8380852458800598,0.6594416758809256
NUP93,ENSG00000102900,chr16,56720117,56860286,681,0.42756622920114434,0.521241091373945,0.4295844466078658,0.4109911956746192,0.4417658257364113,0.36651311113399443,0.34144777029411405,0.37004501943021684,0.3951103602700973
SLC12A3,ENSG00000070915,chr16,56855206,56925850,512,0.3322588541125593,0.38605118752308215,0.2845838232464497,0.3474280101759723,0.30455579904805546,0.278403784040353,0.27573651936591315,0.20943993757132487,0.21210720224576468
HERPUD1,ENSG00000051108,chr16,56922141,56954864,236,0.33895406874937145,0.32310202243996067,0.18388395522015252,0.36290942217377214,0.1990794405121607,0.3004839734524375,0.30954232044838675,0.08975074181685425,0.08069239482090498
CETP,ENSG00000087237,chr16,56951922,56993845,315,0.45394203261756666,0.35534337913470987,0.357043186443779,0.4562135002486522,0.3492225377686337,0.30119494760781806,0.30932425622278026,0.13784252708965783,0.12971321847469564
NLRC5,ENSG00000140853,chr16,56979484,57093531,803,0.3981508525199693,0.5078149313458591,0.44999250214524744,0.38841298162152754,0.42996241633517623,0.3094127798443524,0.3192727620848956,0.39948769757323443,0.3896277153326912
CPNE2,ENSG00000140848,chr16,57082582,57158369,530,0.38377731663261855,0.40761030920813246,0.33709320497214823,0.41517018585389637,0.4029816646101677,0.2983083008272871,0.2721087678665875,0.22528229835714855,0.2514818313178481
PSME3IP1,ENSG00000172775,chr16,57142465,57196116,278,0.5250576200226502,0.519004292004292,0.5060551521378286,0.6088286896681209,0.5224826828948123,0.38556365379394186,0.4656758797901036,0.34633327820809107,0.2662210522119294
RSPRY1,ENSG00000159579,chr16,57176136,57250469,364,0.45313921640048943,0.43877570444650466,0.4235173902111337,0.5485173369901828,0.4814159236944249,0.31519277628650055,0.3580999167742718,0.2624418632563413,0.21953472276857
ARL2BP,ENSG00000102931,chr16,57235258,57263635,160,0.3615061407226137,0.39697883852796195,0.3497067673513387,0.5042358537503459,0.26234263446268646,0.26205715976334487,0.45159106481550243,0.24374582945557022,0.054211924403412715
PLLP,ENSG00000102934,chr16,57238546,57294672,376,0.3688371283788797,0.24501820957522158,0.31176155062193667,0.30701187213321746,0.24311195415134976,0.18381653202181394,0.18463206587580702,0.09724511664483518,0.09642958279084202
CCL22,ENSG00000102962,chr16,57348782,57376189,190,0.47342098376019687,0.5268790196784946,0.50570233667339,0.5854776699175331,0.6197723659243906,0.34257032263365433,0.33102370789828334,0.405833828210815,0.41738044294618615
CX3CL1,ENSG00000006210,chr16,57362476,57395044,175,0.45835309186691847,0.5720389527126544,0.513988614704831,0.6098413787060555,0.5768041359666556,0.3701704102873458,0.4650024141348251,0.4785526882656224,0.3837206844181432
CCL17,ENSG00000102970,chr16,57394766,57426063,137,0.4206816215853696,0.4583830111513448,0.3497285727519854,0.5395943597399216,0.4158917126327076,0.36436692164286755,0.42558732582291475,0.24882926834421615,0.1876088641641691
CIAPIN1,ENSG00000005194,chr16,57418186,57457420,202,0.3682612848141882,0.3691034085829112,0.263844111280325,0.5005803776026377,0.4343261579491532,0.3067896643268261,0.2925921513226746,0.15382364602402054,0.168021159028172
COQ9,ENSG00000088682,chr16,57437424,57471270,201,0.38527838399562236,0.3871781926694301,0.3184351704404494,0.5484027694825103,0.424472083513641,0.29645147037508357,0.3660890551867493,0.19322960443890114,0.12359201962723532
POLR2C,ENSG00000102978,chr16,57452659,57482009,162,0.5352235086785738,0.43978599960978815,0.39575543927723317,0.6135117288433284,0.4816280515901598,0.4209294081668638,0.4365139675681302,0.15850701653037985,0.14292245712911344
DOK4,ENSG00000125170,chr16,57461921,57497327,194,0.49450982666358134,0.44856251346253334,0.4091782650376413,0.5963285225604237,0.4743629480266701,0.37560626932542157,0.4296181926101721,0.21962052908791746,0.16560860580316694
CCDC102A,ENSG00000135736,chr16,57502180,57546571,267,0.22363621932497244,0.4140458364664727,0.3162903785716983,0.2597055313763543,0.3465345178950828,0.20371290461681166,0.20487769285200014,0.33080080707365866,0.32963601883847016
ADGRG5,ENSG00000159618,chr16,57532642,57601681,227,0.3049092606395096,0.4427447305206888,0.33671467828179447,0.29652782653210996,0.3140081062894774,0.26894735018887295,0.2797846700458196,0.3157845003507104,0.3049471804937639
ADGRG1,ENSG00000205336,chr16,57600651,57675580,590,0.3846088029967435,0.3781608349116162,0.3326610780039633,0.3469010910237562,0.3286205605584466,0.2780568421129863,0.25133983549869293,0.19701695459509697,0.22373396120939035
ADGRG3,ENSG00000182885,chr16,57658276,57699378,397,0.3078526267461764,0.43563689616151174,0.35758040823000026,0.3002319786818145,0.3282266072019601,0.24875009668566753,0.265614811028444,0.32330733681738355,0.3064426224746071
DRC7,ENSG00000159625,chr16,57684792,57741805,197,0.2439086948740043,0.3434028776595785,0.2401594468934315,0.2677101563428497,0.3263007676921011,0.21281556322718231,0.16864601408600827,0.2078690933647157,0.25203864250588975
KATNB1,ENSG00000140854,chr16,57725738,57767244,155,0.437528001657815,0.40065650787046675,0.429267545581956,0.5559827218072326,0.4736740579437208,0.2632497970755247,0.340988804304405,0.24867060552629722,0.170931598297417
KIFC3,ENSG00000140859,chr16,57748216,57873053,824,0.4620150923139163,0.519690562134448,0.5005562171005714,0.5615543884255542,0.5321143580139718,0.32949462921618994,0.3991564303355815,0.4038300913495376,0.33416829023014605
CNGB1,ENSG00000070729,chr16,57872339,57981128,773,0.3943718075032189,0.43540631474268665,0.41642347622799053,0.3951105534714648,0.3894141848153854,0.2672791414530557,0.29051104422105345,0.3043698062261649,0.2811379034581671
TEPP,ENSG00000159648,chr16,57966434,57998116,215,0.4004764226124416,0.4953576239824293,0.4310921316149309,0.47359039924568114,0.40311342901294106,0.31574423364971405,0.4047763727554906,0.36816103322710353,0.2791288941213271
ZNF319,ENSG00000166188,chr16,57984675,58010672,169,0.5696467067033916,0.4839786527933847,0.3583188715599067,0.6029032172352257,0.3445628515905133,0.5305460778813557,0.581364761348071,0.1310610659195005,0.08024238245278509
USB1,ENSG00000103005,chr16,57989545,58031618,217,0.5437340012043299,0.43358776298127566,0.40042943413954785,0.5599749597768057,0.4208445312436397,0.420785418596241,0.4215862255507073,0.14764771333382887,0.14684690637936254
MMP15,ENSG00000102996,chr16,58015753,58056901,224,0.4542389060475496,0.3427429864890793,0.29029918334222315,0.46148410388251604,0.32560341167262197,0.34117115877414755,0.3223407384349649,0.07850898566075981,0.09733940599994245
CFAP20,ENSG00000070761,chr16,58103591,58139381,190,0.28515522650599245,0.3388083848023418,0.329511734741168,0.2946460904400514,0.39073398275405397,0.1748261881396298,0.1336334501701331,0.23888540616530973,0.2800781441348064
CSNK2A2,ENSG00000070770,chr16,58147906,58208106,319,0.3413639006836189,0.4583161001686818,0.44520286872923326,0.33272571982875804,0.44309053904125256,0.2207519976797107,0.21613708067216247,0.39232066063958393,0.39693557764713217
CCDC113,ENSG00000103021,chr16,58221156,58293836,473,0.46299196483053257,0.4967520185771136,0.33266211060118234,0.5453179448404313,0.40212956077808953,0.45197783326931323,0.48022395219432834,0.23469439228316025,0.20644827335814525
PRSS54,ENSG00000103023,chr16,58269996,58305047,241,0.3950174437840995,0.47013539584241754,0.34570003239277214,0.35964489444396264,0.34789606934671685,0.35675002819001234,0.32665742304026685,0.27838374073602373,0.3084763458857692
GINS3,ENSG00000181938,chr16,58285079,58416147,865,0.3253119111284973,0.4442567565149873,0.35068021696787544,0.3182080379343989,0.38208611545330695,0.2745618587324177,0.2445367078443193,0.31288702495117804,0.34291217583927636
NDRG4,ENSG00000103034,chr16,58452845,58523628,169,0.5027503054124396,0.43118672654261064,0.33247071499001596,0.4552553877552727,0.32309720720832386,0.42934701166254796,0.3907068293910162,0.13485605320728478,0.1734962354788166
SETD6,ENSG00000103037,chr16,58505478,58533842,160,0.40930746669265744,0.3610046038257546,0.27727601219854814,0.38955462388121387,0.22195939884206084,0.32479489260293837,0.3452239616099624,0.12306313676275826,0.10263406775573425
CNOT1,ENSG00000125107,chr16,58509950,58639885,722,0.45460341924223974,0.38003904966346785,0.2634524109302336,0.4533315693958685,0.26377841956323084,0.38927971704089603,0.3878937305951218,0.08881906921381083,0.09020505565958509
SLC38A7,ENSG00000103042,chr16,58655108,58694770,244,0.40851999185359755,0.48060614338345503,0.42563551083184675,0.36457982269135525,0.34904182905157544,0.31286455836789523,0.33962585883078994,0.34222824930201035,0.31546694883911564
GOT2,ENSG00000125166,chr16,58697130,58744342,325,0.46079056620666925,0.3425529623171714,0.2803385241584868,0.49633361994407527,0.29742580337665675,0.3540339714384195,0.3761139891356208,0.06535709778894039,0.043277080091739195
CDH8,ENSG00000150394,chr16,61637241,62047035,2123,0.3180916808236246,0.37535441243819595,0.33905762746291496,0.2870597399394489,0.31487796657567146,0.21967114217345046,0.21538509659655944,0.25089970781267096,0.25518575338956195
CDH11,ENSG00000140937,chr16,64933752,65136112,1072,0.4580113258379734,0.4401969853523564,0.4149465463633674,0.399494731396803,0.40608346401110623,0.328314214323351,0.28456884960194395,0.2518561023692758,0.2956014670906828
CDH5,ENSG00000179776,chr16,66356621,66414784,307,0.3887397291927773,0.3567820852026535,0.29108399101887605,0.38985483835475077,0.24870821804746876,0.2947429603735797,0.3246844555044051,0.14652874852386258,0.11658725339303719
BEAN1,ENSG00000166546,chr16,66417294,66503529,414,0.300708839462279,0.3145471267586189,0.21890330198563443,0.32842112497300424,0.2533653995216943,0.2441536457087901,0.24180998490332137,0.1335218846409683,0.13586554544643706
RP11-403P17.5,ENSG00000260851,chr16,66459811,66527312,294,0.17093345887759168,0.22789668751447756,0.19620098431397906,0.23779587942106997,0.25873412128576156,0.11384287611927808,0.11539094523862645,0.14479403732866553,0.14324596820931715
TK2,ENSG00000166548,chr16,66498002,66562544,263,0.1360188015700021,0.23845655594526338,0.18599317721686945,0.19729873783221852,0.23033625671023022,0.10641289895911955,0.11518958127331788,0.16599515868513728,0.157218476370939
CKLF,ENSG00000217555,chr16,66542562,66576251,132,0.15739470053421986,0.23911246745247364,0.1505238519771544,0.17598365228681398,0.1575602861744437,0.1406954725896945,0.14769072763942603,0.13257424848347737,0.12557899343374584
CKLF-CMTM1,ENSG00000254788,chr16,66542586,66589135,199,0.15139488568722345,0.27027714490474813,0.16800121311885965,0.20102174456079483,0.18834026110086885,0.14766374535459964,0.16541897418902857,0.1674267221250672,0.14967149329063828
CMTM1,ENSG00000089505,chr16,66556392,66589137,129,0.1758014837280713,0.27123417980058473,0.17923054878521885,0.1977461972044336,0.20376140009502447,0.15611683479687707,0.15443835114311028,0.1602859980777449,0.16196448173151162
CMTM2,ENSG00000140932,chr16,66569447,66598275,120,0.11825045316055381,0.24347243997795315,0.18137271424623247,0.14709556945213942,0.26479949500868294,0.1023685779971524,0.06525603568791588,0.17664773745909876,0.21376027976833525
CMTM3,ENSG00000140931,chr16,66593873,66623892,123,0.09978591343708484,0.21889242331231284,0.1674183982172601,0.09549567623659636,0.2084181722956793,0.08447051230254485,0.05684428416959361,0.1625718840877416,0.19019811222069283
CMTM4,ENSG00000183723,chr16,66604749,66706743,410,0.23629092996924042,0.3597010826698007,0.28092957404819147,0.2505941881511795,0.35101540442564694,0.1927962689350676,0.15097424623094385,0.25302388440270657,0.2948459071068304
DYNC1LI2,ENSG00000135720,chr16,66710892,66761609,224,0.4252529552681727,0.5414749063985528,0.5221501327260138,0.3149059391790087,0.4809404845933549,0.2975534175834605,0.25110133246425986,0.48218684142562773,0.5286389265448284
TERB1,ENSG00000249961,chr16,66744639,66811620,239,0.4368864583913709,0.5580142577157501,0.43181736818295713,0.3629637233745743,0.4649878889989821,0.4127196381692217,0.32097021779896046,0.403758016530947,0.49550743690120835
NAE1,ENSG00000159593,chr16,66792874,66883256,360,0.3738565205470378,0.5714972143956962,0.46550434655470213,0.34470542240973345,0.46950103870266846,0.34460104666375796,0.31809558445424063,0.5028569934748284,0.5293624556843456
CA7,ENSG00000168748,chr16,66834413,66864153,120,0.40238595526099197,0.5869600916160557,0.4387788154198462,0.37004135681819544,0.4784354490122811,0.4106905105023329,0.34769496748589446,0.47352054971759566,0.536516092734034
PDP2,ENSG00000172840,chr16,66868588,66905754,132,0.42140526545351037,0.4514175142126949,0.26606836772175724,0.415997273587791,0.3396371393796728,0.41911560717538743,0.3616507238524841,0.18130201910031918,0.23876690242322246
CDH16,ENSG00000166589,chr16,66898121,66928917,133,0.29957818579338535,0.3201944483426422,0.17739840888174288,0.3322217280178064,0.22245121144532456,0.2733688599587225,0.2690693387604466,0.11257961519080631,0.11687913638908226
RRAD,ENSG00000166592,chr16,66911678,66935536,110,0.3128496382670517,0.28373979871533633,0.21515496641865375,0.28231765854295104,0.262557760302835,0.23332246092083375,0.18043624236675188,0.10038930750248615,0.15327552605656802
CIAO2B,ENSG00000166595,chr16,66922064,66944423,89,0.35542234378353244,0.35072245635159544,0.14160601114753055,0.38089531002282667,0.1512905255751498,0.3591814441714246,0.37366877497073303,0.07271356137348711,0.05822623057417864
CES2,ENSG00000172831,chr16,66924443,66955096,136,0.20131740674422946,0.1703787335982225,0.1601687633179547,0.22884716049770465,0.14073960447050707,0.11851166948532764,0.14748570628720492,0.06827431838524654,0.03930028158336929
CES3,ENSG00000172828,chr16,66951244,66985149,140,0.359959654638103,0.37224378136104713,0.2860936061786195,0.43392215382636695,0.3748218152702041,0.28741200670921596,0.2824542366378239,0.17819136804940192,0.18314913812079409
CES4A,ENSG00000172824,chr16,66978588,67019758,97,0.4401400636498239,0.4064785130237765,0.3873347388105017,0.5722060261654848,0.4229890067091067,0.30590697158993096,0.4104507352177817,0.21577489016257184,0.11123112653472117
CBFB,ENSG00000067955,chr16,67018983,67111058,323,0.2279212647634374,0.24590638761181402,0.16362839428077527,0.17744210203818955,0.17808117808117818,0.18111262480886017,0.14073076244427146,0.10112613951084631,0.141508001875435
C16orf70,ENSG00000125149,chr16,67099940,67158544,155,0.2863526468178019,0.3702461683812723,0.2984403147155935,0.3414118777874237,0.3293477061182445,0.2226716602458827,0.24028937813546342,0.23975461917313184,0.22213690128355115
B3GNT9,ENSG00000237172,chr16,67138103,67160998,65,0.3691972705482755,0.1912076148434267,0.3342698748101385,0.3355920592455851,0.3637775672110436,0.13305210762328115,0.08443246808008123,0.07916091868631558,0.12778055822951548
TRADD,ENSG00000102871,chr16,67144184,67169909,72,0.31584186041191703,0.6269464417773738,0.3461542968154986,0.5281966200137004,0.3600562795117531,0.4703577942793412,0.6454255933481674,0.5156754876384909,0.34060768856966483
FBXL8,ENSG00000135722,chr16,67149931,67174570,60,0.03434560694368994,0.0,0.0,0.032588066214883665,0.0,0.0174746399741154,0.016565441366345038,0.0,0.0
RP11-5A19.5,ENSG00000265690,chr16,67153384,67175815,51,0.029527598498372453,0.012277811673784826,0.0,0.026454020756691378,0.0,0.021163060429112264,0.019582015551587312,0.0,0.0
HSF4,ENSG00000102878,chr16,67154680,67179945,59,0.03999830695816008,0.013722045074944142,0.0,0.017511783255908586,0.000470625147070361,0.02731864674806366,0.01550662754007384,0.0,0.0
NOL3,ENSG00000140939,chr16,67160153,67185735,74,0.06934341701454412,0.03649008066274252,0.00850365070521655,0.057956379799870256,0.0011674302525281337,0.05024871088418993,0.047854041687429114,0.0,0.0
KIAA0895L,ENSG00000196123,chr16,67165598,67194040,92,0.2418649843199302,0.2874836080099238,0.246835277274323,0.24193065064742286,0.2642948010009366,0.16618741461383094,0.15450349154238535,0.1727649461882801,0.18444886925972567
EXOC3L1,ENSG00000179044,chr16,67174378,67200185,98,0.3135644183059891,0.3533114955556385,0.4237128187990956,0.3403750004276921,0.42685471525061963,0.13049213818098315,0.14767914547421784,0.3053984082227532,0.2882114009295186
E2F4,ENSG00000205250,chr16,67182154,67208918,117,0.2700006274721307,0.4039863250847409,0.36401232976085146,0.26985442645208063,0.38190587061367043,0.18981358491794237,0.17544424819631188,0.32767808277337584,0.3420474194950064
ELMO3,ENSG00000102890,chr16,67189110,67214029,106,0.21860441530375374,0.19418157015935444,0.23704440299075558,0.20322955655755884,0.17233041240785682,0.0960075686120811,0.12697212471853728,0.11988926639179903,0.08892471028534285
TMEM208,ENSG00000168701,chr16,67217102,67239278,71,0.3042151130595221,0.3715464959221339,0.2696170950014243,0.379430116380623,0.003274713574403551,0.25651080741361654,0.46916510084365276,0.20798242546675325,0.0
FHOD1,ENSG00000135723,chr16,67219386,67257481,117,0.3739516430173031,0.27671183910342,0.4114358121269818,0.4246303314785804,0.4786397431025531,0.13110297440074042,0.11268805610357957,0.19284459903849854,0.2112595173356594
SLC9A5,ENSG00000135740,chr16,67227682,67282191,151,0.3242852310517884,0.4460626639913568,0.4642943436050838,0.4323414374960501,0.4644354863275895,0.17925876233553578,0.2662524756252584,0.41144494819470645,0.3244512349049839
PLEKHG4,ENSG00000196155,chr16,67267509,67299499,89,0.36321048805889805,0.36216637268515633,0.2584484233700302,0.3862546689493936,0.27705627705627706,0.30099167686934813,0.3067145554624751,0.14868612500877745,0.14296324641565045
KCTD19,ENSG00000168676,chr16,67279427,67336760,195,0.3466340547212662,0.4517595537921914,0.3003439825207448,0.414290674803454,0.3703596403596405,0.33474637496195314,0.3366832410297458,0.26629494285156985,0.26435807678377715
LRRC36,ENSG00000159708,chr16,67316797,67395204,277,0.39647308478944526,0.517531089151527,0.4369927667567934,0.385135722678542,0.47707409971779113,0.329670315710217,0.28343850477533034,0.39916847804347233,0.445400288978359
TPPP3,ENSG00000159713,chr16,67379808,67403518,81,0.38039005535259207,0.5082549101417024,0.5185636124636772,0.40919975283090515,0.5437686182449565,0.22873937883728934,0.2256584673653138,0.4810554279620372,0.48413633943401274
ZDHHC1,ENSG00000159714,chr16,67384151,67426833,150,0.3679938288812077,0.3864769301050707,0.3260743446132291,0.36146391642382475,0.39299722433155726,0.2763790272588823,0.21894629434782073,0.21215838453857563,0.2695911174496372
HSD11B2,ENSG00000176387,chr16,67420651,67447553,108,0.37326314009830747,0.3803385281846082,0.22618828473324668,0.45018234193591417,0.23873311573032605,0.3446918869831767,0.4019896346203735,0.13389007628029517,0.07659232864309834
ATP6V0D1,ENSG00000159720,chr16,67428013,67491181,218,0.32635837131178874,0.2976854331915899,0.21156833209538184,0.39985681894802255,0.27510502355011834,0.2553606774538991,0.2711161984576084,0.09801319700295716,0.08225767599924788
AGRP,ENSG00000159723,chr16,67472570,67493547,59,0.1793708513089847,0.14377630494279023,0.09533621903287658,0.2185040171692714,0.09140825751788316,0.12635783616843105,0.1529547332844165,0.02886577481024255,0.002268877694257085
RIPOR1,ENSG00000039523,chr16,67508417,67556788,174,0.35260192349989006,0.3345171965896999,0.29895123084476344,0.46510066928352994,0.35836203916707404,0.24342928333120326,0.29459406998453674,0.16381319825436189,0.1126484116010284
CTCF,ENSG00000102974,chr16,67552466,67649177,323,0.2304867879499467,0.20191334265380215,0.2299097279384948,0.2547839601288244,0.2057289129005423,0.11314385794741952,0.14464437700703392,0.11239423631505827,0.08089371725544386
CARMIL2,ENSG00000159753,chr16,67634987,67667569,123,0.16197827734775255,0.32866850767701317,0.32256492114953084,0.16775981205879478,0.3378353929535032,0.09288096905835858,0.08494266313125945,0.3056112676364255,0.3135495735635246
ACD,ENSG00000102977,chr16,67647511,67670815,96,0.29933710593949686,0.35371288330879125,0.3681399046218568,0.16952425987536524,0.3799459122113584,0.16657627199056327,0.07215970800088434,0.26993514886662084,0.3643517128562998
PARD6A,ENSG00000102981,chr16,67650945,67672774,88,0.2547895149651638,0.45182086053909265,0.38480858857878614,0.15123570002007755,0.37124134513110196,0.2047099486842674,0.15055955406568702,0.3964431999425071,0.4505935945610875
ENKD1,ENSG00000124074,chr16,67652944,67677265,89,0.2460044909983765,0.36936533252322723,0.39706835253231965,0.3726477575757576,0.20534563744440282,0.11872299121271152,0.34871382049833277,0.3423055667861549,0.11231473750053364
C16orf86,ENSG00000159761,chr16,67656813,67678757,80,0.31204798955444624,0.25151132577750157,0.4131834563759584,0.1579630592907867,0.20846584702753326,0.06534618105905704,0.11392417437553698,0.22435302547714359,0.17577503216066356
GFOD2,ENSG00000141098,chr16,67664530,67729339,222,0.25655265348474116,0.38300502644019657,0.37358862702079804,0.36102205244762403,0.28014272194630907,0.15580187865634404,0.3010387131083114,0.32709252303413416,0.1818556885821668
RANBP10,ENSG00000141084,chr16,67713069,67816652,355,0.19377290595747726,0.34840669283377323,0.3427930739590804,0.19092768343379724,0.3345742351248201,0.11198407064654528,0.11643672713760711,0.31635060304438956,0.3118979465533278
TSNAXIP1,ENSG00000102904,chr16,67796764,67842148,182,0.3202362684748706,0.4042989928568259,0.43759577273824213,0.2293783027548779,0.39720849585907847,0.1642459882211063,0.13619509411205144,0.35377041543926013,0.381821309548315
CENPT,ENSG00000102901,chr16,67818156,67857811,176,0.34755486947429304,0.5148969257407952,0.446138550764586,0.38323618442592344,0.4983754444538758,0.2797907028513154,0.25837983658618613,0.44360318352763367,0.46501404979276295
THAP11,ENSG00000168286,chr16,67832319,67854195,104,0.13577545491838447,0.26612089189621924,0.28365676379054905,0.03976797225306172,0.27479775307871424,0.06086888694238071,0.0143432965917617,0.24854207984613014,0.2950676701967491
NUTF2,ENSG00000102898,chr16,67836922,67882567,166,0.274723948147288,0.27478091861190457,0.38112549455833034,0.24796241045898404,0.3415223156202797,0.0813158297734412,0.09421290590073039,0.23996565877661255,0.2270685826493234
EDC4,ENSG00000038358,chr16,67863051,67894499,98,0.2611730995046968,0.34344029903378237,0.2856017215862602,0.2738781428103724,0.28059810177536076,0.1935593060562436,0.20572198644376513,0.22718234505991805,0.21501966467239647
NRN1L,ENSG00000188038,chr16,67874884,67898855,85,0.22514759643184631,0.22772960681855828,0.30534636827116785,0.19298157542079744,0.2690444820879604,0.07458066278082068,0.07971332398594852,0.18383987726480705,0.17870721605967915
PSKH1,ENSG00000159792,chr16,67883253,67939676,211,0.19781043578828847,0.2562349673868731,0.2494828326368891,0.21992228085625826,0.2518948097611971,0.1147238457493984,0.12709007625532895,0.18130626466034788,0.16894003415441733
CTRL,ENSG00000141086,chr16,67917639,67942365,99,0.069646537088343,0.2693851495374338,0.2435105501962995,0.05340440866180188,0.27356777837547064,0.05349642195827958,0.024571031302564855,0.2603724164764721,0.28929780713218683
CTC-479C5.12,ENSG00000261884,chr16,67919613,67946017,110,0.07184882094671019,0.28531365245781026,0.2768640073931797,0.07419874871344151,0.2761849294924384,0.0431570893412862,0.04489392970674305,0.2927544179589347,0.2910175775934779
PSMB10,ENSG00000205220,chr16,67924505,67946864,85,0.14361314722318866,0.3021212121212122,0.31947730770566174,0.15087877123887644,0.25437202814756077,0.06492440540261166,0.11486733001002147,0.29478544223127495,0.2448425176238651
LCAT,ENSG00000213398,chr16,67929749,67954131,94,0.369007489425965,0.4144208394742203,0.3189529145020854,0.3497014997182467,0.40337915204225366,0.305745677814397,0.22450211545496324,0.2294082256877002,0.3106517880471339
SLC12A4,ENSG00000124067,chr16,67933473,67979601,189,0.3669439872066705,0.39388799262502877,0.3972907033896232,0.3111254214010928,0.36630173141293937,0.22578327929702552,0.20860209147908532,0.27490720004310976,0.29208838786104996
DPEP3,ENSG00000141096,chr16,67965662,67990549,113,0.31311188923820077,0.4517547195072968,0.4538705419998107,0.21620877706190703,0.43458451796838704,0.1858585688557985,0.13722531987207243,0.41517393117783574,0.46380718016156175
DPEP2,ENSG00000167261,chr16,67977393,68010586,134,0.1252553678012288,0.38891749179372614,0.35838966906553005,0.2250408932317962,0.31203867186844614,0.09128622717700197,0.18672282784408037,0.4012370637695389,0.30580046310246045
DUS2,ENSG00000167264,chr16,67977745,68089320,448,0.2620438907984549,0.4284211813145169,0.4556958392183494,0.23378052345478392,0.41099844044527556,0.12748837464116053,0.1481565348199093,0.431864515155411,0.4111963549766623
DPEP2NB,ENSG00000263201,chr16,68003435,68025911,76,0.21253546903852324,0.3567515565612198,0.38449628499379745,0.2694602896098674,0.32696938764644046,0.09742344969250322,0.17961573620343144,0.34380079796937085,0.26160851145844266
DDX28,ENSG00000182810,chr16,68010915,68033232,68,0.3151392535867854,0.5082104506834797,0.49091362810765793,0.2608226449858681,0.4665598718462155,0.20655328156653951,0.1917566768428075,0.5031511177240281,0.5179477224477601
NFATC3,ENSG00000072736,chr16,68074750,68239259,720,0.2038673223811952,0.3461601789223766,0.2890304321311266,0.17735101027680053,0.292105134659608,0.15587832702875518,0.13732942902616319,0.2690145523941083,0.2875634503967003
ESRP2,ENSG00000103067,chr16,68219032,68248102,128,0.13061700984896268,0.2353416713334578,0.2777742234394396,0.09191262180625867,0.2326607069684983,0.0414401103627528,0.049957318002571305,0.22688606375543682,0.21836885611561827
PLA2G15,ENSG00000103066,chr16,68235303,68271058,172,0.22501897417308986,0.2681120010862593,0.21036083905309025,0.29723117720758024,0.23979010865592876,0.16543266012327218,0.19534717887109568,0.14669512355275235,0.1167806048049288
SLC7A6,ENSG00000103064,chr16,68254515,68311823,238,0.3848938012412036,0.3063796304807426,0.20128220322040044,0.4039588154184304,0.2856021489238116,0.31352162008934015,0.27348037067443676,0.05230886603869231,0.09235011545359573
SLC7A6OS,ENSG00000103061,chr16,68274502,68320946,193,0.39788419164845495,0.3151560157756251,0.2060331326089313,0.4306089565094712,0.27842972847451586,0.32757807954145196,0.30771327591621167,0.05098614737615287,0.07085095100139316
PRMT7,ENSG00000132600,chr16,68300973,68368584,393,0.38971962926767517,0.3070424067764114,0.17662884377541632,0.44067001029253183,0.21032019527467816,0.33313753880667474,0.3558372035331391,0.03364893589748427,0.010949271171019903
SMPD3,ENSG00000103056,chr16,68348326,68458508,595,0.48418474280464074,0.35235360192772536,0.3083746690220885,0.5104328899966609,0.3429264056733482,0.36385306032106884,0.3643424449120193,0.07055735323462414,0.07006796864367376
ZFP90,ENSG00000184939,chr16,68520089,68586072,402,0.47237488456574905,0.4035068781846602,0.36667877668217985,0.507974128324124,0.35801648651661333,0.3496396503791732,0.3913594460131598,0.16704791803618563,0.1253281224021991
CDH3,ENSG00000062038,chr16,68626188,68737468,608,0.43694701801685487,0.5283632655440773,0.46012716933273246,0.5085930198230162,0.4836673620700151,0.3547530514549786,0.4005123801902539,0.39679316864911235,0.3510338399138371
CDH1,ENSG00000039068,chr16,68727291,68845537,727,0.37378914537639396,0.3792234372560286,0.3448500227370779,0.4052628193172411,0.38946816537984147,0.26098055181240587,0.2514974533327462,0.2158035123252981,0.2252866108049577
TANGO6,ENSG00000103047,chr16,68833530,69095182,1209,0.2818393844281172,0.40725071620633513,0.4165756970965054,0.25912130456797255,0.39127050610543623,0.1576026168202474,0.163260421262569,0.36538114549434664,0.3597233410520251
HAS3,ENSG00000103044,chr16,69095652,69128719,130,0.2830778607242711,0.4155298786181138,0.34020673430333376,0.19242392016585563,0.41903979096745936,0.22700446372391778,0.10384730896402711,0.3100451539043704,0.43320230866426096
DERPC,ENSG00000286140,chr16,69108009,69142151,134,0.2488949662611048,0.44977160365173274,0.34713643469458577,0.281395045782758,0.29364176134331366,0.2286222463037995,0.29011629047063564,0.36879957456316115,0.3073055303963251
CHTF8,ENSG00000168802,chr16,69108009,69142588,136,0.2488949662611048,0.44977160365173274,0.34713643469458577,0.281395045782758,0.29364176134331366,0.2286222463037995,0.29011629047063564,0.36879957456316115,0.3073055303963251
UTP4,ENSG00000141076,chr16,69121290,69241130,425,0.23660874780221722,0.3751376452453122,0.32900622533521945,0.20329705248441002,0.2974424738573448,0.17060653194022174,0.17223463773037012,0.2996173539527277,0.2979892481625794
SNTB2,ENSG00000168807,chr16,69177128,69319052,519,0.27071976485224436,0.3963197616016893,0.3605912704870172,0.2797648180555107,0.34960412061773793,0.1865982242791259,0.2013570251471432,0.318112403578676,0.30335360271065864
RP11-343C2.11,ENSG00000260914,chr16,69289681,69332700,215,0.24229552157069614,0.4457345482984169,0.4405483228720942,0.2519798190896388,0.4084975469978511,0.14338763444218994,0.17767371267837812,0.44672391785461996,0.4124378396184317
VPS4A,ENSG00000132612,chr16,69301349,69336939,182,0.2847004316894032,0.45523089396824234,0.44784316232833793,0.24583893176950825,0.43447957429202083,0.17426196663829707,0.1597668419211581,0.4331312661066053,0.4476263908237443
COG8,ENSG00000213380,chr16,69310139,69349583,214,0.21345753750716595,0.49016505117349607,0.480998763230819,0.18433494989732635,0.48976257564328507,0.12896389565931426,0.10227029892949613,0.544704339735814,0.5713979364656321
PDF,ENSG00000258429,chr16,69316912,69340588,130,0.22275649487874022,0.48619601040763233,0.44699987179247086,0.1581400331822056,0.47084753472557433,0.16275898507467318,0.1007881718528092,0.5031544443876201,0.5651252576094841
RP11-343C2.12,ENSG00000272617,chr16,69318643,69344871,145,0.19953958922395437,0.6054474040292672,0.5611928023359469,0.14050030297718327,0.559947136096213,0.1644379400995819,0.13027360853784764,0.7655648843636352,0.7997292159253695
RP11-343C2.9,ENSG00000260371,chr16,69325090,69366306,179,0.17683644721790687,0.5708139800712642,0.5090114979877786,0.18821998724293598,0.534984778896727,0.1645653213429224,0.14435279827516984,0.6812995198066024,0.7015120428743551
RP11-343C2.7,ENSG00000259900,chr16,69325275,69361730,158,0.16125201267296352,0.6081417900895012,0.5165326532011794,0.15173944231505093,0.5463135455060283,0.1929643514584059,0.15553684729902656,0.7438908625778897,0.781318366737269
NIP7,ENSG00000132603,chr16,69327995,69353106,108,0.2164987001199531,0.6257919022713749,0.5357443880534707,0.20119567414890843,0.5646634804017736,0.22980289638187334,0.18797327429176863,0.753140328885853,0.7949699509759579
TMED6,ENSG00000157315,chr16,69333249,69361786,120,0.2332227382888442,0.6110909959793093,0.4833173259813077,0.19790771013623706,0.5257525634911548,0.2748212155197418,0.20945770655355672,0.6695886700341487,0.7349521790003337
TERF2,ENSG00000132604,chr16,69345566,69418571,302,0.23414924265003123,0.5231144324987338,0.4825139470008627,0.2424567697108432,0.4650063517705374,0.17423698716496222,0.1963264931023017,0.5662417301261743,0.5441522241888349
CYB5B,ENSG00000103018,chr16,69414618,69476264,278,0.3289955505599115,0.3991646246736815,0.3443903624353057,0.4087771546712162,0.39322712550002703,0.24311203951123364,0.2676979163218335,0.26632226038432194,0.24173638357372207
NFAT5,ENSG00000102908,chr16,69555093,69714666,647,0.3679530859199977,0.39393914041058986,0.3341394602382412,0.36436184243032355,0.36425920336953554,0.27644574795751153,0.25046816529687255,0.22432912163253843,0.2503067042931775
NQO1,ENSG00000181019,chr16,69696995,69736668,159,0.5467651774915389,0.30981618177330905,0.33695379648878215,0.5251990047721087,0.37626756269804607,0.37561581339816785,0.3218115224247369,0.0,0.04898579121804536
NOB1,ENSG00000141101,chr16,69731870,69764926,135,0.4910015031627641,0.4025808026559906,0.3650748474920299,0.46124826795225604,0.4001823330633954,0.3680991486968999,0.3112535515676472,0.14703709019528605,0.20388268732453874
WWP2,ENSG00000198373,chr16,69752327,69951741,1130,0.46616409376700263,0.3704491911523253,0.3655089439667732,0.45048246422496196,0.37002593756017305,0.3177417033315929,0.29969333898349326,0.1450070124007457,0.16305537674884535
CLEC18A,ENSG00000157322,chr16,69940704,69974452,6,0.5072191506236933,0.3059909637687415,0.40345464340140647,0.1584103201920574,0.3501079628079144,0.27818051198292276,0.0533919855989361,0.08708978607103962,0.3118783124550263
PDPR,ENSG00000090857,chr16,70104331,70172537,25,0.13048072649070827,0.26627934079290744,0.06856509901337854,0.17135925920192902,0.04525751007911728,0.18920634886230578,0.22564092974092553,0.1204205472290478,0.08398596635042808
CLEC18C,ENSG00000157335,chr16,70163321,70197361,0,,,,,,,,,
EXOSC6,ENSG00000223496,chr16,70236777,70261940,16,0.0,0.10649013797278782,0.14640941283492964,0.0,0.14142618650131172,0.0,0.0,0.13545075659771358,0.13254026482333398
AARS1,ENSG00000090861,chr16,70241982,70299707,213,0.24681637328292363,0.13961774046891404,0.15476078725867515,0.3449575724082494,0.15914250785888928,0.13284456085304003,0.2000503436524531,0.017533939810150972,0.0
DDX19B,ENSG00000157349,chr16,70279662,70345305,302,0.18109417666209499,0.12200521211709026,0.16692003779706438,0.18857343926225217,0.14176547494060548,0.07363758244769945,0.09309906919578692,0.05647703926898018,0.0370155525208927
RP11-529K1.3,ENSG00000260537,chr16,70289193,70382582,428,0.1716849034286132,0.13194471035785935,0.19280621367886772,0.26751815179078314,0.19896705484204535,0.05783500319444847,0.11548169244050813,0.08366486541155194,0.02601817616549229
DDX19A,ENSG00000168872,chr16,70336860,70383383,209,0.31103668096433396,0.1802751752703561,0.20770028030387028,0.38735059571762664,0.21688207133970025,0.16926914860263717,0.22213851628712755,0.029517426038629724,0.0
ST3GAL2,ENSG00000157350,chr16,70365976,70449237,349,0.3726162159590437,0.21521751879348175,0.17406781760092868,0.388891364244957,0.19901849009254605,0.2586514554905927,0.25645590667463114,0.0,0.0
FCSK,ENSG00000157353,chr16,70444594,70490274,262,0.24352958075322015,0.23784185494068918,0.29852149891660634,0.35556232157095297,0.23723365014950143,0.09806401352171246,0.22008742199653467,0.17353719185919583,0.051513783384373596
COG4,ENSG00000103051,chr16,70470567,70533560,308,0.4417350116712479,0.363514440794636,0.4409244380743557,0.3112124105714994,0.3163247070270034,0.22662222366687668,0.222171850404827,0.22517132539078188,0.22962169865283158
SF3B3,ENSG00000189091,chr16,70513790,70587670,370,0.4253002278990587,0.4429895747268826,0.44361373615589184,0.3154318351952191,0.353246714173966,0.27639316281532256,0.2641740004260274,0.3087781595868292,0.3209973219761243
IL34,ENSG00000157368,chr16,70569894,70670682,677,0.34682320914933945,0.5168634687676832,0.461356476481743,0.2789539831916473,0.4282531173601616,0.26733107431705244,0.24772470682586423,0.4601249175982644,0.47973128508945273
MTSS2,ENSG00000132613,chr16,70651203,70696053,312,0.278849926260914,0.3575075721078498,0.3466937921657499,0.3083094431911021,0.3958114487274212,0.17179946472798566,0.15357394224994553,0.270600782936092,0.2888263054141322
VAC14,ENSG00000103043,chr16,70677438,70811160,905,0.33136846847562096,0.4442845172865695,0.405125178416477,0.38229451978583545,0.49865751241341255,0.2353083517839017,0.18938826915157092,0.3521904856603396,0.39811056829267033
HYDIN,ENSG00000157423,chr16,70792083,71240722,468,0.4109357659673804,0.5410019623024895,0.4708655050627088,0.31190980312475863,0.4745643090380021,0.33570837679661514,0.25450861031086564,0.44300096730293775,0.5242007337886874
CMTR2,ENSG00000180917,chr16,71271388,71299715,159,0.46629310403014196,0.5536772610621589,0.4616360498918041,0.4709717188532521,0.5098160353391691,0.40770048653561286,0.36522591276245636,0.399012472214868,0.4414870459880244
CALB2,ENSG00000172137,chr16,71348712,71400436,355,0.3705065571909741,0.5724298629938493,0.4520965675785303,0.31971490545103143,0.4285293050662724,0.3554102785886284,0.3376690891787419,0.49422666230130197,0.5119678517111884
TLE7,ENSG00000260734,chr16,71419979,71452054,222,0.42037300741192,0.47884890153571164,0.47236597464981417,0.3863924093551389,0.4093969225625164,0.27886669608777376,0.30675191118635226,0.3728485669413437,0.34496335184276516
ZNF23,ENSG00000167377,chr16,71437596,71473095,207,0.3976074506431486,0.4658061958289748,0.4188673097027067,0.36529204197232795,0.3860481153837936,0.2955331909749958,0.29687407674020694,0.3314633857305801,0.3301224999653689
AC010547.9,ENSG00000261611,chr16,71437599,71499311,326,0.4322061433963075,0.5132134444653783,0.543324637954581,0.4183836670104517,0.4708371453544491,0.25107194145673695,0.31270738293442996,0.4688575948406161,0.40722215336292306
ZNF19,ENSG00000157429,chr16,71454554,71575089,528,0.44022543504156,0.5235409657629131,0.48558682662646635,0.4131298017960667,0.4321334537506135,0.3284330867482553,0.35422815058892326,0.41294044505562244,0.3871453812149545
CHST4,ENSG00000140835,chr16,71515232,71548748,134,0.4204441214470285,0.5099990158203415,0.4055633728104707,0.37803098147753883,0.42725135617223103,0.36934995385268404,0.3154522754026663,0.34399792549688235,0.39789560394690016
TAT,ENSG00000198650,chr16,71555659,71587092,117,0.38617321384199976,0.4492343245749962,0.3401860814041648,0.39513354337429557,0.36868052318492067,0.33434545218844575,0.3196250838712694,0.26210037955530335,0.2768207478724797
MARVELD3,ENSG00000140832,chr16,71616160,71652114,171,0.544305922478148,0.6016332739976317,0.5051994627684191,0.505687160019327,0.5137527289001637,0.5013576501791535,0.45196548127428143,0.4190246256508128,0.4684167945556849
PHLPP2,ENSG00000040199,chr16,71627834,71734701,561,0.4911873755927413,0.5144087760868146,0.5117661238006853,0.4509077575280283,0.4054363391969036,0.34055141689073987,0.4009747294629765,0.3818366951758435,0.3214133826036068
AP1G1,ENSG00000166747,chr16,71718999,71819201,558,0.48857713460110713,0.515962754236226,0.4576913343542674,0.42118556851027844,0.42101027910423416,0.392115990541956,0.36294810873502786,0.3334774306269766,0.3626453124339047
ATXN1L,ENSG00000224470,chr16,71798438,71895268,441,0.5348687803677367,0.5957679132707641,0.5829959686898454,0.49006457269256504,0.4803533049938119,0.39827121224566897,0.4623155686306754,0.5074948816191786,0.4434505252341723
IST1,ENSG00000182149,chr16,71835995,71941199,501,0.5408532223191991,0.529144215383798,0.5217916708675193,0.4196913751622221,0.45966178887441367,0.39693997907447387,0.3409193041102095,0.3562634425514233,0.4122841175156876
ZNF821,ENSG00000102984,chr16,71849679,71905336,232,0.49550149645061553,0.5027666149364259,0.54215965502364,0.42585894118468914,0.4445219783195012,0.3008257167288102,0.3328248528129461,0.3978700587254091,0.3658709226412732
PKD1L3,ENSG00000277481,chr16,71919537,72010402,648,0.4920765589011632,0.41467208490236707,0.43584495842806503,0.377088877941307,0.35341845797779414,0.32029071528364195,0.2864392607264573,0.21529233488130017,0.2491437894384848
DHODH,ENSG00000102967,chr16,71998587,72037664,244,0.48120539949297014,0.5072789641044543,0.4303349062293745,0.42428286180137365,0.3889954318918661,0.4006763519178138,0.3836500451159752,0.30713576328567993,0.3241620700875186
TXNL4B,ENSG00000140830,chr16,72034288,72104431,280,0.4604095807084898,0.38655872356067034,0.3507766252038585,0.3941661692053135,0.3077009390011389,0.3368186049491001,0.31104151390622425,0.1518521333887175,0.17762922443159335
HP,ENSG00000257017,chr16,72044504,72071055,62,0.4042250865041419,0.3376559529733883,0.2843603794076366,0.32051563344614153,0.21006897408811281,0.29764196639498186,0.28129077808854525,0.11432818315242332,0.13067937145885994
HPR,ENSG00000261701,chr16,72053147,72087246,90,0.41853068530927207,0.33846784154718157,0.3858210758118418,0.43112929474024747,0.31456785643668705,0.23396238700176888,0.29979650562855276,0.17923429516585493,0.11340017653907103
DHX38,ENSG00000140829,chr16,72083612,72122912,228,0.5487490744025738,0.4267432421489075,0.3695465023257411,0.5158068181724667,0.3470584748444449,0.44541870291255187,0.4277125914131519,0.11100286573800866,0.12870897723740865
PMFBP1,ENSG00000118557,chr16,72102156,72186878,415,0.4312942361018796,0.3923970915734746,0.30888640898319664,0.38555611829989545,0.25191027037238256,0.34658736436316134,0.3475195251903581,0.15164635716338082,0.15071419633618405
ZFHX3,ENSG00000140836,chr16,72772884,73901871,8210,0.41667127006358595,0.4740895547066455,0.4237731473408478,0.45618443504745315,0.45369283913324665,0.3151874373690223,0.32359778286661045,0.3274368994669035,0.31902655396931523
PSMD7,ENSG00000103035,chr16,74286813,74316288,98,0.31521801615616346,0.33578089912988546,0.351984594440257,0.2709017213415574,0.2655641035406432,0.17697858349186085,0.20821869679021518,0.23216462925243092,0.20092451595407654
NPIPB15,ENSG00000196436,chr16,74367877,74402080,0,,,,,,,,,
CLEC18B,ENSG00000140839,chr16,74398269,74431953,12,0.34479806868580576,0.1576236376236376,0.19535514814931687,0.11652326077678186,0.1762173310560407,0.1884929502265899,0.05078507941334891,0.0,0.12074329899982723
GLG1,ENSG00000090863,chr16,74437426,74617144,822,0.6347236259786578,0.6240275304967494,0.604125344169275,0.5583122621171521,0.5872865047391116,0.5293413684949055,0.45519491840216514,0.44889798918425705,0.5230444392769975
RFWD3,ENSG00000168411,chr16,74611398,74676877,341,0.5683052562560257,0.6920471154252742,0.6122993961360661,0.47496445756257283,0.594550981282203,0.5351615776638285,0.4596688304234182,0.6426469022061492,0.7181396494465598
MLKL,ENSG00000168404,chr16,74661854,74710960,330,0.4350766470194219,0.5174444663390098,0.5077637020511693,0.39820992852102105,0.45380130516399464,0.2954640436157516,0.31586671131925054,0.43319522553989714,0.41279255783639823
FA2H,ENSG00000103089,chr16,74702954,74784831,563,0.3209499083058947,0.39617623544755975,0.3600300055814303,0.36166359777316154,0.38517929653458927,0.22259964905826563,0.23346908489241217,0.28187325510759853,0.271003819273452
WDR59,ENSG00000103091,chr16,74861361,75010173,1266,0.47411787081589934,0.46026432520325206,0.48166846760914334,0.4809731423466921,0.4471395251200174,0.3011068566052624,0.33991289178430917,0.3155688937755736,0.2767628585965269
ZNRF1,ENSG00000186187,chr16,74989023,75120994,808,0.5383624816111463,0.5003611247868371,0.4779851848308627,0.6414436463957247,0.5024126915676231,0.40839283460760617,0.5107774430867891,0.2854768564738907,0.1830922479947079
LDHD,ENSG00000166816,chr16,75101859,75126780,190,0.4767910068740735,0.5517430242493137,0.4865716074348787,0.5678401544163336,0.46972420011122484,0.39175909282801813,0.5034951600221873,0.41062951160215505,0.2988934444079858
ZFP1,ENSG00000184517,chr16,75138493,75182236,362,0.49279766352102466,0.4101453525163607,0.47923112451977096,0.5844246367941147,0.46718780081724937,0.27713772455098057,0.38819208527711563,0.25074140808027134,0.1396870473541364
CTRB2,ENSG00000168928,chr16,75194102,75217161,187,0.4358297851108016,0.5571376185849124,0.49328199561335156,0.462754782143469,0.4969056476158269,0.35354742385211724,0.37440965305103474,0.4609487847802469,0.44008655558132953
CTRB1,ENSG00000168925,chr16,75208987,75236338,165,0.4609813212431727,0.530740844558999,0.5350433092395495,0.4055468544477433,0.5258990284792614,0.30439706561807883,0.26518925609051447,0.4522030272918199,0.49141083681938413
BCAR1,ENSG00000050820,chr16,75218180,75278053,491,0.5111802679184241,0.6215390594825135,0.563477555746088,0.5067096084944716,0.5663048037545453,0.4292442120358728,0.4214431757004286,0.542398194856166,0.5501992311916102
CFDP1,ENSG00000153774,chr16,75283697,75443503,1233,0.40086152108133677,0.3165040923515905,0.27948741533544663,0.5086342974216111,0.3567157820723423,0.2825023685704524,0.32496629649032294,0.0980322416124817,0.055568313692611115
RP11-77K12.1,ENSG00000261717,chr16,75402683,75474706,456,0.33166283034680777,0.27556300026357045,0.22950700272845342,0.4494096220920391,0.3353111543021095,0.23229912643517178,0.2553441954651502,0.09006135145273295,0.06701628242275443
TMEM170A,ENSG00000166822,chr16,75433053,75475497,229,0.34212176276465317,0.22606714276073686,0.21516665814246644,0.4829130562333637,0.32137821578424974,0.21636084218878857,0.2640615401576293,0.03990931471931519,0.0
CHST6,ENSG00000183196,chr16,75462051,75505445,14,0.4973929017121749,0.2172855374861585,0.27739143258889665,0.47673273865645893,0.33184910327767475,0.30402312374228313,0.24470450622425724,0.0,0.0002828143947353201
CHST5,ENSG00000135702,chr16,75518529,75546108,151,0.26675782862834785,0.2836353600170616,0.2544973602286828,0.19651852558304528,0.19634666037085072,0.17507430594619497,0.16688992285892407,0.15849166199195772,0.16667604507922865
RP11-77K12.7,ENSG00000260092,chr16,75518531,75555428,230,0.2509587678424852,0.2764476651059862,0.25614451333361427,0.1957431475527995,0.1922981310746481,0.15831757290454176,0.1639283648796115,0.1652648269013381,0.15965403492626834
TMEM231,ENSG00000205084,chr16,75526740,75566268,263,0.23454896332482242,0.2546904899910117,0.24466651386538102,0.18027426206876665,0.2110470325696653,0.14032490095313235,0.12784629377074236,0.15363079624827303,0.16610940343066305
GABARAPL2,ENSG00000034713,chr16,75556374,75587881,161,0.3107283577123309,0.3984801005215243,0.32353321876290275,0.2184273292352129,0.3238309556349991,0.24477177719615045,0.18171531853726228,0.26352388382875136,0.3265803424876395
ADAT1,ENSG00000065457,chr16,75586867,75633300,294,0.2679875623751241,0.35578063261242077,0.3077100447290574,0.19445062702090182,0.36031850418352274,0.1919616757735662,0.10458093621083611,0.24775430251691774,0.3351350420796478
KARS1,ENSG00000065427,chr16,75617473,75658643,261,0.25322203004838684,0.3320510373360274,0.2979491471926632,0.18625660512844527,0.34076171296828045,0.17089072044478926,0.09649174646875563,0.23265279111722104,0.30705176509325466
TERF2IP,ENSG00000166848,chr16,75637772,75771872,826,0.3579002146706718,0.3997326194792318,0.34866460408303135,0.36491301340513577,0.3463428820924133,0.2623305394977473,0.2696005209913699,0.2480495493323941,0.2407795678387715
RP11-490B18.9,ENSG00000284484,chr16,75650226,75687009,209,0.2701935701826747,0.379301775784902,0.34869828189533447,0.2463254552600322,0.3775268088253419,0.1815519678351739,0.14282509549083955,0.29535829867055274,0.3340851710148872
DUXB,ENSG00000282757,chr16,75683892,75711461,175,0.4126736780811947,0.47155177671069465,0.41462351076738857,0.4355323733729652,0.3824798596155381,0.3172425395841116,0.3638195492189911,0.32056790806525687,0.27399089843037727
CPHXL,ENSG00000283755,chr16,75704130,75736490,158,0.3031237430544816,0.3639303442467251,0.32185072513596596,0.2636501968857828,0.35090168962802354,0.21260338740078844,0.1631630516135515,0.2398438126136357,0.2892841484008727
CNTNAP4,ENSG00000152910,chr16,76267277,76570757,2839,0.3752614158124744,0.46805332626741053,0.330755813875147,0.39934482630518325,0.3289506494489185,0.3500138651414745,0.37101684920948463,0.2811981668678732,0.26019518279986303
RP11-58C22.1,ENSG00000287694,chr16,76267287,76829624,4785,0.36589349464789966,0.4397256206825976,0.3854323180810559,0.36790259998024644,0.37165433169737555,0.2740153933617602,0.28668779911160325,0.30531325881710225,0.29264085306725907
MON1B,ENSG00000103111,chr16,77180834,77212398,333,0.5632443231283525,0.6421213748366067,0.5266327578883456,0.5739376226404664,0.4849780881480324,0.5540294683151523,0.6085925358453775,0.4735319176083772,0.41896885007815204
SYCE1L,ENSG00000205078,chr16,77189407,77223215,364,0.47848160078511304,0.5162591617351198,0.45082249122881596,0.5134465162019283,0.40844872619889455,0.38894156949911735,0.46080375319100414,0.33726440430570076,0.2654022206138139
ADAMTS18,ENSG00000140873,chr16,77237812,77445034,2007,0.3494402671706624,0.5161083236712641,0.4454291749793609,0.3759031692656472,0.4469262245946213,0.28312780657225234,0.3025400374001006,0.4427663999804271,0.42335416915257884
NUDT7,ENSG00000140876,chr16,77712491,77752260,496,0.28844264484457566,0.3310949145641088,0.3819458884994394,0.3115615024398637,0.38970976216369047,0.1306165455025182,0.14081088096390332,0.2714965586993142,0.26130222323792895
VAT1L,ENSG00000171724,chr16,77778563,77990107,1901,0.4630886685789676,0.5374363607446915,0.4942734442023996,0.4539554506727344,0.48801421060145805,0.35556714514081816,0.3532837190440114,0.415403987964773,0.41768741406157966
CLEC3A,ENSG00000166509,chr16,78012514,78076761,727,0.411977062103974,0.5135823809159664,0.44585329067655366,0.36739376606186663,0.40917074322022656,0.33067561916895627,0.3261833151468232,0.39001210637148404,0.39450441039361706
WWOX,ENSG00000186153,chr16,78089399,79222667,15679,0.38547559307826196,0.49661958482063745,0.48778698951905297,0.41202099578618706,0.4923617141246901,0.25215051509011843,0.26974351013242004,0.4342585870343109,0.4166655919920094
MAF,ENSG00000178573,chr16,79575842,79610737,265,0.4162730190607303,0.49002590050999983,0.44774866683213005,0.38652959489083977,0.4590377035965164,0.30898261055257814,0.27380645015671123,0.3644127293145303,0.3995888897103972
DYNLRB2,ENSG00000168589,chr16,80530733,80560811,305,0.6547474873506345,0.5708624103119058,0.5812422601157456,0.665312507471004,0.5272637969808572,0.5194970929170255,0.5956589869328639,0.32648059667369433,0.25031870265785583
CDYL2,ENSG00000166446,chr16,80587906,80814598,2409,0.30050160204643467,0.3464369947063633,0.3050421530329368,0.34055605332478806,0.3381530516193583,0.20940201326819657,0.21447684850880866,0.21591432521799395,0.21083948997738178
RP11-314O13.2,ENSG00000286221,chr16,80818735,81016894,2209,0.3728373663192907,0.5112904279808811,0.4241910054485843,0.38433870215923593,0.43270699894399134,0.31527849818069287,0.31708292200995974,0.4007083900195483,0.39890396619028146
CMC2,ENSG00000103121,chr16,80956447,81030270,833,0.44446429299310786,0.3069733717283729,0.3145726167673076,0.46169140465820163,0.3220457663742063,0.28839826533837265,0.29866732326195494,0.07828859055768594,0.06801953263410371
CENPN,ENSG00000166451,chr16,80996551,81043114,449,0.5549606882020913,0.44558468661276845,0.4847671374680996,0.5604595150283908,0.44950072804381686,0.36814877464049534,0.40746850736350615,0.2216924352975756,0.18237270257456484
RP11-303E16.10,ENSG00000284512,chr16,81012315,81106284,928,0.6236978298958774,0.4950376937222549,0.569838632028462,0.6862116819260766,0.5321900562180677,0.4085197208169757,0.5413074958120268,0.27475177270975026,0.14196399771469936
ATMIN,ENSG00000166454,chr16,81025841,81057350,267,0.6733598009881144,0.46657263024683243,0.5215169972922784,0.6721726338590464,0.5305017281609125,0.5050968943133277,0.4938049136891705,0.12333546236409976,0.1346274429882568
C16orf46,ENSG00000166455,chr16,81043496,81087267,461,0.6371102780362481,0.4547365428098188,0.511695447648925,0.6778974001309361,0.5185327646244307,0.4516632477245936,0.504227123722218,0.15482294570974908,0.10225906971212462
RP11-303E16.8,ENSG00000260643,chr16,81043586,81106296,691,0.6617370414103035,0.49198233886457604,0.5407125893115332,0.704075455261174,0.5371464449694123,0.4915458350834241,0.5622726344063986,0.18569323090994094,0.1149664315869664
GCSH,ENSG00000140905,chr16,81071944,81106395,418,0.5690343184595497,0.4016739908981436,0.5106654523759077,0.5967930119416187,0.5218031658435852,0.3203187240723786,0.3420959472129004,0.19330078378580434,0.17152356064528257
BCO1,ENSG00000135697,chr16,81228688,81301142,580,0.3414107388769458,0.32624510955521235,0.34463658733825225,0.36303604300414916,0.3476951713992751,0.19498937215509943,0.20934390394543725,0.19989952608503445,0.18554499429469665
GAN,ENSG00000261609,chr16,81304943,81400809,940,0.5323802929565938,0.4704938349339699,0.4658632168883943,0.5778725100344094,0.4587716755762286,0.3844035256674065,0.4421721623757744,0.25140694515685796,0.19363830844849
CMIP,ENSG00000153815,chr16,81434807,81721762,2304,0.33966228137638793,0.3592475952581874,0.2861734607729859,0.35986185801718645,0.3022836947245501,0.2615003761328396,0.2656203707668592,0.18361178460113706,0.17949178996711757
PLCG2,ENSG00000197943,chr16,81729096,81972685,2421,0.47456070414079415,0.5035761153094107,0.4547449107433514,0.43930465237709987,0.4142898869551639,0.3686720915553491,0.3719861924426628,0.33165301943881775,0.328338918551504
SDR42E1,ENSG00000184860,chr16,81978854,82021481,392,0.34334304933972437,0.329838950800031,0.33008062112324177,0.3251372027362881,0.33611195412162365,0.2101164308230089,0.191920673149456,0.19012079271857038,0.20831655039212335
HSD17B2,ENSG00000086696,chr16,82025003,82108534,498,0.344809395712968,0.4266444865414169,0.41397811579281507,0.4318253318544163,0.4660175503215122,0.22234012702722522,0.2470916995932146,0.3339091852988467,0.30915761273285725
MPHOSPH6,ENSG00000135698,chr16,82137797,82180224,491,0.3447617481232331,0.29504317464713503,0.2580293649392979,0.3940804824605227,0.2863007335283079,0.23696473642687804,0.2566666144824455,0.11265398225250872,0.09295210419694122
CDH13,ENSG00000140945,chr16,82616964,83810640,13867,0.4172249124045126,0.4680934770940158,0.43645150790268744,0.41751123302979576,0.42498359484280335,0.29886978575979994,0.30918809195918473,0.33241772814263437,0.3220994219432496
HSBP1,ENSG00000230989,chr16,83797977,83829737,277,0.2978641416104616,0.310282626650381,0.20205228706901862,0.3641618253464442,0.2910858038073517,0.24969476301606194,0.24013188943532646,0.12177860612646946,0.13134147970720492
MLYCD,ENSG00000103150,chr16,83889114,83961445,750,0.411591183874605,0.4575998670767095,0.45426270870248486,0.41028904539352296,0.459810391154866,0.2682335169713264,0.2620194966500706,0.3435177803195913,0.34973180064084713
OSGIN1,ENSG00000140961,chr16,83921310,83976332,550,0.36928142663062535,0.3931097479881352,0.3558342338568557,0.3861621301583619,0.34465702438319523,0.2602518199880093,0.2824175980222866,0.2391554882159561,0.21698971018167873
NECAB2,ENSG00000103154,chr16,83958243,84012776,922,0.3385826737321521,0.3560766111187914,0.15884295921306976,0.42179215215671273,0.21687304373144828,0.34028444916055994,0.37176847130867247,0.09989107215827073,0.06840705001015823
SLC38A8,ENSG00000166558,chr16,83999666,84052795,907,0.2979743754900099,0.3773085374725994,0.27439767985199864,0.337410399961153,0.2695797520177685,0.2533681592256408,0.2855841921097245,0.22033596838254807,0.18811993549846437
MBTPS1,ENSG00000140943,chr16,84043760,84126942,676,0.228289658235282,0.28816316537870346,0.23897765904352175,0.26826750776005975,0.2604207479175583,0.16297999941919444,0.17528650275506671,0.17692655927097473,0.16462005593510248
HSDL1,ENSG00000103160,chr16,84112140,84155192,283,0.27591077783749246,0.41582571782886574,0.33475356610451423,0.3172780155294441,0.32026084639325053,0.22639942088553705,0.26658865654626307,0.3111564914140334,0.2709672557533074
DNAAF1,ENSG00000154099,chr16,84135286,84188767,0,,,,,,,,,
TAF1C,ENSG00000103168,chr16,84167846,84197070,338,0.1829508958949212,0.3484005344021377,0.3063609050247818,0.26670879453130986,0.27236934434027293,0.13228890778881128,0.2102879493908989,0.29603631460410484,0.21803727300201722
ADAD2,ENSG00000140955,chr16,84181137,84207168,340,0.3227503256623946,0.4954137486652675,0.3703116009103746,0.3703168387119966,0.3716128761113487,0.3056007910556018,0.34097806568958083,0.3784156987520264,0.3430384241180473
KCNG4,ENSG00000168418,chr16,84208656,84250012,503,0.3719563964367768,0.4935151843311284,0.4111575789378833,0.40246063459428033,0.3695348297402212,0.3079049748278625,0.3669493409694018,0.37235595985100145,0.31331159370946216
WFDC1,ENSG00000103175,chr16,84284845,84339844,669,0.46521352961676304,0.4303278533362336,0.46654871212650256,0.4272237890435454,0.42094038865766265,0.2800972391737661,0.2868023046262564,0.2825970257516292,0.275891960299139
ATP2C2,ENSG00000064270,chr16,84358526,84474187,1627,0.3800815576319641,0.4941327943001685,0.3918049909086882,0.3689505087567427,0.4064818057815746,0.3311943639125694,0.3100823301752133,0.35028671955372515,0.3713987532910813
MEAK7,ENSG00000140950,chr16,84466354,84564033,1388,0.44984047767588403,0.5254168946165274,0.4655646664271601,0.4421129905737618,0.4894107284413906,0.35816049734596916,0.3283637882708924,0.38715803585877434,0.4169547449338511
COTL1,ENSG00000103187,chr16,84555595,84628078,768,0.44962666114259336,0.4460653084088665,0.3976420790331632,0.43873130374044517,0.3739163351678696,0.34048173013083216,0.34999637306854026,0.2502267542675895,0.2407121113298814
KLHL36,ENSG00000135686,chr16,84638510,84677686,368,0.402681269428955,0.38241839132527394,0.3144703796963891,0.3645608918936895,0.3258091540764745,0.3098424546419659,0.270570507848342,0.17210160477324815,0.21137355156687218
USP10,ENSG00000103194,chr16,84689985,84789922,941,0.364816789631833,0.4259533808582721,0.37074042407307595,0.3506981361287095,0.3658010791128861,0.27283752115019005,0.2657547992081881,0.2822071467934376,0.28928986873543955
CRISPLD2,ENSG00000103196,chr16,84809984,84930768,1312,0.4237636549486918,0.48387155050948644,0.40454934613085325,0.41037472115137535,0.3887765596685171,0.347100116937001,0.34868749263652393,0.3142994944211313,0.3127121187216083
ZDHHC7,ENSG00000153786,chr16,84964174,85021535,544,0.37591893877817545,0.4031393530468606,0.308028453492198,0.306682396839631,0.28110388559409366,0.30966809314909716,0.2761501400323052,0.20640352187668334,0.23992147499347527
KIAA0513,ENSG00000135709,chr16,85017750,85104230,803,0.32175959250986724,0.2937518105172639,0.24324671555121835,0.275404330005651,0.21040421838284448,0.22866201988764773,0.21684795151965336,0.11912654020139199,0.13094060856938633
CIBAR2,ENSG00000153789,chr16,85088357,85122472,368,0.2455620108022352,0.3011808935725574,0.23290371868047227,0.2411586778754238,0.25353505160894313,0.18750129784024674,0.17095966341256458,0.1708620614878194,0.1874036959155015
GSE1,ENSG00000131149,chr16,85159524,85686204,5008,0.4256075638352326,0.44775498002988456,0.4079221220818565,0.417884576261952,0.41073315457496823,0.3120443908953211,0.3029869165528384,0.28171906353641096,0.2907765378788937
GINS2,ENSG00000131153,chr16,85666197,85700073,340,0.357174953660887,0.35347679845174984,0.3121814385444422,0.36373368065477296,0.32085535400600235,0.2518993401404784,0.2506815547627105,0.18424685334137478,0.1854646387191427
C16orf74,ENSG00000154102,chr16,85680083,85761129,748,0.4493788900237181,0.42805821452221865,0.4455736685028245,0.45144302204311054,0.41859439671297277,0.2828025383660031,0.30843776908169085,0.2759155280558669,0.25028029734017904
EMC8,ENSG00000131148,chr16,85761757,85809608,406,0.711397225073852,0.8445832183946645,0.753690793662582,0.7564043991036683,0.8276923410159613,0.8515906393493261,0.7577084870886166,1.0100542177914127,1.103936370052122
COX4I1,ENSG00000131143,chr16,85788632,85817068,245,0.7166513244001987,0.8234668384369971,0.7856033575617473,0.7703428908234756,0.8315015388962091,0.7276980481629186,0.7122928930095277,1.0065484878842463,1.0219536430376372
IRF8,ENSG00000140968,chr16,85889161,85932606,425,0.276325974156964,0.3908600089473543,0.3344923050129346,0.2532958161960934,0.33259910433885126,0.20595815867887346,0.19171448728502277,0.2897490086439186,0.3039926800377693
FOXF1,ENSG00000103241,chr16,86500526,86525422,278,0.38140922528036064,0.469989061554202,0.4528549587228019,0.42563177503487115,0.4406097385634642,0.25606380604668877,0.30421715409704414,0.37879382802527595,0.3306404799749205
MTHFSD,ENSG00000103248,chr16,86520177,86565235,417,0.36749104885430817,0.3605855805619372,0.3180392532571533,0.43135490289245626,0.34616985006912654,0.2612401093388191,0.29339679531529295,0.18596238175784083,0.153805695781367
FOXC2,ENSG00000176692,chr16,86556828,86579728,186,0.2811094196347981,0.25653444204963183,0.2408686824273028,0.33174482848189,0.27122720575338954,0.17544922583241412,0.19156238010397322,0.12098361253183568,0.10487045826027658
FOXL1,ENSG00000176678,chr16,86566367,86593478,230,0.23001305437585015,0.22157654723127038,0.21500890183440222,0.24832498969704017,0.22948534269995843,0.13489171797026334,0.13761961670039002,0.11559290113773116,0.11286500240760441
C16orf95,ENSG00000260456,chr16,87073561,87327420,2256,0.42119591400835854,0.4506587916853248,0.3858561118156604,0.4464048713391437,0.4143115121342088,0.32915035693881106,0.32769498721936374,0.26988516482048414,0.2713405345399314
RP11-178L8.4,ENSG00000131152,chr16,87292875,87344273,428,0.39336396889952924,0.5162108184254286,0.3702536200571468,0.3941166343226787,0.40456970025725114,0.38174710864306294,0.35435143888069615,0.3443589337720511,0.371754603534418
FBXO31,ENSG00000103264,chr16,87316986,87402142,544,0.5278905762031559,0.744837522389115,0.6903326936768875,0.4910736843303741,0.6995776623522094,0.47207124830219527,0.41937040164441175,0.8937835213247787,0.9464843679825625
MAP1LC3B,ENSG00000140941,chr16,87373952,87414779,201,0.6136976618880505,0.7801619384118433,0.7014139404658764,0.5507835376844143,0.6618576039281674,0.6286509815275826,0.6154131570063772,0.8862131058350042,0.8994509303562099
ZCCHC14,ENSG00000140948,chr16,87396245,87503024,609,0.5470532636822287,0.6169141835690294,0.6509766808116806,0.5234557354233819,0.6182155841936221,0.3494302247714285,0.36889586493625937,0.610066026340169,0.5906003861753383
JPH3,ENSG00000154118,chr16,87591834,87708156,1349,0.3307223022650665,0.3821344596246972,0.37163781236088367,0.33056482784835595,0.32768977983185205,0.20920104088090877,0.24288497918128146,0.2722833765240519,0.23859943822367924
KLHDC4,ENSG00000104731,chr16,87686484,87775992,865,0.2623598394279011,0.3054538545268441,0.20426675226255095,0.2732844059507985,0.2554088112948819,0.22015228510578178,0.19439840324701774,0.1443443897234615,0.17009827158222549
SLC7A5,ENSG00000103257,chr16,87820022,87879507,693,0.31610022321627945,0.26521185529887537,0.26000677436992686,0.27654752637940316,0.2391572585120972,0.19350135485277006,0.1792824473793405,0.11467170496710272,0.12889061244053227
CA5A,ENSG00000174990,chr16,87871545,87946580,585,0.22826838196472418,0.19103716350858257,0.23417062133925579,0.2598455051269931,0.24326430030004811,0.10216242884167834,0.11707870501669448,0.10983987172499507,0.09492359554997892
BANP,ENSG00000172530,chr16,87939243,88087318,1212,0.44946916767063105,0.4177358578091688,0.3215583502281764,0.45632045551090145,0.32714325211601064,0.37487329795231317,0.3770017659704706,0.1659577836967429,0.1638293156785855
ZNF469,ENSG00000225614,chr16,88372958,88450757,438,0.49955073138158745,0.5552320723375305,0.5997127606339083,0.4519023323533245,0.5481721422243271,0.293439399659333,0.3085252043417919,0.5167632440615105,0.5016774393790517
ZFPM1,ENSG00000179588,chr16,88443279,88547031,1041,0.3653245053535717,0.45117759823160297,0.35300467772807,0.3438992731543804,0.3544513459893968,0.30960280611884167,0.2918833206341164,0.29037757773588657,0.30809706322061187
ZC3H18,ENSG00000158545,chr16,88560402,88641964,567,0.41640073016491636,0.42125057263478677,0.3514355719776983,0.44748663698451857,0.34215253757773034,0.32621622281552065,0.36069056394355736,0.220669440200419,0.1861950990723823
IL17C,ENSG00000124391,chr16,88628571,88650468,161,0.46201249862930793,0.5098116196479651,0.4542300668618012,0.46380087555007227,0.46184883313981456,0.36366385144405267,0.3582997095644681,0.3493016606172315,0.35466580249681606
CYBA,ENSG00000051523,chr16,88633288,88661054,242,0.45050563555851725,0.5346116169256864,0.5036724102161968,0.46747510364940253,0.43209294336883974,0.3315603217903171,0.4146055560144686,0.43332266779907935,0.3502774335749279
MVD,ENSG00000167508,chr16,88641934,88673161,311,0.44286206921329996,0.46509465350771617,0.4706747278950049,0.4836786417163011,0.495674860695375,0.28722787666984284,0.3010786444609535,0.3384375935132389,0.3245868257221282
SNAI3,ENSG00000185669,chr16,88667687,88696507,243,0.3895450132836558,0.5214362927520823,0.44778978365731964,0.4741816593525423,0.4568236953690334,0.31834508947300627,0.38472204891778333,0.41862084798431676,0.3522438885395396
RNF166,ENSG00000158717,chr16,88686498,88716408,379,0.41190110633432736,0.5471450305367956,0.46695359728658936,0.4734757355099331,0.4053600097690268,0.34694836004167995,0.45692105377292175,0.4452350004285695,0.3352623066973277
CTU2,ENSG00000174177,chr16,88696482,88725396,323,0.4475108046027837,0.5677004208033011,0.43035672396487235,0.49666782980231805,0.4817143472045009,0.4346064583766023,0.43395633699013664,0.4040300023381617,0.4046801237246273
PIEZO1,ENSG00000103335,chr16,88705337,88795220,913,0.3938543810631926,0.4317424030186525,0.35355174669620354,0.4297415944221673,0.3628250013216092,0.31477667424634237,0.33806759353997673,0.25040377300962585,0.2271128537159915
CDT1,ENSG00000167513,chr16,88793788,88819258,296,0.28849513611142696,0.3177532019073775,0.2625604023277244,0.28229635136380615,0.23911875979516256,0.2090828711751912,0.22039218124193952,0.1732809413879974,0.16197163132124914
APRT,ENSG00000198931,chr16,88799338,88821937,301,0.2952328306045494,0.29110536872414183,0.2331067029834534,0.2741976957369805,0.22269711295718192,0.21426428087412883,0.20630040016248138,0.12978409859231985,0.13774797930396732
GALNS,ENSG00000141012,chr16,88803733,88866970,800,0.2528292335883378,0.2420554885332962,0.17594534933732217,0.24313876942729407,0.16502983991550307,0.18754409462556385,0.18768058300290927,0.08960100526351947,0.08946451688617404
TRAPPC2L,ENSG00000167515,chr16,88846219,88872686,286,0.39185143590079136,0.3516887045762135,0.26314578714037934,0.31056656223120577,0.24081171828088002,0.31267758193923567,0.2648819801654734,0.1207067218704555,0.1685023236442179
PABPN1L,ENSG00000205022,chr16,88853332,88876660,253,0.43373756839587335,0.36810179719270625,0.3113364285796328,0.433900909106013,0.316842180671968,0.3273611024720806,0.323491867447194,0.13166586684405412,0.13553510186894074
CBFA2T3,ENSG00000129993,chr16,88864857,88987207,1229,0.24269459945397626,0.22404122402578677,0.22756272289079943,0.24789224028698228,0.2114838207894287,0.1367200436692462,0.15046459897309705,0.11693584028535867,0.10319128498150787
ACSF3,ENSG00000176715,chr16,89078374,89174121,825,0.2843260185672869,0.3259283415192367,0.3760968421802409,0.4301685754914335,0.46904313427631183,0.12859464297683307,0.16187953533668015,0.26582421252366134,0.23253932016381418
CDH15,ENSG00000129910,chr16,89161747,89205492,282,0.1698640930590194,0.5706514234206158,0.4876130351950672,0.16770151448900902,0.5773887956478131,0.1814884283403983,0.08387382089296469,0.6639977288207304,0.7616123362681638
SLC22A31,ENSG00000259803,chr16,89185760,89211651,130,0.2810177131636109,0.6534772317554477,0.5941091461447451,0.23557760829558388,0.6304052320102023,0.24402716114864897,0.16654671598652476,0.815779592142799,0.8932600373049235
ZNF778,ENSG00000170100,chr16,89207702,89247141,374,0.5307533950497453,0.5800719554945414,0.5948711396137942,0.6448182016352865,0.6945779289455563,0.3603743274481065,0.358368399016215,0.5072975775400614,0.5093035059719531
ANKRD11,ENSG00000167522,chr16,89257629,89500561,1292,0.44419880610638346,0.4126811031563108,0.403397450826792,0.5110344530288737,0.44932133276798375,0.3015139103571571,0.3255233841230616,0.23067343082035208,0.20666395705444757
GS2-740I5.1,ENSG00000288715,chr16,89307045,89428292,729,0.41801261300023523,0.4290727778956122,0.41671140756199326,0.5179041908672449,0.48305030953844413,0.281363417657408,0.3151481125908429,0.2791301167020451,0.24534542176861013
SPG7,ENSG00000197912,chr16,89480718,89567766,299,0.3870455619264002,0.35391040888546416,0.28183032736931674,0.3552810618243323,0.3320585177293578,0.2976161729184465,0.23610160006361205,0.13920092596128003,0.20071549881611442
RPL13,ENSG00000167526,chr16,89550676,89574542,0,,,,,,,,,
CPNE7,ENSG00000178773,chr16,89565757,89607246,22,0.4988011349217522,0.3290061205223867,0.13214570314783539,0.46189071020531697,0.2125592302921927,0.47400807236812936,0.3898608689669193,0.0,0.009134394579006777
DPEP1,ENSG00000015413,chr16,89603307,89648456,310,0.4792715273565208,0.56010834159288,0.37529632765793497,0.5502936999087586,0.5008128700837338,0.501637743092996,0.4628065726833479,0.31958907018954685,0.3584202405991949
CHMP1A,ENSG00000131165,chr16,89630815,89667738,274,0.3695620836546628,0.4141116407342198,0.35605582989162954,0.48229113639178744,0.44340418868302545,0.2779116837498036,0.30352614972278097,0.2567143370035928,0.23109987103061536
SPATA33,ENSG00000167523,chr16,89647739,89681272,237,0.483770539422785,0.4733588648649707,0.39828375247600306,0.5323905059111249,0.42800825109603147,0.3972352736399312,0.4213634767092525,0.24400064675609595,0.21987244368677455
CDK10,ENSG00000185324,chr16,89670736,89706354,229,0.519600745105797,0.5456081982828414,0.44196046373799724,0.5750882544155252,0.4954171560686777,0.4693038639638528,0.48032300005344264,0.31949158976979103,0.3084724536802012
SPATA2L,ENSG00000158792,chr16,89686356,89711705,174,0.5473317816005888,0.5721721138246173,0.4979309388549835,0.5457701821531117,0.5533854804898428,0.4763062670942511,0.41606343640272714,0.37272803228833956,0.43297086297986354
VPS9D1,ENSG00000075399,chr16,89697133,89730898,175,0.49207705601836,0.5923572099487657,0.602819574953098,0.43592827575109455,0.47467615453946505,0.32571245012236943,0.413098754746713,0.5716515525226527,0.48426524789830927
ZNF276,ENSG00000158805,chr16,89710399,89750925,267,0.4464339669300626,0.5512651680923015,0.5093519129178194,0.38231750092179967,0.5366933251690044,0.3403346192221092,0.25686888503793043,0.4609885212915868,0.5444542554757655
FANCA,ENSG00000187741,chr16,89727548,89826657,490,0.4695754584682244,0.5655072432086606,0.5524531939259251,0.36567395070940545,0.5435377004049322,0.33183971189894584,0.25225950995538376,0.5017362927322537,0.5813164946758157
SPIRE2,ENSG00000204991,chr16,89808178,89881319,272,0.40911670832007585,0.6638570314225207,0.5551301522962206,0.39380391002381876,0.5969029932507834,0.40319097410925175,0.34109621888507186,0.6870277336911779,0.7491224889153579
TCF25,ENSG00000141002,chr16,89863569,89923627,279,0.2511841518542866,0.4048828337309139,0.2980592000846258,0.2581326944120039,0.3507453223331999,0.22717647746200467,0.19282581811405966,0.2918204972610222,0.3261711566089672
MC1R,ENSG00000258839,chr16,89902118,89930973,111,0.4020138932969591,0.44714459507541127,0.36233731496751187,0.38089155762137816,0.376008593832044,0.3284503507537738,0.3002574673533903,0.26420843481204537,0.2924013182124291
RP11-566K11.2,ENSG00000198211,chr16,89909164,89946092,189,0.4035532392100467,0.40927536361916694,0.42371217539570094,0.4027154520345915,0.3755091908016128,0.2460112724648762,0.2854741406232812,0.2803940259790987,0.24093115782069358
TUBB3,ENSG00000258947,chr16,89911391,89948761,232,0.3922182865634248,0.44397001962840466,0.33981380327835914,0.33861955689099693,0.38238703754373,0.33481959129153116,0.2592329101987709,0.2521134733620908,0.327700154454851
DEF8,ENSG00000140995,chr16,89938696,89978060,303,0.33497627873854074,0.41996745466235214,0.44098281429031516,0.3269675217611537,0.35954179692497445,0.18551428481225612,0.2475306697398933,0.3591567795525549,0.29714039462491776
DBNDD1,ENSG00000003249,chr16,89994870,90029890,238,0.43400280168807576,0.4508672999384772,0.4067690040286076,0.4273001460159605,0.4320071565441442,0.32320494359710544,0.29558110450867103,0.27621021076714564,0.3038340498555801
GAS8,ENSG00000141013,chr16,90009628,90054975,329,0.3747875009384653,0.40894708318218487,0.34124299124558716,0.3965539507634966,0.35812799502061293,0.289056438323701,0.29379100118106416,0.23679328949780354,0.23205872664044042
PRDM7,ENSG00000126856,chr16,90046565,90102072,54,0.4700852046887289,0.6755845491956605,0.5505409500113717,0.5129750272535268,0.5757256707605818,0.4805294237312978,0.4938975887196709,0.6452009052771552,0.6318327402887821
