gene_name,gene_id,chrom,start,end,n_snps,fst_afr_sas,fst_afr_mel,fst_mel_sas,fst_afr_eur,fst_eur_mel,pbs1_african,pbs2_african,pbs3_melanesian,pbs4_melanesian
FAM110C,ENSG00000184731,chr2,28813,56870,193,0.3152664080766427,0.2038020108864795,0.11661038018446213,0.2758648125273741,0.13590968034810336,0.24132194856879446,0.2023032980074117,0.0,0.025604096016419747
SH3YL1,ENSG00000035115,chr2,207729,276398,352,0.40191948599064015,0.3765972693626742,0.30615579204879795,0.41126677528527494,0.2994942010752618,0.3105422994061885,0.32319601178108814,0.16202023201918697,0.14936651964428738
ACP1,ENSG00000143727,chr2,254139,288283,189,0.41381464002501817,0.43890584475344263,0.30738394456911244,0.40738580756948517,0.2536986275651014,0.372353156228556,0.4042262358596884,0.20551339664945106,0.17364031701831878
ALKAL2,ENSG00000189292,chr2,269557,298851,151,0.481915372325365,0.49323441579794264,0.3340109549425601,0.4869900128814224,0.4116101982815051,0.46542067981259283,0.40840054209516646,0.21428606107486964,0.27130619879229606
TMEM18,ENSG00000151353,chr2,653876,687406,243,0.5135407185510263,0.5484464041467579,0.48847173668150257,0.5449459227703327,0.5128754513859131,0.4226554226883758,0.4315823905221406,0.37240578427301463,0.36347881643924984
SNTG2,ENSG00000172554,chr2,940848,1377613,3673,0.3960462404894501,0.47111506604886894,0.3883418609987144,0.4431284663719005,0.421806178848229,0.32483013953900647,0.33727947829922,0.31215424740533515,0.29970490864512167
TPO,ENSG00000115705,chr2,1364065,1553711,1487,0.3911669479160438,0.48145337514887865,0.44285996689158846,0.36312258828381266,0.39609443796639804,0.2839989257194177,0.30178298674136184,0.3727264070686746,0.3549423460467306
PXDN,ENSG00000130508,chr2,1621886,1754852,893,0.4236683835443809,0.45464887861157527,0.41861736206049627,0.41975904783695345,0.41551431245129467,0.30752566973306167,0.30680713712811847,0.29879976260353985,0.29951829520848317
MYT1L,ENSG00000186487,chr2,1779112,2341664,3638,0.39828408166928814,0.41469430625853787,0.3830074138498171,0.36220251925663616,0.3464363079397413,0.28034629261433575,0.2800201007385648,0.2552747222152217,0.25560091409099256
EIPR1,ENSG00000032389,chr2,3178924,3387830,875,0.5948330197843956,0.699872806711565,0.5816243458034502,0.605022824705767,0.6087406230011583,0.6178146803888538,0.5970458228609897,0.5857342361620842,0.606503093689948
TRAPPC12,ENSG00000171853,chr2,3369674,3495094,917,0.35591759033117837,0.4419545421371272,0.3902808384131526,0.3575020271312404,0.375387170567381,0.2642433156434383,0.27754158869727846,0.31907153857146486,0.3057732655176246
ADI1,ENSG00000182551,chr2,3487365,3529531,370,0.4398289074302252,0.32813990316918384,0.2047312068495042,0.37315037042110366,0.22834748994188686,0.3740715259810814,0.3027663974614502,0.023633623392151082,0.09493875191178233
RP13-512J5.1,ENSG00000286905,chr2,3522007,3568333,89,0.3619990960880969,0.5704136865937954,0.49294230963940483,0.2771332395335589,0.4859692561642423,0.30760883994841326,0.2519953768323921,0.53732375527068,0.5929372183867012
RNASEH1,ENSG00000171865,chr2,3531429,3568333,82,0.34656213859074386,0.5774792823479221,0.5124121645134999,0.29708079733219395,0.5059149425196363,0.2843699021886835,0.25449126400664546,0.5771468953355375,0.6070255335175755
RPS7,ENSG00000171863,chr2,3565259,3590920,156,0.4161893170325535,0.6537442175941904,0.6266431130049925,0.3702330167933814,0.6129011741360287,0.3067677640276639,0.28695383145451353,0.7538097575033893,0.7736236900765396
COLEC11,ENSG00000118004,chr2,3584831,3654644,703,0.5637561544119212,0.4195888922103756,0.49523815761737827,0.4705095614000544,0.4312092346795268,0.3449519864525213,0.3078080777561168,0.1990666335400269,0.2362105422364314
ALLC,ENSG00000151360,chr2,3648199,3712671,575,0.32845380357152487,0.3973788824925325,0.35333939123709673,0.28765023350891966,0.3090432591147041,0.2343526974474167,0.2379873956089318,0.27211391146405006,0.268479213302535
DCDC2C,ENSG00000214866,chr2,3693574,3858008,1336,0.3779988176660917,0.4723641946828341,0.3903604050369519,0.31941036701712533,0.375368578301155,0.309637478481524,0.2767756083245717,0.3297115174469424,0.3625733876038946
SOX11,ENSG00000176887,chr2,5682383,5711385,189,0.41005527449237295,0.7095816935759078,0.594264171867305,0.32831167724148164,0.5660889848598282,0.4310531953188342,0.39973900534669665,0.8053797640490589,0.8366939540211964
CMPK2,ENSG00000134326,chr2,6830569,6876635,318,0.8140103361532676,0.8458533924124233,0.877552588779589,0.826840532926873,0.8544543298158725,0.725920836153467,0.8480640544912466,1.143930295955172,1.0217870776173923
RSAD2,ENSG00000134321,chr2,6855556,6908239,316,0.6712271218530083,0.7970022659781368,0.8042745985862962,0.712764447338266,0.769856524864851,0.5379529768813957,0.6864803808560812,1.0566074855751308,0.9080800816004454
RNF144A,ENSG00000151692,chr2,6907411,7078286,1219,0.3997587275649445,0.4721677378117604,0.3331554518768299,0.3697072159826254,0.37919908085535803,0.37210099667686114,0.3119013662411991,0.2668757343212094,0.3270753647568715
ID2,ENSG00000115738,chr2,8668844,8694461,150,0.5236819210400816,0.6506607624273752,0.7340705453391304,0.5223841695796049,0.6361277873070327,0.2344285014287779,0.3898539180661661,0.8172833000349559,0.6618578833975679
KIDINS220,ENSG00000134313,chr2,8711080,8847630,667,0.5495201359935827,0.6201050305862287,0.6144213351733003,0.5363541974151599,0.5728787772011613,0.40614615654237113,0.4429037118016984,0.5617143042033752,0.5249567489440479
MBOAT2,ENSG00000143797,chr2,8842689,9013709,678,0.25964861135781403,0.37122220195159383,0.33674249432717274,0.2675209834880446,0.3381551665161701,0.17700786669425725,0.1812868954061469,0.28696948024343216,0.2826904515315425
ASAP2,ENSG00000151693,chr2,9196764,9415683,1221,0.4343921287000562,0.5226710906145953,0.485490060300199,0.417467342206105,0.4237864189200051,0.3224316656204094,0.36432131596096073,0.4171178225995314,0.37522817225898014
ITGB1BP1,ENSG00000119185,chr2,9393474,9433528,202,0.36886594412692364,0.44071533024616116,0.34957601631083535,0.372729156769234,0.4387252846498724,0.3056014151107449,0.23496437367005502,0.2754952721212034,0.3461323135618931
CPSF3,ENSG00000119203,chr2,9413650,9483101,343,0.24221447887976488,0.22192901158178638,0.1083954391660219,0.27992651248014366,0.19911537993320358,0.20677991955584632,0.17865056662187906,0.04415759465696045,0.0722869475909278
IAH1,ENSG00000134330,chr2,9463657,9506543,228,0.22626440411957252,0.2230212305313156,0.18344944880423233,0.30690431245885463,0.27417043641464584,0.15310043371123191,0.14924470607663828,0.0992418189976843,0.10309754663227796
ADAM17,ENSG00000151694,chr2,9478485,9566732,462,0.2174534047445298,0.2291659898568773,0.18297840801248613,0.30728977703783183,0.285252169448152,0.15169713791938794,0.14580012656311747,0.10858508232115349,0.11448209367742401
YWHAQ,ENSG00000134308,chr2,9573966,9640997,465,0.40081426680564824,0.49172285969717655,0.3592805820781222,0.4184176227107899,0.3539453890738674,0.3718742208809487,0.3909299201345966,0.3048542075047644,0.2857985082511163
TAF1B,ENSG00000115750,chr2,9833442,9944416,759,0.39122453358271586,0.5687873419231687,0.465871972402292,0.4386765866893593,0.4762156090738554,0.3551699795801057,0.38596840128534626,0.4859839247723575,0.4551855030671169
GRHL1,ENSG00000134317,chr2,9941692,10012277,603,0.2806653284999767,0.4805325127303366,0.4547130986888386,0.23541102841155676,0.45542442739054523,0.1889682090997098,0.1578096915407574,0.4659828459606199,0.4971413635195723
KLF11,ENSG00000172059,chr2,10032848,10064836,241,0.5342061907317945,0.6522521346269419,0.6157255468897412,0.44959436516365003,0.4768805425423225,0.4319457693520769,0.5027159542195828,0.6243318172405796,0.5535616323730737
CYS1,ENSG00000205795,chr2,10046779,10090944,316,0.44079274773578586,0.5205516457892169,0.4762764447744936,0.37048122464700334,0.3912725342031051,0.33478145848004043,0.3507670378654164,0.40033763956909035,0.38435206018371426
RRM2,ENSG00000171848,chr2,10110697,10221725,583,0.4298117488546388,0.5423464706989721,0.4559143533364605,0.40256222949558235,0.4399440338666858,0.36739148455175147,0.3585147285257018,0.41425138283860236,0.423128138864652
HPCAL1,ENSG00000115756,chr2,10292888,10437617,1138,0.4363159236234424,0.5874328171104749,0.5303086229084014,0.3573440544450695,0.5063138624334309,0.3514690535513786,0.3108233404675735,0.5338871653065423,0.5745328783903474
ODC1,ENSG00000115758,chr2,10429967,10458327,168,0.320471139367161,0.36438744389618355,0.41539663553494394,0.25780028919396364,0.3982035249875402,0.15134999579002711,0.1217335187891761,0.301816093998717,0.331432570999568
NOL10,ENSG00000115761,chr2,10560753,10699987,1108,0.28492721138707083,0.4325241441814103,0.37842642336795845,0.33138311724939284,0.4415800904039315,0.2132135125452735,0.19322852815624458,0.3533435627994197,0.37332854718844877
ATP6V1C2,ENSG00000143882,chr2,10711099,10795110,726,0.4422959213879213,0.597137203570171,0.5646036727707411,0.448947552806647,0.5224662038572744,0.330793723620923,0.3829820875495986,0.5783655068917746,0.5261771429630988
PDIA6,ENSG00000143870,chr2,10773390,10847977,821,0.37583955901786775,0.6436648244748926,0.5352691278451134,0.38026403716960105,0.5085360715947113,0.3684672514902028,0.39998925595697143,0.6634162352930563,0.6318942308262877
KCNF1,ENSG00000162975,chr2,10901933,10924225,173,0.4204060160645372,0.29396770603865274,0.2900668458408406,0.40105733620452527,0.27500407122443127,0.27546864310120683,0.26954723303853767,0.07262565727894582,0.07854706734161498
C2orf50,ENSG00000150873,chr2,11123127,11161317,373,0.3734918019547153,0.5941162299165741,0.5796197428348038,0.3290667741569779,0.6175211365277959,0.25134312855380736,0.16984610808244693,0.6503453123954005,0.7318423328667608
SLC66A3,ENSG00000162976,chr2,11145197,11188870,315,0.3959230322120654,0.521827424735411,0.4338022081605566,0.3827274260881619,0.4395859580487589,0.3365127141529615,0.3205743736944805,0.4012708613771895,0.41720920183567045
ROCK2,ENSG00000134318,chr2,11169758,11358330,910,0.5501412083290383,0.687303307440042,0.569755699273222,0.5017039463665508,0.5893097791366564,0.5589705214807008,0.48458320789801007,0.6035510701324074,0.6779383837150982
E2F6,ENSG00000169016,chr2,11434374,11476177,268,0.47329449422188935,0.4095817955960407,0.38030267858737465,0.42674587176031037,0.43506642343924334,0.3447568799682672,0.2561516048014165,0.18216729218541944,0.27077256735227007
GREB1,ENSG00000196208,chr2,11472340,11652788,1355,0.5144962892597629,0.5739613283093735,0.5503813696808676,0.5030652256755049,0.5508301725618678,0.3882189813232368,0.37608371528717166,0.4650061768931649,0.47714144292923016
NTSR2,ENSG00000169006,chr2,11648177,11680195,245,0.5079414125086682,0.48116348053538127,0.4800996027722704,0.5006151003496445,0.42093478157789943,0.35560294830007527,0.4021022037103497,0.30056348853403553,0.2540642331237609
LPIN1,ENSG00000134324,chr2,11667594,11837409,1302,0.305511626562838,0.3610836876885041,0.3816845320926967,0.3198890528226717,0.35719640558601196,0.16590258588541887,0.19578254150523264,0.28207921394474,0.25219925832492623
TRIB2,ENSG00000071575,chr2,12706909,12752734,296,0.4337242773469272,0.47043556362949657,0.4239786644689802,0.2531941713445612,0.4122931060107564,0.32638201363023966,0.19806177800519642,0.30931841485227124,0.4376386504773145
LRATD1,ENSG00000162981,chr2,14622699,14660814,158,0.3086907913149323,0.27225486622439304,0.23959263818016752,0.2517320042216737,0.23438790037432497,0.20653573572020534,0.17035941511964803,0.11126864732896802,0.14744496792952533
NBAS,ENSG00000151779,chr2,15156913,15571334,3001,0.4557374164017274,0.45568432250107227,0.3969594446118701,0.5376312403131296,0.4311038053064984,0.3553892702857792,0.4077805699567597,0.2528366406231845,0.20044534095220407
DDX1,ENSG00000079785,chr2,15581177,15644346,479,0.38644608871863906,0.3967288694929728,0.37053401911368916,0.3439077357288381,0.3021498585278596,0.26549611130699574,0.2835457520919028,0.2398924360055435,0.2218427952206364
MYCN,ENSG00000134323,chr2,15930549,15957007,165,0.27128710321292904,0.3147002704486893,0.2527855647899342,0.2513893547964061,0.2849301860929768,0.20148567898183997,0.16603006963513564,0.17641329605136555,0.21186890539806988
CYRIA,ENSG00000197872,chr2,16539458,16676331,865,0.3305964103660419,0.530558909928659,0.4619744574302817,0.30092120437740316,0.4380010747625626,0.26886567333263584,0.26897446868622993,0.48734678863013603,0.48723799327654194
RAD51AP2,ENSG00000214842,chr2,17500583,17528439,142,0.4851355364100904,0.7095649318429909,0.6412565607678253,0.41773150687446525,0.6270422423847082,0.4375395178633239,0.39545436916425464,0.7988357273424237,0.8409208760414931
VSNL1,ENSG00000163032,chr2,17529125,17667018,857,0.37541542547576057,0.5539978554405047,0.5364952807682669,0.3542259846217226,0.48556823084444223,0.254580668625546,0.2900224140046657,0.5528508499187258,0.5174091045396061
SMC6,ENSG00000163029,chr2,17653811,17810242,951,0.48016291384467485,0.7276181068591853,0.6879104062648248,0.3842314879754343,0.5764453839837429,0.3951625089304097,0.46318077348832665,0.9053876695686158,0.8373694050106989
GEN1,ENSG00000178295,chr2,17743857,17798946,351,0.5247443181007048,0.7859005340650911,0.756377784668266,0.3414813994869397,0.7080128758643436,0.4365401842890303,0.36401575807412523,1.1047743935662093,1.1772988197811145
MSGN1,ENSG00000151379,chr2,17806459,17827798,177,0.3256647641481773,0.40455174814874334,0.5437805396172134,0.29688228015587487,0.5224887285684358,0.06384369464908157,0.06575211300596229,0.45459709796808834,0.4526886796112075
KCNS3,ENSG00000170745,chr2,17867846,18371616,3584,0.44785812361308375,0.6332568266268732,0.5649391437064404,0.4437613192907931,0.5791053218065609,0.3823871805558438,0.3621393119055901,0.6207062954193137,0.6409541640695675
RDH14,ENSG00000240857,chr2,18544722,18570679,126,0.2529077379089047,0.2905042943176058,0.2639191934664539,0.23712583018465372,0.3249413723576457,0.1641760257586297,0.11045363761606913,0.17902480923877545,0.23274719738133598
NT5C1B-RDH14,ENSG00000250741,chr2,18545544,18599564,258,0.31851306526690765,0.3875946098802469,0.334804441824108,0.28398764299470447,0.3274237049632083,0.23308240193003923,0.21388947165785013,0.25727841167478693,0.276471341946976
NT5C1B,ENSG00000185013,chr2,18552871,18599572,218,0.3273789827569317,0.4251879063271467,0.3958004349936852,0.34141037840240646,0.38088848030130046,0.22321729381542976,0.24594844559412093,0.33049479139045446,0.30776363961176323
OSR1,ENSG00000143867,chr2,19341484,19368623,159,0.2921349876864276,0.4652472204905723,0.48161330868193153,0.18762741290196397,0.4965924386491727,0.15720939520733768,0.07369587519106258,0.4687413380522021,0.5522548580684771
TTC32,ENSG00000183891,chr2,19886630,19911983,135,0.41973514354112557,0.6680224915519032,0.5507372100812596,0.282946709775978,0.622323141726027,0.42340570218646606,0.23078842699747448,0.6792823558122846,0.8718996310012762
WDR35,ENSG00000118965,chr2,19900262,20000105,428,0.3829322864799526,0.6738084215398866,0.6019341527619636,0.24876412698077624,0.5959625253347227,0.3409545394431372,0.25002917896333987,0.7793158667910759,0.8702412272708733
MATN3,ENSG00000132031,chr2,19982051,20022668,161,0.48250970752179606,0.7079877261226831,0.6141584544143904,0.42313395486647765,0.6303587817081762,0.46869772941218973,0.3929411082990819,0.7622617143586345,0.8380183354717423
LAPTM4A,ENSG00000068697,chr2,20022649,20061628,231,0.40366868840554015,0.4950028390959484,0.47826866109184796,0.4177529972036533,0.5266406522982504,0.2747794230565911,0.2380812654585303,0.4084230486381645,0.44512120623622536
SDC1,ENSG00000115884,chr2,20190796,20235433,339,0.3685085699511891,0.5110664786530981,0.470284099533294,0.39378146595278524,0.46116338102227405,0.2698926009869738,0.298850307396105,0.44563614592792533,0.41667843951879413
PUM2,ENSG00000055917,chr2,20238690,20362234,611,0.33054736638931187,0.5916559228390026,0.5245654437512349,0.2705509883285602,0.4835620499866549,0.27670698047289316,0.27515540441126496,0.6189381531299778,0.620489729191606
RHOB,ENSG00000143878,chr2,20437073,20459440,149,0.4895020868712521,0.8633808200178488,0.8027599690402533,0.36406520444868024,0.8367956944082559,0.5197964002488217,0.31523236049733405,1.4707615316277507,1.6753255713792388
HS1BP3,ENSG00000118960,chr2,20550447,20661130,1146,0.5163470752417575,0.6127725691349744,0.5799445951128567,0.5258848047357707,0.6069740424279648,0.4038810745078959,0.380584210625181,0.5448620074049467,0.5681588712876616
GDF7,ENSG00000143869,chr2,20657143,20689243,243,0.4692193002757571,0.5737236990101272,0.5655488503796764,0.4452893631692218,0.463256962447393,0.3262010587261102,0.40987020578346334,0.526466490359817,0.4427973433024639
LDAH,ENSG00000118961,chr2,20674013,20833130,999,0.4302943647110849,0.5175106350137981,0.4784500961335001,0.38492197355853125,0.42532314237964275,0.32024078230465197,0.33042758199016437,0.40855561762073583,0.3983688179352235
APOB,ENSG00000084674,chr2,20991428,21054073,330,0.4483963615925636,0.49980720119636485,0.4614839722837001,0.44138370299223734,0.4843837360129394,0.33437458753385896,0.30633082191463856,0.3583870697424679,0.3864308353616883
TDRD15,ENSG00000218819,chr2,21113967,21154368,179,0.38800813721921235,0.43142106063568625,0.4362113290709162,0.29311619188247084,0.26935659083149693,0.24128780897112395,0.2988371704240731,0.32332731093785827,0.2657779494849092
KLHL29,ENSG00000119771,chr2,23375178,23718611,2523,0.4563769876561231,0.5810501809728991,0.5409545255657663,0.42230586490706945,0.5383422158435681,0.35044869663713984,0.3228917344981114,0.5195554332535695,0.5471123953925978
ATAD2B,ENSG00000119778,chr2,23738663,23937123,934,0.4352503387869003,0.7719676003977001,0.7298292575448103,0.42225818120943037,0.7696488837878701,0.3704695698696633,0.2793726025545886,1.1077979867349224,1.198894954049997
UBXN2A,ENSG00000173960,chr2,23917284,24014909,494,0.3978036149870698,0.7562034532542017,0.7559307085314109,0.2885984487057348,0.743196689991693,0.25414488983560735,0.19624732368301767,1.1572763364909022,1.2151739026434918
MFSD2B,ENSG00000205639,chr2,24000080,24073321,345,0.4386492079282491,0.7023000815243864,0.6839629081262196,0.3979587566461475,0.6789433730067246,0.3185914314688556,0.2914804234709616,0.89307785333904,0.9201888613369339
WDCP,ENSG00000163026,chr2,24019346,24059575,169,0.4617651281163534,0.7130438346628111,0.7045041008494768,0.4570171857339386,0.6324925164230034,0.3243928691281939,0.4290459104968536,0.9240329397761131,0.8193798984074534
FKBP1B,ENSG00000119782,chr2,24039700,24073681,147,0.295831200884475,0.4511460413232564,0.4252299963587109,0.3214339404636323,0.37416190717924375,0.1984373772112718,0.25951637525045235,0.40148550898842383,0.3404065109492433
SF3B6,ENSG00000115128,chr2,24057585,24086373,146,0.33109543045973927,0.36659859262166566,0.3666869577807975,0.2651207432995749,0.3319990976603506,0.2009871783917042,0.180617119080666,0.2556637445459333,0.2760338038569715
FAM228B,ENSG00000219626,chr2,24066525,24179640,568,0.43588588975631665,0.6494819122161684,0.5831387518815244,0.4087843018528818,0.54175209748422,0.372919921061272,0.3967861777113011,0.6754230471177418,0.6515567904677126
TP53I3,ENSG00000115129,chr2,24067432,24095861,140,0.26185376491142415,0.31873478477646666,0.18670367919446715,0.19140000932208723,0.20100119004501482,0.24037858243028942,0.18592935482507134,0.14342501655072348,0.1978742441559416
PFN4,ENSG00000176732,chr2,24104808,24133464,143,0.155047901643114,0.1831718969555035,0.2173019526880907,0.15450443850939177,0.15242410679608062,0.06289682751585159,0.10239203622042961,0.13942977893384256,0.09993457022926454
RP11-507M3.1,ENSG00000276087,chr2,24114365,24200436,430,0.443735515427498,0.6986333807763578,0.6476091890878894,0.47568631732131195,0.6178918306680756,0.3714623482505508,0.44152067468356826,0.8279654030826387,0.7579070766496212
FAM228A,ENSG00000186453,chr2,24165052,24210849,237,0.5293174549231989,0.7408437451509792,0.729553619791898,0.5769234014985097,0.7588631462527787,0.39810704385169016,0.39406774111604836,0.9522170547681695,0.9562563575038114
ITSN2,ENSG00000198399,chr2,24192863,24370536,769,0.7790200391629761,0.8727047102301537,0.8252309272748882,0.7759111837042533,0.8120172547032569,0.9133196353710845,0.9427767394088449,1.1479261397546634,1.118469035716903
NCOA1,ENSG00000084676,chr2,24481253,24780702,1276,0.4400932133805393,0.7570380508489168,0.7183414609128217,0.4215074337181257,0.7120555582678181,0.36388780065506166,0.358596145034733,1.0509626351033101,1.0562542907236385
PTRHD1,ENSG00000184924,chr2,24779727,24803391,112,0.4155081651265328,0.8111735414933101,0.7409726917639433,0.42174865595669464,0.7752607725355644,0.42655878832326943,0.36092950513309974,1.240368106370612,1.3059973895607815
CENPO,ENSG00000138092,chr2,24783135,24832376,268,0.453652061540205,0.7864764531284646,0.7036278791876698,0.4307625157151377,0.7287593086160301,0.4661839847726077,0.40135851550403845,1.077824177825904,1.142649647094473
ADCY3,ENSG00000138031,chr2,24809168,24930237,881,0.3568413951764148,0.4730610300914107,0.41474983578142227,0.3581292865643264,0.4470269662439595,0.27315928655856947,0.24579643904252974,0.36751125721337785,0.39487410472941753
DNAJC27,ENSG00000115137,chr2,24933635,24982094,228,0.5546999802249221,0.6647207042291435,0.49102852140660336,0.6037515906623935,0.5669882566382642,0.6132175499176518,0.5907574567287691,0.47957382587084724,0.5020339190597299
EFR3B,ENSG00000084710,chr2,25032075,25169135,647,0.3299344923824795,0.5233421045399582,0.4040151996271107,0.34151202520315765,0.4464902563731173,0.3118979647697123,0.2836446709228415,0.4290582809286637,0.45731157477553463
POMC,ENSG00000115138,chr2,25150852,25178903,137,0.3611439703933867,0.43387314078030076,0.36192542579333165,0.35966532133783924,0.31431950235008055,0.2838565668844032,0.31867894514091577,0.285080526111581,0.2502581478550684
DNMT3A,ENSG00000119772,chr2,25217854,25352590,556,0.3851224914436917,0.40124348570450274,0.31918511359181007,0.4012880826121666,0.3243738577736087,0.307383809336534,0.3168797931649615,0.20551644115419776,0.19602045732577028
DTNB,ENSG00000138101,chr2,25367197,25683647,1359,0.40508151424172845,0.414484659475841,0.35185769541657275,0.4129997252645308,0.33276183200737774,0.31047438810468525,0.33169233166714124,0.22478850745847384,0.2035705638960179
ASXL2,ENSG00000143970,chr2,25723752,25888487,723,0.2530744472910427,0.5724611842318615,0.4912024126782138,0.2802277538297903,0.4950266868046237,0.23289747462980637,0.2476404715623705,0.616812722978872,0.602069726046308
KIF3C,ENSG00000084731,chr2,25916597,25992749,371,0.368551623859858,0.5326989772096529,0.5516051399094635,0.42732574462850975,0.5175593703185246,0.20921983922865361,0.2946612205803411,0.5515618013263074,0.4661204199746197
RAB10,ENSG00000084733,chr2,26024083,26147454,568,0.5741544331000193,0.37760713939322543,0.4307622104409516,0.6793030758510447,0.46134176351160955,0.3822026350328449,0.4963842807696088,0.09198114189837003,0.0
GAREM2,ENSG00000157833,chr2,26163087,26199663,246,0.507948024493262,0.39467853052133556,0.2694792888936133,0.5698743797336119,0.2827109290528929,0.4485844190608571,0.5066986140111633,0.05341118849906995,0.0
HADHA,ENSG00000084754,chr2,26180634,26254672,426,0.6024793478910158,0.4528101910828026,0.3332983072653347,0.6797865341693372,0.34792665873635764,0.5600276788809839,0.6570643624940471,0.042931858021071745,0.0
HADHB,ENSG00000138029,chr2,26233169,26300465,421,0.3381890858887524,0.34644453726946106,0.27979096806054027,0.42904881718678145,0.2936836175510826,0.25494474217069696,0.3190437191615953,0.17038313706452657,0.10628416007362823
ADGRF3,ENSG00000173567,chr2,26298172,26356817,302,0.4110211161007074,0.3505810341375237,0.36261680727120166,0.48998287240243066,0.46405378428450433,0.25532895771993924,0.2406333590368927,0.17634825681129845,0.191043855494345
SELENOI,ENSG00000138018,chr2,26298546,26405891,538,0.40969013590124903,0.4309028849496003,0.3746755961494935,0.5097369461184827,0.44749825491694,0.31066357576141573,0.34160934145109484,0.2530406069437686,0.22209484125408951
DRC1,ENSG00000157856,chr2,26391919,26466711,440,0.4658886696515358,0.4812064339126051,0.4981102446232201,0.5849676692873185,0.5780211166582214,0.29701270594297113,0.3364240394630265,0.35923652220154284,0.31982518868148757
OTOF,ENSG00000115155,chr2,26447202,26568756,933,0.441566186248911,0.6744870239300754,0.5840677622843157,0.43925694859056313,0.6289054451150347,0.4138696028249985,0.35477353321093147,0.7084833502649333,0.7675794198790005
FAM166C,ENSG00000173557,chr2,26552584,26589532,285,0.4892737751210325,0.7466622392851376,0.7016194856022916,0.5056973741599471,0.7065333019534006,0.41778377037664094,0.42582394669536805,0.9552478876399058,0.9472077113211788
CIB4,ENSG00000157884,chr2,26571204,26651366,607,0.4692019209241053,0.5357651768058562,0.5241567489912163,0.5227245804948275,0.580307841551057,0.32903579108486625,0.3193962665618848,0.43832897921843356,0.4479685037414151
KCNK3,ENSG00000171303,chr2,26682689,26743420,362,0.5218213714633548,0.5472198961314925,0.4170320628372595,0.5559327953682771,0.4545618911506768,0.4952482596377983,0.4989810608492473,0.2971004336404925,0.2933676324290435
SLC35F6,ENSG00000213699,chr2,26754283,26791231,220,0.2778789850654939,0.26094647108406116,0.2308506875202194,0.3543960027054092,0.23016569017347663,0.1827386529855173,0.23918696375826112,0.11964627341463072,0.06319796264188693
CENPA,ENSG00000115163,chr2,26754288,26811067,340,0.29330870119597635,0.28831977990856494,0.21921297610838922,0.36838784290890253,0.26062392200557544,0.21991753916239928,0.24882887998695058,0.12020905838150175,0.09129771755695051
DPYSL5,ENSG00000157851,chr2,26837746,26960351,621,0.4082978234798016,0.42041448484237703,0.3459918913051952,0.42158439787337787,0.3345971521432818,0.32277919092560625,0.3427710291648017,0.2226628690236958,0.20267103078450033
MAPRE3,ENSG00000084764,chr2,26960636,27037219,239,0.5577972981126019,0.5669921056262298,0.5430039362592515,0.5055013479337606,0.4793972730490337,0.4349528592133814,0.4442210623839295,0.4020464601223704,0.3927782569518223
TMEM214,ENSG00000119777,chr2,27022909,27051694,83,0.5642802058763289,0.595758707227604,0.6475820757046209,0.5771077998211053,0.5978378695104447,0.3467808567586258,0.42774066815201445,0.5589624632131196,0.47800265181973095
AGBL5,ENSG00000084693,chr2,27032363,27080622,189,0.5944547398673197,0.6121170876566561,0.6142859649271316,0.5343983306814573,0.5763188643010475,0.4484577636970988,0.426351204679317,0.49859399351516037,0.5207005525329422
OST4,ENSG00000228474,chr2,27060471,27081654,80,0.4424466986271663,0.50432315694256,0.417696912422185,0.4264272757512952,0.5231246002140933,0.37263203264550293,0.25860079739148834,0.3291990580409362,0.4432302932949508
EMILIN1,ENSG00000138080,chr2,27068614,27096403,131,0.4626455364759692,0.3911408712622059,0.4615363691060424,0.41545763107572864,0.44037938361332857,0.24911517622204543,0.22629908569186608,0.24705317750928552,0.2698692680394649
KHK,ENSG00000138030,chr2,27076746,27110762,193,0.5471899972075669,0.6272097909597909,0.5806574425840286,0.5710961121418264,0.48178197351895674,0.45497749378492686,0.5879513289333976,0.5317619660348207,0.39878813088635
CGREF1,ENSG00000138028,chr2,27088888,27129128,229,0.5957819126643209,0.584959419246739,0.5595032014565794,0.5705443916697113,0.528847677404371,0.4826638018534739,0.48602102169835026,0.39671517673098444,0.3933579568861079
ABHD1,ENSG00000143994,chr2,27113788,27140812,135,0.5156497866567168,0.5071679880333776,0.6147291727116639,0.466990474603307,0.5238219925888693,0.23936260883289578,0.29741968185177325,0.46822430069184445,0.4101672276729669
PREB,ENSG00000138073,chr2,27120755,27144666,119,0.6185165240745915,0.6876882992813254,0.6671332751561898,0.6239969346389131,0.6090935279384088,0.5137140984687786,0.6013122913437718,0.6500394506479923,0.5624412577729989
PRR30,ENSG00000186143,chr2,27126847,27149410,110,0.669123141465218,0.7210266072442237,0.6313491276506062,0.6463401261487486,0.5915437830105129,0.6923713206908055,0.7103439769234959,0.5842675474843882,0.566294891251698
TCF23,ENSG00000163792,chr2,27139003,27166974,148,0.5494903341626352,0.5707959313301552,0.5305997129801237,0.510226688531543,0.5656822803405439,0.4434495754359676,0.36282823671123815,0.40237321317508706,0.48299455189981644
SLC5A6,ENSG00000138074,chr2,27189586,27222958,172,0.6578256098158968,0.6626627652404693,0.640918576852181,0.6111383864653186,0.6469931953125232,0.5674504003271378,0.49496797740155385,0.519221752049898,0.5917041749754817
ATRAID,ENSG00000138085,chr2,27202026,27227178,122,0.6175757215208502,0.6024517144264777,0.5062198466106395,0.5256301511416548,0.5698874522127666,0.5889992973608913,0.4122492516548887,0.33343958176318717,0.5101896274691896
CAD,ENSG00000084774,chr2,27207368,27253943,253,0.32787681741941227,0.47296028057026873,0.41885188598298256,0.3550060357220043,0.43951722508179264,0.24752169351611614,0.2500184578524313,0.3929576708278828,0.39046090649156756
SLC30A3,ENSG00000115194,chr2,27243683,27285817,206,0.2350009186062152,0.3844634867096637,0.3919980817093708,0.22099321924022267,0.3885525768743866,0.12778220807725635,0.12153511656463575,0.3574788040661716,0.36372589557879215
DNAJC5G,ENSG00000163793,chr2,27265432,27291499,109,0.18151930252704768,0.4187795528264904,0.36571013507432826,0.23245981419945128,0.3803033949019351,0.14384070168509375,0.16433217057984545,0.39878446526051203,0.3782929963657603
TRIM54,ENSG00000138100,chr2,27272428,27317439,173,0.28432686026114373,0.3801916949970043,0.34753038669379693,0.2089384756582328,0.39796845114279855,0.19294302435615776,0.10263956985231587,0.2854020098735661,0.375705464377408
UCN,ENSG00000163794,chr2,27297399,27318445,69,0.39253458119832346,0.4260215053763441,0.26006197167529094,0.38994541602695576,0.30092506923135104,0.3762172682749287,0.34568642383614845,0.1789460809019491,0.20947692534072943
MPV17,ENSG00000115204,chr2,27299491,27335680,133,0.36875788581493607,0.37914010104929774,0.30797172486473867,0.37339644225671437,0.3225573084633488,0.28429357736468874,0.27733036636910724,0.19235625069115558,0.19931946168673706
GTF3C2,ENSG00000115207,chr2,27315848,27367034,175,0.3083795352230065,0.46768376819216967,0.31930298203804663,0.32890649776752423,0.3786673903769923,0.307298750649092,0.2767378062504514,0.32321879489799066,0.3537797392966314
EIF2B4,ENSG00000115211,chr2,27354351,27380457,117,0.2871818783336235,0.5688473076630972,0.3922225766397747,0.319918748415578,0.5541747854378702,0.34093770647573807,0.20950383900365444,0.500355270579487,0.6317891380515707
SNX17,ENSG00000115234,chr2,27360495,27387535,116,0.36507376777450384,0.5924756795737854,0.43557610629870347,0.2977789699620015,0.5451698156071335,0.3899756987051691,0.23166529107704675,0.5076789673494315,0.665989374977554
ZNF513,ENSG00000163795,chr2,27367234,27390790,128,0.4200187295718328,0.6992974718259287,0.4531161147498865,0.3658447917597106,0.5578217646263012,0.571437237517227,0.4205265486071821,0.6301965438766676,0.7811072327867127
PPM1G,ENSG00000115241,chr2,27371194,27419591,225,0.43855003016557464,0.6423175769487033,0.48242589802428654,0.4101965744894334,0.5144750416927054,0.47336990527294415,0.4167755811406359,0.5547398674514128,0.611334191583721
NRBP1,ENSG00000115216,chr2,27417789,27452259,146,0.37229050622696375,0.5994730874578,0.4436104252546263,0.33904694362645493,0.42462571554920453,0.3971827851804601,0.38815612882959666,0.5177915321921029,0.5268181885429664
KRTCAP3,ENSG00000157992,chr2,27432365,27456481,90,0.35370752056149735,0.5320878672302839,0.49483458917277967,0.328467177289664,0.48073766799110307,0.2565542585756297,0.25116053442881625,0.5029204926082503,0.5083142167550637
IFT172,ENSG00000138002,chr2,27434376,27499805,257,0.35380826597519177,0.6329306210641759,0.4898712014021216,0.3150501266310945,0.5111187133577652,0.3828856919174091,0.3324892198752196,0.6193187134547495,0.669715185496939
FNDC4,ENSG00000115226,chr2,27481882,27505200,95,0.38892803671201576,0.6562702516981033,0.4239651853239313,0.3555968611504899,0.539903093963016,0.5044264575123959,0.36550607805319035,0.5634730882553058,0.7023934677145113
GCKR,ENSG00000084734,chr2,27486838,27533684,208,0.3754723133834056,0.6263805136223588,0.513793238069234,0.35379033734103327,0.5360475949941433,0.3670778612261576,0.32658769040514213,0.6174395543630966,0.6579297251841121
C2orf16,ENSG00000221843,chr2,27527385,27592721,299,0.37018989623530363,0.2517563993000448,0.2634798139362907,0.32412521691373414,0.23620094481887827,0.22327248845648712,0.20616179783494692,0.06675419618496922,0.08386488680650944
ZNF512,ENSG00000243943,chr2,27572968,27633217,282,0.38013128283637143,0.23070961331456485,0.18021732710392013,0.3010412040124413,0.17484314319121388,0.27090916387473585,0.21413423454791952,0.0,0.04815253023168428
CCDC121,ENSG00000176714,chr2,27615637,27639012,106,0.3771259237551084,0.28571806388653137,0.23969765437397722,0.34202217732884393,0.22643001850423447,0.26792466494413436,0.24916121960082016,0.0685528611322116,0.08731630647552571
GPN1,ENSG00000198522,chr2,27618246,27661511,183,0.3299633681226509,0.32838225097650237,0.260681603639837,0.35410554080645124,0.27901756449492243,0.2482311082817614,0.25402229363862794,0.14983481787792144,0.14404363252105487
SUPT7L,ENSG00000119760,chr2,27640808,27673840,127,0.20664261766250822,0.41337714153818605,0.4857407638385936,0.38280696739384934,0.38305596657843594,0.04991342644785057,0.2664848179896705,0.48345972903482515,0.2668883374930052
SLC4A1AP,ENSG00000163798,chr2,27653470,27704976,192,0.391824329875418,0.4181006949368883,0.4448203412700576,0.48197283901481097,0.42483709538424336,0.22514293050132944,0.3230417497015372,0.3163149310737311,0.21841611187352328
MRPL33,ENSG00000243147,chr2,27761716,27998087,927,0.4433992843088445,0.43197621875497944,0.4136240572204515,0.4470357856118028,0.4204153140088658,0.30885249114394653,0.30630524675367526,0.2567395016043749,0.25928674599464613
RBKS,ENSG00000171174,chr2,27771378,27900681,525,0.37790951972072906,0.34735398616650676,0.31279064588682454,0.3430339613764567,0.31525930462100676,0.26313691124123395,0.23406414148844099,0.16358347758813876,0.19265624734093173
BABAM2,ENSG00000158019,chr2,27879940,28348901,2272,0.4766129663520883,0.6605457109970659,0.6172437154234495,0.5093492228346642,0.6442006156921258,0.38374661031063867,0.3795252006722959,0.6966693728499338,0.7008907824882767
FOSL2,ENSG00000075426,chr2,28382447,28427317,233,0.25885387935077536,0.3919499101898349,0.36616561341850656,0.32272034423869467,0.3912905511278879,0.17054395827450977,0.19537740288135735,0.3269540575786889,0.30212061297184134
PLB1,ENSG00000163803,chr2,28447144,28654142,1583,0.45438007567869165,0.5036808616894384,0.4599038397912529,0.43612150377229303,0.453082415408839,0.34518035463567726,0.3349977310652889,0.3553557805167852,0.3655384040871735
PPP1CB,ENSG00000213639,chr2,28741639,28812940,398,0.41378578968845997,0.47424154380572764,0.37063345131926273,0.5164970659581479,0.4345453002939455,0.3569709731749937,0.39974309149112236,0.28594240729419984,0.2431702889780713
SPDYA,ENSG00000163806,chr2,28772516,28860611,447,0.42372620082606555,0.36896082855139084,0.34805786976716924,0.43559748746231963,0.39424272885625417,0.2918801235675841,0.26554951575013275,0.16850721643465555,0.19483782425210683
TRMT61B,ENSG00000171103,chr2,28839820,28880309,208,0.526959840641218,0.3815316650898066,0.3830573338531519,0.46903106246932774,0.3655755686168291,0.37305254632719376,0.32926197208157904,0.10745673872119876,0.15124731296681343
WDR43,ENSG00000163811,chr2,28884666,28958219,474,0.5036693914512733,0.33542122243879857,0.28955542696694925,0.4986328331763676,0.3050071590722741,0.38362526766449867,0.3675823501647406,0.024976588556413437,0.04101950605617155
TOGARAM2,ENSG00000189350,chr2,28946610,29062230,924,0.3890469174876022,0.29031882650000446,0.3273908212754118,0.4091289000755934,0.3502068404396622,0.2195418694313812,0.21899783440665432,0.12339759177762899,0.12394162680235588
PCARE,ENSG00000179270,chr2,29050975,29084523,289,0.3184545216855561,0.40342224595938403,0.3624119638121742,0.317795509912328,0.3167905065531323,0.2249375386965217,0.25900889084648393,0.29160815679723484,0.2575368046472726
CLIP4,ENSG00000115295,chr2,29087704,29199643,788,0.39147538967953294,0.5501886749895682,0.5097999480583674,0.37176833763796446,0.449157332753987,0.291351641548757,0.3337336511635683,0.5075754203451049,0.46519341073029363
ALK,ENSG00000171094,chr2,29182773,29931586,5763,0.48008354335197095,0.6431567084387368,0.5871948978045178,0.5086490310133408,0.5708712880927295,0.3998829942350576,0.44752838878651724,0.6305755585503865,0.5829301639989267
YPEL5,ENSG00000119801,chr2,30136940,30170533,184,0.3202104337020459,0.6457436652097198,0.543554364348879,0.2857528820102425,0.5330219938962519,0.31971041641106124,0.3063938363238767,0.7180241019010886,0.7313406819882732
LBH,ENSG00000213626,chr2,30221533,30333730,912,0.3180675931988817,0.43857898039716225,0.3912859494682918,0.34825292370488886,0.39799650160991046,0.2318511248846258,0.24894543202566272,0.3454330494690775,0.3283387423280406
LCLAT1,ENSG00000172954,chr2,30437225,30654225,1500,0.4279420005453888,0.540901850586061,0.4280188207901203,0.4916082176540503,0.4421844461249137,0.3891784810533568,0.43563362116712173,0.38931277758144706,0.342857637467682
CAPN13,ENSG00000162949,chr2,30712770,30830542,994,0.4069575260087169,0.46264541595268377,0.39446448469706624,0.4501236630045184,0.39056883720124325,0.3209721453092123,0.3619648439345905,0.300124951581327,0.2591322529559488
GALNT14,ENSG00000158089,chr2,30900466,31165202,2115,0.3271182562455383,0.4719077515978522,0.399578185420224,0.3485109693855238,0.351552545651408,0.2622735655167789,0.3169023561895391,0.3762107321367595,0.3215819414639992
CAPN14,ENSG00000214711,chr2,31163055,31243858,806,0.42396992738302197,0.4777848993278162,0.43641573207480067,0.3927331483880381,0.4746492234688293,0.31391635153742325,0.25238678639147183,0.3357593541864799,0.39728891933243127
EHD3,ENSG00000013016,chr2,31224151,31279451,476,0.544066706817866,0.5497386932041046,0.5584838047524614,0.4143523000040165,0.4573932878562647,0.3828976863730093,0.36079676961089197,0.41502949660652566,0.437130413368643
XDH,ENSG00000158125,chr2,31324320,31424742,707,0.4826295277948942,0.4331301313660539,0.39716059475360227,0.46198795197913634,0.3630271636683963,0.36025857329391864,0.36823578385858424,0.20736693688369695,0.1993897263190313
SRD5A2,ENSG00000277893,chr2,31512479,31590938,300,0.359883609661746,0.37090360974081915,0.330863715645942,0.3770237867019751,0.3833123090390284,0.2539042617797209,0.22666258774191492,0.2095665285872897,0.23680820262509567
MEMO1,ENSG00000162959,chr2,31855059,32021230,578,0.37190242177584953,0.38724870032755054,0.3503352077867751,0.4280053879089953,0.4057148915358862,0.2617785636864709,0.2640128742008551,0.2280175718412245,0.22578326132684035
DPY30,ENSG00000162961,chr2,31857808,32049805,687,0.3392106434757586,0.39696961273611725,0.3586109487995266,0.3812181657842571,0.4412953111541668,0.23799439594253843,0.20182798855325068,0.2677932941096792,0.3039597014989671
SPAST,ENSG00000021574,chr2,32053555,32167637,476,0.39915136816953023,0.4748171292489662,0.4136451591123009,0.31713263554483,0.40658704539383866,0.3097954231730346,0.25179932269370925,0.33421332862856706,0.39220942910789236
SLC30A6,ENSG00000152683,chr2,32155840,32234379,340,0.36882363687467623,0.42968184925122727,0.32200544771589096,0.4010133970359833,0.3538114898172162,0.31655742313829954,0.31870647755227655,0.24500349151978051,0.24285443710580346
NLRC4,ENSG00000091106,chr2,32214452,32275732,273,0.33578309248829513,0.31248939964251027,0.23419161720343754,0.4367668092608353,0.28658270685201936,0.2585006261135454,0.3055254042135211,0.11617740474492899,0.06915262664495325
YIPF4,ENSG00000119820,chr2,32267903,32326594,299,0.460868200145137,0.407079829302217,0.3597276189575012,0.47275084018770847,0.3556199267380891,0.3473145609930183,0.3616555052525938,0.1753809474500535,0.16104000319047795
BIRC6,ENSG00000115760,chr2,32347027,32628899,1183,0.4208046352599144,0.4139799325094315,0.43442007050290166,0.40507949149325645,0.41797688622146584,0.25530651778785063,0.2562418044969128,0.27909472733916457,0.2781594406301024
TTC27,ENSG00000018699,chr2,32618031,32831051,1239,0.46893116971503085,0.5455537575108621,0.5101854268316683,0.3941912981933967,0.5176838665210759,0.35390545568048243,0.2803555828537679,0.4347701950312888,0.5083200678580033
LTBP1,ENSG00000049323,chr2,32936952,33409509,3574,0.39980144974687304,0.48813184524796815,0.4799338289673475,0.4132421979469312,0.4673085367618856,0.26319186762790636,0.2865092269908833,0.4064963297261181,0.38317897036314125
RASGRP3,ENSG00000152689,chr2,33426323,33574750,1217,0.41144262773963447,0.35627562081697967,0.3324427872707051,0.43039025449315266,0.3435795426005078,0.2832176573788616,0.29116734128596095,0.1572669697446909,0.14931728583759157
FAM98A,ENSG00000119812,chr2,33573659,33609382,237,0.42511333532771284,0.3528646522490474,0.28604978862610375,0.39013205863282197,0.2888268248608643,0.3259200625157748,0.29443666755946585,0.10927975102877208,0.14076314598508108
CRIM1,ENSG00000150938,chr2,36345777,36561135,1543,0.3995078584770376,0.4529928774365363,0.38520631903528324,0.3775132059815799,0.3634611299095643,0.313415317020999,0.31280826321849414,0.2898781384841439,0.29048519228664876
FEZ2,ENSG00000171055,chr2,36521804,36656087,970,0.33780037678275293,0.3786926951764547,0.29005378456957387,0.31195426962083644,0.2766130538763696,0.27277581139250884,0.2630092172732307,0.20315365326808385,0.21292024738736207
VIT,ENSG00000205221,chr2,36686689,36824792,1258,0.4738626004451178,0.5024074137545713,0.4679527889719917,0.5170908070386782,0.4619829284896994,0.3545717350600703,0.403017649048421,0.34340190163254875,0.2949559876441979
STRN,ENSG00000115808,chr2,36827697,36976536,905,0.5809998579303006,0.5423849717213192,0.5841425688213151,0.6022013883405364,0.6055776253957202,0.387099113477969,0.3866017367154831,0.3946278844597545,0.3951252612222404
HEATR5B,ENSG00000008869,chr2,36958382,37094372,685,0.387073531725546,0.396987842647894,0.36823552847236685,0.3695017912521686,0.3528831786501877,0.268044799600028,0.2659172216581395,0.2377731214118842,0.2399006993537727
GPATCH11,ENSG00000152133,chr2,37074450,37109244,156,0.6143735193012472,0.7499046623654186,0.7906088023243955,0.597887336216246,0.7627030169665296,0.38762405525362753,0.4292466126961296,0.998289028023573,0.956666470581071
EIF2AK2,ENSG00000055332,chr2,37089209,37167522,405,0.4167725501345616,0.7252573679409625,0.6872176826918659,0.4474546682485031,0.704099324097255,0.3344253662103398,0.3337044340674613,0.957495136739229,0.9582160688821076
SULT6B1,ENSG00000138068,chr2,37157819,37206598,347,0.32672931107315856,0.4653126579213769,0.4429003098468051,0.25230015037926246,0.3600666710158418,0.21833492497256812,0.23521774041498633,0.40773818527576267,0.39085536983334446
CEBPZOS,ENSG00000218739,chr2,37186487,37226193,205,0.4490465394385884,0.6522435264815075,0.6197420131020291,0.4341959209150484,0.6663906008430388,0.3427262130860127,0.26398790483991763,0.7135266198280443,0.7922649280741395
CEBPZ,ENSG00000115816,chr2,37191611,37241596,282,0.45761237043522046,0.6983141724015703,0.649171715048318,0.4910060903030078,0.6454938391895907,0.38134253332426415,0.41832939125672086,0.8170265757422978,0.780039717809841
NDUFAF7,ENSG00000003509,chr2,37221630,37263403,250,0.37559535041292547,0.6143734637958083,0.5351546080375378,0.37861823632178543,0.5631066381310972,0.32889606272601235,0.30031469670830996,0.6239898379306523,0.6525712039483547
PRKD3,ENSG00000115825,chr2,37240501,37334833,639,0.3270419743771146,0.5220973263153881,0.4488030277929052,0.343496654453523,0.4663146263332415,0.2693787233559922,0.2656134332137633,0.46896945540480106,0.47273474554703
QPCT,ENSG00000115828,chr2,37332826,37383322,436,0.35403174450583186,0.5222594799979442,0.47703932746938355,0.38002742008582907,0.5239126830616193,0.26372172095328933,0.23730678215346568,0.474965818115166,0.5013807569149897
CDC42EP3,ENSG00000163171,chr2,37631881,37748468,918,0.34215943551154276,0.39628401646292166,0.31038265427078177,0.3279512218362394,0.3442401049933998,0.2759128455834253,0.2400576006816891,0.22873857198676972,0.2645938168885059
RMDN2,ENSG00000115841,chr2,37913186,38077142,1271,0.3889450685333226,0.4510824781819081,0.36351440637394467,0.3603782113326241,0.32982006499047894,0.3202910034569262,0.3232381359113419,0.2795160787843886,0.2765689463299729
CYP1B1,ENSG00000138061,chr2,38056972,38119902,431,0.4242624150403092,0.572126547714326,0.50740046753697,0.3673224807454424,0.4181344645175103,0.3464861803474766,0.3826031688107268,0.5024416190022492,0.466324630538999
ATL2,ENSG00000119787,chr2,38283953,38387285,719,0.32800457079014417,0.32338630006136493,0.2988180285909369,0.27578892059417276,0.24801620742763703,0.21658533878232475,0.21414332494153113,0.17406943584856727,0.1765114496893609
HNRNPLL,ENSG00000143889,chr2,38551968,38613586,423,0.1781073712993774,0.22949578314090002,0.2677784025942025,0.17070343890721346,0.25761180031547093,0.072591791844686,0.07500230659248314,0.18811835950568967,0.18570784475789257
GALM,ENSG00000143891,chr2,38656080,38751237,716,0.4022439862104584,0.5323766927794983,0.46753191631729213,0.36138137170136375,0.484885101792048,0.3222162491571727,0.27258736749255846,0.4378759571140178,0.48750483877863193
SRSF7,ENSG00000115875,chr2,38733598,38761494,152,0.6123141577332754,0.8495061532354108,0.7977642019836285,0.5947082693939789,0.7888052220221273,0.6215360438357982,0.6210033883371029,1.272297037078356,1.2728296925770513
GEMIN6,ENSG00000152147,chr2,38741533,38795002,323,0.6500994996536126,0.8623455263280991,0.8002018354316273,0.6360432009225987,0.799944927033928,0.7113336990332039,0.6922830321567088,1.271674848547716,1.2907255154242108
DHX57,ENSG00000163214,chr2,38787728,38885934,587,0.5831689798753652,0.7675984165984167,0.7290487243857311,0.5659498748367611,0.706434303571544,0.5142732692740353,0.5341149348526046,0.9450151714937306,0.9251735059151613
MORN2,ENSG00000188010,chr2,38865961,38939072,428,0.558991637554377,0.7761869070597515,0.7154745902844948,0.5030441553429414,0.6640671367944094,0.529351353695559,0.5526770658316705,0.9675926282591722,0.9442669161230606
ARHGEF33,ENSG00000214694,chr2,38879874,38985454,540,0.5586077504643222,0.7964518341209469,0.7660208787646285,0.6111375441703556,0.719996459802068,0.47857528289017803,0.6317145821425663,1.113277331848991,0.9601380325966026
SOS1,ENSG00000115904,chr2,38971548,39134345,811,0.676085502962753,0.7693086892532451,0.7267892864389395,0.7463719160936888,0.7510700398856501,0.648219269161068,0.7239886970350535,0.8184555100808428,0.7426860822068574
CDKL4,ENSG00000205111,chr2,39165645,39239588,495,0.5717629432626989,0.8868381852943306,0.8150760707149677,0.7072205150117685,0.8717443471056732,0.6696020651849052,0.6767711707842776,1.509334430856984,1.5021653252576113
MAP4K3,ENSG00000011566,chr2,39239265,39447301,1119,0.5502783238587303,0.7780247458301704,0.7275833816626047,0.6286378610337627,0.7680217105665819,0.5019465283005351,0.5173277279786128,1.0032428427257791,0.9878616430477014
TMEM178A,ENSG00000152154,chr2,39654981,39727963,523,0.39864311522068685,0.6364023423480722,0.630723524447231,0.3581457170217894,0.5469228023782281,0.2620322009832118,0.3317042897839404,0.7496751578177607,0.6800030690170322
THUMPD2,ENSG00000138050,chr2,39726059,39789267,516,0.4576360401077117,0.44675264986909674,0.29470079024827156,0.468695748435338,0.3422656778964438,0.4273174623411625,0.4027081690383736,0.1646326273626718,0.1892419206654607
SLC8A1,ENSG00000183023,chr2,40087269,40621053,3975,0.37227054969356405,0.47502390358784363,0.43084132524258706,0.4121262678616214,0.47234127499208634,0.27322627364937463,0.2681700425355503,0.3711762744212016,0.37623250553502585
PKDCC,ENSG00000162878,chr2,42038020,42068517,246,0.17172563597489107,0.2858574111915516,0.20483004148925646,0.18398307270214945,0.2601154995476911,0.14794202572325638,0.11936581346364988,0.18873060664401514,0.21730681890362163
EML4,ENSG00000143924,chr2,42159352,42342548,1118,0.34587075917100224,0.6169409843235637,0.470407421430535,0.3440119310834457,0.4583608639664773,0.37418462855649864,0.3840117958060422,0.5853815851872857,0.5755544179377422
COX7A2L,ENSG00000115944,chr2,42323545,42435088,544,0.29186028012597204,0.42722245405586573,0.30539490039638995,0.2851189084107472,0.31800878265020227,0.26897996400477125,0.2550792106003832,0.28827790061581576,0.30217865402020383
KCNG3,ENSG00000171126,chr2,42432016,42503982,413,0.43947020900494815,0.8112653768387605,0.7198616673858166,0.4481275722345374,0.7281501303358962,0.4869072476188284,0.47967320728580753,1.1805061132481862,1.187740153581207
MTA3,ENSG00000057935,chr2,42484568,42766947,1462,0.5524154031288542,0.8334399896147177,0.7606523702201234,0.46616666601424067,0.7036373610828635,0.5832255308401584,0.6019498830501602,1.209174080923723,1.190449728713721
OXER1,ENSG00000162881,chr2,42752480,42774261,129,0.43635711119086334,0.9204791596903876,0.8183337699785883,0.46654022461192707,0.7564968203837142,0.6997431883845008,0.8737412397560105,1.8319929610313537,1.6579949096598439
HAAO,ENSG00000162882,chr2,42757088,42802593,322,0.5424276276911151,0.8100384714666359,0.6622732221944498,0.4918482912542371,0.6469228942380122,0.6786179322939113,0.6484200647353794,0.9823157764332133,1.0125136439917453
ZFP36L2,ENSG00000152518,chr2,43212401,43236606,147,0.3114142042698829,0.5853465059367353,0.5039315822188394,0.33743623278501167,0.4866052746737704,0.2761929974657036,0.31262012516789833,0.6041190641184528,0.5676919364162583
THADA,ENSG00000115970,chr2,43220850,43606038,2317,0.2772141745284725,0.38618667491132874,0.34239592612901143,0.2760824340242503,0.3781647332223173,0.19677725934997584,0.16803105718050934,0.29128716851196196,0.3200333706814285
PLEKHH2,ENSG00000152527,chr2,43627259,43777987,1252,0.35528299188017276,0.40018870664924766,0.3018609126647583,0.35620008735325737,0.29337155633064327,0.29537352966744956,0.3021285947620687,0.2157666546496035,0.2090115895549844
C1GALT1C1L,ENSG00000223658,chr2,43665150,43686429,183,0.3194508289473938,0.26902973805448255,0.1896168846260412,0.4226082144275438,0.28580615812758675,0.24399477122982144,0.263007936777806,0.06938773016312652,0.050374564615142
DYNC2LI1,ENSG00000138036,chr2,43764038,43820010,495,0.30512098911429425,0.4873817766311296,0.35611043274413623,0.30075781575616906,0.3775860314177812,0.2960067007289716,0.275916087928579,0.37221721409894604,0.3923078268993384
ABCG5,ENSG00000138075,chr2,43802471,43848865,338,0.3346882002653494,0.40331967472515373,0.36127809500278546,0.2913259259030636,0.37871066278644705,0.23779356560294915,0.1923874748055796,0.2785802119524151,0.3239863027497847
ABCG8,ENSG00000143921,chr2,43821941,43892988,673,0.32730882456905325,0.45460873798223195,0.3956999940909482,0.3081806316016843,0.45685847477456404,0.24951812813500313,0.1821484292330543,0.3567337018002026,0.42410340070215136
LRPPRC,ENSG00000138095,chr2,43876223,44006226,960,0.3964225881089536,0.4271870131565555,0.3592943530692131,0.45128697075800117,0.3075808274458706,0.30844591472363303,0.39490595725341027,0.24875007630720752,0.16229003377743018
PPM1B,ENSG00000138032,chr2,44157968,44254384,617,0.4899156614341838,0.5758914678483213,0.5173883941813133,0.37733940962043455,0.5028374909686434,0.40120100204712167,0.3163406327301469,0.4565648824024689,0.5414252517194438
RP11-24I5.1,ENSG00000285542,chr2,44158850,44330310,1067,0.512323908840737,0.5650987858339335,0.5241245145228888,0.44691170005239306,0.4702434237986334,0.4040705822917576,0.3947681576123011,0.4285657852625245,0.4378682099419809
SLC3A1,ENSG00000138079,chr2,44265457,44331494,389,0.4735102551471638,0.42433967285887547,0.4558942724490731,0.48721659239898235,0.4267888512890462,0.2925746143617969,0.3318190495807008,0.2596628876961132,0.2204184524772092
PREPL,ENSG00000138078,chr2,44306280,44371862,453,0.4870685027053319,0.446942042749485,0.3848534629807614,0.5038911494178752,0.40324917818314304,0.3870053430407391,0.38849838035128836,0.20528713475610127,0.20379409744555205
CAMKMT,ENSG00000143919,chr2,44351946,44782592,2672,0.5016653096998299,0.5753631908552576,0.5023330449870897,0.45571844516948834,0.4832536170363064,0.42759010511508766,0.40230328204231547,0.4289309370111825,0.45421776008395465
SIX3,ENSG00000138083,chr2,44931701,44956071,151,0.44479870878328037,0.37210345739206446,0.447204575226525,0.37428409168918536,0.39678122576142866,0.230518564123607,0.21438168013149816,0.23486130303179842,0.2509981870239073
SIX2,ENSG00000170577,chr2,44995181,45019452,209,0.48050112103190507,0.4156148737818338,0.40916961168126553,0.3563661981133917,0.37747601089016924,0.33292969169297015,0.2519236406793558,0.2042653591085774,0.28527141012219176
SRBD1,ENSG00000068784,chr2,45378679,45622165,1546,0.4107804150665767,0.41607812350984086,0.3907618928513689,0.399241462960345,0.3847720594468014,0.2856991630813497,0.28089391363402616,0.2522889151542731,0.2570941646015966
PRKCE,ENSG00000171132,chr2,45641344,46197990,4113,0.4398127483480404,0.5137580648269947,0.4566777931746592,0.408391952223538,0.4223816639077334,0.34524019542482787,0.3485589840918579,0.3758087745246555,0.3724899858576253
EPAS1,ENSG00000116016,chr2,46283666,46396697,954,0.4266239205684043,0.6451786904422101,0.6182526310345553,0.36984342604794423,0.571425023410583,0.3146790930605482,0.3253191741347356,0.7214618765293398,0.7108217954551523
TMEM247,ENSG00000284701,chr2,46469564,46494425,189,0.2728665987783571,0.594206958806768,0.5363905493107033,0.24952500028344496,0.5283145155060103,0.22592227030428053,0.21875903907753258,0.6759897297987956,0.6831529610255436
ATP6V1E2,ENSG00000250565,chr2,46480749,46552577,465,0.4082747335302132,0.6010191271271155,0.5592195764553236,0.37953632218723937,0.514918431195953,0.3121730981508144,0.33634589741755594,0.6066687027524493,0.5824959034857077
RHOQ,ENSG00000119729,chr2,46531805,46594688,297,0.38588989670440393,0.5894565925151624,0.5410566561035796,0.3563338893109405,0.554993354415876,0.29951307399320887,0.26059134933929684,0.5907605387274282,0.6296822633813404
PIGF,ENSG00000151665,chr2,46570936,46627055,300,0.31264700646993,0.4347924327712257,0.4198328514158124,0.29487159956555953,0.4420697578507041,0.20051525491417516,0.16820813283387898,0.37004698476127396,0.4023541068415702
CRIPT,ENSG00000119878,chr2,46606415,46640176,207,0.2851214424361316,0.49283318131144216,0.27536614878960736,0.2887232575683465,0.2574660476718404,0.34623455716417345,0.36096115565196674,0.33268074140168946,0.3179541429138963
SOCS5,ENSG00000171150,chr2,46688951,46790245,748,0.34957841399243694,0.6390344036374572,0.531430433306236,0.37655878102595675,0.6036366226038317,0.3455182292098292,0.2830247757697646,0.6734543969156341,0.7359478503556987
MCFD2,ENSG00000180398,chr2,46891869,46951855,447,0.38585274743282016,0.38081105674306803,0.24831113269819424,0.3563335251380749,0.28612509367688743,0.34071629349355625,0.2914359316762508,0.1386285198696955,0.18790888168700093
TTC7A,ENSG00000068724,chr2,46906156,47086137,1459,0.3819303067195707,0.44980612375303514,0.45963206551752744,0.35629253853838555,0.4453420571467418,0.23156680244777095,0.22429589732571498,0.36591775815496813,0.37318866327702416
STPG4,ENSG00000239605,chr2,47035537,47165308,1067,0.5110289260549549,0.4824739290927798,0.497896775881842,0.48377332702115755,0.4619916102060854,0.3425988832976556,0.35001178662917914,0.3160964932492377,0.3086835899177142
RP11-761B3.1,ENSG00000273269,chr2,47055940,47186511,1028,0.5316333382424216,0.5018303952809259,0.49543686014896554,0.5439542856594409,0.5035111813030742,0.3856281095178695,0.3908912979805623,0.31118657869595184,0.305923390233259
CALM2,ENSG00000143933,chr2,47150082,47186921,230,0.5232892985011924,0.5277309673516091,0.5191479802137833,0.5684612330126733,0.6262945802733026,0.37942811593251957,0.3031584808750882,0.3707783554189276,0.44704799047635896
EPCAM,ENSG00000119888,chr2,47335157,47397601,409,0.3486805107538092,0.2653121779762294,0.2647736573951187,0.33266083893576764,0.239614336426615,0.21474385707465898,0.21941847727092847,0.09356574485924846,0.08889112466297897
MSH2,ENSG00000095002,chr2,47393066,47673146,1686,0.43890205105763486,0.359201757159828,0.27375692815740943,0.39287993008711963,0.20115638735464042,0.3515149532638818,0.35973962143510596,0.09352567210242851,0.08530100393120438
KCNK12,ENSG00000184261,chr2,47499289,47580985,435,0.4258664036958445,0.3408543739291912,0.2636353346297965,0.35788410086942735,0.16234195085470146,0.3328370691881261,0.3413259670831117,0.08397371932348158,0.07548482142849602
MSH6,ENSG00000116062,chr2,47685529,47820063,811,0.369830182564434,0.49321745525321947,0.5153197115611997,0.33373610057285064,0.49511419124380157,0.20858670657454953,0.20115985910573186,0.4710865666477071,0.4785134141165249
FBXO11,ENSG00000138081,chr2,47779315,47916498,741,0.3505355836873127,0.5036016359465635,0.5353879997641776,0.26238118329162025,0.4466398595289586,0.18271556106332543,0.2064791883916725,0.5176609602153927,0.4938973328870455
FOXN2,ENSG00000170802,chr2,48304636,48389295,472,0.25614805190564505,0.47002792565292567,0.4081414412315924,0.2132738026495216,0.39171101690115984,0.20317831426980604,0.1888503764223206,0.43175264946550607,0.4460805873129915
PPP1R21,ENSG00000162869,chr2,48430597,48525391,608,0.4992991632739267,0.6242213842399397,0.5835718739118999,0.47601049646998345,0.5547176588446691,0.3972300933607266,0.40799599982883766,0.5815250035073438,0.5707590970392327
STON1,ENSG00000243244,chr2,48519382,48608513,590,0.3349589502107201,0.6250652866731472,0.5624273543659136,0.32885901487985214,0.4982114219573953,0.2811986686917115,0.3451015054056751,0.6998046972718541,0.6359018605578906
STON1-GTF2A1L,ENSG00000068781,chr2,48519924,48786517,1838,0.41457809799658074,0.5523964435273834,0.5387489363507096,0.43050839535829016,0.4754186955939652,0.2827285354977534,0.3608518723840157,0.5211188214289024,0.44299548454264026
GTF2A1L,ENSG00000242441,chr2,48607797,48743148,967,0.4716197095689172,0.5616857878704304,0.5409292371623166,0.4919090729932981,0.5135336478630874,0.34210367030344174,0.39066328043955734,0.4827155762045221,0.4341559660684065
RP11-310N16.1,ENSG00000279956,chr2,48622290,48765724,987,0.4544482158477097,0.5504609293995664,0.5564663433822565,0.4952428244486075,0.5156788757801699,0.2962542328837943,0.37910160103770185,0.5032782758295575,0.42043090767565
LHCGR,ENSG00000138039,chr2,48676773,48765730,565,0.4587437690859531,0.5321729497224758,0.4939781300929869,0.47341046208983617,0.45417874958136756,0.3461718501179858,0.3977633821952039,0.4134847519362387,0.3618932198590206
FSHR,ENSG00000170820,chr2,48952156,49164527,1626,0.27369805279437653,0.37213480249700737,0.3028714670424436,0.3298719401440587,0.3307536474667394,0.21221687910228648,0.2320565966414963,0.25321291011070063,0.23337319257149078
NRXN1,ENSG00000179915,chr2,49908502,51235575,9981,0.3689943814165542,0.38579693525959197,0.33201861272681166,0.375981560793558,0.33697706505485137,0.2721876121050131,0.2740296727505799,0.21524206907430665,0.21340000842873982
ASB3,ENSG00000115239,chr2,53522671,53870160,2549,0.33340269649321025,0.3968461183091789,0.3201310378512733,0.3094434299878254,0.31581039400922417,0.2626484387255854,0.24816005329630877,0.24293448256857694,0.25742286799785363
CHAC2,ENSG00000143942,chr2,53757803,53785196,184,0.27247382793091796,0.2942116595760698,0.13139975366117113,0.3212056853032558,0.19166671656298215,0.2628364587456865,0.2615480913544823,0.08560342879179114,0.08689179618299525
ERLEC1,ENSG00000068912,chr2,53777043,53828819,323,0.287623433758238,0.32413618675706396,0.2565836569981195,0.3180692239950423,0.26004685856491966,0.21720663395659986,0.23671119675505542,0.1745570489781032,0.15505248617964756
GPR75,ENSG00000119737,chr2,53842911,53869967,141,0.24002272751876305,0.3356146572691958,0.21887973312027995,0.21833803925199038,0.2832606545131529,0.21816678153069585,0.16109141509352629,0.19072618086653764,0.24780154730370718
PSME4,ENSG00000068878,chr2,53854068,53980993,730,0.2996665886235815,0.39641957522010046,0.30322270931463874,0.2780834706626456,0.3273934769041459,0.24989264696243296,0.21706347955545438,0.2549833364340408,0.2878125038410194
ACYP2,ENSG00000170634,chr2,53960837,54315300,2540,0.35092994921415904,0.3973747390271423,0.3026053569133342,0.28438039533630577,0.3266559155383558,0.2891352693846791,0.22278372721931247,0.21732446381164053,0.28367600597700715
TSPYL6,ENSG00000178021,chr2,54243177,54266229,224,0.40458439686136904,0.3346723561739412,0.30205951517678314,0.26542581740355764,0.2521570228339939,0.2831749208133698,0.2126888533096106,0.12430074136566982,0.194786808869429
C2orf73,ENSG00000177994,chr2,54320033,54393742,553,0.4397007065319888,0.3869958063740591,0.30574861166221884,0.4584561812903064,0.3020287078859846,0.3518732671436254,0.371568745456236,0.13751023477408425,0.1178147564614736
SPTBN1,ENSG00000115306,chr2,54446316,54681446,1564,0.5065792855801798,0.42436638118435877,0.37082595256782136,0.47398282293924326,0.35356594338926944,0.39766481814494464,0.37921061165442727,0.15461908097008847,0.1730732874606058
EML6,ENSG00000214595,chr2,54713498,54982025,2177,0.40878739751630594,0.41961102069264816,0.38461805105113317,0.42455901420554715,0.36551527484084345,0.29206209514592274,0.32086664031046186,0.25199465110543817,0.22319010594089905
RTN4,ENSG00000115310,chr2,54962186,55122621,1077,0.4483954434087478,0.5580499447685122,0.4702554854661663,0.5085762451750374,0.4909097348207976,0.3880609181059466,0.4259384697823062,0.4284974823969869,0.39061993072062734
CLHC1,ENSG00000162994,chr2,55162546,55242563,485,0.44273135499554,0.5959105005545433,0.4701740979109089,0.5167408835593867,0.5270725466671682,0.42780996378442215,0.4422539553108473,0.47830892849060525,0.46386493696418
RPS27A,ENSG00000143947,chr2,55221902,55245853,148,0.5428098470710477,0.698716104217963,0.6471302495585698,0.6026127779225741,0.6626136462202035,0.4703509496996995,0.5180099158292881,0.7293513336883541,0.6816923675587656
MTIF2,ENSG00000085760,chr2,55226594,55279347,309,0.4506392879788406,0.7500551364362212,0.6658154694694806,0.565560020430392,0.7092453870219552,0.44472649890767935,0.4924683949326175,0.9417884322808853,0.8940465362559472
CCDC88A,ENSG00000115355,chr2,55277841,55429895,984,0.40208166421440866,0.6065886662762602,0.5465021500265056,0.5428909150266813,0.6144401289626359,0.32821795498050055,0.38133699591249987,0.6046816087927822,0.5515625678607828
CFAP36,ENSG00000163001,chr2,55509603,55555079,249,0.3782689241338424,0.31091839499176993,0.28488588737387455,0.5118947193991721,0.37750505247236,0.25616502895296483,0.3077999827828408,0.1162305462492263,0.06459559241935042
PPP4R3B,ENSG00000275052,chr2,55537291,55628880,521,0.4175744331436911,0.2918147228751028,0.29796376145304343,0.5292818495296692,0.362766351222624,0.26591657908512434,0.3239632021510729,0.07913294958399747,0.021086326518048926
PNPT1,ENSG00000138035,chr2,55624060,55703863,451,0.519812545786865,0.3521513501206888,0.30606636726574726,0.5957100995950619,0.45934958424633804,0.4011489717518619,0.3623694337022075,0.03294920315961608,0.07172874120927053
EFEMP1,ENSG00000115380,chr2,55855966,55934139,465,0.3331216926942656,0.5230752632487484,0.4508340162986424,0.3014026323549043,0.41326270370885937,0.27309486887376405,0.2829496021660509,0.46730171625790057,0.45744698296561376
CCDC85A,ENSG00000055813,chr2,56173989,56396172,1687,0.34528219634463253,0.4345210003587577,0.350101930474739,0.3422041611745724,0.3778853423438827,0.2813466729102899,0.2571559625043365,0.28873544711814947,0.3129261575241029
VRK2,ENSG00000028116,chr2,57897628,58169920,1549,0.43403120329480827,0.42699501063068357,0.3189057882814276,0.4609862647555939,0.3307407055334391,0.37101127372358855,0.38664568581514097,0.18584958113090455,0.17021516903935213
FANCL,ENSG00000115392,chr2,58149242,58251372,647,0.3584075365306394,0.5119983618881198,0.4487721595797016,0.3518814977271911,0.45533971126394096,0.28281571674832995,0.27176261986683403,0.43462079959965405,0.44567389648114997
BCL11A,ENSG00000119866,chr2,60440519,60564467,561,0.4485807982477608,0.6379695258877165,0.5695809645151233,0.4509253548283945,0.5526027751318451,0.3841454008739895,0.40561966816821166,0.6318814871949179,0.6104072199006958
PAPOLG,ENSG00000115421,chr2,60746252,60812086,293,0.27743535854478635,0.3628250623330511,0.34087070882402426,0.2570962856790073,0.3667333684192262,0.1794119284041824,0.14551807008579776,0.27129910528835677,0.3051929636067414
REL,ENSG00000162924,chr2,60871520,60941612,313,0.29945494865225675,0.2767937831300499,0.2569701826438279,0.3651464144105797,0.24298559331615555,0.19146918585493003,0.2500243798583729,0.1325916877505275,0.07403649374708463
PUS10,ENSG00000162927,chr2,60930221,61028259,430,0.249948613425393,0.1811940979121202,0.15339664529678237,0.34064099879403303,0.2692109983572202,0.1604993940135076,0.15138241942438052,0.03940882299071813,0.048525797579845265
PEX13,ENSG00000162928,chr2,61007224,61061990,191,0.3869984324871142,0.33425864242056685,0.3135230595667542,0.36203429483157346,0.3117651019446297,0.2600295887000715,0.24134985443079887,0.14682444715267,0.1655041814219426
KIAA1841,ENSG00000162929,chr2,61055870,61148034,366,0.3539763291980916,0.29528822345382855,0.15213213088495464,0.4131492720432991,0.28729428484903713,0.31092752553296343,0.272132244926479,0.03903886182377292,0.07783414243025738
C2orf74,ENSG00000237651,chr2,61135067,61174828,142,0.2682335618730329,0.2813291092190175,0.18335129595508035,0.26881666277037986,0.3375774612326141,0.22004969403040792,0.11579557735504914,0.11030206389813788,0.21455618057349665
USP34,ENSG00000115464,chr2,61177462,61481087,1377,0.4243733256714423,0.5165699538170653,0.47004912820338657,0.35961215279924724,0.4321676860770129,0.3220868242540499,0.3033004029074702,0.4047618324471221,0.42354825379370176
XPO1,ENSG00000082898,chr2,61466031,61548741,367,0.4312961168685775,0.21625447665247124,0.26896553469145057,0.4997905398190089,0.33419705251813514,0.2473858116591592,0.2648188599680298,0.0,0.0
FAM161A,ENSG00000170264,chr2,61814847,61864143,289,0.5202563067396488,0.6159170778540523,0.5612325119773092,0.5144777722823306,0.5557345758129997,0.4338072252158101,0.4340469614155167,0.5230895814025471,0.5228498452028405
CCT4,ENSG00000115484,chr2,61858084,61898671,235,0.5031175305789393,0.6181375576835114,0.531474058675209,0.5288910143646739,0.5109574393398535,0.45196639347576745,0.5000274482101874,0.5107284403988173,0.4626673856643973
COMMD1,ENSG00000173163,chr2,61878723,62157247,1382,0.42447011241306976,0.4099163712504008,0.4606794921151633,0.40776509525222476,0.4070960646174165,0.23125493844813816,0.26431002097457507,0.2962360700355262,0.26318098750908947
B3GNT2,ENSG00000170340,chr2,62186114,62234731,281,0.31784866943327234,0.2915393182570706,0.287533164192252,0.28765045636184944,0.24811617436943426,0.19407127786522543,0.19933690913151952,0.15058943859605037,0.1453238073297563
TMEM17,ENSG00000186889,chr2,62490217,62521894,190,0.4747146607541134,0.4329007537281836,0.3815919386089336,0.4678217461328995,0.35756990731239097,0.3652139339277213,0.37775023093455473,0.20200701912751146,0.189470722120678
EHBP1,ENSG00000115504,chr2,62663850,63056487,1297,0.40870858209703786,0.6434439505444868,0.5986640297616163,0.3785769540844562,0.5365549459317744,0.3218768743890165,0.3689697894665811,0.7093869556226803,0.6622940405451156
OTX1,ENSG00000115507,chr2,63040056,63067836,69,0.366774345280607,0.6860899071290847,0.6742745458450491,0.2970430227258304,0.6280459859779822,0.24693834036017293,0.26106159987012273,0.9117103221500994,0.8975870626401495
WDPCP,ENSG00000143951,chr2,63109558,63837843,2826,0.6162708196655508,0.8289136954481774,0.7199420549329687,0.5213805980232765,0.6689701814074629,0.7253233145079871,0.6984449444221735,1.040263830310793,1.0671422003966062
MDH1,ENSG00000014641,chr2,63578608,63617197,133,0.7248038717117389,0.8803649136918978,0.7854423473031031,0.6144482390325073,0.7245571265139894,0.937201779431831,0.8935069571735812,1.186107337276396,1.2298021595346458
UGP2,ENSG00000169764,chr2,63830951,63901562,335,0.5744635326653434,0.7703524276233761,0.6884049678551973,0.5522169368873829,0.6639358481741747,0.5797815805241513,0.5921013140081841,0.8914278587125597,0.8791081252285269
VPS54,ENSG00000143952,chr2,63882145,64029428,733,0.37254518618802424,0.47020549893098906,0.35733299223129317,0.43742912900816794,0.4334457730764248,0.32961057008359385,0.3211608805257031,0.30565551137262864,0.3141052009305196
PELI1,ENSG00000197329,chr2,64082651,64154420,390,0.3324955811652351,0.7254117586197979,0.6527978173074559,0.2571282960509265,0.6094250147319105,0.319421933280568,0.3247896126274724,0.9730606741869352,0.9676929948400309
LGALSL,ENSG00000119862,chr2,64443968,64471381,144,0.5797122432745063,0.6347621265346676,0.5899513636398807,0.47902120816748767,0.599123813209138,0.4912712978681237,0.37257485689279013,0.5159351316768428,0.6346315726521765
AFTPH,ENSG00000119844,chr2,64514304,64603005,538,0.3588915780055181,0.5219151810743816,0.44224881777649955,0.3357477808099704,0.3762842468835705,0.29934074101344393,0.3374999659930443,0.4386263757677345,0.4004671507881342
SERTAD2,ENSG00000179833,chr2,64621620,64761005,694,0.5805981437395058,0.8138425926868262,0.7546058792517902,0.6154939865163703,0.7544913825859064,0.5725993584955179,0.6162676534050139,1.1085633287856684,1.0648950338761727
SLC1A4,ENSG00000115902,chr2,64978476,65033865,342,0.18938873220206126,0.2171905373365459,0.23648346912684848,0.2079257533967932,0.1718279136883788,0.09250605825358688,0.14471589433796006,0.15235989705351055,0.10015006096913737
CEP68,ENSG00000011523,chr2,65046365,65097004,317,0.27191254785617125,0.4782097809099925,0.44358208757410383,0.2995203929226774,0.5180029587592614,0.19079406821145162,0.13833118656933768,0.4596955828010262,0.5121584644431401
RAB1A,ENSG00000138069,chr2,65060695,65140331,445,0.4797061509433319,0.5149360244518411,0.40917363166093,0.5200361765927588,0.5103211179415817,0.4253014616657604,0.3717567943864286,0.29817302673131496,0.3517176940106468
ACTR2,ENSG00000138071,chr2,65217787,65281253,426,0.3811696672573527,0.4736769242442308,0.4322498702751987,0.4177478949577206,0.43394428537452484,0.2778451578281957,0.3068145136544799,0.36399488450406403,0.33502552867777974
SPRED2,ENSG00000198369,chr2,65300850,65442637,895,0.4460793471725303,0.5204607812504173,0.4322904632893152,0.38981685574036595,0.4267359061393153,0.3797590277108515,0.33625847790200974,0.3551705693653083,0.39867111917415005
MEIS1,ENSG00000143995,chr2,66423451,66583869,785,0.42625009252958734,0.5705978624714192,0.5418662103569062,0.4347908705609758,0.5403565703739829,0.31016453704249713,0.31930832412781524,0.5351968785646832,0.5260530914793651
ETAA1,ENSG00000143971,chr2,67387321,67422089,179,0.6086123480482084,0.5572062846045583,0.3656862891922129,0.6075799729384915,0.5057446797188061,0.6487482045635582,0.5226853668574847,0.16590306655870646,0.29196590426478
C1D,ENSG00000197223,chr2,68031129,68120948,413,0.29431087320271093,0.6864902235600016,0.6031402583044375,0.24894670435883148,0.618085510863041,0.2921664235806787,0.24182242611046906,0.8677583109981373,0.9181023084683468
WDR92,ENSG00000243667,chr2,68112935,68167549,303,0.5233714301200276,0.7625319002198468,0.678564330174524,0.45055629235243727,0.6197527220254493,0.5218909514907982,0.5348187140539384,0.9158310297530852,0.9029032671899451
RP11-474G23.1,ENSG00000273398,chr2,68121237,68271230,815,0.5774768834880423,0.775744675503239,0.6788519947700223,0.47571734442792274,0.6475099201574852,0.610313984080859,0.5489807781989066,0.8846560506689468,0.9459892565508993
PNO1,ENSG00000115946,chr2,68147887,68186238,200,0.5173085718416927,0.7979070210014808,0.7022543463902294,0.4684245222807827,0.6225448701394821,0.5579447108484457,0.6283169495800394,1.0410826845625092,0.9707104458309156
PPP3R1,ENSG00000221823,chr2,68168856,68266237,540,0.5673603833562006,0.8310310763602103,0.6940750204672125,0.5023368767792751,0.6623259429192893,0.7157376421983722,0.6950990890426313,1.0623028225576148,1.0829413757133557
CNRIP1,ENSG00000119865,chr2,68274170,68330051,366,0.4188639642095576,0.6852316341048685,0.6305293732624393,0.31262479020626094,0.631220356053734,0.35150231470391996,0.2666186258843088,0.8044159423169994,0.8892996311366107
PLEK,ENSG00000115956,chr2,68355281,68407453,442,0.4439053546968503,0.602274843167723,0.5481159221948945,0.3608102402271542,0.5299302965114455,0.3572406248723684,0.30733684401346456,0.5647534480951361,0.6146572289540398
FBXO48,ENSG00000204923,chr2,68449421,68477294,144,0.1149983887429081,0.10223058167885754,0.0012163912228805164,0.1418040340135055,0.024452853149778474,0.11439534892087208,0.11800401699092963,0.0,0.0
APLF,ENSG00000169621,chr2,68457571,68665862,1038,0.2798052152684699,0.44706892662398784,0.4004324753232431,0.27147600495507124,0.4325440373953498,0.20460440992236006,0.1713322556069375,0.3879175165788451,0.4211896708942677
PROKR1,ENSG00000169618,chr2,68633578,68668251,232,0.3232317695824352,0.46123356464012466,0.3714059332006496,0.2339461195594265,0.47243745056706954,0.27231497540414346,0.12274402986899857,0.3461581561569028,0.49572910169204776
ARHGAP25,ENSG00000163219,chr2,68669600,68836833,1311,0.4080611253780252,0.5441954620757898,0.43504113676077727,0.42119198908972666,0.463908644748603,0.36952037455476944,0.3545124782517274,0.416170831710517,0.4311787280135589
BMP10,ENSG00000163217,chr2,68850908,68881397,186,0.4852986355852223,0.31302276805481116,0.30580106636465315,0.4183208650986521,0.23487655931937987,0.3373129191772795,0.32478616432967955,0.0381412094050711,0.05066796425267106
GKN2,ENSG00000183607,chr2,68935231,68962893,216,0.4476528850294056,0.8605738992234965,0.804901330667238,0.5831367298366966,0.8208847336729336,0.4647746543385084,0.5627459137225365,1.5054459072834987,1.4074746478994704
GKN1,ENSG00000169605,chr2,68964572,68990980,310,0.15289548126283234,0.2912094622142771,0.41213676762004703,0.12654592886387642,0.35404622722322415,0.0,0.02123381176727615,0.3547624961697382,0.3229614176382056
ANTXR1,ENSG00000169604,chr2,69003175,69259327,1784,0.41186800017914443,0.46449062855412176,0.4521837018141227,0.39756066179076605,0.47029045430838406,0.2767627425728571,0.24793937069173744,0.3477741463088204,0.37659751818994
GFPT1,ENSG00000198380,chr2,69309779,69397250,456,0.4677370487592154,0.6949394795355882,0.5660334545676511,0.47391399095509373,0.46702698887557753,0.4915374523491544,0.600125583368216,0.6957076419575836,0.5871195109385222
NFU1,ENSG00000169599,chr2,69386112,69447628,309,0.5165629426811874,0.6895855361629485,0.4892030408493004,0.4679952122038789,0.47277986608816247,0.6124489701512925,0.5804062890797504,0.5573979241942251,0.5894406052657671
AAK1,ENSG00000115977,chr2,69447996,69684349,1400,0.3272736963335694,0.2949884817358511,0.25430309245270094,0.3102819225115487,0.18902788648493582,0.22626089996873716,0.255745937903864,0.12328023837126256,0.09379520043613576
ANXA4,ENSG00000196975,chr2,69634424,69837112,1339,0.3003347008764013,0.25314926077515154,0.22154178974461203,0.25709649821956115,0.16898809371846032,0.19930158042815452,0.20198394501712527,0.0925883470079206,0.08990598241894987
GMCL1,ENSG00000087338,chr2,69819659,69891384,376,0.355104211752277,0.20924154394486982,0.15130762925519722,0.30609385515854926,0.09760440757872257,0.2546853827985285,0.24873950310239626,0.0,0.0
SNRNP27,ENSG00000124380,chr2,69883955,69915575,133,0.44953406444623945,0.3665355594080801,0.17744511732214732,0.3820633801106955,0.08219653251607913,0.42910077219351767,0.4260743985330226,0.02745064026518701,0.03047701392568211
MXD1,ENSG00000059728,chr2,69887687,69952945,335,0.4342294418687438,0.35702496120542954,0.22105533830648108,0.38467014893145973,0.10616128731456743,0.38070037972478926,0.40750812810874054,0.0609489956883722,0.03414124730442092
ASPRV1,ENSG00000244617,chr2,69950088,69971631,107,0.3070759221049144,0.2780489661607976,0.07128707030652755,0.3131793933194617,0.13978140671209982,0.3093386030589177,0.27545568263592124,0.016459359497594445,0.05034227992059087
PCBP1,ENSG00000169564,chr2,70077476,70099203,102,0.26097191872777625,0.31755055204525223,0.036166488943250454,0.36277128617152227,0.019510085816289574,0.32382473883900215,0.40649527162667526,0.05824208475803119,0.0
C2orf42,ENSG00000115998,chr2,70139884,70258615,648,0.29950283977665676,0.4074825385109553,0.09701582217548602,0.28955400861256747,0.1515465964051108,0.3886448275866332,0.35044858639182375,0.13473010795288912,0.17292634914769855
TIA1,ENSG00000116001,chr2,70199443,70258660,326,0.23685689886045477,0.1686466731535539,0.21000872713346783,0.2569986545712352,0.21726422718911986,0.10963836290944913,0.11839886018943967,0.07506202885443017,0.0663015315744396
PCYOX1,ENSG00000116005,chr2,70247385,70291185,185,0.4732516269723891,0.731630876102265,0.6440503036584448,0.41842266271163175,0.6575268177188737,0.4617291863085822,0.3929206567780815,0.853662731832206,0.9224712613627066
SNRPG,ENSG00000143977,chr2,70271361,70303740,160,0.41187883345010046,0.582403583092763,0.542389082657851,0.38293233095742973,0.5085264701321395,0.31116306401576144,0.3228346063932975,0.5620767586377331,0.5504052162601972
FAM136A,ENSG00000035141,chr2,70285974,70312090,158,0.3006147492941031,0.404782474067193,0.3203229579855584,0.25060866792076353,0.3060027465824568,0.24512218083572485,0.2210175167603388,0.27370616960941424,0.2978108336848003
TGFA,ENSG00000163235,chr2,70437283,70564193,961,0.2873281839156212,0.6664020459794358,0.5541797024660233,0.26301580872887836,0.5411052449792326,0.3143568317965852,0.31203659578568377,0.7834619097516492,0.7857821457625506
ADD2,ENSG00000075340,chr2,70597617,70778225,1257,0.30238699324669915,0.3505679400671077,0.29174012567024904,0.29995173810017156,0.2830407603054139,0.22340180752420508,0.22776338216471229,0.2082552444631281,0.20389366982262086
FIGLA,ENSG00000183733,chr2,70767309,70800643,244,0.4099322094266006,0.5554384188695815,0.4041991842678638,0.4083598754186989,0.42306998172943755,0.4101678366187729,0.39274455734247604,0.4004988567793023,0.4179221360555992
CLEC4F,ENSG00000152672,chr2,70798642,70830599,308,0.5522971930269629,0.3557389344260614,0.2739705868725465,0.5819526711805704,0.24516083328486465,0.4615560733299044,0.5152806515392797,0.0,0.0
CD207,ENSG00000116031,chr2,70820210,70845816,246,0.34928492585550014,0.2144204479083965,0.2318596508925164,0.35821405648377636,0.26056954811707655,0.20361707054323772,0.19147947706967747,0.0377164801340229,0.04985407360758318
VAX2,ENSG00000116035,chr2,70890575,70975373,594,0.476766702304517,0.44698986445781436,0.39401514558337253,0.4450869252054751,0.31528948696584447,0.3696032509423188,0.40128180504118327,0.22277569839939443,0.19109714430053004
ATP6V1B1,ENSG00000116039,chr2,70925899,70975431,367,0.3467872345261482,0.39081023673149423,0.30585705248490996,0.31184717936136025,0.3343851032574728,0.27820023666282473,0.23116289777883722,0.21742522500398853,0.26446256388797607
AC007040.11,ENSG00000258881,chr2,70929317,71005336,524,0.3151066906066975,0.3390122555959208,0.34347931683645566,0.2968655973738543,0.3228588902222365,0.1858555526599155,0.18817580375046739,0.22816442763473738,0.22584417654418554
ANKRD53,ENSG00000144031,chr2,70968379,70995499,208,0.3766178269818577,0.36623059092496746,0.33291738236543306,0.3652567131761762,0.3465662703458878,0.26191211550213395,0.24254528697045624,0.19415798328414907,0.21352481181582672
TEX261,ENSG00000144043,chr2,70975941,71004873,169,0.42566909670403086,0.3990006295069114,0.41170062237800475,0.2756554279800613,0.302965308993945,0.26659581951510003,0.2353646829589568,0.24256557236484289,0.2737967089209862
NAGK,ENSG00000124357,chr2,71054343,71089808,238,0.26090361352115066,0.3942721368079641,0.36553032113755207,0.2651079647022104,0.36760342369121324,0.1743428111405911,0.17555877912880358,0.3269816532748534,0.32576568528664096
MCEE,ENSG00000124370,chr2,71099683,71140239,279,0.2801957333075722,0.5467176419140682,0.45008552147595343,0.3136389094505158,0.5211940294361183,0.26101174497457685,0.2155658118960575,0.53022829566671,0.5756742287452292
MPHOSPH10,ENSG00000124383,chr2,71120631,71160101,280,0.3417590029113958,0.5390884604744708,0.4898447860422538,0.3944496427095294,0.4533272586303384,0.2598465209479075,0.33613088049302875,0.5147026216814394,0.4384182621363181
PAIP2B,ENSG00000124374,chr2,71172737,71237103,401,0.3832435440113866,0.4666276133079623,0.4004513593719085,0.4203793198579536,0.4358450042789864,0.3001191602236591,0.30074528803643275,0.3284162768319673,0.3277901490191937
ZNF638,ENSG00000075292,chr2,71266560,71445069,1100,0.5173052963587134,0.4275086827067777,0.38564138058399966,0.6043212129853456,0.4677165845863587,0.39947608403900114,0.42716552750009756,0.15828162592979927,0.1305921824687028
DYSF,ENSG00000135636,chr2,71443560,71696763,1917,0.3821285640297835,0.4096572913043002,0.37741266727929274,0.4251080156510357,0.3698167343707608,0.26732777857100454,0.3094402767920283,0.2597242699504122,0.21761177172938834
CYP26B1,ENSG00000003137,chr2,72119237,72157862,282,0.3454937167934017,0.39099001145853185,0.3228309264903912,0.35425423274492623,0.35694372046741196,0.26498020279232576,0.2458734897882036,0.23094040706849342,0.25004712007261565
EXOC6B,ENSG00000144036,chr2,72165983,72836041,3273,0.4981217525267665,0.45604425611298466,0.4165448951622697,0.4534346524426184,0.387695378687952,0.37974867041863125,0.36123170968252516,0.22913871816577897,0.24765567890188517
SPR,ENSG00000116096,chr2,72877381,72902158,115,0.6693506613708906,0.5237338955258842,0.6710738528799589,0.6217296373414782,0.6537945941452161,0.3682766863839102,0.32660080515709167,0.37350185156028903,0.4151777327871076
EMX1,ENSG00000135638,chr2,72906259,72946071,192,0.41965705278964055,0.42101493795928197,0.32747113516623105,0.314106316829702,0.32486859251233546,0.346952208237426,0.2653316580485905,0.19952639308878284,0.2811469432776186
SFXN5,ENSG00000144040,chr2,72932035,73085619,776,0.33200695213848314,0.3866408820292022,0.3380094320938566,0.29086815697845403,0.3684351546431784,0.23988910981557,0.18648191668962752,0.24891556794552958,0.30232276107147216
RAB11FIP5,ENSG00000135631,chr2,73063381,73166721,521,0.3407348139871929,0.4173717895454843,0.3245991586489345,0.34454237073722066,0.33030240220309554,0.2821932536903212,0.2808493077969727,0.2580127602866681,0.2593567061800166
NOTO,ENSG00000214513,chr2,73192573,73222513,141,0.2959138002269334,0.5388910881756916,0.32512806695086777,0.31402683154424876,0.27080422045871205,0.36587158258813757,0.4176123768573128,0.40824943005449366,0.35650863578531844
SMYD5,ENSG00000135632,chr2,73204221,73237221,161,0.18907662749310306,0.5000881067730597,0.3800911139446215,0.26000712984517543,0.3158048443539253,0.21236117722079922,0.30746302530376846,0.4809622324126966,0.38586038432972736
PRADC1,ENSG00000135617,chr2,73218009,73243239,126,0.13394722016543653,0.5591426579072926,0.2640664903215786,0.2294884539644616,0.30174585430436285,0.32811393216370155,0.36028122274562074,0.4909200110230222,0.4587527204411029
CCT7,ENSG00000135624,chr2,73223419,73263021,219,0.2505867012291252,0.5095543531491501,0.4475281379017731,0.3125474025407089,0.4910264374956858,0.2037763447552316,0.2059220074778847,0.5086644730825591,0.5065188103599061
FBXO41,ENSG00000163013,chr2,73244681,73294478,203,0.25019068616372087,0.3050559545953829,0.1782204445731306,0.2585102270411939,0.2467606431482438,0.22778859961276904,0.18982281301394807,0.1361353472548808,0.17410113385370174
EGR4,ENSG00000135625,chr2,73280928,73303701,93,0.31679787185642516,0.44545564264505205,0.36235940754059964,0.37698495677219074,0.4673361376481351,0.2602962563183042,0.21646419410273315,0.3293122238430158,0.37314428605858674
ALMS1,ENSG00000116127,chr2,73375757,73635166,0,,,,,,,,,
NAT8,ENSG00000144035,chr2,73630722,73652422,56,0.596156002936316,0.7575400353163249,0.46767498259109946,0.7552551935311791,0.6472404038827098,0.8465721282961927,0.8912447044865409,0.5703465480258731,0.5256739718355247
TPRKB,ENSG00000144034,chr2,73719103,73747400,62,0.548456524935894,0.7223185173095406,0.5546088212195875,0.6976142000045937,0.6428992287755453,0.6337809294172372,0.7237974483238522,0.6474996384604434,0.5574831195538286
DUSP11,ENSG00000144048,chr2,73752183,73790157,165,0.43000517306479974,0.6087082410172028,0.5633226599448125,0.5150286955595893,0.5351051123936773,0.3359345477332795,0.44801170969508564,0.6023672628655714,0.49029010090376535
C2orf78,ENSG00000187833,chr2,73774188,73827147,139,0.4010578506783489,0.5953562726570392,0.5584236294845124,0.5384412553828436,0.5305989625369163,0.29996712732208547,0.46079822087484,0.604781157276866,0.44395006372411155
STAMBP,ENSG00000124356,chr2,73818915,73883659,328,0.24736848423807808,0.2626305988159203,0.13777197592362453,0.27534052610051407,0.1284813882235668,0.22030515061678252,0.2446008285025711,0.08436113897268108,0.06006546108689251
ACTG2,ENSG00000163017,chr2,73882313,73929865,386,0.4154107948176934,0.5458742760049825,0.428477954695226,0.4482172217938554,0.3970693980689408,0.3833874319648771,0.4390144225939951,0.4059937622134323,0.35036677158431434
DGUOK,ENSG00000114956,chr2,73916825,73968961,317,0.384068892152596,0.2377790877480756,0.3179062494696307,0.45012077220526187,0.36517049878418656,0.18677542368380118,0.20758832337539274,0.08474343053602551,0.06393053084443395
TET3,ENSG00000187605,chr2,73974909,74118176,806,0.31375683289757783,0.374798175438015,0.36462884658427847,0.2505658825652253,0.3011941342526669,0.1963290239370144,0.19986766133493117,0.2733517381367604,0.26981310073884357
BOLA3,ENSG00000163170,chr2,74125399,74157912,214,0.2727244106776041,0.4424117795770557,0.35327001356852095,0.24635266710977974,0.39337582749688194,0.23337896891973017,0.1835597292770443,0.35075557633611093,0.40057481597879674
MOB1A,ENSG00000114978,chr2,74142527,74188898,289,0.31051929968040115,0.47105310158336444,0.32607228847830344,0.36079085139417555,0.37137812184201086,0.3070256897226801,0.31008272731327613,0.329841543504635,0.32678450591403896
MTHFD2,ENSG00000065911,chr2,74176171,74227565,316,0.28015500481286376,0.427841053287293,0.35559560371555865,0.3015640880858272,0.3777316225927023,0.2238145082675618,0.2214332492385756,0.33452393906759037,0.3369051980965765
RP11-287D1.3,ENSG00000264324,chr2,74201603,74373377,856,0.35930477968163577,0.43450860184886936,0.3391095915264979,0.3664656380945465,0.3390422349555404,0.3005471778065769,0.30621794860015994,0.2695130167852411,0.26384224599165784
SLC4A5,ENSG00000188687,chr2,74206241,74353414,736,0.3412457728548618,0.43314068178772935,0.3575763011377924,0.35875884175404477,0.3508902914089457,0.271270829198476,0.2899201294598386,0.2963732928695244,0.27772399260816183
DCTN1,ENSG00000204843,chr2,74351153,74402087,255,0.1727904227184629,0.1985782122820272,0.11524982495446391,0.21866224900513961,0.14405694378845466,0.1443075647569305,0.15628211443735923,0.07706032932263074,0.06508577964220202
RP11-523H20.5,ENSG00000159239,chr2,74383835,74431662,205,0.1901677725614693,0.16278218102258413,0.14876771704499486,0.15309217249131415,0.16255170282675194,0.11376447465005868,0.08321933263504355,0.06390652997166602,0.09445167198668113
C2orf81,ENSG00000284308,chr2,74404175,74431619,103,0.2885879891312898,0.18681186962284074,0.13110326802273164,0.30435677859911225,0.16492519844225495,0.203382666731751,0.19473859054728965,0.003410126794112789,0.012054202978574124
WDR54,ENSG00000005448,chr2,74411677,74435755,82,0.22385915125657727,0.31503367003367,0.18674488029302078,0.24368366914745573,0.17365927051157076,0.212548223068262,0.23346653672138076,0.1658373721935393,0.14491905854042048
RTKN,ENSG00000114993,chr2,74415834,74452422,135,0.21988982238565624,0.2903080151474951,0.24169129729777764,0.15846831467333103,0.29827835458010254,0.1572898132016985,0.08061868490640137,0.18563441402540073,0.26230554232069786
INO80B,ENSG00000115274,chr2,74445086,74467944,81,0.47342156014171594,0.44064331793922623,0.29472024760258086,0.4003798502827631,0.3660632025678561,0.4365810847970274,0.3183104137944628,0.14438685284611347,0.2626575238486781
INO80B-WBP1,ENSG00000274049,chr2,74445087,74470884,92,0.4438444399448302,0.45795452733505826,0.3109947378438564,0.3752743302147335,0.3673080545206475,0.41330312606609587,0.31253820189878634,0.19910225708983093,0.2998671812571404
WBP1,ENSG00000239779,chr2,74448399,74470891,80,0.41733777617229395,0.4861076289254741,0.3350870555004305,0.4584680714153353,0.3815917178906503,0.3988949546502414,0.3992441461557801,0.2668464755995241,0.2664972840939855
MOGS,ENSG00000115275,chr2,74451056,74475410,94,0.48108219032967825,0.49839760929023535,0.3207390730199703,0.5189270142072502,0.34693581179204186,0.4796036753801426,0.49780197457586445,0.21034384812684925,0.19214554893112729
MRPL53,ENSG00000204822,chr2,74461981,74482687,85,0.4902203694040934,0.5136362452805624,0.34876411347122505,0.5405170422130123,0.45858083254966847,0.482845927275522,0.44244519804104787,0.23795254126658655,0.2783532705010607
CCDC142,ENSG00000135637,chr2,74461985,74493408,127,0.48978328951922495,0.5118452971018719,0.3748463764060757,0.5336417709665934,0.48069788536521396,0.46014238426975834,0.41232733076341244,0.25698052496208695,0.30479557846843286
TTC31,ENSG00000115282,chr2,74473072,74504559,133,0.4641587852858172,0.4970458491161616,0.5640741010373197,0.5768497288708649,0.5901976329496712,0.24044533039033006,0.3276019547023038,0.44681093397097904,0.35965430965900536
LBX2,ENSG00000179528,chr2,74487516,74513316,120,0.4945457212329694,0.5535055422970308,0.5328853866667047,0.6270465398541708,0.5338684724200452,0.3637226784643712,0.5146712468482861,0.4426056130375586,0.29165704465364345
PCGF1,ENSG00000115289,chr2,74495042,74517695,108,0.4617705500696683,0.5031814352454622,0.4779239692393094,0.49997434816112213,0.4600050182994887,0.33452932718279826,0.3882154129882416,0.36500105320970677,0.3113149674042634
TLX2,ENSG00000115297,chr2,74503462,74527148,88,0.5036417809489797,0.45545087786941524,0.41226571963889735,0.5584888254602541,0.4619467441748129,0.38838709264627347,0.4027756696141434,0.21941003291612926,0.20502145594825927
DQX1,ENSG00000144045,chr2,74508130,74536281,98,0.5232878248616404,0.5951299550567141,0.38351005767847807,0.5920519563576564,0.41757757080794206,0.5806591230085494,0.6301226627862644,0.3235300170422314,0.2740664772645165
AUP1,ENSG00000115307,chr2,74516644,74539760,72,0.2678594650673706,0.4033091393751785,0.36437080303391073,0.30097443207199304,0.30393994504994365,0.18749950381744634,0.25605237206684933,0.3288566172868488,0.2603037490374457
HTRA2,ENSG00000115317,chr2,74519724,74543332,74,0.26850784926321997,0.3432276418372675,0.2905382027081224,0.2585825804870185,0.29544734112041804,0.19491898395865093,0.1847085482418514,0.22549882339401583,0.23570925911081536
LOXL3,ENSG00000115318,chr2,74522257,74565690,143,0.20722247128750024,0.30594781850863334,0.2311832436665423,0.25663866585948936,0.29485335276329744,0.16725907314188213,0.15621583947757,0.19794905869120874,0.20899229235552086
DOK1,ENSG00000115325,chr2,74539025,74567551,92,0.15960234452957867,0.17516398033971586,0.29274211263070016,0.138211747100636,0.3077060239531636,0.01004542977417719,0.0,0.18252524667761055,0.2057847921836443
M1AP,ENSG00000159374,chr2,74547882,74658338,492,0.23066006097294417,0.37121004306697486,0.3305138677486079,0.22925128941588643,0.38438074954499707,0.16246776796991766,0.1196121442426833,0.3014902418233974,0.34434586555063174
SEMA4F,ENSG00000135622,chr2,74644227,74693853,246,0.3296760684672279,0.3731249789528881,0.4005239258254183,0.3240745362075193,0.36938871340297497,0.1776515376413964,0.1988074612638765,0.28935654904988617,0.2682006254274061
HK2,ENSG00000159399,chr2,74824126,74903359,526,0.47829087487435684,0.48015256535105316,0.3758634644495519,0.4371425686372541,0.4168737524018643,0.4167394278782117,0.3447986253271947,0.2374804774830297,0.3094212800340467
POLE4,ENSG00000115350,chr2,74948642,74980128,165,0.46851736631223656,0.4382482741232407,0.41757868377583984,0.39664335983140336,0.36917055395316256,0.3341094346882983,0.31061118255988673,0.242585860911341,0.2660841130397525
TACR1,ENSG00000115353,chr2,75036462,75209520,1080,0.3108920141815927,0.3509897131154571,0.3415302192105163,0.33089709236172404,0.3759311396579926,0.19341367706532056,0.18131477803005802,0.23889303497695094,0.2509919340122134
EVA1A,ENSG00000115363,chr2,75459301,75579722,857,0.37247253236987854,0.45390017553634204,0.3662828109439024,0.36600257724130036,0.3178375384248267,0.3073844144846393,0.3390882224046118,0.2975690767757022,0.2658652688557298
MRPL19,ENSG00000115364,chr2,75636782,75700851,453,0.36862980657534017,0.38366100083635857,0.31541514720856106,0.33319774698016263,0.2632478549696784,0.282439187915702,0.29185807343426245,0.20151895558765923,0.19210007006909877
GCFC2,ENSG00000005436,chr2,75641999,75720985,554,0.3698774156172625,0.38394146733548346,0.29749282854275605,0.33233148185512856,0.28209160255080845,0.29657726509820237,0.2784817300533876,0.1878360343053023,0.20593156935011706
LRRTM4,ENSG00000176204,chr2,76737684,77603319,6780,0.3264089169411756,0.470481492760934,0.40912949014462374,0.32203418328148986,0.42227980389471054,0.25238041354862256,0.23788997754421282,0.3834067487100168,0.3978971847144266
REG3G,ENSG00000143954,chr2,79015685,79038505,106,0.23604452806613635,0.6466032519200989,0.5200186069183053,0.2460906683861963,0.6134129041422349,0.2877008775143229,0.1861244988512165,0.7524630434358142,0.8540394220989205
REG1B,ENSG00000172023,chr2,79075022,79098019,0,,,,,,,,,
REG1A,ENSG00000115386,chr2,79110361,79133409,0,,,,,,,,,
REG3A,ENSG00000172016,chr2,79147002,79169753,82,0.21978451578345354,0.27184235825497327,0.13834959045614628,0.25925223572925976,0.08244887219458234,0.20825860052568596,0.2656429243103988,0.10897911284279968,0.051594789058086815
CTNNA2,ENSG00000066032,chr2,79175230,80658861,10484,0.37616460549989217,0.41735856152420014,0.37659635391548846,0.3815887311341459,0.3792105904827351,0.26974549175065676,0.2720107498855264,0.2704378184318985,0.26817256029702896
LRRTM1,ENSG00000162951,chr2,80278350,80314752,181,0.35432283071077986,0.44893492285091186,0.34310215782961745,0.3513035955986983,0.3612259359592236,0.30656562177521335,0.29024418324013435,0.28933674767951556,0.3056581862145946
SUCLG1,ENSG00000163541,chr2,84413527,84470045,333,0.6716081873272248,0.596380345374787,0.6598540383494793,0.774915926684261,0.7271875002477529,0.4712248357810783,0.5497965234716908,0.43605745762880177,0.35748576993818926
DNAH6,ENSG00000115423,chr2,84506454,84829589,2081,0.5670700743051414,0.6319223592618338,0.640735669816207,0.6106156053222312,0.6196075466901605,0.40647195782441914,0.4880489288060606,0.5929894249752377,0.5114124539935961
TRABD2A,ENSG00000186854,chr2,84811649,84917008,599,0.19460389079358398,0.1725962032581445,0.1636778903909372,0.22262634345150836,0.16877926804600726,0.1135710280663362,0.12821834332055693,0.07589140813680448,0.061244092882583784
TMSB10,ENSG00000034510,chr2,84895655,84916671,125,0.28228376326136806,0.16927016559829058,0.0906975324780023,0.3285719637718003,0.08488129122322931,0.21102707745634103,0.24754879885112882,0.0,0.0
KCMF1,ENSG00000176407,chr2,84961092,85069472,446,0.26811214162895536,0.3238027815159981,0.3129972859377822,0.33178544275891375,0.30565468525808465,0.16399072085226402,0.21481529758100099,0.22727978131618634,0.1764552045874494
TCF7L1,ENSG00000152284,chr2,85123391,85320387,1289,0.33219181753936083,0.6075167638024541,0.601212449442786,0.3103347668447133,0.5793707603190518,0.20984464652129975,0.22040346115275627,0.7254168064752099,0.7148579918437534
TGOLN2,ENSG00000152291,chr2,85308019,85338296,188,0.4856793924084351,0.7355273237414762,0.6337414459105213,0.34643306117522715,0.5703597191459022,0.4952550155712935,0.4552603398716768,0.8347623208190708,0.8747569965186874
RETSAT,ENSG00000042445,chr2,85331954,85364531,160,0.418999495749791,0.7275789115838975,0.691894854665123,0.4158635856882425,0.7016631186696316,0.3330478857660605,0.31424753558623053,0.9673584048443804,0.9861587550242106
ELMOD3,ENSG00000115459,chr2,85344393,85401752,299,0.3133643517192936,0.3816060878019595,0.4060587940634205,0.2558627190042544,0.3536084385034368,0.1678030805341978,0.169904771712389,0.31282654566361,0.3107248544854187
CAPG,ENSG00000042493,chr2,85384752,85428432,214,0.21324165747451584,0.2883504036589761,0.28625923803602343,0.22777626686038152,0.23106839045163355,0.12138415346988643,0.16794867108011327,0.21878547521136926,0.17222095760114245
SH2D6,ENSG00000152292,chr2,85408930,85447029,208,0.24047679318692675,0.35364457890442524,0.3188091431719986,0.26166531047906433,0.3006223276846275,0.16377869431727043,0.19109970423711195,0.27262704472544,0.2453060348055985
MAT2A,ENSG00000168906,chr2,85529167,85555281,105,0.3993815070039478,0.5281652342344779,0.4991822568355154,0.39186338489978445,0.4912977801129646,0.28470436503617297,0.286294845132503,0.466422062180775,0.46483158208444497
GGCX,ENSG00000115486,chr2,85534719,85571547,152,0.34305038149339195,0.574916513976979,0.5232491575273418,0.3753638928678411,0.4741546088085925,0.2674281859296125,0.3416538382478039,0.5880415057182408,0.5138158534000492
VAMP8,ENSG00000118640,chr2,85551561,85592031,168,0.24155582209648838,0.5340237012439563,0.48938464903897505,0.2333218666566691,0.5575492936534624,0.18398393769907279,0.10694124883613154,0.5796365694894177,0.6566792583523589
VAMP5,ENSG00000168899,chr2,85574430,85603406,143,0.30305468459645535,0.49544389536940736,0.46202304837575753,0.31103140029759974,0.44478788440536304,0.21259250239854233,0.23411538586415814,0.47148373458741133,0.4499608511217955
RNF181,ENSG00000168894,chr2,85585724,85607708,101,0.14491674744901364,0.5358929313408319,0.4829782418710387,0.28520375426547023,0.5238174706862424,0.13226306266591503,0.1807218582726367,0.6353769392883601,0.5869181436816384
TMEM150A,ENSG00000168890,chr2,85588546,85613196,102,0.20376757874124513,0.5090537605416497,0.4263487723895778,0.24826791766139672,0.49571871735620926,0.19177555681587277,0.15608743750597298,0.5196450923046105,0.5553332116145102
USP39,ENSG00000168883,chr2,85592855,85659283,268,0.2082734219780908,0.422769514001827,0.4178158505491784,0.21617555363690283,0.445643879105132,0.12104216983501775,0.10156792966983419,0.42847146659752283,0.44794570676270634
C2orf68,ENSG00000168887,chr2,85595253,85622066,101,0.24597457803507547,0.4379335668081708,0.4366766556472638,0.3333370430379053,0.4993188221545292,0.14228146557414095,0.1449100740975564,0.4338537619739958,0.43122515345058043
SFTPB,ENSG00000168878,chr2,85647313,85678741,147,0.2275295823578125,0.36545731969516637,0.3964577486261796,0.34188275292922976,0.2931479052051087,0.1040365314850697,0.2631445342143719,0.35081419656101687,0.19170619383171467
GNLY,ENSG00000115523,chr2,85675174,85708852,257,0.25330728069555963,0.19203927404795823,0.1512789586026576,0.23191178807712137,0.135356555605563,0.17065931990543676,0.16582723062579696,0.0425825082319366,0.04741459751157642
ATOH8,ENSG00000168874,chr2,85741343,85801383,446,0.4026577507465151,0.5065003014263829,0.451475081251757,0.45062817872864974,0.4756461497879719,0.3104877546705823,0.3298121458213315,0.3957452762312808,0.3764208850805317
ST3GAL5,ENSG00000115525,chr2,85827119,85915199,528,0.36618487920500303,0.44401945799239706,0.3044172186207936,0.370515425867265,0.2916802374269293,0.34000735297519297,0.35250813364373557,0.2470146287579529,0.23451384808941034
POLR1A,ENSG00000068654,chr2,86010215,86116155,570,0.5338052617392824,0.39752203446135553,0.4280662210103989,0.5424015988571977,0.40174599452767845,0.35556197979544074,0.3873638310170425,0.15114220621074004,0.11934035498913825
PTCD3,ENSG00000132300,chr2,86096222,86152157,273,0.5270371018757506,0.31503992209353743,0.4184199139237761,0.5634612573533038,0.3965304687507199,0.29256323132584194,0.35110657326423333,0.08583149152096164,0.027288149582570254
IMMT,ENSG00000132305,chr2,86133931,86205472,390,0.31432563327433494,0.28134964087447384,0.27506930114184874,0.31405274121531124,0.2546480986115832,0.1930267794061196,0.20671802122215147,0.13735354785646886,0.12366230604043699
MRPL35,ENSG00000132313,chr2,86189354,86223790,199,0.3631430728285037,0.29221754342888706,0.26207932772692527,0.3885605629576479,0.24227049797826053,0.24645489984678542,0.2800645257350748,0.09916359738717753,0.06555397149888809
REEP1,ENSG00000068615,chr2,86203992,86348083,849,0.46840883221233864,0.43345896489392555,0.4204264905842937,0.43013987952902094,0.3823223279357044,0.3273117785468209,0.32439079603268994,0.24089398639279308,0.2438149689069241
KDM3A,ENSG00000115548,chr2,86430646,86502716,370,0.5533036837317823,0.5597627929903014,0.5020674890582779,0.46830856190471254,0.4898981989465609,0.46451357818016525,0.38949429435447286,0.3559280123153265,0.43094729614101895
CHMP3,ENSG00000115561,chr2,86493429,86573479,371,0.4324889242866093,0.4061409733317916,0.3300707089857898,0.43294628023358156,0.3512837291136077,0.3435126109015906,0.32782735786692246,0.1776007057262477,0.19328595876091575
RNF103-CHMP3,ENSG00000249884,chr2,86495667,86731122,1004,0.41802137573087733,0.44822086190951166,0.42528009545384104,0.4125637346268467,0.4340257897078565,0.29102825275768474,0.2786940907870817,0.3035791721684954,0.31591333413909833
RNF103,ENSG00000239305,chr2,86593397,86633866,249,0.387827454098787,0.45258906123681847,0.33462426427308994,0.380128865934292,0.4411665514233338,0.34294660807590294,0.24944768737703693,0.2596088913732988,0.35310781207216474
RMND5A,ENSG00000153561,chr2,86710290,86788041,189,0.4283097039834113,0.6019674916977998,0.47485804385916724,0.4637390374331551,0.5171722562433437,0.4181464061779121,0.4081303183453552,0.5030751917040908,0.5130912795366476
CD8A,ENSG00000153563,chr2,86774609,86818396,204,0.23019904651316464,0.3097222673114598,0.27995069581933063,0.22740612619234296,0.2782543515350407,0.15192447973150294,0.15129025986657677,0.2187367715023961,0.21937099136732224
CD8B,ENSG00000172116,chr2,86805338,86871924,151,0.4003357331805451,0.44676018309601556,0.47706196989297817,0.3314650758677721,0.4419584453389651,0.22752836531878573,0.2056542493981709,0.3644353408591357,0.3863094567797506
RGPD1,ENSG00000187627,chr2,86897952,87023976,0,,,,,,,,,
PLGLB1,ENSG00000183281,chr2,86992558,87031852,0,,,,,,,,,
PLGLB2,ENSG00000125551,chr2,87738086,87769476,0,,,,,,,,,
RGPD2,ENSG00000185304,chr2,87745959,87835952,0,,,,,,,,,
KRCC1,ENSG00000172086,chr2,88017204,88074252,245,0.7093335201223094,0.8571114066526913,0.8375320314842037,0.6283055360189409,0.7669409028214508,0.6819971963750856,0.7394549469047541,1.263692823479277,1.2062350729496083
SMYD1,ENSG00000115593,chr2,88057824,88123384,465,0.45624936300370594,0.6416661002844566,0.5270273254300352,0.3864756324144311,0.4847599857989243,0.443418454478268,0.42585145162504584,0.5828715920099483,0.6004385948631705
FABP1,ENSG00000163586,chr2,88112981,88138062,171,0.3028481370863463,0.4434439872454717,0.4298206690177835,0.2909525503938912,0.3994292369721334,0.19246756038250545,0.20997274362730445,0.39351990109908364,0.37601471785428475
THNSL2,ENSG00000144115,chr2,88160294,88196636,208,0.41630647434929674,0.48074708187297754,0.4069572104121125,0.4462617290611733,0.5118901783956757,0.3356273451665582,0.26460624058641347,0.31973685118680506,0.39075795576694966
FOXI3,ENSG00000214336,chr2,88436786,88462693,130,0.41009851442504613,0.24631832479872168,0.35963198982674116,0.35032745520122033,0.2673208874458874,0.1824363295916556,0.2015122780442836,0.10034885195686172,0.08127290350423377
TEX37,ENSG00000172073,chr2,88514648,88539585,187,0.20179337176365764,0.2592175549764083,0.23851743371332929,0.1752331921081144,0.20764981278920538,0.12647403742789673,0.12997552681803598,0.17357425582542207,0.17007276643528285
EIF2AK3,ENSG00000172071,chr2,88546740,88701518,633,0.37807913668562115,0.4707430309388693,0.44207405680028466,0.3687551535922723,0.38522815032208596,0.26384729064743895,0.3049193038214641,0.37243391060078657,0.33136189742676136
RPIA,ENSG00000153574,chr2,88681672,88760929,423,0.33707196985382065,0.46139440925966374,0.5149988820033743,0.34484057418092445,0.4999740315139696,0.15312824106437284,0.17427657417700199,0.4656434774598348,0.4444951443472057
RP11-407P15.2,ENSG00000259916,chr2,94578521,94614573,0,,,,,,,,,
TEKT4,ENSG00000163060,chr2,94861429,94886823,0,,,,,,,,,
MAL,ENSG00000172005,chr2,95015676,95063992,151,0.5938173383761226,0.8125535957503713,0.77312340841643,0.5696653283452103,0.7741957526435925,0.5459327873857952,0.5146837840469022,1.1283295310490402,1.1595785343879332
MRPS5,ENSG00000144029,chr2,95075368,95159434,169,0.5368529657786012,0.8477825033744831,0.8177292177957703,0.5729925447790019,0.7849274846110289,0.47494685277293225,0.5983093307870185,1.4074980292710781,1.2841355512569919
ZNF514,ENSG00000144026,chr2,95134999,95175413,98,0.5828840581677734,0.7311459047820044,0.7323108681917031,0.5380615044973557,0.6265520896785031,0.4350242868357841,0.5504666095354134,0.8785621566540802,0.7631198339544509
ZNF2,ENSG00000275111,chr2,95155431,95194317,0,,,,,,,,,
AC092835.2,ENSG00000233757,chr2,95197534,95269774,137,0.5883346872272601,0.7671576969017655,0.7644717680299755,0.5640633697494375,0.6989989436005107,0.4495069904820401,0.5435053751726723,1.0078868748113696,0.9138884901207376
PROM2,ENSG00000155066,chr2,95264448,95301308,122,0.5740339074671496,0.7924304064456384,0.6576576583153512,0.5811597220980599,0.7324810130052919,0.6768700461428185,0.5619947496162836,0.8954185587759991,1.010293855302534
KCNIP3,ENSG00000115041,chr2,95287326,95396077,339,0.5580343414244516,0.7929243660025848,0.7022412092792981,0.5662794710718163,0.6918549585963943,0.5898613594621035,0.616420686240205,0.9848098113602515,0.9582504845821498
FAHD2A,ENSG00000115042,chr2,95392707,95426616,38,0.0552814490276995,0.0,0.0,0.10618198657096552,0.0,0.02843411275369824,0.056126544463860104,0.0,0.0
TRIM43B,ENSG00000144010,chr2,95467163,95494731,8,0.05338820346014996,0.6454505762918861,0.6539340251183048,0.43391149092703496,0.5839183878851776,0.015323940487585896,0.3645192531039147,1.0215835841636807,0.672388271547352
TRIM43,ENSG00000144015,chr2,95582000,95609778,0,,,,,,,,,
ANKRD36C,ENSG00000174501,chr2,95826918,96001831,110,0.18686539571704436,0.1649012977812128,0.1841941659684029,0.21332220643513608,0.147887087006258,0.09174253612954636,0.13005282314488248,0.0884628187374989,0.05015253172216276
GPAT2,ENSG00000186281,chr2,96011945,96049451,0,,,,,,,,,
ADRA2B,ENSG00000274286,chr2,96102875,96126571,83,0.5115111458520541,0.6593327104875613,0.579681792448024,0.5080231317453087,0.5021341787396835,0.46327218763921546,0.5443739372147738,0.6135767809346533,0.5324750313590951
ASTL,ENSG00000188886,chr2,96112817,96148502,130,0.3166882866784362,0.40285511479408487,0.34598710821643747,0.3685868329858243,0.3328163899592471,0.23588571289728003,0.28535018105764365,0.27970979334928736,0.2302453251889237
DUSP2,ENSG00000158050,chr2,96133168,96155440,67,0.2443873475465516,0.15718284271787233,0.16988364585667262,0.2595704463875796,0.09728937415082561,0.13252111803283376,0.18458839378066202,0.03848412174887236,0.0
STARD7,ENSG00000084090,chr2,96174858,96218827,150,0.3023408437348073,0.30072401545471866,0.2276067379219276,0.25158111654085297,0.21576923677127427,0.22973647273154768,0.20222513951764148,0.12797331426506262,0.15548464747896876
TMEM127,ENSG00000135956,chr2,96238513,96275997,125,0.3636715869426863,0.4739859685536979,0.34335180350402916,0.16884670172675306,0.3921609906497533,0.33693049677720943,0.16476159909961988,0.30549689406958325,0.47766579174717283
CIAO1,ENSG00000144021,chr2,96256158,96284173,87,0.40542740297053687,0.6424473013236138,0.640799295662183,0.17161298600009114,0.511046465917132,0.26225549649866864,0.25062976403236215,0.766217022328032,0.7778427547943384
SNRNP200,ENSG00000144028,chr2,96264337,96331271,205,0.5228013407138454,0.6720122758908054,0.5907857094181196,0.27638422655240585,0.5422317581408491,0.4805425869030333,0.3284407899190654,0.6342365108917065,0.7863383078756744
ITPRIPL1,ENSG00000198885,chr2,96315316,96340517,71,0.4883793355418708,0.6445895567080157,0.5631693175958674,0.3430129665598477,0.5718682605991139,0.43822209196345363,0.3031243236799085,0.596259887115377,0.7313576553989222
NCAPH,ENSG00000121152,chr2,96325765,96387091,157,0.5359020734532197,0.6684132977317926,0.606259848889642,0.32652197871899147,0.5436350297508389,0.4697307782362781,0.3573517296278072,0.6341351800131589,0.74651422862163
NEURL3,ENSG00000163121,chr2,96487645,96518109,92,0.48359315410599213,0.5878240230477474,0.6487733509952169,0.33052295659228775,0.5105499438832772,0.2504208575965967,0.2865452216386796,0.6358840347045507,0.5997596706624679
ARID5A,ENSG00000196843,chr2,96526742,96562634,123,0.522724841868803,0.6295159552472639,0.6324352981566224,0.548612532727264,0.6164119459442969,0.36587554293043534,0.41509400012669595,0.6270693563380242,0.5778508991417635
KANSL3,ENSG00000114982,chr2,96583169,96652787,170,0.38060512124309953,0.4993932566566882,0.5232119478756145,0.2939337496998556,0.501714265901909,0.2151317435461801,0.17169951662256844,0.4768026860070127,0.5202349129306242
FER1L5,ENSG00000249715,chr2,96632736,96714887,244,0.39113114369698726,0.5004958130007833,0.4874258696628958,0.33967784811311424,0.4552450584317049,0.2609908709141292,0.25087375936838147,0.4331484276337173,0.44326553917946504
LMAN2L,ENSG00000114988,chr2,96695928,96750064,165,0.23592426602096037,0.29514424137261164,0.3002893547855155,0.24800270452185097,0.276195183845995,0.13088103395083914,0.15577556619088773,0.21888106084363998,0.1939865286035914
CNNM4,ENSG00000158158,chr2,96750901,96821874,246,0.42775868337436834,0.37417125442750976,0.4411096739820754,0.38215698698870354,0.36669323996284725,0.2225354936074615,0.24669951575878885,0.24614302107452274,0.22197899892319548
CNNM3,ENSG00000168763,chr2,96806244,96845382,166,0.4423894015952561,0.373725821665258,0.4328446130354309,0.3920314981524007,0.4415246509755788,0.24246973501385427,0.19152721223305275,0.22549728419513387,0.2764398069759354
ANKRD23,ENSG00000163126,chr2,96814525,96867934,213,0.42739500518817397,0.40322125612297216,0.47494893747556394,0.48726727539987563,0.41936896029805576,0.2147541258518872,0.3202848272082268,0.3014547217030296,0.19592402034669004
ANKRD39,ENSG00000213337,chr2,96826610,96868016,170,0.5141564004268885,0.3699995356419261,0.48968570275906353,0.4379584391740972,0.4600614527428407,0.2555873834964364,0.21095712771021352,0.20644733902408624,0.25107759481030895
SEMA4C,ENSG00000168758,chr2,96849717,96880757,129,0.3949428216627515,0.4854725613635091,0.5032095441446179,0.2408684055084219,0.4734573735719868,0.23367587521350697,0.14933177173810314,0.4308305192333864,0.5151746227087901
FAM178B,ENSG00000168754,chr2,96865881,96996580,643,0.38848487882374855,0.5899513605541353,0.5888137180004659,0.547597329114881,0.6184683875742386,0.2472930816926257,0.3605502781401843,0.6441864118326797,0.5309292153851208
FAHD2B,ENSG00000144199,chr2,97073582,97104882,24,0.2807703951684981,0.8587375184509856,0.8682285579653827,0.6396074105447502,0.8521076500306272,0.1300119120560177,0.5332131142109182,1.8271236358547462,1.4239224336998455
ANKRD36,ENSG00000135976,chr2,97103152,97274521,0,,,,,,,,,
ANKRD36B,ENSG00000196912,chr2,97482662,97599965,0,,,,,,,,,
COX5B,ENSG00000135940,chr2,97636061,97658383,0,,,,,,,,,
ACTR1B,ENSG00000115073,chr2,97645938,97674044,0,,,,,,,,,
C2orf92,ENSG00000228486,chr2,97654216,97713064,0,,,,,,,,,
ZAP70,ENSG00000115085,chr2,97703575,97749862,143,0.23676498682490135,0.2673502564789763,0.21995699372134792,0.2720651765540962,0.19115624010423968,0.1664352947516371,0.20824089298686876,0.14465223621678747,0.1028466379815558
TMEM131,ENSG00000075568,chr2,97746332,98005948,1177,0.3467743694799199,0.29198584432321195,0.21230397186483835,0.44390907325551965,0.26314078138340835,0.26624042860579045,0.3133781139155604,0.07905076298873365,0.03191307767896373
VWA3B,ENSG00000168658,chr2,98077115,98323299,1275,0.5060309835545942,0.6705151346367303,0.6203245458045199,0.4538902797367223,0.5790354746594116,0.42353444131968293,0.42497675854377526,0.686690416904487,0.6852480996803947
CNGA3,ENSG00000144191,chr2,98336187,98408601,429,0.24583941920310742,0.25492855648809054,0.13157679472731287,0.28447653906386733,0.18447026195261387,0.21767450508759456,0.2125493336339269,0.07660066278141603,0.08172583423508367
INPP4A,ENSG00000040933,chr2,98434853,98604392,866,0.2960529933500974,0.19268579913929224,0.23157513505965457,0.24130426308151742,0.17452311250197716,0.15084102661777568,0.14920139177882696,0.06320131555609734,0.06484095039504606
COA5,ENSG00000183513,chr2,98589313,98618515,170,0.26111471251794416,0.19140039908249934,0.19413078216845356,0.1502414645694145,0.13186303901162424,0.1496151008458666,0.1169243367650086,0.06283631447721036,0.09552707855806833
UNC50,ENSG00000115446,chr2,98598578,98628515,184,0.2225188611377945,0.23966144269098455,0.24293612885948726,0.2374818078239337,0.11213095406661118,0.12368985679878597,0.21309468464185927,0.15030161795190022,0.060896790108826926
MGAT4A,ENSG00000071073,chr2,98609105,98741132,622,0.38172381509822584,0.411389988680103,0.41162446498944955,0.3352069395742733,0.36090020724615585,0.2402107924445857,0.24528812105486625,0.2897806421843933,0.2847033135741128
CRACDL,ENSG00000196872,chr2,98783845,98946259,782,0.3231541458150583,0.37715620832972885,0.24045554874950165,0.3424055571114785,0.23899401595012285,0.2943674085894432,0.3097561777194766,0.17909211872643488,0.1637033495964015
TSGA10,ENSG00000135951,chr2,98987260,99164964,704,0.43922086378783964,0.6981612952801719,0.5165195302467822,0.4696797968318662,0.5782794581019967,0.5247731419014179,0.484362192628577,0.6730893527145896,0.7135003019874305
RP11-111H13.1,ENSG00000241962,chr2,99131484,99332741,804,0.4703805061155606,0.6968999887734568,0.5905786576347971,0.49499842216281914,0.639657233776184,0.4681392239732398,0.42809330552083924,0.7255532339060669,0.7655991523584675
C2orf15,ENSG00000273045,chr2,99131706,99161669,126,0.43042307248928435,0.8159697692884781,0.6341003059396169,0.4645767461493568,0.7691396822459382,0.6250603103093201,0.42570525864525643,1.0675949272139342,1.266949978877998
LIPT1,ENSG00000144182,chr2,99144954,99173157,139,0.450780489781668,0.7886936878074426,0.6785711617005243,0.4732040938913772,0.6326918065010425,0.509362230011887,0.5969172715163564,1.0450842516635406,0.9575292101590713
RP11-38C17.1,ENSG00000273155,chr2,99144997,99205298,300,0.4456544344149427,0.789446500008815,0.663436889946839,0.47683251258588644,0.620474498729114,0.5295064622461702,0.6185178183038089,1.0285090391781606,0.9394976831205218
MITD1,ENSG00000158411,chr2,99151426,99191058,205,0.4570698839875643,0.8023843729505693,0.6576752556762784,0.49973216640868967,0.684010582275523,0.5801053160074796,0.5809982575816198,1.0413260965296325,1.0404331549554922
MRPL30,ENSG00000185414,chr2,99171151,99209561,192,0.4521732964673321,0.770249952609202,0.6814790302870067,0.49321415224570425,0.7335182245927142,0.46424631039374975,0.41399032221883303,1.0065170010814568,1.0567729892563733
LYG2,ENSG00000185674,chr2,99232245,99265282,122,0.4969695757398303,0.669046586830603,0.5689609138227775,0.5611590490119283,0.6735329768856712,0.4756628892616298,0.4049847763300838,0.630114769960843,0.7007928828923891
LYG1,ENSG00000144214,chr2,99274237,99314742,137,0.4738650652652631,0.5610759001477564,0.5635008630413181,0.4667536810568142,0.5371295691218834,0.3183287312344343,0.3409462439342815,0.5051000428953683,0.482482530195521
TXNDC9,ENSG00000115514,chr2,99308981,99350702,214,0.45238322201207876,0.5306127593426367,0.39905922458430193,0.43759939902797035,0.43600183712039686,0.42462391618768264,0.37958188163971185,0.3317032619852296,0.37674529653320044
EIF5B,ENSG00000158417,chr2,99327370,99411326,416,0.4153739620005202,0.4808475057794223,0.37060948135676836,0.41087961953640845,0.43450327687361445,0.36466857233474936,0.3073157864212834,0.29088904347803457,0.3482418293915005
REV1,ENSG00000135945,chr2,99390474,99500035,542,0.3265196634957656,0.295756559880007,0.20416052797334702,0.3225444368005802,0.20479707628054067,0.2587849423657997,0.25544227889429516,0.09184624460683269,0.09518890807833721
AFF3,ENSG00000144218,chr2,99535418,100202428,3317,0.5170197344259052,0.5840118470052303,0.5970350665947354,0.42787646020725567,0.5345055278601714,0.34798612349458646,0.33542188616507107,0.5291123740097615,0.541676611339277
LONRF2,ENSG00000170500,chr2,100261874,100332501,373,0.427830783701793,0.5281583102998256,0.46357591015386257,0.40462889391834794,0.4773719887672084,0.34330101657104145,0.31039839271000513,0.4078107362633629,0.44071336012439916
CHST10,ENSG00000115526,chr2,100381859,100427668,265,0.3057016366809029,0.5485252957912087,0.49793463978169855,0.3914707634988019,0.6119667501028156,0.2355322291095832,0.17264100363067247,0.5597037047006691,0.6225949301795799
NMS,ENSG00000204640,chr2,100460481,100493280,325,0.1815308349547045,0.40836899427040596,0.3176883556278593,0.20998027279809134,0.35983334349531537,0.17146146300317816,0.15727138325820872,0.3534106765603027,0.36760075630527217
PDCL3,ENSG00000115539,chr2,100552992,100586739,0,,,,,,,,,
NPAS2,ENSG00000170485,chr2,100810138,101006829,1261,0.40077352458236626,0.49494950435343793,0.4758374968258907,0.4259153979670046,0.42654980622362487,0.27462950214768117,0.3409955871449726,0.4084673611785701,0.3421012761812787
RPL31,ENSG00000071082,chr2,100992228,101034032,212,0.29199305149732996,0.20925971632999799,0.14182885613633253,0.29779769748373136,0.15352604300339065,0.21356767220646375,0.2108217986084278,0.02121803215196766,0.023963905750003595
TBC1D8,ENSG00000204634,chr2,100997227,101262866,1467,0.3796366664261074,0.4093381554580104,0.33660763059124454,0.38380955683474544,0.34067879449926924,0.2967864481483452,0.2970831764561951,0.22972515223816334,0.22942842393031349
CNOT11,ENSG00000158435,chr2,101242885,101280316,208,0.49974448834827184,0.682568711591439,0.6057249875213627,0.4655595252438572,0.6533050283050282,0.45471178717854827,0.35735944487056137,0.692782111353056,0.7901344536610431
RNF149,ENSG00000163162,chr2,101261218,101318701,309,0.5129285479049477,0.7049064458764227,0.6479738727849282,0.4285502790297488,0.6754140132789513,0.44787870349043823,0.3274184107349911,0.7725841368055042,0.8930444295609511
CREG2,ENSG00000175874,chr2,101335549,101397503,409,0.5541522476568805,0.6912938622501609,0.6777356544678741,0.47355558169931555,0.6615457281727241,0.4253800457123018,0.3668043499958644,0.7499854193878217,0.8085611151042593
RFX8,ENSG00000196460,chr2,101387358,101485112,686,0.5642254593496207,0.6005960596231471,0.45787346681922053,0.5864747788274347,0.5112502930339743,0.5680782107761204,0.5424569985373464,0.3497037815322246,0.3753249937709985
MAP4K4,ENSG00000071054,chr2,101686849,101904689,950,0.4038628213582008,0.7411396150319519,0.6893988681990563,0.362128217267034,0.6590904677360793,0.349752582670119,0.36247313098155576,1.0017138341318377,0.9889932858204009
IL1R2,ENSG00000115590,chr2,101981959,102038544,367,0.2461938992869074,0.4911855279649753,0.46048523551657394,0.22527892858544937,0.4100541209371574,0.17060340055834483,0.20159978473360107,0.5050684233373233,0.47407203916206697
IL1R1,ENSG00000115594,chr2,102054543,102189874,957,0.3525433471469038,0.45678425464712613,0.3719749200467437,0.3504141668935448,0.3866878828659249,0.2898884864187095,0.2763938533033764,0.32036023044876705,0.33385486356410005
IL1RL2,ENSG00000115598,chr2,102177005,102250002,473,0.33427066661771915,0.5124070543520505,0.35479054127766646,0.26715357659305994,0.37395731974966956,0.343483086829645,0.28037836749746203,0.37479126214808356,0.4378959814802664
IL1RL1,ENSG00000115602,chr2,102301501,102362037,89,0.11844177934284213,0.3089412088426771,0.25765011613734107,0.1371618294957166,0.19751792377678085,0.09883000213523122,0.14850637179439305,0.2707003754287994,0.2210240057696376
IL18R1,ENSG00000115604,chr2,102301528,102408777,339,0.3137401445643901,0.4480593399073157,0.3563481538919799,0.33675218510185784,0.3473752564464095,0.2651081762961098,0.2890841693125619,0.3292065620195467,0.30523056900309453
IL18RAP,ENSG00000115607,chr2,102408688,102462565,356,0.35944139849418116,0.5705015428712388,0.49252270154673494,0.4018392022085949,0.45460886727779165,0.3061242485462156,0.3763903656791224,0.5390128812677463,0.46874676413483957
SLC9A4,ENSG00000180251,chr2,102463225,102543972,611,0.4267139993300507,0.6117999071356457,0.49587085588932694,0.4393442602788965,0.49823501371724727,0.40884106091592726,0.4176295809068777,0.5373933081135174,0.528604788122567
SLC9A2,ENSG00000115616,chr2,102609552,102721355,786,0.4733668196014587,0.5590035842859158,0.49292334440133545,0.3443718512209967,0.4390000011100328,0.39043823201408073,0.33142282644616794,0.4282802991867019,0.4872957047546146
MFSD9,ENSG00000135953,chr2,102704629,102746888,268,0.4947427999385337,0.6085999794515348,0.5776626550938234,0.37590584222255347,0.48997000540390173,0.3793809775235818,0.36809672879126537,0.5586441939966695,0.569928442728986
TMEM182,ENSG00000170417,chr2,102726904,103029900,1555,0.3855562600316443,0.4261640745582709,0.3919277501507391,0.36828795130409403,0.3823960833206862,0.2724940519714371,0.2664127184985342,0.28291771573053964,0.28899904920344255
POU3F3,ENSG00000198914,chr2,104843286,104868574,96,0.4441504817391548,0.8317583010170825,0.7212687345142038,0.4165888777275734,0.7590457745396414,0.5460520767798406,0.449034253423628,1.23630157229181,1.3333193956480223
MRPS9,ENSG00000135972,chr2,105028068,105109960,564,0.2841637398178201,0.5514759227257356,0.38108715264981075,0.23335196582664955,0.4272402302387623,0.32815296395199844,0.2551157420232436,0.4736399509716327,0.5466771729003876
GPR45,ENSG00000135973,chr2,105231742,105253467,121,0.552816684564533,0.45209773184368296,0.36199947534004545,0.41187403456831684,0.3725283451535206,0.47851442211239714,0.3332078486329302,0.1231439286071323,0.26845050208659943
TGFBRAP1,ENSG00000135966,chr2,105254390,105339735,548,0.41086305564718767,0.34016428578555996,0.32570190744805055,0.35549117168913685,0.2894702684274603,0.27538900999258764,0.25664333262152306,0.14037538281117895,0.15912106018224353
C2orf49,ENSG00000135974,chr2,105327531,105359211,168,0.31950353417386346,0.25170748707338503,0.2606921282131276,0.25275683208089794,0.20116154422013166,0.18642656446769632,0.17836470077658384,0.10353475292170142,0.11159661661281389
FHL2,ENSG00000115641,chr2,105347711,105448513,689,0.41811143177733756,0.44219754902409575,0.34422706973761413,0.3808450943216138,0.3451951473323989,0.3516430150293241,0.31986608665102273,0.23210739476422976,0.2638843231425312
NCK2,ENSG00000071051,chr2,105734911,105904274,935,0.4276437008398602,0.4121705414232511,0.35720284932756013,0.45273145992447494,0.344920126625598,0.3236929563355859,0.35556798370980297,0.20762545325072573,0.1757504258765087
ECRG4,ENSG00000119147,chr2,106053245,106088155,302,0.49259476812538494,0.3840042302390799,0.45104798448498795,0.4749792583067564,0.4195076436300042,0.28160812937162427,0.2924770233375352,0.20290705337180653,0.19203815940589553
UXS1,ENSG00000115652,chr2,106083307,106204301,729,0.711178753713902,0.639721712764706,0.5963269852641222,0.7150771119737184,0.642529252228691,0.6778378675269654,0.6238567425504179,0.34304065853312704,0.39702178350967443
RGPD3,ENSG00000153165,chr2,106381289,106478413,8,0.43130705421452675,0.5132628879717066,0.13143868148910023,0.45250680590886777,0.25787012987012986,0.5717643242571055,0.5121026684658417,0.14826678842306845,0.20792844421433226
CD8B2,ENSG00000254126,chr2,106477363,106554297,0,,,,,,,,,
ST6GAL2,ENSG00000144057,chr2,106791599,106897108,717,0.43739324957277015,0.5705302538963245,0.4559543307437963,0.4944253985554176,0.5388681526918403,0.4058281397023398,0.376596188850525,0.43937584014166603,0.46860779099348093
RGPD4,ENSG00000196862,chr2,107816891,107902544,50,0.47788043584641826,0.6193933440495327,0.4615686868310904,0.5120483096835835,0.4166627666627668,0.4983760803916856,0.5722689472375528,0.46761275583489686,0.39371988898902965
SLC5A7,ENSG00000115665,chr2,107976522,108023994,279,0.5617239554342075,0.8130815655612306,0.7090720750045816,0.5244619357771486,0.7125972016131679,0.6336547711123586,0.5867603587668012,1.0434281656409494,1.090322577986507
SULT1C3,ENSG00000196228,chr2,108229967,108275351,83,0.24957856986917007,0.3517451102823295,0.2032090200416563,0.28989274740151577,0.2732313281156322,0.2467143709766395,0.22833176221638954,0.18675694066465795,0.2051395494249079
SULT1C2,ENSG00000198203,chr2,108278638,108319915,205,0.35095485292365053,0.42393553578711823,0.38829723248730047,0.42415628704108504,0.41460925551081335,0.24613995985054715,0.28398948942971713,0.3053957476616898,0.26754621808251977
SULT1C4,ENSG00000198075,chr2,108367910,108398989,175,0.30563912722987435,0.7410255440697798,0.7039162056206724,0.3035768464547064,0.7508945283187035,0.24933826816917348,0.1614723904528903,1.1016875797293106,1.1895534574455937
GCC2,ENSG00000135968,chr2,108439190,108519415,282,0.3041376553885218,0.7758807981342318,0.6250624430843185,0.31987042949890016,0.655098052822081,0.4385924273270084,0.40827702908337893,1.0569847901558542,1.0873001883994835
LIMS1,ENSG00000169756,chr2,108524354,108697246,592,0.3874771015510362,0.849089388163613,0.7320216032482066,0.3908414216220739,0.73139107947323,0.5321938166153063,0.5361227307698015,1.35887377543151,1.3549448612770145
RANBP2,ENSG00000153201,chr2,108709481,108795809,258,0.3069920976599124,0.8605162108958092,0.8129661637861042,0.30849742296621974,0.8390572629757116,0.3300275161027333,0.2559943224229594,1.6397793755089736,1.7138125691887471
CCDC138,ENSG00000163006,chr2,108776756,108895477,654,0.5864914750827963,0.7053814863611966,0.6561934119484425,0.6418537085494592,0.6791180313388616,0.518737529050112,0.5561028759938927,0.7033364045691481,0.6659710576253676
EDAR,ENSG00000135960,chr2,108884470,108999372,743,0.5384875837717933,0.6069912847729041,0.578438740414165,0.6080590752870515,0.6641865861030267,0.4216898187673988,0.3896840274865071,0.5122336724409929,0.5442394637218846
SH3RF3,ENSG00000172985,chr2,109119204,109514634,2908,0.43754856579816975,0.5078355902768669,0.4069339476770716,0.4395238806997361,0.37571500252759027,0.3809717202819153,0.4083814037440402,0.3279707319250416,0.3005610484629168
SEPTIN10,ENSG00000186522,chr2,109532798,109624143,502,0.325940752025608,0.4335226761291571,0.40462162398321727,0.3329130753802244,0.3841775351450728,0.22209867262018718,0.24417829209165196,0.34621955516664193,0.3241399356951771
SOWAHC,ENSG00000198142,chr2,109604363,109628990,68,0.4327468095643922,0.5053411948922962,0.4381481666649657,0.4081083370892816,0.47967620486203794,0.34715973101765263,0.28750736056900017,0.35672730567097055,0.41637967611962295
RGPD5,ENSG00000015568,chr2,109782757,109867705,0,,,,,,,,,
LIMS3,ENSG00000256977,chr2,109888427,109934868,0,,,,,,,,,
AC013271.7,ENSG00000284337,chr2,109888431,109978557,0,,,,,,,,,
MALL,ENSG00000144063,chr2,110073869,110126022,143,0.559099775829495,0.6635002021085554,0.6767371414147874,0.5421395098947517,0.6387009960551235,0.38940246282425095,0.42614954042382003,0.6997552676930624,0.6630081900934932
NPHP1,ENSG00000144061,chr2,110112310,110215066,407,0.36754799081175893,0.2599502508979358,0.24519967679427354,0.3158086464540637,0.23913601535301707,0.238943382650153,0.2036274204374424,0.06209448387720107,0.09741044608991165
MTLN,ENSG00000175701,chr2,110201528,110255420,103,0.36390188858951267,0.19871563424754918,0.18936893848870215,0.22021847328055724,0.15552337823622492,0.23199979972291726,0.15062132396213845,0.0,0.07091805753021035
AC108938.5,ENSG00000257207,chr2,110392933,110483075,0,,,,,,,,,
LIMS4,ENSG00000256671,chr2,110436639,110483075,0,,,,,,,,,
RGPD6,ENSG00000183054,chr2,110503801,110587222,0,,,,,,,,,
BUB1,ENSG00000169679,chr2,110627527,110688063,128,0.17106115834001295,0.1649500226929694,0.01552250088183772,0.1792354140423339,0.016651060538207876,0.17611418337932347,0.18049570315819963,0.004149519480769123,0.0
ACOXL,ENSG00000153093,chr2,110722538,111130610,2495,0.341999811179377,0.5328311942361394,0.4784786138958654,0.3906991335326263,0.4531710318728145,0.26430484116201924,0.32644425993011006,0.49675977702010254,0.4346203582520116
BCL2L11,ENSG00000153094,chr2,111109377,111178445,498,0.2497512378302113,0.22416731982852206,0.16700482025369515,0.3594280981038593,0.2052395121443096,0.17922071074291968,0.23474891123099956,0.07459768964069835,0.019069489152618496
ANAPC1,ENSG00000153107,chr2,111601638,111894690,637,0.42792044156020376,0.4505388471840085,0.4530566213076609,0.43203977256479936,0.45820207332174523,0.2769422089395796,0.27582945595808295,0.3218749942102263,0.322987747191723
MERTK,ENSG00000153208,chr2,111888606,112039561,825,0.39245500905022207,0.34598561872583494,0.2827768262768711,0.36605597475395196,0.28023402969388295,0.2952933794963657,0.2757956968489794,0.1293325585544943,0.1488302412018805
TMEM87B,ENSG00000153214,chr2,112045268,112129318,374,0.33113491036104437,0.6188428381427256,0.5118502861267716,0.36595411154375507,0.5843881741677187,0.3247916300315383,0.27108693658601646,0.6397518605648816,0.6934565540104035
FBLN7,ENSG00000144152,chr2,112128384,112198218,324,0.35638302320814136,0.4648445834323929,0.4309863876067568,0.37292622349143784,0.430475672710769,0.25099932029293137,0.2644676876611678,0.37419875572243855,0.3607303883542021
ZC3H8,ENSG00000144161,chr2,112201528,112265136,202,0.2644334744707965,0.4317325819033048,0.39995189566330286,0.4199438514150444,0.3915593796553057,0.18076600254956898,0.30646879089815215,0.38439716199776097,0.2586943736491778
ZC3H6,ENSG00000188177,chr2,112265596,112350063,266,0.36020887867930307,0.404267339332217,0.2555971914184624,0.4063800271248871,0.28891963188488806,0.3347019080181288,0.3492546944497874,0.1832613604565002,0.16870857402484163
RGPD8,ENSG00000169629,chr2,112358368,112444488,0,,,,,,,,,
TTL,ENSG00000114999,chr2,112472155,112551739,317,0.42683462193755906,0.4903918627263607,0.49195828127756874,0.45530280166342463,0.5068722943722943,0.2767512407912675,0.28732567214678756,0.39736196609800206,0.38678753474248206
POLR1B,ENSG00000125630,chr2,112531914,112589818,309,0.3892656474288519,0.48408572103509934,0.4870187866661047,0.423250904856909,0.49400713428389875,0.2436958934348914,0.26546494749374905,0.41811875990315556,0.3963497058442978
CHCHD5,ENSG00000125611,chr2,112574239,112599275,123,0.44444196005435727,0.5630709822857382,0.4787333617396262,0.4207928272514565,0.522245490676317,0.38213656724753203,0.3177106623998642,0.4458479606921484,0.5102738655398162
SLC20A1,ENSG00000144136,chr2,112635938,112673825,205,0.5842097648382237,0.5400701270560425,0.5481611503692075,0.6134844725710258,0.5120129985891028,0.42991297472476475,0.5048989893034295,0.3467682765177642,0.2717822619390996
NT5DC4,ENSG00000144130,chr2,112711485,112752879,286,0.5257948784974585,0.6358647647512796,0.529309177219254,0.528841119633616,0.5398939737617092,0.5013957161591827,0.49324577346403997,0.5088342387761167,0.5169841814712594
CKAP2L,ENSG00000169607,chr2,112726348,112774664,300,0.4172220963044463,0.5856156283786302,0.5159981849312524,0.41539383497218235,0.5118416107547947,0.34762189965479373,0.35033141249663613,0.5333394023621287,0.5306298895202862
IL1A,ENSG00000115008,chr2,112763924,112794493,180,0.26921135745354136,0.22721126374360529,0.13502226050710697,0.2918578140786366,0.2359271461696258,0.2131645300395762,0.1668839066807197,0.04458504138805683,0.09086566474691335
IL1B,ENSG00000125538,chr2,112819750,112846816,109,0.41251096029917533,0.5582363509405941,0.51955072142986,0.551677738737704,0.5520882204698332,0.30792217184688453,0.40803212794849975,0.5090580987117954,0.40894814261018025
IL37,ENSG00000125571,chr2,112901164,112928882,0,,,,,,,,,
IL36G,ENSG00000136688,chr2,112963202,112995658,194,0.3778756164994065,0.44978765687258426,0.3781983909343532,0.3269772097742918,0.36628968276157353,0.29846601800305045,0.26863187064670574,0.29898497884818065,0.3288191262045253
IL36A,ENSG00000136694,chr2,112995458,113018044,80,0.5245638451619952,0.6345631392337978,0.5681494243340224,0.4614635757544717,0.5631021817415625,0.4552543987927463,0.398752985015119,0.5514073634838265,0.6079087772614538
IL36B,ENSG00000136696,chr2,113012088,113062867,133,0.5716436284473744,0.6664052552722067,0.6591970771479497,0.37500481363533106,0.5641792252755902,0.4345886201285428,0.36865775281869506,0.6632397417071345,0.7291706090169824
IL36RN,ENSG00000136695,chr2,113048637,113075382,254,0.5415390038162398,0.6406013906780275,0.638386183381767,0.41692917451813394,0.5484430597830929,0.3930123958848116,0.3838579944615226,0.6303107781989465,0.6394651796222355
IL1F10,ENSG00000136697,chr2,113057969,113085843,330,0.48309246244255555,0.6255803157210726,0.5169872264107189,0.4255671424374356,0.4771370955359245,0.4572785227779533,0.44415701880010183,0.5250994374514686,0.53822094142932
IL1RN,ENSG00000136689,chr2,113097213,113144016,325,0.43979169591934253,0.42737025008414997,0.3800816831992141,0.4293521353375368,0.3713883949978276,0.3293974839756092,0.32712859881416867,0.22811844784891255,0.2303873330103529
PSD4,ENSG00000125637,chr2,113147324,113219396,445,0.4433312736173635,0.4291229015139466,0.37541752099893005,0.41680868014383077,0.38575407042644705,0.337847203825964,0.3062307096777025,0.22273412774613327,0.25435062189439483
PAX8,ENSG00000125618,chr2,113205996,113288921,459,0.3802166794487778,0.37078887808787414,0.3458322582048913,0.34462052680861455,0.37038211411073446,0.2586411511005624,0.21159356022749343,0.2046472805788408,0.2516948714519098
CBWD2,ENSG00000136682,chr2,113427690,113506204,0,,,,,,,,,
FOXD4L1,ENSG00000184492,chr2,113488664,113511155,0,,,,,,,,,
RABL2A,ENSG00000144134,chr2,113617228,113653396,0,,,,,,,,,
SLC35F5,ENSG00000115084,chr2,113695010,113766693,428,0.26613752660899637,0.18017434315354644,0.17264078840494282,0.31252378185825197,0.2884644766997708,0.1592904427776048,0.11653084070155942,0.039373132153595364,0.08213273422964079
ACTR3,ENSG00000115091,chr2,113880062,113972596,503,0.30121003921334555,0.2092525406811121,0.16954293840795126,0.33655903973661955,0.17310046102170734,0.2037013219243998,0.22750998672932857,0.031075307878863284,0.0072666430739345145
DPP10,ENSG00000175497,chr2,114432298,115855780,8389,0.4702205925661246,0.5326698383593599,0.48783535762662794,0.5015380433140088,0.5085009893836492,0.36345235991710306,0.3733259712749006,0.39726692695056853,0.3873933155927709
DDX18,ENSG00000088205,chr2,117804690,117842377,191,0.3830165166399529,0.569434731934732,0.5270109931691332,0.3659570457734783,0.48182461432674933,0.28844312463562094,0.3204267103721537,0.5542132320626441,0.5222296463261111
CCDC93,ENSG00000125633,chr2,117905477,118024133,695,0.598465898669272,0.6747888983174654,0.6290982706737439,0.5488109838106185,0.5953394440111661,0.5219627231364349,0.5072214949279257,0.6013180407395611,0.6160592689480704
INSIG2,ENSG00000125629,chr2,118078451,118120997,227,0.42538889001146485,0.5250424740653747,0.45242113737891865,0.4023362880505738,0.47540813322785486,0.3481714545686767,0.3070611102489744,0.3963584434619433,0.4374687877816456
EN1,ENSG00000163064,chr2,118832170,118857648,140,0.547341415031268,0.6202317267383772,0.5411233840568764,0.5075831319128137,0.5516532100514628,0.49091860852898256,0.4372176932730096,0.4772754109470165,0.5309763262029894
MARCO,ENSG00000019169,chr2,118932193,119004660,440,0.2856894453138585,0.4994102987493502,0.37750294105348486,0.273444639994515,0.427197760966549,0.27719477921718605,0.22709715824752952,0.4147736937902274,0.46487131475988386
C1QL2,ENSG00000144119,chr2,119146242,119168751,182,0.48997473610416664,0.6063320970258438,0.5096196979123341,0.5274389246054938,0.5044050837793596,0.44648428310305943,0.4899197520823827,0.48576332786155685,0.4423278588822336
STEAP3,ENSG00000115107,chr2,119213830,119275652,502,0.40819473842979487,0.5146033227320744,0.4447320174868588,0.439352405748587,0.45962456134920326,0.32953102446494725,0.3429802259513687,0.39325780659643816,0.37980860511001674
C2orf76,ENSG00000186132,chr2,119292224,119376834,551,0.3689168556265615,0.278987778286831,0.21471696537235352,0.3744044020642063,0.2338902074075304,0.2728528886712005,0.264860264979653,0.05424630211116835,0.06223892580271581
DBI,ENSG00000155368,chr2,119356923,119382550,172,0.23426214418898628,0.3086427617604378,0.2395554958235131,0.27957356961350127,0.20308017644298007,0.18108092566523923,0.23500468815115236,0.18801767581904483,0.1340939133331317
TMEM37,ENSG00000171227,chr2,119419900,119448504,217,0.4471016631695005,0.6232300966624303,0.5302941349315127,0.5310485149148348,0.4978507716741747,0.4065265741891882,0.5222593185784637,0.5695940396503756,0.45386129526110003
SCTR,ENSG00000080293,chr2,119429842,119535301,790,0.4509473358450643,0.5245550277098554,0.46381210008799945,0.5157216954287228,0.5260365644785052,0.3598972122660337,0.3609872786248087,0.38360691742081443,0.3825168510620394
CFAP221,ENSG00000163075,chr2,119534431,119672251,693,0.6649749750656292,0.8449143326564509,0.7743739664552436,0.6590210384499138,0.779893635075067,0.7342256508774385,0.7130338748012652,1.1295519713246933,1.1507437474008664
TMEM177,ENSG00000144120,chr2,119669166,119696507,176,0.6819349481975828,0.8512840446848581,0.8536467046870893,0.6811603320251445,0.836399427045775,0.5647423674245418,0.6192283453522689,1.3409747651579895,1.2864887872302624
PTPN4,ENSG00000088179,chr2,119749921,119994899,997,0.45041886300033246,0.45188285379486803,0.3659407401608003,0.464454656967461,0.4595199129710252,0.372126122642809,0.30521923928663797,0.22914012178963772,0.29604700514580873
EPB41L5,ENSG00000115109,chr2,120003076,120189119,911,0.5000700881790487,0.45614509133633746,0.3740284688850202,0.6519201496921128,0.4899427204577302,0.4169548800454421,0.4955819517968942,0.19211789967005344,0.11349082791860132
TMEM185B,ENSG00000226479,chr2,120207478,120233400,163,0.45784451131925863,0.24060566209172204,0.21390071880825878,0.5793576536376006,0.42115396429492935,0.3233821719190929,0.2972438381169891,0.0,0.0
RALB,ENSG00000144118,chr2,120230063,120304710,480,0.4084652247366046,0.2817407932093907,0.16806194029055718,0.6091133860280803,0.33556989528294556,0.3359811400404198,0.43071846129873914,0.0,0.0
INHBB,ENSG00000163083,chr2,120336135,120361803,156,0.29678565189601785,0.5315063160377201,0.4893873911532841,0.3533527463885834,0.5161517714733328,0.21909105364953974,0.23410149808250563,0.5391416051488804,0.5241311607159145
GLI2,ENSG00000074047,chr2,120725622,121002653,1778,0.5986156351720893,0.6784223058505691,0.6295384457899008,0.5748164899398062,0.6177687688304955,0.5271731455523243,0.5140104908184827,0.6073429575185352,0.6205056122523767
TFCP2L1,ENSG00000115112,chr2,121206586,121295202,556,0.29727761198568736,0.4090140329928625,0.42229718491938384,0.2877095105732066,0.37097111478201233,0.16503033217662377,0.20082718273177005,0.3609326741700888,0.32513582361494253
CLASP1,ENSG00000074054,chr2,121327775,121659476,1679,0.26285125415370847,0.47521873185288843,0.42540624877036665,0.2795751309157348,0.4769601763831375,0.19782365443054156,0.16229510356659338,0.4469500808759794,0.4824786317399277
NIFK,ENSG00000155438,chr2,121716944,121746911,176,0.11658036348867902,0.5172740304361045,0.5561560098289624,0.22127887044635883,0.6216790763432036,0.019989468540086708,0.0031979901627334217,0.708316668593231,0.7251081469705841
TSN,ENSG00000211460,chr2,121727102,121777853,270,0.22321794322244384,0.4761142167332158,0.46329701858780803,0.27752519938716197,0.4950540450175753,0.1383833028597914,0.14412522583141912,0.5080982864253206,0.5023563634536928
CNTNAP5,ENSG00000155052,chr2,124015286,124931219,5955,0.46510497417051705,0.49323670283705623,0.468859516028475,0.4592941220490471,0.4425710562722301,0.33633364541884253,0.3550854132963533,0.34337760849070653,0.3246258406131959
GYPC,ENSG00000136732,chr2,126646132,126706667,419,0.35415737368340183,0.3880867087848971,0.31775591320286933,0.3625565887363919,0.3635894991858295,0.2729981591399594,0.2447714888726786,0.21816652838862935,0.2463931986559101
TEX51,ENSG00000237524,chr2,126888863,126912097,233,0.5495251061122701,0.5205280252193834,0.5421854872124402,0.6794203708736564,0.5336200696511014,0.3756157976172013,0.5549698689674032,0.35945403550527366,0.18009996415507168
BIN1,ENSG00000136717,chr2,127038026,127117288,545,0.27201924622296936,0.3806216520666655,0.33686524899262055,0.25051021864220574,0.2995967071426846,0.19287128586643917,0.2056512934314801,0.2861676827046462,0.2733876751396053
CYP27C1,ENSG00000186684,chr2,127173831,127230313,407,0.38086716001615883,0.4159535855494673,0.45219715253043746,0.39233895687516096,0.42250086297145123,0.2076852117517129,0.2434322694687372,0.33008961076145327,0.294342553044429
ERCC3,ENSG00000163161,chr2,127247289,127304166,340,0.4202962846340548,0.6431369512757688,0.574344225459114,0.37649962529131986,0.5769067285024733,0.3607585145110867,0.32132323822951425,0.6696446733102033,0.7090799495917757
MAP3K2,ENSG00000169967,chr2,127288667,127398465,660,0.41877690479051666,0.552786020291656,0.47357544678913965,0.41209042758661907,0.4746344469901759,0.35284572582185963,0.3461196305912383,0.451872371279491,0.45859846651011227
PROC,ENSG00000115718,chr2,127408426,127439242,213,0.42076810998738107,0.5032092131112039,0.43519110414770373,0.40038964109257535,0.44179946784838403,0.3371854158335391,0.31401226271948385,0.3624008776111186,0.38557403072517393
IWS1,ENSG00000163166,chr2,127426206,127536886,709,0.44161800041693033,0.5024639046615245,0.493363706719234,0.4305188053312719,0.46357077996656176,0.3004186161247003,0.3191480171315564,0.39766855544649127,0.37893915443963516
MYO7B,ENSG00000169994,chr2,127525801,127647729,605,0.5315474769551333,0.6352794536601865,0.5399405746195675,0.49475776582318837,0.5056339224090085,0.4952723767655801,0.49343107485162213,0.513351468341958,0.5151927702559158
LIMS2,ENSG00000072163,chr2,127628380,127691786,232,0.3130916049186788,0.5221976080824103,0.5402267304931068,0.24805582781526445,0.5457869381227046,0.1685452853766855,0.11723117158139834,0.5700127526199739,0.6213268664152611
GPR17,ENSG00000144230,chr2,127635863,127662639,37,0.5358991810591099,0.8297418173589255,0.7597388702347779,0.4852299548562929,0.6994726584890518,0.5560319171619493,0.6161288612519308,1.214407355442891,1.1543104113529092
WDR33,ENSG00000136709,chr2,127691026,127821187,785,0.359253203197568,0.5171569069850857,0.4579478383107459,0.3042564892435994,0.47936651858021506,0.280395703642136,0.2190643837672061,0.447667833647975,0.5089991535229049
SFT2D3,ENSG00000173349,chr2,127691496,127715242,172,0.40619526214717333,0.5741825718854725,0.5669504562396537,0.3675832565840534,0.5577143889618656,0.2690230985683459,0.24807593415802737,0.5847214985089719,0.6056686629192904
POLR2D,ENSG00000144231,chr2,127833552,127868155,204,0.2825301121494695,0.5422557015761188,0.4596676220423169,0.22324349588539266,0.46948652757141535,0.24894901875146702,0.2000814914369794,0.5324955324087152,0.5813630597232028
AMMECR1L,ENSG00000144233,chr2,127851629,127895967,157,0.39044621529611745,0.5798506162352552,0.4892190099698065,0.2989299531172791,0.5211197088508378,0.3451793368502344,0.24299390056331022,0.5219656184617267,0.6241510547486508
SAP130,ENSG00000136715,chr2,127931216,128038120,535,0.5327849544264437,0.6686475110595713,0.6502323533406535,0.5787480246186992,0.6475741648430753,0.40752599079705754,0.46309079068557846,0.6970465581642559,0.6414817582757348
UGGT1,ENSG00000136731,chr2,128081199,128205677,682,0.4891823748711677,0.7566655392212993,0.7227870869524221,0.5688785099951299,0.7280392267113874,0.4010458108820306,0.476293155240874,1.012272589299387,0.9370252449405436
HS6ST1,ENSG00000136720,chr2,128226715,128328868,390,0.264996585049512,0.5813537161015953,0.4719282874993027,0.24846026254260292,0.4719520202967595,0.2700429274919485,0.25889598583729756,0.6006859792713448,0.6118329209259957
RAB6C,ENSG00000222014,chr2,129969665,129992738,0,,,,,,,,,
POTEF,ENSG00000196604,chr2,130063534,130139222,0,,,,,,,,,
CCDC74B,ENSG00000152076,chr2,130129286,130155134,0,,,,,,,,,
SMPD4,ENSG00000136699,chr2,130141391,130192750,0,,,,,,,,,
MZT2B,ENSG00000152082,chr2,130171736,130200729,0,,,,,,,,,
TUBA3E,ENSG00000152086,chr2,130181744,130208439,0,,,,,,,,,
CCDC115,ENSG00000136710,chr2,130327932,130352699,145,0.3444157509613868,0.43069642557476095,0.2982347138124653,0.31765698409621645,0.3574916345479116,0.3157068205256111,0.251594406991021,0.24763464388712747,0.31174705742171765
IMP4,ENSG00000136718,chr2,130332876,130357967,147,0.16976166522462288,0.16537638541866873,0.12471430950131032,0.1356054251640374,0.055004241388786006,0.11680597166318998,0.13496275379145667,0.06396844507180359,0.04581166294353692
PTPN18,ENSG00000072135,chr2,130346044,130385405,184,0.12080160042321066,0.10778336189392737,0.14908326414841203,0.10568516144585383,0.10246178402602985,0.04067500318076005,0.05882206320213257,0.07337130487706521,0.055224244855692675
POTEI,ENSG00000196834,chr2,130449454,130519707,0,,,,,,,,,
CFC1B,ENSG00000152093,chr2,130511196,130538604,0,,,,,,,,,
CFC1,ENSG00000136698,chr2,130582164,130609575,0,,,,,,,,,
POTEJ,ENSG00000222038,chr2,130601439,130668037,0,,,,,,,,,
GPR148,ENSG00000173302,chr2,130719069,130740336,0,,,,,,,,,
AMER3,ENSG00000178171,chr2,130745539,130778134,0,,,,,,,,,
ARHGEF4,ENSG00000136002,chr2,130826913,131057263,1462,0.45090815829416303,0.5811321292093475,0.5188753931838774,0.5097429950554917,0.5663625077453591,0.36903016537619604,0.3737394566206672,0.5011695875902867,0.49646029634581557
SMIM39,ENSG00000284479,chr2,131025091,131045262,141,0.43022569523084503,0.5889526266437966,0.37692279594607575,0.5547188441282133,0.6689386188027827,0.48923845788286013,0.29632235687529707,0.39980834960498757,0.5927244506125506
FAM168B,ENSG00000152102,chr2,131037875,131103460,342,0.364547856578746,0.3153753506204114,0.358546354438596,0.3433420093233177,0.36180480681306376,0.19414234380371811,0.1751827045956541,0.18474220420964563,0.2037018434177097
PLEKHB2,ENSG00000115762,chr2,131094846,131363709,505,0.48911101876347474,0.4079916913261732,0.38282753378872797,0.5477648175988968,0.38617967381023616,0.3566154046090404,0.4148672533401553,0.16761920466557484,0.10936735593445995
POTEE,ENSG00000188219,chr2,131199535,131275278,0,,,,,,,,,
RAB6D,ENSG00000233087,chr2,131350491,131374168,6,0.0,0.0,0.01194948552691087,0.028230599418308713,0.06671150894258464,0.0,0.0,0.006010727266030921,0.02020208653440171
MZT2A,ENSG00000173272,chr2,131454899,131502743,0,,,,,,,,,
TUBA3D,ENSG00000075886,chr2,131466118,131492934,0,,,,,,,,,
CCDC74A,ENSG00000163040,chr2,131517674,131543666,2,0.42502550939569667,0.30695158758903784,0.0,0.48230074328187533,0.027474747474747478,0.46004251319436473,0.4985784883237963,0.0,0.0
ANKRD30BL,ENSG00000163046,chr2,132137590,132267969,13,0.2911857077512398,0.2895936713412442,0.2846058516083841,0.0,0.290685129801849,0.17557913148160373,0.0,0.16633904727729387,0.34268696257117803
GPR39,ENSG00000183840,chr2,132406804,132656582,1880,0.35652997944221093,0.44050914509176864,0.38001896094539656,0.3544016102749318,0.37495189573547266,0.2717707770144842,0.2741895436769493,0.30895731946412375,0.30653855280165876
LYPD1,ENSG00000150551,chr2,132633285,132681579,350,0.42855311952056324,0.4913169897411095,0.35273446370055483,0.40133023704708654,0.365640428814207,0.40025765829292037,0.366918017280984,0.2756725677691477,0.3090122087810841
NCKAP5,ENSG00000176771,chr2,132661787,133578463,5919,0.33955223738911516,0.42754090876347073,0.3627381195738244,0.32869119213840375,0.3500528755541288,0.261038327814015,0.2627378817869668,0.2967756746482618,0.29507612067530997
MGAT5,ENSG00000152127,chr2,134109982,134464621,2551,0.45216966879853004,0.5344511963474777,0.5101800514982804,0.4713917558418639,0.5118717981787445,0.3263052967651723,0.3424344140708034,0.4382330496365124,0.42210393233088117
TMEM163,ENSG00000152128,chr2,134445758,134729000,1677,0.35840387573114735,0.3968022807702993,0.36175343607757565,0.33589546551451954,0.3440376612793082,0.250137950061289,0.24658702584163175,0.2553722933521204,0.2589232175717777
ACMSD,ENSG00000153086,chr2,134828615,134912034,343,0.5487386308791338,0.568994741651522,0.5490542738361097,0.44980028557660995,0.5041482983170954,0.4204676378560058,0.3688152763179226,0.4211673507523105,0.47281971229039366
CCNT2,ENSG00000082258,chr2,134908234,134969342,302,0.44333785370711,0.3987355000255506,0.31597657629442616,0.3288067856585315,0.30530069653377456,0.3573770037066698,0.27157119558483567,0.1513433377646709,0.23714914588650501
MAP3K19,ENSG00000176601,chr2,134954484,135057468,508,0.2922187363297431,0.2794637876649548,0.25424842795546837,0.22575820427263746,0.2292717307777414,0.1900085199276241,0.16160562722786984,0.1377510848709257,0.16615397757067993
RAB3GAP1,ENSG00000115839,chr2,135042291,135186394,553,0.31587128551327637,0.2906265626927459,0.24091720676215983,0.22517304741434707,0.2611804977085906,0.22366897784142195,0.14789355451286512,0.1197042033882581,0.19547962671681496
ZRANB3,ENSG00000121988,chr2,135126915,135541218,1724,0.29896163889707067,0.2370367560127755,0.2142096476168265,0.18860222262174728,0.20597848392334053,0.19233642127137007,0.1244487847818875,0.0782090006047215,0.14609663709420406
R3HDM1,ENSG00000048991,chr2,135521454,135735270,998,0.3521571384786967,0.4625656771729536,0.4011871703524617,0.32916326183286,0.38849302409382974,0.2711248125778685,0.2641746416583832,0.34982390395748375,0.35677407487696905
UBXN4,ENSG00000144224,chr2,135731733,135795056,324,0.49329883116512485,0.47696037142005093,0.45904570421941937,0.5668067562860826,0.46510186961483735,0.35675571058333055,0.4294952228090053,0.2913423355410287,0.21860282331535397
LCT,ENSG00000115850,chr2,135777849,135847184,363,0.48814115451114287,0.46220933347035514,0.4268177173971521,0.5109714798098969,0.44012022886866864,0.36672039071692564,0.3777935726034837,0.2535654994905938,0.24249231760403578
MCM6,ENSG00000076003,chr2,135829625,135886443,276,0.4569859481693711,0.43332486461657166,0.45964525856974764,0.4554678529546729,0.333797433404475,0.2815298738164211,0.3848179455331623,0.2864392191069054,0.18315114739016408
DARS1,ENSG00000115866,chr2,135895880,135996100,430,0.3360149537935336,0.29383199974806024,0.2269326831703718,0.2518262412255379,0.23872575133661614,0.2500043053038825,0.18263026626885354,0.09789780379636989,0.16527184283139887
CXCR4,ENSG00000121966,chr2,136104348,136128149,107,0.28126577284664417,0.30888940624508054,0.2322443542930598,0.3071381163384864,0.2537888346197999,0.21771764249971673,0.2218166827909248,0.15173777667182423,0.1476387363806161
THSD7B,ENSG00000144229,chr2,136755544,137687718,6071,0.45070904289656016,0.43911143222990245,0.39718047316889016,0.4798631645902826,0.416215953813772,0.335611303380426,0.34683611657557145,0.24262172123470022,0.23139690803955465
HNMT,ENSG00000150540,chr2,137954019,138026364,400,0.5381944058098975,0.6638690338131038,0.5781893108611834,0.5569743848041123,0.5714266637850027,0.49983350668220045,0.5285443469563214,0.5904209079632035,0.5617100676890825
SPOPL,ENSG00000144228,chr2,138491769,138583547,476,0.44526060042130294,0.5369023945695439,0.5567686281971995,0.5293928627072464,0.6239656204338881,0.272705450382762,0.27273718396425095,0.49711198586571304,0.497080252284224
NXPH2,ENSG00000144227,chr2,138659156,138790390,786,0.4769365016227626,0.6247185163232076,0.5250601397031934,0.44696808350213757,0.57970926931726,0.4417821145307344,0.35280494206257446,0.53829679691953,0.6272739693876901
LRP1B,ENSG00000168702,chr2,140221422,142141016,14192,0.4347376881785307,0.5495691707932873,0.5215417538643276,0.4514150103756072,0.5264144664093913,0.31541490552873563,0.32527053828948493,0.48213585046527796,0.4722802177045286
KYNU,ENSG00000115919,chr2,142867656,143065833,1174,0.3683100462203369,0.526648536368151,0.47498485514254624,0.3302878700877263,0.48660768095400647,0.28147276477659205,0.24105472925145582,0.4664443495643383,0.5068623850894746
ARHGAP15,ENSG00000075884,chr2,143081361,143778352,3722,0.4024807649356969,0.36534777510732375,0.36143585477965107,0.396443587628482,0.3871775232579021,0.26055688219107176,0.23495694622443214,0.19412122526275422,0.21972116122939384
GTDC1,ENSG00000121964,chr2,143928067,144342568,1625,0.3030536063347968,0.4148713412036928,0.4190787694451382,0.35428911756627135,0.4741097902474842,0.1769151003393562,0.16533206871004047,0.35900842602554905,0.3705914576548647
ZEB2,ENSG00000169554,chr2,144354363,144531057,600,0.4715494791077075,0.5546315461689229,0.49157145865731655,0.5002712300271346,0.5041140781197869,0.3851144256987317,0.40056688307466526,0.4237389275713405,0.40828647019540704
ACVR2A,ENSG00000121989,chr2,147834516,147940826,367,0.5280899527315155,0.6703268737723876,0.6507679284489839,0.4518537209254862,0.6228199174676687,0.4043009575378528,0.3679171019765268,0.7053526844623973,0.7417365400237232
ORC4,ENSG00000115947,chr2,147920395,148031604,407,0.32365739182188885,0.38502065684710135,0.31653501492035824,0.32396078893872604,0.3708499637657873,0.24832113081125626,0.20714264042500782,0.23784546929773526,0.27902395968398364
MBD5,ENSG00000204406,chr2,148011010,148526971,2331,0.4977560147397314,0.6504610943199206,0.6085074749260612,0.48913061432820887,0.5765262107536256,0.4010103997820575,0.43175903728846643,0.6501300056098009,0.6193813681033918
EPC2,ENSG00000135999,chr2,148634439,148797569,713,0.4045948241549143,0.834800587713695,0.711556731640707,0.512942169322889,0.7981296383805792,0.5379291285170267,0.4599224139245651,1.262672846973514,1.3406795615659755
KIF5C,ENSG00000168280,chr2,148865226,149036759,880,0.38527563000430204,0.5901541552855482,0.6262638156149413,0.4227467265698489,0.6344390202919314,0.19717517458830075,0.21756308197805307,0.6947990038982188,0.6744110965084665
LYPD6B,ENSG00000150556,chr2,149028106,149225262,1363,0.4201470221598792,0.5830934073899909,0.4967964291045705,0.40744425560215036,0.49017119449171476,0.36655664881111705,0.3622615613745401,0.5083364320007865,0.5126315194373634
LYPD6,ENSG00000187123,chr2,149319984,149484138,923,0.4257896865621708,0.5781647843923571,0.49918582318240834,0.4141063239700528,0.4876911222410994,0.3631899621725322,0.36446495633413845,0.49995056337453464,0.4986755692129284
MMADHC,ENSG00000168288,chr2,149559636,149597778,224,0.5500071958499627,0.6833957525255335,0.5686776048136695,0.6303393029822744,0.6532851391078718,0.5538634755085343,0.5430099407576578,0.5962392402150205,0.6070927749658972
RND3,ENSG00000115963,chr2,150458194,150549011,547,0.39388413835202385,0.4213853026580299,0.3872784905427256,0.38879437731472216,0.3647429506554888,0.2789789258521973,0.292857383536983,0.26813955935163536,0.2542611016668499
RBM43,ENSG00000184898,chr2,151237939,151271863,233,0.5264008640205374,0.7682827597688887,0.7103488948429529,0.5341639167867829,0.7248679299327321,0.48527664829021444,0.46782743022033213,0.9769607944640308,0.994410012533913
NMI,ENSG00000123609,chr2,151260469,151299894,350,0.244497619995243,0.4241060199350515,0.39731079078057047,0.27568304340995864,0.38830322970523057,0.1629252109660081,0.19141965101714487,0.38890648664904,0.36041204659790327
TNFAIP6,ENSG00000123610,chr2,151347591,151390046,259,0.33368864591581326,0.4245063949497447,0.3731073402162402,0.32306557578442324,0.37985178539394193,0.24577271620460286,0.23245563112356954,0.30675444666646623,0.3200715317474995
RIF1,ENSG00000080345,chr2,151399882,151518013,539,0.3550343999167747,0.5372700671771454,0.4683439222350078,0.4548930013025838,0.50053969573098,0.2887057606365962,0.34157885711924885,0.4819059328827823,0.4290328364001297
NEB,ENSG00000183091,chr2,151475335,151744487,1149,0.3695235401676466,0.596467989274605,0.5289446039281062,0.5044594710142534,0.5618769787122491,0.3079996718066071,0.3921750293410325,0.5994997899594191,0.5153244324249937
ARL5A,ENSG00000162980,chr2,151778983,151838492,266,0.4293359083342631,0.5227961682825385,0.5151048955858502,0.613056623323077,0.6236065595310177,0.2884716957192407,0.35608408545780323,0.45133986348742094,0.38372747374885857
CTD-2021K4.1,ENSG00000283228,chr2,151792650,151983949,944,0.5091562462909046,0.8491537973256363,0.8220756347798278,0.6068718146020126,0.8809139906775292,0.43836358772450235,0.3486023779127856,1.4531308988274527,1.5428921086391698
CACNB4,ENSG00000182389,chr2,151822770,152109167,1542,0.489333840797238,0.8214903344734684,0.7379530426120262,0.5302583943390575,0.813562984661201,0.5279600885451586,0.39951161248420697,1.1951524420752475,1.3236009181361994
STAM2,ENSG00000115145,chr2,152106800,152185763,410,0.4086528583687488,0.6944395493545873,0.6016525959120678,0.38369644477169057,0.6673366092393032,0.3952644597915362,0.28449957952872307,0.7903431857004489,0.9011080659632619
FMNL2,ENSG00000157827,chr2,152325173,152659826,2064,0.4468616240001746,0.5038318698718871,0.48219997703205425,0.43586748044094265,0.44981484213197065,0.3174106756343179,0.33790306112435514,0.3834297620284458,0.36293737653840846
PRPF40A,ENSG00000196504,chr2,152641592,152727997,465,0.5052074758512405,0.46709117764283864,0.4277735149669784,0.5429568275656997,0.46532891501560875,0.3874006343708865,0.3931394211011567,0.24200430007463614,0.2362655133443659
ARL6IP6,ENSG00000177917,chr2,152707892,152772396,367,0.42908105762651527,0.4232684372005522,0.34988060756261924,0.42510350187325757,0.42076627741247047,0.34014356713718574,0.27894719529143436,0.21023478270656848,0.27143115455231975
RPRM,ENSG00000177519,chr2,153467337,153488762,104,0.3345752270139508,0.24912426470145532,0.24178340439642,0.3996163923080726,0.24571605652686732,0.20852930222621766,0.2573575947280301,0.07798580433047866,0.029157511828666216
GALNT13,ENSG00000144278,chr2,153861921,154463979,3411,0.45429167991462405,0.4630466355892527,0.4048685422275372,0.4538405206237976,0.41340984905143635,0.3542708653938213,0.34662968969515956,0.26757316752339183,0.2752143432220534
KCNJ3,ENSG00000162989,chr2,154687854,154868354,856,0.3740019033143518,0.37501698360480346,0.34300385788636056,0.40844493043719865,0.31392092970659624,0.2591808096098194,0.30913445332834244,0.2108499937728152,0.16089635005429204
NR4A2,ENSG00000153234,chr2,156314436,156352348,108,0.5650470331438628,0.39179450243700303,0.2852724685766769,0.6213906905387772,0.5310858901504087,0.49695297838476415,0.35557862704397564,0.00028948632393666074,0.14166383766472512
GPD2,ENSG00000115159,chr2,156425289,156623735,747,0.502877218449118,0.6430198097358126,0.5840625807098327,0.5318169491318777,0.6214880886533494,0.4258863808922186,0.40873158833730117,0.604188607305934,0.6213433998608515
GALNT5,ENSG00000136542,chr2,157247704,157328491,434,0.5897397250460324,0.5298056638119311,0.624377685458371,0.5294036227962464,0.654107835095331,0.33320078459777225,0.22336773741416605,0.42140840388886597,0.5312414510724723
ERMN,ENSG00000136541,chr2,157308630,157337713,145,0.4031671073951038,0.2381001027641631,0.2443920556324469,0.30714965974572184,0.25234657670727656,0.25391279380717713,0.17403280825002584,0.01802730657481222,0.09790729213196353
CYTIP,ENSG00000115165,chr2,157404618,157498961,524,0.6044977466611966,0.7561070663781003,0.8010755451393171,0.6074238171027916,0.7952695030320601,0.36189729540932514,0.3799948984854221,1.0491286512105822,1.0310310481344853
ACVR1C,ENSG00000123612,chr2,157516766,157638864,500,0.5067024117067435,0.6663312097448381,0.6109317123071768,0.5197609123556889,0.6585813533739828,0.4301243398158169,0.37821588589595856,0.6674820841383772,0.7193905380582355
ACVR1,ENSG00000115170,chr2,157726250,157886330,837,0.6085301220841094,0.7180321071748111,0.7014024768133601,0.6393147029097378,0.6999672332407803,0.4975750438958205,0.5409239680279662,0.7683870258600284,0.7250381017278827
UPP2,ENSG00000007001,chr2,157866701,158146154,1816,0.4276616537166603,0.4155137068274279,0.4452740228786701,0.43848009429767926,0.43540893887770904,0.25288293738983014,0.27123820391802134,0.28413901147256454,0.2657837449443735
CCDC148,ENSG00000153237,chr2,158161072,158466753,1797,0.5071383800272634,0.4046020665087723,0.4638774550601319,0.4190925706658931,0.4065780388968774,0.30132980991204955,0.26991980151901124,0.21719549128511711,0.24860549967815548
PKP4,ENSG00000144283,chr2,158446951,158692879,1247,0.5719249160631408,0.4328077082697792,0.4601864582502256,0.4877871876391512,0.37092099327887773,0.39949103540756153,0.3862867808768673,0.16756585848740096,0.1807701130180952
DAPL1,ENSG00000163331,chr2,158785316,158872781,513,0.3533327433874659,0.38975263525349435,0.28067125029727125,0.3884373911862895,0.30084749358597773,0.3001887487180072,0.3138712244717855,0.19370213931827757,0.18001966356449928
TANC1,ENSG00000115183,chr2,158958639,159242659,1683,0.41468052618195905,0.4110012256537217,0.4059374297499104,0.4130291625709317,0.3855776856743967,0.2720790099580423,0.2875192692041123,0.257252166280822,0.24181190703475203
WDSUB1,ENSG00000196151,chr2,159225797,159296703,527,0.25504841702830927,0.2798672769510364,0.21003243775570266,0.38407709787526534,0.2852946126602702,0.19349620179600038,0.23853418084059952,0.13482354459611254,0.0897855655515134
BAZ2B,ENSG00000123636,chr2,159308978,159626569,1774,0.40151177384188064,0.4653985813348705,0.4405698075679487,0.44515243112658526,0.42978494992431093,0.279372860614424,0.3267769833761843,0.3468609609718221,0.2994568382100619
MARCHF7,ENSG00000136536,chr2,159702456,159781027,468,0.3598682596487858,0.44118697007832264,0.36376744647086934,0.37256995119741165,0.37821772243751794,0.2879152407136959,0.2864490703981476,0.29402509347374106,0.2954912637892894
CD302,ENSG00000241399,chr2,159758627,159808255,238,0.4114167551671969,0.5101048709861857,0.3927297972679914,0.48521543341164425,0.42721909305479006,0.37240970024559744,0.41015935980383594,0.34115423295872116,0.30340457340048255
LY75-CD302,ENSG00000248672,chr2,159761850,159914710,880,0.41912345411823104,0.4648390663969042,0.40307955083771047,0.43604005979641475,0.3988508963534615,0.3262166858384044,0.34452377111753746,0.298971081009049,0.280663995729916
LY75,ENSG00000054219,chr2,159793354,159914756,724,0.4252895983613255,0.4633538288116315,0.4285320851196738,0.4383329673295171,0.41772601353500743,0.3083791879255088,0.3292240995267999,0.31403711280773106,0.2931922012064401
PLA2R1,ENSG00000153246,chr2,159922005,160072615,912,0.3851142523723789,0.42752588511947553,0.3580640834612781,0.39516990315217315,0.3286408036408037,0.300419882328975,0.3310722402788684,0.25736787642944936,0.2267155184795559
ITGB6,ENSG00000115221,chr2,160089666,160210313,632,0.4315363365301612,0.4411912458126433,0.3238672947359917,0.5068418824744972,0.3633909801698629,0.37769997868271116,0.41863691067651176,0.20424800699180573,0.16331107499800507
RBMS1,ENSG00000153250,chr2,160262150,160503807,1076,0.4374107324624541,0.5811207785031691,0.5117092143061128,0.4253599026651684,0.5094718519289776,0.3642669680903662,0.3559556957454945,0.5059056867070304,0.5142169590519021
TANK,ENSG00000136560,chr2,161126907,161246230,423,0.33159031672773687,0.41089443573777285,0.45471530024275536,0.4054831203457813,0.481918890209109,0.16277832221178645,0.1957662944966994,0.36637156292621076,0.33338359064129786
PSMD14,ENSG00000115233,chr2,161298424,161421717,422,0.5501517235866521,0.5739253725557814,0.5348822813600439,0.6048397892102346,0.5522949766959048,0.44326046789448764,0.4889920360431085,0.40988029836687717,0.36414873021825633
TBR1,ENSG00000136535,chr2,161406296,161435870,94,0.43415599621303763,0.49986322385332355,0.5032039653164797,0.4935203650333079,0.44549048638267985,0.28136739300759106,0.39173675695925964,0.41150627266760814,0.3011369087159395
SLC4A10,ENSG00000144290,chr2,161414331,161995282,2177,0.49300045659828523,0.6255874281075868,0.6285791804475626,0.5308955725776098,0.6417118538080941,0.3356112787341319,0.35645454652544917,0.6467856774358514,0.6259424096445343
DPP4,ENSG00000197635,chr2,161982244,162084394,471,0.37384002063714555,0.38516956203905417,0.3193512906132616,0.37319196692705114,0.3085044379955559,0.28492459554678595,0.292312583287822,0.20148416427660568,0.19409617653556965
GCG,ENSG00000115263,chr2,162132881,162162404,164,0.29739267114003615,0.3274414841909999,0.3015779164083654,0.23426066059924322,0.29132657250715005,0.1953458061955884,0.15960957274486776,0.2013203527405194,0.23705658619123995
FAP,ENSG00000078098,chr2,162160683,162255151,387,0.33354308408836963,0.31768770834939225,0.3710411830795113,0.35895737744313,0.37596095736868806,0.1621790528629121,0.17769240323620936,0.22008876743650763,0.2045754170632104
IFIH1,ENSG00000115267,chr2,162257073,162328684,310,0.34673976157138214,0.18732187843826795,0.33226409141430724,0.33612992253891816,0.3051534087980101,0.11466866693208316,0.12651239376339452,0.09275149533527088,0.08090776850395953
GCA,ENSG00000115271,chr2,162308839,162381595,234,0.30432938292234324,0.2548428366893907,0.30723612049471954,0.2773154739562667,0.31739138737509354,0.14498652365645287,0.11855449620789965,0.1491736017306164,0.17560562917916958
KCNH7,ENSG00000184611,chr2,162361406,162848767,2605,0.4369711190470014,0.43284196313446227,0.401522810918856,0.4024769247620534,0.384363684858739,0.31408738755413973,0.2984903892187952,0.2530299019061607,0.2686269002415051
FIGN,ENSG00000182263,chr2,163583395,163746012,808,0.4916985426045815,0.41971951074122665,0.40427276939765916,0.5290744990589095,0.4323826575545674,0.3514759470272134,0.36549563978664595,0.19276774314200273,0.1787480503825702
GRB14,ENSG00000115290,chr2,164482416,164631482,700,0.36427837881750263,0.5082080685085002,0.45249310611385274,0.4633018169957455,0.4263819513819514,0.2801569218091892,0.3881137080166645,0.4295426336020943,0.32158584739461915
COBLL1,ENSG00000082438,chr2,164643623,164853679,1206,0.32927627337402854,0.5976833188320965,0.5012232611322522,0.32106149912379833,0.4750098439469828,0.30715849826220126,0.3266823490273521,0.6033572381249317,0.5838333873597807
SLC38A11,ENSG00000169507,chr2,164886185,164965525,454,0.4528237080045141,0.6393766351241231,0.5486542663918187,0.40494234535896506,0.6245691869935192,0.4136918878589776,0.27966853885544196,0.6062292880107575,0.7402526370142931
SCN3A,ENSG00000153253,chr2,165077525,165214050,635,0.323177938260722,0.8283073173484818,0.6887656462751363,0.3426915169621985,0.7282860511790888,0.4925934507538604,0.43932277107014606,1.2694556782887851,1.3227263579724995
SCN2A,ENSG00000136531,chr2,165184992,165402310,1324,0.3595800963231418,0.7633550929340887,0.6915367202483129,0.4123281476736046,0.6423811933855258,0.3553366455053131,0.4722467295473639,1.0858578983115175,0.9689478142694667
CSRNP3,ENSG00000178662,chr2,165459646,165699407,1185,0.3580483585028014,0.5634888596440935,0.5185780873151391,0.35411596308225,0.45382662401605534,0.2705862244581824,0.3306289337701359,0.5583551575633199,0.49831244825136645
GALNT3,ENSG00000115339,chr2,165737587,165804659,359,0.6245784788868483,0.6236345186432626,0.6339386658041064,0.6371276140388431,0.5768089187155745,0.4759730154776727,0.5654835850203014,0.5012215673399079,0.41171099779727915
TTC21B,ENSG00000123607,chr2,165847474,165963851,693,0.43699614575379647,0.5374843425118174,0.4715073583224906,0.4974829860501818,0.5097840266211627,0.35390863836557507,0.37314571330140384,0.4171662302086139,0.39792915527278516
SCN1A,ENSG00000144285,chr2,165974640,166159214,1093,0.4965338408616406,0.45776090217940474,0.4342639766224755,0.42963503558821947,0.38433809148948,0.364329657943847,0.34423487679614895,0.2477185769818417,0.2678133581295396
SCN9A,ENSG00000169432,chr2,166185184,166386001,894,0.4681311793840369,0.42403156149729176,0.44135199625585025,0.4713120030021171,0.3749155991789065,0.3004125592684342,0.35959531793145383,0.25128985478520394,0.1921070961221843
SCN7A,ENSG00000136546,chr2,166393572,166621482,1415,0.4656427898012809,0.43829143423917294,0.4502272763116529,0.452133800262599,0.4479533130629722,0.30260627236884685,0.29218682713232863,0.27416585748345745,0.2845853027199757
XIRP2,ENSG00000163092,chr2,166878479,167269753,2481,0.2699799736860315,0.3693760383623845,0.3016729853538344,0.3178083555651704,0.3354003196782242,0.20833053138562138,0.21745989370440907,0.2527150030507662,0.24358564073197847
B3GALT1,ENSG00000172318,chr2,167858947,167884041,146,0.16155664010506324,0.36035685248026444,0.23569526056964799,0.23838071075390277,0.275912512409826,0.17713219685579973,0.19815512700542176,0.26971264327968447,0.24868971313006244
STK39,ENSG00000198648,chr2,167944019,168257595,2247,0.3322041475794447,0.3112665759000684,0.27224931864480983,0.3771332992528016,0.30798910356213205,0.22943849382098785,0.23908507741601204,0.14346249162619873,0.13381590803117455
CERS6,ENSG00000172292,chr2,168446248,168785134,2024,0.543722065420262,0.6421378667147796,0.6514100761896614,0.5142720310661111,0.6342211791901603,0.37920078387253353,0.3719937864117582,0.6484066854351851,0.6556136828959607
NOSTRIN,ENSG00000163072,chr2,168776538,168875514,652,0.5951083139489193,0.5867414467474144,0.5573917859892566,0.4614116193500727,0.5153195633892254,0.48637362073386675,0.38911000912787214,0.39730822423540957,0.4945718358414042
SPC25,ENSG00000152253,chr2,168824131,168923371,618,0.5443359686247685,0.49431641735613246,0.5261236076640244,0.42167286470404725,0.4323741915916484,0.36051744169995364,0.33158343153121955,0.3213266943388797,0.3502607045076138
G6PC2,ENSG00000152254,chr2,168891290,168920000,182,0.5556412660132265,0.3735407914438503,0.4189655693417279,0.4197689587198516,0.35002870145028836,0.3679247186496046,0.29058672569656785,0.09974689816221044,0.1770848911152471
ABCB11,ENSG00000073734,chr2,168905497,169041324,964,0.3951833238782434,0.449584177355804,0.3856508724099501,0.3583216616770486,0.397073092529044,0.30635961303030707,0.26739503616466576,0.2907216322092055,0.32968620907484664
DHRS9,ENSG00000073737,chr2,169054788,169106167,314,0.18524888238787485,0.10324895731754773,0.08484460161290655,0.21762885765498566,0.10314101430181935,0.11259409777650806,0.12277320421105142,0.0,0.0
LRP2,ENSG00000081479,chr2,169117108,169372534,1495,0.48040154234200116,0.4299868532092457,0.4215748043133828,0.4153790429687697,0.43029734359386773,0.33467438415551604,0.2681233613170818,0.22742146971882465,0.2939724925572589
BBS5,ENSG00000163093,chr2,169469479,169516655,259,0.3917113696841578,0.449495980278566,0.42060180740391623,0.4123018215732989,0.42907302580817297,0.27413074827672074,0.28398440858787527,0.3227902726230485,0.31293661231189396
RP11-724O16.1,ENSG00000251569,chr2,169469479,169535922,320,0.40490951581690143,0.4702091024113512,0.46576700044339653,0.42271043859859475,0.47533457619223873,0.26369574372474236,0.269844837221156,0.37157713941139536,0.36542804591498174
KLHL41,ENSG00000239474,chr2,169499701,169536258,135,0.41116712271050887,0.5284981061569554,0.4550437199889196,0.4196912483696217,0.5111738678358771,0.3371976639605381,0.2901393681424616,0.41463449632191246,0.46169279213998893
FASTKD1,ENSG00000138399,chr2,169518507,169583875,299,0.4146844980546952,0.5618116718059321,0.466181789121361,0.43994932260524006,0.4906877660502774,0.36650540924534475,0.3650702338490929,0.45860107872645023,0.46003625412270205
PPIG,ENSG00000138398,chr2,169574341,169651406,456,0.3694501225275304,0.4529440182847895,0.4005035921046368,0.36946777544336895,0.3453050185897509,0.2763509305783134,0.32040466246830124,0.32685320804631646,0.2827994761563286
CCDC173,ENSG00000154479,chr2,169635424,169704405,388,0.2722885027011103,0.44793094782937265,0.34347837213025123,0.2768342957903087,0.3337342856374524,0.24556655434431984,0.2560661609133906,0.3485155916723819,0.3380159851033112
PHOSPHO2,ENSG00000144362,chr2,169684453,169711708,134,0.3124272246724482,0.3715361314427827,0.35481973338383965,0.2730249640600844,0.2846451418175111,0.20041941144550598,0.22418166360959396,0.26405732953240935,0.24029507736832137
KLHL23,ENSG00000213160,chr2,169684487,169786989,700,0.3173736192056029,0.3937025391536273,0.362367508212763,0.3108536918295484,0.3231449372763403,0.2160994781570235,0.24119405962408164,0.28428507570544304,0.25919049423838497
SSB,ENSG00000138385,chr2,169781932,169822064,214,0.40870945740846754,0.42014023568168873,0.3809783492175428,0.3919011935924262,0.37180847722319593,0.29540086550218564,0.2887383517905664,0.24956812483243523,0.2562306385440545
METTL5,ENSG00000138382,chr2,169800080,169834931,178,0.4533684888545054,0.4132852666689128,0.4313391101063739,0.43751358883444896,0.33068420213863775,0.2863629554188993,0.35355278434354587,0.2468535957410246,0.17966376681637808
UBR3,ENSG00000144357,chr2,169817453,170094131,1417,0.5171085181634054,0.4595723913084395,0.43763099487047863,0.47277530389540384,0.42288102315991616,0.38388042945193723,0.3529081015639818,0.2315141553865519,0.26248648327450724
MYO3B,ENSG00000071909,chr2,170168144,170665171,3581,0.4360053259278973,0.4317523187327734,0.4232640173527561,0.4722901499255028,0.4453008734411108,0.2937688405707289,0.3075385714458113,0.2714290561671044,0.25765932529202196
SP5,ENSG00000204335,chr2,170705336,170728078,151,0.4993564331951593,0.4947141950069682,0.34628970711456786,0.49945209302440446,0.3532168121814587,0.4747004655019853,0.4694694407066492,0.20793059381311552,0.21316161860845156
ERICH2,ENSG00000204334,chr2,170773785,170808971,253,0.4858254507105634,0.45869029790389737,0.4571933482889239,0.48959820919278035,0.38050344569279426,0.3339770430538022,0.4037362999923762,0.2797866585910317,0.21002740165245776
GAD1,ENSG00000128683,chr2,170803212,170871151,391,0.46894596375023173,0.5647835744556483,0.5052978284579377,0.5607672407962424,0.5033931119526109,0.3805019851124257,0.47734055463008185,0.4514098565210189,0.35457128700336293
GORASP2,ENSG00000115806,chr2,170918463,170977130,269,0.5897782976791194,0.6975612614960526,0.6608279740385108,0.48902027054558606,0.5778959883851772,0.5028431091634199,0.5023991875100879,0.6930334301995497,0.6934773518528815
TLK1,ENSG00000198586,chr2,170980822,171241314,1374,0.511794865184423,0.6106398313163404,0.6347210478851663,0.46121324366220295,0.5345812844191263,0.32658805926381407,0.39843403997008914,0.6166624209600671,0.5448164402537921
METTL8,ENSG00000123600,chr2,171305745,171444802,640,0.40117281530599647,0.4712765607691919,0.5027635831046171,0.4255037966467935,0.49920534619329804,0.22569116689615215,0.24999621939151656,0.4115986161204467,0.3872935636250824
DCAF17,ENSG00000115827,chr2,171424216,171495052,436,0.26633118112644943,0.5200055950552379,0.3465190209500317,0.21191833138607552,0.4730591756876575,0.3091182657658631,0.16573368052843634,0.42486256574735226,0.568247150984779
CYBRD1,ENSG00000071967,chr2,171512246,171568129,428,0.3585993760177812,0.41348224938713374,0.3895847153146043,0.328122436820854,0.3650132916124388,0.2420188030086971,0.23854014337472024,0.29153354301331535,0.2950122026472921
DYNC1I2,ENSG00000077380,chr2,171677408,171760158,350,0.5060154286522789,0.3736280341075117,0.4692348345496206,0.3972318656627153,0.40223200260576225,0.2698131394084612,0.22974050073436825,0.19799775022092386,0.23807038889501686
SLC25A12,ENSG00000115840,chr2,171773404,172009859,0,,,,,,,,,
HAT1,ENSG00000128708,chr2,171912447,171993686,0,,,,,,,,,
METAP1D,ENSG00000172878,chr2,171989942,172092430,0,,,,,,,,,
DLX1,ENSG00000144355,chr2,172074739,172099677,103,0.47300365364986824,0.45019759591997544,0.4280037687486267,0.4421891867238412,0.4462178186749756,0.34006755882862383,0.29547395248071495,0.2581287717872851,0.302722378135194
DLX2,ENSG00000115844,chr2,172089437,172112900,100,0.44843472106391613,0.4357710532226959,0.359073541022753,0.4349173074090136,0.4672901760182114,0.3612248498790738,0.2566499762319841,0.2110703259716093,0.31564519961869886
ITGA6,ENSG00000091409,chr2,172417353,172516459,789,0.29573075732585075,0.3947700090367971,0.31736591444524204,0.2722179906721844,0.3523549955970696,0.2354724914638888,0.19274394537178677,0.2666742513738434,0.30940279746594546
PDK1,ENSG00000152256,chr2,172545372,172618669,459,0.21301423848870105,0.232303338286033,0.17930004189702012,0.1857918689507364,0.16336283097576604,0.15315401151107558,0.1457675298517483,0.11120658407187214,0.11859306573119943
RAPGEF4,ENSG00000091428,chr2,172725273,173062893,1888,0.4630527989604366,0.5395253810719508,0.49561655396894655,0.5530778510113568,0.5119248754999144,0.35646727898712166,0.4317912313418999,0.41903026215292705,0.3437063097981488
MAP3K20,ENSG00000091436,chr2,173065434,173278015,1069,0.3966445482617971,0.4566484351125919,0.4033095886905106,0.4236760490880144,0.4350958387541125,0.2994453145055904,0.2949924463359999,0.31055340489930544,0.3150062730688959
CDCA7,ENSG00000144354,chr2,173344819,173378997,216,0.45050058702896845,0.5501375694140274,0.5299953127467181,0.4568993236331661,0.49103616592907456,0.32127420737632995,0.3669478517320041,0.47753924538916087,0.43186560103348665
SP3,ENSG00000172845,chr2,173870849,173975373,617,0.4418292118733517,0.41756734351327024,0.42884563659290775,0.41632315741879283,0.4247502285068518,0.28176811789123335,0.2629992825820468,0.2587735935161156,0.27754242882530233
OLA1,ENSG00000138430,chr2,174062446,174258599,1050,0.36692372046288874,0.32582482746733127,0.2871241255910731,0.3121355070276655,0.24238432376184518,0.2564908491634048,0.24542483746116367,0.1377744527744515,0.14884046447669258
SP9,ENSG00000217236,chr2,174324953,174348500,112,0.36460068037642684,0.38857075012590375,0.3508957281018397,0.35006000281599353,0.33531588929603917,0.2566478740429726,0.257193944775297,0.23530815581208406,0.23476208507975965
CIR1,ENSG00000138433,chr2,174338021,174405712,298,0.448232440672713,0.31920168790013537,0.3535415607316361,0.4314158455282452,0.37349201548346034,0.27143561100016,0.2407506843500551,0.11305357001515659,0.1437384966652615
SCRN3,ENSG00000144306,chr2,174385729,174439575,246,0.325790678843535,0.3275050999541845,0.31781347775522545,0.28557620892764696,0.27083387538236536,0.20426161818881028,0.20859300305550843,0.19249913292108342,0.1881677480543853
GPR155,ENSG00000163328,chr2,174421570,174497094,332,0.42327689184618855,0.46527437552154055,0.3635905931513895,0.42102740334903255,0.3689804116657299,0.3622406616682471,0.35604163638087205,0.2637608534132961,0.26995987870067123
WIPF1,ENSG00000115935,chr2,174549571,174692916,682,0.5175391275487738,0.39168172092725534,0.3770139069397476,0.512341599159245,0.3605064023183494,0.37634071027336236,0.38405924786584855,0.12071633839623269,0.1129978008037466
CHRNA1,ENSG00000138435,chr2,174737591,174797935,450,0.46128955172457514,0.48586585123169235,0.42947764512889897,0.4743714686917737,0.47030219891702074,0.3613225930710843,0.336491483020647,0.3039484646861964,0.3287795747366335
CHN1,ENSG00000128656,chr2,174788808,175015381,1097,0.2633308200205486,0.2440301870402042,0.18475921801223308,0.34303554252865004,0.21452171674175158,0.1905492118009745,0.22920836251347415,0.08920462174621113,0.05054547103371146
ATF2,ENSG00000115966,chr2,175062249,175178382,645,0.4699977095367423,0.8081110129115493,0.7468619708367342,0.4511929015122422,0.7565804976890573,0.45594592401384126,0.4189387787021833,1.1948923424057636,1.2318994877174214
ATP5MC3,ENSG00000154518,chr2,175166257,175191710,165,0.7582839011964019,0.918672415692879,0.8551162532826784,0.7161825089361135,0.8799556650952769,0.9987189058166256,0.8243998836050652,1.5105511237872165,1.6848701459987772
LNPK,ENSG00000144320,chr2,175913881,176012839,592,0.3512632573656424,0.3963754029090651,0.3258364820399166,0.345125829306993,0.3013778717476037,0.27162424649125927,0.2847348489565969,0.233178555779797,0.22006795331445933
EVX2,ENSG00000174279,chr2,176067471,176093913,138,0.2495262775127602,0.2549282756757187,0.23494278714259398,0.22306983582455284,0.19578564563655376,0.15676038646786494,0.16439508349664186,0.1375144045080016,0.1298797074792247
HOXD13,ENSG00000128714,chr2,176082720,176105944,120,0.33566145045293105,0.2716115677421844,0.18979753698163904,0.2800010082995658,0.17006657315253934,0.257706549872842,0.22950824482394133,0.05921426241185432,0.08741256746075496
HOXD12,ENSG00000170178,chr2,176089794,176112489,120,0.2925780623750141,0.26992001001178473,0.1675565305810307,0.3314491362868449,0.14019112079754528,0.23866960127292944,0.28309941330046623,0.07593157424338601,0.03150176221584919
HOXD11,ENSG00000128713,chr2,176094215,176119754,144,0.34404799968089794,0.2883647168161445,0.18774659296327484,0.35204443141508607,0.15319120027105723,0.2769572473079301,0.30392127273929426,0.06323249422265714,0.036268468791292974
HOXD10,ENSG00000128710,chr2,176098789,176129937,161,0.4474588444017317,0.45065562929765696,0.41887750489830655,0.40955650223704004,0.3690036582855502,0.3247317071342203,0.33272794218202817,0.27429805795050227,0.2663018229026944
HOXD9,ENSG00000128709,chr2,176112718,176134937,114,0.5505782610265247,0.6430482171432021,0.5744414541474194,0.5439429328662984,0.5966487316684843,0.4877976840311969,0.45367221765725485,0.5423568843187743,0.5764823506927161
HOXD8,ENSG00000175879,chr2,176119693,176142695,111,0.5916232484041234,0.6555792314855119,0.6490792633232607,0.5215647354062487,0.6106202019672381,0.4571307111060414,0.429962751552176,0.6087604936723846,0.6359284532262501
HOXD3,ENSG00000128652,chr2,176126611,176183102,251,0.5826080165546249,0.4956173123962332,0.46840165517529675,0.4454623339340819,0.41321928516078266,0.4631412114820547,0.37046822326616957,0.22127878675060353,0.3139517749664887
HOXD4,ENSG00000170166,chr2,176141549,176163226,83,0.5056772626625838,0.44699552639427387,0.4662718260060018,0.4073811018956242,0.4305185990036912,0.33454362068132415,0.2762818934406013,0.2578455671082591,0.316107294348982
HOXD1,ENSG00000128645,chr2,176178667,176200907,93,0.530624785809669,0.4136588403681055,0.2967498388146325,0.3889330242031593,0.21655931071605405,0.4690818364287478,0.3911711322562591,0.06477163870736985,0.1426823428798586
MTX2,ENSG00000128654,chr2,176259394,176348025,391,0.2883838622700724,0.18002481202196402,0.13500443485271837,0.28093073332541313,0.1574420043411546,0.19683347202016188,0.178483002290948,0.0016477257248467547,0.019998195454060647
HNRNPA3,ENSG00000170144,chr2,177202562,177233958,138,0.6100902771962964,0.6627648317453072,0.6653646395942909,0.6447222348979201,0.7516954828305946,0.4670504968080068,0.3643653638230082,0.6199242665420266,0.7226093995270253
NFE2L2,ENSG00000116044,chr2,177217594,177402697,1023,0.5947782664550644,0.6125729752146837,0.5989586141308184,0.5886842593962156,0.5506562492632999,0.46892899608651156,0.5183274064251973,0.4792987749719196,0.42990036463323394
AGPS,ENSG00000018510,chr2,177382745,177577024,1006,0.6396758577358546,0.6480251733146897,0.6010240483101918,0.6837511414597245,0.6385247694346857,0.5730463715717566,0.5889298555616549,0.4711492494681603,0.4552657654782619
TTC30B,ENSG00000196659,chr2,177538997,177562796,107,0.7128712394111835,0.6342049499156656,0.6507081144024773,0.7501944084428808,0.6519832842364869,0.600829618815018,0.6686248028592074,0.404852456056052,0.33705727201186253
TTC30A,ENSG00000197557,chr2,177602998,177628742,196,0.4004638789035232,0.5978944426028292,0.5401998424659784,0.5419380277497231,0.683426508834031,0.3228381872473287,0.2707957864486672,0.5882024569940596,0.6402448577927213
PDE11A,ENSG00000128655,chr2,177613243,178082777,2959,0.4645358653586774,0.48922544158076803,0.4962100711673472,0.4529213483842208,0.4995923072526948,0.3054262122567502,0.29132876787040674,0.3664007511307801,0.3804981955171235
PDE11A,ENSG00000284741,chr2,177618068,178118339,3086,0.4655243014358243,0.4863535028564347,0.5020467351704415,0.4401485731226607,0.4922495787937557,0.29771998104201053,0.2842692947581085,0.36850001784054975,0.3819507041244517
RBM45,ENSG00000155636,chr2,178102423,178149011,170,0.31676972256590435,0.6997968486584651,0.6491448821804051,0.301705292037795,0.6562994129425596,0.2684186361464419,0.24721276145309568,0.9348772262179644,0.9560831009113105
OSBPL6,ENSG00000079156,chr2,178184480,178412893,1301,0.439742640734109,0.46987502681736765,0.4418883480086961,0.41752160420627493,0.4300819360459381,0.31540264451856337,0.3064215044176368,0.3192398572556962,0.32822099735662286
PRKRA,ENSG00000180228,chr2,178421291,178461512,146,0.2575736339687363,0.6823152514772628,0.6184357181699238,0.18287976375777784,0.629398541744719,0.2405256917280345,0.17801837072303983,0.9061700530398692,0.9686773740448638
PJVK,ENSG00000204311,chr2,178441345,178472102,115,0.20288916322541853,0.6407103184256997,0.633133518593769,0.08586994453178902,0.6120766665271612,0.12381526889706074,0.08323058769997921,0.899811034512404,0.9403957157094857
FKBP7,ENSG00000079150,chr2,178453663,178488600,140,0.19845617945523852,0.6131287275814498,0.6437491826860208,0.12198521946823986,0.5999971374182375,0.06937932638314048,0.08173577320997272,0.8802839443120783,0.8679274974852462
PLEKHA3,ENSG00000116095,chr2,178470456,178526463,191,0.24285444352186566,0.583938355700608,0.545370414088007,0.18868457222313292,0.5624371790420147,0.18342466057300055,0.12974260859946818,0.6934971857139506,0.747179237687483
TTN,ENSG00000155657,chr2,178515988,178840802,1170,0.4162847901727991,0.5926292338262259,0.5736247743110605,0.46231286828868123,0.6291600985270998,0.2919690477011701,0.26326256022224565,0.6060624871228781,0.6347689746018026
CCDC141,ENSG00000163492,chr2,178819756,179060086,1360,0.41648620916404266,0.6266644962373724,0.5727586134903437,0.4387861190510455,0.5796120548626343,0.33677943254394654,0.34817683562310214,0.6484983571841638,0.6371009541050083
SESTD1,ENSG00000187231,chr2,179091677,179274832,920,0.3655431643014491,0.36142951251646904,0.37370176666064425,0.345555688470211,0.3904291441517606,0.21779031345573763,0.1887459562690153,0.23073290071462116,0.25977725790134354
ZNF385B,ENSG00000144331,chr2,179431981,179871612,2637,0.36293202623388426,0.5467575447771629,0.4649743747701203,0.3643054983394618,0.4724466422420066,0.3083831798616108,0.30242999159085054,0.4829448955748291,0.4888980838455894
CWC22,ENSG00000163510,chr2,179934875,180017297,454,0.5074451132685958,0.44675540078559567,0.4269885764984896,0.5508642480523777,0.4463253931264325,0.37162740765050667,0.40060351954284945,0.2203276543741845,0.19135154248184172
UBE2E3,ENSG00000170035,chr2,180957247,181086585,892,0.33496605344075986,0.7828024417298258,0.690280449476139,0.32012924818682204,0.6472584143116203,0.3813885291543708,0.43539048028617733,1.1455594036812027,1.091557452549396
ITGA4,ENSG00000115232,chr2,181447201,181548940,605,0.6567693110620894,0.6666147773429119,0.6497110051990358,0.586713369411932,0.5580915401866056,0.5594061812130264,0.5827090079557697,0.5390504515988201,0.5157476248560768
CERKL,ENSG00000188452,chr2,181525040,181690665,993,0.47672160812193404,0.42806656148673394,0.4353086470553156,0.3874116871136774,0.37874272720872026,0.31744917201331646,0.28639241416402,0.24128348859564713,0.2723402464449436
NEUROD1,ENSG00000162992,chr2,181658294,181690827,147,0.5443142118924713,0.602142661055553,0.5704289368075699,0.5384665088266637,0.47714680683128846,0.43132272767459967,0.5232039422570187,0.49033905514301374,0.3984578405605945
ITPRID2,ENSG00000138434,chr2,181881729,181940738,267,0.2159947595559755,0.35429875281331985,0.2516376473755643,0.36104484929353575,0.3973329166973016,0.19544496628812605,0.18947451310159463,0.24197338153692552,0.24794383472345702
PPP1R1C,ENSG00000150722,chr2,181944240,182141398,1112,0.35474687907853303,0.5624933851112239,0.5101229624408723,0.3531229779575036,0.5236186774690172,0.2755875970294442,0.26036294125969917,0.5510758565235522,0.566300512293297
PDE1A,ENSG00000115252,chr2,182130035,182533192,2510,0.45215693109873994,0.6777988283004549,0.6188529953802014,0.4072613246205357,0.6279585089393672,0.38488771798764376,0.3334154676541316,0.7476914536985013,0.7991637040320134
DNAJC10,ENSG00000077232,chr2,182706254,182804464,507,0.5658036540127184,0.3482216301273325,0.3770303663494783,0.4165183233590475,0.2658672962319004,0.39452581595676317,0.3288637286075596,0.03352488239399104,0.09918696974319469
FRZB,ENSG00000162998,chr2,182823274,182876637,331,0.3764803723663602,0.5070033628859676,0.43853551760785137,0.4121011657483788,0.4849623368257766,0.3012105995766592,0.2874690370477526,0.4060423266557639,0.41978388918467047
NCKAP1,ENSG00000061676,chr2,182899114,183048858,633,0.5102735208185171,0.4548603739611981,0.5388269971184273,0.47780248791161817,0.49291499688823964,0.27331977153240794,0.2886730395675905,0.33339355103209994,0.3180402829969174
DUSP19,ENSG00000162999,chr2,183068558,183110008,208,0.6197471354040279,0.5255101214574898,0.6208374348432836,0.5900888995119671,0.557619032878446,0.37132178615440287,0.4108730556202073,0.37419320579027143,0.334641936324467
NUP35,ENSG00000163002,chr2,183107512,183171680,486,0.5402024222171298,0.4229451207659782,0.4616683734217943,0.4915178875130769,0.4265196376836617,0.3537531689389989,0.3350557809915163,0.19606473673370595,0.2147621246811886
ZNF804A,ENSG00000170396,chr2,184588528,184949492,1869,0.3662922922025411,0.3005588684430542,0.30306889465350484,0.3701835269718154,0.319780783626375,0.22628619410422465,0.21723015262619874,0.13118745220241962,0.14024349368044559
FSIP2,ENSG00000188738,chr2,185728803,185843290,504,0.46281043890049944,0.5314312991748223,0.41103448174003077,0.43418598671259007,0.4595097779094711,0.4250445773835913,0.3561418343707284,0.3330279707022959,0.4019307137151588
ZC3H15,ENSG00000065548,chr2,186476252,186519361,190,0.46430553785723844,0.71361469438823,0.6627781741938479,0.5096387643068124,0.4929471681459102,0.39379706891605903,0.6419450101204938,0.8566200835173214,0.6084721423128866
ITGAV,ENSG00000138448,chr2,186580055,186690901,567,0.49276797605768646,0.4876634030457842,0.4124145432017938,0.4908291438497808,0.473677075950403,0.40791330401121373,0.35095238598482575,0.2608601500083987,0.31782106803478677
FAM171B,ENSG00000144369,chr2,186684059,186775959,422,0.5324075429603057,0.4162223556293218,0.3653763031171607,0.5149350244882408,0.3933298034708104,0.4218351181263054,0.38096878617277785,0.1163999964703637,0.15726632842389116
ZSWIM2,ENSG00000163012,chr2,186817474,186859208,305,0.2770957332295502,0.27661741419630026,0.27033108615963736,0.28319458196563524,0.29024265208475736,0.1665655593758092,0.15696788015418586,0.15725147308516058,0.1668491523067839
CALCRL,ENSG00000064989,chr2,187331963,187458460,713,0.4330850297418638,0.5138599212840859,0.4789148432235852,0.483304741751439,0.5014153894671277,0.3184813088471834,0.3427892578984846,0.4027771599535926,0.3784692109022914
TFPI,ENSG00000003436,chr2,187454229,187575760,643,0.36998136483350025,0.5021830328287854,0.4171226377065919,0.3909124288394187,0.4426066932531498,0.3098751073445504,0.30441592996057476,0.38764769797154375,0.39310687535551947
GULP1,ENSG00000144366,chr2,188281668,188605931,1557,0.4350446680744514,0.49234876889403417,0.4173312871304476,0.4211754933259293,0.44166660676504904,0.35441636498941004,0.32095877432963066,0.32354425514065344,0.35700184580043265
COL3A1,ENSG00000168542,chr2,188964372,189022746,351,0.4758151740349693,0.3919959193944381,0.3910199417597077,0.4886938878214096,0.3726192946395585,0.3237574320816516,0.35107938563121577,0.17381625343453488,0.1464942998849707
COL5A2,ENSG00000204262,chr2,189021897,189235312,1140,0.47212068598242557,0.38594597616752363,0.4558660627141908,0.4908923022832916,0.4596093687497712,0.2590000535810445,0.273652528104979,0.22867231442670832,0.21401983990277385
WDR75,ENSG00000115368,chr2,189431445,189485552,362,0.37358626413589957,0.3343357650634121,0.3827607820638039,0.39582023966790947,0.43954523510892135,0.19610773739251847,0.16592332577464813,0.21086214992331578,0.24104656154118614
SLC40A1,ENSG00000138449,chr2,189550589,189593758,233,0.47610206362737395,0.4550588757936266,0.4782407622211935,0.4869892866404737,0.5087675000506515,0.30149344143673623,0.28184916473763144,0.3055840776968386,0.32522835439594344
ASNSD1,ENSG00000138381,chr2,189651384,189680831,202,0.6343414465291699,0.5264029002474853,0.5130124710837108,0.6388881457334777,0.6340244278750055,0.5169684250461368,0.380388575828134,0.2304298942183276,0.3670097434363304
ASDURF,ENSG00000286053,chr2,189651451,189676437,168,0.6345662475997521,0.5267215763422256,0.5244021087005674,0.6308870262372448,0.6304608994147556,0.5057795751999719,0.37461261302363086,0.242291854941041,0.373458817117382
AC012488.3,ENSG00000286165,chr2,189651518,189677881,180,0.6270885390855477,0.5161207086038528,0.5178938848867772,0.6322697237975236,0.6305665578817287,0.4913715128520508,0.36527033577929346,0.23454828846013775,0.360649465532895
ANKAR,ENSG00000151687,chr2,189664289,189771193,623,0.7722525448283803,0.7340475172315487,0.6937158312178896,0.7709070700130257,0.7342100042919222,0.8103567936188142,0.7365082002389711,0.5140808287478013,0.5879294221276445
OSGEPL1,ENSG00000128694,chr2,189736659,189773227,201,0.7903571658351954,0.7129302543174466,0.766175680558228,0.7777047510434607,0.6990695772940909,0.6785974225803221,0.775451356065984,0.5694326538503586,0.4725787203646965
ORMDL1,ENSG00000128699,chr2,189760266,189794364,224,0.7628912444347512,0.654354458961508,0.668366521983726,0.7330602025955533,0.7101367601466019,0.698926466987416,0.5723637734206045,0.3634150099080009,0.4899777034748125
PMS1,ENSG00000064933,chr2,189774084,189887629,691,0.5151973299541606,0.502340250510379,0.43977693553150515,0.5120876584846453,0.5061375894863417,0.42121588049482267,0.3549799324576167,0.2766227889299332,0.3428587369671392
C2orf88,ENSG00000187699,chr2,189869608,190213484,1507,0.5526371664603187,0.5311532427556725,0.5533852452363824,0.4999428753173696,0.5222349181200484,0.37790285544439145,0.3559380587325833,0.3795764520992986,0.40154124881110675
MSTN,ENSG00000138379,chr2,190045699,190072729,164,0.3110087840704475,0.28223813104072004,0.29479790372574155,0.2678295020160234,0.24719535278994986,0.17743666248597387,0.17970488883938673,0.15418076128997912,0.15191253493656626
HIBCH,ENSG00000198130,chr2,190179734,190354193,1247,0.39489015869849564,0.35635656670728694,0.294178874985214,0.3995232139616726,0.3331042402819245,0.29728111259566303,0.2727600747963912,0.14332926862804574,0.16785030642731752
INPP1,ENSG00000151689,chr2,190333569,190381665,313,0.4094137693236166,0.439238813122876,0.3105065308041709,0.3869475294642443,0.3094571686473245,0.3666508632068385,0.34874381387729625,0.2118092927262295,0.22971634205577177
MFSD6,ENSG00000151690,chr2,190398354,190519205,451,0.3675905224813287,0.4278122816704101,0.3956187015841616,0.40800238123074795,0.41133841953787986,0.2564781791277569,0.27631850113179274,0.3018099834156135,0.28196966141157753
NEMP2,ENSG00000189362,chr2,190494337,190544722,203,0.2955627506010965,0.3892506590199743,0.36382267878404473,0.32526743848272677,0.2819623887013084,0.1955733615234855,0.2776370958882458,0.2974952863553163,0.21543155199055605
NAB1,ENSG00000138386,chr2,190636745,190702766,310,0.34123634353964066,0.4362949493739684,0.35756493100606906,0.3747549051466221,0.33357122539661505,0.2740625226893789,0.31850683431250104,0.2991616014688344,0.2547172898457124
GLS,ENSG00000115419,chr2,190870820,190975552,461,0.34352212891759715,0.4763719944734927,0.46602902784964445,0.41492209850371503,0.4537748725611478,0.2202131261697452,0.28912998432469544,0.4267606337163429,0.3578437755613925
STAT1,ENSG00000115415,chr2,190898459,191030960,649,0.35013163025724153,0.4299630115514668,0.4253938044100038,0.40176612035948656,0.3984913196349011,0.2194845614384448,0.28375660709210143,0.34256946680552147,0.27829742115186484
STAT4,ENSG00000138378,chr2,191019575,191161596,824,0.5313442825206536,0.6269713788252301,0.5835809794125878,0.5382741713531425,0.5999348413692039,0.4339618616208837,0.42137814494614323,0.5521382682891786,0.5647219849639189
MYO1B,ENSG00000128641,chr2,191235184,191435389,1087,0.5222977801787554,0.6052517858202817,0.5065200032372579,0.5380664487975254,0.5114551685172594,0.48100095357399697,0.4927586693232061,0.44850619620987114,0.4367484804606619
NABP1,ENSG00000173559,chr2,191668067,191751097,428,0.2631493799578994,0.5243319442932596,0.5819610135669504,0.24288032592482484,0.5673711612402845,0.08811227099987817,0.09169693710390986,0.6549227589814249,0.6513380928773933
CAVIN2,ENSG00000168497,chr2,191824309,191857088,182,0.5035172725608043,0.5771812679726348,0.538225840756919,0.47650303351051776,0.5519254680616974,0.3941694828929277,0.3526200350780432,0.4666422383740658,0.5081916861889503
TMEFF2,ENSG00000144339,chr2,191939042,192204933,1368,0.5307595972235248,0.6382238062470387,0.6000643584326409,0.5481417470764364,0.5905509022322426,0.42845896136867073,0.45908678446046974,0.5882705462838145,0.5576427231920155
SLC39A10,ENSG00000196950,chr2,195565976,195747702,950,0.4585457735509202,0.4037000137057068,0.3856414867741459,0.4774500448409188,0.41848822638721095,0.3216657647516716,0.31196101866608716,0.19534564108598834,0.20505038717157276
DNAH7,ENSG00000118997,chr2,195727702,196078837,1666,0.46503758847416005,0.35915818286639883,0.3831286036464617,0.4160999057496952,0.37918867132818707,0.29371835522687717,0.25313497408039215,0.15125427243117345,0.19183765357765853
STK17B,ENSG00000081320,chr2,196123582,196186503,376,0.5200120004628187,0.36630820011589904,0.4096334456444363,0.42933830139537776,0.36004757952454863,0.33158754136293916,0.28539491554987184,0.12460502143325586,0.17079764724632318
HECW2,ENSG00000138411,chr2,196179098,196603684,2664,0.49223135071103974,0.5492648580564291,0.5579568189146993,0.4859172387823689,0.5491036780927308,0.3291285117078697,0.3328642710199195,0.46774686869903215,0.4640111093869824
CCDC150,ENSG00000144395,chr2,196629553,196773490,532,0.5107332815789432,0.616448670183474,0.6115750844796526,0.44425003926839873,0.5829277004622166,0.3637369638593915,0.33561146311337103,0.5945448575965416,0.6226703583425623
GTF3C3,ENSG00000119041,chr2,196753034,196809725,172,0.3900371173799553,0.3969410658550983,0.40570595336661397,0.3489415738496041,0.3472448637612707,0.2398582349286139,0.2541715209008765,0.2658821172017473,0.2515688312294848
C2orf66,ENSG00000187944,chr2,196794416,196819355,101,0.42752403309549736,0.5309545733112506,0.4404362291889441,0.3816671122131494,0.501523555761356,0.36712120037267193,0.2707925129024947,0.3899344562422723,0.4862631437124496
PGAP1,ENSG00000197121,chr2,196823003,196937796,414,0.37438033752124755,0.5567661802316104,0.5277990574134667,0.34509519292301905,0.5105050927424195,0.26615992029853347,0.26127100195022457,0.5474979180201744,0.5523868363684832
ANKRD44,ENSG00000065413,chr2,196957016,197321173,2055,0.552172676887853,0.7080319963956856,0.7568203212299578,0.5305233855010083,0.7243831280540265,0.31025196484749784,0.34925216380463553,0.9208590945678756,0.881858895610738
SF3B1,ENSG00000115524,chr2,197378514,197445079,213,0.5593635181314972,0.46460590963244486,0.47515262854759366,0.5128795573020305,0.38955601457516187,0.3998197268294635,0.42521365750745865,0.22493245891673858,0.1995385282387433
COQ10B,ENSG00000115520,chr2,197443422,197485308,136,0.413572293431739,0.3021397371281747,0.4094924524827905,0.39899458649005054,0.3454098897263643,0.18333470590425827,0.22257085231476315,0.17640168681619522,0.1371655404056904
HSPD1,ENSG00000144381,chr2,197476583,197526737,230,0.39082145798684376,0.38627528880519196,0.393776696455029,0.3902970870139641,0.37433417263506147,0.24167290659596707,0.25702670015241347,0.24653589788225125,0.23118210432580485
HSPE1,ENSG00000115541,chr2,197490139,197513449,116,0.42929762426424123,0.4156464487272596,0.35766434246526624,0.3902152141322359,0.33359124652364647,0.32774612052519786,0.3130231123449318,0.20950296279198644,0.22422597097225253
HSPE1-MOB4,ENSG00000270757,chr2,197490412,197560726,315,0.45399980281671815,0.4574590605344349,0.43984154026621425,0.48978978310514176,0.40576813908745646,0.31854605129430147,0.3819692413089668,0.29294568066786497,0.22952249065319963
MOB4,ENSG00000115540,chr2,197505570,197563699,242,0.4207521519065912,0.4265780262305763,0.46870088236010227,0.5269052103488752,0.43728912644611945,0.23486406438094753,0.3648017925786588,0.3212693400001999,0.19133161180248864
RFTN2,ENSG00000162944,chr2,197558223,197686045,474,0.43353547205829773,0.49491402351071495,0.43288697004920945,0.4655249237023143,0.3600274221769331,0.34208539129969123,0.43158342128458227,0.34094122242422165,0.25144319243933055
MARS2,ENSG00000247626,chr2,197695368,197718395,114,0.3550513096959571,0.37587199402887606,0.24430821161517527,0.35287472445754653,0.28195383665216706,0.3149313179459267,0.2876968770986639,0.15646847593042174,0.1837029167776846
BOLL,ENSG00000152430,chr2,197716878,197796762,417,0.35937119888065794,0.42044423207858106,0.3829650349821334,0.34868507629926965,0.3180045824998265,0.2539844411079789,0.29576152294701785,0.29150894517512704,0.2497318633360881
PLCL1,ENSG00000115896,chr2,197794592,198582581,4482,0.5611576609429133,0.5810974564494275,0.5280212441427137,0.5357635475688778,0.4833510692522166,0.4714553714208576,0.4885432769799389,0.39866160765113967,0.3815737020920584
SATB2,ENSG00000119042,chr2,199259499,199481266,791,0.5274921350087006,0.5910819197242111,0.5531010744076096,0.6084179719093304,0.5702716404455459,0.4192592476237881,0.49359935338003114,0.47498118810104617,0.40064108234480317
FTCDNL1,ENSG00000226124,chr2,199750543,199861192,480,0.4963937133395311,0.5169699583744112,0.4870342310003183,0.47065484115521755,0.46978371549299264,0.3730453797985153,0.36466037164146475,0.3546310494826778,0.36301605763972833
C2orf69,ENSG00000178074,chr2,199901292,199965935,236,0.6033173381620643,0.44436031633902245,0.4103453092212716,0.5201407009443487,0.3780568664317466,0.492017860443547,0.42349548762029954,0.09561738533326669,0.1641397581565141
TYW5,ENSG00000162971,chr2,199918912,199965736,170,0.6518670893193059,0.3917060995863654,0.46551086319517926,0.5107165071002077,0.41487248582729447,0.46291209854836135,0.3379924299123084,0.03418502642414156,0.1591046950601946
MAIP1,ENSG00000162972,chr2,199945316,200018540,271,0.5978920590453295,0.41841968536245494,0.4464349189288654,0.487775135576571,0.3582121251451719,0.430832482022506,0.38375015969312687,0.11117371822245142,0.15825604055183062
SPATS2L,ENSG00000196141,chr2,200295880,200492264,896,0.4689811367506457,0.5422534867939292,0.5047247521181858,0.4514674963921721,0.5015830202966016,0.3558779162170452,0.3428151054881421,0.4255617964845496,0.43862460721345276
KCTD18,ENSG00000155729,chr2,200478957,200529784,298,0.3941790761022038,0.42299850960081364,0.4283126279587842,0.4217808930862717,0.4401588660963317,0.24595914088668386,0.258805304470595,0.30395128857650183,0.2911051249925907
SGO2,ENSG00000163535,chr2,200500007,200594096,595,0.43758593911045446,0.4175478089907476,0.39607470527304894,0.4243706169267233,0.38436999924130527,0.30586016836201485,0.30384514297214993,0.2346480040692432,0.2366630294591081
AOX1,ENSG00000138356,chr2,200576013,200687064,688,0.36277334719106175,0.35821194418015034,0.29092061456118457,0.3830149719875765,0.31769919651729983,0.2751696220947807,0.27206151226007314,0.1683275388243997,0.17143564865910732
BZW1,ENSG00000082153,chr2,200800593,200837338,154,0.47438316011642223,0.43402393279420365,0.4386924928975157,0.5171188758219037,0.4878143168204147,0.31744993805155985,0.314060101934546,0.2517535477100905,0.2551433838271045
CLK1,ENSG00000013441,chr2,200843008,200874744,118,0.31428326206356527,0.2570187983375994,0.25146932854275406,0.25566462477311463,0.33067685349843023,0.19236604571637977,0.0954299007055624,0.10471848945702619,0.2016546344678435
PPIL3,ENSG00000240344,chr2,200860906,200899303,141,0.2508779758681195,0.17544219840258235,0.16037238910517698,0.2732589852208446,0.16679057270676004,0.15348231063813458,0.16481144124847413,0.03942572377137013,0.02809659316103061
NIF3L1,ENSG00000196290,chr2,200879326,200913938,140,0.31176762893107657,0.263663022263127,0.1338018447456441,0.29072567150428336,0.1259540731536064,0.26802729218586885,0.2574789810905062,0.03804012266283799,0.04858843375820068
ORC2,ENSG00000115942,chr2,200898976,200973680,270,0.3095823594289993,0.26955131374164604,0.25409385441267374,0.26722395729312665,0.24378234300075383,0.19569969317578015,0.17279270787799847,0.11839660176685429,0.14130358706463603
FAM126B,ENSG00000155744,chr2,200963717,201081671,441,0.2528934323814716,0.264756435017337,0.3067768670774364,0.23473081973956939,0.3104262595032805,0.11634877323520415,0.10169972573848415,0.1912046804998361,0.20585372799655607
NDUFB3,ENSG00000119013,chr2,201061432,201095750,117,0.2931210809204988,0.30272385936966667,0.16427024844317994,0.30040772996617787,0.3750625947525378,0.26400983409071704,0.1238637806447433,0.09656392804273045,0.2367099814887042
CFLAR,ENSG00000003402,chr2,201106153,201186687,365,0.24494351329171843,0.3248891801089808,0.34600084183180885,0.24990023348379292,0.2905994249059943,0.12459596246908797,0.16854627863973035,0.26828246149986446,0.22433214532922208
CASP10,ENSG00000003400,chr2,201172897,201239406,298,0.19828411737665433,0.2893944384514883,0.3286329765753124,0.33704043396063094,0.2958288789018873,0.08209972602056445,0.20097258163788273,0.25953804285234383,0.1406651872350255
CASP8,ENSG00000064012,chr2,201223442,201297711,335,0.31482405081345555,0.4888919094358693,0.43497908172588773,0.35888377190259557,0.45453245123498504,0.2391806360869515,0.254803367293079,0.4319935475375123,0.4163708163313849
FLACC1,ENSG00000155749,chr2,201278270,201367398,394,0.42653547661232255,0.594214467034248,0.4922364004867099,0.35389294098899404,0.46774700924898566,0.3901252060145308,0.3540421048160015,0.5118052968625693,0.5478883980610986
TRAK2,ENSG00000115993,chr2,201367206,201461500,444,0.4766556899864542,0.6212990481656258,0.574785516181921,0.4801467895808081,0.5961050007126851,0.381681278039459,0.3593084440043378,0.5893271526122247,0.6116999866473459
STRADB,ENSG00000082146,chr2,201377857,201490846,496,0.45125208250635696,0.5930217814045587,0.5127758011541492,0.4757116917786233,0.5076161529579188,0.39004041347010127,0.4181062308105842,0.5089551984660425,0.48088938112555957
C2CD6,ENSG00000155754,chr2,201477420,201629178,752,0.5311272668073058,0.6226567930999289,0.5770288418404291,0.5009040019282197,0.5399282284080685,0.4357863807054386,0.44659209344571427,0.5388137618277204,0.5280080490874448
TMEM237,ENSG00000155755,chr2,201610183,201653570,270,0.48600895379961406,0.5166288543142207,0.4671866793067014,0.5413542384673883,0.38878284506191485,0.38146788879867316,0.5070723286012216,0.34550261404361576,0.21989817424106733
MPP4,ENSG00000082126,chr2,201634869,201708694,449,0.5112200986842853,0.48996638192203856,0.43105435520757623,0.5034357862020503,0.43349214205231806,0.412575625501613,0.40252839050278516,0.2607030121347109,0.27075024713353874
ALS2,ENSG00000003393,chr2,201690266,201792112,587,0.5262196031683364,0.4735450084372636,0.4724963921308272,0.5531810462799892,0.4414917687356783,0.37450061277308705,0.43235265320162913,0.267088824399828,0.20923678397128592
CDK15,ENSG00000138395,chr2,201780460,201905550,614,0.49325981692669185,0.46844475013234305,0.43390086159268315,0.4966100528992633,0.42204036084984464,0.37135947100705474,0.38504353052240925,0.26058866476274833,0.24690460524739388
FZD7,ENSG00000155760,chr2,202023854,202048441,113,0.1827277304699293,0.3625507161920206,0.3174536911257592,0.2599046347245999,0.3174263472496284,0.1350693209656594,0.18468597369542658,0.31521123895956094,0.2655945862297938
KIAA2012,ENSG00000182329,chr2,202063254,202215188,674,0.4088067614436776,0.3983286565380111,0.3406791874819251,0.40539252674459686,0.335402581748455,0.30855561215533645,0.30966195803334673,0.19948831169112158,0.1983819658131113
SUMO1,ENSG00000116030,chr2,202196181,202248599,194,0.46790302294759534,0.3590557429943148,0.3388251563538577,0.5028040263141272,0.387130372579605,0.331002673340853,0.3269903802536056,0.1138101150517089,0.11782240813895628
NOP58,ENSG00000055044,chr2,202255735,202313661,229,0.29616006007346224,0.34129141068895547,0.30983053176386466,0.32093241532232,0.2968159258553342,0.19893012247671044,0.22618604192009323,0.21854392115171464,0.19128800170833185
BMPR2,ENSG00000204217,chr2,202366326,202577751,715,0.2298462367181969,0.2536515432395194,0.2220172415369773,0.2485850600804275,0.24451716573920776,0.15133843135462588,0.1489808661617179,0.14122425626597523,0.14358182145888318
FAM117B,ENSG00000138439,chr2,202624968,202779757,586,0.32644358700883724,0.42286786753437133,0.4357453924290873,0.3331169621998998,0.42043938831406347,0.18630893391665437,0.20466980754150738,0.3633751056997889,0.34501423207493587
ICA1L,ENSG00000163596,chr2,202763149,202881766,350,0.5061380283372613,0.4407750374400015,0.3900033978911473,0.3932323426915526,0.323706909810954,0.39620038378502814,0.3448420255487641,0.18500306550273438,0.2363614237389984
WDR12,ENSG00000138442,chr2,202864260,203024798,430,0.5587835557442784,0.4845227864965368,0.47128441805869653,0.5030700978523055,0.3967782603980673,0.42178862792726884,0.42824903075834625,0.24087355128391397,0.2344131484528365
CARF,ENSG00000138380,chr2,202902213,202998263,256,0.5385182537346895,0.5051190402839436,0.4791002967754016,0.49919645497184617,0.4311945380340359,0.4122765228329336,0.41538130666050904,0.2911615079238773,0.28805672409630195
NBEAL1,ENSG00000144426,chr2,203004607,203236378,746,0.6107178272295364,0.613441845081913,0.57247934179856,0.6018082248116406,0.57445158210855,0.522085553362319,0.5084589762230513,0.42838740340509385,0.44201398054436136
CYP20A1,ENSG00000119004,chr2,203228976,203316026,337,0.6274883649142409,0.6811723264946272,0.6582871797447505,0.6257192035278769,0.6166827902742952,0.5284034678017563,0.5834805462060584,0.6147010628077968,0.5596239844034949
ABI2,ENSG00000138443,chr2,203318279,203457728,449,0.5505208247826817,0.5024985163462583,0.5487919853976015,0.5482722086218517,0.5247081942460421,0.3509978394940869,0.37450295826559044,0.3471589006752732,0.32365378190376975
RAPH1,ENSG00000173166,chr2,203384344,203545335,509,0.4415446263417514,0.35022003387050815,0.40907018705001724,0.43386440471904136,0.4271741719278556,0.24382201309767187,0.22143478772018538,0.18729947395039614,0.2096866993278827
CD28,ENSG00000178562,chr2,203696474,203748912,279,0.5851890858422971,0.43263586442072066,0.36646491696428063,0.5453578047374108,0.3910158913122222,0.4951232785082895,0.42951770733521133,0.07163068845199394,0.1372362596250722
CTLA4,ENSG00000163599,chr2,203857770,203883965,122,0.5135151530223785,0.6188042306252014,0.5573977634095278,0.5001411817298977,0.6283894129829979,0.43495396610905435,0.3339815036212216,0.5294882393319593,0.6304607018197921
ICOS,ENSG00000163600,chr2,203926762,203971577,262,0.4186987810426059,0.5965682495363906,0.5503478477042469,0.43110335951248985,0.5530881838500229,0.3254765833533582,0.33320523939723046,0.5822713660576493,0.574542710013777
PARD3B,ENSG00000116117,chr2,204535474,205630162,0,,,,,,,,,
NRP2,ENSG00000118257,chr2,205671989,205808133,786,0.5307840352491148,0.6019888307962024,0.5618377166003004,0.5069021230338224,0.5419739966767576,0.42640071044681527,0.4237467406726422,0.49487450031852703,0.4975284700927002
INO80D,ENSG00000114933,chr2,205983720,206096303,422,0.42465008551904576,0.38109475896852973,0.45279927829277117,0.3219569828058826,0.3233848036737032,0.21482019227871535,0.23884754239364317,0.26498290969299176,0.24095555957806403
NDUFS1,ENSG00000023228,chr2,206104816,206169509,273,0.3595939418890845,0.31726570972886753,0.17000283091555732,0.39563269784608696,0.2070181757138278,0.3204846887309576,0.32663385015231483,0.061164839651457775,0.05501567823010045
EEF1B2,ENSG00000114942,chr2,206149584,206172928,123,0.35177386897439256,0.3157139986360393,0.10469456272651262,0.42015865509069056,0.15598458898882026,0.35115232287266446,0.3773977745815414,0.02822699523011657,0.001981543521239637
GPR1,ENSG00000183671,chr2,206165315,206228047,340,0.35375021012852176,0.4381802738150177,0.4305491496790883,0.4129499435523103,0.42967311353923127,0.22503031386934536,0.2738369213481804,0.351543938590258,0.30273733111142304
ZDBF2,ENSG00000204186,chr2,206264662,206324427,259,0.2882262358142667,0.4624337173678344,0.3508900470030711,0.31683703655543455,0.37976950275751653,0.2642726087622618,0.26203047908199373,0.3564306012959557,0.35867273097622376
ADAM23,ENSG00000114948,chr2,206433531,206631127,890,0.37606606297730927,0.33110408849562245,0.31738421627004787,0.42640118436718394,0.31957141861187655,0.2460072428482493,0.28645973051979085,0.15611957629554354,0.11566708862400193
FAM237A,ENSG00000235118,chr2,206632486,206659365,141,0.3259585834818835,0.20451750734178853,0.24402628008283936,0.2665479350406495,0.23328192049844995,0.1717607475575978,0.13658168315154928,0.05704569186095529,0.09222475626700377
DYTN,ENSG00000232125,chr2,206641620,206731570,656,0.25580906122296443,0.2186874571350366,0.23198835062699197,0.20734744028208735,0.18048775629577668,0.13914364385366404,0.14005218659837837,0.1076363824149284,0.10672783967021411
MDH1B,ENSG00000138400,chr2,206727762,206775328,325,0.30221226045731847,0.2941545300937012,0.1839527914378264,0.2870087375254687,0.2087099858277601,0.2524580975406989,0.22627716193382896,0.09590084905872279,0.12208178466559272
FASTKD2,ENSG00000118246,chr2,206755356,206806189,322,0.3955427180709854,0.4264082036684777,0.3744579645539946,0.2879477585123355,0.4104819947030333,0.2950624108487117,0.18349563656118517,0.2607748810222529,0.37234165530977953
CPO,ENSG00000144410,chr2,206929517,206979474,271,0.3041126330526916,0.7011463713541798,0.6012237320633923,0.38922486360481773,0.4992200639726356,0.32550703562376176,0.5046196255007414,0.8822943261313083,0.7031817362543286
KLF7,ENSG00000118263,chr2,207064136,207177267,643,0.4216760443894509,0.5583283155203163,0.5003572804377994,0.4086614546249044,0.47328971653295987,0.33547378091795604,0.35072521531442,0.4817146872904283,0.46646325289396445
CREB1,ENSG00000118260,chr2,207519736,207615988,389,0.6532509649648672,0.7772247290027845,0.7615972817788965,0.5321715995815446,0.7001229973850573,0.5634759148876971,0.5284313027095291,0.9381158541348746,0.9731604663130426
METTL21A,ENSG00000144401,chr2,207570630,207635928,270,0.6546606231754749,0.760484055657352,0.7613760979474491,0.554662620246156,0.6989427930165041,0.5297481686648114,0.5188017211722807,0.8993871222265373,0.9103335697190679
CCNYL1,ENSG00000163249,chr2,207701539,207771839,335,0.23367112901446432,0.3328704099889957,0.3342610994136525,0.3771463961341528,0.3668573223922727,0.13202855174158631,0.21057762723524276,0.27274241232380125,0.19419333683014472
FZD5,ENSG00000163251,chr2,207752597,207779906,125,0.31978763926993464,0.5670899950783942,0.5585127552700854,0.4409641862978686,0.623972460199091,0.20248474883475603,0.22033712985986526,0.6347406645744895,0.6168882835493803
PLEKHM3,ENSG00000178385,chr2,207811287,208035527,1143,0.37328317277943235,0.30304897064613223,0.1857264583636906,0.45590247339793033,0.28894490869354705,0.31142083913240565,0.31433076664743037,0.049619290734159355,0.04670936321913466
CRYGD,ENSG00000118231,chr2,208111606,208134524,180,0.37047246372361575,0.39851218051469944,0.2568719097453335,0.4629821727144556,0.3104767314339727,0.33712391214010046,0.3791590728999805,0.17122508186459345,0.1291899211047134
CRYGC,ENSG00000163254,chr2,208118136,208139828,156,0.34637015110166236,0.4242999033781715,0.35371912399345007,0.4265790086121988,0.257443910293918,0.27043070519105483,0.4053233337870446,0.28173771427568894,0.14684508567969923
CRYGB,ENSG00000182187,chr2,208132572,208156158,225,0.41132089360221674,0.48809932841469555,0.4380485227398343,0.4676374494556313,0.316871902847785,0.3115794780130497,0.45949116153632935,0.35804519556012304,0.21013351203684333
CRYGA,ENSG00000168582,chr2,208150739,208173589,253,0.47675268544053134,0.7221245915817797,0.6566938809782111,0.5920470154334493,0.630423491002727,0.42957536612793457,0.5908941414444033,0.8510070707797555,0.689688295463287
C2orf80,ENSG00000188674,chr2,208155342,208200030,408,0.5445901166408023,0.677278640514919,0.671162879719919,0.5885989495487638,0.7169422124134223,0.4026653446281836,0.3785242674225906,0.7283006475730102,0.752441724778603
IDH1,ENSG00000138413,chr2,208226228,208276074,313,0.7185266409254638,0.848807781626998,0.8023659238259122,0.7341064146603591,0.8360442771889369,0.7677913495667235,0.7028517586184299,1.1214119327814138,1.1863515237297073
PIKFYVE,ENSG00000115020,chr2,208256254,208368746,0,,,,,,,,,
PTH2R,ENSG00000144407,chr2,208349713,208864503,0,,,,,,,,,
MAP2,ENSG00000078018,chr2,209414046,209744118,1949,0.37772082093580944,0.7354845072354789,0.6812929538086498,0.4319617194956861,0.6934220707837417,0.3303694764930838,0.3565693110832925,0.9994859791271682,0.9732861445369596
UNC80,ENSG00000144406,chr2,209761831,210009300,1372,0.3128121957509722,0.5216485312945937,0.49469325963718264,0.3625900632090454,0.5588987264063241,0.21498377727438261,0.18463551474735407,0.5224257492310087,0.5527740117580372
RPE,ENSG00000197713,chr2,209992564,210032260,159,0.5604303740019718,0.5798602076185526,0.5441149399614857,0.5618143295833812,0.50433624925307,0.45180618749804086,0.4952114167079158,0.41536159658184935,0.3719563673719745
KANSL1L,ENSG00000144445,chr2,210011420,210181409,661,0.638312638209907,0.6697566409667318,0.6635826454622095,0.6584193214512596,0.695439031289936,0.5177488816217198,0.49660641937824357,0.5901765630677601,0.611319025311236
ACADL,ENSG00000115361,chr2,210177125,210235447,214,0.611660613582517,0.7055486552885818,0.641309368120787,0.6697968616489136,0.7095257118602353,0.5716110527604372,0.5472242651488894,0.6510304499832759,0.6754172375948236
MYL1,ENSG00000168530,chr2,210280149,210325174,307,0.34664282492032866,0.2810426648246069,0.24544976492308518,0.35707290685094056,0.2053283168436483,0.23697558169442817,0.2709254909916062,0.09297768044357946,0.05902777114640148
LANCL1,ENSG00000115365,chr2,210421248,210487652,405,0.4470667850517224,0.6681981629788486,0.5118036600991112,0.38098577752453755,0.4390100982693576,0.4893488999547252,0.5023960103170239,0.6138684647548951,0.6008213543925965
CPS1,ENSG00000021826,chr2,210467681,210689107,1130,0.41119819680570224,0.38005948676558865,0.3134932194696921,0.3783298466975291,0.29205136458246356,0.31582911207861863,0.30404682111768777,0.1623026398636419,0.17408493082457263
ERBB4,ENSG00000178568,chr2,211365716,212548841,8332,0.3883427220746171,0.5445281677705683,0.48727687508918177,0.40987221315906086,0.5085408053623357,0.30499263155660616,0.30173060807671487,0.48142877187050337,0.48469079535039467
IKZF2,ENSG00000030419,chr2,212989690,213162427,975,0.4177099077722361,0.4426938313000466,0.46827485182752215,0.40980947807020696,0.44898425329114233,0.2468992344117058,0.2579792497150066,0.33774128115264146,0.3266612658493407
SPAG16,ENSG00000144451,chr2,213274378,214420501,7408,0.47299789945528975,0.6495469486627096,0.6681773697370633,0.4482457967100962,0.6239746538635795,0.2929622873675868,0.33254120850166013,0.7555662417941784,0.7159873206601052
VWC2L,ENSG00000174453,chr2,214401053,214588976,1196,0.4803847946486999,0.59313650276788,0.5166655270386398,0.46743466208247075,0.5148024924782257,0.4134489470432687,0.40306399355209754,0.4858285903873538,0.496213543878525
BARD1,ENSG00000138376,chr2,214715645,214819683,912,0.41388844865956037,0.47904623026721627,0.409300841771472,0.41416206557358815,0.4030579321198658,0.3299453460228795,0.335435427963546,0.32214862886122536,0.3166585469205588
ABCA12,ENSG00000144452,chr2,214921541,215148626,1383,0.5752630946750339,0.6143907683337537,0.6257770401746753,0.5822133659620251,0.6166850859766229,0.4131563068004669,0.4334083996659507,0.539774468688692,0.5195223758232081
ATIC,ENSG00000138363,chr2,215301955,215359773,428,0.5419174073067262,0.6816898716654425,0.5536645547677345,0.5305920856200769,0.5418321258069935,0.5593752062690083,0.5602463178502167,0.585353918841611,0.5844828072604027
FN1,ENSG00000115414,chr2,215350439,215446073,575,0.4329347147267636,0.6682947774646186,0.5700773773325475,0.40278335590429426,0.4873449392514386,0.41331969746647396,0.47541593785492453,0.6901888909311578,0.6280926505427074
MREG,ENSG00000118242,chr2,215932583,216044096,758,0.3841570428133765,0.44688569148999613,0.3599710469022203,0.414889133959944,0.3850030469060671,0.3153560079005795,0.32100328112751153,0.27683458475362654,0.27118731152669456
PECR,ENSG00000115425,chr2,215986328,216092955,705,0.3516573320067895,0.3088479484705683,0.2141581709310546,0.3930677688875489,0.24851520710135072,0.28086580273796297,0.2915146339519129,0.0885296310542926,0.07788079984034266
TMEM169,ENSG00000163449,chr2,216071865,216112783,215,0.2983502005038173,0.388698551179889,0.28813257913432677,0.311270365627262,0.2881814362699675,0.25331117043682916,0.2625696667707632,0.2388539014494568,0.22959540511552273
XRCC5,ENSG00000079246,chr2,216097463,216216303,761,0.40120085975160796,0.47153952107410163,0.408346061354382,0.39648182033558116,0.4060695097936996,0.3128914701406274,0.3108866925153489,0.324895786032376,0.3269005636576546
MARCHF4,ENSG00000144583,chr2,216247864,216382483,882,0.36969077888390234,0.4615384148427454,0.40113886999992876,0.37918570710526694,0.43228102597630746,0.28392916519562256,0.26481683098770104,0.3351099564899889,0.35422229069791045
SMARCAL1,ENSG00000138375,chr2,216402413,216493053,540,0.26453175604246343,0.2985224070267413,0.29244787853179766,0.2556330533069014,0.2933841768195853,0.15793512764218723,0.15125966422738313,0.19663119389951128,0.20330665731431533
RPL37A,ENSG00000197756,chr2,216488824,216589180,693,0.35597269454678987,0.4221346858927022,0.432600754316699,0.39765027561944677,0.43859905992877224,0.21086826300424671,0.2390057911692131,0.3375461950346349,0.30940866686966845
IGFBP2,ENSG00000115457,chr2,216622827,216674436,383,0.34817813084801186,0.6174318201348363,0.5657691903322305,0.49312800590751665,0.5707465951272478,0.27732664402754365,0.39731866544899924,0.6835217495587926,0.563529728137337
IGFBP5,ENSG00000115461,chr2,216662104,216705549,315,0.2690900792585614,0.6013552854862085,0.5925424136608252,0.34604617352932643,0.619331571606169,0.16766565926414717,0.18928834044416298,0.7520190393202131,0.7303963581401972
TNP1,ENSG00000118245,chr2,216849457,216870064,127,0.34765239944944965,0.4650186844803069,0.313772686535655,0.3163829531068795,0.3648038484801599,0.33807742049460865,0.2760297101552557,0.28744603646364403,0.34949374680299705
TNS1,ENSG00000079308,chr2,217789587,218043982,1771,0.31895995421324774,0.35049514296756423,0.28207464096173135,0.3339048120437164,0.2983351334109474,0.2421447314280768,0.24178413580818564,0.18940023336138118,0.18976082898127236
RUFY4,ENSG00000188282,chr2,218024959,218100581,535,0.3601464214853696,0.3901449396576928,0.3158139195270611,0.35411845752624355,0.2765775188611881,0.2807622587676519,0.3039556179727946,0.2137716972761229,0.1905783380709802
CXCR2,ENSG00000180871,chr2,218115288,218147251,159,0.3764351923966505,0.34562913907284765,0.24508763927342667,0.3413839800800403,0.18529769050238393,0.3076149926339009,0.3183815554271434,0.11646602997415201,0.10569946718090947
CXCR1,ENSG00000163464,chr2,218152840,218176962,109,0.6215386493281028,0.6966986403502388,0.6552801679831112,0.6284319815542286,0.669257156309379,0.549823215807514,0.5383188044093831,0.6432051656356639,0.654709577033795
ARPC2,ENSG00000163466,chr2,218207140,218264356,306,0.6143148104239741,0.7161630896563292,0.6947715082608912,0.6051029561865406,0.6514661935367636,0.5126973244200836,0.5672328069503131,0.7466581407041741,0.6921226581739448
GPBAR1,ENSG00000179921,chr2,218249495,218273861,144,0.6579946053765487,0.778788510486746,0.707618502773324,0.6329445708979264,0.691174884183652,0.675934502572567,0.6679491738803494,0.8327015663686612,0.8406868950608791
AAMP,ENSG00000127837,chr2,218254128,218280178,175,0.6040331581286719,0.692365214405742,0.6783624907628257,0.5451824360370664,0.627643868812347,0.48546832462017686,0.4893981593152682,0.6933736360168651,0.6894438013217741
PNKD,ENSG00000127838,chr2,218260391,218356793,637,0.5371788523160491,0.6743156702435585,0.661769463133737,0.5199422379703408,0.5823508543618359,0.4041068578630389,0.4912809808499334,0.7177198225014418,0.6305456995145475
TMBIM1,ENSG00000135926,chr2,218264196,218302586,258,0.5154115008644878,0.6042778138716783,0.6031561138669702,0.5225824006235403,0.49700740563157647,0.3636428790669879,0.48961336644867104,0.5633999850431579,0.4374294976614748
CATIP,ENSG00000158428,chr2,218346856,218378099,168,0.4673906698147845,0.4857066136298056,0.5369663249449657,0.3847949301685748,0.48755407472639206,0.26248648904648053,0.24110046022060566,0.4024748967159952,0.42386092554187016
SLC11A1,ENSG00000018280,chr2,218372028,218406894,222,0.48546070139256764,0.5487191672195727,0.562177791136461,0.4986924741573262,0.5400777930969216,0.31710321091075466,0.3547515335611075,0.4785622332672569,0.4409139106169039
CTDSP1,ENSG00000144579,chr2,218388255,218415941,176,0.5466864377259222,0.5664235326840169,0.5374554957268365,0.5672045662805785,0.5932418948086082,0.4279229022115707,0.38682029940989443,0.4077642009131932,0.4488668037148696
VIL1,ENSG00000127831,chr2,218409120,218463295,232,0.6213977280157319,0.637247082928413,0.5611274455515748,0.5418338522952413,0.5480274814823584,0.5808780840418752,0.500211418851011,0.43315526166016,0.5138219268510243
USP37,ENSG00000135913,chr2,218440250,218578351,621,0.6022385767844686,0.46766287952206126,0.4719013927399499,0.49161612389702625,0.4185439167274963,0.45695447063852485,0.3823884636623866,0.17352383458668896,0.24808984156282726
CNOT9,ENSG00000144580,chr2,218558579,218607080,257,0.6145072024201119,0.4948274899253903,0.4722222230640693,0.5395628125935359,0.36369767994420227,0.49850405626061584,0.5031763273966936,0.1843512476714224,0.17967897653534476
PLCD4,ENSG00000115556,chr2,218597854,218647184,208,0.6135657678077453,0.36505559574525104,0.42201176476997293,0.4494903277673595,0.35817152927508655,0.4284048297123465,0.3038471993993823,0.025813006564756047,0.1503706368777203
ZNF142,ENSG00000115568,chr2,218623328,218669655,185,0.5171069656759576,0.4552544239780714,0.515264236647619,0.48680880361163836,0.4876112739324552,0.3056225914235859,0.30293575781559196,0.3018138348830376,0.30450066849103163
BCS1L,ENSG00000074582,chr2,218648763,218673443,101,0.5343222057029736,0.5414352900043065,0.5869968737340432,0.44476511879116737,0.585554503318718,0.3298075296362643,0.2436020518621222,0.4498463334841866,0.5360518112583288
RNF25,ENSG00000163481,chr2,218653891,218682002,115,0.3838550919372461,0.569783170805597,0.5572511583931756,0.41650347599291593,0.5574838664367261,0.2564932137584493,0.2834521863473871,0.5869727296889029,0.560013757099965
STK36,ENSG00000163482,chr2,218662068,218712716,238,0.3887215584823614,0.5239542889229273,0.5488437162584343,0.391109847838857,0.5882395123700253,0.21925131725465974,0.17552267998380106,0.5229900804322809,0.5667187177031396
TTLL4,ENSG00000135912,chr2,218700834,218765416,371,0.2228407077030051,0.5802806828027773,0.5441881977098462,0.29485418233728916,0.5494940844260654,0.1673018774001402,0.2100678383008956,0.7008672060990453,0.6581012451982898
CYP27A1,ENSG00000135929,chr2,218771748,218825293,326,0.23428171921856894,0.502992281592447,0.47633864752835464,0.3313081268734274,0.3654491649938953,0.1595903010318135,0.32337187471288553,0.5395594219792076,0.3757778482981356
PRKAG3,ENSG00000115592,chr2,218812382,218842086,177,0.37143931770547933,0.4761286502132087,0.43596334385844776,0.4310033472157775,0.4207329449046474,0.26909790433433556,0.332199097644023,0.3774112361447288,0.3143100428350414
WNT6,ENSG00000115596,chr2,218849804,218884233,147,0.4159073375235727,0.4894108260355484,0.3320124027058668,0.4454572251624574,0.38880926567832563,0.40319997227481147,0.3847275549041022,0.26899000470119533,0.2874624220719048
WNT10A,ENSG00000135925,chr2,218870851,218909581,157,0.19439092015316317,0.4125535115231863,0.40141628420417963,0.22698115204603717,0.4098495199900627,0.11746894976779715,0.13102212232286714,0.414501170788096,0.4009479982330261
CDK5R2,ENSG00000171450,chr2,218949665,218972155,116,0.16016482179997685,0.24142886216089707,0.34936262761291276,0.21775241064934184,0.33772479422932944,0.010532748126986818,0.05491429222179861,0.26578594893750535,0.22140440484269353
FEV,ENSG00000163497,chr2,218971086,218995184,123,0.15635191832317408,0.2704104113361488,0.30796617601995446,0.1733118449857935,0.32177858911938795,0.0585862502251247,0.05865968273790606,0.2566868600221565,0.25661342750937516
CRYBA2,ENSG00000163499,chr2,218980188,219003422,115,0.24193645885705922,0.35889783614540527,0.3404837946595773,0.2456734335718169,0.36104819558264356,0.1526528936477075,0.13928504732162525,0.29191355912527184,0.3052814054513541
CFAP65,ENSG00000181378,chr2,218992845,219051527,371,0.2449408239140522,0.24121772237628478,0.18940949739317248,0.35005078737349654,0.23129311721159257,0.17350363475806008,0.22192795084477548,0.10253676222970198,0.05411244614298649
IHH,ENSG00000163501,chr2,219044423,219070921,138,0.34587774814125544,0.1880280933262789,0.2427739666019038,0.3924964340216138,0.33394245548339163,0.17732853677921415,0.150153780988315,0.03096100033222063,0.0581357561231198
NHEJ1,ENSG00000187736,chr2,219059356,219170865,553,0.3672167752089901,0.26246838164244735,0.2885949047690102,0.45665908897462093,0.35164710979346914,0.21078021723968166,0.24057224970123764,0.09366610209824952,0.06387406963669345
RP11-33O4.2,ENSG00000280537,chr2,219065328,219180827,575,0.3829270094050961,0.26214162563685217,0.2831289399024885,0.46823229529991034,0.34397927277959023,0.2269560266462874,0.25699450679423397,0.07704735080841321,0.04700887066046666
SLC23A3,ENSG00000213901,chr2,219151464,219180095,146,0.4026063448526069,0.1945136748652444,0.2596238494802702,0.4989588339620353,0.3568029473962526,0.2154455684958784,0.2330359616923388,0.0008634848789426663,0.0
CNPPD1,ENSG00000115649,chr2,219161896,219188106,97,0.3895011884088721,0.15030919403303522,0.2562687248404047,0.4349297095156659,0.30282914690100315,0.1801430933566473,0.18648156456682732,0.0,0.0
RETREG2,ENSG00000144567,chr2,219166224,219195475,81,0.3344820906840512,0.14436621246017217,0.2547588560140665,0.38627496117337495,0.2923580808656626,0.13452755667101507,0.1491520030736797,0.021385256004329445,0.006760809601664808
ZFAND2B,ENSG00000158552,chr2,219185236,219219651,69,0.8011523721671068,0.8852804186069333,0.8992273496137516,0.8286507363039761,0.8817211888397082,0.7427963511089795,0.8973026218588793,1.4224681999731814,1.2679619292232815
ABCB6,ENSG00000115657,chr2,219199771,219228994,114,0.7234969639755031,0.8642382598576123,0.8748630716484456,0.7719910477324581,0.8422498325569495,0.6020203019137289,0.8142407553527705,1.3948335384403494,1.1826130850013077
RP11-803J6.1,ENSG00000284820,chr2,219199771,219232738,129,0.671416133458449,0.8546921731279276,0.8706548487952899,0.7261325615063634,0.824421209107984,0.49829657905761127,0.7421722738931645,1.430604263819899,1.1867285689843459
ATG9A,ENSG00000198925,chr2,219209379,219239717,159,0.5773843786721028,0.7996262486773434,0.799562390855771,0.6732051544363719,0.7811764442935789,0.43080542622523155,0.6032520163682455,1.176765473548881,1.0043188834058672
ANKZF1,ENSG00000163516,chr2,219219782,219246679,125,0.39322871115780184,0.5523015734885549,0.5919773010787049,0.3918590143064658,0.5637425116247089,0.20340315257203784,0.23573066379807395,0.6002322757741242,0.5679047645480882
GLB1L,ENSG00000163521,chr2,219226597,219255478,146,0.39586299187431306,0.597446493554555,0.5868121601651324,0.486883142781749,0.6411597049785087,0.2650142781991577,0.2761505367279512,0.644912977491285,0.6337767189624913
STK16,ENSG00000115661,chr2,219235454,219260337,125,0.5755378077909841,0.6711629853522438,0.6581899705001604,0.6687292106557141,0.6908340349076829,0.44781261155593743,0.5215675740627189,0.6643804356174985,0.5906254731107167
TUBA4A,ENSG00000127824,chr2,219239709,219287902,268,0.5212858116071378,0.6834090164963886,0.7068982883110714,0.6012499485857702,0.7433159084102482,0.32978028167338647,0.354827970615638,0.8203643294094765,0.7953166404672252
TUBA4B,ENSG00000243910,chr2,219243242,219282197,225,0.5656893269875397,0.7304736952471397,0.6933534130521132,0.684212413224479,0.7595039413365812,0.48151253753782874,0.5193615975684001,0.8295767500963842,0.7917276900658128
DNAJB2,ENSG00000135924,chr2,219269341,219296898,137,0.36541847895568635,0.5810322731334795,0.6400901578257749,0.5231043275395117,0.5879611136886461,0.15142459411346254,0.3618906822035721,0.718536792097967,0.5080707040078574
PTPRN,ENSG00000054356,chr2,219279622,219319648,233,0.27600621657332475,0.3092019460986545,0.28877187580033925,0.2632289802063808,0.2693300885367247,0.17605908604451642,0.18079619925072463,0.19384866383561788,0.18911155062940962
RESP18,ENSG00000182698,chr2,219317406,219343177,178,0.338475438832364,0.360870661853189,0.3130001847795597,0.35973611037102426,0.33724028570736103,0.24271767442811767,0.24109026083454482,0.2049307635425308,0.20655817713610367
DNPEP,ENSG00000123992,chr2,219362042,219410022,298,0.6571306378957948,0.7157794742104747,0.6096823556264054,0.5906838340903181,0.6334544711430555,0.6938081085694594,0.5738198516848678,0.5641967343121564,0.6841849911967479
DES,ENSG00000175084,chr2,219408376,219436735,149,0.5933108004160802,0.5945828381144858,0.5192597121096238,0.5563781922289993,0.6648718635689318,0.5350583192882574,0.3111896264937777,0.3677803933566273,0.591649086151107
SPEG,ENSG00000072195,chr2,219424842,219503629,376,0.533842094449658,0.6649982567844825,0.6330667572172288,0.5227703916690397,0.6747019575532089,0.42713752271815786,0.35518181253048287,0.6664820208240413,0.7384377310117163
RP11-316O14.3,ENSG00000286143,chr2,219481866,219508244,125,0.4901110000032672,0.6917507964832514,0.6125342823248524,0.500805879699304,0.5834270672536551,0.45114052011380884,0.49795661849904455,0.7257062007144842,0.6788901023292486
SPEGNB,ENSG00000286095,chr2,219486130,219508287,103,0.44938432684913215,0.629651644939027,0.6387091142712948,0.42046811122057465,0.5470774327511182,0.28597878486731076,0.3734058522006064,0.707332431245052,0.6199053639117563
GMPPA,ENSG00000144591,chr2,219488864,219523898,175,0.4570209442325522,0.5706596367824731,0.6316603264166182,0.43735999776290274,0.6328212696145001,0.22872003889545028,0.20935701223611025,0.6167852482706824,0.6361482749300222
ASIC4,ENSG00000072182,chr2,219504169,219548772,236,0.4831413346846071,0.6230970119205413,0.5710635285929818,0.4580296668663631,0.5184000223097542,0.3946534054291395,0.4288350171709617,0.5811140452681967,0.5469324335263746
CHPF,ENSG00000123989,chr2,219528947,219553809,144,0.5873781267600553,0.6930839223680165,0.6591974723318006,0.6170560537414419,0.5990776440684696,0.4949762654527533,0.6135300449634142,0.6862046660748659,0.5676508865642049
TMEM198,ENSG00000188760,chr2,219533662,219560595,157,0.6034640242373936,0.6666092113798535,0.6606184330570816,0.5294657526230653,0.6681316449329857,0.47139910399400875,0.37465478067968117,0.6270408336669495,0.723785156981277
OBSL1,ENSG00000124006,chr2,219540727,219581859,231,0.5424458140832705,0.581097478243519,0.6375153211965741,0.4817961790184045,0.5152901141219496,0.31860196113291983,0.4016494639727271,0.5515150699657181,0.46846756712591076
INHA,ENSG00000123999,chr2,219559161,219585711,147,0.4882433207471442,0.45207130285909947,0.5129164228923244,0.4697897495824935,0.48245474614524403,0.276098281778496,0.28871672840091284,0.32551183342766404,0.31289338680524736
STK11IP,ENSG00000144589,chr2,219587856,219626451,179,0.803926582900192,0.8279762795444096,0.8453177422095407,0.7569364974888275,0.8262261369877139,0.7615033995376586,0.7122774908685942,0.9986195025141578,1.0478454111832223
SLC4A3,ENSG00000114923,chr2,219617393,219651980,177,0.723306429153267,0.6853931992541668,0.6755245141227485,0.7531403543547689,0.7375909303786455,0.6578655045257776,0.608758176591959,0.4985661669462059,0.5476734948800246
EPHA4,ENSG00000116106,chr2,221408026,221584202,1103,0.37717056518672565,0.44966070350683535,0.41730870391356134,0.3361661491238827,0.38742960035255775,0.2653025620827746,0.2584261343400272,0.331917726164259,0.33879415390700646
PAX3,ENSG00000135903,chr2,222189886,222308998,657,0.3972489886412365,0.39596750627668703,0.34858553977154516,0.3277110425223318,0.3317093533203553,0.29088459063014704,0.24908110965970606,0.21324269430905757,0.2550461752794986
RP11-384O8.2,ENSG00000288658,chr2,222307241,222330208,58,0.4825143225585594,0.4409472075423058,0.5174635350862647,0.3197197762833317,0.458601060641877,0.25579300697762464,0.1765814902589285,0.32571836241834373,0.40492987913704
SGPP2,ENSG00000163082,chr2,222414542,222572621,948,0.5366161653274572,0.5826667117520753,0.5159190674575559,0.5352591032534596,0.48013443751148677,0.4587832527717773,0.4929801647532984,0.41508687125056076,0.38088995926903957
FARSB,ENSG00000116120,chr2,222556898,222666092,456,0.5291795055824778,0.42036443403046103,0.38086947128341747,0.5006008818520753,0.39119469682316804,0.40959746136544567,0.37172430640951515,0.13575824609637688,0.1736314010523075
MOGAT1,ENSG00000124003,chr2,222661657,222719930,347,0.3864801725197034,0.32221081799118884,0.2540560518012142,0.393662852267649,0.22450112605219516,0.2921784295209848,0.3174946651039715,0.0967405508628838,0.07142431527989707
ACSL3,ENSG00000123983,chr2,222850941,222954639,621,0.6595417717163219,0.6928666384674519,0.6133014808843646,0.5605023784389225,0.5993526324049289,0.6539130759569014,0.5439612878916131,0.5265601473772891,0.6365119354425772
KCNE4,ENSG00000152049,chr2,223041813,223208399,1364,0.6511497535680366,0.6463435933993867,0.7292485136220241,0.5979608079096388,0.6053238807267474,0.39299403946704214,0.5104726703663629,0.6464354005443809,0.52895676964506
SCG2,ENSG00000171951,chr2,223586939,223612361,118,0.2637465006810132,0.2177838082315694,0.14375456632919323,0.21363818487606578,0.29708971035419324,0.19830334267819322,0.06671818920374947,0.04732077390474215,0.17890592737918584
AP1S3,ENSG00000152056,chr2,223741685,223848027,677,0.4095591279214024,0.458624096924429,0.35923283377699533,0.4090898740934927,0.36480851785152874,0.34771903419090294,0.342951988421651,0.2659223771431803,0.2706894229124323
RP11-660K21.1,ENSG00000286239,chr2,223747257,223955299,1277,0.5052338493500401,0.43527317916877817,0.38808772215474846,0.5138736080069256,0.3884712144558063,0.3919584375432683,0.40045326973851125,0.17945473017126123,0.1709598979760183
WDFY1,ENSG00000085449,chr2,223845715,223955357,650,0.6770050073704097,0.5232489901674371,0.5051029230780224,0.665324230272407,0.5167251455697778,0.5837369557378224,0.5540921266709591,0.15702396060648494,0.18666878967334832
MRPL44,ENSG00000135900,chr2,223947462,223977714,204,0.30825299206326484,0.3123178773941301,0.24423306403876435,0.31353483690676837,0.22437880521535222,0.2314706642470531,0.2482686753090127,0.14295791466711483,0.12615990360515533
SERPINE2,ENSG00000135919,chr2,223965044,224049318,650,0.485507785849671,0.22607256268320075,0.3378424181030542,0.5182583802182211,0.3502974741983042,0.25430015222028046,0.2776919268850477,0.0019770078036510097,0.0
FAM124B,ENSG00000124019,chr2,224368697,224412107,375,0.15461092740205898,0.27348551065525617,0.1761239761622101,0.1519136903295729,0.18544351061427072,0.14685997594112754,0.1395791107812644,0.17263687618998677,0.17991774134984995
CUL3,ENSG00000036257,chr2,224460149,224595397,710,0.3295049452766109,0.305375249703174,0.22434142480379232,0.3165837105619616,0.24265070011018533,0.2550398113093115,0.23355195256961486,0.10934369555191073,0.13083155429160742
CCDC195,ENSG00000283428,chr2,224693763,224726365,195,0.5198595772397422,0.3829426388087739,0.3831129333393462,0.45363854639754264,0.2903774739145794,0.36670032695665533,0.37212285355360875,0.11609296454632279,0.11067043794936948
DOCK10,ENSG00000135905,chr2,224755089,225052468,1955,0.3957727146070714,0.5486972988318712,0.45295299373815645,0.4037481679658142,0.43652333734750365,0.3481006463930397,0.3695398948506764,0.4475163404690929,0.4260770920114562
NYAP2,ENSG00000144460,chr2,225389709,225664018,1563,0.5487061922210688,0.6753525849550038,0.5890247739521911,0.5474214905570061,0.5970217128318862,0.5157149559398891,0.504468497610229,0.6093006064019211,0.6205470647315813
IRS1,ENSG00000169047,chr2,226721311,226809820,434,0.14038955132716718,0.41426068067577504,0.43419498587186417,0.20733511979289515,0.4436244278807107,0.058325318412178195,0.09046172836790534,0.47655511753656166,0.44441870758083446
RHBDD1,ENSG00000144468,chr2,226825580,227009215,1001,0.37367850212046755,0.426878622218824,0.3304179513571185,0.3982267351627525,0.34694822858779095,0.3117238258492663,0.31921671338618696,0.2449339302621989,0.23744104272527827
COL4A4,ENSG00000081052,chr2,226992713,227174453,1261,0.4083109366826667,0.503142360700708,0.3738933714597158,0.4258079203688561,0.38376307094136974,0.3779955788331977,0.3850596373961943,0.32145615512576087,0.3143920965627643
COL4A3,ENSG00000169031,chr2,227154623,227324792,1239,0.39814310850529955,0.4123191409354034,0.38790698792028017,0.3618712612676719,0.39241638092944703,0.27421789566502874,0.24126049879468534,0.2573533394570759,0.2903107363274192
MFF,ENSG00000168958,chr2,227315150,227367836,314,0.5732912251906649,0.7107165701714209,0.6843855588368319,0.5410729673990378,0.7305260555564324,0.46938396840556595,0.3539644114684548,0.7709643770112881,0.886383933948399
TM4SF20,ENSG00000168955,chr2,227352037,227391995,230,0.3321695161051845,0.4938800270698429,0.5535527569260934,0.3453713665065141,0.5498916281246597,0.1391341995821524,0.15320090711289158,0.5418473375639523,0.5277806300332131
SCYGR1,ENSG00000284629,chr2,227377682,227397949,122,0.40395433558801885,0.5693372099483324,0.50351850925083,0.40749607880042665,0.5705643847557044,0.32982940291872853,0.2602721088090336,0.5126004818575005,0.5821577759671954
AGFG1,ENSG00000173744,chr2,227462151,227571217,531,0.533902730131236,0.6103635249443885,0.6238486402239241,0.4363983268552886,0.5705502797366353,0.36406917940276606,0.335349004962182,0.5784719103872543,0.6071920848278384
SCYGR2,ENSG00000284643,chr2,227588892,227609255,205,0.465150293370595,0.788628503037741,0.6614672749969868,0.4486307831404485,0.6906534509886207,0.5483865117410263,0.48809777051674863,1.0057515327805857,1.0660402740048631
SCYGR3,ENSG00000284704,chr2,227604537,227624840,143,0.32041373968480946,0.581452958830089,0.5078816988434015,0.3797247559642106,0.5546777323181853,0.2741004779762602,0.2698004433604719,0.5968655131640506,0.6011655477798391
SCYGR4,ENSG00000284631,chr2,227606997,227628655,115,0.32511688107752257,0.6474493119701511,0.6143176125621818,0.3862321706699247,0.6010418113323885,0.24151777639646055,0.30590038190928,0.8010430948416238,0.7366604893288047
SCYGR5,ENSG00000284667,chr2,227656803,227677061,172,0.5665877359688433,0.6366129392948636,0.5859742763391037,0.4884674083926811,0.5904494990433746,0.48326272512085655,0.3949678239692709,0.5290240047380339,0.6173189058896196
SLC19A3,ENSG00000135917,chr2,227673762,227728028,497,0.23784297224151055,0.39303657892598926,0.5624559404148377,0.30053973517449345,0.6944678076753548,0.0,0.0,0.5271309754203228,0.6637702950122093
SCYGR6,ENSG00000284725,chr2,227714439,227734757,157,0.28015763980221703,0.41338868114400723,0.2794377612444509,0.30792923855304677,0.2836348844081543,0.26719618874798856,0.28394729753777337,0.2661966381797315,0.24944552938994669
SCYGR7,ENSG00000284718,chr2,227718334,227738625,150,0.4037068903382372,0.43319765675851585,0.2947197333844216,0.48364375355249656,0.2862873831652854,0.3678037806093853,0.44571404677156634,0.19994085640548453,0.12203059024330343
SCYGR8,ENSG00000284635,chr2,227735844,227756681,211,0.47684025197856605,0.43684874315071726,0.3933254708876264,0.4538080999042281,0.3826856104351875,0.3611563065458385,0.3483075424579942,0.21305071812535048,0.22589948221319484
CCL20,ENSG00000115009,chr2,227795738,227827564,222,0.461211970243898,0.48613414676666855,0.37844285021294416,0.4503062878322408,0.41410614247092414,0.40434933352212943,0.36478522002593766,0.2614436999949671,0.3010078134911589
DAW1,ENSG00000123977,chr2,227861053,227934344,484,0.30882365116143046,0.3698176464495165,0.2979391668041645,0.3028111179827862,0.2828421759575508,0.23868555463841748,0.24499280904536289,0.22306049676060125,0.21675324235365584
SPHKAP,ENSG00000153820,chr2,227969954,228191687,1451,0.30354784134483503,0.41341189954121665,0.34507153877467456,0.29202461818668574,0.29795677242395885,0.2359796578921908,0.2625090332465938,0.2974527503664267,0.2709233750120237
PID1,ENSG00000153823,chr2,228840525,229281287,2787,0.3959135528857361,0.5632837282730618,0.47841259147110377,0.3716785443646187,0.46474791418064465,0.3408155583540989,0.33407873768201135,0.4876560001782034,0.4943928208502908
DNER,ENSG00000187957,chr2,229347628,229724555,3012,0.4314388186058538,0.5179918974812987,0.4266908731639663,0.4306678569229669,0.46166349169288073,0.3690552440470764,0.33690710227966014,0.3607391108209759,0.39288725258839213
TRIP12,ENSG00000153827,chr2,229753836,229933239,839,0.4545592177614245,0.6247208527648235,0.6087626563771898,0.44893060330248924,0.5637027110661219,0.3239026437698694,0.3732741278049329,0.6561824935374934,0.6068110095024299
FBXO36,ENSG00000153832,chr2,229912301,230023119,462,0.3796866700794261,0.4727984453969674,0.4659893630802805,0.3425584745978283,0.47120873503254,0.24518169193579165,0.2112051457329675,0.3949906550706038,0.428967201273428
SLC16A14,ENSG00000163053,chr2,230024981,230078993,351,0.4612153519922341,0.5767664188585734,0.5164086206720884,0.46717677739260466,0.48899063958037514,0.3758776962045172,0.4090146273471466,0.4839533548583966,0.4508164237157674
SP110,ENSG00000135899,chr2,230155185,230235729,636,0.41316426389805,0.4582198307469727,0.5367006809852515,0.48101601559345764,0.5130223239464959,0.18826166489043278,0.27462010488952165,0.4246332867107357,0.3382748467116467
SP140,ENSG00000079263,chr2,230193109,230323215,812,0.33933020598851593,0.42523992808765687,0.3404822985828572,0.37316446255410163,0.3542650264761865,0.2760286220667759,0.2917537739514794,0.27777396943719557,0.2620488175524922
SP140L,ENSG00000185404,chr2,230317183,230413732,782,0.36046627123016933,0.4987950260817854,0.4045322806874307,0.3412441401890524,0.36147419347536675,0.3096739747886602,0.3297746144524468,0.3810661572020222,0.3609655175382357
SP100,ENSG00000067066,chr2,230405941,230555606,1017,0.31890898158553393,0.6359904452531716,0.5528237880776,0.39713327962442696,0.5026308434401462,0.2949159690789023,0.4091057688879062,0.7156591933065275,0.6014693934975237
CAB39,ENSG00000135932,chr2,230702841,230831075,782,0.34742432600202877,0.5926197222139724,0.4764067523027215,0.3348699991815383,0.4288314211446365,0.33889810819926214,0.37285503765746075,0.5591100781128094,0.5251531486546108
ITM2C,ENSG00000135916,chr2,230854638,230889248,240,0.41442219930973345,0.7038149884702818,0.703272593556588,0.3720303484115831,0.6825062679580676,0.2684929108063099,0.2673686088475735,0.9482780701555045,0.9494023721142408
GPR55,ENSG00000135898,chr2,230897317,230971066,652,0.3416040942235707,0.35823193004371484,0.24987748040096286,0.3362880941682462,0.28130408530132867,0.2869792120339142,0.26155923195664865,0.15654909027934283,0.18196907035660842
SPATA3,ENSG00000173699,chr2,230980323,231035055,418,0.2588353576486212,0.3551761611111066,0.2062455090725113,0.2668867171989171,0.2582865564116018,0.2536647677600742,0.22522042735041212,0.1851133497315199,0.21355769014118192
C2orf72,ENSG00000204128,chr2,231027522,231059719,216,0.4024685022993423,0.37600228967639304,0.22199190794339313,0.3443946562868293,0.2712872781548859,0.3677692534823684,0.28866458253045985,0.10383932649026706,0.1829439974421756
PSMD1,ENSG00000173692,chr2,231046844,231183116,639,0.3989113653828479,0.3209316266490377,0.24280860784656721,0.34515666491902636,0.22625770510193685,0.3089535542062201,0.2769381506201432,0.07807990515728941,0.1100953087433664
HTR2B,ENSG00000135914,chr2,231098229,231135042,158,0.35899319829013177,0.32997839126272394,0.20516028023258118,0.3599733587358431,0.2746749060095289,0.3077728656435487,0.26277773633150403,0.09267244962697546,0.13766757893902018
ARMC9,ENSG00000135931,chr2,231188545,231386848,1167,0.3196204551374704,0.28493917169962407,0.24615245600173927,0.3130588898562722,0.27037924200235885,0.21896350998295172,0.19783199334286894,0.11642415537783143,0.13755567201791422
B3GNT7,ENSG00000156966,chr2,231385709,231411164,109,0.31551574699236273,0.4396391025899223,0.3422829808561195,0.23768052246427857,0.4218670287337161,0.2696416902679734,0.15130620489804691,0.3095325528990651,0.42786803826899167
NCL,ENSG00000115053,chr2,231443530,231493641,319,0.4199534427237705,0.6631201358190788,0.4959082767315125,0.377734428441572,0.5378511833497491,0.473839384468212,0.3952744429677563,0.6141895138278678,0.6927544553283235
NMUR1,ENSG00000171596,chr2,231513186,231540445,121,0.3403553092083294,0.7166971428496185,0.5997864833665841,0.1727602944019874,0.6243790570562671,0.3807678202255646,0.23586239438292134,0.8804709667242876,1.025376392566931
TEX44,ENSG00000177673,chr2,231582863,231604276,84,0.6135346937453583,0.5993847928099896,0.5069035487935464,0.6262809361412405,0.3848861418954877,0.5792082958168221,0.706528466121516,0.3355455996206231,0.20822542931592908
PTMA,ENSG00000187514,chr2,231696894,231723551,149,0.3205456221990138,0.5936042626602318,0.667568928340542,0.27290735790482684,0.5584902962936488,0.09278515821411049,0.20078698513610643,0.8076427133880731,0.6996408864660772
PDE6D,ENSG00000156973,chr2,231722432,231796272,263,0.24391626752985932,0.23767248888277637,0.18113119359670568,0.2725290733978495,0.2418815634126639,0.17557538360856423,0.1563222992191988,0.0958036274106937,0.11505671180005914
COPS7B,ENSG00000144524,chr2,231771670,231819254,166,0.10693225850527929,0.39587942921276253,0.2862889625332915,0.14576437037927006,0.2264630724835003,0.1398986075581297,0.20237391075362596,0.3640828729020437,0.3016075697065475
NPPC,ENSG00000163273,chr2,231911808,231936396,140,0.324523472615682,0.6178192552296239,0.5900885408814514,0.35746334507755834,0.6174439197166471,0.23119220157268994,0.22165651023145677,0.7306694268557059,0.7402051181969389
DIS3L2,ENSG00000144535,chr2,231951244,232354350,1567,0.5146075089287885,0.6882880998739864,0.6005065946018119,0.5659231856288076,0.6259369028492359,0.485457674563055,0.5084394484322228,0.6802182402352772,0.6572364663661092
ALPP,ENSG00000163283,chr2,232368723,232392889,76,0.3833922345401696,0.8031929958774278,0.6856469713740246,0.35476397052839803,0.6344186149022804,0.4759076224604486,0.5287022200851239,1.1496240824831256,1.0968294848584503
ALPG,ENSG00000163286,chr2,232396843,232420714,67,0.5711982266825952,0.8261008792413751,0.7592845398313472,0.5313553155763342,0.6872768924886188,0.585950370563458,0.6723765966577817,1.1633295430883315,1.076903316994008
ALPI,ENSG00000163295,chr2,232446124,232470753,0,,,,,,,,,
ECEL1,ENSG00000171551,chr2,232469826,232497834,67,0.3206209938698335,0.49015120424491154,0.34849225650026183,0.2615042938687339,0.3499149005413821,0.315875601815232,0.273064532527305,0.357765474318686,0.4005765436066131
PRSS56,ENSG00000237412,chr2,232510387,232535716,168,0.4156260465090365,0.6835102561591222,0.5865084989727157,0.3461569309836198,0.6332725852642542,0.4022801470674494,0.286107954382921,0.7481842957816441,0.8643564884661723
CHRND,ENSG00000135902,chr2,232515992,232546667,205,0.3852240003171807,0.6864255043355101,0.5933869447147665,0.3063641729448235,0.6216865614170195,0.37316117860759285,0.276747149066194,0.7865571428060386,0.8829711723474375
CHRNG,ENSG00000196811,chr2,232529691,232558115,195,0.4190924681757894,0.7292998701542523,0.6166438356156885,0.3228038491594451,0.6273491684374459,0.44555825108775143,0.35471225459746186,0.8611853516076489,0.9520313480979383
TIGD1,ENSG00000221944,chr2,232533882,232560557,177,0.4239195296040031,0.7113730238107772,0.6274902866531699,0.3372679992721298,0.635817765257176,0.40331796075672655,0.3219519326695629,0.8393022036648006,0.9206682317519642
EIF4E2,ENSG00000135930,chr2,232540673,232593644,408,0.42541440907596384,0.6703998780499096,0.6312666111799413,0.3765933734460123,0.5813798458477919,0.3331499504004324,0.35582003469783,0.7767251605522505,0.7540550762548527
EFHD1,ENSG00000115468,chr2,232596056,232692780,614,0.3775191596161849,0.592015301192941,0.5901851790507482,0.3063401661343845,0.5438874836035312,0.23925908014471314,0.23864172317743337,0.6572665280603893,0.6578838850276691
GIGYF2,ENSG00000204120,chr2,232687298,232870605,1152,0.4009681421531212,0.6700840449352343,0.597597680902224,0.3449285335722086,0.5628417577516617,0.35552746938019025,0.35223411990229275,0.7533898692002149,0.7566832186781125
KCNJ13,ENSG00000115474,chr2,232755801,232786565,188,0.4093273561680321,0.7447232301397358,0.6577185849780718,0.29943801258995845,0.6824881389736848,0.4098891191303129,0.28701963675677067,0.955517831282698,1.0783873136562403
SNORC,ENSG00000182600,chr2,232847269,232888708,275,0.340276910623335,0.4272632846193198,0.26298275282726663,0.4096483934788616,0.3981522463412143,0.3340601303564515,0.2883076810684403,0.22326902200772783,0.2690214712957391
NGEF,ENSG00000066248,chr2,232868700,233023256,1000,0.37474308612102,0.5659965728527747,0.4724339437474351,0.3940314422103249,0.4565761919139195,0.33240715170701374,0.3628821287962762,0.5022956965533041,0.4718207194640416
NEU2,ENSG00000115488,chr2,233022671,233045057,150,0.3470842201380451,0.297480088018294,0.2597155310083842,0.429561127401067,0.3010348101844334,0.23933395841105354,0.2781382291191921,0.11374757530693469,0.07494330459879611
INPP5D,ENSG00000168918,chr2,233049966,233217903,1275,0.38524439188537807,0.5141568425882501,0.47503429509912315,0.39893377949599995,0.47265857183402077,0.2819887806766774,0.2955062631280751,0.43988064786571557,0.42636316541431785
ATG16L1,ENSG00000085978,chr2,233200050,233305674,727,0.4073007229885435,0.3679501428313568,0.39278700605095146,0.4053811259650157,0.36594873814217516,0.24148973834375465,0.2614980766944256,0.21729726167794527,0.19728892332727432
SAG,ENSG00000130561,chr2,233297815,233357055,391,0.40173311521394334,0.22919686009491327,0.3432129456949645,0.3812067502489366,0.3316385220067939,0.17682258327711473,0.16869011037621015,0.0834996856065709,0.0916321585074755
DGKD,ENSG00000077044,chr2,233344493,233482104,964,0.28267516056829584,0.36862695671048235,0.3020203821517551,0.27889282481864763,0.30961920052418224,0.2162597536337127,0.20815697589072366,0.2435986436906997,0.25170142143368873
USP40,ENSG00000085982,chr2,233465519,233576782,764,0.5202795530125478,0.7046222184039164,0.7354002776784268,0.46236887687545536,0.65262911162752,0.31225739823689225,0.3913602489072162,0.9072427281142241,0.8281398774439004
UGT1A8,ENSG00000242366,chr2,233607632,233783300,810,0.36100644702999085,0.3277829817675912,0.22027742698009842,0.34032677614556883,0.22460627416716317,0.2981089312593055,0.2794001917191862,0.09906511553657893,0.11777385507669824
UGT1A10,ENSG00000242515,chr2,233626453,233783305,810,0.36100644702999085,0.3277829817675912,0.22027742698009842,0.34032677614556883,0.22460627416716317,0.2981089312593055,0.2794001917191862,0.09906511553657893,0.11777385507669824
UGT1A9,ENSG00000241119,chr2,233661897,233783300,810,0.36100644702999085,0.3277829817675912,0.22027742698009842,0.34032677614556883,0.22460627416716317,0.2981089312593055,0.2794001917191862,0.09906511553657893,0.11777385507669824
UGT1A7,ENSG00000244122,chr2,233671900,233783300,810,0.36100644702999085,0.3277829817675912,0.22027742698009842,0.34032677614556883,0.22460627416716317,0.2981089312593055,0.2794001917191862,0.09906511553657893,0.11777385507669824
UGT1A6,ENSG00000167165,chr2,233681606,233783300,726,0.3838822279978608,0.3361628903610935,0.24289266312468058,0.3234944481119731,0.24084797433761873,0.30789268932933544,0.2624899383523437,0.10182578708033388,0.14722853805732566
UGT1A5,ENSG00000288705,chr2,233702906,233783300,568,0.3479234878564114,0.37092385467295974,0.253578939631266,0.3869115557527606,0.2549014324092013,0.2993154659814783,0.32925514022730296,0.16418750587347566,0.13424783162765105
UGT1A4,ENSG00000244474,chr2,233708735,233783300,521,0.40434801332961817,0.3552848973880371,0.21419409302739187,0.36022862298567854,0.24827181823713468,0.3580000019225612,0.30010533510419823,0.0809467592193931,0.13884142603775607
UGT1A3,ENSG00000288702,chr2,233719041,233783300,422,0.4041353617853053,0.3691539751882108,0.2445306342957928,0.3782078605409074,0.25310378075894213,0.3490095861428969,0.32200692670514275,0.11168387780611816,0.13868653724387237
UGT1A1,ENSG00000241635,chr2,233750269,233783300,217,0.3736382736570687,0.3678579184906173,0.28928426905211363,0.38640513188659986,0.281850102123304,0.29249279489602853,0.30799226490675125,0.16614830269095157,0.15064883268022888
MROH2A,ENSG00000185038,chr2,233765678,233843423,526,0.46916433500090615,0.43334899611166394,0.41874454944666656,0.453568372295827,0.43292462168866663,0.3293747605535572,0.3025473625254669,0.2386369176314333,0.26546431565952366
HJURP,ENSG00000123485,chr2,233823415,233864566,282,0.31344136585172727,0.38447026167790316,0.27362335341524013,0.3322528878926207,0.2879475038933846,0.2708245321138659,0.27475706541090794,0.2144474866967186,0.21051495339967657
TRPM8,ENSG00000144481,chr2,233907372,234029522,873,0.3848254430071985,0.43695979346019187,0.35372994395385154,0.4258652808992468,0.394248079218408,0.3118578191893907,0.31400534906905714,0.26254641938981405,0.26039888951014756
SPP2,ENSG00000072080,chr2,234040678,234087134,372,0.3038815545138056,0.4875222027573478,0.44920877991943164,0.3105569332543345,0.49784053175028087,0.2171669458166003,0.17576575220870788,0.4513309455447797,0.49273213915267217
ARL4C,ENSG00000188042,chr2,234483040,234507081,165,0.5049624635716986,0.6533940047726455,0.4476703939492735,0.5211014166730519,0.5251702137618411,0.5845389971119916,0.5255170752439919,0.4750276074867799,0.5340495293547796
SH3BP4,ENSG00000130147,chr2,234942016,235065714,952,0.33233814448081916,0.46614639536511265,0.3724746630496884,0.35142239369950384,0.4413841096697253,0.282817916486405,0.23915702948836548,0.34481570974494724,0.3884765967429867
AGAP1,ENSG00000157985,chr2,235484042,236141800,4849,0.4277403203750539,0.5471169148347271,0.4982935780592101,0.41291005756010074,0.4567388765405904,0.33027176750184883,0.357266669818231,0.46184950945113223,0.43485460713475005
GBX2,ENSG00000168505,chr2,236155235,236178386,124,0.2942850699761219,0.21579088911187583,0.09361903519005876,0.25331906977783475,0.14399712374054036,0.24666395281525422,0.18985767420103722,0.0,0.053221896923379725
ASB18,ENSG00000182177,chr2,236184871,236274409,549,0.2412913120039482,0.23868208607028632,0.22303902560260216,0.24958685758153182,0.22075990622472266,0.14823823995116844,0.15519977243449734,0.12446601028539403,0.11750447780206513
IQCA1,ENSG00000132321,chr2,236314146,236517535,1216,0.16148107243034246,0.36984437755284777,0.0840363647972909,0.1753511090179005,0.13428214255475526,0.27506399026528777,0.2551949085231508,0.18672448007824333,0.20659356182038022
ACKR3,ENSG00000144476,chr2,236557786,236592354,231,0.2617632402327197,0.4255652726229921,0.03209034241889929,0.23553571892667366,0.015989878665935,0.4126214863411872,0.4034148425626064,0.14174731820904685,0.15095396198762764
COPS8,ENSG00000198612,chr2,237075881,237110474,225,0.25699683191995004,0.2874145685970773,0.3731399303116986,0.29562580762200463,0.37009728981940493,0.08443925153848544,0.11355555563277814,0.25441621876532255,0.22529991467102986
COL6A3,ENSG00000163359,chr2,237314002,237424328,770,0.2826521162402516,0.30722621117151705,0.22151905688426698,0.3192462971252303,0.27729942288024506,0.2244176758318944,0.21342309101608983,0.1426340802948609,0.15362866511066542
MLPH,ENSG00000115648,chr2,237475427,237565322,789,0.27164826025552136,0.2660747121271745,0.22343232862725732,0.29713311671401216,0.2432036454355464,0.18672387035038399,0.19163736266871625,0.12262417283715304,0.11771068051882083
PRLH,ENSG00000071677,chr2,237556573,237577175,125,0.33840546207988115,0.318302580733892,0.2723037510688821,0.4222420280919551,0.33522092005901916,0.23920010959527235,0.2617345569719617,0.14396927675785953,0.12143482938117012
RAB17,ENSG00000124839,chr2,237564321,237611614,375,0.2553091318792385,0.30362771719989295,0.2229968702435533,0.28235527972374014,0.29144700686723896,0.2021730303909568,0.1745605485549517,0.15969784217831995,0.18731032401432507
LRRFIP1,ENSG00000124831,chr2,237617586,237823682,1546,0.3369786576687376,0.362739279259892,0.31981524902160025,0.3260961528511996,0.32283458894211203,0.2380668430469051,0.22770227212628363,0.2125095693758622,0.2228741402964837
RBM44,ENSG00000177483,chr2,237788388,237852808,308,0.22164696597881647,0.177677857723187,0.15618615473033196,0.1569744302913039,0.20101551799859507,0.13818738770991712,0.0709836472888403,0.057435672408950283,0.12463941283002712
RAMP1,ENSG00000132329,chr2,237848892,237922106,590,0.29746790901445364,0.34521596178164954,0.28614544953993953,0.3103660559881735,0.3066904181549259,0.21971897991124237,0.2143827479754941,0.20373083044654683,0.2090670623822951
UBE2F,ENSG00000184182,chr2,237956826,238052782,550,0.5747196213358552,0.4962299337445795,0.4327807901384883,0.6137994557555896,0.47317849382461813,0.48681625468448303,0.49807017337244613,0.1988190780724458,0.1875651593844826
UBE2F-SCLY,ENSG00000258984,chr2,237957013,238109412,898,0.5265881731063583,0.49171241355198564,0.44102032017349624,0.567957960624285,0.4039086304319252,0.4214276592224833,0.4992894698059086,0.25528021730870176,0.17741840672527642
SCLY,ENSG00000132330,chr2,238050923,238109413,359,0.4276819343320286,0.4478668570569839,0.330488053624801,0.47041146393487926,0.3211052164626225,0.3754100869040695,0.42116593019990567,0.21855597390152803,0.17280013060569194
ESPNL,ENSG00000144488,chr2,238090339,238143287,332,0.33572303883377136,0.38983134223246885,0.3295909512115407,0.3278310941239882,0.31040651056996066,0.2516043729298786,0.25980624656998524,0.24241549895721062,0.2342136253171039
KLHL30,ENSG00000168427,chr2,238128667,238162947,236,0.5462557544308746,0.6549425218655989,0.5306428081557631,0.4847942169693677,0.5207681751118838,0.5489373253176708,0.4958311650597953,0.5151069472217737,0.5682131074796493
ERFE,ENSG00000178752,chr2,238148969,238178900,200,0.5243839196491547,0.5499280493995082,0.43538184440589645,0.47624145383010835,0.42980541506627773,0.48494325786571923,0.44164735502611785,0.31340456090981667,0.3567004637494181
ILKAP,ENSG00000132323,chr2,238160401,238213708,326,0.35289872285092383,0.38624980525166014,0.3089097739207765,0.3662377566933572,0.3002859263623932,0.27696742764695137,0.2935825971925379,0.21119985491760154,0.19458468537201504
HES6,ENSG00000144485,chr2,238228266,238250662,106,0.2292728036556984,0.2057069141916638,0.1676835103260042,0.23254296305959044,0.15220605287569572,0.15359052243223711,0.16492893977965292,0.07671223770970206,0.06537382036228626
PER2,ENSG00000132326,chr2,238234043,238300102,365,0.29679995541640075,0.365489929130285,0.30809314309992736,0.28092914235898225,0.3351072458671865,0.21935602837474333,0.18828398617850192,0.2355460914438218,0.26661813364006315
TRAF3IP1,ENSG00000204104,chr2,238310440,238410897,552,0.31731756609496753,0.3831874550145166,0.38114143907574705,0.33954753427107603,0.3993899571129392,0.1925185374221885,0.19410542034026085,0.29067158069554033,0.2890846977774679
ASB1,ENSG00000065802,chr2,238416741,238462250,257,0.421478182781224,0.3655444877451529,0.3954463477294195,0.3921004182866213,0.35253810808045855,0.24950113524502965,0.25901916996448215,0.20548697369038316,0.19596893897093068
TWIST2,ENSG00000233608,chr2,238838031,238920534,441,0.43881833567008066,0.46237932274525323,0.34432726381802226,0.4826226710674682,0.4059526452709955,0.38810956980535205,0.37939430740484337,0.23249245855208817,0.2412077209525968
HDAC4,ENSG00000068024,chr2,239038167,239411654,2679,0.44481248932759854,0.4848071988277934,0.46288976920649666,0.4038078612934411,0.44244540939599775,0.3150557541782533,0.2981057502919332,0.34815832299139515,0.3651083268777152
NDUFA10,ENSG00000130414,chr2,239882449,240035743,1273,0.42973450603852764,0.3975045781412248,0.361663140234856,0.3998366431365823,0.3302274977492652,0.30971965916070787,0.3082057192339125,0.19695555306013535,0.19846949298693067
OR6B2,ENSG00000182083,chr2,240019490,240040429,161,0.38444697728232996,0.37022608294884707,0.25844960906937003,0.3641486495126141,0.22871597205492658,0.32430820775830965,0.3277431351058721,0.13808617806812912,0.13465125072056666
OR6B3,ENSG00000178586,chr2,240035076,240057027,190,0.2839552559418846,0.28895139747179044,0.17520433714437225,0.29224960971401787,0.17063565149059473,0.24120375554451517,0.24979129015151508,0.09981073798445167,0.09122320337745168
COPS9,ENSG00000172428,chr2,240116562,240146807,245,0.3160644872183904,0.29515451760493333,0.11372409863913363,0.31265178271254385,0.14682757233307075,0.3044706718475544,0.2829486567428419,0.0453060022521318,0.06682801735684427
OTOS,ENSG00000178602,chr2,240129025,240154562,242,0.33306604180089383,0.2929710284461282,0.2009153231116407,0.32646193296873793,0.15296654929858142,0.2637297633442193,0.28793965367053215,0.0829538724283497,0.05874398210203691
GPC1,ENSG00000063660,chr2,240425662,240478076,473,0.3382160796088633,0.4060350895536043,0.28039811675336274,0.37101882265382535,0.30866514803838163,0.30234702771080807,0.30772899997343717,0.21858800697614753,0.21320603471351834
ANKMY1,ENSG00000144504,chr2,240469421,240579209,604,0.4376340585330608,0.7178621273696197,0.6606716748911162,0.3915636596833719,0.637770412313242,0.3800873937068616,0.37337267942244423,0.8852720237779235,0.891986738062341
DUSP28,ENSG00000188542,chr2,240550053,240575256,152,0.43466383086656146,0.6876871721506915,0.6149958455739362,0.3981671623140708,0.6043909106441141,0.389791760625119,0.3720983936279268,0.7739581795055097,0.7916515465027018
RNPEPL1,ENSG00000142327,chr2,240555803,240591372,234,0.4028354357884693,0.6536283199853059,0.595880875739637,0.46199163878547644,0.6096504784935483,0.3348799149825832,0.3697056531085094,0.7253629458072939,0.6905372076813678
CAPN10,ENSG00000142330,chr2,240576733,240627705,127,0.5109432962778233,0.7070261648979618,0.5434999742712676,0.5158808524582839,0.6524027830946,0.5793911445286082,0.44819265583776713,0.6482808294169871,0.7794793181078279
GPR35,ENSG00000178623,chr2,240595429,240641259,7,0.03327050213586555,0.07023821098687409,0.0092817630131063,0.06060101333643936,0.0,0.04866915774924134,0.06767092529322724,0.024157708741364515,0.005155941197378611
AQP12B,ENSG00000185176,chr2,240666417,240692906,0,,,,,,,,,
AQP12A,ENSG00000184945,chr2,240681850,240708483,0,,,,,,,,,
KIF1A,ENSG00000130294,chr2,240703760,240834293,763,0.3591024131765407,0.3925594162814938,0.33391807134304674,0.32375848958347936,0.31896614694613973,0.26852195944774254,0.25278132633631434,0.22997895368146135,0.24571958679288952
AGXT,ENSG00000172482,chr2,240858823,240890502,229,0.2890616410143388,0.2865787583110371,0.17258421221353423,0.34007935509370507,0.16743882501351293,0.24470241821984728,0.28503517051779415,0.09298081299487101,0.05264806069692418
MAB21L4,ENSG00000172478,chr2,240876047,240906889,115,0.27664781728407173,0.255592751811539,0.14811220273492245,0.27779374415166896,0.12171291560200072,0.2293628127662846,0.24541488093901392,0.06580420454129049,0.04975213636856113
CROCC2,ENSG00000226321,chr2,240896329,241003311,365,0.3407957384728565,0.41473230658992016,0.3420625503139103,0.35858829308741313,0.37653121845079507,0.26688118155605983,0.2536565479017885,0.2688047592863607,0.282029392940632
SNED1,ENSG00000162804,chr2,240988617,241105568,745,0.29046211182063814,0.3717621231938022,0.3063437806951958,0.3069081800009891,0.31459214068657787,0.22109948982021466,0.22684399441825867,0.24373690969130146,0.23799240509325753
MTERF4,ENSG00000122085,chr2,241062168,241112332,395,0.20810173188619938,0.44266580534492334,0.35681284486897075,0.22231949119884692,0.3861818304634074,0.1882965208845342,0.17398659463709643,0.39629370768850974,0.41060363393594745
PASK,ENSG00000115687,chr2,241096098,241160264,516,0.277813944466801,0.4118370137019168,0.39093853357025926,0.26836664997401805,0.4179457449593093,0.18019378714321274,0.15101767324234278,0.3505573947679034,0.3797335086687733
PPP1R7,ENSG00000115685,chr2,241139575,241193652,401,0.3701853685373881,0.4946415340506411,0.4251762099919559,0.3924338487339963,0.4077945006688001,0.2955626346558191,0.3284399547974749,0.38692463330055865,0.3540473131589028
ANO7,ENSG00000146205,chr2,241178508,241235377,376,0.41727037906038195,0.482026269286017,0.4558226187713565,0.4531129106716502,0.4530959842247154,0.2946913531281786,0.3289308504850306,0.36313939778778703,0.328899900430935
HDLBP,ENSG00000115677,chr2,241217263,241327061,545,0.3785037908470784,0.5377909899883336,0.513763517296683,0.4173324631325761,0.4687260136705834,0.2631516858199575,0.3396995982561141,0.508586401760999,0.43203848932484235
SEPTIN2,ENSG00000168385,chr2,241305099,241364027,256,0.32210942582784546,0.5181428135489777,0.449808840524081,0.38220888288441773,0.44809144542364043,0.2606937015704243,0.3086697354654816,0.46941380093483265,0.4214377670397753
FARP2,ENSG00000006607,chr2,241346284,241504841,720,0.3271832788004566,0.49089378916607457,0.44597118253795925,0.383335882839839,0.41392054909480924,0.24042117974373045,0.3121147427945142,0.4346774387700281,0.36298387571924445
STK25,ENSG00000115694,chr2,241482669,241519730,139,0.1759287432897736,0.41632282228062073,0.3845598249309266,0.27492246592634223,0.35697691511211904,0.12324398386065835,0.20915462981188834,0.41516324300904434,0.3292525970578143
BOK,ENSG00000176720,chr2,241541423,241584131,193,0.27783383669394424,0.4198206308771373,0.37752582572734006,0.29836116892211556,0.39887714088685305,0.19793242550615867,0.1948992591396348,0.3464855406372521,0.34951870700377596
THAP4,ENSG00000176946,chr2,241574404,241647158,310,0.22971017471830305,0.3712464103611765,0.3106913161499059,0.20264295657271378,0.34105891502125285,0.17646909790108978,0.13667370779198995,0.28754675051628065,0.32734214062538053
ATG4B,ENSG00000168397,chr2,241627212,241683857,390,0.3120064896404515,0.5271447148691408,0.4557920183623686,0.29520704168670536,0.46969587592712375,0.25725898805291253,0.23225623292556657,0.4917069003474265,0.5167096554747724
DTYMK,ENSG00000168393,chr2,241665746,241696944,241,0.2535795329584,0.5355846193342271,0.36663163771353097,0.33067507904057863,0.4485209554108729,0.30136951196748923,0.28665506367389754,0.46560639830400563,0.4803208465975973
ING5,ENSG00000168395,chr2,241677084,241739478,452,0.3327515505483809,0.5469154736859607,0.43525483978599594,0.33952908726293896,0.49770228701510083,0.31244434981721014,0.2589582457578617,0.47923222878334937,0.5327183328426977
D2HGDH,ENSG00000180902,chr2,241724601,241778816,281,0.402624596330673,0.4839029185038037,0.3576129843416422,0.35424714263883966,0.3785552470428622,0.3670528031581749,0.31154527292708156,0.29440758560447877,0.349915115835572
GAL3ST2,ENSG00000154252,chr2,241766821,241814287,0,,,,,,,,,
NEU4,ENSG00000204099,chr2,241799064,241827413,0,,,,,,,,,
PDCD1,ENSG00000188389,chr2,241839883,241868894,0,,,,,,,,,
RTP5,ENSG00000188011,chr2,241859599,241883823,0,,,,,,,,,
FAM240C,ENSG00000216921,chr2,241883987,241912551,0,,,,,,,,,
