gene_name,gene_id,chrom,start,end,n_snps,fst_afr_sas,fst_afr_mel,fst_mel_sas,fst_afr_eur,fst_eur_mel,pbs1_african,pbs2_african,pbs3_melanesian,pbs4_melanesian
WASHC1,ENSG00000181404,chr9,4474,83865,0,,,,,,,,,
FOXD4,ENSG00000170122,chr9,106230,128417,0,,,,,,,,,
CBWD1,ENSG00000172785,chr9,111037,189147,0,,,,,,,,,
DOCK8,ENSG00000107099,chr9,204853,475259,2615,0.3765191477453398,0.7838862604979971,0.7271287261517804,0.4190420640353979,0.7249874961473708,0.352816271592423,0.3920443242245676,1.1791341665272812,1.139906113895137
KANK1,ENSG00000107104,chr9,460290,756106,3161,0.395882288223606,0.6327217629892141,0.590053195199315,0.38300393992939347,0.5975292583830539,0.3069469600371171,0.28719767174766864,0.6946886191386794,0.7144379074281278
DMRT1,ENSG00000137090,chr9,831689,979090,1730,0.4814208222236289,0.7279290187891442,0.6875155964941065,0.5037352547693618,0.697053594814561,0.3975770620419111,0.4040693254066521,0.904115224354425,0.897622960989684
DMRT3,ENSG00000064218,chr9,966654,1001732,283,0.4992439110471002,0.8134732125995534,0.7752571345478579,0.4594776550085651,0.7367643802251536,0.43900910618742683,0.47984698213219235,1.2401713118509767,1.199333435906211
DMRT2,ENSG00000173253,chr9,1039857,1067552,300,0.4175421538144195,0.7207852970792369,0.685326747491065,0.38700624046832577,0.6810040233655572,0.33002611983673413,0.3112989915942558,0.9457481287527362,0.9644752569952145
SMARCA2,ENSG00000080503,chr9,1970289,2203624,2001,0.3196564643841954,0.45760355084012394,0.43434822670856826,0.35803110063987525,0.45630636825344273,0.2135694331032585,0.2228020705175251,0.39818865580827323,0.38895601839400656
VLDLR,ENSG00000147852,chr9,2611181,2670056,526,0.3115523655442256,0.3914029492593861,0.34023662715272734,0.35322358614106597,0.37642839285432755,0.22702043720459208,0.23003091597664824,0.2695784502997748,0.26656797152771866
KCNV2,ENSG00000168263,chr9,2707509,2740037,339,0.273718046925182,0.599655337439427,0.4795865176647804,0.24259125510728446,0.5294181203607486,0.2910573979398041,0.21974817794768559,0.6243720485456872,0.6956812685378058
PUM3,ENSG00000080608,chr9,2710468,2854095,1275,0.35936702135189236,0.3665994129640959,0.40966390020909543,0.38057571739749774,0.4207874275292051,0.18744376835987614,0.19476564766463844,0.26920844971691305,0.2618865704121508
RFX3,ENSG00000080298,chr9,3208296,3536004,2247,0.4204907270278934,0.4036611841474692,0.4072354465861801,0.44039018089284687,0.4003749809654332,0.26978095157345605,0.2930054963718474,0.24716533889451886,0.2239407940961275
GLIS3,ENSG00000107249,chr9,3814126,4358392,5343,0.4806505531507516,0.5047746761566593,0.4533073502718229,0.4836693888367947,0.45305240921926204,0.3770261083613052,0.3801740632077198,0.32571631194057143,0.3225683570941569
SLC1A1,ENSG00000106688,chr9,4480467,4597469,899,0.4136710795649466,0.491877174276189,0.4321941806421874,0.399129258411413,0.4327476072232025,0.32246532043590526,0.3097282901958656,0.35456675727164183,0.36730378751168136
SPATA6L,ENSG00000106686,chr9,4543385,4676674,1160,0.3484973127450051,0.3989887238568551,0.34936304643715715,0.3437978030932591,0.41944486066160896,0.2539059363383077,0.19332869822254495,0.25523564598322557,0.31581288409898833
PLPP6,ENSG00000205808,chr9,4652293,4675258,229,0.37594355132181706,0.362108239835018,0.3143120867062895,0.3371569965867253,0.25755671770946986,0.2718842126810169,0.2814974901679771,0.1777024522631742,0.16808917477621416
CDC37L1,ENSG00000106993,chr9,4669558,4718399,377,0.2943052911293131,0.3255606250972121,0.19431505357182705,0.28900039649344167,0.253260727888134,0.2631917747013095,0.2214588538268387,0.13068171421035396,0.17241463508482485
AK3,ENSG00000147853,chr9,4699555,4752043,542,0.3838748740486649,0.40385692773478127,0.3197975318956773,0.40874501881678854,0.32386759559358713,0.30810750910144674,0.3257080716773018,0.20916707748745128,0.19156651491159626
RCL1,ENSG00000120158,chr9,4782943,4895917,1067,0.3871580897402567,0.441365315918256,0.3825093965661306,0.4763346338985728,0.41431495514700445,0.2949081900410191,0.3470944246349986,0.28735134626963643,0.23516511167565668
JAK2,ENSG00000096968,chr9,4974389,5139948,1112,0.35010901023017993,0.501595380678009,0.396666951941399,0.29845273042578685,0.3905347335951441,0.31100388261560535,0.27781836133703297,0.38533916063368867,0.41852468191226105
INSL6,ENSG00000120210,chr9,5113879,5195647,645,0.27691475411824606,0.5213699822911951,0.3593391216044875,0.26641439099446323,0.3964480291431691,0.30790026535751563,0.27085761721562346,0.4289271202909848,0.46596976843287685
INSL4,ENSG00000120211,chr9,5221418,5245304,210,0.1910845613934615,0.4163240601411776,0.34786637094075457,0.15316291027683146,0.3012979636098069,0.16148222768556045,0.17306269480034567,0.37692711998296163,0.36534665286817647
RLN2,ENSG00000107014,chr9,5289863,5314716,175,0.2524661917133009,0.6298729790260091,0.4961093734895847,0.12171671316137347,0.5505393247969613,0.29974436661895504,0.16199410250804125,0.6941646657091446,0.8319149298200584
RLN1,ENSG00000107018,chr9,5324929,5349876,183,0.4338783132883552,0.7180868655063589,0.5959320869090203,0.2965679796760581,0.5957401352650527,0.4644651027326009,0.35612147435524083,0.8016911864740435,0.9100348148514033
PLGRKT,ENSG00000107020,chr9,5347970,5447925,630,0.383013666638826,0.43038812344586674,0.3863362292457079,0.38242069916582505,0.37913381577482635,0.27870018420797626,0.28405408006174526,0.28409988420182,0.278745988348051
CD274,ENSG00000120217,chr9,5440502,5480566,263,0.35167694572855984,0.6010056633961016,0.43746305136990843,0.364104007672486,0.4228889927603974,0.38843788093921977,0.41090383758932086,0.5303701752289813,0.5079042185788802
PDCD1LG2,ENSG00000197646,chr9,5500530,5581282,532,0.24637216132485448,0.5388445299556411,0.48993095168960277,0.2804521614414174,0.5137226023669065,0.19183374476270537,0.1910881364920698,0.5821863028616397,0.5829319111322753
RIC1,ENSG00000107036,chr9,5619024,5786557,1056,0.34687753662773674,0.6739794876391411,0.5530177614000236,0.30338796071631713,0.5888702261640149,0.37077459303866606,0.29673762681034993,0.7500203852039005,0.8240573514322166
ERMP1,ENSG00000099219,chr9,5755075,5843117,514,0.3669147225907775,0.6267190555918485,0.5385484117488336,0.36270300121215493,0.5777904724795953,0.3345979778730665,0.28684492458266736,0.6508259628130274,0.6985790161034264
KIAA2026,ENSG00000183354,chr9,5871595,6018482,798,0.440306131834755,0.36170104507789885,0.36964709056828776,0.5678217453236691,0.4587703892526631,0.283919194994691,0.3369770011172158,0.16502932901002537,0.11197152288750056
MLANA,ENSG00000120215,chr9,5880888,5920606,200,0.48452225753522565,0.36987519350488,0.40895734063500877,0.5220941108277699,0.42879985860308656,0.29931572210396934,0.3200816018539016,0.1625216515650928,0.14175577181516047
RANBP6,ENSG00000137040,chr9,6001024,6025625,105,0.29349551707686494,0.4078861348659307,0.3863719666438719,0.3389100973665052,0.39169101296128656,0.19155785559199656,0.2204247187211172,0.3324984672475584,0.3036316041184377
IL33,ENSG00000137033,chr9,6205785,6267983,343,0.455313517130751,0.475494015719462,0.4276501743766415,0.44050163213177684,0.45255750749564966,0.3474192305323901,0.31175762537258583,0.2978792111827003,0.3335408163425046
TPD52L3,ENSG00000170777,chr9,6318374,6341891,134,0.7750255921372471,0.8477900407767525,0.7826320975810284,0.7122345493019455,0.8163555460005035,0.9240495342526902,0.7166751163100866,0.9584448663358932,1.165819284278497
UHRF2,ENSG00000147854,chr9,6403150,6517054,669,0.5938730504628221,0.6740462641942345,0.5883087285519297,0.5807079461594015,0.6032285818122484,0.5673038776923278,0.5328962307235393,0.553695944700187,0.5881035916689759
GLDC,ENSG00000178445,chr9,6522466,6655729,1252,0.31259209686707234,0.4421475268681016,0.3272107391631676,0.3141521110662385,0.29624481020829035,0.28108251088650205,0.30471771182155316,0.30257822573850013,0.278943024803449
KDM4C,ENSG00000107077,chr9,6710862,7185648,4184,0.39660470075348037,0.5254499818465601,0.43342466708245125,0.3845201195350434,0.4311616555262341,0.34121288454086585,0.33329114316112757,0.404175369610762,0.4120971109905003
DMAC1,ENSG00000137038,chr9,7786499,7898380,873,0.39569735811504486,0.4080609463715421,0.3496978826492945,0.4534513579419143,0.3565487052286023,0.2988567575056041,0.34378731267705387,0.22549484184416657,0.18056428667271673
PTPRD,ENSG00000153707,chr9,8304245,10623002,22515,0.37875071950071576,0.4262994225770656,0.38727249957332616,0.38393688864719866,0.38915201922701087,0.2709177721747511,0.2735731866738548,0.2847298887107268,0.28207447421162335
TYRP1,ENSG00000107165,chr9,12675438,12720285,370,0.258291781648418,0.5458204895738894,0.5455289196268396,0.4753321431040552,0.6359545909830744,0.14972055730994216,0.21188798136380427,0.6395422043654647,0.5773747803116027
LURAP1L,ENSG00000153714,chr9,12765019,12833060,538,0.38924527961670286,0.48143165198986604,0.4309674018004884,0.47004866413809704,0.537915237361523,0.29296286257614573,0.25982330061915204,0.3637205786963785,0.39686014065337233
MPDZ,ENSG00000107186,chr9,13095705,13289692,1134,0.5431041201925007,0.6714111366426875,0.5965835531001363,0.5860815489468668,0.602754433328616,0.49423091485353265,0.5359168170768958,0.6187170502826149,0.5770311480592518
NFIB,ENSG00000147862,chr9,14071842,14408983,2216,0.4777274588558802,0.6538819642936861,0.6475048167584347,0.48697193653977744,0.6570082229608227,0.33391140746721726,0.32917567169865813,0.7270640109735964,0.7317997467421555
ZDHHC21,ENSG00000175893,chr9,14601070,14703432,819,0.5131479949292411,0.6130902175001803,0.5615804936882477,0.4861207502125193,0.5580119053097624,0.4223898881897914,0.39942918232274427,0.5271738450947958,0.5501345509618429
CER1,ENSG00000147869,chr9,14709723,14732733,226,0.31288982273377947,0.4748709171557865,0.5066754670790017,0.34232715647734024,0.5033538806808805,0.15639187997183784,0.18164065202882496,0.4877192945560465,0.4624705224990595
FREM1,ENSG00000164946,chr9,14727151,14920995,1766,0.4209917612592579,0.5575837470752725,0.498572430888587,0.4336346673709662,0.47045645186111584,0.3358232765610816,0.37414008146562394,0.4796808148119714,0.441364009907429
TTC39B,ENSG00000155158,chr9,15153621,15317360,1411,0.5140893175815914,0.5760360577890459,0.48239016876661744,0.4222755244553608,0.4887680007558079,0.46065189011578134,0.367916648821991,0.39745497920596695,0.49019022049975736
SNAPC3,ENSG00000164975,chr9,15412703,15475953,421,0.4240163851328639,0.5135419035579751,0.4641877493180547,0.5931199422222941,0.5170062501660668,0.3241545605074691,0.4460448916776638,0.39644995325706056,0.2745596220868658
PSIP1,ENSG00000164985,chr9,15454065,15520995,470,0.35353162799698984,0.43780274322638485,0.3455713311138014,0.43896806531786514,0.4734211129631473,0.2940704092948638,0.2562629123899713,0.2818320906760257,0.3196395875809182
CCDC171,ENSG00000164989,chr9,15543042,16071663,3784,0.48536705682271175,0.4900971595062858,0.42478059508455646,0.4660933282449331,0.3959490271065309,0.3924163535880756,0.39848630756946163,0.2811187266606577,0.27504877267927175
BNC2,ENSG00000173068,chr9,16399502,16880843,3986,0.4490434822878633,0.6418635979054454,0.572617146586755,0.5160512176106246,0.5896272106918081,0.3864328433078023,0.4309641314530594,0.640408510402757,0.5958772222575
CNTLN,ENSG00000044459,chr9,17124981,17513923,3223,0.3745397428337066,0.41815364018480494,0.3332472335157399,0.4409755148830704,0.40893433750084474,0.3027401873748897,0.29864134706548123,0.2388086652982278,0.24290750560763635
SH3GL2,ENSG00000107295,chr9,17569065,17807124,2506,0.4316096783755576,0.4844674591435275,0.43489205216815535,0.4140735439585325,0.43347638246231995,0.32838162750284966,0.314439671238926,0.3341732251717443,0.34811518143566783
ADAMTSL1,ENSG00000178031,chr9,17896562,18920950,8612,0.41601054114795033,0.4883257815373004,0.4483702397775317,0.41523789791676724,0.42602024921070947,0.3065306563896161,0.325728082718851,0.36353649213776124,0.34433906580852625
SAXO1,ENSG00000155875,chr9,18848905,19059358,2142,0.36478107971056817,0.4060281795039255,0.3443429192761017,0.4174010712517863,0.3636778423224134,0.27629580730771763,0.3045646837645118,0.24462759367939732,0.21635871722260314
RRAGA,ENSG00000155876,chr9,19039426,19061025,155,0.38160149199638665,0.4744148320138362,0.32530307521271995,0.42786248083144546,0.3447254207349219,0.36518676827130514,0.38945900179086,0.27805626314300713,0.2537840296234523
HAUS6,ENSG00000147874,chr9,19043140,19112904,532,0.32257192876576435,0.4063139554415651,0.3027477160495483,0.37838061091058095,0.2805270837470506,0.2751242834111712,0.3337977681150103,0.24628036045162963,0.18760687574779056
PLIN2,ENSG00000147872,chr9,19098374,19159290,453,0.4324043648140963,0.40991108855650177,0.3512751737056195,0.4232184862853929,0.32740498061068973,0.33054071554632075,0.340580957308179,0.1969413405278967,0.1869010987660384
DENND4C,ENSG00000137145,chr9,19220434,19384281,1316,0.3948271911011396,0.39478632721525075,0.3875138377014724,0.3615262918500069,0.38312103274655357,0.25709300167839166,0.23388302471321049,0.2450807034690181,0.2682906804341993
RPS6,ENSG00000137154,chr9,19365714,19390236,218,0.29759199262514446,0.38798579435781955,0.45733038797053877,0.3159107818470647,0.39779573454403283,0.11649301404043017,0.1817540695186603,0.3745067708651431,0.3092457153869129
ACER2,ENSG00000177076,chr9,19399008,19462505,438,0.2569647984357569,0.3800109569848874,0.3222084773397841,0.2980626825518178,0.3137382885609243,0.19307490220212153,0.22773421176404998,0.28497857145330974,0.2503192618913813
SLC24A2,ENSG00000155886,chr9,19497451,19796928,2309,0.525676248636883,0.5864762900725964,0.603655691403041,0.42795526311933485,0.5111149678894726,0.35171680895024177,0.36297529028918163,0.5313236176052214,0.5200651362662816
MLLT3,ENSG00000171843,chr9,20331668,20632499,1709,0.4320487192399307,0.44480900497380205,0.35179953585272816,0.4204100825367463,0.3718372361133228,0.36030372714223013,0.3344607928454896,0.22813936211206381,0.2539822964088044
FOCAD,ENSG00000188352,chr9,20648308,21005955,1926,0.4601020423949735,0.3905324465240202,0.4277225420721852,0.4439213512126702,0.38496516254190033,0.2767066759563387,0.2979693698554994,0.21846289017943632,0.19720019628027557
HACD4,ENSG00000188921,chr9,20989508,21041640,322,0.4783726476965875,0.6082370553526403,0.5245878964204399,0.4895499936423254,0.4857853382876605,0.42216346053582726,0.4722232305757494,0.5149348946230742,0.4648751245831521
IFNB1,ENSG00000171855,chr9,21067103,21087942,133,0.44441977520887505,0.5088129479154757,0.4729236828150497,0.46007026874852347,0.45638272064174923,0.3291312984953419,0.3588683635755854,0.38179896376406336,0.3520618986838198
IFNW1,ENSG00000177047,chr9,21130631,21151832,108,0.5296840383902898,0.5159350553569382,0.5006869186938823,0.48269793575101255,0.3997249563554177,0.39268239349578415,0.4371485934721429,0.3328538046246524,0.28838760464829366
IFNA21,ENSG00000137080,chr9,21155636,21176660,0,,,,,,,,,
IFNA4,ENSG00000236637,chr9,21176693,21197671,69,0.2886416068781215,0.36530358297663656,0.3402582324667178,0.1820662705735475,0.2877269141235922,0.18964030154429573,0.1581442726707144,0.26496817629124303,0.2964642051648243
IFNA7,ENSG00000214042,chr9,21191468,21212205,65,0.22058250677422522,0.3246223463720283,0.36331765179210385,0.136245911021977,0.27973159549833415,0.09510364166989338,0.1054095376136732,0.2973796160378773,0.2870737200940975
IFNA10,ENSG00000186803,chr9,21196180,21217143,25,0.03153959310077852,0.05003896215439632,0.1194235101199469,0.08250543203368217,0.10813106610036952,0.0,0.011503417639034792,0.07323255703184588,0.03983089038366474
IFNA16,ENSG00000147885,chr9,21206372,21227311,0,,,,,,,,,
IFNA17,ENSG00000234829,chr9,21217242,21238222,0,,,,,,,,,
IFNA14,ENSG00000228083,chr9,21229001,21250005,3,,,,,,,,,
IFNA5,ENSG00000147873,chr9,21294325,21315313,98,0.486167555727026,0.39851024612872515,0.4817689658091608,0.6001921539600297,0.4848074157773323,0.25843485218948015,0.38095125596532564,0.2499109258184784,0.12739452204263296
KLHL9,ENSG00000198642,chr9,21319664,21345404,157,0.3211138072943203,0.27966060606060605,0.3176403734466045,0.4609506368621016,0.4212366963458667,0.16656806236700772,0.1995596200227428,0.16146473519852111,0.12847317754278598
IFNA6,ENSG00000120235,chr9,21339834,21361378,147,0.21976611113528566,0.27513386421907066,0.31705858071417103,0.31468715287966104,0.2797110489610281,0.09429181770130157,0.18577264437079788,0.22747646377644623,0.13599563710694995
IFNA13,ENSG00000233816,chr9,21357423,21378962,133,0.23191186062831462,0.3204061449377321,0.33455359667505713,0.14929978088632723,0.2509772067937254,0.12140676924454466,0.12948477411897874,0.26485316197264874,0.2567751570982147
IFNA2,ENSG00000188379,chr9,21374254,21395398,138,0.34005844888014347,0.3677312025788682,0.305636857469761,0.32807789380921454,0.34045385893727126,0.25464223723706947,0.21992508794778706,0.20379842564267298,0.2385155749319554
IFNA8,ENSG00000120242,chr9,21399116,21420185,147,0.18180998547067212,0.23042098612427406,0.23841776178292218,0.2142689451286315,0.2217871761746107,0.09510760459175632,0.12614856180920475,0.1668040442831839,0.13576308706573553
IFNA1,ENSG00000197919,chr9,21430438,21451316,141,0.27869958698447694,0.2714373295148285,0.2361479408409503,0.29315851612502336,0.10936219252663958,0.1870000243817225,0.27390652136438476,0.12968160591826808,0.04277510893560585
IFNE,ENSG00000184995,chr9,21470838,21492313,103,0.2905628806903519,0.569290968872947,0.48769586691768824,0.4212200938354784,0.5341698367045875,0.2583845556803726,0.31261067605972065,0.5839379629752267,0.5297118425958788
MTAP,ENSG00000099810,chr9,21792635,21947651,1002,0.3193137864769929,0.38454119854243757,0.3204907816946687,0.3246013529632317,0.31762166899480593,0.24182832180889285,0.24783420375509355,0.24355894887012192,0.2375530669239212
RP11-145E5.5,ENSG00000264545,chr9,21792635,22039594,1419,0.36788736788757914,0.39316515174836364,0.374478751072806,0.34239694112618113,0.36934602351639867,0.24450815520303595,0.22882722359443855,0.25499044840258983,0.27067138001118723
CDKN2A,ENSG00000147889,chr9,21957751,22005301,177,0.43615207524390426,0.42431034065405865,0.46704553905260315,0.3416001975588259,0.40248560847493914,0.24791897627583653,0.22757628489370313,0.3042675730654061,0.32461026444753954
CDKN2B,ENSG00000147883,chr9,21992902,22019305,117,0.4036128255818533,0.40172980231212674,0.3928120139573553,0.2514168062514491,0.38162730958156627,0.26583057693691703,0.16131089056216014,0.24788221454310416,0.35240190091786117
DMRTA1,ENSG00000176399,chr9,22436823,22465740,220,0.2757286234779428,0.3433360651761528,0.23540319290382541,0.32285816146781526,0.2682253508361154,0.23738269991407596,0.24908737748430726,0.1832002061795203,0.171495528609289
ELAVL2,ENSG00000107105,chr9,23680103,23836337,1104,0.31759122568510173,0.48029987062319446,0.5015994889600695,0.2992075018684824,0.49084714541485186,0.17013922336926207,0.16751987417537217,0.48436408465333836,0.4869834338472282
IZUMO3,ENSG00000205442,chr9,24532951,24555946,185,0.2109307235113968,0.05033269882944973,0.18410995925779883,0.15805968375334095,0.11402342398134824,0.04253451850940633,0.05131247448011002,0.009109046509897703,0.000331090539194015
TUSC1,ENSG00000198680,chr9,25666968,25688444,112,0.4429064851209434,0.6859117622384414,0.611870869895863,0.3907143494346187,0.5407578435059459,0.3983431491345889,0.4376858796429149,0.7597381714362796,0.7203954409279537
CAAP1,ENSG00000120159,chr9,26830684,26902803,472,0.33547552671425485,0.3308261193702583,0.2954562616397429,0.266607760001274,0.3096355745697085,0.23009502397002735,0.17062513880588612,0.17161631739974073,0.231086202563882
PLAA,ENSG00000137055,chr9,26893371,26957242,424,0.23257849348585236,0.2419776470823455,0.18068601071486673,0.21853391035368178,0.27613811117430775,0.17123679676530554,0.10023562989132773,0.10580560767198674,0.17680677454596455
IFT74,ENSG00000096872,chr9,26937038,27076134,887,0.2799164657981376,0.3515741322450395,0.26605925514899376,0.23972890044461287,0.34383347806046954,0.22613433321631105,0.14297355835154538,0.2070732619515281,0.2902340368162938
LRRC19,ENSG00000184434,chr9,26983135,27015672,189,0.3096831079659823,0.376481047546554,0.36225698477206525,0.3806148179401819,0.40354396340163645,0.19658038310917797,0.21732715490190085,0.27579573433682275,0.25504896254409987
TEK,ENSG00000120156,chr9,27099140,27240174,1328,0.42031706358303245,0.4498697085666301,0.41389227706687115,0.40724843670638383,0.4047725721112818,0.3043112213961817,0.30088416862760237,0.29328891389905903,0.29671596666763833
EQTN,ENSG00000120160,chr9,27274653,27307150,186,0.530268651342988,0.5608961391249567,0.5438371521532369,0.55660378459218,0.5419436778953394,0.3968541221535532,0.4277738487889868,0.42616518659848984,0.3952454599630561
MOB3B,ENSG00000120162,chr9,27315208,27539814,1646,0.43018383672291804,0.451645835485809,0.4330004335249503,0.44980916590892145,0.44993502302330035,0.2979393330344764,0.3003025686312032,0.3028945821424147,0.3005313465456879
IFNK,ENSG00000147896,chr9,27514289,27536498,156,0.497719553346116,0.35161174185429367,0.4184669041833123,0.4782901003262945,0.40904204250817794,0.2898874303889058,0.2789493947828038,0.1433781678628197,0.15431620346892178
C9orf72,ENSG00000147894,chr9,27525639,27583866,386,0.385741927900829,0.5770281065821204,0.49506288741603355,0.3902527606271236,0.46018398359416945,0.3322341436213881,0.36931670474792916,0.5282154043427081,0.491132843216167
LINGO2,ENSG00000174482,chr9,27938077,28680286,5494,0.46905427278190626,0.49885125494831817,0.48221763502029874,0.4679046871726757,0.4751493370928432,0.3328737637045735,0.3385717317146652,0.3579785619469446,0.35228059393685296
ACO1,ENSG00000122729,chr9,32374602,32464769,560,0.4387851983450836,0.7890449511600919,0.7136259023527183,0.45064345386042254,0.7250821953370775,0.4416527369034752,0.43191734524973,1.1144574699719785,1.1241928616257235
DDX58,ENSG00000107201,chr9,32445301,32536208,579,0.32501555161922085,0.4737998171378256,0.4446240998059574,0.35292873244656275,0.4319406677189193,0.2235145469105027,0.2559214975778349,0.4185590159509177,0.3861520652835856
RP11-205M20.8,ENSG00000288684,chr9,32445322,32562603,702,0.31929718335899526,0.4401254378795101,0.42459229493446643,0.346247993092508,0.42144791572833845,0.20599777003938413,0.22892150361879415,0.37404474651786757,0.3511210129384575
TOPORS,ENSG00000197579,chr9,32530543,32562586,151,0.3251384948296535,0.20711871394680106,0.1908330476539792,0.2665221235206377,0.2174659001187794,0.20678977156922182,0.14841091746230828,0.025291999313458324,0.08367085342037187
SMIM27,ENSG00000235453,chr9,32541143,32578621,182,0.32067920061729166,0.16102881191510432,0.20246562537125848,0.2781254466924676,0.25086124666607434,0.16800518801141145,0.1063258783888254,0.007573725873993159,0.06925303549657919
NDUFB6,ENSG00000165264,chr9,32543000,32583184,197,0.31306110321529873,0.16558837554168696,0.23316517544879942,0.23374283908630866,0.20179755360134286,0.1455272616335005,0.11093643438563633,0.035501182241483464,0.07009200948934763
TAF1L,ENSG00000122728,chr9,32619453,32645669,128,0.15773890610599972,0.30032005985783755,0.2066605947434723,0.11145967591629474,0.23622411398744295,0.14864667729275327,0.10291332453533869,0.20848559957508211,0.2542189523324967
TMEM215,ENSG00000188133,chr9,32773539,32799201,197,0.6596194787723345,0.7046222308953544,0.6998681982055275,0.5516866725705762,0.6985428464073813,0.546828857127115,0.41131784218362044,0.6726713115137034,0.8081823264571979
APTX,ENSG00000137074,chr9,32876600,33035130,1132,0.4851839930109259,0.36239113711915166,0.46692340266895876,0.43445320750195776,0.42198673029501144,0.24244290301698407,0.23591702005667975,0.2075873482080151,0.21411323116831937
DNAJA1,ENSG00000086061,chr9,33015272,33049907,247,0.301983287685539,0.467419456847591,0.40206005476391715,0.290957836532741,0.33392833778807873,0.23763420767570564,0.2837517050362991,0.392386930414389,0.3462694330537957
SMU1,ENSG00000122692,chr9,33031764,33086674,343,0.2237632978793768,0.38123155824735677,0.3746060897657202,0.2162602290125811,0.30062619985733363,0.13197418304815386,0.18306624182570236,0.3480499776424822,0.29695791886493367
B4GALT1,ENSG00000086062,chr9,33094081,33177356,497,0.45231809963675745,0.4948684826015462,0.45758149920051255,0.413768393987015,0.43933751180853503,0.3366398268454135,0.31917030433493904,0.34629662627550994,0.36376614878598423
SPINK4,ENSG00000122711,chr9,33208364,33258567,348,0.3673457221308935,0.32135668029804315,0.2886849411681039,0.4413095566381715,0.3536134594914391,0.25242546786628217,0.266730862684242,0.13523412393030146,0.12092872911234159
BAG1,ENSG00000107262,chr9,33237819,33274720,193,0.4348041166524465,0.3999211068647849,0.26445846004845436,0.5270534080663567,0.34379474577241936,0.3870643967831775,0.41909265137049756,0.12362974706798419,0.09160149248066413
CHMP5,ENSG00000086065,chr9,33254878,33292070,164,0.539411373737328,0.4392905492245738,0.4376847002336389,0.6360374831593367,0.5021557069505058,0.38905492554580934,0.44589444881637486,0.18949749513320485,0.1326579718626394
NFX1,ENSG00000086102,chr9,33280511,33381157,438,0.4406547701693156,0.43004299056648043,0.4240305469472997,0.5573560607827794,0.5452542821518379,0.29574105112045956,0.29458352299060775,0.2664532919239241,0.2676108200537759
AQP7,ENSG00000165269,chr9,33373178,33412682,114,0.41229885014028367,0.578506352884164,0.6306799213366479,0.48547870297538215,0.599875180697711,0.19969784674022895,0.30624508618755925,0.6642527269993812,0.5577054875520508
AQP3,ENSG00000165272,chr9,33431155,33457596,145,0.3177385752561428,0.41354992026937226,0.3871533847361154,0.3104270175075106,0.3888394893412262,0.21318475487721134,0.2064774081194487,0.32048297518273117,0.3271903219404938
NOL6,ENSG00000165271,chr9,33451352,33483930,179,0.29888187792623383,0.40406902382854293,0.488075458125495,0.3912362365894975,0.4502236933915684,0.1015656437529131,0.20785581360730226,0.41606478666343494,0.30977461680904583
ANKRD18B,ENSG00000230453,chr9,33514393,33583009,162,0.3682522607390967,0.4891924132184748,0.4348949523048712,0.3070172942752888,0.4399434206116826,0.2801418867256904,0.2293975361117488,0.3916204154645786,0.44236476607852027
PRSS3,ENSG00000010438,chr9,33740678,33809231,52,0.39530673028682123,0.35078186982137405,0.3014745928326431,0.3964869781818934,0.37741177795632486,0.28811836572661764,0.23155211988253022,0.143868151050896,0.20043439689498344
UBE2R2,ENSG00000107341,chr9,33807159,33930399,471,0.33182710695399703,0.3500066174649623,0.33633324622368677,0.30185283124255796,0.30258242946585534,0.2120131407688085,0.21487375054789362,0.21877995609079617,0.21591934631171106
UBAP2,ENSG00000137073,chr9,33911692,34059388,600,0.3826872603994063,0.3664151208416091,0.36137853274129506,0.4119523123143887,0.3576227026830112,0.24514871638537486,0.27236453960377677,0.2112125873459797,0.18399676412757782
DCAF12,ENSG00000198876,chr9,34076386,34137399,293,0.341977093161751,0.5143373762909133,0.43550307320106374,0.32571154942199343,0.4191211705043372,0.28446814098087375,0.2865626392408593,0.437772945061144,0.43567844680115847
UBAP1,ENSG00000165006,chr9,34169004,34262523,377,0.4677690493548999,0.6777799907982132,0.6527175822646571,0.38712102302129997,0.560962469197406,0.3527907641772582,0.3994690601782828,0.7797299441845724,0.7330516481835476
KIF24,ENSG00000186638,chr9,34242379,34339268,410,0.5114615771532206,0.597168483559996,0.48317996891373755,0.45835218834003666,0.4721471767970018,0.4827567331094234,0.44171919123592773,0.4264801446929248,0.4675176865664206
NUDT2,ENSG00000164978,chr9,34319505,34353711,127,0.5100116579866943,0.5683784746049269,0.47442294552096,0.4587596926020759,0.47291750334886046,0.4551606923514175,0.4068499392189741,0.38504548100782016,0.43335623414026353
MYORG,ENSG00000164976,chr9,34356665,34386898,108,0.5036621666902207,0.5848110273047931,0.5261117610823539,0.4641599900355307,0.5208620893554653,0.4163681035536238,0.38358717424758754,0.46265340294878243,0.4954343322548187
C9orf24,ENSG00000164972,chr9,34369018,34407810,135,0.461330151137763,0.5028263406308237,0.505538039314195,0.4030010120561201,0.49400453244219866,0.30659163202649903,0.26671409619198866,0.3922242666605631,0.4321018024950735
FAM219A,ENSG00000164970,chr9,34388183,34468570,300,0.32341005562425634,0.43927475062217985,0.3740387678873778,0.32422385276926985,0.39597554847824923,0.25037364519397587,0.2331385233478776,0.3281505997876165,0.3453857216337147
DNAI1,ENSG00000122735,chr9,34447413,34530988,315,0.3399657138702218,0.3747762971522444,0.3238526346223579,0.29032076957737063,0.32632899148630273,0.2468825173912037,0.2087872813647995,0.22276325133783637,0.26085848736424067
ENHO,ENSG00000168913,chr9,34511042,34532990,78,0.3883081094023519,0.42398260240596924,0.43916833822462614,0.30610213428930294,0.3697659166582584,0.23240474896906832,0.22769197185358164,0.31921266561701045,0.3239254427324971
CNTFR,ENSG00000122756,chr9,34541431,34600140,277,0.49013430053277157,0.5599850623380993,0.5409499936515505,0.4574321665131861,0.5234626806100222,0.35797919858597227,0.34558976348484777,0.4629674048285276,0.47535683992965216
RPP25L,ENSG00000164967,chr9,34600485,34622104,111,0.17464952891009586,0.1781525147544126,0.15942804161013116,0.14958598344283264,0.1263549351575011,0.10723744780428036,0.11157566093773194,0.08896299440031165,0.0846247812668601
DCTN3,ENSG00000137100,chr9,34603544,34630523,142,0.2091940566041988,0.14538664120257216,0.18445750102893957,0.15841579614024465,0.14015360121759501,0.09395352601089403,0.08928690942811301,0.06315259824596745,0.06781921482874845
ARID3C,ENSG00000205143,chr9,34611378,34638086,128,0.27316508693899094,0.3554068446340914,0.26199274420932084,0.2576070165394293,0.29880321296474865,0.22719510613692476,0.1910228843751557,0.21194082194111857,0.24811304370288761
SIGMAR1,ENSG00000147955,chr9,34624721,34647844,89,0.3959243660302434,0.5170062611588037,0.5013479734373355,0.4300647574849945,0.4894865844306216,0.26798034375692603,0.3088228801284917,0.4597712447183648,0.4189287083467992
GALT,ENSG00000213930,chr9,34628132,34661035,137,0.55297621056633,0.6699658883562195,0.61596713639854,0.46331857003714366,0.6459960726601688,0.4783377895302627,0.3462312951596126,0.6302214717159991,0.7623279660866491
RP11-195F19.29,ENSG00000258728,chr9,34636644,34667113,136,0.5950862587333711,0.6258791544186086,0.6566664168937141,0.6039819151216047,0.6183335609044794,0.40910243869239804,0.47313178459898647,0.5740739785383259,0.5100446326317372
IL11RA,ENSG00000137070,chr9,34640701,34671902,140,0.5382677594915394,0.6779028443611705,0.6506246363673623,0.5562935337605166,0.6333811630140455,0.42703189050483625,0.4710307693296161,0.7058701628564763,0.6618712840316965
CCL27,ENSG00000213927,chr9,34651879,34674048,116,0.48866504012217404,0.6759772780361428,0.6244273481395843,0.49305170782700247,0.5231168831168832,0.4091843473500011,0.5329020242229117,0.7177572887806885,0.5940396119077779
RP11-195F19.5,ENSG00000187186,chr9,34654162,34676112,119,0.39970656216587436,0.6877676996103047,0.5889490685726895,0.4657628091884216,0.5569119894644936,0.39265317226452684,0.4884681587421761,0.7713546434187828,0.6755396569411335
CCL19,ENSG00000172724,chr9,34679569,34701276,89,0.3843693741630528,0.48119929689961055,0.23190984896261327,0.3282479752564114,0.26875863655037263,0.4387477157095791,0.3705448987413057,0.2174877555875688,0.2856905725558422
CCL21,ENSG00000137077,chr9,34699004,34720136,104,0.46196953047242384,0.6336667320498747,0.6959083984903893,0.4101558800788252,0.6789625839977715,0.21681278756627953,0.1979555851751239,0.7873990041604564,0.8062562065516121
FAM205A,ENSG00000205108,chr9,34713052,34739488,54,0.4435064446523303,0.5137643179416101,0.5643326245372196,0.4349094610676484,0.6009443645740077,0.23814264601877122,0.18658835512108063,0.4829191841025139,0.5344734750002045
FAM205C,ENSG00000187791,chr9,34879065,34905764,50,0.30366478000987485,0.533227180443785,0.5593763843614296,0.5112719832713274,0.482690001004798,0.152136228442125,0.40937439086588734,0.6097763789946546,0.35253821657089235
PHF24,ENSG00000122733,chr9,34947607,34992544,57,0.4307755752572984,0.5001470112101658,0.5824228963470036,0.3700140128642355,0.5698014250895821,0.191817838457578,0.155995286961929,0.5016234077557652,0.5374459592514143
DNAJB5,ENSG00000137094,chr9,34979640,35008900,96,0.3471542414882844,0.5458787376515095,0.5902234083576058,0.3765051645989687,0.5311327164932103,0.16183111736125938,0.2521851439382814,0.627559901559866,0.5372058749828439
C9orf131,ENSG00000174038,chr9,35031094,35055986,114,0.3669489561963627,0.3996880281413356,0.3377533422395816,0.38366926193594114,0.33437952540573607,0.2776964151642486,0.29362086202539284,0.2326093906327416,0.21668494377159728
VCP,ENSG00000165280,chr9,35043927,35082668,163,0.3549235587754807,0.254386800967544,0.25351018583521967,0.3685904758927454,0.31000268168409756,0.21978073099965673,0.19114068208353532,0.07376758220279825,0.1024076311189197
RP11-182N22.10,ENSG00000288699,chr9,35055338,35084175,110,0.3323799629067855,0.2341270580232348,0.27451175213104173,0.3333397251162943,0.3281927180891653,0.17493233183171075,0.13721496423078308,0.09180666326112794,0.1295240308620556
FANCG,ENSG00000221829,chr9,35063834,35089942,103,0.28360781805259416,0.29221338863924423,0.3410984554628674,0.3828645980061778,0.32053818757419866,0.13097949598821856,0.2209126037923462,0.21463313111233015,0.12470002330820257
PIGO,ENSG00000165282,chr9,35078687,35106601,105,0.4307246709765484,0.3780262453738949,0.3873590642716671,0.5096651187248631,0.4550426026093216,0.27413609899134256,0.2902382075524225,0.2007212832767341,0.18461917471565426
STOML2,ENSG00000165283,chr9,35089775,35113195,102,0.5196852985822809,0.5711607636679683,0.44740116604623226,0.57722611055982,0.5515358678725016,0.49343197806217165,0.4528321901572553,0.353241192709485,0.3938409806144015
FAM214B,ENSG00000005238,chr9,35094111,35126341,166,0.5364412686206526,0.5325335110890883,0.5564851197431789,0.5171153307959835,0.5095537549190765,0.3581129387939565,0.38798272509220555,0.40231467550266403,0.3724448892044151
UNC13B,ENSG00000198722,chr9,35151991,35415338,961,0.45555169661302747,0.5314429863432762,0.5167790627145881,0.48131641491445526,0.5074740423785866,0.3193992361177944,0.3531753105628492,0.4386982545521536,0.40492218010709874
RUSC2,ENSG00000198853,chr9,35480110,35571898,342,0.3041386908349417,0.2411792809198776,0.26478786471166704,0.3551515126510975,0.32760347821963515,0.16549922060331027,0.15891128952236092,0.1104905156299607,0.11707844671091011
FAM166B,ENSG00000215187,chr9,35551830,35573899,81,0.40604652655701257,0.4676637476637477,0.4058871105207106,0.46610326305427463,0.4970377961648076,0.3153741491072542,0.28539625903986426,0.31510578693114366,0.3450836769985337
TESK1,ENSG00000107140,chr9,35595261,35620041,102,0.31216579732373134,0.5981703349282295,0.5308539723449021,0.33438187860414953,0.5743661648086428,0.2645466270320699,0.23229515947008061,0.6471803718521307,0.67943183941412
CD72,ENSG00000137101,chr9,35599978,35656810,272,0.3550656323503242,0.5609737258094752,0.5086386427077919,0.3908491423835057,0.47618636622322524,0.27561364028756535,0.33613301362154907,0.547582377318034,0.4870630039840505
SIT1,ENSG00000137078,chr9,35639294,35660950,142,0.38795473814360154,0.4569099722537071,0.4090451528906185,0.3841369581009113,0.45201895353305604,0.2877067762172185,0.24684813560655217,0.32277339961928025,0.36363204022994666
CCDC107,ENSG00000159884,chr9,35648289,35671511,151,0.43508118649487254,0.40341587437926235,0.45745003953959174,0.37942319099979066,0.4247872262147115,0.23806658080595644,0.2203128232035511,0.2784684345274124,0.29622219212981765
ARHGEF39,ENSG00000137135,chr9,35648874,35685866,219,0.37127904533884776,0.38184367764759036,0.4408698988277751,0.3433705636141492,0.4232184976137509,0.18185428247314128,0.1756787926036431,0.2991596222471497,0.3053351121166479
CA9,ENSG00000107159,chr9,35663917,35691159,130,0.3748396284926512,0.519394397068495,0.5458617043737378,0.4001524405039512,0.5526142787013725,0.20655092694264005,0.2197269379099649,0.5261573706038676,0.5129813596365427
TPM2,ENSG00000198467,chr9,35671991,35700056,119,0.4905738248478027,0.6179694095425804,0.5163947614998706,0.4669825914841664,0.463034948486875,0.4551192996634015,0.48481676012357183,0.5071352941869061,0.4774378337267356
TLN1,ENSG00000137076,chr9,35686947,35742195,196,0.4744543866682917,0.6709564690991141,0.6304377889335663,0.4774574703080157,0.562810423235257,0.3797236647676371,0.46661288113348287,0.7318415594330402,0.6449523430671944
CREB3,ENSG00000107175,chr9,35722597,35746999,83,0.4570504449387104,0.6264418550537867,0.39737220162252157,0.43297540608405677,0.5076924353397761,0.5444824759073652,0.42169129246705334,0.44019913472465827,0.56299031816497
GBA2,ENSG00000070610,chr9,35726865,35759228,123,0.35688567375952546,0.42856810759249786,0.4868386508930307,0.4600469314418277,0.3409591744342139,0.16693889144754542,0.37945661695076827,0.3926710847916365,0.18015335928841358
RGP1,ENSG00000107185,chr9,35739286,35768585,128,0.41695054005513754,0.40408494012950835,0.1454295089127424,0.4178672771246395,0.1644342032375208,0.44999205623664384,0.4395338837274102,0.0676650828324748,0.07812325534170844
MSMP,ENSG00000215183,chr9,35742989,35766613,105,0.3265958064811751,0.12041269395210664,0.21743728047142163,0.35484260398003475,0.16162518799881437,0.13926539488808776,0.19513670511263462,0.0,0.0
NPR2,ENSG00000159899,chr9,35781590,35819732,152,0.3050683756980174,0.5019628343548194,0.41675703575821027,0.30652565004901133,0.3650958764576814,0.260935482156311,0.3044201615896323,0.4361450927762391,0.3926604133429179
SPAG8,ENSG00000137098,chr9,35798044,35822272,94,0.36512552077381955,0.5698386589366771,0.5685354360274102,0.38591087497848997,0.5391755365302136,0.22867650215534446,0.2782360268109846,0.61491842673835,0.5653589020827099
HINT2,ENSG00000137133,chr9,35802959,35825354,81,0.43937632585540576,0.7148787703437616,0.6479877633666127,0.46603916392620254,0.6204241158669362,0.3947284461238587,0.4567864306966703,0.8601123758177429,0.7980543912449314
RP11-112J3.21,ENSG00000285645,chr9,35802959,35838732,138,0.41843200013432846,0.6501643030008494,0.6162689411473983,0.40984100880832963,0.5671028488236866,0.31725285383330226,0.37019993415376923,0.7330388180307718,0.6800917377103047
TMEM8B,ENSG00000137103,chr9,35804450,35875518,341,0.3817372624153813,0.658540467776597,0.5794559525791572,0.4045895312232015,0.5841266636126226,0.34458091113686934,0.35782790497054207,0.729945195933995,0.7166982021003222
FAM221B,ENSG00000204930,chr9,35806390,35838747,131,0.40661305648571155,0.6842838070010269,0.6058802398637638,0.43853094561688327,0.5826206208378186,0.37185985522248305,0.4281752612399544,0.7810517371481986,0.7247363311307271
OR13J1,ENSG00000168828,chr9,35859462,35880401,130,0.4822786095783885,0.7334843082168754,0.6254330981241686,0.3948107670423937,0.682989406534654,0.49932767254199734,0.33785807822002645,0.8229944835803233,0.9844640779022942
HRCT1,ENSG00000196196,chr9,35896201,35917136,119,0.26349166355145,0.534631841547144,0.46347750350134936,0.21988777852463787,0.4401552078717432,0.22405719317812461,0.21657412671264192,0.54086925486804,0.5483523213335229
SPAAR,ENSG00000235387,chr9,35899489,35947153,104,0.24043837210812774,0.5509408416504246,0.47279996102835453,0.21402018359739935,0.44258414460173384,0.2177196198903676,0.2284905454143285,0.5828810242388466,0.5721100987148857
OR2S2,ENSG00000278889,chr9,35947107,35968154,0,,,,,,,,,
RECK,ENSG00000122707,chr9,36026912,36134455,659,0.3311693017140528,0.6623931493695248,0.617880857560506,0.3005488663464819,0.6461878905405422,0.2630373571157805,0.20217164980223568,0.8228358671985558,0.8837015745121006
GLIPR2,ENSG00000122694,chr9,36126535,36173913,350,0.31911015093386047,0.6179279941106531,0.5237045418859912,0.2832636428282224,0.5355201213006469,0.3023920093875813,0.2641781799389471,0.6597541816587944,0.6979680111074285
CCIN,ENSG00000185972,chr9,36159387,36181334,156,0.3250746971934031,0.5213958415116351,0.366754836374307,0.2732077403669971,0.3853950038757842,0.3365685219563278,0.2846102534385997,0.4003128927293492,0.45227116124707734
CLTA,ENSG00000122705,chr9,36180855,36314781,754,0.35566325198110244,0.6110412657903772,0.4749584353733199,0.4980402437749367,0.547695100089697,0.36976898139972675,0.4200592914313109,0.5745130413143626,0.5242227312827785
GNE,ENSG00000159921,chr9,36204440,36287042,434,0.38904051979822124,0.6515490465557294,0.4905329133572846,0.5643087733873802,0.5633223042805319,0.43629620315776685,0.5282596914104409,0.6179615916994459,0.5259981034467718
RNF38,ENSG00000137075,chr9,36326395,36497548,762,0.5468183854848311,0.6181710075985604,0.5373632181678755,0.5694047081682166,0.5329343842957958,0.49171586601275774,0.5220417680488503,0.4710665684647659,0.44074066642867343
MELK,ENSG00000165304,chr9,36562861,36687683,643,0.38185065015666836,0.4890290107868406,0.4277779000822702,0.43408967194156717,0.477537248301763,0.29711978543917617,0.29578026049477096,0.3743226775278675,0.37566220247227283
PAX5,ENSG00000196092,chr9,36823268,37044268,1700,0.527303867908297,0.587752512286419,0.546440831757922,0.5371351748297607,0.5160939947874148,0.4224021938622613,0.46529351910634903,0.46372921778344,0.4208378925393521
ZCCHC7,ENSG00000147905,chr9,37110573,37368149,1065,0.29861967153241903,0.29373868895012856,0.25520685366681845,0.292027642604635,0.250912654452874,0.20391310684274877,0.2021102621175705,0.14385687416115103,0.14565971888632928
GRHPR,ENSG00000137106,chr9,37412665,37446990,161,0.5238307626757649,0.49132967246241144,0.4467346634100473,0.4309287532221081,0.44524989987564506,0.4130097633247146,0.3252336304137072,0.2629453955130793,0.35072152842408677
ZBTB5,ENSG00000168795,chr9,37428101,37475450,191,0.5656033356894353,0.5288470498677673,0.5751131844035877,0.5375489482985321,0.5431825594496826,0.3652186151288832,0.3701578115258596,0.38735388766383033,0.3824146912668541
POLR1E,ENSG00000137054,chr9,37475947,37513697,302,0.24161037851792533,0.4104370636663216,0.3426567221581714,0.2076083217492354,0.3251998631710339,0.19269145566252957,0.1838672715511252,0.33568234681240094,0.3445065309238053
FBXO10,ENSG00000147912,chr9,37500891,37586380,497,0.34803262394668133,0.3546437610594828,0.39396607371768133,0.3277879435082173,0.41021891640864033,0.18244712536868968,0.15356518925136348,0.2555056808489318,0.28438761696625803
RP11-613M10.8,ENSG00000256966,chr9,37502546,37602469,574,0.35718976719196416,0.40997255600363003,0.3516832761235746,0.3315303972131174,0.3899398965771399,0.26805801170984395,0.21807639284897357,0.25952821620624383,0.30950983506711416
TOMM5,ENSG00000175768,chr9,37572645,37602604,160,0.323159837634024,0.5239866096744491,0.3813451059545729,0.332473068278695,0.3567755650138261,0.3262108707986344,0.352611632231163,0.41609842341171865,0.3896976619791901
RP11-613M10.9,ENSG00000255872,chr9,37578412,38078687,3078,0.31674732572382486,0.4471859871975658,0.43197316597605345,0.3177982510739769,0.41149592320485234,0.20401878991403005,0.2224960392746399,0.38871486816161965,0.37023761880100975
FRMPD1,ENSG00000070601,chr9,37640953,37756904,816,0.308734791165586,0.4067104307921394,0.36362106533843,0.29280233548495965,0.37645172682627787,0.21967166372708918,0.1980943314918423,0.3024010231194445,0.3239783553546913
TRMT10B,ENSG00000165275,chr9,37743802,37788972,273,0.3434831483083797,0.27309166744049274,0.31726747169941316,0.3117322639722166,0.3291345042650102,0.1790548534253155,0.14667282470217632,0.1399000459877493,0.1722820747108884
EXOSC3,ENSG00000107371,chr9,37749233,37842117,490,0.3224889253322227,0.3887020326174348,0.3626870204854739,0.3014657673335732,0.3279878685403248,0.21550286827911921,0.22673148691492245,0.27666789874737324,0.2654392801115699
DCAF10,ENSG00000122741,chr9,37790553,37877666,423,0.23727885725268788,0.34626559986486827,0.37019385495802937,0.17303425888715893,0.2882823743671385,0.11678685102864655,0.13748604844113257,0.3082672749850564,0.2875680775725704
SLC25A51,ENSG00000122696,chr9,37869399,37914353,219,0.23442561545377802,0.39785937809467237,0.49229519577283565,0.20829164562207814,0.39061865720217903,0.048269036408117305,0.12275771778130354,0.4589952333385132,0.384506551965327
SHB,ENSG00000107338,chr9,37905897,38079227,1175,0.38320260285488805,0.5329974122011628,0.45717257846834924,0.39057736958941297,0.46847166652135536,0.3168356615234057,0.31233249173124034,0.44458481848005393,0.44908798827221924
ALDH1B1,ENSG00000137124,chr9,38382701,38408661,220,0.4088889420915892,0.5686858213788637,0.42870688050554034,0.39162140589987404,0.49833720167963014,0.40340850439330644,0.32402465168631855,0.4375099973248169,0.5168938500318048
IGFBPL1,ENSG00000137142,chr9,38396527,38434454,351,0.29870290437078306,0.5705041855731025,0.4671630646864887,0.31383233613392686,0.4621341997819627,0.28521355428142997,0.3008151820343971,0.559929728546472,0.544328100793505
FAM95C,ENSG00000283486,chr9,38530568,38587207,126,0.26059277162638167,0.34762809216629054,0.3444117616754499,0.2704175501722692,0.29916169351792676,0.15341227641125407,0.19347264206797096,0.27372819247872743,0.23366782682201057
ANKRD18A,ENSG00000180071,chr9,38561357,38630596,177,0.31334169860824507,0.36547880599493504,0.30030740303565145,0.2781629411403524,0.3370458715018928,0.23684444524621223,0.18489547826575004,0.21804014445208209,0.2699891114325442
FAM240B,ENSG00000283329,chr9,38684262,38730428,302,0.4052494598310745,0.6176913548507724,0.5729524348636086,0.37442298055863654,0.6089541480745285,0.3151401841948528,0.245838695774375,0.6463868408192086,0.7156883292396863
CNTNAP3,ENSG00000106714,chr9,39062766,39298315,0,,,,,,,,,
SPATA31A1,ENSG00000204849,chr9,39345668,39371962,0,,,,,,,,,
ENSG00000283886,ENSG00000283886,chr9,39806598,39884562,0,,,,,,,,,
ANKRD20A2P,ENSG00000183148,chr9,40213284,40276845,0,,,,,,,,,
FOXD4L6,ENSG00000273514,chr9,41116434,41138681,0,,,,,,,,,
CBWD6,ENSG00000215126,chr9,41121305,41209261,0,,,,,,,,,
CNTNAP3B,ENSG00000154529,chr9,41880313,42139510,0,,,,,,,,,
SPATA31A6,ENSG00000185775,chr9,42173658,42199887,0,,,,,,,,,
SPATA31A5,ENSG00000276581,chr9,60904406,60930653,0,,,,,,,,,
SPATA31A7,ENSG00000276040,chr9,61180002,61206280,0,,,,,,,,,
CNTNAP3C,ENSG00000283378,chr9,61320716,61463030,0,,,,,,,,,
ANKRD20A4P,ENSG00000172014,chr9,64359393,64423142,0,,,,,,,,,
FOXD4L5,ENSG00000204779,chr9,65272100,65295209,0,,,,,,,,,
CBWD5,ENSG00000147996,chr9,65658804,65744041,0,,,,,,,,,
FOXD4L4,ENSG00000184659,chr9,65726554,65748784,0,,,,,,,,,
ANKRD20A3P,ENSG00000276203,chr9,66096814,66189474,0,,,,,,,,,
ZNF658,ENSG00000274349,chr9,66846425,66942141,0,,,,,,,,,
SPATA31A3,ENSG00000275969,chr9,66976303,67002583,0,,,,,,,,,
ANKRD20A1,ENSG00000260691,chr9,67822764,67930552,0,,,,,,,,,
CBWD3,ENSG00000196873,chr9,68222002,68310035,0,,,,,,,,,
FOXD4L3,ENSG00000187559,chr9,68292866,68315084,0,,,,,,,,,
PGM5,ENSG00000154330,chr9,68318307,68541061,706,0.3560571757032336,0.4825014740244143,0.4840656830915869,0.3605964634206999,0.4959632611616154,0.2185590633769553,0.21043099721866182,0.44018953882607015,0.4483176049843636
TMEM252,ENSG00000181778,chr9,68526579,68550883,124,0.3314605800030342,0.4018014053143149,0.4497021332631957,0.353939164880528,0.4397142808462856,0.1595984134511212,0.18569283852821405,0.3542340685761671,0.3281396434990743
PIP5K1B,ENSG00000107242,chr9,68695239,69019176,1808,0.5036799553016018,0.5918773946360153,0.5487395121957946,0.4942895328419425,0.5134721512502615,0.40050571368876653,0.42875874160012833,0.4956819326881953,0.4674289047768336
PABIR1,ENSG00000187866,chr9,68770064,68795566,132,0.3773012504946473,0.3541523518302006,0.3435206963263135,0.3691085919813566,0.32528888434400244,0.24500997803092708,0.25217125577257626,0.19218166372937898,0.18502038598772982
PRKACG,ENSG00000165059,chr9,69002503,69024113,137,0.5021753584343026,0.6435879194911367,0.5532749316419827,0.5590654856184409,0.605370935984422,0.4616815720863916,0.4603587811629931,0.5699861159451969,0.5713089068685954
RP11-16N10.2,ENSG00000285130,chr9,69025746,69265187,1632,0.39221870466559317,0.5203338986883763,0.4408172861736817,0.384405242035884,0.47461596010961427,0.3256631059428735,0.2881028262651235,0.40900193346220737,0.44656221313995736
FXN,ENSG00000165060,chr9,69025750,69089076,375,0.3688447147844164,0.39557890753098,0.2576986085571994,0.3773508490580427,0.30609839467494043,0.3328437867560603,0.305915561418039,0.17064036424148302,0.1975685895795043
TJP2,ENSG00000119139,chr9,69111263,69284615,1256,0.4289940790771187,0.5917210883605007,0.47704593325085376,0.40100870368911934,0.46507391640099355,0.40394939295068594,0.39134311969039626,0.4918553382205373,0.5044616114808269
FAM189A2,ENSG00000135063,chr9,69314566,69402558,448,0.6142291867863394,0.5966019347328704,0.49102215379326847,0.5680361893659611,0.4824925596482873,0.5924962480076024,0.5442567695059723,0.3153352015315426,0.36357468003317256
APBA1,ENSG00000107282,chr9,69417531,69682371,1409,0.4342901821957329,0.5533982224946936,0.4654599913614977,0.42568561938332183,0.47658582730130283,0.37470664114020824,0.3566420397808289,0.4313813183602576,0.44944591971963693
PTAR1,ENSG00000188647,chr9,69699521,69770011,427,0.5038177578909755,0.5003671673616472,0.44550896373676835,0.5002091964595822,0.44331178385126396,0.4024945717049916,0.40084874736230675,0.2913872133340599,0.29303303767674466
C9orf135,ENSG00000204711,chr9,69810816,69916227,782,0.48957993092787516,0.7586810922341216,0.6892226018857025,0.42702472097809874,0.6495601364545758,0.4627393970855581,0.46499124860171837,0.958896554416316,0.9566447029001559
MAMDC2,ENSG00000165072,chr9,70033847,70236972,1178,0.4682037436989517,0.5045042081707846,0.4848620528316549,0.520315116573736,0.49715047833866877,0.33518535114525844,0.3746789931026907,0.3670110668794579,0.32751742492202557
SMC5,ENSG00000198887,chr9,70248977,70364873,655,0.43227301496838727,0.4750235224132455,0.4234137985384937,0.46245442480803584,0.4455835222030192,0.3299430165147276,0.33765222190944216,0.31445880547619964,0.3067496000814851
KLF9,ENSG00000119138,chr9,70374603,70424657,249,0.44239523326387287,0.5207184125292573,0.4858689990325759,0.4281916828109768,0.4940115375712984,0.3271473398075132,0.306588515553792,0.40831964920542724,0.42887847345914853
TRPM3,ENSG00000083067,chr9,70519059,71456904,5788,0.4172194836083917,0.41043666483557284,0.3620980164989823,0.41704652744328297,0.35483751864251817,0.3093735619653732,0.3148839719563194,0.21899956402433518,0.21348915403338897
CEMIP2,ENSG00000135048,chr9,71673365,71826690,928,0.44233636540127413,0.4597296458374155,0.36187618710730207,0.4846646956204601,0.4285232011777924,0.3752309811114804,0.3595458645036232,0.2404546277420267,0.25613974434988407
ABHD17B,ENSG00000107362,chr9,71852451,71921193,392,0.7231386187635125,0.5466472841501978,0.630748777677637,0.7258726873277488,0.6270883494650239,0.5395225568955834,0.549416860385429,0.251562277387524,0.24166797389767825
C9orf85,ENSG00000155621,chr9,71901509,71996054,484,0.7188749178395969,0.5424738901592008,0.6012661802731846,0.7184033945808319,0.6184798764529309,0.5657078492288544,0.5428046767157149,0.216213475975905,0.2391166484890448
C9orf57,ENSG00000204669,chr9,72041375,72082721,272,0.4731248400060218,0.44887708088409484,0.3381809185722276,0.5370477463962461,0.35786627699397106,0.4119130031417088,0.46148502974906835,0.1838844078720534,0.13431238126469397
GDA,ENSG00000119125,chr9,72104594,72267193,971,0.33114596120091316,0.3400790217082188,0.34341415045227336,0.370313980958471,0.3851488784909738,0.19856138828993952,0.19589701398319845,0.21707379270085586,0.21973816700759694
ZFAND5,ENSG00000107372,chr9,72341412,72375235,195,0.49884779670509,0.556685038675333,0.4618576132394916,0.4745174840479463,0.3990142035402113,0.44234405926343257,0.4738645852448925,0.3711307286507529,0.339610202669293
TMC1,ENSG00000165091,chr9,72511607,72848297,1898,0.33993398449207934,0.3007404735332229,0.20449652279607008,0.3296481364124077,0.18500686199485616,0.2721843442514714,0.2765551363360026,0.08554897890618074,0.0811781868216496
ALDH1A1,ENSG00000165092,chr9,72890670,73090442,1253,0.5125731550612858,0.549926791067907,0.5171401599896626,0.4911149042733608,0.5149718721578294,0.39446561532352675,0.37516483090437425,0.4038794076104987,0.4231801920296511
ANXA1,ENSG00000135046,chr9,73141864,73180393,256,0.28259786430700123,0.29308734332779407,0.25292608179146364,0.3778456897166067,0.32748236002270087,0.19368787653511546,0.21234417691535462,0.1531602849570537,0.1345039845768145
RORB,ENSG00000198963,chr9,74487334,74703177,1140,0.5291400387387528,0.5727052822069281,0.5196097627545041,0.5303429631427384,0.4860373761208606,0.4351596692247855,0.4702145626657703,0.41512162900668714,0.3800667355657023
TRPM6,ENSG00000119121,chr9,74712494,74898094,832,0.32029940634750426,0.3407055022111652,0.2706561954359456,0.3450963024759907,0.24059424066319038,0.24353889635536474,0.2823164960594289,0.17304606207725093,0.13426846237318674
C9orf40,ENSG00000135045,chr9,74936582,74962912,102,0.27157707965222155,0.23737340050064523,0.1803214361686693,0.3349607573508606,0.18210004346686662,0.19450860308464463,0.23894036416566,0.07647814906743317,0.03204638798641776
CARNMT1,ENSG00000156017,chr9,74970789,75038423,263,0.29965700222854486,0.2820782231922636,0.29763000668823864,0.3950250637625108,0.3519596892206784,0.1671423855744466,0.20008026738166945,0.16425227624473523,0.13131439443751242
NMRK1,ENSG00000106733,chr9,75050572,75098217,320,0.4314403290384404,0.5010358653893842,0.36230048929175085,0.493212821685057,0.3621493010805988,0.40499098829534935,0.4626170766202505,0.29023007204619067,0.2326039837212895
OSTF1,ENSG00000134996,chr9,75078513,75157265,546,0.2584575465661525,0.29629512460327584,0.2663649578138928,0.3527235078684127,0.2647347066697786,0.17033774782126895,0.23942702555527767,0.18105847398055577,0.11196919624654708
PCSK5,ENSG00000099139,chr9,75880643,76372975,3438,0.3730146518434428,0.4829130949186334,0.42615104882187843,0.3744845552618134,0.428998396329652,0.2854936809540916,0.28418016020847087,0.3740506427110417,0.37536416345666235
RFK,ENSG00000135002,chr9,76375525,76404517,129,0.46575589797095224,0.5076715581402357,0.5034836160366539,0.5080230085021997,0.44388474401397826,0.3176864239495216,0.4155764190064417,0.3909227965069248,0.29303280145000477
GCNT1,ENSG00000187210,chr9,76409849,76661203,975,0.35997698592962846,0.50165668824446,0.44940195082165857,0.36863009486197096,0.47240003607746855,0.27298348643150616,0.2584562498069638,0.4234825720047106,0.43800980862925304
PRUNE2,ENSG00000106772,chr9,76601375,76916114,2500,0.38663067805135887,0.45107479769080705,0.3856307839994654,0.3934878713203816,0.39770247685265686,0.3007109646901481,0.2964099559909083,0.29908212558140207,0.30338313428064184
FOXB2,ENSG00000204612,chr9,77009654,77030953,129,0.23692456930426917,0.28145461202717825,0.35223550215873073,0.25302700456178195,0.37529126043991196,0.08334835948326866,0.07589144781036519,0.2471780455186995,0.254634957191603
VPS13A,ENSG00000197969,chr9,77167444,77431537,1446,0.23861084466525273,0.2739207264079559,0.2289293703415731,0.24557391154243835,0.23424247814491722,0.16636572714025785,0.16750216695781056,0.15373035070258287,0.1525939108850302
GNA14,ENSG00000156049,chr9,77413078,77658322,1764,0.3534380623112154,0.546642103606919,0.4977426784052913,0.3885896693518111,0.4931825554685375,0.2692584950505312,0.30172798496862546,0.5218149121174439,0.4893454221993496
GNAQ,ENSG00000156052,chr9,77706096,78041811,1717,0.4403312262043664,0.6677464784757323,0.5390817992353293,0.4261557938393605,0.5871646113337958,0.45386621880791544,0.38627398981790173,0.6479907636174194,0.7155829926074331
CEP78,ENSG00000148019,chr9,78226061,78289690,405,0.35016753657622135,0.30555446705220746,0.2897246051706308,0.3783335618316425,0.31276330384615575,0.22678986996350953,0.23245831953095303,0.13785167618080688,0.1321832266133634
PSAT1,ENSG00000135069,chr9,78287124,78340093,385,0.43141074260420287,0.42987995713511024,0.2689128749099115,0.41428482681783996,0.33174238308373366,0.4066413358333344,0.34687423662104133,0.15526700297624274,0.2150341021885358
TLE4,ENSG00000106829,chr9,79561772,79736882,778,0.5042004161070224,0.7045898363454919,0.6919520751142411,0.4237433007026889,0.6765814909299482,0.3717370469370237,0.3208922306963644,0.8476534561263557,0.898498272367015
TLE1,ENSG00000196781,chr9,81573682,81699547,788,0.4549803862242034,0.5271821187135265,0.44743137017301204,0.4031083986595838,0.45806735773396456,0.3814004267947486,0.32622559323404615,0.36764456683080643,0.4228194003915089
SPATA31D4,ENSG00000189357,chr9,81918427,81944998,0,,,,,,,,,
SPATA31D3,ENSG00000186788,chr9,81933499,81960093,0,,,,,,,,,
SPATA31D1,ENSG00000214929,chr9,81978771,82005253,0,,,,,,,,,
RASEF,ENSG00000165105,chr9,82969589,83073177,699,0.3692557634903965,0.4185961058397118,0.28799342938239975,0.42084013909970847,0.32410616516093554,0.33174814139130804,0.3483835349471214,0.21056145158637193,0.19392605803055868
FRMD3,ENSG00000172159,chr9,83232989,83548546,2161,0.3460168263132025,0.4479357000350284,0.419494494922414,0.37326061967816626,0.4109815660228967,0.23745420782867588,0.2660087207143875,0.3566365462164791,0.32808203333076746
IDNK,ENSG00000148057,chr9,83613048,83654130,201,0.5081346142409079,0.5829853308161764,0.5154498218521365,0.4270268086119367,0.46099880244297203,0.4298248999327015,0.4067563717052238,0.4448089799705042,0.4678775081979822
UBQLN1,ENSG00000135018,chr9,83649967,83717958,398,0.4214083531153582,0.5513506617785988,0.5203181519542031,0.35784537121543775,0.5047612510975182,0.3070198960933241,0.270862259047049,0.4944937841900753,0.5306514212363505
GKAP1,ENSG00000165113,chr9,83729424,83839516,423,0.30934027323404945,0.7124880496769567,0.6106866325925514,0.40748587647101775,0.5812327077786251,0.33661408889339023,0.4497157602531738,0.9098767643741777,0.7967750930143942
KIF27,ENSG00000165115,chr9,83824098,83931465,165,0.31806958048503636,0.12329689074978677,0.13870019621008908,0.25449673532082884,0.08232244185606334,0.18255094668832433,0.16968672277381902,0.0,0.0
C9orf64,ENSG00000165118,chr9,83928310,83966986,185,0.35038350026196347,0.27721007825352706,0.2342612464111846,0.31082742995973167,0.18454155440693243,0.24454776707814996,0.24644771229037551,0.0800888966333265,0.07818895142110094
HNRNPK,ENSG00000165119,chr9,83958082,83990616,170,0.336043097839802,0.2750584519449602,0.24149446820005696,0.36953523672900396,0.28091247835610306,0.22739855080287122,0.22659503054239327,0.0942656999471887,0.09506922020766659
RMI1,ENSG00000178966,chr9,83970797,84014074,221,0.32302283339280247,0.3569144428339582,0.3081587415244053,0.3237091150333747,0.2814824859733379,0.23159824662415102,0.2510221492938733,0.20987925761576945,0.19045535494604715
SLC28A3,ENSG00000197506,chr9,84265456,84350758,665,0.3273391955505697,0.33178306970078086,0.2888761050486554,0.29440166478522056,0.2725727810071425,0.2293739420083864,0.21680510916318366,0.17376847019874517,0.18633730304394797
NTRK2,ENSG00000148053,chr9,84658550,85037054,2051,0.45597795164438387,0.4841845198568457,0.5014185917298798,0.48679577793925033,0.49089389945888096,0.2873916402518292,0.32699437913269797,0.3746145338234579,0.3350117949425891
AGTPBP1,ENSG00000135049,chr9,85536538,85752029,972,0.3514127958425029,0.33030975391577355,0.3053116845108495,0.36411503530541556,0.3506133706612748,0.23480340277656292,0.21097529456061329,0.1661365900003434,0.18996469821629305
NAA35,ENSG00000135040,chr9,85931145,86035462,445,0.2334542911436668,0.1512337288179985,0.1163898192860046,0.2612007628455604,0.14530877545569024,0.15304654656325478,0.15484273829084988,0.010924882970379246,0.009128691242784148
GOLM1,ENSG00000135052,chr9,86016145,86110173,568,0.24188573123219453,0.2821743881365985,0.21691940269737742,0.3461789831822146,0.28912985404726993,0.18196505994098,0.20759237888438672,0.14956355990624712,0.12393624096284037
C9orf153,ENSG00000187753,chr9,86210264,86269657,249,0.35438807067455746,0.5008493965688283,0.5211384262963642,0.26725528408377763,0.47812548766771057,0.19803019453666987,0.17773860558728427,0.4968172237462607,0.5171088126956462
ISCA1,ENSG00000135070,chr9,86254545,86293102,155,0.5033194162079966,0.6420171566037243,0.5911272188728335,0.39994005468287935,0.48035729230941976,0.41636357266783813,0.441691066467537,0.6109066445360551,0.5855791507363561
TUT7,ENSG00000083223,chr9,86277732,86364454,346,0.4343730285807063,0.5357498828704511,0.35855347502620155,0.43416471380322946,0.40409977412381903,0.4465614239233899,0.40955102559521483,0.3207704025275279,0.3577808008557031
GAS1,ENSG00000180447,chr9,86934361,86957506,140,0.2831369979904057,0.29694520829058074,0.15190477982825443,0.20874387497085697,0.17810542398777696,0.2602143082827514,0.19515543489447934,0.09210614208317092,0.15716501547144296
DAPK1,ENSG00000196730,chr9,87487227,87718634,1696,0.3947202835252477,0.4202226644032335,0.3398330510543062,0.33824244848856794,0.3289202144711234,0.3159566084059515,0.2795499680689384,0.229154544889288,0.2655611852263011
CTSL,ENSG00000135047,chr9,87714050,87741469,191,0.4364001434239267,0.44772521445312974,0.3808811952049768,0.43370155668788285,0.3734464358237896,0.3438311077933086,0.3474113002954563,0.24987844886925098,0.2462982563671034
SPATA31E1,ENSG00000177992,chr9,87872876,87898903,85,0.33285937337127675,0.3255155241120154,0.27554207388221175,0.26369684854590103,0.29802211713965293,0.23811472409824783,0.17303329623851038,0.15569189523410318,0.22077332309384054
RP11-350E12.6,ENSG00000283205,chr9,87946213,87966883,46,0.5478139430263397,0.7392847097805774,0.5795052528384818,0.6334657170308189,0.7100446723088233,0.635832285485749,0.5549805596623537,0.7084940236461161,0.7893457494695116
CDK20,ENSG00000156345,chr9,87956440,87984753,0,,,,,,,,,
SPIN1,ENSG00000106723,chr9,88378429,88488694,725,0.32877315354415493,0.41075505530257395,0.13876034172658924,0.3423598602776534,0.07623668023910594,0.38908948940545857,0.4343556631002235,0.13982382701246918,0.09455765331770419
NXNL2,ENSG00000130045,chr9,88524032,88594274,418,0.326018319231387,0.6764832051502928,0.5964598622424044,0.33545162506471005,0.6252601420829195,0.3077886382002014,0.2778143244159285,0.8207156121152896,0.8506899258995624
S1PR3,ENSG00000213694,chr9,88980862,89015155,202,0.45967821488258614,0.5107508206554788,0.4744583503335199,0.37921848518767404,0.43998276348025933,0.3435739670131049,0.30593586040445414,0.371309383068763,0.4089474896774138
SHC3,ENSG00000148082,chr9,88995770,89188818,1111,0.4972825317125623,0.6958713076446345,0.6886773451572279,0.46676276977694275,0.6248358957491728,0.3555529338826644,0.41935073431465186,0.8347514031558304,0.7709536027238432
CKS2,ENSG00000123975,chr9,89301194,89326703,149,0.15304401967216466,0.19512902277896896,0.1508219851073421,0.14274445360528004,0.15631843545466914,0.10984670471248306,0.10055618002818495,0.10722658644084133,0.11651711112513946
SECISBP2,ENSG00000187742,chr9,89308499,89369663,358,0.2609520764616759,0.28092510254463804,0.19598137616238603,0.21457827769579868,0.24812070034544867,0.2070247113168091,0.14307238182954238,0.12276504644686922,0.1867173759341359
SEMA4D,ENSG00000187764,chr9,89350786,89508130,1073,0.4088121391909868,0.3873996231349023,0.34246306823511885,0.4444219944838015,0.34429315958429185,0.2982047827838349,0.3278736228251927,0.1918376866103002,0.16216884656894226
GADD45G,ENSG00000130222,chr9,89595011,89616555,207,0.2162637282401689,0.14732087490047305,0.17322361316876375,0.1935111634332307,0.1566599783917271,0.10641683323427739,0.1020260713086381,0.05295514124296105,0.05734590316860033
DIRAS2,ENSG00000165023,chr9,90599831,90652862,310,0.37369894896052314,0.49401652112090355,0.47060343080252365,0.42463992268253026,0.4407499123899535,0.2565789510924884,0.32642597573330034,0.4246723095717885,0.3548252849309766
SYK,ENSG00000165025,chr9,90791786,90908549,891,0.3823665474732425,0.4234470302746622,0.3968687220145458,0.334530316255602,0.35452345605505153,0.26346389022662176,0.26009192552374577,0.2872241716968509,0.29059613639972676
AUH,ENSG00000148090,chr9,91203814,91371918,705,0.26540339059252105,0.2872068444748694,0.28470184414837174,0.2817418502406024,0.2605903902677222,0.15597097213068897,0.183793501852831,0.1825930329784215,0.15477050325627945
NFIL3,ENSG00000165030,chr9,91399044,91433832,188,0.3356533588967522,0.3648036466896656,0.32946347008776744,0.3874059470354209,0.3328616361376462,0.23154761490129167,0.2695580450299656,0.22227349517457792,0.18426306504590392
ROR2,ENSG00000169071,chr9,91553090,91960228,2655,0.26690228197058913,0.3291788333660138,0.2712543140908535,0.2854151180240686,0.26532576824906295,0.19664925377871864,0.21348904231478266,0.20260344143796039,0.18576365290189636
SPTLC1,ENSG00000090054,chr9,91990086,92125413,773,0.26556368375008504,0.3062153323760338,0.2972828105536714,0.28071265241209653,0.32867952313066917,0.16072243770128575,0.1482896753914632,0.20487120611887225,0.2173039684286947
IARS1,ENSG00000196305,chr9,92200206,92303854,414,0.36355021444563085,0.47861168230588436,0.38775143466748957,0.3926832499725054,0.4228617282361086,0.3062465062831999,0.3001457883116778,0.345013677100497,0.351114395072019
NOL8,ENSG00000198000,chr9,92287357,92335636,200,0.425557704046849,0.45484726043099494,0.42374610255093126,0.3765092588642092,0.41668203759610056,0.3049189876057211,0.2700438900216945,0.3017702798876565,0.3366453774716831
CENPP,ENSG00000188312,chr9,92315952,92630529,1292,0.40545270803354727,0.47559830165234296,0.44903345426990116,0.41181356173587796,0.42834719543973043,0.2846855590466726,0.3084925704920973,0.36081172940193246,0.33700471795650777
OGN,ENSG00000106809,chr9,92373267,92414696,158,0.41845382587799357,0.5104502718335198,0.424019165420569,0.5128301426512925,0.41892068946300653,0.35232662264697745,0.44527182080483296,0.36194260980746257,0.268997411649607
OMD,ENSG00000127083,chr9,92402379,92434471,133,0.4058920233686712,0.5405983896738619,0.4786445000698528,0.424327655792227,0.44746185064935073,0.3236007761747606,0.36840715553958875,0.45422970727742046,0.40942332791259217
ASPN,ENSG00000106819,chr9,92446204,92492506,169,0.42299892450459553,0.40693551336491035,0.4338332038255614,0.448367144133661,0.3826056138910299,0.25174836834546405,0.3175387249455005,0.27070377111787164,0.20491341451783518
ECM2,ENSG00000106823,chr9,92483553,92546655,296,0.4222146708331871,0.4846888961741165,0.419516540291887,0.40778395139682916,0.3733963182304443,0.33382169314816673,0.35971360731188806,0.32916278245738706,0.30327086829366584
IPPK,ENSG00000127080,chr9,92603182,92680131,380,0.34851222144834093,0.5102547341115432,0.43515572384103063,0.28756302418055124,0.4550692677277249,0.2855806634384006,0.22291856259281423,0.42828922514976364,0.4909513259953501
BICD2,ENSG00000185963,chr9,92701362,92774833,250,0.39746058967729375,0.66513676881465,0.5399482446401073,0.33030468225284354,0.5230590997727449,0.4121095079474331,0.3773014103159937,0.6819235876908893,0.7167316853223289
ZNF484,ENSG00000127081,chr9,92834181,92888038,122,0.3936574330736922,0.5240187634533056,0.4067957466350118,0.40270615571661034,0.4317324219984524,0.36023525333981915,0.34628002329561514,0.38214159120739744,0.3960968212516014
FGD3,ENSG00000127084,chr9,92937522,93046236,624,0.3785579390854535,0.3462004688004353,0.2807047112073077,0.3837748574053158,0.2684986406047077,0.285591893430887,0.2982205962870066,0.13936260830091257,0.1267339054447929
SUSD3,ENSG00000157303,chr9,93048687,93095133,268,0.24822942088182148,0.2962471331617131,0.2526376056226801,0.2795173257236037,0.23179418768542637,0.17272351498110233,0.20773216978129888,0.17860451089534404,0.14359585609514744
CARD19,ENSG00000165233,chr9,93086216,93123283,228,0.4498449534229779,0.47809791350865233,0.35988449740439293,0.5089087917645627,0.47403834485391233,0.4008618869872185,0.3594368614433921,0.24941339547780444,0.2908384210216307
NINJ1,ENSG00000131669,chr9,93111495,93144251,244,0.5103872893538268,0.5545658087928385,0.4949542852623793,0.5467897164747731,0.49276986422934316,0.41987000959856186,0.4606571797133486,0.388835752335607,0.3480485822208203
WNK2,ENSG00000165238,chr9,93174915,93330572,893,0.5113673032844368,0.7104464409629028,0.6434546814441671,0.5062006772160376,0.6609877926732243,0.46213263527330284,0.43166095242217295,0.7772823584976665,0.8077540413487962
FAM120AOS,ENSG00000188938,chr9,93421440,93463581,218,0.3500782513123402,0.40113956129340744,0.3465267575491712,0.39099619582707745,0.4082023239917977,0.2590881583584054,0.24203349858823048,0.25363854012791365,0.2706931998980885
FAM120A,ENSG00000048828,chr9,93441684,93576112,649,0.37105830489075614,0.4001347979742043,0.35489079328383905,0.3614043551974586,0.33649434655309685,0.26821568483749864,0.2746581131667238,0.24283462745941004,0.23639219913018486
PHF2,ENSG00000197724,chr9,93566583,93689587,822,0.40211408125114845,0.4593566001713756,0.4252408890304854,0.37188925338122775,0.40421119368071956,0.287773209327903,0.2810825604624626,0.3272221581821605,0.33391280704760096
BARX1,ENSG00000131668,chr9,93941626,93965355,160,0.24654180667538625,0.2927301660495753,0.14158910020608045,0.26063559853671625,0.14529503466118274,0.23837619062756654,0.2456542324315799,0.1079668348044662,0.1006887930004528
PTPDC1,ENSG00000158079,chr9,94020793,94119856,282,0.31573175464797043,0.4150410413890337,0.26416129560372903,0.3568287018617794,0.2738045810093842,0.30443726059869236,0.32881082393599614,0.2317763298332215,0.20740276649591777
ZNF169,ENSG00000175787,chr9,94249297,94311829,342,0.4024588022677646,0.4906604373890619,0.4387469650585876,0.4400322654742444,0.4116911076006877,0.3059944913215734,0.3620066698814091,0.3686458764199192,0.3126336978600835
NUTM2F,ENSG00000130950,chr9,94308195,94338644,7,0.24560424953772056,0.3141410407214475,0.33783962670020184,0.17233074199235238,0.3370692841242147,0.1233369775757685,0.0775700635815938,0.2537462935381086,0.2995132075322834
MFSD14B,ENSG00000148110,chr9,94364568,94471042,83,0.38898003400132103,0.22741436496307796,0.1998259633108524,0.38592423608420956,0.17089403308386283,0.26385601779691187,0.27912103967935203,0.0,0.0
FBP2,ENSG00000130957,chr9,94548719,94603824,289,0.3478609062778285,0.39174338109980267,0.3158871574720506,0.37494069021678594,0.3156743635870771,0.27251171043553474,0.293872877788515,0.22464670506762374,0.20328553771464344
FBP1,ENSG00000165140,chr9,94593132,94650249,402,0.42954716668365917,0.5177681525597064,0.42294306536914894,0.42399784317164485,0.4151438965934926,0.37042035731567724,0.37229235200127575,0.3589099119777884,0.3570379172921898
AOPEP,ENSG00000148120,chr9,94716698,95097159,2169,0.5290928446940046,0.471311916737089,0.4956531447531331,0.5745051360978674,0.5196381434141123,0.35297996990982644,0.3793217331293288,0.2843766857805766,0.25803492256107413
FANCC,ENSG00000158169,chr9,95089053,95436796,1443,0.4416040397215356,0.4825465601831319,0.44853070636121317,0.43574180500613563,0.3856183624085485,0.3231767857698169,0.37197004231374825,0.33565894348883313,0.28686568694490183
PTCH1,ENSG00000185920,chr9,95432979,95527057,449,0.2094849007754163,0.335014022893428,0.3202203090991978,0.23510027304121112,0.30425038484930167,0.12853666499626631,0.1566172117523436,0.2794526606101381,0.25137211385406083
ERCC6L2,ENSG00000182150,chr9,95861263,96131154,1707,0.32613527245882373,0.36559711824854885,0.31284111018182575,0.3285691819169696,0.3108324293376339,0.23730361127238794,0.240572265710937,0.21776745491605606,0.214498800477507
HSD17B3,ENSG00000130948,chr9,96225305,96312176,518,0.3725833312786994,0.41989329148529697,0.35576034658968964,0.4079699946419003,0.355007720556838,0.28550156916710123,0.3151121203543308,0.25904164299908805,0.2294310918118585
RP11-240L7.5,ENSG00000285269,chr9,96225330,96362058,860,0.37910604871485576,0.3991865825121673,0.35448617378564073,0.3950857805281966,0.3202801142672372,0.2741785895250477,0.31303248232708814,0.2352922565537514,0.19643836375171098
SLC35D2,ENSG00000130958,chr9,96303443,96393711,463,0.38212224119128685,0.391791505011556,0.2827244309656188,0.33909533646591383,0.23052453219567037,0.32320350136526865,0.3246685048475675,0.17403403504522866,0.17256903156292977
ZNF367,ENSG00000165244,chr9,96375940,96428370,87,0.21183427064827492,0.2722539981970963,0.2940587692238625,0.12594614130330525,0.2488404092412171,0.10381339880405868,0.08313966341749998,0.2139897914830627,0.23466352686962139
HABP4,ENSG00000130956,chr9,96440168,96501336,252,0.33815296053071475,0.2750049068550899,0.2638856414115608,0.239867095018597,0.18306130121439118,0.21397070318334277,0.1968305796090441,0.10761968904300917,0.12475981261730784
CDC14B,ENSG00000081377,chr9,96480240,96629843,761,0.30851820780515826,0.25402278063635186,0.181220672681862,0.25576889360833943,0.1417483177747548,0.23101900117403515,0.217802997610937,0.062041215116654225,0.07525721867975235
PRXL2C,ENSG00000158122,chr9,96629576,96665317,173,0.36435197962965055,0.5766052390821337,0.6677248002792411,0.45957869975815374,0.7323157010004611,0.1053844257597869,0.07845478525904293,0.7540658684340741,0.7809955089348181
ZNF510,ENSG00000081386,chr9,96744552,96788129,137,0.18789343136932654,0.4311341022161917,0.0,0.3883186033033904,0.003685503685503694,0.3861171292146639,0.5259809834624801,0.17799342393870823,0.03812956969089196
ZNF782,ENSG00000196597,chr9,96806268,96885623,337,0.3314670292579762,0.4995522483929462,0.4246047991985914,0.44143246172377526,0.472409498862026,0.27111173635732044,0.3175984778327135,0.42114034171230547,0.3746536002369124
NUTM2G,ENSG00000188152,chr9,96918309,96950253,0,,,,,,,,,
CTSV,ENSG00000136943,chr9,97019676,97166556,451,0.3596779525604269,0.3509838590530764,0.3221925005005205,0.39555360275814433,0.3288702631084585,0.24459488338371393,0.26847358285663875,0.18770280871527253,0.16382410924234764
CCDC180,ENSG00000197816,chr9,97297303,97388751,523,0.3029339781056091,0.29022841938584093,0.15086932937960398,0.2693367237630243,0.1214528443444106,0.2700725173068034,0.26356447130294225,0.07273956084697825,0.07924760685083931
TDRD7,ENSG00000196116,chr9,97402095,97506125,551,0.3204663267732136,0.25170211728992453,0.26549126958142844,0.33958346316453586,0.2908852406497082,0.18387461743175657,0.18055038164686962,0.10607952393476114,0.10940375971964805
TMOD1,ENSG00000136842,chr9,97491179,97611743,751,0.3999031550483852,0.5714387967866268,0.4659427314159859,0.3736024938082391,0.4076088862536319,0.36536687357298464,0.39575181910015433,0.4819548462676494,0.45156990074047965
TSTD2,ENSG00000136925,chr9,97590079,97643368,332,0.3638565324737366,0.4895720374061016,0.6029761317223276,0.3776082191626502,0.5078761101760281,0.10053902375966356,0.21883324450178498,0.5719667390462196,0.45367251830409816
NCBP1,ENSG00000136937,chr9,97623667,97683748,338,0.3991991931368223,0.5537267861430045,0.6331642068413132,0.4200926751202655,0.6322421870367075,0.1567374009029301,0.17569011293879144,0.6500865264907345,0.6311338144548733
XPA,ENSG00000136936,chr9,97664908,97707340,279,0.38194797714971074,0.48401688915932645,0.613392010054232,0.3671972495821213,0.5771391691895461,0.09625992272889555,0.12928280091596067,0.5654213222362744,0.5323984440492092
FOXE1,ENSG00000178919,chr9,97843225,97866717,163,0.4129240857703927,0.5610541218793971,0.47166579180066426,0.41782775378567244,0.4770483515484766,0.3589770371347187,0.35805090387107735,0.46440212083572024,0.46532825409936157
TRMO,ENSG00000136932,chr9,97894488,97932516,182,0.4774735757844291,0.5166510141681209,0.277953257156991,0.41747638620821,0.25601927747205633,0.525215335317837,0.48583087444019607,0.20180101296240555,0.24118547384004657
HEMGN,ENSG00000136929,chr9,97916790,97954856,136,0.15718379191301116,0.288588450917812,0.26419882081347607,0.2410454303969727,0.18865384308012886,0.10235760878787536,0.20362852780728052,0.23814657651003993,0.1368756574906348
ANP32B,ENSG00000136938,chr9,97973340,98025943,184,0.36444030383545223,0.4434661843838614,0.3779460747111899,0.35094511328087974,0.3665004103794432,0.28227405446509946,0.2808847064618182,0.30375329083867,0.30514263884195125
NANS,ENSG00000095380,chr9,98046731,98093077,243,0.39367877455508743,0.36621346823520035,0.23022700476181396,0.4122455634015506,0.2210260987337807,0.3473644106551423,0.36885569426662324,0.10867867127260761,0.08718738766112666
TRIM14,ENSG00000106785,chr9,98059274,98129222,399,0.3616187401109659,0.37394701383661827,0.2398746907454026,0.31861108629860946,0.24460705846482203,0.3214339392116907,0.2857125500223047,0.14688632981879934,0.18260771900818543
CORO2A,ENSG00000106789,chr9,98110974,98202637,655,0.30770028276845296,0.3930100379101836,0.33049661909924916,0.3062116654743831,0.3047576083404846,0.23288013037524488,0.2506683271046005,0.2663628946037077,0.24857469787435207
TBC1D2,ENSG00000095383,chr9,98189010,98265649,526,0.3284869185184893,0.3496768178058502,0.289602740112998,0.3013299081443603,0.2657231170583104,0.2432883370261471,0.23999667962745036,0.18699749925533438,0.19028915665403112
GABBR2,ENSG00000136928,chr9,98278108,98718935,2631,0.41129191760499173,0.45930873679040224,0.43419028336351,0.46245412038614514,0.4356847769780665,0.28761711392272765,0.3317528643377794,0.327289727097544,0.28315397668249226
ANKS6,ENSG00000165138,chr9,98721328,98806965,416,0.6143247832007791,0.47687064935064943,0.510047911730104,0.6186155035643756,0.532390095416496,0.44361926018765535,0.42587644449539264,0.20430726093184715,0.22205007662410986
GALNT12,ENSG00000119514,chr9,98797669,98860081,383,0.4561750464186725,0.5512060161863654,0.45966081582886364,0.5349103561753178,0.4421256612939894,0.3973804862765791,0.49154744902798025,0.40381084363675374,0.30964388088535255
COL15A1,ENSG00000204291,chr9,98933178,99080792,1048,0.3276345422430885,0.38492027916359806,0.3268622767984674,0.2988985079173028,0.320201886567366,0.24357565648933724,0.22757329793268533,0.24242773571092097,0.2584300942675729
TGFBR1,ENSG00000106799,chr9,99094037,99164192,328,0.21376573638153623,0.2023047323328158,0.1395279317677283,0.23192036392753165,0.1430259312779927,0.15812749320650832,0.1677714319595941,0.06790113134801845,0.0582571925949327
ALG2,ENSG00000119523,chr9,99206424,99231942,112,0.304120946790941,0.42920079920079923,0.45560709989300185,0.24160918747872231,0.43566861954512043,0.1576065757103996,0.13258029494996248,0.4031112178115906,0.42813749857202776
SEC61B,ENSG00000106803,chr9,99212063,99240615,141,0.3241631769412102,0.556398528857035,0.6311545985442903,0.26387296306789626,0.6140468902418513,0.10362731812331932,0.08357094177613511,0.7092013890153255,0.7292577653625096
NR4A3,ENSG00000119508,chr9,99811854,99876891,253,0.35767456660994207,0.43444855913949254,0.31963396037952446,0.3530835267091899,0.4177971515854373,0.31374494417271837,0.2322778791977469,0.25620907811976273,0.33767614309473415
STX17,ENSG00000136874,chr9,99896653,99984534,337,0.38589962109949016,0.4297000481558932,0.34517164755298757,0.5051112206099289,0.38629994066583817,0.3129037854410853,0.3883830410576432,0.24868903981814353,0.17320978420158561
ERP44,ENSG00000023318,chr9,99969184,100109000,586,0.5374225006670862,0.5103835783300489,0.46117326335657616,0.44069640962694423,0.3926707280598189,0.43335648209698574,0.39825584400813935,0.2807765252569743,0.3158771633458206
INVS,ENSG00000119509,chr9,100089242,100312175,1061,0.40562137493638484,0.4720871548652062,0.4487980050330261,0.34119891653896195,0.40271873392131885,0.2817044408554209,0.2703952834690345,0.35711963407793895,0.3684287914643254
TEX10,ENSG00000136891,chr9,100292076,100362942,362,0.5180754978265222,0.33588708661009486,0.41788830233645596,0.33020702353052395,0.21627367166542252,0.29908898804525424,0.28319715389607397,0.1102141056313583,0.12610593978053858
MSANTD3,ENSG00000066697,chr9,100417142,100461734,230,0.14597017097807066,0.2632094339075014,0.1979060350729776,0.1520161895725536,0.20242468849778458,0.12135562024662133,0.12208315928406607,0.18409597776822056,0.18336843873077582
MSANTD3-TMEFF1,ENSG00000251349,chr9,100432270,100587636,860,0.2063076215495503,0.27793718705933956,0.20695746699394937,0.2317992018429999,0.23187685808167735,0.1624120238061727,0.16277102588348868,0.16323112153452035,0.16287211945720428
TMEFF1,ENSG00000241697,chr9,100463148,100587636,690,0.21357891962379957,0.29080005642852924,0.18218588783887263,0.23888353616784228,0.23410421790598776,0.1913802368655695,0.17493875172889795,0.15223754748297202,0.16867903261964357
CAVIN4,ENSG00000170681,chr9,100568078,100598389,211,0.2093447434181223,0.2172966945174928,0.1617226463766032,0.2631900015892485,0.17837734426120425,0.1517442756285169,0.17697637674171784,0.09325729937235701,0.0680251982591561
PLPPR1,ENSG00000148123,chr9,101018726,101335135,2171,0.3654197157146157,0.5106899480295631,0.4580543408184891,0.36004441389004677,0.413888700468235,0.2784804315993347,0.31343493128313427,0.4362785057253975,0.40132400604159796
BAAT,ENSG00000136881,chr9,101344181,101395400,342,0.15776767862633026,0.21076049832443472,0.2315781413574817,0.19769288650171615,0.30716888060654585,0.0724842192107408,0.04499012935456559,0.16420123406817994,0.19169532392435518
MRPL50,ENSG00000136897,chr9,101377632,101408618,175,0.3678124066712191,0.5857696333412868,0.5173994984325312,0.3511106911204835,0.5276807954328623,0.3056680181054437,0.2818629554249048,0.575665000602759,0.5994700632832981
ZNF189,ENSG00000136870,chr9,101388850,101420660,189,0.39498352456450725,0.6858872818760343,0.5805734441083111,0.40123907088729954,0.6126226404093839,0.39581806401012015,0.36127014405967633,0.7621853185627554,0.7967332385131994
ALDOB,ENSG00000136872,chr9,101410559,101459664,288,0.4319471591765639,0.728144981758969,0.6291787516760624,0.4234021438873362,0.6632117510022753,0.437996034002046,0.38239785026574336,0.8644903419630586,0.9200885256993612
PGAP4,ENSG00000165152,chr9,101463169,101543537,469,0.3146415668381183,0.39008563986233,0.3175144869502283,0.29031463439447125,0.3303550482951358,0.2451180319605787,0.2181813246016301,0.24931869292718606,0.2762554002861347
RNF20,ENSG00000155827,chr9,101523852,101573344,227,0.13540879337371267,0.3236732678740605,0.23998853815798965,0.16399043290114748,0.2087259827700868,0.13107785048397952,0.16804162888423377,0.2600011376750146,0.22303735927476032
GRIN3A,ENSG00000198785,chr9,101559351,101748647,1371,0.29994560141410836,0.5116628617890818,0.40226923052858976,0.3245710266601569,0.41309049952752863,0.2793658223392187,0.2881359422883527,0.43738343233202015,0.42861331238288614
PPP3R2,ENSG00000188386,chr9,101581603,101605021,155,0.19943263344980494,0.3523734324585039,0.3397555894784398,0.17442205722121745,0.27265443427124714,0.12086521717943643,0.1538795256773052,0.31357581622443775,0.28056150772656896
CYLC2,ENSG00000155833,chr9,102985310,103028488,314,0.5871600073496771,0.6867857980725937,0.6778654489293494,0.5015280558186991,0.5356687247690188,0.4563885995678031,0.5449594583395532,0.7044793717299151,0.6159085129581652
SMC2,ENSG00000136824,chr9,104084259,104151419,601,0.3543565181402128,0.39743402524655513,0.3164098564615478,0.31946812379614337,0.3114221616666405,0.2818345924245873,0.25915591067683946,0.22472352552214075,0.24740220726988865
OR13F1,ENSG00000186881,chr9,104494262,104515222,135,0.5505915453457608,0.5470606247416131,0.3778022309279209,0.47477523379073955,0.37675533822006213,0.5586614090184303,0.4815549260272962,0.23333558288831724,0.31044206587945133
OR13C4,ENSG00000148136,chr9,104516252,104537209,150,0.3120707721293914,0.40323688673654945,0.28812881903208504,0.2800917643704786,0.38836839176814625,0.2752230213990994,0.17662072004993207,0.2410120181380837,0.33961431948725107
OR13C3,ENSG00000204246,chr9,104525748,104546856,162,0.32213324867617454,0.37446325955159865,0.3130112681332997,0.21210473181168163,0.33672547510295453,0.24125618328264253,0.1484845048123714,0.22788902979026116,0.3206607082605322
OR13C8,ENSG00000186943,chr9,104559167,104580130,180,0.41031967162063854,0.7942424412274753,0.6167373517835536,0.309718520609825,0.6679873321773996,0.5750983242078456,0.4245651855871708,1.0059583782368828,1.1564915168575574
OR13C5,ENSG00000277556,chr9,104588456,104609413,200,0.28771975420711937,0.5877329594215532,0.44704146864542893,0.2826730639076286,0.529817911804147,0.31644777772062166,0.2318361548668576,0.5696362051310475,0.6542478279848115
OR13C2,ENSG00000276119,chr9,104594670,104615627,202,0.2869100678282604,0.5484017413617274,0.4352155746441498,0.29263270468253955,0.5106644597881844,0.2808994342269322,0.21323034484705988,0.5140628684696995,0.5817319578495718
OR13C9,ENSG00000136839,chr9,104607247,104628204,176,0.3358989533705195,0.5739617620957722,0.45549485990865873,0.3473153715109644,0.48529574690712146,0.32733462109720823,0.307862295781037,0.5258915553052137,0.545363880621385
OR13D1,ENSG00000179055,chr9,104684517,104705462,143,0.2685233979051996,0.5137565503279788,0.5040000053409429,0.28165463502015226,0.5357252175433994,0.1662782687299461,0.14228598632177664,0.5547675865217957,0.5787598689299651
NIPSNAP3A,ENSG00000136783,chr9,104737682,104770120,221,0.3659475329288508,0.6180305623086552,0.5291133591244954,0.474271703540759,0.6306452526091304,0.3324501802380754,0.30469385212612,0.6299644993817405,0.657720827493696
NIPSNAP3B,ENSG00000165028,chr9,104754128,104787764,223,0.38063969771875383,0.6866685016500514,0.5595656949868419,0.513554925117221,0.5329762923535553,0.40978383539499286,0.5598747870965465,0.7507097133383042,0.6006187616367504
ABCA1,ENSG00000165029,chr9,104771005,104938155,1326,0.3434605291857656,0.44496723308057723,0.37560644055224307,0.3378017151891099,0.430178689149549,0.2692630931260851,0.2192429572280853,0.3194650343579244,0.3694851702559242
SLC44A1,ENSG00000070214,chr9,105234621,105449171,1319,0.4293773274813009,0.5347913606072425,0.5837412569982187,0.4177301579604357,0.6347930534906777,0.22492407996412694,0.14939973520569383,0.5403452071943609,0.6158695519527941
FSD1L,ENSG00000106701,chr9,105437795,105562433,752,0.2720529828096792,0.2689449257394708,0.2260842647765612,0.31697675832895494,0.2256164733417448,0.18725060628194,0.21940242831711426,0.12601587480273205,0.09386405276755777
FKTN,ENSG00000106692,chr9,105548121,105663820,678,0.29191771060973015,0.30206067225917255,0.2832135961383366,0.3454696228360651,0.25523416073906097,0.1859203408834871,0.24438748260510493,0.17370276212171157,0.11523562040009375
TAL2,ENSG00000186051,chr9,105652456,105673124,151,0.2785283463087907,0.29573780367714364,0.2016388901284637,0.30941807490065437,0.20377901907510224,0.22593623925728618,0.24647335194156897,0.12466831494600669,0.10413120226172395
TMEM38B,ENSG00000095209,chr9,105684540,105786629,577,0.36867561373343266,0.2869808355945943,0.11664571413339637,0.4248652651166161,0.13206172945654673,0.3370767584913537,0.37488162037072087,0.0011702218887530424,0.0
ZNF462,ENSG00000148143,chr9,106853165,107023634,820,0.31825585629168446,0.36577377456890636,0.24284638731531902,0.28950631299372714,0.2710389732025023,0.2801306449794957,0.24050488646317317,0.17521892076488493,0.21484467928120748
RAD23B,ENSG00000119318,chr9,107273136,107342192,462,0.49337025888461294,0.705325799627781,0.5651290107892137,0.5267858051012376,0.6134005940332191,0.5345769529503841,0.5098629196768028,0.6873079855149996,0.7120220187885812
KLF4,ENSG00000136826,chr9,107474851,107500482,115,0.3460516984456961,0.4450924812957892,0.33190756552205786,0.3592741488218399,0.4499627997204735,0.30517602614756933,0.2181690243655645,0.2837777859383344,0.37078478772033924
ACTL7B,ENSG00000148156,chr9,108844587,108865986,203,0.4271967838416297,0.3560105825325576,0.28128929408144815,0.39594447107811576,0.23902110189933062,0.33349483783760503,0.3355062424062878,0.10657814767916485,0.10456674311048209
ACTL7A,ENSG00000187003,chr9,108852265,108873756,183,0.38751514390975283,0.24038137461866269,0.3002633130165059,0.3453723218204632,0.3061488498517842,0.20405933291041864,0.16656479652469464,0.07087944744823477,0.10837398383395883
ELP1,ENSG00000070061,chr9,108856897,108944328,607,0.3307004920746685,0.45092535989115723,0.3723852504778731,0.35404098196481243,0.40092767484371067,0.2676078786925302,0.26208358101378326,0.33191301153891173,0.3374373092176587
ABITRAM,ENSG00000119328,chr9,108924399,108960744,176,0.30744341294895117,0.4859749584790842,0.4248975941023318,0.34712942187855156,0.431179427299893,0.23982073453922964,0.26383471421823784,0.4256625612621825,0.4016485815831742
CTNNAL1,ENSG00000119326,chr9,108932568,109023522,442,0.36499677398778435,0.5437168420813012,0.47487127034153137,0.4030296225220995,0.49204702553779406,0.2973275272532424,0.3115815409883055,0.4873141745825867,0.4730601608475236
TMEM245,ENSG00000106771,chr9,109005134,109129947,729,0.31648120967052434,0.5156343883296675,0.4392755656784676,0.32543794943010496,0.4726162611586988,0.2634453473603368,0.2393900179234551,0.4614699140600523,0.48552524349693404
FRRS1L,ENSG00000260230,chr9,109120292,109177249,319,0.29761646581754764,0.5654500773488114,0.5215475462734741,0.3175096940053129,0.5136693261693261,0.2247608424881703,0.2472924560857122,0.6086836016080083,0.5861519880104664
EPB41L4B,ENSG00000095203,chr9,109161973,109331059,919,0.4580580178706295,0.5350375953075127,0.5353039033366263,0.41683188734939036,0.509475644705404,0.3060117057414621,0.29639907795029036,0.45978702104554936,0.46939964883672103
PTPN3,ENSG00000070159,chr9,109365465,109508313,820,0.43501945066287007,0.5453527946232379,0.47373314521115784,0.4349943471113996,0.42326238398080646,0.35862532078530973,0.40439261109626057,0.4296082128011661,0.3838409224902153
PALM2AKAP2,ENSG00000157654,chr9,109488324,110182512,4528,0.3926925304006548,0.49232914767313213,0.394104299816028,0.37810056602267206,0.3919928145880858,0.33779731336261154,0.3276651359698391,0.34012465652783896,0.3502568339206114
C9orf152,ENSG00000188959,chr9,110180047,110218159,270,0.3261342208104743,0.5327189920636941,0.40979882914813626,0.39952621398326504,0.444196533026372,0.3141284840700552,0.3417601201738064,0.4466959881537935,0.4190643520500422
TXN,ENSG00000136810,chr9,110233809,110266507,207,0.3553779603483714,0.45320076230503226,0.385442105559726,0.3451078684921633,0.3999848036751727,0.27795627335833345,0.25807900650239957,0.3257172948953765,0.34559456175131026
TXNDC8,ENSG00000204193,chr9,110293475,110347884,411,0.26022016521473745,0.30784527394485073,0.23344815182639966,0.3651218819904005,0.21738924055857695,0.2017477366021241,0.28857408673728424,0.16619801919019087,0.07937166905503071
SVEP1,ENSG00000165124,chr9,110355247,110589880,1532,0.42861665025224865,0.4634965534173882,0.41589732452049916,0.4522633313001552,0.39055053904077813,0.32234936215577414,0.3647218397388904,0.30033293057752786,0.2579604529944115
MUSK,ENSG00000030304,chr9,110658778,110816558,941,0.3860780644948873,0.46581701335825865,0.3530923585277194,0.42882892464121125,0.3766098000562401,0.33967629167073,0.3572503513082981,0.2873405354359726,0.26976647579840446
LPAR1,ENSG00000198121,chr9,110863262,111048470,1238,0.36242078966705227,0.4655419325372028,0.367980673699168,0.39860822128370915,0.3677496833089584,0.30887172797042767,0.3382703948574046,0.317630275517858,0.28823160863088093
OR2K2,ENSG00000171133,chr9,111317228,111340224,126,0.2688674438376765,0.30940523519240726,0.2447234381194018,0.28036041126972083,0.3101428221374312,0.20134564265508728,0.16396807339257946,0.16885643204339995,0.20623400130590777
ECPAS,ENSG00000136813,chr9,111350684,111494745,647,0.20762355537689667,0.2025483856204319,0.16770154408072022,0.2662848795986322,0.19589183202745528,0.13774431379130936,0.15897354063225005,0.08858980399679145,0.06736057715585081
ZNF483,ENSG00000173258,chr9,111515158,111587844,379,0.2939818397340469,0.29396762813555366,0.13576532340336633,0.31151171268236383,0.1972686107790418,0.27514878923821384,0.25080801641125816,0.07294540080265907,0.09728617362961473
PTGR1,ENSG00000106853,chr9,111539721,111609893,399,0.2825126141839978,0.22710504778199853,0.15639001377944917,0.3246408257342769,0.19898722474247418,0.20977352763961415,0.2141221862778571,0.04783860821492461,0.0434899495766817
DNAJC25,ENSG00000059769,chr9,111621333,111664351,250,0.3002598945835406,0.258249127847322,0.18594010179603168,0.25401709904657876,0.1597379416376956,0.2250334020970426,0.20887649123253155,0.07370844191077228,0.08986535277528337
DNAJC25-GNG10,ENSG00000244115,chr9,111621385,111680229,358,0.28562962878228665,0.2697579283208412,0.20978832949638734,0.25447288716335525,0.17704544564148686,0.2076392433221754,0.2065943361126007,0.10673995144638093,0.10778485865595566
GNG10,ENSG00000242616,chr9,111651604,111680226,205,0.29665021216041754,0.3178721053709268,0.19799295087988725,0.28705046947890994,0.15085731787906886,0.2569005873159521,0.27867735396929605,0.12563752262241457,0.10386075596907063
SHOC1,ENSG00000165181,chr9,111676170,111805008,860,0.5076016018238962,0.24838561960306615,0.28835696885051276,0.4224904820216675,0.23333135217831327,0.32691008115691234,0.28443082616679394,0.0,0.0011010524136523259
UGCG,ENSG00000148154,chr9,111886813,111945369,379,0.37264925462175535,0.2461589907055564,0.22676306218151027,0.31493316886992784,0.16754790672479578,0.24582676416052762,0.2387165368001546,0.03674703205309912,0.043857259413472155
SUSD1,ENSG00000106868,chr9,112030782,112185297,862,0.385589216113315,0.4516728617219129,0.42062672415486435,0.34678743390798444,0.3955568863250869,0.2710832146687375,0.26164408235331044,0.3297999878189529,0.33923912013438007
PTBP3,ENSG00000119314,chr9,112207715,112343664,661,0.5808659153358771,0.7013965410975439,0.56528873933533,0.5508365346217231,0.5258790006399132,0.6225649862303153,0.6313572426624783,0.5860738239815517,0.5772815675493889
HSDL2,ENSG00000119471,chr9,112370079,112482405,735,0.6251871779456059,0.6182627180466602,0.5440017911499304,0.6564335391250651,0.5132565651665821,0.5795423859669545,0.6556896162858714,0.3834802645903544,0.30733303427143743
KIAA1958,ENSG00000165185,chr9,112476826,112679397,1085,0.7378529583290245,0.714362754398471,0.6271528062733379,0.7325868910995964,0.6198575608690446,0.8026478692898558,0.8023919902627095,0.4503847759596681,0.45064065498681427
INIP,ENSG00000148153,chr9,112673925,112728149,310,0.29130013938192184,0.39443165084506904,0.35122573191189094,0.2866273325103216,0.33482004493262485,0.2066202869669612,0.21582074792142542,0.29496755487243825,0.285767093917974
SNX30,ENSG00000148158,chr9,112740759,112891671,873,0.6440553744578867,0.5190715174578678,0.5784111543059064,0.6250261603543767,0.5736163406549832,0.45064603607303255,0.43025999601919657,0.28139066880163754,0.3017767088554736
SLC46A2,ENSG00000119457,chr9,112868919,112900876,218,0.6294904411904458,0.5556359831162493,0.5162704912919623,0.5274460925468772,0.5541213182129539,0.5388789173156086,0.37650313270837016,0.2722322772878816,0.43460806189511997
ZFP37,ENSG00000136866,chr9,113028376,113066759,97,0.3413536173954849,0.3291152851504015,0.31409380724233155,0.4242156752702396,0.42360105020941996,0.21985602366282306,0.20011242774535648,0.17930194406322378,0.19904553998069036
SLC31A2,ENSG00000136867,chr9,113140975,113174140,219,0.34279689256944046,0.569824533516135,0.46998653493058473,0.33681712311977874,0.47922181263092933,0.3142356947569861,0.30091775723718117,0.5293263971816475,0.5426443347014523
FKBP15,ENSG00000119321,chr9,113151005,113231318,462,0.29332428211680567,0.40070334296090826,0.337943152298901,0.270275652253513,0.3769243608093007,0.22338904365604925,0.1769998076384612,0.2886095059868139,0.33499874200440194
SLC31A1,ENSG00000136868,chr9,113211543,113274492,319,0.29365056839088094,0.2772004860074409,0.21188679792925363,0.25878726538154956,0.1900084051590231,0.2170775344900172,0.20667979409330772,0.10754585816973572,0.1179435985664452
CDC26,ENSG00000176386,chr9,113245834,113285572,186,0.22442639431063452,0.3528674690086379,0.23583269169733231,0.1983098967698968,0.2658603586364875,0.21019401468449025,0.17359064778968233,0.22501015152867626,0.2616135184234842
PRPF4,ENSG00000136875,chr9,113265641,113304009,195,0.304642318580627,0.37452697210933594,0.30164402439918436,0.26511614743118245,0.3741820523763814,0.23677483731897175,0.1542970590924184,0.2324722335641662,0.3149500117907196
RNF183,ENSG00000165188,chr9,113287092,113313376,130,0.30411507833578566,0.36804931296334936,0.27853080030748256,0.3078463746967752,0.32673191104439114,0.2475246492633744,0.21563979064984487,0.2114192654569001,0.24330412407042967
WDR31,ENSG00000148225,chr9,113303221,113350298,280,0.27866248333716187,0.44982930375316355,0.3643181142105278,0.2593396415094382,0.36162716666075895,0.23555890000229157,0.22445350921255414,0.3619677920916122,0.3730731828813496
BSPRY,ENSG00000119411,chr9,113339540,113381233,333,0.3636812055755612,0.36319969032171195,0.328523965374952,0.3533570032059839,0.30065649420451246,0.25253889865398405,0.26482342222456934,0.19876025949425363,0.18647573592366834
HDHD3,ENSG00000119431,chr9,113363418,113386986,157,0.3508886023186774,0.48572967024328895,0.37886836242740796,0.3535204906767042,0.37931661651391696,0.310472453773664,0.3121429089662424,0.3545337646289792,0.35286330943640076
ALAD,ENSG00000148218,chr9,113376311,113411290,189,0.36764631199754444,0.4670126940177701,0.38962792728191153,0.34161947195559744,0.3777527519486946,0.2969387636190468,0.28640605783132267,0.3323189076492794,0.34285161343700354
POLE3,ENSG00000148229,chr9,113397234,113420675,84,0.26529201474928693,0.3101167666888938,0.20963579611862512,0.23050007338450712,0.20426007296590334,0.22212682915155785,0.20238223625545768,0.14910609364514624,0.16885068654124644
C9orf43,ENSG00000157653,chr9,113400053,113439690,133,0.22863780496751632,0.2915621897792503,0.22512938125142593,0.25643779690135604,0.2008205641329172,0.17461551796693994,0.20841303577571438,0.17007748241913567,0.13627996461036118
RGS3,ENSG00000138835,chr9,113434730,113607743,788,0.28172119947952945,0.485817735269546,0.4886220552804797,0.23451563667415348,0.4650042371919821,0.1627143075842114,0.15346375723832667,0.5024631681558034,0.511713718501688
ZNF618,ENSG00000157657,chr9,113866281,114066591,1310,0.3610044395984314,0.4558216388575531,0.44326893074292956,0.3638806915801915,0.41616146904436263,0.2353315064092396,0.26135826751163027,0.37314670970734976,0.3471199486049591
AMBP,ENSG00000106927,chr9,114050126,114088328,274,0.35264931609148864,0.40256702531420147,0.35991018879893577,0.37374781513710603,0.369834600097758,0.2519167556293103,0.26067118049311966,0.26319642209746597,0.2544419972336567
KIF12,ENSG00000136883,chr9,114076125,114109292,265,0.4563023917718608,0.5451437787744553,0.5020976774935854,0.33595126138229586,0.4924288046899381,0.34989230021999085,0.2595276731809861,0.43788160705536017,0.528246234094365
COL27A1,ENSG00000196739,chr9,114145536,114322511,1363,0.4212171623485708,0.4565405353639218,0.4423506771452645,0.3980089754673609,0.4142302069167169,0.28630156286568076,0.29124224466536414,0.323498594422907,0.31855791262322364
ORM1,ENSG00000229314,chr9,114313097,114336479,88,0.4819840702888451,0.5821461742150956,0.44734780485980224,0.43972272970375426,0.47243065686081137,0.46867323717294507,0.4062360664350912,0.40395036952259333,0.4663875402604473
ORM2,ENSG00000228278,chr9,114319868,114343251,90,0.3880767301359913,0.5545716638005368,0.437309961276783,0.3816101602202145,0.4143403138594854,0.36242046577171155,0.37716935986839917,0.44629844074429414,0.4315495466476066
AKNA,ENSG00000106948,chr9,114324155,114404405,471,0.3350466966610237,0.38765075157859685,0.3653865869368351,0.3278292095800346,0.3379703739897875,0.22187584470495247,0.23762516922882684,0.2685766471783182,0.25282732265444385
WHRN,ENSG00000095397,chr9,114392079,114515473,787,0.5055353771394652,0.5301980721081999,0.49068223706415065,0.482847749218137,0.4777329146999577,0.3925203031449673,0.3826429488603127,0.3629237999770989,0.37280115426175353
ATP6V1G1,ENSG00000136888,chr9,114577705,114608915,169,0.4772193353932518,0.5093556671828379,0.44565249182796934,0.41893574668072064,0.41047273809586443,0.3853327755767761,0.3632477049110975,0.3267030111769227,0.34878808184260124
TMEM268,ENSG00000157693,chr9,114601205,114656422,371,0.36301417844426537,0.4365272090626663,0.39211606033029567,0.4200493860467133,0.4320534882060036,0.26343640518343514,0.2763602629225167,0.3101998273101637,0.2972759695710821
TEX53,ENSG00000230054,chr9,114646303,114672374,188,0.214224241710128,0.41574709175245367,0.32682948844180565,0.24832524077267323,0.37298861476746625,0.1913742644349833,0.17804114859868478,0.34604706339552394,0.3593801792318225
TEX48,ENSG00000230601,chr9,114656433,114692192,250,0.24143884563918563,0.34404623062020173,0.27166258809712146,0.29582263915014256,0.27316554538957244,0.19050298190427573,0.22666672493789072,0.2311619841235515,0.1949982410899365
TNFSF15,ENSG00000181634,chr9,114774651,114816039,196,0.4961628534572502,0.7514750930612746,0.708195711552088,0.48350252299170354,0.7060144466484525,0.4230212239667006,0.41433621672370813,0.9691909853716769,0.9778759926146694
TNFSF8,ENSG00000106952,chr9,114883342,114940595,302,0.4362112748475601,0.7737858941756273,0.6905796023804839,0.4223754132850321,0.692777104160009,0.44314731954600517,0.427461366401775,1.043126037732133,1.0588119908763627
TNC,ENSG00000041982,chr9,115009574,115128257,752,0.37980961888394266,0.45794123110802176,0.36708137511012545,0.3879641841962444,0.3611437714533313,0.3163481078571968,0.32763474249414615,0.29603274587337114,0.2847461112364218
PAPPA,ENSG00000182752,chr9,116143790,116412321,1470,0.40949275752169995,0.5258886589184314,0.454150153468677,0.4244192811603902,0.4544844617479364,0.33383755954509053,0.34633245020520853,0.4124755285293448,0.39998063786922683
ASTN2,ENSG00000148219,chr9,116413111,117425070,6965,0.45833218602149894,0.5183515613127182,0.4753388349564311,0.4559013066304535,0.4851529364197496,0.34932027074120275,0.3376400259893838,0.38122054063441324,0.39290078538623213
TRIM32,ENSG00000119401,chr9,116677304,116711300,173,0.5738050326896871,0.4226029909693905,0.36530889869324795,0.47467824473644393,0.3668097409882953,0.47373335320932675,0.3679925969697838,0.07549183862214881,0.1812325948616917
RP11-281A20.3,ENSG00000285082,chr9,117694156,118082314,2936,0.5280006023268654,0.5021664201253689,0.4781470761976769,0.5142976003564181,0.44319208178453223,0.3989487591556743,0.4170568373450949,0.29854067560994463,0.28043259742052395
TLR4,ENSG00000136869,chr9,117694174,117734735,274,0.5400923718770584,0.6758642559793748,0.6845391848762447,0.5127961890853459,0.6852659453601581,0.3748008509953774,0.34481918035385695,0.7517920369083124,0.7817737075498328
BRINP1,ENSG00000078725,chr9,119143457,119379435,1232,0.4064210401422307,0.48013767833418636,0.4500053810544942,0.3888436741947563,0.4538246259252315,0.2889647583462148,0.2708893058864938,0.36522651014444335,0.3833019626041644
CDK5RAP2,ENSG00000136861,chr9,120378868,120590170,1094,0.5441598962255473,0.4472943424501472,0.49538439513882015,0.5917166194188103,0.546730864131899,0.3472922732628439,0.34872712920652205,0.2456374107286428,0.24420255478496455
MEGF9,ENSG00000106780,chr9,120590810,120724470,836,0.5206792155649399,0.48999244605784964,0.4178533471449133,0.5601878159009954,0.40635165328758976,0.43384103459564954,0.4866345477065374,0.2394887071265323,0.1866951940156445
FBXW2,ENSG00000119402,chr9,120741977,120803416,289,0.3486099841225178,0.27054890117390124,0.42568676744534034,0.2958681078061723,0.37764640449030645,0.09476466516706095,0.09600283717688005,0.22069828192213412,0.21946010991231504
B3GALT9,ENSG00000214654,chr9,120782402,120809918,128,0.3136508134925596,0.287355245184132,0.31417928029259135,0.2649979166788927,0.22782616444588272,0.16900097920200008,0.19405429471305632,0.16977124361862503,0.14471792810756884
PSMD5,ENSG00000095261,chr9,120805495,120852951,249,0.478434968094223,0.3826096759772192,0.5644410113771174,0.37787008029546504,0.383085091991342,0.1510250541629818,0.23691799802571917,0.3312287850106389,0.24533584114790158
PHF19,ENSG00000119403,chr9,120845650,120904896,320,0.527551727732086,0.5847072516743689,0.47901876287191225,0.4748943505007579,0.4960925651113363,0.4882786767226509,0.41878235028514177,0.3904929130667499,0.4599892395042591
TRAF1,ENSG00000056558,chr9,120892392,120939173,302,0.5338153149580235,0.5789659064606987,0.5017462622692178,0.48856950939412236,0.5192686647723946,0.46578452581905383,0.4015691714109782,0.399256940480964,0.46347229488903974
C5,ENSG00000106804,chr9,120942334,121060275,551,0.4897091874353781,0.45131082522447263,0.4075527682260891,0.4047576045629766,0.41611144774445613,0.37475209439835455,0.2904822917664626,0.2254710695716297,0.30974087220352176
CNTRL,ENSG00000119397,chr9,121064752,121187610,503,0.5960748494326873,0.4340036734225604,0.5277590373107841,0.414536594897849,0.39394937204094177,0.36271373525604256,0.30186376944423043,0.20645395568983904,0.2673039215016511
RAB14,ENSG00000119396,chr9,121168132,121233014,315,0.5601196110856831,0.3838539737709278,0.45762761405362473,0.39764869814009635,0.37218709726766186,0.3468606329299415,0.262836325728672,0.1374106550452312,0.22143496224650083
GSN,ENSG00000148180,chr9,121197793,121342843,797,0.5180092044873753,0.4358921164296745,0.45038657798767306,0.44033932458899383,0.39772073706279937,0.35189995372927096,0.32295016460372156,0.22060980912094447,0.24955959824649376
STOM,ENSG00000148175,chr9,121328986,121380304,311,0.41945402603278226,0.4329401061410158,0.4637384314369437,0.41099489220658814,0.4697017727640163,0.24397169791154033,0.23114751676381606,0.32331865001334614,0.3361428311610704
GGTA1,ENSG00000204136,chr9,121434990,121509844,0,,,,,,,,,
DAB2IP,ENSG00000136848,chr9,121557056,121795530,1376,0.42649440595536237,0.39533649018635025,0.34851627919675154,0.41043437840847097,0.35886587538484255,0.3152839380303761,0.2934679022253024,0.18779921977377062,0.20961525557884442
TTLL11,ENSG00000175764,chr9,121805673,122103606,2244,0.4269899722639104,0.4904409871773513,0.45962285863432534,0.3971192206906968,0.4291730569153373,0.3077868484010493,0.3097881151369224,0.366422759654651,0.3644214929187779
NDUFA8,ENSG00000119421,chr9,122134057,122169779,238,0.3640925036584388,0.3350892630286972,0.2253849121988709,0.3936176653047362,0.28476890841846497,0.30270780788550056,0.2865987352366643,0.10539466956879265,0.12150374221762894
MORN5,ENSG00000185681,chr9,122149907,122210088,407,0.2706772154150862,0.3325874983333141,0.25266190765128027,0.3731709137861921,0.2897058849769908,0.21437412633227343,0.2646760990063335,0.18997285461308538,0.13967088193902533
LHX6,ENSG00000106852,chr9,122192576,122239626,267,0.40852666409230853,0.47611964953840086,0.43654435549216986,0.41083971765040994,0.3887851914167703,0.2989819860126918,0.3416210764738387,0.3475099735354212,0.3048708830742742
RBM18,ENSG00000119446,chr9,122227621,122274840,221,0.5163153775016025,0.4423861259175944,0.41055737703063094,0.4617673279164868,0.42699981464026393,0.3909164168464054,0.3233418178019865,0.19317212121559674,0.26074672026001555
MRRF,ENSG00000148187,chr9,122254602,122341337,404,0.3012312271754568,0.3724651484067942,0.34475396288712395,0.31230293068159176,0.3986491283852824,0.2008234865052223,0.16589310578481592,0.2651325826257071,0.3000629633461135
PTGS1,ENSG00000095303,chr9,122360529,122405703,401,0.2884232784777914,0.2051833769672896,0.20482838060180986,0.29995379117349663,0.2112773531854543,0.17035928810652792,0.1744561212045837,0.059284565679981,0.05518773258192525
OR1J1,ENSG00000136834,chr9,122466957,122487926,191,0.34202007029373876,0.34016013841241766,0.27170199533818234,0.36366840576291415,0.30569925177227053,0.25864699498313576,0.2514717633663799,0.15711111237711972,0.16428634399387557
OR1J2,ENSG00000197233,chr9,122500801,122521743,170,0.32762987537813765,0.2802251941148154,0.27624850829101705,0.26925139962306555,0.2855489864399497,0.2012280029402154,0.15313091570243148,0.12758888255834475,0.17568596979612866
OR1J4,ENSG00000239590,chr9,122509140,122530082,174,0.37565177517936327,0.09990847575812337,0.18169654297302795,0.2681422508072375,0.08119823339716269,0.18789190204120082,0.16637152869753935,0.0,0.0
OR1N1,ENSG00000171505,chr9,122516357,122537296,123,0.39262172614902907,0.33715026684957294,0.29405361549163006,0.3113428323236426,0.25243492917853183,0.2807972352137551,0.24664237322438548,0.13040972610272922,0.16456458809209878
OR1N2,ENSG00000171501,chr9,122543111,122565173,243,0.30895255008124695,0.53760654650809,0.42084908662822146,0.3295484875693485,0.4444083411669049,0.29734685898796576,0.2917106663491618,0.47399226040942954,0.4796284530482334
OR1L8,ENSG00000171496,chr9,122557116,122593384,345,0.3078777040671597,0.5343214753435231,0.42121264628577826,0.2770587662011289,0.36972401113710623,0.29271611065761793,0.31354480369383886,0.4715436335148361,0.45071494047861504
OR1Q1,ENSG00000165202,chr9,122604737,122625682,153,0.5271800491214811,0.6002144820903924,0.573409289933343,0.4836622476480087,0.49542848210208723,0.4069687237673121,0.4468877802196985,0.509858357142256,0.4699393006898696
OR1B1,ENSG00000280094,chr9,122618578,122639573,149,0.411370123893119,0.41689058907248133,0.440677899978476,0.37955185711881156,0.461864995995759,0.24415418187501964,0.1985239394337212,0.29522625953485376,0.34085650197615225
OR1L1,ENSG00000173679,chr9,122651565,122672648,170,0.1863477594108311,0.2250912039119705,0.09837223432881508,0.17744088878330208,0.13315764201404787,0.17883932270812558,0.15372336338627646,0.076170616312848,0.10128657563469713
OR1L3,ENSG00000171481,chr9,122665129,122686104,151,0.18561746397996795,0.19818671862315312,0.07362378391443589,0.20478436480246762,0.077740155134657,0.17486487294159891,0.18454660429777356,0.04601464151827685,0.036332910162102244
OR1L4,ENSG00000136939,chr9,122713989,122734925,48,0.47531056995057747,0.5849864457256312,0.7527870025898582,0.3631782787752768,0.7778506283360652,0.06344393768237455,0.0,0.8160001607003264,0.966291920674103
OR1L6,ENSG00000171459,chr9,122732302,122760783,78,0.8188031180732099,0.8150528059018199,0.8286850355659718,0.8150866498770692,0.7666002581075474,0.8158022529848026,0.9602751041535982,0.8718826789711261,0.7274098278023305
OR5C1,ENSG00000148215,chr9,122778932,122799895,110,0.6102189075946775,0.6390280689749958,0.7589489717630958,0.6867131793955219,0.8251169097863671,0.26918922177802806,0.21797682056029488,0.7497658552875199,0.8009782565052531
PDCL,ENSG00000136940,chr9,122788388,122838588,198,0.3733098804707508,0.48483668851888384,0.3949381574769065,0.44146374458874454,0.5078938182371164,0.314074899765965,0.26832314831200954,0.349196419149011,0.3949481706029664
OR1K1,ENSG00000165204,chr9,122790122,122811073,96,0.3933329018893507,0.5438778859098612,0.5780921321699091,0.5418333336557679,0.6010160608103967,0.21090073810480814,0.323341428224742,0.5740939731560494,0.4616532830361155
RC3H2,ENSG00000056586,chr9,122834555,122915359,304,0.5502215431463373,0.591124473067127,0.5494061558780298,0.5867544993367002,0.6099787538898662,0.4480778636721466,0.41825193513835257,0.44626664071397154,0.47609256924776566
ZBTB6,ENSG00000186130,chr9,122898055,122923323,100,0.5651523939911723,0.663408953017617,0.6272595367933157,0.6329024093600025,0.6437041485832323,0.46738666281626107,0.5295101488720594,0.6214999331515564,0.5593764470957578
ZBTB26,ENSG00000171448,chr9,122905565,122941512,141,0.48560989771866286,0.5037141367957828,0.5516146760099958,0.6068414431301028,0.6534431650076222,0.28163710532738584,0.28721851460113623,0.41896607584299117,0.413384666569241
RABGAP1,ENSG00000011454,chr9,122930832,123114866,766,0.5558364592156154,0.5353365534597236,0.5210754698043218,0.6576289796654,0.6338718717765888,0.42089605230288896,0.41676512588194004,0.3455458540216117,0.3496767804425607
GPR21,ENSG00000188394,chr9,123023666,123045665,86,0.5092483228888579,0.35318024206738635,0.3854998310186823,0.6537917551328337,0.48824339007605944,0.33027927897016796,0.41324814376213476,0.10540832556992502,0.02243946077795822
STRBP,ENSG00000165209,chr9,123099499,123278586,599,0.49620603315889344,0.5941272961405067,0.5763147312370704,0.5573492278063729,0.6134233467333537,0.3642696031192101,0.3831323731783399,0.5374461027161761,0.5185833326570463
CRB2,ENSG00000148204,chr9,123346169,123390324,267,0.34791351939587184,0.5304567554547254,0.5015592685635624,0.362115288633824,0.4229313684927582,0.2436511866742228,0.327899258972048,0.5123436902435796,0.42809561794575424
DENND1A,ENSG00000119522,chr9,123369653,123940152,2779,0.40461165101042357,0.6239159505790545,0.6205447264549987,0.38533669057031095,0.6016583223919162,0.2637327392410011,0.27208904738778555,0.7142098856376181,0.7058535774908336
LHX2,ENSG00000106689,chr9,123991669,124043301,334,0.4096082187282551,0.5112095703256881,0.4945535578420188,0.44823267950770557,0.47386486221437685,0.2802385902895986,0.3341265548301298,0.435582860252868,0.3816948957123368
NEK6,ENSG00000119408,chr9,124247605,124363307,791,0.4138344574643156,0.39010358873550743,0.35979610814880053,0.40984202924159985,0.40269826916509033,0.29132530749620067,0.2532491516117048,0.20314084633841306,0.24121700222290898
PSMB7,ENSG00000136930,chr9,124343464,124425444,444,0.41612866425613365,0.4090681253311479,0.3974471771328659,0.48960181757303667,0.4194302010531128,0.2787746153951779,0.3274367009133361,0.24727992411300476,0.19861783859484666
ADGRD2,ENSG00000180264,chr9,124441424,124488589,361,0.4411363656549259,0.6651466416618866,0.5620187049830673,0.3715482874226029,0.5150513196751785,0.42516664281969574,0.41742322771137574,0.6688959364760181,0.676639351584338
NR5A1,ENSG00000136931,chr9,124471235,124517420,293,0.39634519448086847,0.5905978197143928,0.5390205984361358,0.40435262570569264,0.493993711206826,0.31170405980646704,0.3649787698802842,0.5813532203993808,0.5280785103255636
NR6A1,ENSG00000148200,chr9,124507274,124781311,1188,0.4679558005519561,0.6561297245163805,0.6805345344023479,0.44275016872518425,0.608093529302259,0.27870670520146545,0.3577501727813067,0.7887840936819482,0.7097406261021069
OLFML2A,ENSG00000185585,chr9,124767132,124824885,296,0.49827357890500207,0.7376284377136247,0.722616876140162,0.5313121273517315,0.6318945696295517,0.37266913958339176,0.5482129828883853,0.9653244636348741,0.7897806203298803
WDR38,ENSG00000136918,chr9,124843416,124867890,208,0.38369463991354547,0.6952345433379195,0.6735598510623453,0.49915348759230155,0.6237756178024277,0.27635842923429954,0.45104941381458025,0.9118543635189607,0.73716337893868
RPL35,ENSG00000136942,chr9,124847879,124871981,184,0.47440783466972164,0.6621673014220345,0.6435625805576691,0.467140350595171,0.5215619802085968,0.3484188013276579,0.4887365426996329,0.7367856793332401,0.5964679379612652
ARPC5L,ENSG00000136950,chr9,124852129,124887733,232,0.5819437347690819,0.6932572151916842,0.6585304763390296,0.5613396838816627,0.584453243525323,0.4896940601238481,0.563807754742967,0.6920516569511841,0.617937962332065
GOLGA1,ENSG00000136935,chr9,124868274,124958492,417,0.49295657960840966,0.5728403476094365,0.6096717574514657,0.5526257405170507,0.4971821381247662,0.294494416711507,0.48371496475434517,0.5561030257363134,0.3668824776934753
SCAI,ENSG00000173611,chr9,124932607,125153528,956,0.36943251959008383,0.5609193828487449,0.5099283573215053,0.3600863466845556,0.444985830500182,0.28550182903790705,0.3403663190512223,0.5375704155707246,0.4827059255574093
PPP6C,ENSG00000119414,chr9,125136572,125199939,323,0.2726267679559554,0.5898134448714456,0.5491395996300292,0.26145987341074944,0.4725141270942798,0.20643061796260814,0.2772949291385766,0.684712592299307,0.6138482811233386
RABEPK,ENSG00000136933,chr9,125190541,125244161,228,0.33815795950216293,0.504891586699765,0.4964347792124869,0.3539334555176741,0.44841422313949786,0.21483242214076748,0.27243668772932783,0.4881461014851986,0.43054183589663836
HSPA5,ENSG00000044574,chr9,125224852,125251382,94,0.31734315135084573,0.1396403491123693,0.24612234977098457,0.3022667845587085,0.23902201512572918,0.12482127508141724,0.11858619491020825,0.025583503367326205,0.0318185835385352
GAPVD1,ENSG00000165219,chr9,125251793,125377207,576,0.42263148320679383,0.30777519853390356,0.2634741179693686,0.4402633767856762,0.24911823185441642,0.3056540778991397,0.3308131839548959,0.06219044061017032,0.03703133455441404
MAPKAP1,ENSG00000119487,chr9,125427392,125717234,1360,0.5129829344313099,0.5251721710920334,0.5231257804731405,0.5175924874020656,0.497013867115519,0.3618783034016101,0.39328819417097943,0.38292470270928,0.35151481193991063
PBX3,ENSG00000167081,chr9,125737344,125977377,1109,0.4595833841895333,0.5109492591725614,0.4126919029400905,0.38280647865528356,0.38639707928702743,0.3992491134583107,0.35472720841827143,0.31603991695882533,0.3605618219988646
MVB12B,ENSG00000196814,chr9,126316828,126517041,1111,0.5252065542649268,0.5510836257166508,0.4902004251173371,0.4960746523450371,0.4556879047276511,0.4360282285371491,0.439006653462655,0.36489042886133743,0.36191200393583156
LMX1B,ENSG00000136944,chr9,126603927,126711032,627,0.3549643648699613,0.4907506781761114,0.43639625348978023,0.36550584177625145,0.45440652215626287,0.26993170976194286,0.2619318138678904,0.4048858458296519,0.4128857417237044
ZBTB43,ENSG00000169155,chr9,126795005,126848210,331,0.2888168329449898,0.41106405217476766,0.465307957910379,0.3905861580935144,0.43260434882957094,0.12209939595991043,0.22899856307164718,0.40733845260964097,0.3004392854979041
ZBTB34,ENSG00000177125,chr9,126850664,126895878,169,0.4003530117294386,0.4795010849020577,0.4229160139957271,0.42036916401542923,0.4599846919805119,0.3073070791689886,0.29108677570141617,0.34566039610622934,0.36188069957380165
RALGPS1,ENSG00000136828,chr9,126904773,127233166,1284,0.4482473334478022,0.6592031325560432,0.5721218333197888,0.44750071465863744,0.5807444794993996,0.4111036477935795,0.40024855206477655,0.665365028048069,0.6762201237768717
ANGPTL2,ENSG00000136859,chr9,127077347,127132635,191,0.2820617225723419,0.5763183160139708,0.5223795747047035,0.3696439203114266,0.5380981139391005,0.2256027889720172,0.27392024306984747,0.6331700620445196,0.5848526079466894
GARNL3,ENSG00000136895,chr9,127214264,127403660,891,0.41031333854964613,0.3758612692343442,0.29900943599873897,0.39214806535589086,0.2625208131185944,0.32214286150782956,0.3323445766269344,0.14923974887044666,0.13903803375134186
SLC2A8,ENSG00000136856,chr9,127387137,127418424,178,0.258557945125807,0.5332181938746698,0.3945806577995951,0.3462330453763438,0.3131156388175104,0.27960884394821367,0.4056541796651037,0.4822845111194635,0.3562391754025735
ZNF79,ENSG00000196152,chr9,127414373,127455372,189,0.2824162522894862,0.49519078665621796,0.37394226912075784,0.41274785747904036,0.2877212477397753,0.27356382138895957,0.4382948926480875,0.41001089505931093,0.24527982380018298
RPL12,ENSG00000197958,chr9,127437673,127461406,127,0.320827128533054,0.42879713595380914,0.3702663248108186,0.3940348465627756,0.2811431207115354,0.24221607689362648,0.36542532736051403,0.31779477698923797,0.19458552652235034
LRSAM1,ENSG00000148356,chr9,127441488,127513499,379,0.2943235232464252,0.4565479761349071,0.3549315570627272,0.4246644700865576,0.3515704393137003,0.2600066944403166,0.3647069135018608,0.3498071544341348,0.24510693537259054
NIBAN2,ENSG00000136830,chr9,127495338,127588989,590,0.38001662432273764,0.5546376864880596,0.4793281447913398,0.45247072603199884,0.4998726374747133,0.31714724151753587,0.3591570013797335,0.4917198989020588,0.4497101390398612
STXBP1,ENSG00000136854,chr9,127569369,127706027,571,0.4335787485586516,0.5076825378585309,0.45720159835176155,0.47424341456625724,0.4933973494742012,0.3330157218782093,0.33576007578374495,0.37561580043975107,0.3728714465342154
PTRH1,ENSG00000187024,chr9,127680347,127734873,279,0.39220800628725505,0.621720504018537,0.5960802853218369,0.42417507886309647,0.5695741900561178,0.2817526867861271,0.3405466327451072,0.6903692624449995,0.6315753164860194
CFAP157,ENSG00000160401,chr9,127696987,127726002,141,0.3902853332099442,0.6099650184000346,0.5718495383169954,0.41457436647293083,0.49670328487800075,0.2940012194449081,0.39517978659915226,0.6475176280258516,0.5463390608716073
TTC16,ENSG00000167094,chr9,127706078,127741590,171,0.4822219565300954,0.6093187274670898,0.5604535589868538,0.4367947344944612,0.5413156597504943,0.3880299638184529,0.36729065936092686,0.55183324736408,0.5725725518216059
TOR2A,ENSG00000160404,chr9,127721523,127745313,103,0.4762546667566198,0.5957073097631203,0.5385162282642096,0.4075429270495027,0.5117442948554985,0.38952875538991655,0.3560885087251481,0.5160874271562335,0.5495276738210021
SH2D3C,ENSG00000095370,chr9,127728316,127788710,310,0.3988209170462101,0.4502815289539942,0.4501017840356578,0.3425856878992773,0.4370298889097554,0.25459466836745176,0.22163055447729435,0.34375433426420626,0.37671844815436367
CDK9,ENSG00000136807,chr9,127775678,127800792,151,0.18660502051991718,0.12559381208649184,0.06386238810084492,0.22010334212764868,0.1362913008157224,0.13737796556613152,0.1181422013126465,0.0,0.01606806407841857
FPGS,ENSG00000136877,chr9,127784596,127824327,215,0.2987044163012475,0.34841997720932055,0.17409091143111619,0.307945510371981,0.24207976514109306,0.2959551542035026,0.25963425785925487,0.13239990722134676,0.1687208035655944
ENG,ENSG00000106991,chr9,127805012,127864658,173,0.27465551185772413,0.36109499788081006,0.4318862082786364,0.360647496735051,0.3064422055571048,0.10183727013424271,0.2646890625891348,0.346162232002457,0.18331043954756476
AK1,ENSG00000106992,chr9,127856485,127887675,106,0.5509719179352668,0.6411514413317094,0.600148858550972,0.5610912905768951,0.6099768452570625,0.45443086187514903,0.4533847449454118,0.5704239597687474,0.5714700766984846
RP11-203J24.9,ENSG00000257524,chr9,127857849,127916022,269,0.636024506512714,0.7332270825367722,0.752154475868037,0.6973724254706086,0.7509318413350905,0.4685383022957704,0.5632905724447621,0.8528191765557771,0.7580669064067854
ST6GALNAC6,ENSG00000160408,chr9,127875320,127915408,200,0.7400750945439782,0.8390199844342348,0.8114519194057608,0.8030948176412906,0.7706441560125397,0.7527176641616261,0.9895137224723033,1.0737573844611443,0.8369613261504674
ST6GALNAC4,ENSG00000136840,chr9,127897885,127927041,165,0.6934753056960988,0.7763383671259253,0.7977970637562337,0.7403174473321975,0.7807044920029517,0.5407972219261207,0.6642905873929043,0.956823714784803,0.8333303493180192
PIP5KL1,ENSG00000167103,chr9,127910880,127940785,145,0.57699370425876,0.6154392458789852,0.6407615945554993,0.6595383708315069,0.6708168113725508,0.39612634100913935,0.46098273248725796,0.5595271533921933,0.4946707619140748
DPM2,ENSG00000136908,chr9,127925098,127947854,134,0.5729783762430655,0.5708205920922498,0.610730414503306,0.6613296357525039,0.5823652815379387,0.3766588597965292,0.5277300804761298,0.4692213874277777,0.318150166748177
FAM102A,ENSG00000167106,chr9,127930581,127990989,307,0.5532336006197199,0.687939373004658,0.622577706049978,0.6965007551693205,0.6239660915453423,0.49794331743431675,0.6894289959233177,0.6666144753227348,0.47512879683373377
NAIF1,ENSG00000171169,chr9,128051232,128078206,142,0.5287049988837076,0.5775798353013543,0.4782371200643185,0.6734588079998349,0.5965536471270292,0.48174190686340346,0.5366211153254892,0.3800129024697077,0.32513369400762204
SLC25A25,ENSG00000148339,chr9,128058200,128119245,400,0.4939408748798794,0.44604288512634155,0.3725870575641302,0.6675845529193646,0.6020482839694027,0.40280970945441086,0.3853065766811061,0.187858295752095,0.20536142852539974
PTGES2,ENSG00000148334,chr9,128110692,128138462,171,0.7734162032171658,0.6966255205112348,0.7443733893498191,0.833116988237053,0.7047291161571425,0.6566951590284903,0.8816937387132135,0.5360921716437792,0.31109359195905595
LCN2,ENSG00000148346,chr9,128139070,128163453,196,0.453231814095381,0.4439890816562573,0.552387242682652,0.5721206181858526,0.46898822302772025,0.19343545220886404,0.40145510489731995,0.39353189540661027,0.18551224271815447
C9orf16,ENSG00000171159,chr9,128150264,128173924,135,0.5625748746562517,0.5126606176192955,0.5925064910785831,0.6259332285517042,0.491029263375689,0.32395698465937134,0.5133753615543251,0.39483753021228135,0.20541915331732774
CIZ1,ENSG00000148337,chr9,128151250,128214383,345,0.5197089415975509,0.46019649714447397,0.49263540888450186,0.6002040387662041,0.5139466663744267,0.3356938286100447,0.4059570635237177,0.28085626063635255,0.21059302572267963
DNM1,ENSG00000106976,chr9,128181654,128265248,348,0.48048066639539083,0.4343288536774469,0.4480167045013035,0.5423371847049092,0.513849081834969,0.31517807079926957,0.31506439413248866,0.2545643123978667,0.2546779890646478
GOLGA2,ENSG00000167110,chr9,128245828,128285995,69,0.3460803827167038,0.4798764976268066,0.2836560196117402,0.43637024631741506,0.4648925840514626,0.37243251381245535,0.30087946221534295,0.28125647723011926,0.35280952882723166
SWI5,ENSG00000175854,chr9,128265378,128326123,222,0.3720620638468598,0.31044106136541116,0.3107191761424862,0.3998593977308701,0.3559353936177276,0.23245527055843657,0.22116909090602377,0.1392478345903619,0.15053401424277468
TRUB2,ENSG00000167112,chr9,128295158,128332447,153,0.4087606348399655,0.3483209279923584,0.3351763941019607,0.4820675495981253,0.37396901152580114,0.27275192883206145,0.3088790510932402,0.155451130251046,0.11932400798986731
COQ4,ENSG00000167113,chr9,128312543,128344072,127,0.46085670745598384,0.4137084589975584,0.44621977648335226,0.5148763126521915,0.4809035888172579,0.2803623090050152,0.30081192413385927,0.2535757938742238,0.23312617874537966
SLC27A4,ENSG00000167114,chr9,128330526,128371470,149,0.44338164251207723,0.3881526981107568,0.29515323221696305,0.4498928785257657,0.33270269942250597,0.3636865664117698,0.34219759167527486,0.1275859679069436,0.1490749426434385
URM1,ENSG00000167118,chr9,128361360,128402016,155,0.35163827269333703,0.33167596375610847,0.30128903082205877,0.39058044843908396,0.2655723576271522,0.23888527097585538,0.2947833337621858,0.16409686788749875,0.1081988051011683
CERCAM,ENSG00000167123,chr9,128401750,128447351,257,0.2898722993670125,0.2927518403425917,0.24847844480246273,0.31708228250877973,0.22066706566904637,0.20151437434229452,0.23921881608995388,0.14485929657196744,0.10715485482430806
ODF2,ENSG00000136811,chr9,128445185,128511292,253,0.4713822987331941,0.40103869669105585,0.36043652397412124,0.5156739512979014,0.4041848874161394,0.3515393356778861,0.3598651780029523,0.1610189494309628,0.15269310710589662
GLE1,ENSG00000119392,chr9,128494654,128553874,221,0.471091739164475,0.4131053528181285,0.425737637146683,0.5153794849682758,0.4442921103314917,0.3075906625689777,0.33489329420766545,0.2253192893848031,0.19801665774611543
SPTAN1,ENSG00000197694,chr9,128542557,128643662,487,0.6759874862655472,0.5567647585964641,0.5465491417292243,0.7759393734644777,0.623834156881207,0.5748796979367088,0.6658840398837291,0.23877493297136632,0.14777059102434587
DYNC2I2,ENSG00000119333,chr9,128623652,128666847,182,0.5333007361165676,0.5002905593607551,0.5194284857019023,0.6935110911913824,0.6114862045861432,0.3615097214721063,0.4654377893389748,0.3322187467242763,0.22829067885740773
SET,ENSG00000119335,chr9,128673423,128706400,112,0.6787016737566917,0.5199099909990998,0.6266234512471728,0.802825547834525,0.5749911462515275,0.4419995208180478,0.7509013970510616,0.2917821530897209,0.0
PKN3,ENSG00000160447,chr9,128692502,128730916,145,0.6747389781414096,0.5653816485843368,0.639282853034691,0.7624551943130436,0.6711373584632637,0.46837655335089434,0.5792854427568784,0.364910432709464,0.2540015433034799
ZDHHC12,ENSG00000160446,chr9,128710869,128734127,94,0.5962041358455699,0.5153092771559016,0.6515015977465217,0.737700335655657,0.5822158408818074,0.2884842291734413,0.5948608012584706,0.43576004713620825,0.12938347505117886
ZER1,ENSG00000160445,chr9,128719785,128782414,211,0.5287766076933451,0.49010654928452674,0.5385720368765432,0.6429708533168078,0.4762601323307841,0.3262735844445712,0.5283655993746621,0.347279910811791,0.1451878958817
TBC1D13,ENSG00000107021,chr9,128777252,128820430,210,0.5917829173622741,0.449551536368579,0.40554240239741296,0.6407396590547717,0.345133588925914,0.4864361177521842,0.598702948748884,0.11058582683121349,0.0
ENDOG,ENSG00000167136,chr9,128808499,128832676,117,0.38776202871955484,0.33847551654844305,0.3551382342269345,0.46802823480059913,0.38717625647487053,0.23256160619647084,0.27734761636447003,0.18064667789508937,0.13586066772709027
SPOUT1,ENSG00000198917,chr9,128809650,128839794,142,0.44798636576477113,0.3186560997800466,0.36793711635482684,0.47997274096220005,0.3974815941504447,0.25955212513997217,0.2654625449579237,0.12413598217785476,0.11822556235990311
RP11-545E17.13,ENSG00000286112,chr9,128809662,128891931,363,0.5236214955728611,0.37230021529138874,0.48421153758242524,0.5786107769655882,0.509005624641217,0.27258864295060875,0.3092845110212746,0.19310463369263003,0.1564087656219642
KYAT1,ENSG00000171097,chr9,128822941,128892494,300,0.5578470678852908,0.46567314118698455,0.48975223112644073,0.6272773215900073,0.5447766072840542,0.38499406934674274,0.4133505749922839,0.24175346277357196,0.21339695712803075
LRRC8A,ENSG00000136802,chr9,128872132,128928039,279,0.3586797885115305,0.34518904693693997,0.39099615339209726,0.40137139115728165,0.4425495119477193,0.18585220407585637,0.1760705039038553,0.2375565022079367,0.24733820237993775
PHYHD1,ENSG00000175287,chr9,128910965,128952041,162,0.3242597146633005,0.39003420514382686,0.3995929660218804,0.3607179247629561,0.2043747385460192,0.18807570181878702,0.35656745302432896,0.30627669557447235,0.13778494436893046
RP11-101E3.5,ENSG00000251184,chr9,128931477,128967021,116,0.24190536049133501,0.20933763905815714,0.11107998247762348,0.22708006759636754,0.07134376005775872,0.19704164178999045,0.20922371416279176,0.03784261144653697,0.025660539073735666
DOLK,ENSG00000175283,chr9,128935529,128957603,81,0.25685757225775885,0.20910079429721057,0.13267240261988195,0.20689533666190157,0.07926476375674237,0.1945568918393329,0.19190103475027473,0.0400278539133099,0.04268371100236809
NUP188,ENSG00000095319,chr9,128937698,129017096,290,0.27126678142595995,0.21837203590353418,0.2299668726789783,0.28390485203712396,0.2006723869737568,0.15075111379096287,0.17816712253840888,0.0956252870876935,0.06820927834024751
SH3GLB2,ENSG00000148341,chr9,128997035,129038331,169,0.3175097494783345,0.35486034387536497,0.23663652131336643,0.3124853728711081,0.263015824928432,0.27513726066134186,0.25388588961667813,0.163151203838873,0.18440257488353679
MIGA2,ENSG00000148343,chr9,129026620,129082082,257,0.32599178283400027,0.43385007674954973,0.39980532031227156,0.36493613681431286,0.4538264883474995,0.22645406002087354,0.2090537500875636,0.3424422937652084,0.3598426036985183
DOLPP1,ENSG00000167130,chr9,129071110,129100438,160,0.4912615136918236,0.5170860655699175,0.38739746897597493,0.5236837914385413,0.4399206320606173,0.4568495258136235,0.4449566977814417,0.27106730497934206,0.28296013301152373
CRAT,ENSG00000095321,chr9,129084141,129121189,198,0.44381439132638567,0.3319377637403888,0.3990865084001903,0.4938808980270459,0.3981161269306984,0.2403614290245964,0.28833322278570334,0.16301251270745837,0.11504071894635143
PTPA,ENSG00000119383,chr9,129100949,129158946,370,0.37333237110109624,0.2773629566719947,0.294694445129,0.45087293747737306,0.323909420682051,0.22153150754266004,0.26642269973537736,0.10331669009302233,0.058425497900305046
RP11-344B5.6,ENSG00000235007,chr9,129129412,129270575,994,0.4709355131394786,0.4064424489113651,0.4223783680162872,0.5165151519099823,0.4424054206662902,0.30471490563562137,0.3321166311003154,0.2169061950196572,0.1895044695549632
IER5L,ENSG00000188483,chr9,129165551,129188261,108,0.3543202120743608,0.290463316301231,0.3783162824902079,0.43518145481223225,0.4095927894233876,0.15263542711238437,0.19372552288503808,0.19050765301389475,0.149417557241241
NTMT1,ENSG00000148335,chr9,129598883,129646135,259,0.5192495427097683,0.5809228279382584,0.5771875508286415,0.5420411011054271,0.5535396730841277,0.3706402784835529,0.42213564884114124,0.4990599160041796,0.4475645456465913
C9orf50,ENSG00000179058,chr9,129602224,129630776,144,0.49329202604227873,0.5077361647276911,0.48941467853377796,0.5033356505330152,0.4899537684500493,0.35818168152312757,0.3676636913086739,0.35055877414417447,0.34107676435862816
ASB6,ENSG00000148331,chr9,129624603,129652169,154,0.5931564403677468,0.6343990422606947,0.5905956412754191,0.6402071618325,0.5871269184035619,0.5062437011855554,0.5719123203683121,0.4999691185829684,0.43430049940021187
PRRX2,ENSG00000167157,chr9,129655646,129732674,539,0.2806693179636035,0.3222891125048359,0.250129977660127,0.30631650399133514,0.29070557858315577,0.21530660909962446,0.20564470300759913,0.17372789250847065,0.18338979860049595
PTGES,ENSG00000148344,chr9,129728330,129763042,255,0.2717226578266271,0.2674857857383137,0.15065895572318636,0.2730654290030682,0.1932234343679935,0.23252569988668986,0.20774140893944493,0.07874683325709411,0.10353112420433908
TOR1B,ENSG00000136816,chr9,129793156,129821281,168,0.2628064830873042,0.2673943788648939,0.24570510498350975,0.26398341304682604,0.18684231629407205,0.1670403616256121,0.2054100721764377,0.14410739418415452,0.10573768363332894
TOR1A,ENSG00000136827,chr9,129802941,129834244,196,0.20569669968997784,0.27011447891334006,0.2552863902839955,0.2617169751560989,0.22017007258905813,0.12520096346412937,0.1848080890570375,0.18966661410241306,0.13005948850950488
C9orf78,ENSG00000136819,chr9,129817289,129845863,216,0.11020660992680543,0.1530257769287436,0.1737983184057801,0.15205816769459274,0.17172368933886556,0.045967319254100636,0.07130989289408515,0.12011769874893236,0.09477512510894785
USP20,ENSG00000136878,chr9,129824697,129891828,575,0.5532893031716252,0.6227837033977766,0.6604115343637738,0.5448056832247622,0.70269934219624,0.35037991995483486,0.2744780349951703,0.6245566050596403,0.7004584900193047
FNBP1,ENSG00000187239,chr9,129877186,130053194,1052,0.6697841673402347,0.679104031328386,0.7126796465341889,0.6625896039861636,0.6893173979925635,0.4987448109515047,0.5270550652304471,0.637893482562712,0.6095832282837698
GPR107,ENSG00000148358,chr9,130043425,130150169,749,0.6237189074199161,0.6314881634236126,0.6399985632531913,0.6308402086207535,0.6389176811712023,0.47702700928584174,0.4880794099808926,0.5212554376156412,0.5102030369205903
NCS1,ENSG00000107130,chr9,130162403,130247303,642,0.4711691957031906,0.5970400934061585,0.5525637879043237,0.4888727926478024,0.5831542500180388,0.3708918270234946,0.352507980650778,0.5380263823213498,0.5564102286940664
HMCN2,ENSG00000148357,chr9,130255759,130444123,1081,0.4517561048486394,0.4944968864289049,0.4386893560640449,0.4665930107119832,0.4457642294454438,0.35287765692304296,0.3602532705226001,0.3293234242286247,0.3219478106290676
ASS1,ENSG00000130707,chr9,130434960,130511274,531,0.507570574544475,0.49429328690361957,0.48291515957357656,0.48489300738353747,0.49415183112319266,0.3653271033994128,0.33183016356859807,0.3164712927255331,0.34996823255634785
FUBP3,ENSG00000107164,chr9,130568964,130648352,420,0.348538041481423,0.48164221719514855,0.3619349284447683,0.3156699069096896,0.4107533593123318,0.318155420838217,0.2537470110522537,0.338934153912709,0.4033425636986723
PRDM12,ENSG00000130711,chr9,130654593,130692986,268,0.3967323198794857,0.4588142302183133,0.39139207885057714,0.30113940878103196,0.39717028629359563,0.31140295870302886,0.2330880765891255,0.30258971815357666,0.38090460026748
EXOSC2,ENSG00000130713,chr9,130683720,130714894,163,0.30857980768287224,0.40424734815086266,0.46285359898087497,0.30714979100046674,0.4655613070203816,0.1327263323256333,0.12916645433361273,0.3852033794091078,0.3887632574011284
ABL1,ENSG00000097007,chr9,130703015,130897675,1261,0.3664483394248905,0.5100544276604596,0.42798538292414046,0.3435780098805488,0.44739574836453566,0.3056419859906262,0.27064960874458227,0.40781898491441054,0.4428113621604544
RP11-57C19.8,ENSG00000288570,chr9,130703625,130723724,108,0.34906255040853934,0.5942488117379624,0.5945384492357866,0.3311969154531807,0.6005031632175716,0.21431381987766213,0.19336565872338862,0.6877013241569767,0.7086494853112502
QRFP,ENSG00000188710,chr9,130882706,130906812,202,0.3028384642632661,0.4358341290947112,0.443839929247155,0.31581157713649827,0.4227969352771582,0.17322299036407918,0.2011838790929567,0.39918398300834435,0.37122309427946687
FIBCD1,ENSG00000130720,chr9,130892437,130949286,444,0.32709816717521095,0.5353838543147085,0.4546328509984072,0.36366990812306893,0.5046185791288209,0.2782017446175032,0.25807713971549895,0.48834196283428233,0.5084665677362866
LAMC3,ENSG00000050555,chr9,130999173,131104473,827,0.41209916721668544,0.5053286308704046,0.41299273384629676,0.45640117183451884,0.4520892971875887,0.3511702769513499,0.35588121682860496,0.35269136069008067,0.34798042081282565
AIF1L,ENSG00000126878,chr9,131086475,131133152,291,0.4540355502577047,0.6360828101980105,0.5206037916609603,0.46985434803405723,0.5479136599557043,0.44040124364869127,0.42577516666890497,0.5704276941228643,0.5850537711026506
NUP214,ENSG00000126883,chr9,131115585,131244663,574,0.49503272155998196,0.6120999370595341,0.5927210966318035,0.5039045717994259,0.613764635872655,0.36600606364236904,0.3483430868794271,0.5810014786343447,0.5986644553972866
FAM78A,ENSG00000126882,chr9,131248075,131286510,258,0.5402876219580026,0.7413318131473374,0.7447380720269114,0.4975145799398257,0.7344955131551729,0.3819491640915095,0.35713714295648835,0.9702600063850719,0.9950720275200929
PLPP7,ENSG00000160539,chr9,131279458,131369022,653,0.35233021047318763,0.41283779003658666,0.3586440923935772,0.4073042945830268,0.3529244585805505,0.26132885929204164,0.31011804061990966,0.271125300790084,0.22233611946221593
PRRC2B,ENSG00000288701,chr9,131363635,131510197,1019,0.6822246643303611,0.6775970141809735,0.675032071279879,0.6440643006716845,0.6464775368204907,0.5771674311370538,0.5625749704366256,0.5547855760302265,0.5693780367306548
POMT1,ENSG00000130714,chr9,131492788,131533806,297,0.7342879480871721,0.8088299439155021,0.7995355196246314,0.6922689542733268,0.7740462634332186,0.6864078830235266,0.6728480002995944,0.968184018042731,0.9817439007666634
UCK1,ENSG00000130717,chr9,131513800,131541264,166,0.6770603630260528,0.7587453958576952,0.784593048035907,0.6576654994536086,0.7774631721370041,0.5084830349826933,0.4956033649886602,0.9134194194347673,0.9262990894288005
PRRT1B,ENSG00000283526,chr9,131535513,131568620,208,0.4525471535493274,0.3934792339833933,0.3074300229497538,0.3130077717637611,0.2641610867336413,0.36757463107552957,0.2843522797309819,0.13244168100459658,0.21566403234914427
RAPGEF1,ENSG00000107263,chr9,131566769,131750076,986,0.4668650954433719,0.5190240056779094,0.46115997364544264,0.45271250300537413,0.4650186460155377,0.37129107567103387,0.35459777944749443,0.36064684230506183,0.3773401385286013
MED27,ENSG00000160563,chr9,131842927,132089867,1263,0.4914157593439856,0.47948260144645705,0.4466692055631619,0.5613564206141264,0.4929607261702813,0.36862855120006616,0.39891661869159395,0.2843034136698676,0.2540153461783398
NTNG2,ENSG00000196358,chr9,132151675,132254526,715,0.3737288291372211,0.399558559824276,0.2705312451367483,0.3766682392037752,0.2825400427401797,0.33131161960733135,0.3253641998239265,0.17877854105175842,0.18472596083516327
SETX,ENSG00000107290,chr9,132251355,132364986,759,0.35216252310609814,0.4772289550044005,0.37025450945580346,0.5144974783237309,0.49385645880731954,0.31014379005465587,0.34512375442576376,0.3384678931878559,0.3034879288167481
TTF1,ENSG00000125482,chr9,132365547,132416851,295,0.7053014693019043,0.7145732653163344,0.6743848955481739,0.7582741683490862,0.7116350523069196,0.6767665112809056,0.7150963022380009,0.5770033926109636,0.5386736016538682
CFAP77,ENSG00000188523,chr9,132400042,132583319,1218,0.3737037391885118,0.38728212384340377,0.37405381006053984,0.358376070268942,0.39980354082527053,0.24464578662669523,0.21155268220097034,0.24520489701452397,0.2782980014402488
BARHL1,ENSG00000125492,chr9,132572605,132600252,133,0.445271961489601,0.552732346832814,0.42712966705675626,0.33944398029408807,0.501766337792976,0.4183897550132636,0.2612926603257279,0.3862083318901494,0.5433054265776852
DDX31,ENSG00000125485,chr9,132582996,132680401,502,0.4192671720806823,0.4400509812303576,0.3439429351342298,0.38923211236064703,0.36000380694209017,0.350933254590345,0.31332738379971287,0.22897628271815207,0.2665821535087843
GTF3C4,ENSG00000125484,chr9,132660034,132704953,217,0.3656511684930977,0.3483765581916161,0.25138682702837484,0.33829629027042646,0.226305999686187,0.29695590435439667,0.2923234933798049,0.13133252278210084,0.13596493375669255
AK8,ENSG00000165695,chr9,132715577,132888777,1170,0.4359569992383649,0.4855360128643473,0.4556200199011734,0.4083830295430331,0.4420173987422695,0.3145733633910502,0.3030490436202629,0.3500563586158779,0.36158067838666524
SPACA9,ENSG00000165698,chr9,132868026,132900201,192,0.41845808391907297,0.47066164233003616,0.44551582806070106,0.39993499205620425,0.46442930927139614,0.29424132183096013,0.26121116407698625,0.34188611223742177,0.3749162699913956
TSC1,ENSG00000165699,chr9,132881347,132956874,417,0.31668334193391295,0.375255550720035,0.37580422476292236,0.2670502941384452,0.3346994387793722,0.18995913760285207,0.1867872094459519,0.28045345640963093,0.2836253845665311
GFI1B,ENSG00000165702,chr9,132933999,133001687,530,0.41962642552017754,0.42449396387401284,0.3659260844491628,0.3854043505075043,0.35635290999516694,0.32049955296871263,0.29934578516303645,0.23200600941650457,0.25315977722218075
GTF3C5,ENSG00000148308,chr9,133020674,133068503,108,0.37248536816313305,0.4581376426501543,0.37366032608472727,0.3982830133900262,0.3804145116371594,0.30543455432475486,0.3210033687291787,0.30730870869838445,0.29173989429396063
CEL,ENSG00000170835,chr9,133051980,133081861,0,,,,,,,,,
RALGDS,ENSG00000160271,chr9,133087719,133159334,434,0.4008175855224875,0.49671659335077045,0.43116104180618003,0.3920269211159822,0.40276829586864427,0.3173165597285914,0.33438819211642895,0.3692852751201691,0.3522136427323316
RP11-326L24.9,ENSG00000285245,chr9,133088120,133173914,531,0.37361886609575906,0.4652218494891414,0.38694754306778767,0.37934005587130976,0.38429597003848454,0.3021973852416755,0.3089431646519485,0.3237059047869606,0.3169601253766876
GBGT1,ENSG00000148288,chr9,133142947,133173933,215,0.33434207067123306,0.4124001653935714,0.3405444095108727,0.3553039768549095,0.33419517542132204,0.26117391446398175,0.2819633818982212,0.2705352016915349,0.24974573425729546
OBP2B,ENSG00000171102,chr9,133195276,133219250,145,0.31031230833624224,0.23428164549476024,0.23762872712091962,0.3395545912382364,0.23776234124991033,0.18356782884626946,0.20514239314320099,0.0833730314209215,0.06179846712398995
ABO,ENSG00000175164,chr9,133223277,133286024,0,,,,,,,,,
SURF6,ENSG00000148296,chr9,133318775,133346188,0,,,,,,,,,
MED22,ENSG00000148297,chr9,133328311,133358131,0,,,,,,,,,
RPL7A,ENSG00000148303,chr9,133338217,133361426,0,,,,,,,,,
SURF1,ENSG00000148290,chr9,133341757,133366676,180,0.2650151766774496,0.24654913788501576,0.1694313329194277,0.34400500713798454,0.26675650314713334,0.20267611634304636,0.1972080793476163,0.08041535955236304,0.08588339654779309
SURF2,ENSG00000148291,chr9,133346549,133371158,181,0.29570958089953914,0.3335777210463527,0.28181405738310517,0.2905578385055761,0.32724144833971425,0.21268473359311119,0.17636964236232391,0.19314702329203087,0.22946211452281812
SURF4,ENSG00000148248,chr9,133351449,133386166,211,0.38261352288369105,0.3714569367899633,0.38113668974536147,0.4009779390529687,0.3894067973507843,0.23336997589380956,0.24174162839309102,0.23098075996683415,0.22260910746755264
STKLD1,ENSG00000198870,chr9,133366365,133416096,288,0.24360061629786472,0.3491533712078406,0.30117241755099344,0.2894425281968419,0.32132758105706005,0.17515789221067163,0.191784994547781,0.25432336557255764,0.23769626323544826
REXO4,ENSG00000148300,chr9,133396058,133428096,239,0.22449041693817814,0.248250173027663,0.2370183425382981,0.2047582461807025,0.2556606183284834,0.13453266922132875,0.10960130749165709,0.15081901805869175,0.17575037978836344
ADAMTS13,ENSG00000160323,chr9,133404357,133469402,462,0.34889643661083564,0.3294745646356192,0.29736590386703365,0.3463289743362964,0.2905335652538884,0.2379305980613933,0.2408013115905178,0.1617630439977447,0.1588923304686202
CACFD1,ENSG00000160325,chr9,133449964,133480848,210,0.4829418297820986,0.3717154938699976,0.45753044107106283,0.4024508007330093,0.33960891910505053,0.25636938401203874,0.28237888196190986,0.2083927958525229,0.1823832979026518
SLC2A6,ENSG00000160326,chr9,133461093,133489127,218,0.3418818392236736,0.3377193608059016,0.37230680276604966,0.26442353340551344,0.3085374499714122,0.18236645170375068,0.17511018927850772,0.22969943489766131,0.2369556973229043
MYMK,ENSG00000187616,chr9,133504585,133538612,154,0.39137664192024757,0.46890136386910564,0.3457725640254973,0.3793066891442596,0.2767046981810908,0.3525314776253063,0.3928940006661276,0.2802760419398816,0.2399135188990603
ADAMTSL2,ENSG00000197859,chr9,133522163,133585519,295,0.47987557060532804,0.6099172228901509,0.4944246853820008,0.537174425977468,0.4560941234935446,0.45651263041849266,0.551411135502974,0.4848836829619715,0.38998517787749004
FAM163B,ENSG00000196990,chr9,133567080,133619389,305,0.3927328950225698,0.4527256607178021,0.3329590832194094,0.38762194716006765,0.3531172111957807,0.3483438605318615,0.328810179901163,0.254461207417862,0.27399488804856054
DBH,ENSG00000123454,chr9,133626362,133669329,398,0.3448039284636727,0.4015346643329135,0.36765734722503485,0.3463832719766788,0.3669005406559643,0.23894177849305034,0.24074653551246453,0.2744448958533121,0.27264013883389787
SARDH,ENSG00000123453,chr9,133653559,133749955,811,0.35135182170147616,0.4562982524476957,0.3371037332010516,0.3723580056173762,0.37072725850088567,0.3155412433496727,0.30597464168964117,0.2938131973009024,0.3033797989609339
VAV2,ENSG00000160293,chr9,133751893,134002604,2467,0.42920938355779614,0.4707051902411847,0.48929471221077747,0.42624250742714664,0.49652085035295146,0.26248997373495697,0.25277259312819067,0.3737197322903464,0.3834371128971125
BRD3OS,ENSG00000235106,chr9,134015480,134044666,236,0.3554458341266359,0.5867845161022899,0.48910686536574194,0.36273706848806164,0.5307508086371796,0.3256938228353514,0.28886884289278336,0.5580922464724487,0.5949172264150167
BRD3,ENSG00000169925,chr9,134020304,134078535,536,0.3281075829504709,0.6338797971050023,0.4929680038602866,0.3189233152701378,0.5867402702230011,0.36163472630786975,0.2525974756845332,0.6431588499816222,0.7521961006049587
WDR5,ENSG00000196363,chr9,134125364,134169968,347,0.2923643473106826,0.252033423784296,0.27676309823408946,0.2937880779279939,0.26362050460920367,0.15610223663463332,0.16611361271672345,0.13429474957499968,0.12428337349290955
RXRA,ENSG00000186350,chr9,134307097,134450585,1088,0.34800870598195977,0.3486668493631972,0.31320378210391664,0.42255143776868537,0.3251077043510943,0.24037021429922653,0.2923338814918127,0.18836380124454022,0.13640013405195395
COL5A1,ENSG00000130635,chr9,134631802,134854843,1783,0.35027093019742345,0.41787727640433164,0.34688924898949774,0.35522208890735263,0.3482566151213714,0.27313262308301156,0.2759094787791607,0.26794136511199357,0.2651645094158444
FCN2,ENSG00000160339,chr9,134870809,134897523,324,0.3932709133653483,0.6168854012857135,0.42805710887805176,0.3755044903231319,0.49754736363904123,0.4501889453680543,0.37098918071292886,0.5092321758355961,0.5884319404907217
FCN1,ENSG00000085265,chr9,134893231,134927912,269,0.4339350259005925,0.4609199937947504,0.46760711718520404,0.3847982815708847,0.3609104997363872,0.2782820680210778,0.3279927903387546,0.3396092165492868,0.2898984942316099
OLFM1,ENSG00000130558,chr9,135065421,135131180,413,0.3009023619618857,0.44174226752870027,0.3768418063703799,0.2972206074670355,0.2986286577706567,0.23397226553229986,0.2904644910354023,0.3489622715558163,0.2924700460527139
PPP1R26,ENSG00000196422,chr9,135469078,135498893,216,0.3801545997185541,0.5730408146505709,0.4810701114644554,0.3703337952398829,0.4893538539235637,0.33668277346848224,0.3207769433126911,0.5143840815152936,0.5302899116710847
C9orf116,ENSG00000160345,chr9,135485180,135511734,228,0.26833811038755345,0.5163144716933057,0.46256948027785666,0.30559183645555643,0.4922252211747351,0.20890064826747123,0.20664919965299305,0.517419670070755,0.5196711186852332
MRPS2,ENSG00000122140,chr9,135489983,135514673,201,0.2738942012747657,0.4684716664803843,0.4358025270883379,0.29174577147912567,0.4264201122214243,0.18985368051868617,0.21054644523741323,0.44214509350471737,0.42145232878599037
LCN1,ENSG00000160349,chr9,135511437,135536540,134,0.23611891862833365,0.33043047393981595,0.21936382572938803,0.2562903307535615,0.19814333056473,0.21140867120210344,0.23819970890950493,0.18971160030321724,0.1629205625958158
OBP2A,ENSG00000122136,chr9,135536125,135559969,14,0.4686098108765585,0.604601941299887,0.5015116839606865,0.44219594485831476,0.5296653553914965,0.4319729290121884,0.37864949203405723,0.49588934895688336,0.5492127859350147
PAEP,ENSG00000122133,chr9,135551755,135576955,113,0.39224044995706525,0.44368368721130735,0.3941791424558786,0.5139315626362441,0.4385537534938888,0.29161161975826166,0.36529242231814474,0.2948066188467058,0.2211258162868227
RP11-98L5.5,ENSG00000236543,chr9,135594344,135629893,287,0.5584203250049788,0.6449712733761471,0.6400139065931191,0.5026744851966444,0.5377776000251767,0.41563175295744936,0.4811789810630363,0.6199248197559325,0.5543775916503457
GLT6D1,ENSG00000204007,chr9,135613647,135649540,152,0.4903021092195486,0.5315670944689052,0.4210154270891799,0.4797470179430284,0.5062465826029462,0.4429100262384612,0.35304171954052993,0.3154523725672377,0.405320679265169
LCN9,ENSG00000148386,chr9,135653321,135676422,209,0.5843911450539782,0.4328547915746131,0.4104057525969565,0.5820717229899488,0.48295120517342743,0.45841496358102835,0.3899836637943306,0.10872494494556617,0.17715624473226388
SOHLH1,ENSG00000165643,chr9,135683406,135714498,284,0.5848357559631817,0.5798086189418452,0.5102349731958613,0.6345472096498833,0.5281676957531423,0.51614826528078,0.561265765434539,0.350896737023537,0.30577923686977804
KCNT1,ENSG00000107147,chr9,135692184,135805508,545,0.4867845248680805,0.5067588886881,0.5436884917334058,0.4978804727233021,0.5157675782408232,0.29461853843312047,0.33524198155046225,0.412138616463709,0.37151517334636724
CAMSAP1,ENSG00000130559,chr9,135798486,135917546,773,0.2937108279608668,0.3931221085861497,0.39480844105198754,0.22458601708417944,0.31547443589304985,0.17247398201809433,0.18737830421719062,0.326953693499154,0.31204937130005767
UBAC1,ENSG00000130560,chr9,135922968,135971373,487,0.5135703938711491,0.4871168524516971,0.42461846862298264,0.45691557086241724,0.42999921306040095,0.41782419961893097,0.3580400947248537,0.24988304269573774,0.309667147589815
NACC2,ENSG00000148411,chr9,135996536,136105289,816,0.44094050550521574,0.6669845838596028,0.5871102121547906,0.49229022213698037,0.592950275643847,0.3982456487364487,0.4392959326497218,0.7013208466209043,0.6602705627076313
TMEM250,ENSG00000238227,chr9,136104580,136128875,197,0.377364838570613,0.6133006575418608,0.48866280052342626,0.38029597704570617,0.4413202313943899,0.37658815166752374,0.4232211216479223,0.5735196290955171,0.5268866591151186
LHX3,ENSG00000107187,chr9,136186249,136215128,198,0.3267633450783219,0.26739091276126575,0.215659408707327,0.3223166869110163,0.24920289600683937,0.23194473434276575,0.20679919155860843,0.07919829027831105,0.10434383306246839
QSOX2,ENSG00000165661,chr9,136196332,136255812,330,0.3629964418575268,0.3264711393473208,0.28647683859210493,0.3631004441118609,0.2584065415053183,0.2543320445163145,0.2737068328195933,0.14089238778491806,0.12151759948163923
CCDC187,ENSG00000260220,chr9,136239972,136316901,47,0.2413900652877449,0.23513421214397923,0.30210416552921615,0.2618602091702559,0.281783744047895,0.09231851665910784,0.12034619597974483,0.1757363845990991,0.14770870527846214
GPSM1,ENSG00000160360,chr9,136317475,136369605,388,0.35724977734570984,0.37062655176963655,0.3105517757865938,0.34164397138552666,0.3093440314761568,0.2665829455787919,0.2554632220846787,0.19644753550596947,0.20756725900008274
DNLZ,ENSG00000213221,chr9,136349479,136373744,189,0.34683907195136227,0.39667958314735685,0.32918075796095897,0.42010224667377427,0.27017339978594596,0.26599151190314996,0.36763101174652824,0.2393153402479219,0.13767584040454373
CARD9,ENSG00000187796,chr9,136351902,136383681,229,0.30184755543223324,0.36536902539272204,0.3055455595056578,0.3960496044097504,0.3491577656031374,0.2247003350478257,0.2647433963375291,0.23001125632102978,0.1899681950313264
SNAPC4,ENSG00000165684,chr9,136365576,136410170,307,0.23484819700919238,0.28656297051879337,0.21266406671935625,0.27449419413318327,0.22379688733083888,0.18312093132388962,0.20260312798358743,0.15454017044382837,0.1350579737841306
ENTR1,ENSG00000165689,chr9,136391921,136420614,185,0.22179837846106773,0.34699938955366294,0.3027745820530746,0.34245982230748123,0.24513885599489546,0.1581501703912229,0.2821025815202035,0.26802704448132575,0.14407463335234516
PMPCA,ENSG00000165688,chr9,136400640,136433761,159,0.38102379248927665,0.37744487870842197,0.30611625455415997,0.3868309421896251,0.27682650995220326,0.2940803520219177,0.31946578635842104,0.1798427542819592,0.15445731994545586
INPP5E,ENSG00000148384,chr9,136418618,136449845,107,0.16009353515119426,0.16227841154102476,0.16026713314276536,0.1707289452821497,0.1491671896876358,0.0884313791954674,0.1013690230605354,0.08863808784882206,0.07570044398375407
SEC16A,ENSG00000148396,chr9,136430095,136493759,346,0.29316611924197783,0.33575680680776904,0.2726561299634927,0.26955830861199276,0.22906092032799777,0.21885531570574987,0.2315334448183048,0.19025162604729629,0.17757349693474134
NOTCH1,ENSG00000148400,chr9,136484432,136556048,529,0.4764167172376405,0.6709792536261675,0.5203290690725902,0.4471589085491283,0.5413521838992027,0.5120193367595762,0.46242324934269347,0.5996151345582881,0.6492112219751709
EGFL7,ENSG00000172889,chr9,136648855,136682678,0,,,,,,,,,
AGPAT2,ENSG00000169692,chr9,136663142,136697457,0,,,,,,,,,
DIPK1B,ENSG00000165716,chr9,136702571,136734742,0,,,,,,,,,
LCN10,ENSG00000187922,chr9,136728166,136753356,0,,,,,,,,,
RP11-216L13.16,ENSG00000204003,chr9,136728166,136758453,13,0.21249600554719994,0.14282205176928603,0.29257455509230046,0.31942574235093774,0.3825329743212337,0.02343677189860316,0.028399235051130955,0.13067296916415816,0.12571050601163034
LCN6,ENSG00000267206,chr9,136734016,136758525,13,0.21249600554719994,0.14282205176928603,0.29257455509230046,0.31942574235093774,0.3825329743212337,0.02343677189860316,0.028399235051130955,0.13067296916415816,0.12571050601163034
LCN8,ENSG00000204001,chr9,136744385,136768543,98,0.36813666241623755,0.2830313967557369,0.3696654009040421,0.4598297741575349,0.4283782692452098,0.16515044185504635,0.19465818411259572,0.16757278654584445,0.13806504428829502
LCN15,ENSG00000177984,chr9,136749633,136776255,156,0.348935577107511,0.4597126846796487,0.4228886325877509,0.4127004244072911,0.4481188365982779,0.24754043865032316,0.27672595751662715,0.36811377686204694,0.33892825799574294
TMEM141,ENSG00000244187,chr9,136781343,136803317,144,0.21969779466392728,0.43348696083932137,0.38498767091596,0.1793046317493197,0.3724003534145927,0.16510810461837622,0.15000282425046438,0.40314707710731595,0.4182523574752279
RP11-216L13.17,ENSG00000272896,chr9,136781378,136810595,197,0.29947445526366684,0.5239231758312609,0.43420648407527135,0.2738205490469189,0.42272538265227627,0.26428720485240487,0.25634848689348366,0.4778888376086573,0.4858275555675785
CCDC183,ENSG00000213213,chr9,136786337,136817741,227,0.3620609134078659,0.6109227395836766,0.474017933385501,0.3508624753191135,0.471369871794151,0.37550082861555617,0.36931087113540934,0.5684765135736316,0.5746664710537785
RABL6,ENSG00000196642,chr9,136797942,136851187,214,0.4890903080303557,0.7584677912294344,0.6715608142034993,0.5495184697726869,0.6611998539948664,0.4894556462128127,0.5679228805176725,0.9312967989192631,0.8528295646144032
AJM1,ENSG00000232434,chr9,136834414,136858801,0,,,,,,,,,
PHPT1,ENSG00000054148,chr9,136838723,136861027,0,,,,,,,,,
MAMDC4,ENSG00000177943,chr9,136840942,136870799,43,0.7008189116113209,0.9368711159146177,0.7554509579135343,0.5495080123218176,0.9466981811404513,1.2804718481502184,0.314103513628021,1.482105015063829,2.4484733495860267
EDF1,ENSG00000107223,chr9,136852118,136876308,67,0.6593150095482184,0.9363391059202577,0.7602262940213327,0.5147119199882495,0.8883289265877594,1.2014610653676514,0.642499912191574,1.552723747251211,2.1116849004272877
TRAF2,ENSG00000127191,chr9,136871911,136936607,395,0.6503226874358833,0.8390426831936163,0.692289726872947,0.57702756893341,0.685250245201365,0.8493819828192317,0.765543476950086,0.977234079330935,1.0610725852000809
FBXW5,ENSG00000159069,chr9,136930434,136954738,171,0.6421891360622477,0.8324822759119834,0.7930700048237362,0.5200758890662361,0.7662042606731974,0.6195210663029237,0.5337429769870912,1.1671450515613069,1.2529231408771393
C8G,ENSG00000176919,chr9,136935184,136956975,144,0.6125859487297359,0.8750764391755116,0.8204059302724193,0.5027949047414638,0.7792426893871919,0.6556291785526741,0.6340572953698218,1.4244240635818362,1.4459959467646883
LCN12,ENSG00000184925,chr9,136939550,136965497,178,0.5610129334224759,0.8516126728256183,0.8266240679541089,0.47418049053935035,0.6927494361235713,0.4894608256341638,0.6853174580152354,1.418468522660218,1.2226118902791467
PTGDS,ENSG00000107317,chr9,136965091,136991742,138,0.40247807280983083,0.7454164674623558,0.6872593251179364,0.3486729548019825,0.5706189541025398,0.360354812856309,0.4757295643129022,1.007771461836514,0.8923967103799206
RP11-229P13.28,ENSG00000284341,chr9,136967517,136995435,131,0.506581809891022,0.7259943844529083,0.7330828017566333,0.40889717613281196,0.6578211484172958,0.34009404959759293,0.37397512559549895,0.9545126285090726,0.9206315525111666
LCNL1,ENSG00000214402,chr9,136971903,136996410,75,0.772614252260095,0.8558932185762955,0.8182996147504318,0.677820764767453,0.7883513299409788,0.8564559538448088,0.7585101889858452,1.0807447626999243,1.1786905275588881
PAXX,ENSG00000148362,chr9,136982421,137003984,105,0.6577202680931259,0.7318832878113986,0.6771596474699664,0.5522675046768865,0.5525439962978806,0.6289312520789239,0.6578575858705915,0.6874016479509655,0.6584753141592983
CLIC3,ENSG00000169583,chr9,136984607,137006568,119,0.636294643684402,0.7199679790481431,0.6716029176038546,0.5372479472562617,0.5392539041131081,0.5853653679368545,0.6342535287626758,0.6874859538723554,0.6385977930465341
ABCA2,ENSG00000107331,chr9,136997233,137038922,187,0.5642982971309038,0.6472351301607179,0.6338187947377784,0.4738851142440447,0.5649759153035694,0.4340620004256749,0.4259176644467947,0.6078915346672551,0.6160358706461354
FUT7,ENSG00000180549,chr9,137020173,137042088,67,0.5935996455733589,0.6087752076375744,0.5862090429039138,0.5235152418888308,0.5092451278704051,0.4782475555228749,0.4839909966476759,0.46022541214714585,0.4544819710223449
RP11-229P13.27,ENSG00000279073,chr9,137021240,137050436,102,0.5755592536970141,0.5718099450346938,0.46429413024273763,0.43523376415650883,0.41880886263086875,0.5405004884886555,0.4384279536875781,0.30768763981707564,0.4097601746181532
NPDC1,ENSG00000107281,chr9,137029462,137056179,115,0.5234891378174958,0.5535511836311836,0.4481434087903731,0.530330644719785,0.4680722130424596,0.47661410680944843,0.46545465591361,0.3298164114195709,0.3409758623154094
ENTPD2,ENSG00000054179,chr9,137038106,137064061,134,0.4743704404923042,0.49535203291125735,0.37601610429795423,0.49703474481947013,0.4181305791081164,0.42771102119566295,0.414809577483834,0.2561831664684974,0.2690846101803263
SAPCD2,ENSG00000186193,chr9,137052126,137080557,163,0.45727631318130696,0.4885019989570658,0.449524590387487,0.4702361650477402,0.3512901278680107,0.34229678062039637,0.4364829336265105,0.32811482100715,0.2339286680010359
UAP1L1,ENSG00000197355,chr9,137067516,137094539,163,0.5616494440448941,0.6588394971240842,0.6155301303292697,0.5915447576505948,0.5672363695798424,0.47212435335034586,0.5666057889227459,0.6032778761641595,0.5087964405917594
MAN1B1,ENSG00000177239,chr9,137076856,137119189,264,0.45446052972628437,0.5984716623444732,0.5683837826821404,0.4710671813158091,0.4939239677330486,0.3391194086915107,0.4341513305196787,0.5733577599286033,0.4783258381004353
DPP7,ENSG00000176978,chr9,137100545,137125177,143,0.37874831962790817,0.43230386911025237,0.45837713791397994,0.42155932050228284,0.39084237173978686,0.21450131742062856,0.3089550251526815,0.3516676668215677,0.2572139590895147
GRIN1,ENSG00000176884,chr9,137129153,137178756,218,0.43346379660682466,0.46388013569700715,0.4389127137946329,0.4642403353066124,0.3880546249749038,0.306866506860865,0.378177431882862,0.3165310086204,0.24522008359840303
LRRC26,ENSG00000184709,chr9,137158757,137180051,81,0.1745962186623389,0.26972797377489455,0.26921139959040347,0.18349489520541337,0.15844086598552073,0.09629485133040827,0.17228064723206105,0.21804332425730777,0.142057528355655
RP11-350O14.18,ENSG00000261793,chr9,137158853,137181984,93,0.16885945694698656,0.2632202882601098,0.26135734814148226,0.1852515062713898,0.15588851505824705,0.09374083597000504,0.17043571906685306,0.2117254940909047,0.1350306109940567
TMEM210,ENSG00000185863,chr9,137160857,137182056,90,0.1812470501648865,0.24021660079051382,0.23062853753535656,0.18019513659967784,0.12794326125568287,0.10625669828085135,0.1682550180231878,0.16846518908157315,0.10646686933923676
ANAPC2,ENSG00000176248,chr9,137164783,137198560,174,0.24721861652169785,0.47816248153618884,0.3801442684328867,0.20833314306184875,0.3305865251793156,0.2280554542724198,0.2413301284971423,0.4223435525915096,0.40906887836678707
SSNA1,ENSG00000176101,chr9,137178659,137200370,122,0.21753684288854377,0.5114800058576098,0.4425762098597919,0.18108132918870778,0.3888860840116822,0.18862691780878044,0.21183674322958285,0.5277479608609907,0.5045381354401883
TPRN,ENSG00000176058,chr9,137181616,137214193,168,0.4017230731242866,0.6845355358856395,0.47804531811639317,0.3458307651581845,0.5271086822905404,0.5086181347581005,0.41460436992433103,0.6450911021383515,0.739104866972121
TMEM203,ENSG00000187713,chr9,137194081,137215648,104,0.5046526387859741,0.6236828800612921,0.533598104035337,0.3829134407233218,0.5917094902948185,0.4585557654034646,0.2821463684787456,0.5187673215618479,0.6951767184865669
NDOR1,ENSG00000188566,chr9,137195684,137229361,170,0.5579546390186473,0.6124066430654278,0.5337633525508207,0.41901609583497135,0.5740392993839442,0.5005396834933725,0.3187112876147418,0.4472588545907192,0.6290872504693499
RP13-122B23.13,ENSG00000284976,chr9,137207451,137229361,120,0.5301207637456816,0.5958139278357685,0.5386262663050941,0.5217059923717926,0.49851626576196484,0.44380631577687424,0.4766127414577783,0.46207361661212804,0.4292671909312239
RNF208,ENSG00000212864,chr9,137210246,137231581,118,0.5457298193559817,0.551595338980442,0.561555182646038,0.517514224804682,0.4979314614084808,0.38330051012441724,0.4209221978023703,0.4187586829332809,0.3811369952553278
CYSRT1,ENSG00000197191,chr9,137214634,137236315,110,0.5883144835473247,0.5259667532312711,0.47392264213366186,0.5190348785610744,0.5365653648259957,0.4958331703480823,0.3546742073170666,0.2506446485364362,0.39180361156745186
RNF224,ENSG00000233198,chr9,137217501,137239640,111,0.5624019328842582,0.5527591388593134,0.42434102477180174,0.5087149514934326,0.5390834832928336,0.5394362923142225,0.3704252094532539,0.2652216979351706,0.4342327807961392
SLC34A3,ENSG00000198569,chr9,137220756,137246555,141,0.5416082568540458,0.47028476030674143,0.3904748292997194,0.5547816893114376,0.38104644170994884,0.46018589644004393,0.48244059780582604,0.17522980398210392,0.1529751026163217
TUBB4B,ENSG00000188229,chr9,137231286,137253707,151,0.5533097864937173,0.46344098460747446,0.3692110603762656,0.5284964383775141,0.3209298982507353,0.4838423617922591,0.4936882156184074,0.13873636043712056,0.12889050661097212
FAM166A,ENSG00000188163,chr9,137233583,137257770,178,0.5614412015236153,0.45598022994003545,0.4101310437520514,0.5286182644088789,0.3593274849822782,0.45258810104570685,0.4578099377034548,0.15618158971884938,0.15095975306110127
STPG3,ENSG00000197768,chr9,137241260,137263483,164,0.6631077383992585,0.45403141069890124,0.45079438186869475,0.5787398307787188,0.42141310779975705,0.5469517782130293,0.4612659748162941,0.058242055431610984,0.1439278588283463
NELFB,ENSG00000188986,chr9,137245326,137283542,225,0.6313898579353189,0.46798136154661846,0.4377892529938059,0.5818041013873615,0.39699233127195926,0.5266069849435493,0.49852834506578175,0.10446977062383611,0.13254841050160365
TOR4A,ENSG00000198113,chr9,137267725,137292641,99,0.4932549568480549,0.4336567875044196,0.5840367419024897,0.5012052627809088,0.5632218992584167,0.18557196644641427,0.21789281334810762,0.38298303560709474,0.3506621887054015
NRARP,ENSG00000198435,chr9,137289630,137312271,121,0.3243197204485412,0.5203611523943091,0.4642308101942597,0.4147691330076651,0.43759840559484975,0.2513526532366014,0.34746581039007557,0.4833692058606344,0.3872560487071603
EXD3,ENSG00000187609,chr9,137296895,137433211,531,0.3922327693135086,0.5690070967892501,0.49247124281144394,0.3982574228025963,0.4626985108932111,0.330712532103427,0.36419664142406183,0.5109511227788559,0.47746701345822107
NOXA1,ENSG00000188747,chr9,137413349,137444406,183,0.41121483715201235,0.6496850139371376,0.5087000470931451,0.39616459599436,0.5512782605940927,0.4339580221155601,0.376011939866392,0.6149645469248695,0.6729106291740377
ENTPD8,ENSG00000188833,chr9,137424363,137451816,160,0.43654187614471973,0.665400156478724,0.6263749893642689,0.3604789431406689,0.6105933855611103,0.3419897954028554,0.2993622447855092,0.7528301626857348,0.7954577133030811
NSMF,ENSG00000165802,chr9,137437569,137469334,121,0.5996012523831605,0.6651325866110966,0.6771396479244004,0.5325842205245247,0.6006158789663946,0.43938978502017056,0.468362543961225,0.6546308214074898,0.6256580624664355
PNPLA7,ENSG00000130653,chr9,137449951,137560402,555,0.28098365708602213,0.3299299504215313,0.2858617957547709,0.30703104242966306,0.3221338714599243,0.19678271995300092,0.18916881722520437,0.2035903004996082,0.21120420322740474
MRPL41,ENSG00000182154,chr9,137541878,137562555,113,0.34248053118090394,0.15884806250659908,0.19887740543803611,0.320534855026423,0.1489073800451046,0.18526129284661122,0.1990989972636909,0.0,0.0
DPH7,ENSG00000148399,chr9,137544443,137588925,190,0.34271365688826166,0.3850888966750217,0.32437206220102327,0.3225426778227732,0.2499543433340242,0.25690017395720255,0.29403254581072624,0.22937739510546418,0.1922450232519405
ZMYND19,ENSG00000165724,chr9,137572080,137600512,68,0.13391500697265768,0.09477446882619298,0.08453061276459585,0.1124139088509483,0.0035447644143296324,0.07751251887318898,0.10763492842953626,0.022058641738694915,0.0
ARRDC1,ENSG00000197070,chr9,137595684,137625360,0,,,,,,,,,
EHMT1,ENSG00000181090,chr9,137608991,137880016,1071,0.3070329477670515,0.5381762606876019,0.5228895015356555,0.29316344167552716,0.5039612989265222,0.19966881998898467,0.20921323227415728,0.5729031573472336,0.5633587450620611
CACNA1B,ENSG00000148408,chr9,137867781,138134624,1299,0.33258432851479,0.5423302788359186,0.4686478505276043,0.3456710066439138,0.5043240163961522,0.2768097117568456,0.2519598346589551,0.5047977760819736,0.5296476531798642
