gene_name,gene_id,chrom,start,end,n_snps,fst_afr_sas,fst_afr_mel,fst_mel_sas,fst_afr_eur,fst_eur_mel,pbs1_african,pbs2_african,pbs3_melanesian,pbs4_melanesian
ZNF595,ENSG00000272602,chr4,43285,98208,187,0.1591011561630781,0.5403005855562784,0.40754148622119474,0.10510341349310216,0.49653090875078315,0.21349596482131672,0.10099830332029963,0.563686485128606,0.676184146629623
ZNF718,ENSG00000250312,chr4,114500,212303,0,,,,,,,,,
ZNF732,ENSG00000186777,chr4,260674,315474,329,0.17897192602949857,0.3252115132831095,0.2645829522634598,0.12594727788590881,0.3115418723235435,0.1416182183464047,0.07733489659393394,0.25173777188053015,0.3160210936330008
ZNF141,ENSG00000131127,chr4,327813,394868,412,0.24275547880076076,0.340929714210879,0.28932367208326226,0.3136930387699271,0.2958374096532461,0.17672798567495412,0.22130469182244944,0.24019710927324253,0.1956204031257473
ZNF721,ENSG00000182903,chr4,415814,509156,499,0.2893553214929041,0.3927937602182955,0.3800063597712408,0.31014593723004513,0.38912112159788137,0.1812117204861049,0.1886527045715745,0.31767505614708275,0.3102340720616132
PIGG,ENSG00000174227,chr4,489209,550200,444,0.3485932989149301,0.43716124767245834,0.35922370613903853,0.367280758053242,0.32524934766607694,0.27915416014301686,0.319539265180665,0.29560793966599375,0.2552228346283456
TMEM271,ENSG00000273238,chr4,563879,586295,0,,,,,,,,,
PDE6B,ENSG00000133256,chr4,615572,680782,91,0.14086595500555113,0.1389731338279056,0.0766577073180324,0.176070747780622,0.14542323226426213,0.1108523138938245,0.09307562110319725,0.03877725769548952,0.056553950486116805
ATP5ME,ENSG00000169020,chr4,662435,684330,109,0.12427136479034405,0.12350206496824287,0.08083869575633552,0.15972115313721158,0.14405764020604453,0.09011314659922093,0.07514508521611844,0.04170778394937978,0.05667584533248225
MYL5,ENSG00000215375,chr4,663579,692033,155,0.12413781380535653,0.11850674626949341,0.0711236607931363,0.16543624913369695,0.13245968532977595,0.09245239585363019,0.08244538952767516,0.03368553449002465,0.04369254081597966
SLC49A3,ENSG00000169026,chr4,671828,699271,170,0.08762159549308868,0.14203598772768733,0.1090060398001823,0.13623965111085812,0.10926470157487234,0.06473797582095571,0.09197253369463887,0.0884551482914456,0.06122059041776241
PCGF3,ENSG00000185619,chr4,695747,780640,442,0.3448555458146751,0.5371572314042335,0.4691336593785456,0.3509097418871855,0.45642214664488845,0.2800112000776609,0.2964845181776696,0.4903566751586203,0.4738833570586116
CPLX1,ENSG00000168993,chr4,774956,836129,360,0.31326307464286635,0.3886002797454547,0.3308105948977677,0.3014147395749481,0.3472055452985805,0.23306008875744388,0.2121047013174844,0.25894423831705726,0.27989962575701666
GAK,ENSG00000178950,chr4,839275,942373,601,0.36320079563205754,0.4593339577479446,0.42016606409789375,0.3433011777160903,0.40605638235155894,0.2606204239497833,0.25725619156837215,0.354333063923327,0.3576972963047381
TMEM175,ENSG00000127419,chr4,922386,968656,145,0.41812988733459117,0.42486504898083916,0.4708135281982041,0.37001054938411554,0.4837900611300182,0.22912209400634936,0.17698051755920013,0.3240284742909419,0.376170050738091
DGKQ,ENSG00000145214,chr4,948886,996895,184,0.3784748621360083,0.461986013986014,0.42460684958742456,0.3780876789528435,0.45493038693724797,0.2713739563162832,0.24399255994511698,0.3484967665334435,0.3758781629046096
SLC26A1,ENSG00000145217,chr4,969072,1003440,214,0.3903674462877464,0.44561538911763526,0.43770855156331456,0.3751161294585966,0.37500149711954195,0.25453024596538537,0.29504000932215185,0.3353663436750155,0.29485658031824913
IDUA,ENSG00000127415,chr4,976996,1014564,239,0.38923810211298976,0.4123330727121245,0.3927080102268284,0.34973861208622825,0.3346180884541331,0.26294873197710755,0.27729085167211753,0.2686462097906104,0.2543040900956004
FGFRL1,ENSG00000127418,chr4,999935,1036898,231,0.2944970643248093,0.3204569932397125,0.21315636764185344,0.3455753836837424,0.21081882682050093,0.24772668182438856,0.2867871363533777,0.13860807379560408,0.09954761926661501
RNF212,ENSG00000178222,chr4,1046249,1123564,531,0.5595509668816551,0.5744270777446515,0.49660843524788795,0.5704616896803623,0.4187261154767247,0.4939462775842158,0.5784150391391234,0.360372687914813,0.27590392635990535
SPON2,ENSG00000159674,chr4,1156931,1218962,376,0.4771943731885367,0.4912180350640451,0.47383952491686565,0.5166955027588033,0.5288596149375205,0.3410661106231792,0.3251224684176487,0.3346696032349531,0.3506132454404837
CTBP1,ENSG00000159692,chr4,1201444,1259953,463,0.4971047130893403,0.43589250750819436,0.40134916904905477,0.5121132579522665,0.4171970799268662,0.37340349650540466,0.3751381239496578,0.19910695961407143,0.19737233216981837
MAEA,ENSG00000090316,chr4,1279886,1350147,572,0.21748329151575416,0.21305451713054524,0.17992441471854648,0.29097784895943624,0.20771186940825334,0.14323877167479754,0.17531733162960456,0.0963575333739135,0.06427897341910654
UVSSA,ENSG00000163945,chr4,1335690,1405989,525,0.3680516848105732,0.38652702314986054,0.26507668771909465,0.3933864691449267,0.2459671969700938,0.3197888045063747,0.3530815173287361,0.16883025880895158,0.13553754598659015
NKX1-1,ENSG00000235608,chr4,1392931,1416442,47,0.5872801584163447,0.30888327824194806,0.3551337024120631,0.5817665301535502,0.33514114890168856,0.4078602719820098,0.41649074977812417,0.0,0.0
FAM53A,ENSG00000174137,chr4,1607914,1694261,651,0.38860472334808266,0.440844486262203,0.3861622121529194,0.37880593239964877,0.3953835893716539,0.2926573323668703,0.2771391641154604,0.2886703122618564,0.3041884805132664
SLBP,ENSG00000163950,chr4,1682730,1722344,225,0.46686112452453177,0.37804113865202577,0.4214433581039511,0.40062429662429666,0.3526169400369827,0.27831791832687,0.27596544173966686,0.1965634094153268,0.19891588600252985
TACC3,ENSG00000013810,chr4,1702857,1755171,346,0.43143921615778275,0.36955128553794014,0.37450002586864395,0.36231305123298685,0.3270185352795557,0.27838326466638097,0.2575968844614849,0.18294020327852684,0.20372658348342298
TMEM129,ENSG00000168936,chr4,1705951,1731358,195,0.44541107597018254,0.36700996287385157,0.35048581630765974,0.37564610902929313,0.3016748915188193,0.3076490539745489,0.2846340106551855,0.14965154212447979,0.17266658544384317
FGFR3,ENSG00000068078,chr4,1783292,1818872,69,0.3658861321288886,0.4894908817077563,0.5053041989698154,0.3634837951991237,0.4303431268528437,0.21203063484946127,0.28068555288589897,0.4603161451943385,0.3916612271579008
LETM1,ENSG00000168924,chr4,1801478,1866156,235,0.3560801102010737,0.574926415203662,0.7029266250316722,0.4276986869919377,0.7320535815479714,0.040948911379203756,0.04830719502130443,0.8145440729683711,0.8071857893262703
NSD2,ENSG00000109685,chr4,1861392,1992207,548,0.32460004762083794,0.5277116971545941,0.6283368972810824,0.315284400251713,0.6613172787883129,0.0764242186959036,0.02311292152560751,0.6737414500567103,0.7270527472270063
NELFA,ENSG00000185049,chr4,1972716,2051903,323,0.2565057611828117,0.5364545998628433,0.4923871438750371,0.2489929993516277,0.4308423097042923,0.19360449687851244,0.24579675309311338,0.5752464512210913,0.5230541950064904
C4orf48,ENSG00000243449,chr4,2031994,2053964,48,0.455299433234985,0.41404825537194323,0.32162042822180875,0.45044401770581005,0.421990011452141,0.3769942933091609,0.29249917116695034,0.15752354653776585,0.24201866867997635
NAT8L,ENSG00000185818,chr4,2049326,2079089,0,,,,,,,,,
POLN,ENSG00000130997,chr4,2061917,2252121,872,0.4773530237161902,0.3635970050783833,0.4058183276683416,0.5011271871760913,0.4340917021732979,0.29010107808223184,0.28900207222665425,0.16182219841086537,0.16292120426644285
HAUS3,ENSG00000214367,chr4,2068997,2252276,875,0.47720496801640927,0.3635970050783833,0.4058183276683416,0.5010529035514212,0.4340917021732979,0.28995945788751987,0.288927626302979,0.1619638186055773,0.16299565019011808
MXD4,ENSG00000123933,chr4,2237431,2272109,209,0.3065205289994956,0.3177978302284991,0.34868004540963343,0.3299560593971331,0.3481823359803612,0.15985429716506508,0.17742540081611902,0.22257493128715825,0.20500382763610425
ZFYVE28,ENSG00000159733,chr4,2259581,2428651,1203,0.45098918223872164,0.49489947646500254,0.4038441907957045,0.49025392319027383,0.4156617939832091,0.38269086247579964,0.4097825174917143,0.30030695053514944,0.27321529551923474
CFAP99,ENSG00000206113,chr4,2408973,2472942,399,0.38599964822298366,0.48172757924279513,0.39688331577288805,0.34477557326394537,0.410223635684989,0.3196847246405198,0.2760099372450707,0.337569541526007,0.381244328921456
RNF4,ENSG00000063978,chr4,2452219,2635320,932,0.5153343268986907,0.5473037908119777,0.49367134598181817,0.5100580891984197,0.5109122522387339,0.4181303256238956,0.3953945401590077,0.3744036727353023,0.3971394582001903
FAM193A,ENSG00000125386,chr4,2526646,2742573,1167,0.5074311898074474,0.5042357203915343,0.4457820442301853,0.4461067821067822,0.4771929418704853,0.4097892861551279,0.3219476347754907,0.29186542179056446,0.3797070731702018
TNIP2,ENSG00000168884,chr4,2731647,2766342,250,0.431598398548879,0.44207932319014576,0.47431542392226955,0.3898044669564496,0.4293082803721101,0.2527058184424067,0.25830409973563195,0.33083266451831894,0.3252343832250937
SH3BP2,ENSG00000087266,chr4,2783070,2851098,445,0.4136048655826361,0.5589998516230712,0.48492425196690736,0.4526517141595145,0.5129588149596875,0.3445150936637116,0.35098671782757845,0.47419497341601524,0.4677233492521484
ADD1,ENSG00000087274,chr4,2833843,2940076,547,0.34943889106908044,0.28073587164079916,0.310847847786021,0.30041065531190125,0.2851825947183065,0.19357673783827156,0.17553012698040232,0.135949895722372,0.15399650658024128
MFSD10,ENSG00000109736,chr4,2920560,2944834,170,0.6045232425156233,0.34298970125397543,0.4141955603949432,0.5352012761467776,0.32657391466550867,0.40647479010947,0.3954146839968417,0.013580795098396103,0.02464090121102447
NOP14,ENSG00000087269,chr4,2927932,2973406,283,0.5640098019649079,0.2810912780283208,0.33241711161195764,0.46376744745965587,0.2616423952841913,0.37803233954036614,0.32494060674910974,0.0,0.005080273931655388
GRK4,ENSG00000125388,chr4,2953570,3050760,596,0.4666556011924408,0.20386359130738813,0.19705430218023723,0.33773195483922636,0.14608576457050024,0.31855223026594326,0.2410725629606523,0.0,0.0
HTT,ENSG00000197386,chr4,3031362,3253957,1217,0.3662331013911137,0.373956580597348,0.4182551792973477,0.3156259319336406,0.364544673033929,0.19134311518991126,0.1970863456099886,0.2769924350292913,0.27124920460921387
MSANTD1,ENSG00000188981,chr4,3234368,3281738,371,0.3319276037434319,0.6079878036716031,0.5213743252033437,0.33378168845208234,0.4739700567829195,0.3014923004803658,0.3501015260172078,0.6349700261126655,0.5863608005758235
RGS12,ENSG00000159788,chr4,3283027,3449913,896,0.40581010450681565,0.2839176769337936,0.3376963726672174,0.30106212127583926,0.23720101592212048,0.2212426434872965,0.21069640876428783,0.1127174987940186,0.12326373351702732
HGFAC,ENSG00000109758,chr4,3431967,3459486,0,,,,,,,,,
DOK7,ENSG00000175920,chr4,3453305,3511473,0,,,,,,,,,
LRPAP1,ENSG00000163956,chr4,3493611,3542446,138,0.5319916769233853,0.5704662653796093,0.524462352233948,0.38807806234245185,0.4840829183769599,0.4305074852795794,0.3371981666083589,0.41454751142694346,0.507856830098164
ADRA2C,ENSG00000184160,chr4,3756347,3778526,193,0.3881298997406536,0.5677194096794187,0.49440622357853037,0.5171061021911652,0.5562380855651742,0.3239469574546656,0.37708581028146765,0.5147334294957215,0.4615945766689194
OTOP1,ENSG00000163982,chr4,4178725,4236929,25,0.35186174964841704,0.3322597067259377,0.29805857281895143,0.2739387471017961,0.24388571612020005,0.24180095207051794,0.22220705791182782,0.16205501149435167,0.18164890565304173
TMEM128,ENSG00000132406,chr4,4225541,4258223,232,0.26326695887413054,0.6771690163825987,0.4802315190793141,0.21433583786589283,0.4923656438849662,0.39089212190995354,0.34692917687818164,0.7397342413376926,0.7836971863694644
LYAR,ENSG00000145220,chr4,4257700,4300154,436,0.3022612338688949,0.5143965963222278,0.48512657997018543,0.3801508500482309,0.4918644162552901,0.20921967099574607,0.26181759861871845,0.5131433590445544,0.4605454314215821
ZBTB49,ENSG00000168826,chr4,4280250,4331786,525,0.3353623491031898,0.5122923748155047,0.41383578323688547,0.4115085470037793,0.45546777469302585,0.29619857940980043,0.3202019510483199,0.42184060198881673,0.3978372303502973
NSG1,ENSG00000168824,chr4,4338139,4429058,901,0.42591964709593094,0.5554273751988705,0.49832449072901913,0.4189737300281994,0.4851517055581658,0.3379129963240443,0.34485908221810746,0.472728855670702,0.4657827697766388
STX18,ENSG00000168818,chr4,4405741,4552346,973,0.3517099235098462,0.39618713074855694,0.22955461296792848,0.3453606439516805,0.21917006530727287,0.33856073771048234,0.34038191923964484,0.16593021046082598,0.16410902893166351
MSX1,ENSG00000163132,chr4,4849664,4873936,232,0.3999510498010032,0.5311440370977288,0.40842464031771564,0.3112118970959441,0.41253983374027525,0.3716187585839387,0.29916721695162213,0.38584091446846486,0.45829245610078145
CYTL1,ENSG00000170891,chr4,5004585,5029458,244,0.4603159618124217,0.5418376008650303,0.4490464690188012,0.4913388117412914,0.4849229893275275,0.40059909520908465,0.3965329231198626,0.3799324792445306,0.38399865133375255
STK32B,ENSG00000152953,chr4,5041479,5510994,3974,0.3726096700546024,0.47827011745483383,0.4367224613630424,0.36378953836753747,0.4213094320515605,0.2714044395940767,0.277921889030563,0.37920085182592933,0.3726834023894431
EVC2,ENSG00000173040,chr4,5532771,5719548,1680,0.4530734048727219,0.5590971017755666,0.46630688025597367,0.4042933220969725,0.46523514108874203,0.3972185034071978,0.3555046763443907,0.4217121098045884,0.4634259368673953
EVC,ENSG00000072840,chr4,5701200,5824305,1139,0.4515559695950782,0.5037297300661061,0.35936053961996617,0.4274945058879783,0.3424463885430367,0.4280081013293343,0.41956928429069706,0.27262650027119084,0.281065317309828
CRMP1,ENSG00000072832,chr4,5738083,5903086,1337,0.34205247508927494,0.49411039433500503,0.4224666643788177,0.3152852185363962,0.42981725823534306,0.2755388950499297,0.24919566951342575,0.4058979090699538,0.43224113460645774
C4orf50,ENSG00000181215,chr4,5887372,6210555,2908,0.41320948648154043,0.5170074564373037,0.4769266184276002,0.4325325050580042,0.4806724994949811,0.3064039733450767,0.31955264972501085,0.4213500898620439,0.40820141348210975
JAKMIP1,ENSG00000152969,chr4,6016198,6210591,1625,0.4615057032066518,0.5479442369088294,0.5357214884246594,0.467337093143724,0.5284723626032996,0.322828722039664,0.33601933708915227,0.47112101504892245,0.45793039999943425
AC092442.3,ENSG00000284684,chr4,6054976,6080162,194,0.41393936882451365,0.36040897782377856,0.3652548349133815,0.4716896976889789,0.38197826967315923,0.26336334393449473,0.30188307453564533,0.18356299080890054,0.14504326020774988
WFS1,ENSG00000109501,chr4,6259848,6313265,618,0.5230783608733969,0.5798807114102231,0.5145125865694553,0.4689311569089832,0.4822409714185147,0.44250887558948776,0.42091743248435853,0.42470771198955865,0.44629915509468776
PPP2R2C,ENSG00000074211,chr4,6310577,6573600,2524,0.4680144066267708,0.5339927305704695,0.48162107338041904,0.4495490052720225,0.49308926337957304,0.3688220649476607,0.34057551945462355,0.39473198039631796,0.4229785258893549
MAN2B2,ENSG00000013288,chr4,6565188,6633362,526,0.48823499075876253,0.6177770763249246,0.5364321552801307,0.4744696133341522,0.5514243269717721,0.4314192332469873,0.4017103248926133,0.5303320375091911,0.5600409458635649
MRFAP1,ENSG00000179010,chr4,6630090,6652745,161,0.46286988992132994,0.6951391246353174,0.5886584342176449,0.5126079677798828,0.6058221964791984,0.460541663315218,0.4878165223601835,0.7273580894712017,0.7000832304262363
AC093323.3,ENSG00000170846,chr4,6653395,6686755,218,0.34229747027739876,0.3902101570929574,0.36024408021028687,0.36307685737309575,0.30402316349115266,0.23348744133309807,0.2916541434132247,0.2611534596667916,0.2029867575866649
S100P,ENSG00000163993,chr4,6683877,6707170,210,0.5075897078048848,0.5275630182174805,0.45514772651598684,0.5685615171158284,0.5210633927995801,0.42552665836545245,0.42714711140657635,0.32432425446655616,0.32270380142543215
MRFAP1L1,ENSG00000178988,chr4,6697700,6719865,173,0.7161726135799635,0.5707530718937346,0.5540105170770924,0.7448690420099119,0.6759194009592332,0.6488260237095826,0.5424691044510515,0.19689691194162406,0.30325383120015525
BLOC1S4,ENSG00000186222,chr4,6706173,6727664,182,0.6244002054190215,0.6011071246180963,0.3831706256313505,0.6530783001428723,0.477866169424611,0.7075653126984052,0.6639436053350749,0.21149706819393604,0.25511877555726625
KIAA0232,ENSG00000170871,chr4,6771374,6894170,644,0.4059208531630889,0.3498696516725399,0.27237495717044286,0.4537548102633766,0.33738997129612663,0.3166778552215289,0.3118505425223501,0.1139045450871588,0.11873185778633749
TBC1D14,ENSG00000132405,chr4,6899241,7043118,1103,0.5160059371571614,0.4815411362134123,0.4455060119808987,0.5268552316260977,0.4646546197187839,0.396438958098693,0.3902026473819916,0.2604556333205346,0.26669194403723595
CCDC96,ENSG00000173013,chr4,7030848,7053001,129,0.6150985812960564,0.5934052043750938,0.5222819285707048,0.6412866026272038,0.5867183205862273,0.5579858405933749,0.520771918466896,0.341952337018425,0.37916625914490387
TADA2B,ENSG00000173011,chr4,7031898,7067952,229,0.6495559817875285,0.5618903461295409,0.49411602233571916,0.6563231539747346,0.4782422855788258,0.5961962122766304,0.6213937826897471,0.22908983635930058,0.20389226594618393
GRPEL1,ENSG00000109519,chr4,7048894,7078064,209,0.6065276004341041,0.5044472476776133,0.48911751591230446,0.6284445780466238,0.5644412071962992,0.48160506743532894,0.4305066093269364,0.2204764006334643,0.2715748587418566
SORCS2,ENSG00000184985,chr4,7182537,7752836,6092,0.4100377508835652,0.46386560664158244,0.41902522060762293,0.4122237718713215,0.401889640517838,0.3040096060522167,0.32039969447820793,0.3193608094099592,0.3029707209839678
PSAPL1,ENSG00000178597,chr4,7420284,7444930,313,0.44647170897974714,0.3690300802821476,0.4017070571647087,0.4102731625559751,0.3750607294305846,0.2691323647785253,0.25924606200514566,0.1913647236103322,0.20125102638371178
AFAP1,ENSG00000196526,chr4,7748713,7949926,2079,0.3788032765667703,0.3926666179799053,0.31742283205479715,0.40307464023297374,0.3500242372670789,0.2964525901175595,0.29191020184820515,0.20222481954797672,0.2067672078173311
ABLIM2,ENSG00000163995,chr4,7955309,8168832,1424,0.38063211971168787,0.4515101785510703,0.4489910755011559,0.360117429634671,0.413141053328029,0.2418190762077586,0.257043188233103,0.35876748029795125,0.3435433682726068
SH3TC1,ENSG00000125089,chr4,8172071,8251803,744,0.5442952741022111,0.5701777649057165,0.5170061072141168,0.5081665650673544,0.5614025017682586,0.45127125145766994,0.364912791111078,0.3931123110704712,0.47947077141706307
HTRA3,ENSG00000170801,chr4,8259753,8317098,385,0.47566592827462384,0.6806402680701163,0.5439050419596367,0.38958355869150274,0.5535371108304399,0.5010045658852975,0.41432599612403365,0.6404325593720022,0.727111129133266
ACOX3,ENSG00000087008,chr4,8356281,8450723,745,0.3479248048542915,0.49316956678253443,0.4456053144178748,0.37913967536783,0.431130998181022,0.25864787963201324,0.29606141418396226,0.42093090294783503,0.383517368395886
TRMT44,ENSG00000155275,chr4,8426139,8503531,487,0.42113993493119434,0.6953336440905731,0.6690647190456819,0.4372124955109251,0.6538197556230739,0.31470004104270954,0.3512977352583089,0.8738379751448473,0.837240280929248
GPR78,ENSG00000155269,chr4,8548724,8629761,899,0.41306045414125186,0.45936713007013685,0.43666643218679607,0.4295425375505425,0.4575778594706777,0.28698247679139044,0.28231039750676984,0.32803236751485576,0.33270444679947636
CPZ,ENSG00000109625,chr4,8582659,8629759,525,0.4134663655006407,0.45470214108745904,0.4494460841014796,0.4567712033938906,0.47316856623362796,0.2715589902301109,0.28788657655475275,0.3348641132672181,0.3185365269425763
HMX1,ENSG00000215612,chr4,8836075,8881839,399,0.2938079069867146,0.40910380254016365,0.3673801846477514,0.47303772290623214,0.44296128293345205,0.20804863148071343,0.2908103489057199,0.3180662843374723,0.23530456691246582
FAM90A26,ENSG00000229924,chr4,9160408,9186730,0,,,,,,,,,
USP17L10,ENSG00000231396,chr4,9200656,9222249,0,,,,,,,,,
USP17L11,ENSG00000233136,chr4,9205404,9226997,0,,,,,,,,,
USP17L12,ENSG00000227551,chr4,9210151,9231744,0,,,,,,,,,
USP17L13,ENSG00000232399,chr4,9214895,9236488,0,,,,,,,,,
USP17L15,ENSG00000223569,chr4,9224384,9246046,0,,,,,,,,,
USP17L17,ENSG00000249104,chr4,9233878,9255471,0,,,,,,,,,
USP17L18,ENSG00000250844,chr4,9238629,9260222,0,,,,,,,,,
USP17L19,ENSG00000248920,chr4,9243377,9264970,0,,,,,,,,,
USP17L20,ENSG00000250745,chr4,9248123,9269716,0,,,,,,,,,
USP17L21,ENSG00000249811,chr4,9252871,9274464,0,,,,,,,,,
USP17L22,ENSG00000248933,chr4,9257618,9279211,0,,,,,,,,,
USP17L23,ENSG00000250913,chr4,9262363,9282914,0,,,,,,,,,
USP17L24,ENSG00000232264,chr4,9315164,9336757,0,,,,,,,,,
USP17L25,ENSG00000230430,chr4,9319910,9341503,0,,,,,,,,,
USP17L26,ENSG00000229579,chr4,9324657,9346250,0,,,,,,,,,
USP17L5,ENSG00000227140,chr4,9329402,9350995,0,,,,,,,,,
USP17L27,ENSG00000235780,chr4,9334147,9355740,0,,,,,,,,,
USP17L28,ENSG00000231051,chr4,9338892,9360485,0,,,,,,,,,
USP17L29,ENSG00000231637,chr4,9343637,9365230,0,,,,,,,,,
USP17L30,ENSG00000228856,chr4,9353128,9374721,0,,,,,,,,,
DEFB131A,ENSG00000186146,chr4,9434533,9460514,0,,,,,,,,,
SLC2A9,ENSG00000109667,chr4,9761152,10064936,2354,0.4167735295261312,0.42710727757016576,0.345910716883185,0.4398324824111217,0.3534222556107195,0.33586254667914117,0.35025718419785973,0.22119425400661674,0.20679961648789813
DRD5,ENSG00000169676,chr4,9771633,9794009,103,0.3839852096838086,0.6176723633320447,0.5345517513323618,0.6169232349879786,0.5170183731563244,0.34060364687933714,0.5966102818485098,0.6208737034876187,0.36486706851844597
WDR1,ENSG00000071127,chr4,10064338,10126949,420,0.283685611037324,0.5613624597473372,0.4718862498103212,0.33478182969949155,0.4701355174106994,0.2596371953598838,0.29829403685119504,0.5644446602098315,0.5257878187185203
ZNF518B,ENSG00000178163,chr4,10429879,10467426,240,0.5197637967898282,0.6114783012151932,0.5985009085880207,0.5772074802488547,0.6481712295456871,0.38316672776002475,0.3808346530031347,0.5622395302461702,0.5645716050030603
CLNK,ENSG00000109684,chr4,10476394,10694768,1667,0.4517453828905994,0.4780865388999946,0.4500777749439506,0.4885029673631841,0.4594116308224949,0.3266452693060039,0.35278491152699565,0.3236082188703932,0.29746857664940146
HS3ST1,ENSG00000002587,chr4,11383149,11439564,377,0.41596061010476726,0.6018524264258054,0.536888383654361,0.41404030811586356,0.5123860500514311,0.3444661112985568,0.3686027795627598,0.576466443249118,0.5523297749849152
RAB28,ENSG00000157869,chr4,13351353,13494365,970,0.28222616402916845,0.4428444413666277,0.5676735138761518,0.2996830902434144,0.525706503234593,0.03896866430506685,0.09760207968961032,0.5459421343274273,0.48730871894288386
NKX3-2,ENSG00000109705,chr4,13530829,13554508,155,0.45713674333816895,0.7995332472423461,0.781643649742561,0.5010060493179137,0.7900851017029685,0.3481888856063332,0.3706075486125041,1.2589179820366976,1.2364993190305267
BOD1L1,ENSG00000038219,chr4,13558737,13637725,360,0.4934273362584943,0.831811432580446,0.7284021835539183,0.5050244018846244,0.7362111329863991,0.5796620420491272,0.5766550381558948,1.2030074618614677,1.2060144657546998
CPEB2,ENSG00000137449,chr4,14992480,15080153,479,0.3653262258265988,0.42528307350966316,0.40010774050823145,0.5442267841503647,0.5372753528633072,0.24875830365807322,0.28450723579344966,0.30511935750294483,0.26937042536756844
C1QTNF7,ENSG00000163145,chr4,15329817,15456167,735,0.3918024141375748,0.37858501092888835,0.2784712274094837,0.3776433260234526,0.28991032135291,0.32331430560490315,0.3038170358262904,0.15244185525585457,0.17193912503446743
CC2D2A,ENSG00000048342,chr4,15459864,15611552,747,0.4254785651957702,0.43423415777026275,0.3954667256826742,0.43698890798307083,0.3884217025250962,0.31024714931634806,0.32615932585146384,0.259327843370555,0.24341566683543925
FBXL5,ENSG00000118564,chr4,15594380,15691679,528,0.3573129965939476,0.44322636689749223,0.4343340312354907,0.40142230399967777,0.3882605061584913,0.22897121895763956,0.303673359604063,0.3566253064673005,0.281923165820877
FAM200B,ENSG00000237765,chr4,15671661,15700447,141,0.2622335186970378,0.26122958949534425,0.23612987099349425,0.3107958074534161,0.2829693293833376,0.16876925759310346,0.17117455518306515,0.13399882461768567,0.13159352702772398
BST1,ENSG00000109743,chr4,15693064,15748313,442,0.333609149311575,0.544330641003609,0.4814744858801683,0.36332390379735013,0.5466623762592233,0.2675503475562115,0.2231819667458323,0.5184374748365732,0.5628058556469524
CD38,ENSG00000004468,chr4,15768274,15863232,527,0.4047312088654674,0.40367832196572717,0.12329394972986799,0.3914646272660919,0.13887577092350828,0.45206686784303257,0.43207938308103844,0.06490816142923228,0.08489564619122644
FGFBP1,ENSG00000137440,chr4,15925576,15948740,198,0.46199734761694977,0.4304149048197651,0.4312708637228364,0.5623157609274455,0.3842964723891965,0.30919394114510007,0.45205745634784855,0.2536531452511688,0.11078963004842018
FGFBP2,ENSG00000137441,chr4,15950244,15979309,176,0.5229530898123916,0.5479759533933601,0.4741561555730857,0.5060057782945114,0.41304929887925845,0.44570468239751887,0.483218455889933,0.34831521771031326,0.3108014442178991
PROM1,ENSG00000007062,chr4,15953075,16094378,953,0.5118265073053924,0.6619975327179047,0.6143657877814492,0.5531755660834698,0.6186285524537524,0.424460253409937,0.4631550799184676,0.6602418304646542,0.6215470039561237
TAPT1,ENSG00000169762,chr4,16150504,16237410,594,0.3593871231850684,0.47481624112071047,0.39106007956837996,0.38287440883609286,0.38205320593794223,0.29665066629472403,0.3226684331045704,0.3473563944244863,0.32133862761464005
LDB2,ENSG00000169744,chr4,16491540,16908678,2647,0.4112307659274237,0.5667093280730525,0.5121396801940314,0.4205258441577146,0.5102563567718654,0.32417064964373615,0.33405374555702855,0.5121758288026946,0.5022927328894022
QDPR,ENSG00000151552,chr4,17450260,17522206,542,0.4341534878122149,0.5600746205479546,0.5180672667940843,0.44290345645321144,0.5508617712075159,0.330315921853532,0.30287115277805654,0.4908342367531161,0.5182790058285915
CLRN2,ENSG00000249581,chr4,17505164,17537104,243,0.4918606035744415,0.555301172257694,0.4614412944981514,0.47931652862287644,0.5042430521874343,0.43424935627728534,0.38065074150118333,0.37610866125575004,0.42970727603185216
LAP3,ENSG00000002549,chr4,17567197,17617972,389,0.3947718608054091,0.6755126770237063,0.538906955054814,0.49461471116977107,0.5643601450166591,0.4267515944428498,0.4885018023492362,0.6987572154870846,0.6370070075806983
MED28,ENSG00000118579,chr4,17604640,17644105,355,0.43036413828969605,0.7142943095367428,0.5809067700455608,0.4954804069631354,0.5318616708244069,0.472944567888248,0.5889751020737746,0.7798484844382338,0.663817950252707
FAM184B,ENSG00000047662,chr4,17619305,17791621,1231,0.4180438181137157,0.6748316672367735,0.5662683560726753,0.48575725752777,0.5718866161193686,0.4147215693123069,0.4700524721448961,0.708690714464549,0.6533598116319599
DCAF16,ENSG00000163257,chr4,17790654,17820758,129,0.32281123296987396,0.3686900695717074,0.30836279501999714,0.34276568340735614,0.4031251091304871,0.240534924369707,0.1818126454220248,0.21942343923696528,0.2781457181846474
NCAPG,ENSG00000109805,chr4,17800978,17854865,221,0.23515693807130614,0.33266493881434317,0.2669475324682355,0.3081690589563672,0.2832231380334946,0.1810048160545575,0.21994298959305095,0.22345820253457935,0.18452002899608594
LCORL,ENSG00000178177,chr4,17831198,18031876,959,0.27405021174239025,0.3362919310582475,0.34563654633269925,0.3007774008155533,0.3858842062006301,0.15304748389041217,0.14006361784987925,0.25686539750018345,0.26984926354071637
SLIT2,ENSG00000145147,chr4,20241904,20630561,2276,0.42958422169635313,0.44892053792422804,0.4462901588100292,0.4299012661077536,0.40815966518978297,0.28307576628488473,0.3166517982725822,0.31280049964862233,0.2792244676609249
PACRGL,ENSG00000163138,chr4,20686281,20762907,445,0.29733988480641554,0.2540745986815975,0.18746235954802282,0.2770714675924869,0.17316424853250637,0.21920931231541246,0.21371269052767017,0.0739203696958248,0.07941699148356715
KCNIP4,ENSG00000185774,chr4,20718605,21958772,9285,0.3676736052564568,0.37413616354214957,0.3113466714404419,0.3774331047952304,0.31473500628559925,0.2769773648910594,0.2822884880188282,0.19164508029610947,0.18633395716834067
ADGRA3,ENSG00000152990,chr4,22335070,22526066,1487,0.46745009542906996,0.5394309170993652,0.5264660929552141,0.5259568352512755,0.5516526094560471,0.3289196630672533,0.35978119610567516,0.44637275431432605,0.4155112212759042
PPARGC1A,ENSG00000109819,chr4,23745040,23914089,1064,0.4309690683765085,0.5080460344247733,0.47795213886271504,0.427886484573989,0.4800655007584853,0.31159730521382356,0.30686777409165356,0.3977728275575782,0.4025023586797483
DHX15,ENSG00000109606,chr4,24507440,24594554,494,0.44847152959530945,0.5716997993839197,0.5505094234571847,0.42040579008754525,0.5449479042232869,0.32167617720033514,0.30300730698592215,0.5262547487597449,0.544923618974158
SOD3,ENSG00000109610,chr4,24779911,24810842,225,0.6597181403197983,0.6782065794128049,0.6407453621242162,0.6747053776894033,0.6775139630936985,0.5940513259055237,0.5625870136545702,0.5397941643855341,0.5712584766364874
CCDC149,ENSG00000181982,chr4,24796116,24990204,1246,0.4304124987658824,0.5183200688892552,0.4332399212210583,0.4940654135520164,0.45139833604617835,0.36274954237026086,0.40572032764931165,0.3677258864744101,0.3247551011953592
LGI2,ENSG00000153012,chr4,24988846,25040946,415,0.36614564262284355,0.4850919975233346,0.4832265085337887,0.34491620788996324,0.40570308613710776,0.22977623998572777,0.2831914626846384,0.4339907902576179,0.38057556755870725
SEPSECS,ENSG00000109618,chr4,25110013,25170550,308,0.3911340313208941,0.5107256020392431,0.41615754108769076,0.48400097211781773,0.40352933305851757,0.3364324154731783,0.4298784946877853,0.37839939039079606,0.2849533111761891
PI4K2B,ENSG00000038210,chr4,25150662,25289204,747,0.35428961024796757,0.42321337786606616,0.4088647990711778,0.4963238676588296,0.4504713962167838,0.23098827698331298,0.31870512313054783,0.31929460954612676,0.23157776339889208
ZCCHC4,ENSG00000168228,chr4,25302773,25380383,523,0.37892559311414536,0.5296634421513826,0.4216463993714909,0.5950077199838826,0.5012104110526562,0.341520657409059,0.48131154808279675,0.41278610260333304,0.2729952119295955
ANAPC4,ENSG00000053900,chr4,25367262,25428498,373,0.35864171708892867,0.4476057461052789,0.29102125386306793,0.5354619284025942,0.37769823571122985,0.3468652819742339,0.44293743441265526,0.2466279776001464,0.15055582516172494
SLC34A2,ENSG00000157765,chr4,25638010,25688748,435,0.38577155112544553,0.29084471666891804,0.2725134762336811,0.46678114343501564,0.3111651706819864,0.25645465418082447,0.2998751617529627,0.08722610485777571,0.04380559728563749
SEL1L3,ENSG00000091490,chr4,25737432,25873760,917,0.4133954022847437,0.4964364368981264,0.38734632830942994,0.43077021177871416,0.37306401653933013,0.36474707068696244,0.3913027848138344,0.32129826159826863,0.2947425474713966
SMIM20,ENSG00000250317,chr4,25851829,25939874,572,0.34492029380314504,0.30816746910509013,0.2978518052239008,0.3564025263427373,0.2910262104948772,0.21889946418228776,0.23257821392057137,0.1495118958479885,0.13583314610970487
RBPJ,ENSG00000168214,chr4,26153454,26445131,1574,0.42957371434334307,0.3642914989750156,0.31257689715644543,0.46109501222959126,0.3177182526522581,0.3197905872094364,0.3444592819395069,0.1332245652203895,0.10855587049031895
CCKAR,ENSG00000163394,chr4,26471395,26500484,242,0.24052004829342039,0.277407779842672,0.21039448697789118,0.22061755964269295,0.18462221233332263,0.18190488596805052,0.18502995640704784,0.14300534081667313,0.13988027037767575
TBC1D19,ENSG00000109680,chr4,26566436,26766223,916,0.5953397368600757,0.588506584155345,0.5775036757604013,0.602836688083709,0.5717647264243431,0.4655475737401696,0.481643723703938,0.4224146856303594,0.4063185356665911
STIM2,ENSG00000109689,chr4,26847600,27035381,971,0.46290764043165444,0.5432771840283396,0.4637202317487208,0.45545200305985206,0.4674458879439007,0.39108225541427366,0.38070351293538973,0.39259634628964185,0.4029750887685257
PCDH7,ENSG00000169851,chr4,30710414,31156805,2814,0.43126412491460897,0.456656788891499,0.37108907274967146,0.42671686046933277,0.36026457458570316,0.355293797848122,0.3598445285874312,0.25472029621227377,0.2501695654729645
ARAP2,ENSG00000047365,chr4,35938220,36254514,2053,0.5217585025305318,0.5968126803760099,0.5391690794602029,0.48700134999558853,0.5079379351838192,0.43563469566061425,0.4333428275022543,0.4727193164041676,0.47501118456252767
DTHD1,ENSG00000197057,chr4,36271615,36357511,590,0.43062964294666617,0.4352780829967859,0.3593800635198083,0.4004219956090132,0.35351057225227656,0.34466354801887955,0.32337630728038597,0.22675830327347613,0.2480455440119697
NWD2,ENSG00000174145,chr4,37234742,37459463,1423,0.4490081646200017,0.49640993231052616,0.442038640339076,0.45364228396413436,0.4433718689627769,0.3492812102338635,0.35230808474588443,0.3367114893907763,0.3336846148787552
C4orf19,ENSG00000154274,chr4,37443924,37633495,1422,0.33546093627328405,0.40219912306129824,0.367364412663171,0.3315573109123406,0.36538132428787734,0.2326492320386046,0.23128560387842842,0.28184833015147587,0.283211958311652
RELL1,ENSG00000181826,chr4,37580799,37696376,785,0.4351822188291717,0.4314891000460063,0.40822409270417614,0.47663905712091487,0.4575282581580427,0.30567982655757236,0.30029971135211697,0.2590549662357302,0.2644350814411857
PGM2,ENSG00000169299,chr4,37816659,37872937,350,0.36203409589916885,0.544879399131345,0.5263918115674404,0.411084491931336,0.5181644976231566,0.244644185707445,0.2932564445801145,0.5425486525909168,0.49393639371824716
TBC1D1,ENSG00000065882,chr4,37881083,38149175,1703,0.33848314919367284,0.5511163137120036,0.4804891568263043,0.3212308107780398,0.46549459814550376,0.2796718505851155,0.2810260849521252,0.5213196247976927,0.5199653904306829
PTTG2,ENSG00000250254,chr4,37950397,37971128,153,0.4693179654261351,0.673364767748036,0.5745055213001447,0.42556879266893805,0.5543514578931416,0.4490000816878071,0.43253075051572903,0.669911146728124,0.6863804779002018
KLF3,ENSG00000109787,chr4,38654196,38711517,296,0.5315796115397566,0.555055742651881,0.48209669950062367,0.5379251555271973,0.47358056812193,0.45511432832484927,0.47008884202788864,0.3546919407235355,0.33971742702049607
TLR10,ENSG00000174123,chr4,38762237,38792990,338,0.26276002121216496,0.31353997893010965,0.20573197564825174,0.2643212031690614,0.25910849288949817,0.2253574014391846,0.1916339428232324,0.15084988990850126,0.18457334852445342
TLR1,ENSG00000174125,chr4,38780676,38866817,795,0.2894762267045507,0.3650161151308404,0.30557392519690213,0.3258659069813216,0.3128241726771654,0.2156194822011731,0.236658405412071,0.23853617636910698,0.21749725315820906
TLR6,ENSG00000174130,chr4,38813714,38866817,465,0.3123930400879948,0.44230409664371295,0.33453214893213434,0.35962145358968617,0.3348325657225282,0.27560718722796235,0.3109603753928972,0.3083342539902951,0.2729810658253603
FAM114A1,ENSG00000197712,chr4,38857676,38955739,846,0.2754312993705725,0.3583513229737968,0.2880609829004005,0.30760063411466276,0.23074083601604062,0.21306501628849672,0.2744896883284342,0.2306493408361956,0.16922466879625814
TMEM156,ENSG00000121895,chr4,38956743,39042922,680,0.3461692640676883,0.5726396460216673,0.4462223228555532,0.3549795160208408,0.4029554594684447,0.34202124916980003,0.3864186723982612,0.5081064521602845,0.4637090289318233
KLHL5,ENSG00000109790,chr4,39035038,39136857,684,0.34581001377321047,0.5444060665400834,0.392417845336234,0.42623995623193534,0.3685858803605385,0.35612147749576223,0.44095201730002115,0.4300318854982319,0.3452013456939731
WDR19,ENSG00000157796,chr4,39172503,39295810,611,0.5529629366274486,0.5750950418786674,0.4995432259829297,0.5253887679076965,0.46738419914336515,0.48438474272138615,0.485597046596624,0.37150502029459825,0.37029271641936046
RFC1,ENSG00000035928,chr4,39277455,39376375,520,0.46409263447948157,0.4559803467613314,0.4212853088528931,0.4897254934670037,0.40373359048462637,0.34280908980535546,0.3822543197533546,0.26596081569644914,0.22651558574844988
KLB,ENSG00000134962,chr4,39396929,39461533,386,0.34202323529801354,0.5280725805629986,0.45752901948462993,0.38315379803611854,0.43114416208151035,0.2789475253737596,0.33496869692458897,0.47198255222624086,0.41596138067541144
RPL9,ENSG00000163682,chr4,39442586,39468931,167,0.3673157392842705,0.7173622025364295,0.5728187284497995,0.41326276251300725,0.5730632645429306,0.43541300795203597,0.4728239135589241,0.8281760607368233,0.7907651551299351
LIAS,ENSG00000121897,chr4,39449003,39495109,317,0.30189148504543645,0.6220685615554037,0.5174446689578988,0.36770477863739814,0.47796903076016606,0.3018817566497249,0.39070649313509015,0.6711607229403256,0.5823359864549604
UGDH,ENSG00000109814,chr4,39488754,39538311,325,0.3633797768041094,0.7550851049257042,0.6913803245050233,0.40931408915579864,0.6962508171641539,0.3413904545732448,0.3708811889117981,1.0654540412537628,1.0359633069152097
SMIM14,ENSG00000163683,chr4,39536335,39648902,593,0.38331594684010445,0.5672017452547586,0.5396966525384542,0.4352337611743315,0.5757262504759838,0.27250624187805167,0.275725278779341,0.5649773420539705,0.5617583051526812
UBE2K,ENSG00000078140,chr4,39688108,39792792,547,0.4528579870704745,0.555253603310711,0.47007923276405456,0.454628485369226,0.4677805980984378,0.38913508188392765,0.3929198138069369,0.42111597246414334,0.4173312405411341
PDS5A,ENSG00000121892,chr4,39812862,39987956,429,0.37838955583642775,0.3117589417143147,0.21586048341256403,0.3651284580433066,0.271597558403296,0.30294474268634497,0.2555235722757552,0.07067138431434006,0.11809255472492985
N4BP2,ENSG00000078177,chr4,40046849,40168252,711,0.4671012356026933,0.43019115162580374,0.3775982107720549,0.45192311362841076,0.36041345431694766,0.3588543525245828,0.3584303463218008,0.20359997560207516,0.20402398180485726
RHOH,ENSG00000168421,chr4,40181052,40256967,548,0.4223681245408171,0.3805967599742727,0.3913925559347403,0.4752502348729903,0.3681817789091788,0.26561773864616,0.33233949867740886,0.2133810419004375,0.14665928186918875
CHRNA9,ENSG00000174343,chr4,40325332,40365217,334,0.49056644305595254,0.6600582225467283,0.588378629245337,0.4514402059387116,0.5612470598686724,0.4328927033995779,0.42781055358634146,0.6460882154205667,0.6511703652338032
RBM47,ENSG00000163694,chr4,40413266,40640875,1509,0.31151990770555393,0.30570876036321204,0.24996492376185833,0.322992362102098,0.27823858227743103,0.22524866172930177,0.2144379179704463,0.13961509112068476,0.1504258348795402
NSUN7,ENSG00000179299,chr4,40739924,40821184,448,0.4084637391539664,0.3615016117910412,0.2788643860614039,0.4873888296688138,0.39058595991276074,0.32337017708002097,0.3108082140640615,0.12526595077263186,0.13782791378859133
APBB2,ENSG00000163697,chr4,40800026,41226714,3078,0.3265185204114091,0.40323877427665306,0.333685546021788,0.34644325641215085,0.3534342054588688,0.2527697090100608,0.2527419031651549,0.2634684934958894,0.2634962993407954
UCHL1,ENSG00000154277,chr4,41246412,41278455,163,0.19726016772394733,0.25571723950918585,0.16692565753441146,0.2700554961752992,0.16392410601685276,0.1662132399980093,0.21554257203718344,0.12912102193028743,0.07979168989111335
LIMCH1,ENSG00000064042,chr4,41349606,41710044,2188,0.33460162586640246,0.3502413418419292,0.2829040158608974,0.361440323405067,0.25477392169396196,0.2529890303869454,0.292813389249381,0.17816524979404652,0.13834089093161087
PHOX2B,ENSG00000109132,chr4,41734081,41758725,151,0.20107529305068428,0.23100110823790174,0.08736924831975676,0.26680346443001046,0.049579831932773114,0.197865204051726,0.26107806436964465,0.06480054656742032,0.0015876862495016464
TMEM33,ENSG00000109133,chr4,41925128,41970803,256,0.22803664125592268,0.21557501533181195,0.13256745211277987,0.2604285051097577,0.18194872572304485,0.1797025006442216,0.17182919641444683,0.06310183257476126,0.07097513680453602
DCAF4L1,ENSG00000182308,chr4,41971755,41996465,178,0.5958457504436733,0.790844445462563,0.6990997873280259,0.5823614459499177,0.6856692914664835,0.6348295516352953,0.6402531560545386,0.9298474721376666,0.924423867718423
SLC30A9,ENSG00000014824,chr4,41980501,42100461,792,0.5954225309214868,0.8134623408810919,0.7400159319461103,0.5817083458576222,0.7272385961971878,0.618449625427704,0.6257703213042332,1.0606725092842342,1.053351813407705
BEND4,ENSG00000188848,chr4,42100852,42162878,358,0.3466443710731061,0.25683668674163923,0.04554549731585516,0.2836234951888114,0.05758873379220657,0.33792892146938835,0.28553767504275973,0.0,0.01130178087349018
SHISA3,ENSG00000178343,chr4,42387487,42412487,173,0.37218767826792937,0.3812790610769988,0.2670419739361567,0.4143954530752579,0.3381674036270137,0.31747404978687666,0.30123442740712836,0.16262688381253287,0.17886650619228123
ATP8A1,ENSG00000124406,chr4,42398372,42667105,1842,0.3678102737117253,0.41056823445001356,0.41336483764164494,0.3790341822333252,0.4046400352354804,0.22690493194244615,0.24324324212884324,0.3016913834649404,0.28535307327854337
GRXCR1,ENSG00000215203,chr4,42882712,43040658,1215,0.36470546512446017,0.38218576159458073,0.3512504259063993,0.371368141971987,0.34154720532581495,0.2512627519930257,0.2639572401407698,0.23030469982067747,0.2176102116729334
KCTD8,ENSG00000183783,chr4,44163902,44458809,1513,0.39852919987104474,0.44805712844519213,0.4097358349876391,0.4125604468264535,0.4102914278603573,0.2877514582390241,0.29908292422687005,0.3065592733819765,0.29522780739413057
YIPF7,ENSG00000177752,chr4,44612087,44688556,620,0.43544536954178403,0.43402840918502406,0.39826057634043127,0.5264116583532046,0.4774959512681173,0.3164993699281132,0.33375283035580067,0.25271202501695,0.23545856458926245
GUF1,ENSG00000151806,chr4,44668419,44710928,258,0.4703900424296636,0.48185318408266015,0.36710740815292775,0.5817804468356333,0.48055430252454223,0.4178282842923241,0.43712619183464024,0.23966836417672127,0.2203704566344053
GNPDA2,ENSG00000163281,chr4,44672199,44736588,354,0.4838838988394428,0.4659466478794837,0.38112210643172856,0.5727274486110109,0.4976821791427353,0.4044178907265935,0.3945352300288591,0.22284164394800865,0.23272430464574306
GABRG1,ENSG00000163285,chr4,46025768,46134054,723,0.44967953073819183,0.3600347105790233,0.15460071151340085,0.46071256735528404,0.20475289232170424,0.43782480297870685,0.41737276701048615,0.008516536400222652,0.0289685723684433
GABRA2,ENSG00000151834,chr4,46233547,46485230,1438,0.4025532675706389,0.4803150368815431,0.39517339370773524,0.37111295930573607,0.37032399942329386,0.3334045889280932,0.3278931192121901,0.3211279022306888,0.3266393719465919
COX7B2,ENSG00000170516,chr4,46724826,46919245,1311,0.2447995424399939,0.3888720257398525,0.28704080575113894,0.1989514733329032,0.28423309843166694,0.21744492911664898,0.18994096044126738,0.2750039621179817,0.3025079307933633
GABRA4,ENSG00000109158,chr4,46908899,47003581,601,0.25985834996904394,0.2777622605207234,0.19755225669057638,0.25168975808276417,0.23557836682643762,0.2031130319522024,0.1733513870736415,0.12228788328038961,0.15204952815895054
GABRB1,ENSG00000163288,chr4,46983722,47436447,2740,0.5071593063309665,0.4933754767059835,0.45906350937005963,0.5251666940475489,0.4660260112250237,0.38655051456710277,0.39868422749375015,0.2934346204114572,0.2813009074848099
COMMD8,ENSG00000169019,chr4,47440786,47473702,245,0.4164980992440178,0.3238492559164639,0.4269669652765454,0.44430746761191514,0.48351160240411034,0.186617445819102,0.1590884581996363,0.20472178777316896,0.23225077539263467
ATP10D,ENSG00000145246,chr4,47475274,47603486,849,0.49211991343541217,0.5106161078369034,0.4224617218606041,0.48893306236907425,0.4634320878492518,0.42156869750059184,0.38165030233695535,0.2930393444533405,0.33295773961697694
CORIN,ENSG00000145244,chr4,47583998,47848106,1477,0.24760745858363634,0.3505562319526074,0.3266353413728476,0.2740891032950523,0.3446016603565786,0.16033393147549854,0.1647274756727676,0.2713050924382523,0.2669115482409833
NFXL1,ENSG00000170448,chr4,47837232,47924667,380,0.4045903326371011,0.5391741530774743,0.4531706451075473,0.45690655053967993,0.4725774418830332,0.34481109142379646,0.3727278607486091,0.4299239883379925,0.4020072190131799
NIPAL1,ENSG00000163293,chr4,47904141,48050173,788,0.42210352652543853,0.4730188738217061,0.3645205001153448,0.4796272149370276,0.4373232758434045,0.36778781782722164,0.3593751783590642,0.2728027269583062,0.28121536642646355
CNGA1,ENSG00000198515,chr4,47925976,48026681,579,0.4078380130217581,0.4762066145793369,0.3764304332460448,0.49250490028347743,0.40321691999561043,0.34916904221254375,0.4043623086006872,0.2974889328385972,0.24229566645045358
TXK,ENSG00000074966,chr4,48056392,48144250,420,0.46173834317211854,0.5315190279730534,0.462982690509929,0.481759223605387,0.4658311875799223,0.3779726637813894,0.39426587818471526,0.38028712901740697,0.3639939146140809
TEC,ENSG00000135605,chr4,48125782,48279838,899,0.36454698528636925,0.46872280903543245,0.3772225258320465,0.3792445156633532,0.38348396978425353,0.30616124709336184,0.31280922096677954,0.32631012996782616,0.3196621560944085
SLAIN2,ENSG00000109171,chr4,48331528,48436201,545,0.3759665024727137,0.4402651667756703,0.4007382272838006,0.380634570458865,0.3462588745803884,0.2698932947518121,0.3171540533665792,0.31039882474279723,0.26313806612803015
SLC10A4,ENSG00000145248,chr4,48473342,48499526,134,0.44631548000142457,0.569804347257225,0.5404493055593294,0.4826654771285053,0.5194827729313978,0.32858468113849626,0.3848442680551366,0.514930486261499,0.45867089934485866
ZAR1,ENSG00000182223,chr4,48480251,48504389,113,0.48852613787061094,0.44241828851691717,0.4120113269574515,0.4060093335822289,0.42960356851165415,0.36177870961524566,0.2718071127457198,0.22236750908995123,0.31233910595947717
FRYL,ENSG00000075539,chr4,48487356,48790322,1086,0.67211644350656,0.678346816270865,0.6748946572620136,0.6443015160757195,0.6338866677303824,0.562886054853749,0.581570451411552,0.5713953282039803,0.5527109316461776
OCIAD1,ENSG00000109180,chr4,48795211,48871817,267,0.6507538968447193,0.5951974055608472,0.6144080864812351,0.6233041260996444,0.595161748089769,0.5016792514349766,0.4882025999078924,0.40267650040681313,0.41615315193389735
OCIAD2,ENSG00000145247,chr4,48875018,48916937,151,0.6370127590618337,0.7176026370764369,0.683135264799004,0.6372825122538012,0.6607024471488043,0.5642737033786598,0.5988466551656924,0.7001664081173561,0.6655934563303237
CWH43,ENSG00000109182,chr4,48976274,49072081,329,0.35200472800953214,0.4518043499200525,0.3582137585742951,0.4543996103606195,0.390070148238907,0.29574746050559453,0.35629008141179563,0.3053755695536992,0.2448329486474981
DCUN1D4,ENSG00000109184,chr4,51832999,51926837,320,0.4399455530684735,0.4192397621718533,0.24548436733780277,0.44714751909448,0.33242069849449735,0.42072963520791595,0.36599213068192094,0.12268764364689105,0.17742514817288618
LRRC66,ENSG00000188993,chr4,51983651,52030363,153,0.4133538615319964,0.4810778214753903,0.2879277118607568,0.46693509060777444,0.42549521753444447,0.42487948956902044,0.3654332879739678,0.23112186252939698,0.29056806412444963
SGCB,ENSG00000163069,chr4,52010705,52048299,125,0.3138995183022947,0.4939477901610941,0.4836253842863709,0.3624489827721025,0.44608651251938825,0.19846192162833481,0.27024482371687275,0.4826535118893672,0.41087060980082935
SPATA18,ENSG00000163071,chr4,52041303,52107299,304,0.47181765450986685,0.5998062420557695,0.47555508829320275,0.5262148085781744,0.5355621346790246,0.45435263555546873,0.4479401002389467,0.4614538187394285,0.46786635405595045
USP46,ENSG00000109189,chr4,52580959,52669301,0,,,,,,,,,
ERVMER34-1,ENSG00000226887,chr4,52712617,52761586,43,0.11883002371573545,0.1541501593506242,0.11693281842535573,0.1401200485943569,0.1485794330323416,0.08478208326764036,0.07876342504219784,0.08263134518432817,0.0886500034097707
RASL11B,ENSG00000128045,chr4,52852316,52876835,169,0.2443944407699842,0.22811353671843865,0.13621943611024828,0.19901858182949403,0.149840676045354,0.19635853732807312,0.15925191570857947,0.06255927073302173,0.0996658923525154
SCFD2,ENSG00000184178,chr4,52862981,53376066,2590,0.45399223898235214,0.5014662525061478,0.49638911751823933,0.458296100748635,0.49339750426313767,0.3076273575702568,0.31454555848845717,0.3884566362194488,0.38153843530124854
FIP1L1,ENSG00000145216,chr4,53367640,53470862,525,0.3546157948949867,0.3178287620457528,0.3408296132378006,0.4445639210858824,0.41764457760809715,0.20180540945795922,0.21490099517167327,0.18066916115218612,0.16757357543847207
RP11-231C18.3,ENSG00000282278,chr4,53367838,54305272,5579,0.4358256185450878,0.4648084952791096,0.4283857377619939,0.43575092060938997,0.4391678937467238,0.31911582493785257,0.3095282220715571,0.3060148184487514,0.31560242131504684
LNX1,ENSG00000072201,chr4,53449300,53711405,1734,0.45723739763369553,0.5539947921137722,0.5050504188603787,0.4491011525261863,0.499846234613065,0.3576042616478846,0.35539450983786797,0.44982038850741235,0.45203014031742905
CHIC2,ENSG00000109220,chr4,53999788,54074605,285,0.32121861404421026,0.2265414293540884,0.1787080830062946,0.35469923490438815,0.18927721356673774,0.2237313346392848,0.2425464197120349,0.03315183666150226,0.014336751588752111
GSX2,ENSG00000180613,chr4,54089522,54112498,120,0.47502359401341676,0.5154781483421266,0.48068624355797135,0.4954800120834353,0.4741207460791638,0.35687383372961023,0.38302846002048296,0.36771891347770713,0.34156428718683446
PDGFRA,ENSG00000134853,chr4,54219279,54308245,498,0.3873280710271779,0.4207431661766579,0.4225388325848273,0.41451530208474663,0.47105559644570916,0.24341045609989287,0.22222629974489233,0.30259886192965374,0.3237830182846544
KIT,ENSG00000157404,chr4,54647917,54750715,651,0.3683411660233793,0.47502310464745057,0.461678858597933,0.3685092914371759,0.444655175301248,0.24225344832927098,0.25795351219485163,0.4021475778819471,0.38644751401636646
KDR,ENSG00000128052,chr4,55068480,55135595,408,0.4140669640278592,0.5747081365356086,0.43849893746422075,0.41989361074327275,0.4822805023866068,0.40619388236092263,0.37060083845472164,0.4487857258298626,0.48437876973606364
SRD5A3,ENSG00000128039,chr4,55336212,55383100,319,0.4646611726130165,0.641236666634839,0.5955531736197444,0.39477181517720916,0.5196767374985196,0.37235637522622855,0.39697306763890744,0.6527359711980583,0.6281192787853793
RP11-177J6.2,ENSG00000288695,chr4,55336227,55398368,413,0.44957960394346225,0.6306660469562294,0.5583285088736163,0.3788080893606311,0.500101296775579,0.3879690263521685,0.38940971886810805,0.6080849960759104,0.6066443035599709
TMEM165,ENSG00000134851,chr4,55385956,55463397,449,0.5011664630696334,0.7035352793045699,0.6111336359482419,0.35547313852884915,0.6019454509478094,0.48339517707847585,0.366949803887925,0.7324318763954103,0.8488772495859612
CLOCK,ENSG00000134852,chr4,55417902,55556909,881,0.4320038321947674,0.6925553453890777,0.5353706851421606,0.31801531646457853,0.5423518060553177,0.4892927181955525,0.39027687348143403,0.6901674747443876,0.7891833194585061
PDCL2,ENSG00000163440,chr4,55546518,55602245,319,0.45550706853410117,0.6521797696373329,0.5159274094214963,0.4507209560144862,0.4861269067284591,0.4692247137557896,0.49471962879875325,0.5868447983426119,0.5613498832996484
NMU,ENSG00000109255,chr4,55585228,55646698,336,0.4902779900073834,0.6696253809741192,0.5732730704327043,0.4650036426374924,0.5984286266120455,0.4649034299985089,0.4103267027213687,0.6426246292164624,0.6972013564936025
EXOC1L,ENSG00000250821,chr4,55809789,55847489,201,0.30037766970707064,0.500048179182425,0.4142619426392969,0.3817915486227699,0.47253085702331427,0.25778778541304626,0.2672541049660589,0.4354557581545144,0.4259894386015018
EXOC1,ENSG00000090989,chr4,55843647,55915086,356,0.30989832446029036,0.5336185687419135,0.44287990885154194,0.3113203662999134,0.4617620534733677,0.27434666762302906,0.2581380049014533,0.4884047900268587,0.5046134527484344
CEP135,ENSG00000174799,chr4,55938870,56043361,535,0.22252996705556302,0.6763499219691937,0.5935840617579491,0.3167902995629251,0.5982472653257443,0.2397121830155342,0.2985636617443421,0.8883801698788473,0.8295286911500395
CRACD,ENSG00000109265,chr4,56039097,56340609,1914,0.3649257093415305,0.45773889632937403,0.37655477411010047,0.3745637129982624,0.3819704182380985,0.2967632895433202,0.3000472551421639,0.31524436290944047,0.31196039731059677
AASDH,ENSG00000157426,chr4,56328286,56397508,357,0.31099867049276,0.27821056753445245,0.2449742750511343,0.39891812220879164,0.2931955177076397,0.2087652241142822,0.24402237416225628,0.11725660329619955,0.08199945324822544
PPAT,ENSG00000128059,chr4,56383361,56445615,313,0.3000590612025916,0.28313916959493485,0.2639182327462321,0.32627162523734726,0.2644038823367445,0.19160940405441632,0.21036387356437947,0.1412641530213804,0.12250968351141725
PAICS,ENSG00000128050,chr4,56425740,56474578,305,0.22371724299025675,0.22101807235256357,0.19449166160990872,0.1760868865060966,0.15562162029547294,0.1433620778923668,0.13715153228129576,0.10640535491375994,0.11261590052483102
SRP72,ENSG00000174780,chr4,56457616,56513681,358,0.23582759823501986,0.2738553732791557,0.16697530202466018,0.23477419090819268,0.21178823171602085,0.20313797216248936,0.17480095165699838,0.11686810147531088,0.14520512198080185
ARL9,ENSG00000196503,chr4,56495208,56534959,213,0.25333987711930933,0.20846432925922626,0.21315320001543492,0.22458582572959065,0.22148144051822197,0.14310190371878367,0.11888792971916873,0.09067842969212042,0.11489240369173537
THEGL,ENSG00000249693,chr4,56520605,56613507,759,0.4765006633312434,0.4686944018313195,0.4900935360193838,0.5175548722116798,0.454820603125688,0.30305472528999927,0.37733281419909787,0.32936318355316335,0.25508509464406476
HOPX,ENSG00000171476,chr4,56637987,56691899,377,0.3750429566046775,0.30174430571182226,0.2966664428671614,0.3872924121635806,0.21160482629654861,0.23865912914921544,0.3056407844074974,0.12051078995577852,0.053529134697496566
SPINK2,ENSG00000128040,chr4,56799859,56831742,231,0.3371772786773217,0.4014900755615396,0.3634240996131756,0.26257666997998963,0.3491385976816474,0.23645413176478924,0.19422338414902857,0.27685804017057003,0.31908878778633076
REST,ENSG00000084093,chr4,56897875,56976808,460,0.36151889700938833,0.5162622140491259,0.4159284373566649,0.3593830338757331,0.5014777326656931,0.3185718593195478,0.23771440957605533,0.4076404243177144,0.4884978740612069
NOA1,ENSG00000084092,chr4,56953349,56987606,175,0.4314863872799941,0.5718585754007004,0.5124127295338861,0.35592663987030193,0.4884550465776369,0.3473728697745826,0.30896227041052776,0.5009288368993841,0.5393394362634389
POLR2B,ENSG00000047315,chr4,56967721,57041158,418,0.4320604525051109,0.5534987846610747,0.5418493420004081,0.3849179568547319,0.4939102239135807,0.295748125887734,0.30563578549691905,0.5105650308578689,0.5006773712486837
IGFBP7,ENSG00000163453,chr4,57020772,57120385,902,0.5340922643252703,0.5051057626814585,0.4458597313117854,0.5020331168610801,0.4655088040305549,0.438420713047158,0.3870964424681879,0.2649904881780065,0.31631475875697657
ADGRL3,ENSG00000150471,chr4,61190325,62088335,4934,0.4981088351147638,0.7226440320851876,0.6464106176948076,0.5039492624213562,0.6685299857130593,0.46610326240401656,0.43965632548911904,0.8163502526779022,0.8427971895927997
TECRL,ENSG00000205678,chr4,64265256,64419468,1239,0.7186452773208355,0.6445869057379334,0.5429353813852293,0.7007021566978253,0.5526408468011181,0.7598415334979337,0.7181985289505616,0.2746329867111713,0.31627599125854344
EPHA5,ENSG00000145242,chr4,65309562,65680495,2601,0.46194227967680596,0.6493498223846983,0.6079186499847073,0.4669633193283332,0.6075139919457352,0.3657348500119696,0.3709384223580446,0.6822313474557871,0.6770277751097122
CENPC,ENSG00000145241,chr4,67458761,67555503,554,0.49855456559719263,0.6066705267376212,0.4888755629336432,0.4079175206526871,0.45989014136713224,0.4761129722991742,0.4206171381783528,0.4569946916792322,0.5124905258000536
STAP1,ENSG00000035720,chr4,67548726,67617337,455,0.40267178376748264,0.40872488779211325,0.3752441648882427,0.4445446073592907,0.453814790654187,0.28518401916512415,0.25432184595120005,0.24028984783394758,0.27115202104787167
UBA6,ENSG00000033178,chr4,67602651,67711155,651,0.2736334901201268,0.3721050623164408,0.4191421549218074,0.2901837392545574,0.3511934214797065,0.12091687763970893,0.18775545829980383,0.34446554555211095,0.27762696489201605
GNRHR,ENSG00000109163,chr4,67727117,67764388,206,0.40047874796224625,0.620809676651881,0.6187527963739151,0.37413543464119753,0.5952766290771236,0.25851679861178534,0.2668934140355854,0.7112002289118224,0.7028236134880224
TMPRSS11D,ENSG00000153802,chr4,67810875,67894002,458,0.5128876690724194,0.44562336208894515,0.443091001188419,0.6024749092357724,0.46816395052418763,0.36190903257618356,0.44049409102537734,0.22800193882822423,0.14941688037903045
TMPRSS11A,ENSG00000187054,chr4,67899394,67974140,477,0.39250921129237554,0.4791953914284187,0.44962366043515595,0.4535292535902727,0.473999091577409,0.27682281230525724,0.3071012508398002,0.3755575267978991,0.3452790882633561
TMPRSS11F,ENSG00000198092,chr4,68043197,68139869,701,0.4403039544494227,0.6084414221584443,0.6040792045742789,0.4941373326633778,0.5042732529904278,0.29572023487761867,0.4586898941164476,0.6418999157498704,0.4789302565110415
TMPRSS11B,ENSG00000185873,chr4,68216652,68255694,255,0.6392091999973851,0.758647120431346,0.7188479280897105,0.5545756068244062,0.6639792271524099,0.5860463005003196,0.5698203238199686,0.8354488853561486,0.8516748620364996
YTHDC1,ENSG00000083896,chr4,68300386,68360090,292,0.4991785113878761,0.5602010742880309,0.6043875616061882,0.43754087411614984,0.49786986560533664,0.29281147860084517,0.3539892475771728,0.5286261649376273,0.46744839596129967
TMPRSS11E,ENSG00000087128,chr4,68437462,68507604,537,0.4488743332516065,0.44928343625205025,0.42637634336912617,0.402601736118208,0.3565099629990671,0.31827284144331,0.33542877514366454,0.27826216409796406,0.26110623039760955
UGT2B17,ENSG00000197888,chr4,68527172,68586413,308,0.5657982014911653,0.7964486673820006,0.6789585543553754,0.5278964406162615,0.7455949955204356,0.644948943284294,0.48678309657345953,0.946888113887459,1.1050539605982936
UGT2B15,ENSG00000196620,chr4,68636596,68680652,240,0.4792327091896749,0.48931269163571584,0.46657600978898495,0.48135167133647067,0.44053605103479065,0.3480055502948222,0.37387541449359385,0.3239922467929121,0.2981223825941405
UGT2B10,ENSG00000109181,chr4,68805993,68842023,269,0.6583917579465453,0.6974745001341347,0.7097014044967312,0.6498306519258392,0.6920729840719269,0.5164175757519665,0.5335178062513335,0.679172132234833,0.6620719017354658
UGT2A3,ENSG00000135220,chr4,68918462,68961804,315,0.5296620965892241,0.47596312393407586,0.4683975770476132,0.5606917533587968,0.4640783593600279,0.38431886391390163,0.4224899287382612,0.26187435905172807,0.2237032942273684
UGT2B7,ENSG00000171234,chr4,69041362,69122987,680,0.37836646431571175,0.39714023845286855,0.28150399216051275,0.37374103595835584,0.27024299078367553,0.3254400391474102,0.3295091628631729,0.18063063807085775,0.17656151435509507
UGT2B11,ENSG00000213759,chr4,69189950,69224748,0,,,,,,,,,
UGT2B28,ENSG00000135226,chr4,69270474,69305050,0,,,,,,,,,
UGT2B4,ENSG00000156096,chr4,69470164,69536014,656,0.40789774007619234,0.3805715462561958,0.3023374261150531,0.3855445053963951,0.2689246429539704,0.32150714297884286,0.3263690579777485,0.15745093192838944,0.15258901692948382
UGT2A2,ENSG00000271271,chr4,69578416,69649642,663,0.30403597584389724,0.2836889330715867,0.1876291058155344,0.28534190956906813,0.18762718046843035,0.2441498939479233,0.23089794718723594,0.08949086140274942,0.10274280816343678
UGT2A1,ENSG00000173610,chr4,69578416,69663249,782,0.31510786265763663,0.3020077991855124,0.20480883271673028,0.2975680633578939,0.21798234062713692,0.2544342677550919,0.23343808166857732,0.10511308214531054,0.12610926823182517
SULT1B1,ENSG00000173597,chr4,69711166,69797961,569,0.33741847386737717,0.28354278561606533,0.25952092061585125,0.30382277090270277,0.21312047856487873,0.22229526046821022,0.2279538158320889,0.11114148777547314,0.10548293241159443
RP11-736K12.3,ENSG00000284695,chr4,69800779,69857786,327,0.40709466525499594,0.36782424062992514,0.42596007730650054,0.4685731603615445,0.45567506608954944,0.2131260102366026,0.24128432864496413,0.24546181299228315,0.21730349458392162
SULT1E1,ENSG00000109193,chr4,69831211,69870145,221,0.4211570789550008,0.42416241937752036,0.3804257894453907,0.47990741457282377,0.39252752407186114,0.3099654869223223,0.3536148292922899,0.24196414921319215,0.1983148068432245
CSN1S1,ENSG00000126545,chr4,69921067,69956574,220,0.45197498730359237,0.5047507622944064,0.41321227666435467,0.5338244496815927,0.4530376486846087,0.3855181638877139,0.4312559122426633,0.3171759687282677,0.27143822037331833
CSN2,ENSG00000135222,chr4,69945255,69971007,161,0.38781140749967097,0.4452426607479639,0.29305523579999576,0.39984946049078973,0.335860259371693,0.3665683152635941,0.3452682722898126,0.22265617215642464,0.24395621513020616
STATH,ENSG00000126549,chr4,69985965,70012570,209,0.3079638675540856,0.3800660699279763,0.3453779026691245,0.4093149844117988,0.466725001138936,0.21128116037244826,0.18794835034174967,0.26686121064890245,0.2901940206796011
HTN3,ENSG00000205649,chr4,70018454,70046538,291,0.3254158743042906,0.39682777703396266,0.46258061570638753,0.4353576282948558,0.45391900612368175,0.13911744396681208,0.23606362884092286,0.3664350688413748,0.269488883967264
HTN1,ENSG00000126550,chr4,70040437,70068848,289,0.4384583249721878,0.3931815198973545,0.4729446695811142,0.45264472085699115,0.45114761674751797,0.2180725594918808,0.251128501464968,0.2814530174653759,0.24839707549228862
PRR27,ENSG00000187533,chr4,70123615,70186799,470,0.4685253881124908,0.4693370085637904,0.435760348413612,0.5507069949835736,0.4505610754043135,0.34672588631592255,0.41742525003004133,0.28690224063951336,0.21620287692539458
ODAM,ENSG00000109205,chr4,70185724,70214576,200,0.34697220438709137,0.4649375122812716,0.30471596558678454,0.21687297786771037,0.2955615296288033,0.34403624486239415,0.25973891058332954,0.28133549457000506,0.36563282884906967
FDCSP,ENSG00000181617,chr4,70216123,70245252,267,0.3251265688566879,0.34328392724552087,0.2764112815464773,0.302866817056276,0.32659159971818275,0.24510075485873736,0.1929395096803919,0.17540275619251236,0.2275640013708578
CSN3,ENSG00000171209,chr4,70232587,70261428,325,0.3166895452996899,0.28917397224395774,0.17310134800984162,0.3229319392678716,0.1479142409877978,0.2660302011861628,0.2856214715014986,0.07529736463377074,0.05570609431843482
CABS1,ENSG00000145309,chr4,70324980,70347116,196,0.3489863512696923,0.3831711725016733,0.30181868824812197,0.351822984030311,0.27219385779188343,0.27655597042163393,0.29951730667791976,0.2066077502142862,0.18364641395800038
SMR3A,ENSG00000109208,chr4,70350759,70377158,187,0.4473506149839089,0.4899399160985219,0.44973292252858155,0.3922769659728706,0.4615208432682628,0.33445336371593387,0.27612814813915065,0.3387733849155441,0.39709860049232726
SMR3B,ENSG00000171201,chr4,70360092,70400244,288,0.5131118927250136,0.5471076580253682,0.4813619987835118,0.49644796490742255,0.45507003522846606,0.4276363234496596,0.4355355326258399,0.3644645139791704,0.35656530480299
OPRPN,ENSG00000171199,chr4,70387930,70420195,195,0.4639431770753951,0.4657629958649211,0.3817898701155035,0.45480335063843513,0.42226355217979383,0.38475197890247215,0.3424434742368048,0.24216373161365762,0.28447223627932505
MUC7,ENSG00000171195,chr4,70420491,70492997,591,0.4109711211431025,0.4038899858506865,0.34356396775823567,0.44859034772497886,0.36441745566977296,0.3128400400602599,0.3296970044871088,0.2044900013918553,0.18763303696500638
AMTN,ENSG00000187689,chr4,70508568,70542743,289,0.3042145462939442,0.21971295401906155,0.22503694347700132,0.3591508577671536,0.27406800726155567,0.17793371094957203,0.18637783708027122,0.0701597083792711,0.061715582248571904
AMBN,ENSG00000178522,chr4,70582255,70617288,287,0.3297283225577922,0.3773284755523812,0.269103210504035,0.3570173479175323,0.2736188227285298,0.2801626436707578,0.2978466588508243,0.19357350364572812,0.17588948846566166
ENAM,ENSG00000132464,chr4,70618743,70656824,216,0.4401749862993629,0.2896641048024969,0.2909519858582357,0.49256587580911915,0.3154587478861202,0.28915815740027123,0.3206996700089025,0.052859171591691456,0.021317658983060206
JCHAIN,ENSG00000132465,chr4,70645540,70691817,283,0.3614349667054814,0.30768051954779746,0.216613638151766,0.45569441298904284,0.3277572418002842,0.2860551207893014,0.28940822279644696,0.08165263216113092,0.07829953015398533
UTP3,ENSG00000132467,chr4,70678531,70700551,121,0.1948114256727355,0.025896895631408897,0.01784018837112148,0.02718039435647409,0.003464841686222955,0.11245782828625499,0.02516194014742047,0.0,0.0010761841533363462
RUFY3,ENSG00000018189,chr4,70694203,70818619,741,0.31903307426846117,0.2930565048439166,0.327020282944166,0.3817295379098233,0.34544484384963725,0.16750299579459002,0.20191719480705267,0.17930154247064417,0.14488734345818155
GRSF1,ENSG00000132463,chr4,70805782,70849897,297,0.7717696554749433,0.7744750496150686,0.8427181197268584,0.8161855264110216,0.8384387973454033,0.5585043453697072,0.6801407814461647,0.9308201360678391,0.8091836999913814
MOB1B,ENSG00000173542,chr4,70892325,71032449,778,0.6737054694888578,0.6154084212280323,0.6944206391847665,0.7158215671020727,0.7154158310523729,0.4449912096186561,0.478500037448247,0.5105821325172508,0.47707330468765974
DCK,ENSG00000156136,chr4,70982537,71040914,322,0.7545598276891473,0.7546979238499205,0.7710142912969367,0.7650203461216005,0.7720035161410878,0.6679356190022386,0.6875480700221357,0.7373292450330515,0.7177167940131545
SLC4A4,ENSG00000080493,chr4,71052666,71582087,2955,0.4563813808648826,0.538966789092052,0.5625761123105669,0.5520554548730925,0.5924828304315349,0.2784699920029674,0.3398494108572767,0.4958152055622787,0.4344357867079695
GC,ENSG00000145321,chr4,71731695,71814041,324,0.5037075325394343,0.4098415065719375,0.4933129808338295,0.5331845360844909,0.4746806428118989,0.27404611695726244,0.32271824746337774,0.25331802827155464,0.2046458977654394
NPFFR2,ENSG00000056291,chr4,72021901,72158305,981,0.5398098140326687,0.5203626739716692,0.5507368322722395,0.6208176246308261,0.6173528050072656,0.3553470076759433,0.37191057167475655,0.37937802376602897,0.36281445976721577
ADAMTS3,ENSG00000156140,chr4,72270968,72579221,1741,0.6079801412101558,0.6302128276648051,0.6121756056571958,0.6240870038035952,0.5808958970076216,0.4920338976663167,0.5517946350584404,0.5027937510791128,0.4430330136869892
COX18,ENSG00000163626,chr4,73042361,73079755,113,0.5235061439233508,0.5489410957167901,0.4880216009859442,0.5573505900218413,0.5234067646731401,0.4339924727059677,0.43502132683635053,0.3621648671352324,0.36113601300484954
ANKRD17,ENSG00000132466,chr4,73063375,73268798,583,0.46339823127258933,0.3753371351895337,0.40153158277980416,0.49058602058963036,0.3943176672292839,0.2898303553199836,0.32181891565061066,0.18071283576631914,0.1487242754356921
ALB,ENSG00000163631,chr4,73387113,73431482,208,0.4022943732408224,0.3515793207568017,0.2239538704206792,0.43871978184337235,0.3124574489062169,0.34716459542468064,0.3180595193042627,0.08605100147902195,0.11515607759943985
AFP,ENSG00000081051,chr4,73421137,73466174,242,0.498802559678207,0.4506247925477367,0.46225690316357715,0.5201496179521491,0.39533854381313166,0.3346772239797001,0.41508400327069933,0.2642964089480254,0.18388962965702638
AFM,ENSG00000079557,chr4,73471744,73514001,274,0.5182433851128914,0.5862045826691878,0.5433955598095543,0.5836244653161876,0.5304983359540519,0.41438100434493974,0.5012339253070505,0.4680025839863724,0.3811496630242618
RASSF6,ENSG00000169435,chr4,73561549,73630631,499,0.5202526571410895,0.6893114353284137,0.6209024730162772,0.517262829935986,0.6742437496358713,0.46674908557229305,0.3878206637774797,0.7022151827361649,0.7811436045309782
CXCL8,ENSG00000169429,chr4,73730540,73753716,119,0.5749183872073842,0.6065107348641927,0.5248862795866033,0.5588653944126613,0.5526529336585202,0.5219872490762736,0.47334308155694615,0.4107142428886125,0.4593584104079398
CXCL6,ENSG00000124875,chr4,73826639,73859064,203,0.5779569973174976,0.6646080238992726,0.6705728402580836,0.5881642741381715,0.6536038735204048,0.422351704411159,0.4597069007289102,0.670103648840944,0.6327484525231926
PF4V1,ENSG00000109272,chr4,73843295,73864483,165,0.5112862190035544,0.61693357654212,0.5504029347028093,0.5295966963565386,0.5783463049915623,0.43806082173172284,0.42507040251392086,0.5214860537129644,0.5344764729307665
CXCL1,ENSG00000163739,chr4,73859392,73881308,153,0.4519563789608487,0.45029359900373594,0.29154751725652217,0.4091756165285715,0.31132571263336417,0.4275495324583807,0.37581028236088165,0.17082142719835325,0.22256067729585227
PF4,ENSG00000163737,chr4,73970810,73992027,149,0.5187624586232186,0.4239218493254051,0.45776631375038723,0.7044472296179214,0.6452032558785875,0.3354240079887465,0.36710481104687653,0.2160879412464563,0.18440713818832621
PPBP,ENSG00000163736,chr4,73976438,73998190,137,0.5980080456180747,0.4228028202609929,0.39878488702702314,0.7187571714528111,0.6132837661902626,0.47604602966656057,0.434022030805282,0.07352530853485412,0.11554930739613267
CXCL5,ENSG00000163735,chr4,73985641,74008677,108,0.5739996414749765,0.3436236149858802,0.4529375699949135,0.6366714126781157,0.5308569539672928,0.33557181829966054,0.33831049851106043,0.08544907863089612,0.08271039841949623
CXCL3,ENSG00000163734,chr4,74026588,74048807,107,0.527159939318057,0.5441395454331481,0.5884175822819827,0.661924227454646,0.5495231198476948,0.3234103149521072,0.536302621408142,0.4621582220362576,0.2492659155802227
CXCL2,ENSG00000081041,chr4,74087039,74109196,86,0.4246514461560037,0.342742338916112,0.2936451391354296,0.44234448792222847,0.23735897197379435,0.31241043421338205,0.3663625977351096,0.10726872495604312,0.05331656143431551
MTHFD2L,ENSG00000163738,chr4,74104173,74313099,1067,0.5969826769647147,0.6089788916732543,0.5428379991521564,0.6932633591326073,0.6116662256619958,0.532526002225912,0.5874347079204042,0.40646773273762515,0.351559027043133
EPGN,ENSG00000182585,chr4,74298469,74326789,123,0.16148380262625442,0.1431345192563163,0.10474570494038371,0.24173921390027325,0.09311134066557292,0.1099741231574434,0.1667333260227537,0.04450021484050597,0.0
EREG,ENSG00000124882,chr4,74355144,74398749,315,0.4949899104929722,0.5771019447501812,0.49801912015464217,0.6063379193009056,0.5188473801403085,0.42730387791543106,0.5306578859043611,0.4333202552041362,0.3299662472152063
AREG,ENSG00000109321,chr4,74435135,74465005,43,0.11565408365158385,0.41004921406160744,0.43705178729375155,0.1841370542678276,0.34744999526021425,0.03802775220753224,0.1521787744531639,0.4896884070176941,0.3755373847720625
BTC,ENSG00000174808,chr4,74734758,74804523,603,0.26544627167285156,0.28348955220070077,0.20419167267360816,0.27724278479822057,0.23291471509429013,0.2067288348360211,0.19644353714810384,0.1266336152685014,0.1369189129564187
PARM1,ENSG00000169116,chr4,74923094,75060115,838,0.42435877998612154,0.5246666321740624,0.4368189356249058,0.36506018877377383,0.42243037177650655,0.3609277460962245,0.32451884433085276,0.38281114801469746,0.4192200497800692
RCHY1,ENSG00000163743,chr4,75469032,75524764,242,0.4162853280647477,0.5431447384164433,0.43527464043426967,0.42749781300858863,0.4325567697041886,0.3751579441156036,0.38725640332447153,0.40823070839605763,0.39613224918718964
THAP6,ENSG00000174796,chr4,75503945,75560473,294,0.32287040185662935,0.42715013030105936,0.3571284141286126,0.33229962361493387,0.3817083599800596,0.2526069564120835,0.24012616254844493,0.3045246476914891,0.3170054415551277
ODAPH,ENSG00000174792,chr4,75546047,75575871,200,0.4073095915687938,0.4627914463256231,0.29334804878421583,0.38731070261542616,0.3049222575380122,0.3986174804830852,0.37376731955070747,0.22275141127685166,0.24760157220922938
CDKL2,ENSG00000138769,chr4,75566495,75640716,314,0.40187807153720495,0.35586005858768316,0.37338235529437325,0.4196560476536018,0.3473571783328237,0.24319059339961627,0.2786241630605382,0.19664868275477965,0.16121511309385772
G3BP2,ENSG00000138757,chr4,75631848,75734589,491,0.5613300919290565,0.5271645366068636,0.5240797217749243,0.5094446493780698,0.4339121807536469,0.4152554768006633,0.446109457214746,0.33375233172579843,0.3028983513117157
USO1,ENSG00000138768,chr4,75714576,75824286,511,0.6376194114706348,0.5033547402818296,0.447212178613769,0.5852003550654147,0.4205181588793708,0.5610792516190004,0.517108988688939,0.1388000192592097,0.182770282189271
PPEF2,ENSG00000156194,chr4,75849863,75912571,392,0.6407845292343515,0.4869114887675553,0.5133751543153758,0.6142275127796968,0.49337538824961114,0.4854389977173997,0.46991472321715494,0.18186791446119388,0.19739218896143845
NAAA,ENSG00000138744,chr4,75903659,75951013,341,0.2983702840994695,0.32393171691109823,0.4036752496316573,0.3388455112800969,0.38132170556488804,0.1144204023776691,0.16252954234941408,0.27704079517617847,0.22893165520443348
SDAD1,ENSG00000198301,chr4,75930949,76000962,367,0.3687459982595563,0.48986035653111704,0.4145904392471669,0.40124389621835055,0.44205037627603516,0.2988370830919896,0.3012425576902548,0.3742336969277909,0.37182822232952545
CXCL9,ENSG00000138755,chr4,75991274,76017509,191,0.3591271939096136,0.4899627956168711,0.31464393215722103,0.3532903681796357,0.32324082397720105,0.370189554819089,0.35934484568481745,0.30308205133454075,0.3139267604688122
ART3,ENSG00000156219,chr4,76001183,76122802,1070,0.3331251798932116,0.38514959638654184,0.2942041821422648,0.3057008190082893,0.30660120164159,0.2715499602260285,0.24253931152982616,0.21482632669571428,0.24383697539191657
CXCL10,ENSG00000169245,chr4,76011117,76033497,153,0.393505464646572,0.520990111929396,0.3814596442386639,0.3900406539052931,0.3459212405493397,0.37785037896040774,0.4029347504657903,0.35818365967021926,0.3330992881648369
CXCL11,ENSG00000169248,chr4,76023681,76051415,222,0.24335858326384308,0.3463533648406392,0.22407964783479947,0.21276617908183737,0.28837355889469507,0.2251744057067423,0.1621080953694599,0.20001398105196674,0.26308029138924915
NUP54,ENSG00000138750,chr4,76104658,76158444,553,0.24059617867062696,0.3233583227123717,0.19275894798477353,0.23676040974035079,0.2128089849502031,0.22585103581999977,0.21075618272938051,0.16476239059315312,0.17985724368377226
SCARB2,ENSG00000138760,chr4,76148736,76244536,831,0.3241411946098453,0.37131930823460846,0.3185923337026892,0.3136488037882097,0.3445470228149139,0.2361541824673019,0.20903445785328567,0.22797761296152141,0.25509733757553765
FAM47E,ENSG00000189157,chr4,76204039,76293783,775,0.3804191784591785,0.5224874484382497,0.39346161443867494,0.4019820367407433,0.4135262531306655,0.3589448474951922,0.3598359728698081,0.38021998591843614,0.37932886054382026
FAM47E-STBD1,ENSG00000272414,chr4,76241720,76321129,572,0.3661652989909574,0.4972826425493497,0.4293698497947573,0.36493893111204406,0.40696570721030567,0.2913401304047761,0.3096291206685164,0.39638705002724156,0.3780980597635011
STBD1,ENSG00000118804,chr4,76296732,76321130,138,0.4060664304990473,0.5458869363235883,0.4914699771739498,0.4696397379434257,0.5425833187038595,0.31708292572214275,0.3207236541992877,0.47232614728886685,0.46868541881172193
CCDC158,ENSG00000163749,chr4,76302996,76431868,1011,0.4842290293636786,0.4183586879034773,0.458622454717076,0.4615863404020093,0.46647214044700647,0.29517770646458746,0.2663927322354916,0.24672361701805462,0.27550859124715044
SHROOM3,ENSG00000138771,chr4,76425228,76793253,2044,0.34432434582000737,0.5044924396083321,0.4784429958595229,0.32661051423437676,0.4414604098851221,0.23666250332748873,0.2575871383880005,0.46551016389471706,0.4445855288342052
SOWAHB,ENSG00000186212,chr4,76884151,76908144,141,0.24016948647929226,0.4227411324898009,0.4132786909097026,0.25932362031145595,0.3923461888965049,0.14545950242807754,0.17575300202648045,0.40400496679136466,0.3737114671929618
SEPTIN11,ENSG00000138758,chr4,76939750,77050384,608,0.3429859437110185,0.34060673206695813,0.29125748395735096,0.35373437438056776,0.28208748721706656,0.2461110202391796,0.26078613323657124,0.17032413754015158,0.15564902454275992
CCNI,ENSG00000118816,chr4,77037154,77086309,304,0.3846032142783924,0.414327741984314,0.37178794779048446,0.39274208403318805,0.3573406772669898,0.27780273247568876,0.2958280440607288,0.2571922000512127,0.23916688846617268
CCNG2,ENSG00000138764,chr4,77147206,77443388,0,,,,,,,,,
CXCL13,ENSG00000156234,chr4,77501752,77621834,695,0.38314684099695195,0.304442296179932,0.26196603190941836,0.35673752948550147,0.27902240461272904,0.271200075372275,0.23854826420423342,0.09184122829750363,0.12449303946554524
CNOT6L,ENSG00000138767,chr4,77703386,77829615,530,0.5630841265479055,0.4738214605535054,0.46454403825634477,0.6727055832676021,0.5588271681861817,0.4227463383986448,0.47034563998921564,0.21936835683313627,0.17176905524256547
MRPL1,ENSG00000169288,chr4,77852829,77962785,507,0.34115072711937156,0.35723676618793,0.2831434804860922,0.4119475447766544,0.3442721017134852,0.26317988231775735,0.2754543019506571,0.17879896136889192,0.16652454173599207
FRAS1,ENSG00000138759,chr4,78047322,78554269,3626,0.428753850151242,0.4289368897599504,0.3915332661300461,0.41579382333153775,0.3429448602268797,0.3116887945829997,0.33888476420674696,0.2485667550362073,0.22137078541246008
ANXA3,ENSG00000138772,chr4,78541746,78620451,593,0.497981987266866,0.44772626340466054,0.457479322511791,0.46521854604883267,0.4398658218313371,0.33565082744038816,0.3200148243720254,0.25806062855300177,0.27369663162136465
BMP2K,ENSG00000138756,chr4,78766341,78926365,818,0.24480286807347673,0.3047728410038668,0.23586425602851216,0.35294597519024695,0.2848190827027674,0.18764163551303784,0.23181119486108462,0.17587500383085677,0.13170544448281
PAQR3,ENSG00000163291,chr4,78877126,78949438,399,0.2763404385739281,0.2837989756268732,0.25063841302266154,0.5286884899321889,0.4350855160624597,0.1843474775159461,0.2574747496852433,0.14944691361367907,0.0763196414443818
NAA11,ENSG00000156269,chr4,79215693,79336061,598,0.5088436553803508,0.3377757615047488,0.3967339432834809,0.4884315680533739,0.4125841377535699,0.30887343740113776,0.2752013554404062,0.10327761415486425,0.13694969611559582
GK2,ENSG00000196475,chr4,79396360,79418228,100,0.11132288340619471,0.2649618931323424,0.13256454111298127,0.16786780003303012,0.15442248411400084,0.1418200370006874,0.1619307286543064,0.16601289803412878,0.1459022063805098
ANTXR2,ENSG00000163297,chr4,79891145,80135454,1176,0.4138779456176501,0.4878111104856138,0.4295433174414023,0.4405053080916305,0.43848252455747877,0.32098549142024135,0.33633532656081583,0.3480763057256354,0.3327264705850611
PRDM8,ENSG00000152784,chr4,80173878,80214329,257,0.2776133656313762,0.43169977999265857,0.37145532812316134,0.2107514904475859,0.40504820327972746,0.21297602289801876,0.1412522964470349,0.35212942064872,0.4238531470997038
FGF5,ENSG00000138675,chr4,80256638,80346680,532,0.42286229189120395,0.5475781926098707,0.5125628640701971,0.4704804915747478,0.5146236380739411,0.31211038101970756,0.3530474593125951,0.4810299511021023,0.4400928728092148
CFAP299,ENSG00000197826,chr4,80325729,80973750,3444,0.4291490957035093,0.5232154640404897,0.5165439221867153,0.48778986327026086,0.554058789656472,0.28726150154299834,0.30107138027350344,0.45342909518478447,0.4396192164542794
BMP3,ENSG00000152785,chr4,81020707,81067627,343,0.6188855861750676,0.730764018876946,0.685086956887695,0.6886548782457337,0.7127822400736923,0.5606819745007078,0.6157528454956049,0.7514850561957757,0.6964141852008785
PRKG2,ENSG00000138669,chr4,81077369,81225222,850,0.21867534072735006,0.24701427945769566,0.20567425747980728,0.23836552694876253,0.23212434951266148,0.15010594330518523,0.14593503747875197,0.13360307148010098,0.13777397730653415
RASGEF1B,ENSG00000138670,chr4,81416392,82054244,4295,0.4668173837381995,0.5826856492841165,0.5601539584331728,0.4691289289535431,0.5723737439867417,0.34073813878381487,0.32882294765124265,0.5331773637459565,0.5450925548785287
HNRNPD,ENSG00000138668,chr4,82342497,82384503,254,0.19406109470554955,0.22614905756864392,0.12516168586910018,0.24324565888556227,0.17713897385224775,0.16920357522912044,0.17006232213377442,0.08717242954740144,0.08631368264274739
HNRNPDL,ENSG00000152795,chr4,82412564,82440462,155,0.4264428567762306,0.3938741490826119,0.4948193594882268,0.3235154065858329,0.445898457819943,0.18686306896849358,0.150552962694961,0.31380457072458273,0.35011467699811527
ENOPH1,ENSG00000145293,chr4,82420589,82471177,235,0.3467736009041708,0.36163385953816174,0.4157263621426638,0.20119393953613757,0.3314104607869098,0.16864446406698202,0.1354477059798634,0.280198808309814,0.31339556639693267
TMEM150C,ENSG00000249242,chr4,82473169,82572357,579,0.4065486522903699,0.44498161371711203,0.3977070863238761,0.37413983495825337,0.3647704067779915,0.30177134820709917,0.3018067837001218,0.28698268913970204,0.28694725364667933
SCD5,ENSG00000145284,chr4,82619538,82808796,1481,0.4552832817848605,0.5849539202707633,0.5256791015827162,0.4710268481915459,0.5401601058887914,0.3704919732496464,0.36965321209775154,0.5088737561736398,0.5097125173255346
SEC31A,ENSG00000138674,chr4,82808508,82911166,464,0.5092986129666377,0.6060986450245257,0.5373682409477025,0.5518074777611768,0.5461489013280104,0.43637520009897834,0.4721005298106503,0.4952795690150981,0.4595542393034263
THAP9,ENSG00000168152,chr4,82890683,82929969,183,0.5461460712729193,0.628262235500849,0.5064228112910818,0.5807216024208977,0.6111730580085942,0.5367352307275945,0.45708292010889684,0.45283137670636553,0.5324836873250631
LIN54,ENSG00000189308,chr4,82899972,83022926,562,0.5389533038898363,0.5658030581493926,0.46186488785890806,0.5747920575787832,0.4957349662109883,0.49443370011871685,0.5023903648693833,0.33982336462549817,0.3318666998748318
COPS4,ENSG00000138663,chr4,83024446,83085818,314,0.7262050433198756,0.7558510124485632,0.7312447851473304,0.7602336316685471,0.7033250845749953,0.695699062853491,0.8114743149283662,0.7142775724596516,0.5985023203847765
PLAC8,ENSG00000145287,chr4,83080047,83147075,377,0.5454081523523964,0.6129886574825497,0.5132351921965911,0.49853671985950115,0.532246488212039,0.5088411824452834,0.4398561829229116,0.44046009510594625,0.5094450946283182
COQ2,ENSG00000173085,chr4,83251535,83294914,244,0.5433937699832094,0.5694258376767924,0.6200903935082094,0.4319573369196036,0.5146049712522618,0.3293738340745561,0.34270111223540445,0.5132618656717076,0.49993458751085923
HPSE,ENSG00000173083,chr4,83282460,83345153,368,0.6170672230309947,0.5724290738561679,0.5401880058536823,0.6089964114670535,0.4925540841678636,0.5162966680481771,0.5551542464647748,0.33333842721015994,0.2944808487935622
HELQ,ENSG00000163312,chr4,83397342,83465855,418,0.3701974720728484,0.6192555053815193,0.598472614696837,0.3446409745138314,0.526421164816478,0.25774808132207944,0.320380961993395,0.7078786652973187,0.6452457846260031
MRPS18C,ENSG00000163319,chr4,83445931,83479735,217,0.4346465976375741,0.601329755196032,0.6467544642430517,0.3182430250991232,0.5980750076542377,0.22466650762886675,0.19560644518658316,0.6949541502902912,0.7240142127325747
ABRAXAS1,ENSG00000163322,chr4,83449516,83533348,594,0.34458887327295284,0.4956747234131732,0.4526485298084025,0.3633202851918745,0.46679997905604353,0.2521811267369691,0.25358186499542307,0.4323527022951676,0.4309519640367136
GPAT3,ENSG00000138678,chr4,83525913,83615875,626,0.27849649747802413,0.22086312430037866,0.21055486127212628,0.31192578184639913,0.29131754084966816,0.1697808257824774,0.13953969452282972,0.07978771583208841,0.11002884709173605
NKX6-1,ENSG00000163623,chr4,84481984,84509292,152,0.39661213018444325,0.7641423969113764,0.761310746092585,0.41250357429104406,0.7308467354785095,0.2585646612149547,0.3319689223210701,1.1859623715896954,1.11255811048358
CDS1,ENSG00000163624,chr4,84573126,84661334,321,0.43456759342718476,0.6622528250580496,0.6380036367698195,0.34096011313402635,0.6101891332726633,0.3197505360840064,0.2801676359425326,0.7657071304393608,0.8052900305808346
WDFY3,ENSG00000163625,chr4,84659596,84976690,1136,0.3615011178817549,0.4690844218474172,0.44776328208576727,0.3918306072343425,0.4459055515786711,0.24400456169324763,0.2700169819781584,0.3891476952166246,0.363135274931714
ARHGAP24,ENSG00000138639,chr4,85465149,86012668,3738,0.4834079032365743,0.5726015950888678,0.5480296504107826,0.4952364619313268,0.5559958860471111,0.35820083281096093,0.3608912090300569,0.491837835368123,0.489147459149027
MAPK10,ENSG00000109339,chr4,85980006,86604625,3467,0.3890034883394213,0.4719285881671655,0.48397898429127667,0.33719552348098547,0.4575097967103611,0.23478999879114576,0.2191068710280653,0.4037337559467451,0.4194168837098254
PTPN13,ENSG00000163629,chr4,86584314,86825171,1224,0.25205358817853596,0.2953803563145366,0.3493400276663743,0.22507132209015746,0.3038157271593327,0.10537649531707952,0.12147026138361275,0.2447206389449151,0.2286268728783819
SLC10A6,ENSG00000145283,chr4,86813467,86859384,239,0.3583176020670286,0.5457024110451244,0.5138070476442794,0.35996914852283013,0.4843815846311927,0.2557574529000141,0.286426709792316,0.5332453604959912,0.5025761036036893
C4orf36,ENSG00000163633,chr4,86866204,86902422,192,0.5187729395992078,0.5745041667344404,0.565611112399904,0.4795571344789414,0.5448708177780865,0.3760505465361117,0.36020065281188757,0.47844957704092084,0.49429947076514497
RP11-397E7.6,ENSG00000285458,chr4,86876471,86946178,210,0.5126486680014954,0.5505340243923834,0.5390969734206809,0.46301097774734395,0.5165370164063074,0.37194875212639056,0.34734611146358646,0.42774636967414337,0.45234901033694747
AFF1,ENSG00000172493,chr4,86925001,87151039,1002,0.4255704215276918,0.49591794183657045,0.4904528143698345,0.4500841441951728,0.4779649982212309,0.2825805796989371,0.3164927860606036,0.4024356306482337,0.36852342428656726
KLHL8,ENSG00000145332,chr4,87150102,87250314,508,0.4297774687770859,0.4902591545338567,0.4396592286649869,0.41703711958085854,0.4729166247003606,0.32818562858057004,0.2865440288063572,0.34566719997801815,0.3873087997522309
HSD17B13,ENSG00000170509,chr4,87293788,87332886,342,0.3615552314840797,0.1914525952094152,0.18558713570073726,0.38459763503559763,0.25301173041798264,0.22797412029490471,0.20314457222921897,0.0,0.009371396442131058
HSD17B11,ENSG00000198189,chr4,87326514,87401188,587,0.2485280808398796,0.2406146980493774,0.20554922227036532,0.2352627901297357,0.2571166050312742,0.1654315871850619,0.12312641107975608,0.1098143990054547,0.15211957511076055
NUDT9,ENSG00000170502,chr4,87412572,87469455,415,0.2393892997789627,0.14534028231504414,0.16132164035344562,0.24217831988148777,0.14655813911020873,0.12737874407473088,0.13794059713107826,0.02967313620183601,0.0191112831454886
SPARCL1,ENSG00000152583,chr4,87463334,87541061,523,0.349532249742687,0.44427021841984055,0.3558357069858903,0.28025806528060476,0.3055272468832183,0.2888675971478589,0.27586665625684914,0.298605510074321,0.31160645096533085
DSPP,ENSG00000152591,chr4,87598528,87626873,152,0.24801699390065524,0.5622433935836724,0.5394148719461034,0.39039718216249364,0.5192533414107758,0.16793809470706583,0.29431251170371786,0.6581541214666727,0.5317797044700207
DMP1,ENSG00000152592,chr4,87640279,87674361,207,0.4270087351600614,0.589311142705807,0.5098473001115946,0.41172731428866594,0.44296656417570546,0.3668829461946325,0.41767703216208585,0.5230364432030441,0.47224235723559077
IBSP,ENSG00000029559,chr4,87789553,87822435,176,0.3838663358082925,0.4404276989205532,0.328772283702972,0.4592387321185415,0.3436213555599837,0.33311352787964776,0.3871712286623441,0.2474690072498558,0.19341130646715943
MEPE,ENSG00000152595,chr4,87811410,87856817,399,0.383549646941881,0.490046266822528,0.44867175159154277,0.4111040962489612,0.39799799565281435,0.28089392575514366,0.3477233086297033,0.3925413508837219,0.3257119680091622
SPP1,ENSG00000118785,chr4,87965666,87993532,177,0.2767776878368352,0.40574490438734584,0.41556111959414604,0.2871170832113394,0.375013696557105,0.1536910727247915,0.1944295690337856,0.36675552519027366,0.3260170288812795
PKD2,ENSG00000118762,chr4,87997634,88087777,594,0.32410326352478463,0.28297144953638853,0.3030409467061678,0.31208058915515047,0.3036170571421295,0.18166298706293776,0.17243381922487114,0.15097663277676676,0.16020580061483342
ABCG2,ENSG00000118777,chr4,88080149,88241628,968,0.4940454265752652,0.6117785781911173,0.5756219592793207,0.5043811623877776,0.5792324103343389,0.3851786007054484,0.39122645316241683,0.5610008266611732,0.5549529742042048
PPM1K,ENSG00000163644,chr4,88247619,88294769,233,0.3387164480168645,0.46223764930994904,0.4941996880993329,0.34867842574791225,0.46527703565382184,0.1761488862560021,0.21154192148429019,0.4441896574965255,0.4087966222682375
HERC6,ENSG00000138642,chr4,88368738,88453097,362,0.3777005155737833,0.5147067634520108,0.42450634640598245,0.3177468349581506,0.34438833779286027,0.3224043483471388,0.34158489796067826,0.4005976109622188,0.38141706134867936
HERC5,ENSG00000138646,chr4,88447118,88516163,199,0.2307126676604193,0.08452729962345347,0.10642485341981268,0.1929562153627754,0.12967881724305155,0.11904031274845964,0.08189956546005055,0.0,0.006415169211442723
PYURF,ENSG00000145337,chr4,88510997,88533776,104,0.3080127547620459,0.42427667147667153,0.47019737323300287,0.26671544964469496,0.5308111603843311,0.14253253862881687,0.05279978519791784,0.4095955274787789,0.49932828090967796
PIGY,ENSG00000255072,chr4,88510997,88533776,104,0.3080127547620459,0.42427667147667153,0.47019737323300287,0.26671544964469496,0.5308111603843311,0.14253253862881687,0.05279978519791784,0.4095955274787789,0.49932828090967796
RP11-2I7.1,ENSG00000287542,chr4,88513809,88718450,1124,0.2754938936015797,0.48505932009339103,0.46079865720590857,0.2897818518513164,0.49456742737601317,0.1841512146918522,0.1617730189584511,0.47955235490817094,0.501930550641572
HERC3,ENSG00000138641,chr4,88582433,88718541,810,0.24731489066640622,0.4897691726334995,0.4757006510965323,0.21982947343086173,0.5088987520870079,0.15565394593718684,0.10501492374064675,0.5172381070408641,0.5678771292374043
NAP1L5,ENSG00000177432,chr4,88685912,88707829,118,0.22165486267393325,0.5409017931738627,0.4953618537667104,0.17889628226783372,0.5306669556818581,0.17258135842763178,0.10957716669019141,0.6059097751528786,0.6689139668903188
FAM13A,ENSG00000138640,chr4,88715954,89121398,2252,0.43357293720495177,0.48164680382848274,0.392024284682172,0.4187216202581371,0.4185496709689175,0.36394252042171854,0.3286970958650803,0.29315590276127235,0.32840132731791066
TIGD2,ENSG00000180346,chr4,89101532,89124901,145,0.5380163094067274,0.4895762594022949,0.48764517815864067,0.4546099123235255,0.4551560664502009,0.38800092101874306,0.3357560658412314,0.2845131133043056,0.3367579684818173
GPRIN3,ENSG00000185477,chr4,89226382,89317800,706,0.35755771247491985,0.5356985238735953,0.45501752407415486,0.3801288647636594,0.4430063186028759,0.3013489283602736,0.33013174526950767,0.4658722763496851,0.4370894594404509
SNCA,ENSG00000145335,chr4,89690344,89848315,1020,0.4223813119780644,0.4250596393364275,0.38665168281669327,0.38406986517249575,0.40824593026963263,0.3067540071560406,0.25672327517754423,0.24673495699318898,0.2967656889716854
MMRN1,ENSG00000138722,chr4,89869531,89964629,614,0.30233053548151584,0.3412091819934347,0.3365256267622609,0.29913111102268597,0.37228756688296727,0.18354700179001002,0.15355526775102782,0.23380221643785556,0.26379395047683774
CCSER1,ENSG00000184305,chr4,90117534,91611913,9582,0.38786915939816136,0.5295883551906286,0.4771792023035345,0.3953426721379793,0.49070751017047476,0.29821991920428936,0.2912538589811328,0.4559272083778706,0.4628932686010271
GRID2,ENSG00000152208,chr4,92293965,93820157,8635,0.34520452145801933,0.3691055268396229,0.33823031380435714,0.33910032444281124,0.334808536239185,0.23560565843491127,0.23354476548533845,0.22501100945550115,0.22707190240507402
ATOH1,ENSG00000172238,chr4,93818752,93840964,171,0.2524087189811913,0.16019387687954467,0.17093217299084518,0.33309311388712776,0.288570076425835,0.13901488818053076,0.11960535301051911,0.035569331412988625,0.05497886658300025
SMARCAD1,ENSG00000163104,chr4,94197610,94301292,543,0.5049142907540579,0.8349223669120416,0.769735617291694,0.3514432778834246,0.7371147532305304,0.5179183266999943,0.44915377924409383,1.2834210854702723,1.352185632926173
HPGDS,ENSG00000163106,chr4,94288534,94352876,368,0.38357453537029346,0.8299433759693937,0.6829591552649378,0.3432054715483062,0.7173390356391223,0.5533585068645063,0.4642503805196595,1.218265307994063,1.3073734343389098
PDLIM5,ENSG00000163110,chr4,94441856,94678227,1346,0.47097504836310317,0.8379523118386663,0.7842877845359564,0.4395062269470419,0.7120472704062368,0.4613871004608898,0.5769214080951618,1.358477515241355,1.242943207607083
BMPR1B,ENSG00000138696,chr4,94747954,95168448,2820,0.4384903473854372,0.4345672734952403,0.4240482894371693,0.44379003364181807,0.4044624005369835,0.2977794049580978,0.31924130958960956,0.2723845484008108,0.25092264376929907
UNC5C,ENSG00000182168,chr4,95152503,95559206,2854,0.40310493307238904,0.546417521866124,0.45089472282033727,0.4102899810257599,0.45616462913009775,0.3535635049756264,0.3547969034658644,0.4370146507917206,0.4357812523014827
PDHA2,ENSG00000163114,chr4,95830092,95851464,206,0.5315024414500079,0.4735993856319008,0.3972057296509094,0.5232686746058537,0.3662042808023223,0.44686890152304604,0.46323317592086066,0.19482383033601397,0.1784595559381994
STPG2,ENSG00000163116,chr4,97174092,98153476,5414,0.3864956713224434,0.36635441816690817,0.3359672325173096,0.3448893235025013,0.3302373360311383,0.26770483854361454,0.2391923618397449,0.1885606615014873,0.21707313820535692
RAP1GDS1,ENSG00000138698,chr4,98251383,98453858,1084,0.2890799917258715,0.47831714749885135,0.4719935673243887,0.2778269545656558,0.4692550337460081,0.1766219935989795,0.17135613451594428,0.47407344439959453,0.4793393034826299
TSPAN5,ENSG00000168785,chr4,98460366,98668611,1203,0.4268996790827026,0.489158592420796,0.4531259865731912,0.3971991656201533,0.45795469061788324,0.3124268827513949,0.2827294188018091,0.3592692111855937,0.3889666751351796
EIF4E,ENSG00000151247,chr4,98869275,98939133,423,0.30708233082392183,0.3044353571260872,0.2115289497824105,0.35752232715230814,0.22734641032772204,0.24610791478161237,0.27376503616632336,0.1169234126932451,0.08926629130853406
METAP1,ENSG00000164024,chr4,98985658,99072809,612,0.5433237678455501,0.5655724142365173,0.5114118880902542,0.40756016549515395,0.5366342780774384,0.45063558029180073,0.2939966624848174,0.3830904289480772,0.5397293467550606
ADH5,ENSG00000197894,chr4,99060977,99098801,247,0.6388814128582997,0.7591202313424535,0.7870736541413487,0.4049565312075556,0.7390111358246277,0.44759863320267224,0.2996503179805593,0.9758587220118509,1.123807037233964
ADH4,ENSG00000198099,chr4,99113656,99167792,0,,,,,,,,,
ADH6,ENSG00000172955,chr4,99192637,99229537,179,0.5426538556470487,0.5287272521468005,0.40193048113377283,0.4933968433178863,0.4142979910920549,0.5102923689489934,0.4487007222165342,0.2420259011294209,0.3036175478618802
ADH1A,ENSG00000187758,chr4,99266368,99301003,109,0.26545571104143467,0.2889394814264895,0.25531709782287876,0.33268510295724263,0.23602075494598856,0.1773529682328647,0.23813815693952117,0.16364476702470873,0.10285957831805226
ADH1B,ENSG00000196616,chr4,99294970,99362760,172,0.35317088461276624,0.3472526829866458,0.19957164979034892,0.31777841580413985,0.18889982047407017,0.3198150313123087,0.29980112275968085,0.1067501503811451,0.12676405893377293
ADH1C,ENSG00000248144,chr4,99326496,99362746,172,0.35317088461276624,0.3472526829866458,0.19957164979034892,0.31777841580413985,0.18889982047407017,0.3198150313123087,0.29980112275968085,0.1067501503811451,0.12676405893377293
ADH7,ENSG00000196344,chr4,99402260,99445510,276,0.3591136130637868,0.28489443582863566,0.23151922469945516,0.3146250024368027,0.19314583005700744,0.2584442270189429,0.24925096018495435,0.07688087796951071,0.0860741448034992
C4orf17,ENSG00000138813,chr4,99501011,99552303,299,0.28203577714801575,0.3664436074732605,0.34146449449480387,0.2938877941660542,0.3536759562876595,0.18500248267966954,0.18396655140247398,0.2714037830970272,0.27243971437422265
TRMT10A,ENSG00000145331,chr4,99536708,99574039,193,0.18249692011643842,0.3458702193262624,0.3000762106698319,0.16061804744030433,0.3499001684045915,0.1345831461698003,0.08445479685899573,0.2898663596448754,0.33999470895567996
MTTP,ENSG00000138823,chr4,99554080,99633997,421,0.19399689498258735,0.31638242765146324,0.25751075540173524,0.1804622216071722,0.31005778922241806,0.14913870638739982,0.10411198380834685,0.23121791608313372,0.2762446386621866
C4orf54,ENSG00000248713,chr4,99626528,99667828,219,0.2736745967085547,0.3495202565612934,0.3535787519951727,0.25650254911048526,0.3136367497524031,0.15674918557763606,0.17504339551299003,0.27329593592341594,0.25500172598806203
DAPP1,ENSG00000070190,chr4,99806826,99880190,434,0.2900783978639761,0.4521827018667845,0.2848069906618768,0.2993709514747646,0.28313852498832837,0.3046056750873902,0.312358747023044,0.2972077701031812,0.2894546981675275
LAMTOR3,ENSG00000109270,chr4,99868335,99904428,147,0.23275207299448342,0.23382685877215412,0.108367965960736,0.2533167852774314,0.09961153890357433,0.20829531989020394,0.2267661884902697,0.058051781958412235,0.03958091335834646
DNAJB14,ENSG00000164031,chr4,99886247,99956618,327,0.291227225814502,0.19804179929429766,0.09343194093211485,0.31045379153826824,0.09716953888579322,0.23341495510283755,0.2450999320219962,0.0,0.0
H2AZ1,ENSG00000164032,chr4,99938085,99960355,108,0.20044908916493245,0.27007290709720294,0.06912460245626027,0.19962213107601018,0.057005080513217926,0.2334429225345388,0.23939378263402014,0.0813677000286697,0.0754168399291884
DDIT4L,ENSG00000145358,chr4,100175869,100200782,178,0.2633273050465312,0.43810040917015763,0.29762202142420735,0.27133728335047796,0.30737000992755464,0.2643800550965636,0.26285854081317406,0.3120520539580361,0.3135735682414256
EMCN,ENSG00000164035,chr4,100385340,100890126,3423,0.479336722739494,0.35648034051108773,0.34815689512511483,0.47926179712317124,0.3330145426996754,0.33275153292147663,0.34416175914148384,0.108051168614827,0.09664094239481974
PPP3CA,ENSG00000138814,chr4,101013408,101358278,2080,0.3522469768648559,0.527045800449328,0.45551637586815896,0.3871135679969439,0.4846119381558385,0.2875425525908058,0.28774860353230364,0.46121417229029293,0.461008121348795
BANK1,ENSG00000153064,chr4,101401285,102084812,4349,0.3797794344391452,0.4299643595284142,0.41451319075511406,0.3855819594646464,0.4188619478599148,0.25221244051299907,0.2531845942978421,0.30984395245214946,0.3088717986673064
SLC39A8,ENSG00000138821,chr4,102241079,102441258,1353,0.38648604041944556,0.5187200729809676,0.40636648263385267,0.4061931822795595,0.41008616997038055,0.34918267311506346,0.362364320481339,0.3821235361849758,0.3689418888187002
NFKB1,ENSG00000109320,chr4,102491330,102627302,750,0.4787927496369768,0.42049471116137777,0.3987120087427151,0.4185711407191977,0.3285167375924283,0.3442533700886836,0.3447904776026938,0.20132711960029415,0.20079001208628394
MANBA,ENSG00000109323,chr4,102620769,102770994,967,0.37697189997830494,0.4538072583406738,0.4320030522030134,0.36383274498453777,0.4227082596627542,0.2561538908991307,0.2538348025197638,0.34862946792824534,0.35094855630761224
UBE2D3,ENSG00000109332,chr4,102784382,102878896,553,0.44248953191692963,0.572538189779569,0.32659781149007505,0.4258383871264765,0.3715692238877324,0.519375902043506,0.4701026478651623,0.33051442536993536,0.3797876795482791
CISD2,ENSG00000145354,chr4,102858973,102902807,164,0.3858224694549219,0.565805735930736,0.2891381313919703,0.368951923351359,0.3335792029364158,0.49022867061017716,0.44440123978546947,0.3440345613575776,0.38986199218228534
SLC9B1,ENSG00000164037,chr4,102875047,103029719,437,0.45034528272226043,0.6095546219541252,0.30535449586504215,0.44359554080542213,0.33470125563101444,0.5872892757875756,0.5596039507471247,0.35317792066170445,0.3808632457021554
SLC9B2,ENSG00000164038,chr4,103009867,103095829,436,0.36997593664032635,0.46963055209630566,0.3394981040599741,0.3422871714752739,0.3626187280490485,0.34071171185799864,0.3013905290618448,0.2934697319030706,0.33279091469922434
BDH2,ENSG00000164039,chr4,103067591,103109870,222,0.19760905760008626,0.19465473386716908,0.10129330006690705,0.20430729717445,0.10014458961299483,0.1649224864071288,0.16975261359960234,0.05156170508026714,0.04673157788779363
CENPE,ENSG00000138778,chr4,103095348,103208445,593,0.19436403856698786,0.1710567161238839,0.13657770919885978,0.2395730506739754,0.12974477308786225,0.1284377309128225,0.1612550116072199,0.05916581038165791,0.026348529687260508
TACR3,ENSG00000169836,chr4,103576030,103729985,1042,0.2662962881188496,0.2823218914093525,0.1975148965405098,0.31119306569051214,0.2360785576687958,0.21067106725744889,0.21761903329749188,0.1210630599265706,0.11411509388652763
CXXC4,ENSG00000168772,chr4,104458307,104504901,190,0.40921048974324736,0.4262882236203185,0.2999194502756509,0.4083574575627851,0.37823593279696877,0.3626818723125671,0.3026431045271904,0.19294626820307997,0.2529850359884566
TET2,ENSG00000168769,chr4,105135874,105289816,680,0.3195718503551913,0.46226536439446547,0.4129415335090017,0.3398030302481341,0.39570674896761854,0.2363961340374629,0.26595572421186703,0.3839939488358165,0.35443435866141243
PPA2,ENSG00000138777,chr4,105359076,105484067,878,0.4043236671785143,0.630694740239179,0.4980491069969775,0.35590502941155133,0.5348528463742954,0.41246827654880514,0.3353196722775658,0.583663438161153,0.6608120424323921
ARHGEF38,ENSG00000236699,chr4,105542619,105718093,988,0.55120858030806,0.6509407713624674,0.6566814007497458,0.4858955185078108,0.619244981723368,0.3923071513764882,0.37612165854906926,0.6602065102391299,0.6763920030665489
INTS12,ENSG00000138785,chr4,105672626,105905986,1020,0.6259687030970503,0.8575152722721748,0.8820246584821423,0.5506274201380223,0.8277839866272914,0.3973283079126868,0.4947088482516756,1.5511921509440947,1.453811610605106
GSTCD,ENSG00000138780,chr4,105698777,105857725,657,0.6782522702309378,0.8766578061925218,0.8816326739953858,0.5927418790378196,0.8308353571686474,0.5464088269549885,0.6071089966346812,1.5463838959552225,1.4856837262755294
NPNT,ENSG00000168743,chr4,105884774,106014027,936,0.5202554051355555,0.6111259141579526,0.6544521397036074,0.5134965371881383,0.598184578655636,0.308188482318016,0.3766242437150357,0.6363111922249174,0.5678754308278977
TBCK,ENSG00000145348,chr4,106031598,106326683,1439,0.26661849714512376,0.39893000195990547,0.34485837045421774,0.2686814930628653,0.34797496166812625,0.1981146441437186,0.1971388833123922,0.3109292378005484,0.3119049986318748
AIMP1,ENSG00000164022,chr4,106305543,106359456,252,0.22019892797199017,0.40281852898874176,0.3265706981495441,0.20256685415774128,0.3115141484082811,0.1844392040065906,0.18431550355055776,0.33109503622978775,0.33121873668582064
GIMD1,ENSG00000250298,chr4,106347391,106378778,219,0.27397303417093366,0.5179793551957936,0.3603972420049979,0.28892391967445935,0.40748401800637474,0.30151423508363107,0.27368337601163284,0.42825409922115343,0.45608495829315165
DKK2,ENSG00000155011,chr4,106911801,107293806,2307,0.39531336657496347,0.5467959860512612,0.4666560357556405,0.3813087006203344,0.4623398071737659,0.3329345413607492,0.3255166010173169,0.4584783516030986,0.465896291946531
PAPSS1,ENSG00000138801,chr4,107580275,107730234,840,0.4554699962860689,0.29216707478397924,0.2582178916958201,0.4729489786744439,0.2921306054020111,0.32733984792056126,0.3202547208625732,0.018207346549136083,0.025292473607124222
SGMS2,ENSG00000164023,chr4,107814562,107925047,614,0.29205148456169877,0.4746334115365636,0.46420732025979,0.36812015380695295,0.5086610913188477,0.1825174591497039,0.19604693421726438,0.46114153717363043,0.44761206210607
CYP2U1,ENSG00000155016,chr4,107921548,107963461,248,0.3140594094397675,0.3281502472176985,0.26318013586724953,0.26068589307005846,0.21287526880323276,0.23463648445837573,0.2301921985426542,0.1630840611680253,0.1675283470837468
HADH,ENSG00000138796,chr4,107979713,108045241,394,0.6600661556337355,0.8874139016882931,0.8210499325547769,0.6821679370987482,0.8401766521222297,0.7711964112698472,0.7482915110236932,1.4128406204482689,1.435745520694423
LEF1,ENSG00000138795,chr4,108037544,108178956,724,0.5285121884929841,0.7261495338144321,0.7085259611151147,0.5366367248669767,0.7113329005290135,0.4071153777664477,0.4109679133360624,0.8880576876482886,0.884205152078674
RPL34,ENSG00000109475,chr4,108610568,108640412,215,0.38370441209251066,0.3050136227103132,0.3286594864437363,0.22361775390671254,0.2441666670622407,0.22470640785477938,0.1685194716772853,0.13915662677670146,0.1953435629541955
OSTC,ENSG00000198856,chr4,108640584,108677820,119,0.7704301789498843,0.8045466834837164,0.8197392576124857,0.6006995805863932,0.6399841874852711,0.6953154377144116,0.7644338039832228,0.9371182805552614,0.8679999142864501
ETNPPL,ENSG00000164089,chr4,108732047,108773054,283,0.2822572913857026,0.24827387926099181,0.22788813709082834,0.30724616162829205,0.25287317637270984,0.17920075095230728,0.18047172300660566,0.10618247156227006,0.10491149950797168
COL25A1,ENSG00000188517,chr4,108798724,109312752,3430,0.4833769856343324,0.4887203029348022,0.44391939047202733,0.4337020124436882,0.40175839279499875,0.37221916084947376,0.362856382240496,0.298619325293555,0.3079821039025328
SEC24B,ENSG00000138802,chr4,109423771,109550896,716,0.24966482616577462,0.3339752574864559,0.3341744666808732,0.25746149762286413,0.33113396259887073,0.14346806365151504,0.15096876542702628,0.26296039455907383,0.25545969278356256
MCUB,ENSG00000005059,chr4,109550208,109698719,520,0.5140115437561801,0.5102840528934467,0.45047277728543905,0.38716257884867794,0.44036334678066075,0.41840159910780855,0.31155890647511186,0.2955281566430841,0.4023708492757807
CASP6,ENSG00000138794,chr4,109678621,109713583,180,0.5789677044266518,0.6069968658450334,0.5808987652468667,0.4278171352538503,0.5735546826067266,0.4646703255040956,0.3199816022820663,0.46926736669155567,0.6139560899135847
PLA2G12A,ENSG00000123739,chr4,109699988,109740070,201,0.4581835094494542,0.677101559759476,0.5991580699528064,0.4141348393626963,0.5922610789857272,0.4145286130488745,0.3839774200049772,0.7158888186529078,0.7464400116968052
AC004067.6,ENSG00000285330,chr4,109703915,109811999,654,0.5900383968639842,0.6270039278763238,0.5823239404360696,0.6115751721197713,0.5633946843799952,0.5024150202115963,0.5515586755568518,0.4837723696816988,0.4346287143364434
CFI,ENSG00000205403,chr4,109730693,109811999,530,0.5840987853119298,0.6413924988566204,0.5707697923602754,0.5992496438416901,0.5669055259719452,0.5285362111750416,0.551572004490269,0.49699058899823045,0.473954795683003
GAR1,ENSG00000109534,chr4,109805509,109834740,192,0.4753347503929003,0.4943400234294506,0.37530994065587053,0.5466611964369571,0.4840822418781313,0.42819300044720326,0.4055992156300944,0.25369781819143966,0.27629160300854866
RRH,ENSG00000180245,chr4,109817971,109859123,220,0.37045272202384755,0.41593267295853126,0.41329967914612203,0.4423837230457061,0.4806063808006955,0.23362611245117276,0.23336499043092007,0.3041129043177489,0.3043740263380015
LRIT3,ENSG00000183423,chr4,109838106,109882315,244,0.42357489097275164,0.5645088959536518,0.4379104766392396,0.49870433000659514,0.47485738860731125,0.4030483081722519,0.4388773448312036,0.42823260171482913,0.39240356505587726
EGF,ENSG00000138798,chr4,109902882,110023766,672,0.32682613502722146,0.4993325691844656,0.4052841784498771,0.330798885419325,0.4393928452439763,0.2839466250995387,0.2573744878681853,0.40786658396507436,0.43443872119642774
ELOVL6,ENSG00000170522,chr4,110035845,110209199,1177,0.3385618743889897,0.4151528260974544,0.3122715378227963,0.3435692989717427,0.32343001484248574,0.2876911736714299,0.2833117356015957,0.2487135334005048,0.2530929714703389
ENPEP,ENSG00000138792,chr4,110355732,110575285,1229,0.4259004731849391,0.4647860474886484,0.39982942779063557,0.47873879181175893,0.469745771383032,0.3347499148350819,0.32109699678289866,0.2903387859580631,0.3039917040102462
PITX2,ENSG00000164093,chr4,110607422,110652123,165,0.398875057691485,0.5072344305884581,0.4774614041313855,0.46458191406044275,0.3694208265650932,0.2838088908229567,0.43565627284743524,0.42391284564624143,0.2720654636217628
FAM241A,ENSG00000174749,chr4,112135453,112205256,318,0.4156063187013176,0.38828036788705916,0.30476852861967735,0.4419277185138043,0.2915793595171349,0.3325755969157091,0.3650153852207859,0.15890562198448127,0.12646583367940456
AP1AR,ENSG00000138660,chr4,112221739,112283110,287,0.4160422735683998,0.3927917178843105,0.2588766461680894,0.45129782895445575,0.2578307971639479,0.3686109500175939,0.400452432859591,0.13027246312817148,0.09843098028617436
TIFA,ENSG00000145365,chr4,112264536,112295904,145,0.4798120065868465,0.41742619201424647,0.17553735225856335,0.48536818941690035,0.22595728192168377,0.500420479298839,0.47423737094550245,0.03987891328193016,0.06606202163526675
ALPK1,ENSG00000073331,chr4,112275508,112452621,993,0.3923429379817492,0.49472914038207433,0.43793424582444856,0.37436172809164486,0.4317141920883689,0.30233440053799293,0.29325637462054355,0.38032623727701914,0.3894042631944685
NEUROG2,ENSG00000178403,chr4,112503515,112526180,111,0.4329141831314568,0.5169945901515418,0.45046821089963046,0.36214037946070293,0.3950812032373094,0.3481417016136931,0.33735171252078416,0.3795857232641903,0.39037571235709934
ZGRF1,ENSG00000138658,chr4,112529332,112646995,449,0.36994263334389355,0.5271816651997728,0.46938187667903625,0.30562745778125894,0.44362257554308404,0.2886378792137859,0.26374114927335146,0.46040615524005835,0.4853028851804927
LARP7,ENSG00000174720,chr4,112627106,112667592,193,0.47302459538490055,0.593690026235239,0.4907310848819725,0.41429505434077396,0.5425689642152255,0.43323062455940603,0.3267244516649361,0.46740830394604227,0.5739144768405121
ANK2,ENSG00000145362,chr4,112808031,113394221,3550,0.42726917262318476,0.5141634665725454,0.4558951438576861,0.385456153900338,0.4308269452797429,0.3353045975416491,0.3225936549624697,0.38657846509098537,0.3992894076701647
CAMK2D,ENSG00000145349,chr4,113408053,113771927,2213,0.3597033344403762,0.41064124870434726,0.3376113094482437,0.3912651368529653,0.37189319063202136,0.28132055797494454,0.28002380867665405,0.24739963738122622,0.24869638667951674
ARSJ,ENSG00000180801,chr4,113890283,113989727,751,0.4595956221770277,0.49504036917744043,0.43412681372583956,0.4784284894183534,0.4419133929489642,0.364664542657901,0.3754722810682974,0.31861224920939424,0.3078045107989978
UGT8,ENSG00000174607,chr4,114588769,114688225,462,0.6168294511493236,0.6765455307835166,0.6786630116704342,0.5892764322453069,0.6686650313409919,0.4763535561380354,0.4569531845748721,0.6523433631161806,0.6717437346793441
NDST4,ENSG00000138653,chr4,114817762,115123876,2253,0.3047362362443081,0.30562100929974007,0.3002015554205956,0.3524412979770123,0.3461559349479049,0.18561921946316812,0.18719840642394742,0.17911815195849679,0.1775389649977175
MTRNR2L13,ENSG00000270394,chr4,116288875,116310320,148,0.528579256230475,0.4714957915873911,0.4452214452214452,0.6610095537773416,0.5287139455963035,0.40026127517761007,0.4835989149352957,0.23744323558817348,0.15410559583048777
TRAM1L1,ENSG00000174599,chr4,117073553,117095576,130,0.28803247479417066,0.442040124693217,0.3427161194705698,0.2900086230621044,0.3253654101949515,0.25177596936847774,0.2661932991442879,0.3316922578702166,0.3172749280944065
NDST3,ENSG00000164100,chr4,118023617,118268634,1398,0.4978527057178892,0.731092210379957,0.7240641438251748,0.5178558666067249,0.7144756839435819,0.35733084482361666,0.39473542096061254,0.9560559028390061,0.9186513267020102
PRSS12,ENSG00000164099,chr4,118270037,118363003,485,0.4084512379982373,0.6273481106530051,0.5911232980509776,0.47098328529689204,0.577060117994175,0.308890049054806,0.3816602927566162,0.6782205185816345,0.6054502748798243
METTL14,ENSG00000145388,chr4,118675391,118725433,92,0.3750507889816895,0.2992373954222248,0.3284568484415225,0.42617550835023915,0.2808641112558461,0.2137469965542714,0.2906564263346833,0.14183910527713042,0.06492967549671852
SEC24D,ENSG00000150961,chr4,118712822,118848683,826,0.3618475486863398,0.3616709922125934,0.29398297944577,0.3209640841505015,0.24006507903929264,0.2749817906521942,0.2807301101485226,0.1739196517184222,0.16817133222209374
SYNPO2,ENSG00000172403,chr4,118840687,119071247,1472,0.44676160470198406,0.4117969800949306,0.4180419021621701,0.45027596080658566,0.354522907707194,0.2906462819134277,0.34562821734129845,0.24003683681532761,0.18505490138745678
MYOZ2,ENSG00000172399,chr4,119125831,119197789,446,0.42468684749145896,0.3674740613859845,0.34689643011934324,0.46359634566091174,0.3366831860149425,0.2924276334479875,0.33519990532905686,0.16560641610692,0.12283414422585054
USP53,ENSG00000145390,chr4,119202586,119305517,484,0.3760436751377263,0.40470976441779355,0.34962528873969295,0.3597992289390807,0.3230272102988598,0.28008725170648485,0.28727772458572753,0.23861894976686193,0.23142847688761922
C4orf3,ENSG00000164096,chr4,119286418,119314445,160,0.27182449565653033,0.3027932800695061,0.25202488244024285,0.26046263513125467,0.25527463567960373,0.1937504712589268,0.18383201538374813,0.16692285566927034,0.176841311544449
FABP2,ENSG00000145384,chr4,119307249,119332138,207,0.22658658177114796,0.26862328205288505,0.25391411722646795,0.15172580727736326,0.1970193669443338,0.13842679760118307,0.12897663868203646,0.17439980834745075,0.18384996726659739
PDE5A,ENSG00000138735,chr4,119484396,119638804,1034,0.5241572475799937,0.5184446692055313,0.4896642617355325,0.46404970807196266,0.40477460366493784,0.40035775640858134,0.4178164371570444,0.33037638455326174,0.3129177038047986
MAD2L1,ENSG00000164109,chr4,120045622,120076858,158,0.4218934100860874,0.4170379723157502,0.38581443432189705,0.43400783270332455,0.41198404561605545,0.3000860354007793,0.28890353439875627,0.23954719196915364,0.2507296929711768
PRDM5,ENSG00000138738,chr4,120674918,120932870,1604,0.3896987029664663,0.4921700432249577,0.4929886249415697,0.403864071192971,0.4395653865403567,0.24609464638050033,0.30792624342646,0.43151397181579054,0.36968237476983073
NDNF,ENSG00000173376,chr4,121025612,121083021,343,0.4344872858322788,0.4974031331047576,0.4493814538846702,0.49817734722739254,0.5207181198756051,0.33063819246627163,0.32100450616008197,0.3573286952195914,0.366962381525781
TNIP3,ENSG00000050730,chr4,121121407,121237466,720,0.3396026458163798,0.29841982029700276,0.2833876889402954,0.258606583998739,0.2614015271170162,0.2180566836761758,0.17532155655598042,0.13636340478528997,0.17909853190548533
QRFPR,ENSG00000186867,chr4,121318641,121391059,564,0.3485965493770693,0.5015433638712709,0.4510667370546569,0.3732937639120704,0.4417317853974622,0.2625431825020557,0.2903001462216201,0.4336954995705931,0.4059385358510289
ANXA5,ENSG00000164111,chr4,121657945,121706995,307,0.44037615801459984,0.8364266894462167,0.738029532948149,0.43609846024198523,0.7151132578826341,0.5257304677438304,0.563853025195926,1.2847635388024874,1.2466409813503918
SMIM43,ENSG00000164112,chr4,121748880,121775427,179,0.3577608536288048,0.31413085056475765,0.2363655908522165,0.3595565185292182,0.22773371285095262,0.2750984149150462,0.2821184798118249,0.10196999879870133,0.09494993390192272
EXOSC9,ENSG00000123737,chr4,121791317,121827021,180,0.38863909933489066,0.4217285876132114,0.305955807648732,0.36844708030490786,0.3153516741537657,0.3372800641132343,0.3142177620772809,0.21043188480732922,0.23349418684328255
CCNA2,ENSG00000145386,chr4,121806443,121833883,119,0.3758895435338927,0.324814135448978,0.29066461103386304,0.31432567648591003,0.24391031634805987,0.26038418230917626,0.24526225075073874,0.13238308881322805,0.1475050203716656
BBS7,ENSG00000138686,chr4,121814328,121880487,236,0.45988995993529164,0.4393099601522513,0.3851010915101791,0.4161208353871528,0.3690122150673786,0.35413601047580323,0.3280897461836123,0.2244510293159211,0.250497293608112
TRPC3,ENSG00000138741,chr4,121864480,121962060,487,0.3845958518311104,0.41990319985193253,0.3207537031968523,0.40010487665801575,0.3648071269895865,0.321632442744992,0.3008670684254009,0.2229278498153897,0.24369322413498085
KIAA1109,ENSG00000138688,chr4,122142330,122372758,1099,0.37545597230761557,0.5287424222668345,0.5277394927680171,0.36828423353401163,0.4905624686547777,0.23642969396204777,0.2686090706410047,0.5159207663167742,0.4837413896378172
ADAD1,ENSG00000164113,chr4,122368965,122439802,350,0.46035105507917273,0.5470226968040725,0.5877762532723024,0.37634655085091406,0.5237331272058753,0.261280354221165,0.2611483840929926,0.5306329038533995,0.5307648739815719
IL2,ENSG00000109471,chr4,122441469,122466725,100,0.5649695379171515,0.6695683858079401,0.5910721469999657,0.5424301509343518,0.5678634951619855,0.5227391214242191,0.5250837652250707,0.5846164358879087,0.5822717920870573
IL21,ENSG00000138684,chr4,122600107,122631066,225,0.4264551226044887,0.4155570516180382,0.3840485812830824,0.3494582467565586,0.3225297487908005,0.3042140099047056,0.28882813512519223,0.2328821004878986,0.24826797526741193
BBS12,ENSG00000181004,chr4,122722701,122754942,183,0.31210531387998175,0.2710303218879314,0.14066560432418307,0.21248990035777263,0.11815171416690916,0.26932275950154694,0.2146334878865373,0.046800382147583974,0.10148965376259358
FGF2,ENSG00000138685,chr4,122816707,122908236,648,0.34509989098392174,0.5332240107772758,0.4850853232576675,0.37949788311357835,0.5382363313694858,0.2607121544426204,0.23321501054065952,0.5011936624193559,0.5286908063213168
NUDT6,ENSG00000170917,chr4,122878696,122932968,384,0.46863684669260075,0.718209035095604,0.6664821514669943,0.5427277472407044,0.6589580922371857,0.400420216430209,0.4866580779613382,0.8661695256865288,0.7799316641553995
SPATA5,ENSG00000145375,chr4,122913069,123329433,2812,0.5385677045559789,0.6507337310569377,0.6162250283593883,0.6154463181165183,0.6262383193585975,0.43382086556435584,0.5117278411013522,0.6180998338515048,0.5401928583145084
SPRY1,ENSG00000164056,chr4,123386794,123413760,133,0.4178038876862507,0.5266601337000224,0.40958732387825747,0.29613237617167676,0.4648364480249634,0.38097800242450924,0.23696185788474206,0.3669636126834722,0.5109797572232393
ANKRD50,ENSG00000151458,chr4,124654047,124722732,370,0.2218120138412723,0.33355358611238006,0.2911752865959108,0.22197331470574458,0.2758184422788647,0.15621784232160163,0.16703842484543038,0.24957769954235376,0.23875711701852492
FAT4,ENSG00000196159,chr4,125304917,125502932,1195,0.6231077366814086,0.701281565345877,0.6678542523313122,0.6132661472843575,0.6585301651816948,0.5409341690253183,0.5418882228514258,0.6673196703548175,0.66636561652871
INTU,ENSG00000164066,chr4,127613270,127736737,531,0.4316366433983287,0.4417506953234515,0.42224017462659696,0.39557971504326134,0.44817306628305853,0.2996734812830578,0.24595715653609584,0.28327615252092503,0.33699247726788695
SLC25A31,ENSG00000151475,chr4,127720399,127784292,269,0.5009641762841884,0.4612527594416515,0.3830765072647891,0.45458140334318,0.38117209872631086,0.4152879463654645,0.3723911997032088,0.20322081314529222,0.2461175598075479
HSPA4L,ENSG00000164070,chr4,127771820,127850733,266,0.4644621214282373,0.49368396114664764,0.5083767995911823,0.43576327724114433,0.4925660491663668,0.2975175849266342,0.28724344680665825,0.38307663702450634,0.3933507751444823
PLK4,ENSG00000142731,chr4,127870892,127909224,142,0.4619332615098324,0.5325384272551071,0.5058045134169195,0.41142996134300486,0.5277939442778052,0.33769334500057685,0.27007882412176176,0.4227447859683323,0.49035930684714746
MFSD8,ENSG00000164073,chr4,127907798,127976034,305,0.4031739557960051,0.5668764037179088,0.6354163575453057,0.4169254755499815,0.6164921726838857,0.17193122957004559,0.20888858666728022,0.6648009203803243,0.6278435632830897
ABHD18,ENSG00000164074,chr4,127955305,128049953,403,0.2815636246228471,0.5067350421644267,0.550557654174677,0.26646102046858555,0.5381979100560685,0.1188196213397576,0.12198224701869276,0.5878891881400009,0.5847265624610658
LARP1B,ENSG00000138709,chr4,128051285,128232931,797,0.4445441226558628,0.5823905134728545,0.5015896049723807,0.39685914188069094,0.44493966177436106,0.38242158637163426,0.3950672931252761,0.49078693952053304,0.4781412327668913
PGRMC2,ENSG00000164040,chr4,128259236,128298829,160,0.45315361822441996,0.4703820704162866,0.3835323739027776,0.3860603634858,0.42079661305094146,0.37771865175774555,0.2886782486088124,0.25788076822051753,0.34692117136945066
JADE1,ENSG00000077684,chr4,128799699,128885224,483,0.471192351339847,0.40807564673434177,0.492649162929156,0.4531403094246268,0.4444410282264223,0.2414772159522965,0.27007946740936617,0.2828992179564527,0.254296966499383
SCLT1,ENSG00000151466,chr4,128854920,129103600,1369,0.49543757804282906,0.4240516727846999,0.33695928733554537,0.46061656589175465,0.32213155234039165,0.4124410822796788,0.3901319362935218,0.139296249726382,0.161605395712539
C4orf33,ENSG00000151470,chr4,129083316,129126640,279,0.5017403029526447,0.5526604580921218,0.4366393964940611,0.48019468251544434,0.3995282037895103,0.4636179383440113,0.4743493461776307,0.34081943279220767,0.3300880249585883
PCDH10,ENSG00000138650,chr4,133139293,133218606,398,0.5298203850796656,0.7381185781379388,0.6691906498305693,0.5747792684284311,0.659863914658627,0.49414545647643093,0.5583004260074731,0.8457180095063559,0.7815630399753136
PABPC4L,ENSG00000254535,chr4,134186332,134211789,124,0.4175580379653053,0.8244782305184989,0.6530261216087809,0.38200072654618117,0.6209087538342267,0.611006077678568,0.6256409252418457,1.1289861234606633,1.114351275897386
PCDH18,ENSG00000189184,chr4,137508917,137542494,191,0.4268773220921666,0.42801845382065756,0.46756255504252114,0.4600059974211842,0.4253267319053221,0.24250708755108052,0.3104460833895778,0.3161414624959122,0.2482024666574149
SLC7A11,ENSG00000151012,chr4,138154096,138252349,559,0.4439979136966021,0.3780889199516469,0.37773584561636847,0.48764988707023216,0.4230814762921578,0.29377539804316233,0.29682549935753133,0.18118275654090027,0.17813265522653127
NOCT,ENSG00000151014,chr4,139005780,139055939,237,0.535246812277421,0.5665854901599583,0.5472340862396479,0.5449783978434217,0.5271065926200689,0.4049647355096011,0.43729291248643903,0.4310959758350696,0.39876779885823166
ELF2,ENSG00000109381,chr4,139018111,139187218,750,0.45850768382714724,0.5108634697314971,0.4162122524626796,0.4567689384982918,0.4421241895926273,0.39516110989743736,0.37085762202033506,0.3199525155766591,0.34425600345376145
MGARP,ENSG00000137463,chr4,139256164,139290225,166,0.2888972093472084,0.33255197007190407,0.26737671229389465,0.2225667922633538,0.2558697084758527,0.21705419790798405,0.18025607906321459,0.1872395516164472,0.22403767046121667
NDUFC1,ENSG00000109390,chr4,139256879,139312551,268,0.2288681708380017,0.27073919761337756,0.26564300232544374,0.26114507220323185,0.2658476941493407,0.13342989848472112,0.1546693863531397,0.18229395885055824,0.16105447098213962
NAA15,ENSG00000164134,chr4,139291504,139430033,642,0.31653816112665173,0.38448259215714853,0.34008468184772944,0.30634098929151815,0.29806376068297646,0.22511637480144195,0.24857706165474108,0.26017567651445184,0.2367149896611527
RAB33B,ENSG00000172007,chr4,139443231,139486609,226,0.2973692510866818,0.3154766858573569,0.23662395831250502,0.31697097369734367,0.21520416536084636,0.2309759137560703,0.2589594092527534,0.14805666097146966,0.12007316547478653
SETD7,ENSG00000145391,chr4,139485940,139616699,758,0.37667454401962497,0.4107501788432036,0.3755427937124052,0.3813940537697141,0.42079058977786604,0.26535952974892585,0.23155032797082126,0.2635455109269083,0.2973547127050129
MGST2,ENSG00000085871,chr4,139655767,139750745,569,0.4275778248254515,0.5225656845327815,0.5062708284021332,0.42196237697799516,0.4389961538715566,0.29571951567312355,0.3547087454049975,0.4436091720813234,0.3846199423494494
MAML3,ENSG00000196782,chr4,139706752,140164184,2926,0.47256703310744286,0.5693960618538454,0.5035857985868388,0.4503871807877018,0.4881924291213135,0.3909777149061954,0.38565059969230764,0.45158883346953843,0.45691594868342617
SCOC,ENSG00000153130,chr4,140247285,140395728,816,0.40131132474003384,0.5320672013077539,0.46093588413833614,0.5010094761780997,0.5053070295911313,0.3272616904532983,0.3753903945024944,0.43216889545952314,0.3840401914103271
CLGN,ENSG00000153132,chr4,140378452,140437661,311,0.44367217810353515,0.5560230750584221,0.47387675477167723,0.6075294686607167,0.5719081797484437,0.37808022616750014,0.4494294698050453,0.43390246258524556,0.3625532189477006
MGAT4D,ENSG00000205301,chr4,140432261,140508377,400,0.3593279844754631,0.38685477079565933,0.3037574553966546,0.4505803632989738,0.4072367877778466,0.286166944567002,0.28254297744802115,0.202986511034336,0.20661047815331685
ELMOD2,ENSG00000179387,chr4,140514167,140563770,171,0.4721207903405324,0.44273929914985627,0.44927677981334985,0.5098002712341934,0.4593981344822407,0.31354348811274074,0.34129613541171594,0.27117861582656555,0.24342596852759035
UCP1,ENSG00000109424,chr4,140549430,140578961,157,0.3428381726084213,0.3406362514306232,0.32216806296338124,0.2966366204954527,0.3231265266368577,0.22372450110266082,0.1890453160068049,0.1927554251416727,0.22743461023752862
TBC1D9,ENSG00000109436,chr4,140610781,140766385,898,0.3910196986203733,0.40346653385382614,0.36242013247698357,0.3621781210358577,0.3431653080812745,0.28125678253359643,0.27299662669823344,0.23536315229965016,0.24362330813501318
RNF150,ENSG00000170153,chr4,140849806,141222877,2697,0.4624750073301667,0.5255399429742613,0.5199453398949975,0.46103413225721185,0.499483944638601,0.31625127964164745,0.33578263834533645,0.42932656391545354,0.4097952052117646
ZNF330,ENSG00000109445,chr4,141210886,141244697,237,0.22768953789859095,0.23360364166257255,0.19527325624270395,0.2182938614619272,0.15488336525075327,0.15358597643211916,0.17202578155213533,0.11246982755206295,0.0940300224320468
IL15,ENSG00000164136,chr4,141626582,141743987,707,0.38399414282851513,0.6354345898755781,0.6279028463928115,0.37872783277837907,0.5167254700839592,0.25247390294546207,0.3789324553360506,0.756575389042978,0.6301168366523894
INPP4B,ENSG00000109452,chr4,142013159,142857432,5261,0.49777499101417577,0.49303924472527294,0.5359821649746018,0.49444673062415057,0.512077434969238,0.3000982144293757,0.32191249335931615,0.3792234697273286,0.3574091907973881
USP38,ENSG00000170185,chr4,143174916,143233874,258,0.39460726578490457,0.3825579523502898,0.3694550891797863,0.4707790038269446,0.38541743300898984,0.26143852665386236,0.3158536212858296,0.22073153819030894,0.16631644355834174
GAB1,ENSG00000109458,chr4,143326761,143484568,745,0.34158383536265513,0.330954270925952,0.30791333527023124,0.31052618901646356,0.31200116477611145,0.22588842609462642,0.19988064893526375,0.1760144407245615,0.20202221788392408
SMARCA5,ENSG00000153147,chr4,143503701,143567486,288,0.4704200880078304,0.6548472378457144,0.5018736103158564,0.3989831571454001,0.539180121495437,0.5012689685477663,0.3990762299039291,0.5624992025520652,0.6646919411959024
FREM3,ENSG00000183090,chr4,143567301,143710675,812,0.4479886873136965,0.6603212657513067,0.5944749731584432,0.4458586654013638,0.5983014648956493,0.3856845287005029,0.37901856557135166,0.6940704786387023,0.7007364417678537
GYPE,ENSG00000197465,chr4,143860863,143915563,0,,,,,,,,,
GYPB,ENSG00000250361,chr4,143986103,144029380,0,,,,,,,,,
GYPA,ENSG00000170180,chr4,144099302,144150751,21,0.328286940708095,0.21725556215752304,0.22130180783479178,0.37152213559441627,0.030675096547116622,0.19637065572983714,0.339124035200874,0.04857836898929843,0.0
RP11-1289C17.2,ENSG00000285713,chr4,144200700,145108174,4574,0.4595111418131221,0.4999533568560094,0.4750112318418251,0.4456602691920185,0.4224021573240966,0.3319783720173622,0.3670770099563311,0.361075526605497,0.32597688866652824
HHIP,ENSG00000164161,chr4,144636155,144755271,654,0.5660869327746563,0.5230438100640908,0.4361113790363096,0.491813368787124,0.3333545830477903,0.501171590320584,0.5058700843587324,0.23915904698931578,0.23446055295116752
ANAPC10,ENSG00000164162,chr4,144821907,145108541,1184,0.3883706036077792,0.45931203468360865,0.4137425565187891,0.4758191058098258,0.49787990083714073,0.2862727096273956,0.285957715105848,0.3286402308131706,0.32895522533471816
ABCE1,ENSG00000164163,chr4,145088287,145139524,196,0.5544391163429137,0.7166724259587696,0.5531681731105978,0.585016483681749,0.635852883587593,0.6319999708424033,0.5652353487554095,0.6291515744433802,0.6959161965303742
OTUD4,ENSG00000164164,chr4,145100837,145190589,321,0.5584134041040995,0.6480044149935922,0.6343915065819229,0.5855859907525147,0.6616023821492122,0.4276627879062782,0.42074636892219586,0.6164738581518532,0.6233902771359356
SMAD1,ENSG00000170365,chr4,145471193,145569176,533,0.35515038312179514,0.2657918036168328,0.20895513098767324,0.4371948290696889,0.19876738508243344,0.25665009868911093,0.33109022088745876,0.05231254559992357,0.0
MMAA,ENSG00000151611,chr4,145589041,145670033,415,0.2850599786097655,0.5023901686534834,0.47762275928471154,0.34213039941920165,0.4564118621126021,0.1920651687253463,0.2535620522930103,0.5058738114978252,0.44437692793016126
C4orf51,ENSG00000237136,chr4,145670145,145781032,702,0.4021608003127821,0.4898768454231338,0.42731283745928045,0.3873818938974005,0.4322713137125902,0.3150604426876124,0.29850249617423696,0.3580426601651671,0.3746006066785426
ZNF827,ENSG00000151612,chr4,145747626,145948823,1047,0.44089199109627075,0.49658063472139036,0.39168045466478746,0.4380523045088153,0.3990245478833986,0.3853446836881447,0.37673851982410417,0.30098704436445334,0.3095932082284939
LSM6,ENSG00000164167,chr4,146165702,146210000,293,0.22390683294114297,0.18891839044972725,0.21000091500159995,0.20200035107453507,0.1842362651995203,0.11357290762091393,0.115701608238708,0.09581369400976447,0.09368499339197042
REELD1,ENSG00000250673,chr4,146204514,146240878,266,0.26835967925255094,0.34155721634475406,0.31523055292986896,0.275206298654113,0.2058157358293784,0.17583541518282514,0.2546530455259489,0.24204223529726818,0.1632246049541444
SLC10A7,ENSG00000120519,chr4,146243974,146531964,1491,0.548991920032199,0.6217683860982852,0.530351120087645,0.44011537797369066,0.49357657014986955,0.5063743161506256,0.4359454713244083,0.46587421966776105,0.5363030644939785
POU4F2,ENSG00000151615,chr4,146628892,146652474,150,0.3257082323980501,0.5170691501014786,0.7276467577307502,0.29503426404796473,0.6252238591591803,0.0,0.04803074665435042,0.8172224009015504,0.6798510568366816
TTC29,ENSG00000137473,chr4,146696616,146955882,1386,0.26467849940251553,0.5063589898773697,0.46568027585494226,0.2934127889776425,0.45159043612651867,0.19331665045819285,0.22626123890590977,0.5126300756671909,0.479685487219474
EDNRA,ENSG00000151617,chr4,147470916,147554954,540,0.35335832526184213,0.3946999691407754,0.3269053996466186,0.30379614580770736,0.2872919165482628,0.2710622973499486,0.2627302150770973,0.23096872775284555,0.23930081002569675
TMEM184C,ENSG00000164168,chr4,147607385,147682044,326,0.7369615477270326,0.7166614359400177,0.7695282096245022,0.7779870507655327,0.7996493901344647,0.564470499777702,0.5792229639850857,0.6966422571704192,0.6818897929630356
PRMT9,ENSG00000164169,chr4,147627784,147694163,280,0.7305785147850017,0.7021896244433391,0.7851235183208062,0.7802788182048732,0.8249624712509126,0.49254233248891777,0.49196966623878247,0.7187559861629907,0.719328652413126
ARHGAP10,ENSG00000071205,chr4,147722062,148082776,2133,0.566158243198184,0.5971477434620537,0.6710213740656422,0.6498454082497396,0.6447182297543039,0.31624916164105676,0.4618609196535729,0.5929362316989193,0.4473244736864034
NR3C2,ENSG00000151623,chr4,148068761,148454698,2303,0.44985013534752916,0.5771280350658479,0.4991247588040148,0.4276951149768795,0.48479342278743004,0.383426078666698,0.3777909525049413,0.4772597504578172,0.4828948766195737
IQCM,ENSG00000234828,chr4,149341708,149906233,2689,0.4012969543488568,0.4109623615569268,0.39799517778319815,0.3616174448049813,0.3665008243524351,0.2673824628349672,0.2607930868228645,0.26188273225698677,0.2684721082690894
DCLK2,ENSG00000170390,chr4,150068444,150267438,1133,0.3911093496500795,0.24501928159960518,0.24175722533468608,0.37199594830902083,0.21841067810966305,0.2502139953259593,0.24992294459626452,0.030849073275790617,0.03114012400548538
LRBA,ENSG00000198589,chr4,150254434,151025727,3057,0.46963065636005047,0.37668012286490327,0.3644430297207315,0.5767740644904052,0.44223207756043464,0.32681176994171174,0.3743661244135605,0.14588367557671778,0.09832932110486914
MAB21L2,ENSG00000181541,chr4,150572150,150594693,77,0.3877143827777755,0.22718669585589743,0.2799957454057259,0.55937575030012,0.39955398137216325,0.20988801671212964,0.2835990267028787,0.04782976401250527,0.0
RPS3A,ENSG00000145425,chr4,151089623,151114642,89,0.5123952858645137,0.2936153468569998,0.4046278456344912,0.6130799110883022,0.47731619784956036,0.2736384846606974,0.32417693435038625,0.07395687071644425,0.0234184210267554
SH3D19,ENSG00000109686,chr4,151092750,151335605,1165,0.43158417061789406,0.3632761263886322,0.42696567607752695,0.5523907926418286,0.5076892027085178,0.22975578450341388,0.27330443446975156,0.22166341230292697,0.1781147623365893
PRSS48,ENSG00000189099,chr4,151267170,151301453,183,0.3160552027078901,0.06583853083853085,0.14031696186141351,0.4655400265493281,0.3722707015558402,0.14839626443173698,0.11447907745916869,0.0,0.0
FAM160A1,ENSG00000164142,chr4,151399175,151680503,1313,0.251530705968781,0.23125497271525772,0.20079574429133068,0.30597754603249466,0.2441444285821655,0.16429115052808468,0.17417096444097457,0.09870477792693902,0.08882496401404918
GATB,ENSG00000059691,chr4,151660503,151771007,596,0.5354927454716715,0.40048932951133354,0.32139134173151346,0.43545789150028585,0.2275363563550336,0.44535447045809046,0.41260573748793905,0.06628703523461665,0.099035768204768
FBXW7,ENSG00000109670,chr4,152310543,152546092,671,0.40901826913604283,0.49832843290719536,0.4891056359248024,0.41426172562379526,0.5240750931657979,0.27209368122458716,0.24109832310386986,0.41771594099908793,0.44871129911980523
TMEM154,ENSG00000170006,chr4,152608627,152690012,502,0.5266630631021898,0.5391363337025173,0.5681770806265221,0.55047507297661,0.5647821109812748,0.3414305673622278,0.3711542535195446,0.4332224470740132,0.4034987609166966
TIGD4,ENSG00000169989,chr4,152759353,152789730,133,0.2779191571577455,0.36892150843933663,0.3513304301372548,0.23673232500211497,0.38336466495762217,0.17655568911511266,0.12349703151319386,0.283769342731209,0.3368280003331277
ARFIP1,ENSG00000164144,chr4,152769936,152928463,823,0.4156162660662886,0.5090115764823236,0.4266560992501417,0.43777289874682457,0.4947722114455216,0.3461312978162199,0.30221912990834604,0.3652034310064215,0.40911559891429533
FHDC1,ENSG00000137460,chr4,152926322,152989671,390,0.5113663803226578,0.543002995250876,0.5402755086249147,0.5079280212746846,0.5595878745880055,0.3610464279448741,0.33608218772460696,0.42203201432400295,0.44699625454427017
TRIM2,ENSG00000109654,chr4,153142162,153349319,1342,0.3316858862070869,0.3922458789081362,0.3294929445320358,0.353031271281099,0.3892605901461099,0.2506304085149597,0.22017864736252485,0.24735447639411778,0.27780623754655265
RP11-559F19.4,ENSG00000288637,chr4,153142434,153425081,1706,0.3355383370789718,0.3784428670861537,0.35369124228157217,0.3466781404754951,0.38298421954603146,0.22391380207826853,0.20917607151467096,0.2516136427222653,0.26635137328586284
MND1,ENSG00000121211,chr4,153334648,153425118,453,0.2527087423109751,0.4024126255104379,0.3479535471507544,0.2473486627598908,0.37401089664762244,0.1892577830818769,0.16529282378071236,0.32559698933032977,0.3495619486314943
TMEM131L,ENSG00000121210,chr4,153456345,153646711,1252,0.3185619353144909,0.36334597350810166,0.3242317947617978,0.2611939733697245,0.3166044216998885,0.22158682996633694,0.18678368219030084,0.22994207051796775,0.2647452182940039
TLR2,ENSG00000137462,chr4,153674069,153716260,260,0.584530994410982,0.6304664925617959,0.5599891739390215,0.5501118257236267,0.6462981268219248,0.5264525873754349,0.3774846006955189,0.469061272141273,0.6180292588211889
RNF175,ENSG00000145428,chr4,153700159,153770024,449,0.4577742807237198,0.5531074128178486,0.464913344603863,0.47325356737815233,0.43235705604162444,0.3960916729419939,0.4401051657056835,0.40934533743420837,0.36533184467051877
SFRP2,ENSG00000145423,chr4,153770590,153799083,167,0.5231836400756363,0.5975977238185004,0.5993948166372034,0.4934636548797025,0.5570028373654908,0.36807396938002246,0.38813514516278064,0.5422290343179221,0.5221678585351639
DCHS2,ENSG00000197410,chr4,154221741,154501799,1917,0.5236732866125631,0.5591572963984441,0.5107321455048566,0.5450531225919162,0.49362674120682487,0.42293662805085086,0.46308027604815893,0.3961305202859109,0.3559868722886028
PLRG1,ENSG00000171566,chr4,154525004,154560400,279,0.26403962804000597,0.3252751307453716,0.27503891278170073,0.27201471261509924,0.29068950068788285,0.18919598904200213,0.183731402202667,0.20425428326376913,0.2097188701031042
FGB,ENSG00000171564,chr4,154553010,154582807,166,0.2776326108167417,0.4042240802010329,0.32133206133060044,0.2876764645845619,0.3431556116731377,0.22774438030741007,0.2184027913990123,0.29014627579679664,0.2994878647051944
FGA,ENSG00000171560,chr4,154573127,154600745,139,0.4797937308566318,0.5252880089675891,0.479099751820961,0.5108956455794612,0.5058326329203156,0.37319007517669794,0.37767269132273973,0.3718569183346101,0.3673743021885683
FGG,ENSG00000171557,chr4,154594133,154622967,123,0.33515859053313746,0.26925136350542905,0.2766292726329927,0.38063179236080574,0.2243315899442382,0.19902953201614357,0.26935546228758056,0.11465620887501596,0.04433027860357894
LRAT,ENSG00000121207,chr4,154616944,154763120,677,0.3372338552252112,0.5761206483915048,0.4566031750670154,0.34165123922120116,0.4545537924939155,0.32986203059703667,0.3350878894520327,0.5284443817378043,0.5232185228828083
RBM46,ENSG00000151962,chr4,154771212,154838813,282,0.29943124202302296,0.48275347041949207,0.383425910877788,0.2776494058220272,0.32865396651541234,0.26576082380047983,0.29300488272054714,0.39347484794437443,0.36623078902430717
NPY2R,ENSG00000185149,chr4,155198635,155227078,230,0.3578306342780027,0.6095478883895606,0.4138419712338943,0.3030755389834918,0.47611898540342784,0.42459364959612,0.32751875515940254,0.5158563011463828,0.6129311955831004
MAP9,ENSG00000164114,chr4,155332657,155386970,376,0.38476973646007034,0.7250170940020395,0.6340639354699059,0.3590786175819709,0.561864190491417,0.3857541821643826,0.4553342359383713,0.9052921610906127,0.835712107316624
GUCY1A1,ENSG00000164116,chr4,155656725,155747059,597,0.3913085058233744,0.40761810099124934,0.3849567496594695,0.40670519734599775,0.4093079019724017,0.2669923909249539,0.25960361808394167,0.2566113614835869,0.2640001343245992
GUCY1B1,ENSG00000061918,chr4,155748991,155817811,382,0.4128726707771461,0.3997756630489589,0.36941433634577314,0.39469787408168944,0.3257532312164772,0.29092954981134656,0.30916012668030163,0.21952224891752886,0.20129167204857384
ASIC5,ENSG00000256394,chr4,155819728,155876277,433,0.5398218889697464,0.7657154876320561,0.6691264545181297,0.6072667497924709,0.689725433793967,0.560670844749427,0.607773005764436,0.8905481926197634,0.8434460316047542
TDO2,ENSG00000151790,chr4,155844737,155930406,650,0.6628710567718626,0.7891129873202266,0.8073979312564559,0.6845706046883459,0.7955245371088125,0.4982967681394366,0.5614729429973425,1.058136005719876,0.9949598308619699
CTSO,ENSG00000256043,chr4,155911579,155963912,378,0.5602539101740397,0.6751968024391553,0.6340665316447882,0.5114205049747699,0.5987766907026684,0.47039493534815346,0.4637758941160137,0.6541408906878853,0.660759931920025
PDGFC,ENSG00000145431,chr4,156750453,156981799,1324,0.3891377925961921,0.3249204139598977,0.33473530226064885,0.36337124118147235,0.24688410419072906,0.23911913952302563,0.2804785641960221,0.15380555029226256,0.11244612561926617
GLRB,ENSG00000109738,chr4,157066124,157182090,737,0.3324213735789801,0.4532370611372648,0.3545369938878346,0.44866389144193275,0.4453442384783018,0.28502533856958234,0.304871502949942,0.3187146160918215,0.2988684517114619
GRIA2,ENSG00000120251,chr4,157194181,157376075,685,0.4747728768331203,0.47234676334848785,0.47914644234158865,0.4411762394430686,0.41823368025919944,0.31547704904607005,0.3397753336331192,0.3238389107498212,0.29954062616277205
GASK1B,ENSG00000164125,chr4,158114473,158183318,362,0.5787437950285913,0.7611342268555213,0.7294055732520596,0.6741094956662083,0.7900266875227254,0.49461670580911465,0.4961362469945033,0.9372367976506826,0.935717256465294
TMEM144,ENSG00000164124,chr4,158191603,158265416,398,0.682218680350229,0.803400157247184,0.7857750814643587,0.6508555345035655,0.7985107070207496,0.6161239416081195,0.5384176683475497,1.010460929494354,1.0881672027549238
RXFP1,ENSG00000171509,chr4,158305310,158663372,1719,0.4211368917894061,0.7937584993529581,0.6712166588305615,0.5309417706884417,0.7526808542491813,0.5065202191486953,0.46933006860344795,1.072187244451804,1.1093773949970513
C4orf46,ENSG00000205208,chr4,158656674,158682255,154,0.6203434327086369,0.8218315596152914,0.914844747667098,0.6363767311068489,0.9276523956171863,0.11511744828272286,0.055194933381881084,1.6099084335654006,1.6698309484662426
ETFDH,ENSG00000171503,chr4,158661967,158720742,329,0.5651003856349991,0.734113792119363,0.790053796367132,0.5974257872612113,0.8275472172340013,0.2982114717458241,0.2384654341098782,1.0264753799052442,1.0862214175411902
PPID,ENSG00000171497,chr4,158699126,158733396,170,0.32910824524431914,0.5212263109370912,0.47747946244671263,0.3846182982483069,0.6380393266841706,0.2432918716807071,0.10291004938978876,0.493235386959372,0.6336172092502903
FNIP2,ENSG00000052795,chr4,158759025,158918050,578,0.3931493879071455,0.7583695446120143,0.7196984878803644,0.42263114116947303,0.6858010959795995,0.32396448220434426,0.40594533456028137,1.0963812815921807,1.0144004292362434
C4orf45,ENSG00000164123,chr4,158883133,159048760,916,0.5035075065765353,0.7422272828802721,0.6768853671812844,0.4746014094211573,0.641348180635339,0.46305790997841445,0.4869359422036057,0.8926191137354182,0.868741081510227
RAPGEF2,ENSG00000109756,chr4,159093012,159370174,1642,0.3690291983913065,0.49412503466227753,0.3850333238026301,0.41578933723159117,0.4488229527851795,0.32788711866592624,0.3116300899769644,0.35357862563963505,0.36983565432859683
FSTL5,ENSG00000168843,chr4,161373896,162174004,5204,0.45687047911975853,0.5234149716341499,0.48219794380456615,0.46789665124482144,0.4884135525054032,0.34667717337197845,0.35089398604799976,0.39443195485510524,0.390215142179084
NAF1,ENSG00000145414,chr4,163100072,163176890,364,0.5906850934782758,0.47696804206016225,0.5349291308728937,0.4755122559353182,0.45804252915185006,0.387908855025596,0.34043909117860727,0.2602038567109647,0.3076736205579535
NPY1R,ENSG00000164128,chr4,163313961,163354832,226,0.5369241790540502,0.37885732958630153,0.4896211953927959,0.5592177520905143,0.4416438570443205,0.2867284418708384,0.3563202518198778,0.18946603854747773,0.11987422859843833
NPY5R,ENSG00000164129,chr4,163333891,163361934,178,0.49296919628446145,0.49353475768281463,0.4904516752690517,0.4684657395433956,0.545408002724142,0.34262625892870907,0.2619661163262094,0.3376733219825813,0.418333464585081
TKTL2,ENSG00000151005,chr4,163461094,163483754,123,0.23213479766084594,0.5009128973895063,0.4549917585325652,0.2565894413513981,0.45195190941698593,0.17608068034312385,0.19504461141066348,0.5188939637906822,0.49993003272314257
TMA16,ENSG00000198498,chr4,163484441,163530539,268,0.2977211422337175,0.6136079902992194,0.5095805952312892,0.34406023802177027,0.43642288992885925,0.29591662517872275,0.39956903131305177,0.654986230507069,0.5513338243727399
MARCHF1,ENSG00000145416,chr4,163514297,164394050,5528,0.4768507506908843,0.5225602554517706,0.502458964547129,0.48805188081788187,0.48729454060530825,0.3445642790444898,0.3703977766618936,0.3947530374072099,0.3689195397898061
SMIM31,ENSG00000248771,chr4,164744063,164813795,628,0.3148934464689662,0.32911134655880175,0.29021484055583563,0.3638105196108273,0.30611255636270257,0.21727002507408583,0.24298270764189,0.181882071926408,0.1561693893586038
APELA,ENSG00000248329,chr4,164867177,164908965,141,0.29097583896864365,0.3370889431405251,0.29460685163516365,0.2281709444911568,0.29346546854779576,0.2029900757049515,0.1613617166241191,0.20812437464039277,0.24975273372122514
TRIM61,ENSG00000183439,chr4,164944445,164987668,0,,,,,,,,,
TRIM60,ENSG00000176979,chr4,165006457,165051749,91,0.18868789048315496,0.17514335890998664,0.23518118034535948,0.13278703632491662,0.2159024147426845,0.06676590974555799,0.045897290128856974,0.12577976637711297,0.14664838599381397
TRIM75P,ENSG00000250374,chr4,165043863,165070554,189,0.3057415797274366,0.27464496450732284,0.2844415449847135,0.29508031281536956,0.2890893954530318,0.17565653947883986,0.1647784261632279,0.14543750038672718,0.15631561370233918
TMEM192,ENSG00000170088,chr4,165060607,165218549,930,0.3616443537480197,0.38536451333792837,0.3426819573992718,0.378807651016276,0.3796265152636323,0.25799915433480153,0.24270340411451655,0.22872673717415176,0.2440224873944368
KLHL2,ENSG00000109466,chr4,165197560,165333156,342,0.2273618685109017,0.18460199947201086,0.10117691390811763,0.19562308101762912,0.11595289750244468,0.1776771812009625,0.1492606606469873,0.02640175953541607,0.0548182800893913
GK3P,ENSG00000229894,chr4,165267811,165289679,54,0.22798093923087184,0.2137614795619436,0.0,0.15524544277779123,0.11616511680352336,0.24962055530876398,0.14285960630475744,0.0,0.09763546516606478
MSMO1,ENSG00000052802,chr4,165317666,165353164,258,0.31908005661711364,0.4722198841573203,0.39765320412722094,0.30039900562353683,0.37448994720422424,0.2582320699021413,0.2635663830910495,0.3808434593796318,0.3755091461907236
CPE,ENSG00000109472,chr4,165351193,165508547,1309,0.2692311437149069,0.2771258294482728,0.20441429261447208,0.26825272035908937,0.20904355824518622,0.20475074225218765,0.20116390045696353,0.1197693676819647,0.12335620947718878
TLL1,ENSG00000038295,chr4,165863236,166114457,2018,0.38790278010343404,0.3871732690545076,0.37402460336307736,0.3970414514107773,0.3546504750909146,0.2560464912035727,0.2788083286141339,0.2336265493089482,0.2108647118983869
SPOCK3,ENSG00000196104,chr4,166723383,167244796,2727,0.3731977816422375,0.4621817656580052,0.43145753267768905,0.35025218567570077,0.43816402795512227,0.26133979584463135,0.23743013162442111,0.3588948344442807,0.3828044986644909
ANXA10,ENSG00000109511,chr4,168082536,168197736,645,0.40263326404529387,0.329047444683586,0.29024198984132477,0.4194989853643155,0.33975548091896723,0.2857248551220085,0.2638877764002348,0.1133319968154376,0.1351690755372113
DDX60,ENSG00000137628,chr4,168206290,168328883,591,0.2928651511805167,0.3483865049171784,0.28226440040543016,0.264166679286339,0.33434780300831846,0.22159178289027076,0.1640336862582244,0.20671190889270954,0.26427000552475594
DDX60L,ENSG00000181381,chr4,168346734,168547786,1155,0.39390077737324986,0.5020902946399375,0.4762097635124749,0.4181410183779977,0.4918218606820817,0.2756920593445671,0.28097023411944705,0.4216444735904121,0.41636629881553217
PALLD,ENSG00000129116,chr4,168487051,168938457,3087,0.3750566081567831,0.5468351378675925,0.4815005535738632,0.3935249989955393,0.48712531950453986,0.3023885865402507,0.3119336521795339,0.4891106990996672,0.479565633460384
CBR4,ENSG00000145439,chr4,168853769,169020275,928,0.5464600548258959,0.8611056400627229,0.8033681859688423,0.5967088257393744,0.8337853390812268,0.5691456516689284,0.5438314542275577,1.4048959835805133,1.4302101810218835
SH3RF1,ENSG00000154447,chr4,169084258,169280956,1073,0.4112469483020205,0.5240262369310151,0.49188540238952666,0.3779209248909796,0.452112082503387,0.29754636259485656,0.3076980333634455,0.44484618327797454,0.4346945125093856
NEK1,ENSG00000137601,chr4,169382808,169622627,1149,0.42874266404188127,0.6022549091201985,0.5938653479495987,0.4200201673901749,0.5640021949881106,0.2903944649564884,0.3182939157261631,0.6315494891094331,0.6036500383397585
CLCN3,ENSG00000109572,chr4,169602632,169733673,702,0.5126077523772633,0.7349691379775705,0.7161394478333001,0.5211498671759447,0.6742470879445007,0.39366143395119224,0.47133024073601626,0.9342475653637174,0.8565787585788935
HPF1,ENSG00000056050,chr4,169719469,169767944,209,0.5349501176431918,0.8355950551370083,0.8051737743755751,0.6474360726444222,0.7536434632483737,0.46769302772989996,0.7234852908036565,1.3377296908404568,1.0819374277667002
MFAP3L,ENSG00000198948,chr4,169976596,170043031,435,0.24282674484588299,0.6349403616611895,0.5686244990512785,0.2596806013964592,0.5829220605958155,0.22254069537154364,0.21694297130310952,0.7851538506661668,0.790751574734601
AADAT,ENSG00000109576,chr4,170050221,170101699,266,0.3526630223778035,0.6295216431155776,0.5765198180000253,0.3123614919571793,0.5907930108379461,0.284299989652194,0.236959045210397,0.7086602622665518,0.7560012067083487
GALNTL6,ENSG00000174473,chr4,171802253,173051559,7885,0.5215824067453741,0.5367827928248906,0.5405605130412175,0.5289755734683844,0.5090523334367859,0.36454123383304965,0.4054933939825286,0.4050179711020741,0.36406581095259527
GALNT7,ENSG00000109586,chr4,173158810,173333967,1069,0.4399423156315237,0.3362897548612471,0.32548626962314636,0.42590151964956996,0.2750722081851528,0.2979309240713224,0.3215903523944593,0.11197867847796561,0.08831925015482861
HMGB2,ENSG00000164104,chr4,173321375,173344432,132,0.27895486608431486,0.20151681187536225,0.22735911860513572,0.3828488241351151,0.24475404416407365,0.14707699718762324,0.21348540994195495,0.07796436868214687,0.011555955927815165
SAP30,ENSG00000164105,chr4,173359968,173387532,141,0.7444991231114925,0.6716940637968529,0.7291473824143329,0.8244130532896812,0.7506790448292316,0.5860791788515867,0.7322080364787256,0.5277301941442354,0.3816013365170964
SCRG1,ENSG00000164106,chr4,173374700,173416380,211,0.6635848635675825,0.6430288569136428,0.6625570645967702,0.6748862613263162,0.6522200789282745,0.5165754127319747,0.5487475574547271,0.5135249194284565,0.48135277470570415
HAND2,ENSG00000164107,chr4,173514968,173540229,164,0.4062439266906013,0.47144362525835215,0.4085302199099794,0.41457568641570897,0.33872052019736626,0.3168739089092578,0.3797227337305482,0.32073190111994987,0.2578830762986594
FBXO8,ENSG00000164117,chr4,174226657,174293667,337,0.18902198487683902,0.2382347950546283,0.1974800317927737,0.3277209793553541,0.2363620482680012,0.13081634628712083,0.19976861440495375,0.1413005544831207,0.07234828636528778
CEP44,ENSG00000164118,chr4,174273729,174343380,315,0.3088778823545162,0.3630596938520219,0.23369782881827944,0.4257059878911814,0.3040998048123263,0.27716968794729835,0.32157205482442985,0.17390965076750944,0.12950728389037802
HPGD,ENSG00000164120,chr4,174480174,174533154,328,0.30947351294023356,0.24553568020631855,0.2231381344220608,0.3578624069573757,0.3307274467313733,0.19977775789274727,0.16156803640225045,0.08196953386889674,0.12017925535939358
GLRA3,ENSG00000145451,chr4,174626919,174839247,1553,0.4331510473227183,0.47517272860847865,0.42347076472735684,0.4526319182193048,0.4411503928019613,0.33080962831989846,0.33272249460761716,0.3138764490785428,0.3119635827908241
ADAM29,ENSG00000168594,chr4,174819667,174988180,1410,0.3440906402718389,0.4887434412943816,0.371777813944432,0.3668121225552361,0.4127463537489363,0.31387751901967953,0.29778669628682336,0.3570062239236881,0.37309704665654436
GPM6A,ENSG00000150625,chr4,175622933,176012664,2588,0.4208744195692625,0.5505989574039534,0.5379402540665879,0.48572808336320095,0.5294296822494419,0.28700722809600393,0.35551642704690856,0.512832371164194,0.44432317221328926
WDR17,ENSG00000150627,chr4,176055840,176192818,844,0.3180035737828005,0.42097762554768386,0.3637550134251901,0.32640364667097455,0.36125747560022015,0.23848671469777483,0.24664227382186,0.3079274441897498,0.29977188506566466
SPATA4,ENSG00000150628,chr4,176174578,176205585,196,0.42941216122570386,0.45070584008523473,0.34391361124213765,0.4199894217480005,0.41521506466440994,0.36937325775416807,0.3036594882761911,0.22974791280417212,0.2954616822821489
ASB5,ENSG00000164122,chr4,176203672,176287571,604,0.4113801079402678,0.3991148239086601,0.3421168147462666,0.4358212123949588,0.3087936849042476,0.310299086117788,0.35620928538198354,0.19905233133893246,0.15314213207473693
SPCS3,ENSG00000129128,chr4,176309965,176342245,278,0.2914429858537075,0.31352910985945154,0.2456070712330571,0.2620411156740411,0.2828688018665841,0.21943714420055085,0.17378107656340078,0.1567543137638676,0.20241038140101764
VEGFC,ENSG00000150630,chr4,176673537,176802922,784,0.659156160160282,0.7802072350753881,0.7825616964078512,0.6497199702773896,0.7559200055717206,0.5327804390597151,0.5769166261289983,0.9822897151251845,0.9381535280559012
NEIL3,ENSG00000109674,chr4,177299873,177372936,480,0.32610828937257785,0.3228988042331804,0.2314015173137789,0.38092591699506095,0.3010049908016247,0.2607169066014613,0.2556765977478778,0.129217633878496,0.1342579427320795
AGA,ENSG00000038002,chr4,177420773,177452437,209,0.43288981059923193,0.44282545889448016,0.3992536692032238,0.44547571293881405,0.4610404043117886,0.32124793668272233,0.2782033648031608,0.26362879220301766,0.3066733640825792
TENM3,ENSG00000218336,chr4,182133986,182813024,4498,0.41494275075135334,0.4957402208915264,0.500685345150339,0.4209124450711327,0.49323430534902757,0.26309523621083564,0.2756293906857311,0.42156847275175496,0.4090343182768595
DCTD,ENSG00000129187,chr4,182880059,182927936,370,0.2628475345486577,0.2902907214079823,0.23594986662177098,0.27699004274429184,0.22945756380751928,0.18936926116464542,0.20328579739461192,0.15353059840834637,0.13961406217837988
WWC2,ENSG00000151718,chr4,183089256,183330777,1357,0.6418181360120621,0.6034087511016522,0.5535253495411298,0.664511445079694,0.575339846029698,0.5725954479434917,0.5802752487236562,0.3522536805056514,0.3445738797254868
CLDN22,ENSG00000177300,chr4,183308099,183330276,137,0.4442051598824353,0.45751362996775125,0.44662528168486443,0.4197990362886894,0.42467467504983375,0.3036142333536908,0.30157672444403233,0.30797808489397216,0.3100155938036308
CLDN24,ENSG00000185758,chr4,183311763,183332426,133,0.5090232788951106,0.5146635330740105,0.4282000156092316,0.4968518707380666,0.4061028908430309,0.4376527097235402,0.44436717573378054,0.2852601726126437,0.2785457066024033
CDKN2AIP,ENSG00000168564,chr4,183434634,183459064,226,0.33928396605340655,0.6056660766826477,0.44465995265491454,0.5046578558900201,0.4577188742390851,0.3784068423496156,0.5105465163408047,0.5521503651677788,0.4200106911765897
ING2,ENSG00000168556,chr4,183495057,183522429,120,0.517737536081051,0.470383218571138,0.579650315970005,0.5159150159929091,0.532289443188254,0.24910001848581104,0.30059537300748845,0.3865015693875171,0.3350062148658397
RWDD4,ENSG00000182552,chr4,183629634,183669203,267,0.3581878079633709,0.3478370813943573,0.2744055727882689,0.28536564548562154,0.2773673447257512,0.2750781832527553,0.21929543127763068,0.15238268985429887,0.20816544182942348
TRAPPC11,ENSG00000168538,chr4,183649266,183723594,591,0.33439933775451725,0.32667545351698174,0.2501561787281526,0.32823261186545777,0.23529316363305097,0.2573514445963617,0.2625541175353606,0.13817638252147937,0.1329737095824805
STOX2,ENSG00000173320,chr4,183787691,184033526,1888,0.47479420037148445,0.4813431047340791,0.5219954070136584,0.5000170410364144,0.47078271790627974,0.2811714293409557,0.3566688877537973,0.37534127321001115,0.2998438147971694
ENPP6,ENSG00000164303,chr4,184078705,184231230,1225,0.49263246405779865,0.5484026268241458,0.48060213536771684,0.5147746499972169,0.5069377656815586,0.4091993937523255,0.4054931216187231,0.3857648696765931,0.3894711418101956
IRF2,ENSG00000168310,chr4,184377728,184484550,791,0.43278847282467137,0.5121580326224796,0.4709584216623212,0.42261989017563983,0.43869760169295763,0.3240492458601011,0.3447613694100427,0.3937145170566704,0.3730023935067287
CASP3,ENSG00000164305,chr4,184617695,184659509,175,0.5032648347971946,0.6349207326726128,0.5641223053693412,0.5558432071409571,0.5778086573428769,0.4384727240174922,0.47846088547277105,0.5691680542003444,0.5291798927450656
PRIMPOL,ENSG00000164306,chr4,184639666,184704963,526,0.45255858993231285,0.6127177990230191,0.6231226024329852,0.4354054290991581,0.5960278144493159,0.2876330684875606,0.30691988910173545,0.6609685817121187,0.6416817610979437
CENPU,ENSG00000151725,chr4,184684084,184744130,580,0.36177371775640427,0.5826265015303266,0.5637483419748199,0.3302769121500547,0.5243248088500827,0.2466500787981088,0.2658223514110609,0.6271236994836178,0.6079514268706658
ACSL1,ENSG00000151726,chr4,184745594,184836818,667,0.44798877435393336,0.5720210687134694,0.5204195986193896,0.4693573534021286,0.5200889998958832,0.3540122429999681,0.37409658403770607,0.4946690675780597,0.47458472654032163
HELT,ENSG00000187821,chr4,185008840,185030804,169,0.3889706917143499,0.4965520124364786,0.4508087079181251,0.33858373013604726,0.4014269913169102,0.2897883831458162,0.2932199891040151,0.39648649077433107,0.393054884816132
SLC25A4,ENSG00000151729,chr4,185133265,185160382,179,0.3832969049379165,0.47500335475935934,0.43409416069052065,0.3781618993779133,0.411592507370203,0.27920170420755624,0.294551679255388,0.3651617022212005,0.3498117271733688
CFAP97,ENSG00000164323,chr4,185149664,185219504,482,0.3767330421572087,0.40358412419052775,0.32063331287469726,0.38123099062026716,0.2622759455079799,0.3015015840095316,0.3463274430912332,0.2153154930374653,0.17048963395576364
SNX25,ENSG00000109762,chr4,185194236,185380185,1155,0.3507742135619352,0.3273677509436931,0.2782815735070835,0.31404395548573616,0.250254555704901,0.2512055253030633,0.242738362329539,0.14535100866488912,0.15381817163841333
LRP2BP,ENSG00000109771,chr4,185353871,185405924,299,0.4117243609285551,0.7501705071378948,0.7528991007976937,0.3789911406872135,0.7041483032619901,0.259788881189544,0.32274478927922245,1.127187741169204,1.0642318330795257
ANKRD37,ENSG00000186352,chr4,185386020,185410628,157,0.567373453454965,0.865382447506418,0.8492514087361498,0.5675759992806861,0.836997314492422,0.475528039694343,0.5148387757721962,1.529789425723405,1.490478689645552
UFSP2,ENSG00000109775,chr4,185389536,185435979,280,0.6128553656525149,0.9109358183622713,0.8616280732970014,0.5713677530783532,0.8320668081405733,0.6947724263223496,0.7406824709747866,1.7236256008286452,1.6777155561762083
C4orf47,ENSG00000205129,chr4,185416248,185459826,274,0.5473488617048896,0.80431061325747,0.7986787703501804,0.5324454782434145,0.7785462016688163,0.41050335675218663,0.44196232732057705,1.2207232815799434,1.1892643110115528
CCDC110,ENSG00000168491,chr4,185435181,185481752,365,0.4879391698793107,0.6837539866656812,0.6841833541242442,0.4946157212322406,0.6955308740080672,0.33397661444044047,0.32224272332873327,0.8172582306369136,0.8289921217486206
PDLIM3,ENSG00000154553,chr4,185490659,185545507,387,0.5497930135186309,0.8386218628937175,0.8406025755205595,0.6100727253438292,0.8465872704054862,0.3928490759065735,0.4455883060810789,1.43115591424468,1.3784166840701748
SORBS2,ENSG00000154556,chr4,185575443,185966652,3272,0.4383615512405833,0.5370087350099965,0.47962851567407794,0.4253641543690988,0.46149522870433457,0.34686586369006134,0.3525534599318883,0.4231812274961123,0.4174936312542854
TLR3,ENSG00000164342,chr4,186059154,186098073,342,0.4877668117966352,0.4785959166605997,0.44196543258309023,0.4543764881901874,0.403014943869641,0.36843544409775825,0.370596414200235,0.2827945019246572,0.2806335318221805
FAM149A,ENSG00000109794,chr4,186094418,186182667,672,0.48539543542790475,0.594463635250311,0.525820473415692,0.5150219203451016,0.5384592401701742,0.4103659793842493,0.42650570384801073,0.49217875127247424,0.47603902680871274
CYP4V2,ENSG00000145476,chr4,186181566,186223463,331,0.3540890053629869,0.41000543260318545,0.2944189011831478,0.39963820864671673,0.3157363168281981,0.30800097588948894,0.3292264179468006,0.21964097403728436,0.19841553197997264
KLKB1,ENSG00000164344,chr4,186198978,186268471,444,0.3829736588051306,0.42397775487838796,0.372593036681094,0.4708349537784115,0.35988503674704936,0.28414633902358416,0.3709782047492244,0.2674626600055961,0.18063079427995582
F11,ENSG00000088926,chr4,186256188,186299681,268,0.3170749725110472,0.4187171785283721,0.34537856348072654,0.3094912901700997,0.4189675266560793,0.2500949407683599,0.1849479587518923,0.2924229158584528,0.3575698978749204
RP11-215A19.2,ENSG00000272297,chr4,186416545,186565328,1141,0.389614047443846,0.44805355804415087,0.47398571086273683,0.38075964520972305,0.4118519581117431,0.22277058734187805,0.2713947291830077,0.37153367551273886,0.32290953367160913
MTNR1A,ENSG00000168412,chr4,186523654,186565567,316,0.5172201377350152,0.5454460526644853,0.6040341045659368,0.5349873562186785,0.6157412145997087,0.29510299162808523,0.2988451630870428,0.4933356847725989,0.48959351331364137
FAT1,ENSG00000083857,chr4,186577793,186736722,1074,0.40286010989113313,0.38573473389610824,0.30745145760975384,0.37964631249012804,0.3164872902423566,0.31777766991649337,0.2921419433182957,0.16955074473120285,0.19518647132940053
ZFP42,ENSG00000179059,chr4,187985770,188015046,0,,,,,,,,,
TRIML2,ENSG00000179046,chr4,188081271,188119603,416,0.3606132418096673,0.4306983946480203,0.2929928581260315,0.39009521563768995,0.36395418625120834,0.33193808199841923,0.3026563321632827,0.23140684116067722,0.2606885909958138
TRIML1,ENSG00000184108,chr4,188129440,188157743,209,0.18450224093349557,0.15626805321720577,0.1673764535256164,0.3366398664659281,0.2324242225840911,0.09535168715780887,0.15791980512999096,0.07456874627207226,0.012000628299890181
FRG1,ENSG00000109536,chr4,189930869,189973202,0,,,,,,,,,
FRG2,ENSG00000205097,chr4,190014366,190037257,0,,,,,,,,,
DUX4,ENSG00000260596,chr4,190163773,190195942,0,,,,,,,,,
