gene_name,gene_id,chrom,start,end,n_snps,fst_afr_sas,fst_afr_mel,fst_mel_sas,fst_afr_eur,fst_eur_mel,pbs1_african,pbs2_african,pbs3_melanesian,pbs4_melanesian
DEFB125,ENSG00000178591,chr20,77249,107094,41,0.5392860781040872,0.40664265392947563,0.4485688060394036,0.5216660748871504,0.41526300098753466,0.3508491165330256,0.36140577469422225,0.1711093377446371,0.16055267958344038
DEFB126,ENSG00000125788,chr20,132589,155751,129,0.46228087505135335,0.7845358785893753,0.7383317135473784,0.44292369119416,0.7045430403033578,0.4073510706924405,0.45039090842554586,1.127609802580788,1.0845699648476823
DEFB127,ENSG00000088782,chr20,147453,169163,182,0.46456897602299196,0.8021734875415799,0.7480475360874876,0.49754600759006046,0.7492402541187025,0.43326659585187854,0.4626780233713037,1.1870982362280085,1.1576868087085834
DEFB128,ENSG00000185982,chr20,177852,199711,14,0.1919141948220146,0.5963792048929665,0.6471837890837782,0.11971044644867936,0.592553600245908,0.0392792463774152,0.06846898299251397,0.8680002214014626,0.8388104847863638
DEFB129,ENSG00000125903,chr20,217257,239886,191,0.28405267754724606,0.3880033632664042,0.39883215892127644,0.30821689051000356,0.42442804415201585,0.1581480324929717,0.15356013167452842,0.3328804595252799,0.3374683603437233
DEFB132,ENSG00000186458,chr20,247723,271096,229,0.3393586082020962,0.7476888198751054,0.6722363257028638,0.39847624797830444,0.616632011224982,0.3380868930609007,0.4633107114901095,1.0390052184343888,0.91378140000518
C20orf96,ENSG00000196476,chr20,260862,300778,375,0.3208979729320995,0.5180396596244703,0.4256579294064738,0.30221632152066935,0.3676737414002903,0.2811736166322988,0.315694902046128,0.4487198330631053,0.4141985476492762
ZCCHC3,ENSG00000247315,chr20,287569,310321,180,0.41551641634232567,0.5717489268182472,0.4365220558601187,0.47213714027190107,0.44860317985497566,0.4057225666507551,0.4458319264514789,0.4423230691600583,0.4022137093593347
SOX12,ENSG00000177732,chr20,315551,340224,169,0.19465304898529837,0.3368211712136946,0.24494832046309784,0.2760537768672187,0.23350469903461235,0.17311180774890225,0.2339110270442367,0.23759879074089535,0.17679957144556097
NRSN2,ENSG00000125841,chr20,336781,369660,81,0.21371588048387244,0.6686308223298819,0.5999588806014176,0.24628004143711332,0.7112039883733228,0.2143856613694285,0.07261094511542454,0.890136523372534,1.0319112396265377
TRIB3,ENSG00000101255,chr20,352834,407559,106,0.4309244044689675,0.47381962232377905,0.3943375791198636,0.4307567342123125,0.505844417573559,0.35221034458354056,0.250326869288156,0.28990085710683294,0.3917843324022175
RBCK1,ENSG00000125826,chr20,397497,442139,332,0.32151638944108524,0.4579010450577183,0.4400465589524504,0.42613104910082533,0.42607558578246646,0.2101500181095547,0.30620168194920955,0.4021567024032383,0.3061050385635834
TBC1D20,ENSG00000125875,chr20,413595,472566,400,0.3345300110377962,0.5048607028150293,0.38734720474216644,0.3953606339450306,0.465353442807809,0.3101104895781367,0.28994492211382505,0.3928056579687561,0.4129712254330678
CSNK2A1,ENSG00000101266,chr20,462497,553835,491,0.4186768247447232,0.43203983094003556,0.4032810579874192,0.3636329776861144,0.4401908762997973,0.2959216821824009,0.21876219335074398,0.26978230543187887,0.3469417942635358
TCF15,ENSG00000125878,chr20,594256,620309,171,0.4382693150583795,0.5954961838405385,0.5250255544803359,0.4004329887909229,0.4790156319379698,0.3686662925992929,0.3823031995652035,0.5364278156656073,0.5227909086996968
SRXN1,ENSG00000271303,chr20,636614,663200,165,0.2885934128558749,0.4625357759021827,0.4216965157297356,0.30191111264122733,0.3129772941658489,0.2068738761501766,0.302456991476831,0.41401920486335964,0.3184360895367053
RP5-850E9.3,ENSG00000270299,chr20,636625,685800,327,0.3028149782441055,0.3832641996825495,0.33083930696305314,0.2993721777153189,0.2809498514840752,0.2211439736966928,0.2546344140293833,0.2621705735419927,0.22868013320930217
SCRT2,ENSG00000215397,chr20,651595,685802,231,0.2885753963088669,0.3627118405923693,0.2335287934505479,0.2494804634982616,0.2886115923568412,0.26253052255002707,0.1984931191708546,0.18800283359148748,0.25204023697066
SLC52A3,ENSG00000101276,chr20,750079,786015,156,0.3481654079816607,0.2913472065671417,0.28452440500497733,0.3338242295853796,0.30755271724785177,0.21877311917240477,0.19153406969109954,0.12561646629693404,0.15285551577823933
FAM110A,ENSG00000125898,chr20,823714,867463,89,0.5354998863993847,0.5302169975139606,0.3848149350110337,0.5452362045029026,0.5074464238133303,0.5182228630663162,0.4176547365908455,0.23726152466473294,0.33782965114020336
ANGPT4,ENSG00000101280,chr20,859899,926334,575,0.3116914738572026,0.3876376697972987,0.35775168738512925,0.32224010847738277,0.39600938161186905,0.21058448047571837,0.18759835563358446,0.2798466483674261,0.30283277320956
RSPO4,ENSG00000101282,chr20,948451,1012311,484,0.3036695669181978,0.3163931617791491,0.27570675172673953,0.31837736288202173,0.292259243748711,0.2098721830632575,0.20898700049843247,0.170500141478718,0.171385324043543
PSMF1,ENSG00000125818,chr20,1103239,1199415,0,,,,,,,,,
TMEM74B,ENSG00000125895,chr20,1170560,1195415,151,0.3616938820489198,0.4269878093537668,0.3941537115373815,0.35653835410272855,0.32123800112930556,0.2523283074442418,0.3051282067154233,0.3045199799251518,0.2517200806539702
C20orf202,ENSG00000215595,chr20,1193453,1218279,164,0.19195776399554104,0.6052556125648311,0.48825302607570553,0.22401366848871157,0.5078757314737161,0.23636641293295513,0.23705660044004428,0.6931504310381454,0.6924602435310563
RAD21L1,ENSG00000244588,chr20,1216043,1306421,425,0.3768442752409841,0.4269854004623832,0.3561117472950522,0.4124749441894441,0.3800237623038467,0.2947864134172977,0.3053031705898986,0.26205767005144653,0.2515409128788458
SNPH,ENSG00000101298,chr20,1256279,1319328,377,0.47080754953232823,0.5073343451890066,0.4629645488349811,0.4973686514272537,0.47687254088729913,0.36131823158521464,0.37394633302633595,0.34660628839324287,0.3339781869521215
SDCBP2,ENSG00000125775,chr20,1299908,1339139,263,0.43036708264269313,0.5592394461237191,0.5432463111895178,0.4226501932659411,0.5150520668059269,0.2992028177154387,0.32242335500426816,0.5200506950087409,0.4968301577199115
RP11-314N13.10,ENSG00000274322,chr20,1307570,1403096,646,0.4027828890634122,0.5502500026408198,0.5238925275722908,0.3861455043783143,0.5071049421027091,0.2862131529947729,0.2898008884263981,0.5128502590284723,0.5092625235968471
FKBP1A,ENSG00000088832,chr20,1358976,1403164,297,0.3009610392128149,0.5405237536248778,0.4733712661903581,0.31942442941993504,0.5177024789397318,0.24722868240035034,0.2166451763916727,0.5304393506268826,0.5610228566355604
NSFL1C,ENSG00000088833,chr20,1432161,1483842,0,,,,,,,,,
SIRPB2,ENSG00000196209,chr20,1460740,1501587,0,,,,,,,,,
SIRPD,ENSG00000125900,chr20,1524250,1567705,183,0.4460588237298224,0.7252180814435276,0.5174221981514323,0.48469683430776955,0.4482619206051061,0.5769305866992833,0.6800477802317982,0.7148469326567124,0.6117297391241975
RP4-576H24.4,ENSG00000260861,chr20,1530143,1630009,149,0.4490698695753146,0.6087320781899095,0.4490330166498396,0.5045530199607958,0.5306082397633766,0.46921481079543964,0.4421700579895431,0.4691479208380597,0.4961926736439563
SIRPB1,ENSG00000101307,chr20,1551384,1630061,3,0.0,,,0.0,,,,,
SIRPG,ENSG00000089012,chr20,1619151,1667779,0,,,,,,,,,
SIRPA,ENSG00000198053,chr20,1884166,1950592,532,0.321686952874808,0.3287351244845926,0.3219217062142603,0.2834430880433747,0.2731102006682844,0.1991226642589109,0.20645434057528325,0.19946880822889315,0.1921371319125208
PDYN,ENSG00000101327,chr20,1968756,2004285,308,0.31703773153001635,0.48787451473629456,0.46631683417910713,0.1826569880220249,0.49749872684136354,0.21127416089240975,0.0913624595462505,0.4579114346738018,0.5778231360199609
STK35,ENSG00000125834,chr20,2091826,2187038,716,0.36259279231138525,0.6066897649934577,0.5120721579868703,0.31722010946941054,0.5479395466083419,0.33295769839804956,0.26039997739849075,0.6001988780764795,0.6727565990760384
RP4-816K17.2,ENSG00000286022,chr20,2197327,2351059,1063,0.48776583473951307,0.5746178304543159,0.5240089668069275,0.4874904663325929,0.53904689613199,0.39069221668524007,0.3743721446964276,0.4640750749703563,0.4803951469591687
TGM3,ENSG00000125780,chr20,2286000,2351079,487,0.5752242915603054,0.6521901538749849,0.5729776730731577,0.5549127711889096,0.593953515653373,0.5306871913531217,0.48214836574270065,0.5254121763768973,0.5739510019873184
TGM6,ENSG00000166948,chr20,2370900,2442753,577,0.3958126477983539,0.36448767901967977,0.25562506058308637,0.4360158055425159,0.26856568413720405,0.33099216190410696,0.3566524981301109,0.12233163878387454,0.09667130255787065
SNRPB,ENSG00000125835,chr20,2451633,2480853,173,0.58619621659947,0.649258262221924,0.6062849610023323,0.6030744487814937,0.6155026942918569,0.49897030208194343,0.5079465815619808,0.5487348140665538,0.5397585345865168
RP4-734P14.4,ENSG00000256566,chr20,2457211,2518907,337,0.46907115738234084,0.5090530205713901,0.46572351284990815,0.5064928856147013,0.5162346466694294,0.35885230358026243,0.3457409244648372,0.3525668383085883,0.3656782174240136
ZNF343,ENSG00000088876,chr20,2471816,2534702,357,0.3701959971372415,0.38497265462478525,0.28553458255328656,0.40836438951944626,0.32073245066455724,0.3061072394344013,0.3121063549595663,0.17998130870497386,0.1739821931798088
TMC2,ENSG00000149488,chr20,2526572,2653580,1104,0.42714186657445713,0.3448056555230231,0.2752422489268416,0.37197287736950063,0.30206441816634705,0.3290113701917182,0.2641834163301723,0.09381200803945872,0.15863996190100468
NOP56,ENSG00000101361,chr20,2642592,2668393,252,0.4433745962040734,0.3301895085623928,0.32248415815733333,0.3427139279493587,0.2887098421181487,0.2986504507016008,0.2398607773204237,0.1021100045053207,0.1608996778864979
IDH3B,ENSG00000101365,chr20,2648394,2674219,207,0.3635917800036063,0.34256806714209936,0.3078175040169889,0.33445316007202064,0.22743457517186927,0.2517117375240915,0.2842608617794209,0.16770230693561622,0.13515318268028675
EBF4,ENSG00000088881,chr20,2682873,2770108,510,0.21125533930589133,0.27671905290070675,0.19423152126855528,0.21200636590945518,0.2278893328803655,0.17265567830437745,0.15179771339286796,0.15130186879909502,0.17215983371060448
CPXM1,ENSG00000088882,chr20,2784073,2810627,156,0.44879816595557,0.5270090990586331,0.401405668706302,0.5253562341036535,0.46547562177526747,0.4155811029793093,0.433745955138225,0.3330980246063559,0.3149331724474403
RP5-860F19.8,ENSG00000241690,chr20,2804967,2828066,127,0.28953334595834473,0.2337446008815304,0.28168815317481344,0.31295523839362965,0.3299859327552542,0.13861076703002803,0.12056950418721951,0.12762897856863972,0.14567024141144816
C20orf141,ENSG00000258713,chr20,2804986,2825833,117,0.2991785823487385,0.25004213058267116,0.28018166119900373,0.3357381982804633,0.34904625961889896,0.15724201011105485,0.13375023851721388,0.1304962380287788,0.1539880096226197
TMEM239,ENSG00000198326,chr20,2806301,2830284,126,0.24786159209137865,0.2781188794705311,0.2035462825953829,0.29241827274050686,0.2809732115683247,0.1915717333828341,0.17097014158722756,0.13432307326954696,0.15492466506515343
PCED1A,ENSG00000132635,chr20,2825313,2851190,129,0.4771913072243702,0.44353227524153144,0.40901521397505647,0.3341197523907031,0.3363136863136863,0.35436038607025555,0.29142293975715416,0.23178572071829207,0.29472316703139345
VPS16,ENSG00000215305,chr20,2830702,2876732,243,0.47799788557475775,0.3530541488398733,0.22478935337030023,0.3174970494190621,0.2447959870472105,0.4154779180949484,0.26835687924812196,0.02001476206776709,0.16713580091459354
PTPRA,ENSG00000132670,chr20,2863419,3049076,848,0.459668959053574,0.39192906056771604,0.3447343245808344,0.3658998739970819,0.28881250239575107,0.3451612506660179,0.30609648122774935,0.15230247645831319,0.19136724589658174
GNRH2,ENSG00000125787,chr20,3033621,3055747,121,0.30011302025487374,0.3386960349372622,0.19943116268279673,0.24537585498802827,0.11503676534902302,0.27397267279923326,0.2864339928588649,0.13956901565947616,0.1271076955998445
MRPS26,ENSG00000125901,chr20,3036051,3058250,125,0.29619235778140696,0.32789293741456915,0.23621790137840898,0.2986267389066263,0.21721044366592315,0.2395575428728556,0.25358065552478615,0.15778008895254972,0.14375697630061915
OXT,ENSG00000101405,chr20,3061619,3082517,125,0.5279790850762625,0.6299539442074554,0.48138298496334897,0.502038771651801,0.5201682879857784,0.5441350961082085,0.4785205145804838,0.44999270986705736,0.5156072913947822
AVP,ENSG00000101200,chr20,3072555,3094724,135,0.4530640951829015,0.5807969230742114,0.40131568358292685,0.43716661965450326,0.49659887169275346,0.4799013139067222,0.37890174769709306,0.38949849210079535,0.49049805831042453
UBOX5,ENSG00000185019,chr20,3097572,3170196,390,0.4258835323534324,0.5671478248037214,0.49823215843133,0.3841418780383648,0.4779182012017832,0.3513321353628297,0.33608333440708205,0.4860268706813017,0.5012756716370492
FASTKD5,ENSG00000215251,chr20,3136518,3169865,164,0.44572822796147754,0.6007289611371243,0.5869508779801754,0.38053644335828274,0.5188664747127969,0.3120130965049907,0.33270287797882575,0.6061017008082896,0.5854119193344546
LZTS3,ENSG00000088899,chr20,3152616,3183549,176,0.41656561738247666,0.7930516967282796,0.758662100627982,0.47264812409725027,0.7602129522732665,0.3462761462765608,0.39358473296674445,1.2290101132797895,1.1817015265896056
DDRGK1,ENSG00000198171,chr20,3180349,3214685,217,0.33705712139211474,0.6635334729047166,0.5815309465984305,0.35377518628326343,0.5538888004768717,0.3145853593771533,0.35933870184826394,0.7746712491819074,0.7299179067107968
ITPA,ENSG00000125877,chr20,3198867,3233870,250,0.38727108692164286,0.7708705394168738,0.6775351232679503,0.3672564992559499,0.6414533794592364,0.41576985891047613,0.4527308360573665,1.0576982461989377,1.0207372690520473
SLC4A11,ENSG00000088836,chr20,3217416,3249559,212,0.3744595934855558,0.6256203573767425,0.5415300720370901,0.3525714992998679,0.5358911004978419,0.3358818421530075,0.3247978836184932,0.6466030670392925,0.6576870255738066
C20orf194,ENSG00000088854,chr20,3239305,3417669,0,,,,,,,,,
ATRN,ENSG00000088812,chr20,3461017,3661118,1015,0.6116815230170856,0.8217550123592419,0.8671513802248147,0.5379041715933945,0.7829293064353191,0.3259904014056878,0.4845235634132463,1.3986059385048577,1.240072776497299
GFRA4,ENSG00000125861,chr20,3649247,3673399,206,0.4647776866831041,0.6259161535378632,0.5458176313455504,0.45084575776391655,0.5313525348804621,0.40954596462734244,0.4123733886359006,0.5737293536652919,0.5709019296567337
ADAM33,ENSG00000149451,chr20,3657964,3692246,285,0.38083661250000184,0.5849852882865261,0.4676601613122328,0.418652045915789,0.46047632636642133,0.36417709879002996,0.4023892540184671,0.5152642106777567,0.47705205544931956
SIGLEC1,ENSG00000088827,chr20,3676969,3722600,367,0.3948730270083528,0.35609285473384716,0.30604490611383545,0.4037586533838805,0.3271076417032081,0.2885848455579657,0.2805702961576495,0.15161590208471099,0.15963045148502725
HSPA12B,ENSG00000132622,chr20,3722684,3763111,283,0.4093719382662273,0.45827838309906005,0.4358444504386694,0.40767546234376895,0.3696036796676705,0.28357327994528225,0.3376485213805571,0.32942975150013276,0.275354510064858
C20orf27,ENSG00000101220,chr20,3743507,3777781,234,0.37736361984865807,0.36711421020876617,0.2963389029900979,0.4126272843618944,0.37158766884489636,0.28989972751001003,0.26250113048099866,0.1675655724769253,0.19496416950593676
SPEF1,ENSG00000101222,chr20,3767503,3791448,86,0.42594575169405735,0.09389168326413036,0.22474012434995894,0.3902236046675326,0.2762360136460856,0.19953541032797079,0.1349847268968774,0.0,0.0
CENPB,ENSG00000125817,chr20,3773850,3796740,60,0.42358878531362887,0.10482716356742057,0.19099469579663234,0.42441332379734525,0.20401696517767945,0.22486130959156214,0.2174632557604112,0.0,0.0
CDC25B,ENSG00000101224,chr20,3776771,3816121,201,0.42377319389886337,0.41203565137172915,0.2948288948502232,0.36049341131569057,0.27682426418174505,0.36651404821319844,0.32702214902546595,0.16457491629305393,0.20406681548078634
AP5S1,ENSG00000125843,chr20,3810523,3838838,183,0.30361523927378353,0.3527026305960195,0.3248176103008406,0.25982857936722653,0.2259158586267452,0.20201500700149713,0.239874122990607,0.23293447038926318,0.19507535440015328
MAVS,ENSG00000088888,chr20,3836798,3886123,317,0.40158735061756423,0.3666435366536094,0.36776185090459235,0.41774418737695623,0.36495608569452676,0.25585372916814453,0.2717530716131121,0.20086815292120014,0.18496881047623265
PANK2,ENSG00000125779,chr20,3878838,3939887,424,0.3589841657081502,0.3767725022158214,0.2848580184075764,0.3911268690882477,0.2219305479618331,0.29113530070190874,0.35902476482653367,0.18170836116665082,0.11381889704202586
RNF24,ENSG00000101236,chr20,3917308,4025558,601,0.38521246998657005,0.4749748343921081,0.32472194868775056,0.39544169259385514,0.30546301636537,0.3690784442549665,0.3915281875008796,0.2752306387931452,0.2527808955472321
SMOX,ENSG00000088826,chr20,4110979,4197747,643,0.3387189646294288,0.37891179761581817,0.2770409708178711,0.3427070959947711,0.2773649108683183,0.2827279052979153,0.2855284059277097,0.19355426901168024,0.19075376838188582
ADRA1D,ENSG00000171873,chr20,4210629,4259287,249,0.42513472699047167,0.49968019446790796,0.5095929657731133,0.4548164171567338,0.46710445728870814,0.2668038984006004,0.3348553059096363,0.4257038755591371,0.3576524680501011
PRNP,ENSG00000171867,chr20,4676349,4711590,250,0.21736399822304348,0.3462746522788277,0.35500711464660534,0.2095685335834776,0.3016092702238621,0.1158197740599442,0.15063387393736302,0.30924819928477515,0.2744340994073563
PRND,ENSG00000171864,chr20,4711908,4738460,284,0.3252319143822719,0.31436488765450127,0.41170176296032673,0.2928873701569956,0.34718972132777165,0.12013733457979292,0.1487531440470942,0.2572723643906427,0.22865655492334147
RASSF2,ENSG00000101265,chr20,4770022,4833608,557,0.27224504439610503,0.3773854448281008,0.35189444744634074,0.3051408387697459,0.34866113863446213,0.17895841197122878,0.20457424751871,0.29486923122992464,0.26925339568244344
SLC23A2,ENSG00000089057,chr20,4842355,5020293,1055,0.32338363847349694,0.39221775199814457,0.3346611368256506,0.397947120621444,0.3727801028759534,0.24056532370972425,0.2694452586062174,0.2573732821891783,0.22849334729268517
TMEM230,ENSG00000089063,chr20,5058231,5123103,421,0.46818216171173893,0.7117236738704531,0.6420423033906654,0.35033215291279807,0.6888500320185209,0.42397479258042625,0.2538247867109359,0.8198610005312046,0.9900110064006948
PCNA,ENSG00000132646,chr20,5104952,5136626,173,0.32394796971994905,0.5352312549599493,0.559029020001799,0.2458482292569335,0.4951583258982238,0.16946217346650838,0.1824332739368711,0.596753146128635,0.5837820456582722
CDS2,ENSG00000101290,chr20,5116878,5207887,542,0.3295366054811213,0.29525909314352805,0.3087430445633887,0.36139681648150734,0.27051103288902756,0.19023377984793982,0.24149301512229407,0.15969127187454976,0.10843203660019557
PROKR2,ENSG00000101292,chr20,5289217,5326954,147,0.2129163808195468,0.36581214130530326,0.22787238430146736,0.23891355383232907,0.1849618441516577,0.21811270484896544,0.2619490217913268,0.23729735649679445,0.19346103955443314
GPCPD1,ENSG00000125772,chr20,5534438,5621006,526,0.3227125460837638,0.6340677505422153,0.5675114034610057,0.3146431392615476,0.5343889064679338,0.2783836253756193,0.30935906437297667,0.7269234481113449,0.6959480091139876
SHLD1,ENSG00000171984,chr20,5740392,5874395,1064,0.4217052921628929,0.45263254685567794,0.41168115741047506,0.3740709142048699,0.39718059881086154,0.30991018883515087,0.28250775473064443,0.29272475247955326,0.32012718658405964
CHGB,ENSG00000089199,chr20,5901509,5935353,294,0.4146502821027967,0.6821353433790592,0.61008731585894,0.40237409171766125,0.5986904212650505,0.36992147258082403,0.3739488771971802,0.776208122328224,0.7721807177118678
TRMT6,ENSG00000089195,chr20,5927227,5960558,291,0.3461686055771672,0.5201830493099204,0.44212286865926803,0.3509663351744295,0.48375403539230544,0.2878199162106211,0.25272467042291386,0.44653068433202414,0.4816259301197313
MCM8,ENSG00000125885,chr20,5940651,6008977,472,0.3338085498356174,0.4273652178712763,0.38638862711957916,0.39968469229737036,0.4466215758982693,0.2376459182928381,0.2380470963229261,0.3198612256704813,0.3194600476403934
RP5-967N21.13,ENSG00000286235,chr20,5940948,6049856,719,0.3704060132419842,0.3837035783902798,0.3748842514797714,0.37874276849949334,0.4389103016073243,0.23844445566751601,0.19108139630874882,0.24558277161069156,0.2929458309694587
CRLS1,ENSG00000088766,chr20,5996092,6050053,353,0.4517049061205563,0.4119820581338277,0.4270553575905356,0.40665762931570143,0.42084403437014484,0.28748664280976033,0.2533990220842982,0.24351117536142947,0.2775987960868916
LRRN4,ENSG00000125872,chr20,6030545,6064060,226,0.2511656989804959,0.6455446640156896,0.6610185783325315,0.3188558800562673,0.6446366967444725,0.12230025148370482,0.1932698372592121,0.9148726810454908,0.8439030952699839
FERMT1,ENSG00000101311,chr20,6064844,6133030,533,0.26525755458087164,0.6757409403688254,0.6215437716141974,0.2532187338024014,0.6345766762340014,0.23139645687049176,0.20574833133782056,0.8948160590396479,0.9204641845723193
BMP2,ENSG00000125845,chr20,6757685,6790246,202,0.36601083454766137,0.6453068556674638,0.5643396157401244,0.3781681102872557,0.5587335076624494,0.33066669250029107,0.3467407234893786,0.7058355529619769,0.6897615219728892
HAO1,ENSG00000101323,chr20,7872984,7950458,556,0.4407636364222983,0.571304555596979,0.5327803664771226,0.35493669780548476,0.555024264966306,0.33361788487452987,0.2378399148605257,0.5133906470984607,0.6091686171124648
TMX4,ENSG00000125827,chr20,7967345,8029805,507,0.37791235069091905,0.5641632770622501,0.43745171854513054,0.39671938133778023,0.3907621873716733,0.36494178021976936,0.42015691173366587,0.46554581422661395,0.41033068271271755
PLCB1,ENSG00000182621,chr20,8067250,8978360,0,,,,,,,,,
PLCB4,ENSG00000101333,chr20,9058762,9491242,2602,0.3644346785496184,0.5133028873047246,0.448401093487537,0.35866104922748854,0.42002990201294765,0.28920979262945173,0.30976587003432804,0.4309035019424712,0.41034742453759493
LAMP5,ENSG00000125869,chr20,9504357,9540524,301,0.28405210007732934,0.5167066837133825,0.49640071795738505,0.26156112371233914,0.4524457871355126,0.18765250361504654,0.21402733705456428,0.5394790259379403,0.5131041924984224
PAK5,ENSG00000101349,chr20,9527369,9849076,0,,,,,,,,,
ANKEF1,ENSG00000132623,chr20,9976125,10068303,634,0.4859227971606919,0.4598184183635615,0.46412613168863065,0.44739025103284485,0.4596839963473016,0.328687646234447,0.29667601983866726,0.28716228742316213,0.31917391381894183
SNAP25,ENSG00000132639,chr20,10208829,10317418,604,0.39848686387280813,0.5273988906045333,0.5200877027899787,0.38225581405646436,0.48690693373247557,0.26182928286982443,0.28194318904315596,0.4876742839321573,0.46756037775882564
MKKS,ENSG00000125863,chr20,10391008,10444222,369,0.1327822462287177,0.17217331945321432,0.08970337848469852,0.30943463804400406,0.15929673195925653,0.11871593531420639,0.19283980384478291,0.07023553420491861,0.0
RP5-931K24.3,ENSG00000285508,chr20,10403519,10441922,248,0.16682731192927847,0.12626438696162376,0.09429015419836938,0.34540561894271765,0.11800587581124371,0.10922775914827121,0.21657353357570536,0.02574969218578431,0.0
RP5-931K24.4,ENSG00000285723,chr20,10410545,10430737,122,0.10006468465102825,0.10552126361509441,0.06393906269783557,0.23670680407745354,0.08008158953469292,0.07543591861601656,0.14907845246097565,0.036078229209222004,0.0
SLX4IP,ENSG00000149346,chr20,10425304,10646829,1273,0.3103222528665992,0.37509029434874275,0.319167644693234,0.40267280585368675,0.3645827737507401,0.22861987841719175,0.26598245791267316,0.24152823222346625,0.20416565272798481
JAG1,ENSG00000101384,chr20,10627683,10683999,300,0.36731171471609847,0.5876367779106669,0.5300239979278413,0.37714036821225005,0.5521452411931566,0.294277242220315,0.27799925424840877,0.5915734687865609,0.6078514567584671
BTBD3,ENSG00000132640,chr20,11880722,11936609,352,0.4322314837621315,0.44128912772516954,0.29784333162924226,0.4840951257219495,0.3786135188677561,0.3972829611898917,0.3840770038324587,0.18484020156511471,0.19804615892254762
SPTLC3,ENSG00000172296,chr20,12998971,13179103,1350,0.39271156703271004,0.4125032992541419,0.3851469874349561,0.37707996858337567,0.35774687517746473,0.2721320139719946,0.28122450003904065,0.2597526347593278,0.25066014869228187
ISM1,ENSG00000101230,chr20,13211273,13310651,744,0.22923335618213087,0.3410312805821538,0.269767453114178,0.23133566756631152,0.28127893402228643,0.18152829614552127,0.1749490860953704,0.23555091620143923,0.2421301262515901
TASP1,ENSG00000089123,chr20,13379391,13648932,1476,0.26275438139337604,0.27159154297376,0.2098367858563972,0.3471791197048182,0.2775358726281181,0.19310587014714878,0.2091291499770406,0.12378745063399879,0.107764170804107
ESF1,ENSG00000089048,chr20,13704321,13794919,469,0.5471378107019204,0.6444847474432989,0.6038630484614642,0.5115536573164883,0.584767229496558,0.4501796267552037,0.4358983787168561,0.5840074993844573,0.5982887474228048
NDUFAF5,ENSG00000101247,chr20,13775006,13831580,314,0.523061242192205,0.5306650355245965,0.5111775057677976,0.5196801321179979,0.48941163445459884,0.3905249446415915,0.4087750004047643,0.36591361085195523,0.34766355508878233
SEL1L2,ENSG00000101251,chr20,13839246,14006443,775,0.5774793440639977,0.6450333088122643,0.6390287802057301,0.4966185773760796,0.5939671831076238,0.43914560887534204,0.4104085647271869,0.5965857126736487,0.6253227568218038
MACROD2,ENSG00000172264,chr20,13985368,16063197,12775,0.4679246382236793,0.5509809055349086,0.5034203504653615,0.4674727177588803,0.4898783794351827,0.36582431067738863,0.37885245197663336,0.434865554818416,0.4218374135191713
FLRT3,ENSG00000125848,chr20,14312984,14347614,144,0.4342654022690594,0.5198645421167077,0.4461968660848679,0.4066612742300381,0.5100235335134664,0.3561856104952153,0.27113946519422916,0.37750140047349695,0.46254754577448304
KIF16B,ENSG00000089177,chr20,16262103,16583448,2114,0.3633391629871395,0.5348326521632205,0.4836497615523834,0.32508106497022615,0.4732739483146428,0.277953133211677,0.25872302513530576,0.4874049171061612,0.5066350251825325
SNRPB2,ENSG00000125870,chr20,16719960,16752564,221,0.29851446503075046,0.2959720651962948,0.2361673104291292,0.3191433864007948,0.2279580671751881,0.21804286839098297,0.23831218895512674,0.1328943751014473,0.11262505453730362
OTOR,ENSG00000125879,chr20,16738357,16780062,340,0.42496580065975503,0.45471401007521545,0.36550650824262837,0.40931277353834944,0.3622665720597645,0.35242119173985675,0.3415392958069199,0.2540236780577334,0.2649055739906703
PCSK2,ENSG00000125851,chr20,17216106,17494578,1572,0.42667636139306475,0.3528294552301144,0.33867567316028985,0.40900240380884584,0.33971607779701246,0.2889697174335372,0.2730017018485019,0.14617570862943347,0.1621437242144687
BFSP1,ENSG00000125864,chr20,17483904,17579220,639,0.3754727151391189,0.32945242005946584,0.308002907232178,0.3476165332215402,0.2972469443067883,0.2511236759815744,0.23701682329888807,0.14853694091651323,0.1626437935991996
DSTN,ENSG00000125868,chr20,17560074,17619919,396,0.5168595116908612,0.5582568443268163,0.5704502797190524,0.5514722947782602,0.48999777885340057,0.3497283410186427,0.4727356449028577,0.46729832054940157,0.3442910166651865
RRBP1,ENSG00000125844,chr20,17603677,17692295,597,0.4819240649033473,0.5005184869147897,0.4843834328306605,0.48509063406943154,0.4632318487140721,0.34471313521345903,0.3678800244675936,0.3494715572054078,0.32630466795127316
BANF2,ENSG00000125888,chr20,17683671,17745871,522,0.4621911864325103,0.5048708825181165,0.47457906546846745,0.4733144492565284,0.4723542470156876,0.3398166482693685,0.3523790753181107,0.36312005876005815,0.35055763171131593
SNX5,ENSG00000089006,chr20,17931596,17978980,426,0.32975018003093926,0.27143968259320445,0.2035561465891077,0.33764602677767913,0.17650294618429577,0.2445954933871194,0.2672223581231447,0.07208936667232932,0.049462501936304054
OVOL2,ENSG00000125850,chr20,17946978,18069188,0,,,,,,,,,
MGME1,ENSG00000125871,chr20,17959017,18001122,0,,,,,,,,,
KAT14,ENSG00000149474,chr20,18127227,18198387,402,0.4550571447650175,0.5515916341417273,0.5279138222386238,0.47997138356558167,0.4791927011000876,0.3292657716811768,0.40177359737026597,0.4727851591443644,0.4002773334552752
PET117,ENSG00000232838,chr20,18127862,18153169,132,0.44818306534377345,0.5945083170653115,0.4693754386805687,0.47428698724648044,0.3587026491705868,0.43174664773157145,0.5506963453876041,0.4709082685473959,0.3519585708913632
ZNF133,ENSG00000125846,chr20,18278282,18326996,272,0.49318118455089843,0.5398585146786772,0.47710674592815366,0.47661507300846634,0.46185217131629847,0.40372251319142816,0.402018682752915,0.37249874681412626,0.37420257725263933
DZANK1,ENSG00000089091,chr20,18373366,18477281,593,0.5132190681345151,0.4785726563036437,0.42957480782139457,0.49316854219926587,0.46880790442434284,0.40487658998748055,0.3490652679012831,0.24630874603113762,0.302120068117335
POLR3F,ENSG00000132664,chr20,18457388,18494646,196,0.5722203542557184,0.5294521679365443,0.53749166331603,0.5506471174800279,0.45890191796042074,0.41595701418454606,0.4698248570310164,0.33790064874290227,0.2840328058964321
RBBP9,ENSG00000089050,chr20,18476539,18507225,181,0.5642435663539394,0.4112815462806436,0.4632309721663476,0.5427650619763927,0.46301084360383543,0.36914582713532046,0.34529388593940846,0.16066138974476984,0.1845133309406819
SEC23B,ENSG00000101310,chr20,18497519,18571415,498,0.5250410079515958,0.4146095913226713,0.3994770874267944,0.538457952868084,0.4682729640857838,0.3850243089592856,0.3385166984268395,0.15045198011977262,0.1969595906522188
SMIM26,ENSG00000232388,chr20,18557346,18579563,167,0.47808293336033847,0.40840069911222543,0.3205586438998344,0.4494812592534959,0.38440978127383674,0.39434397808230964,0.3183231219938021,0.13058175179516124,0.2066026078836687
RP11-555E18.2,ENSG00000284776,chr20,18557452,18754216,1176,0.3624003458907274,0.33761183565082364,0.3044615103079047,0.3992992192775202,0.3511289285066298,0.24943965489214107,0.24452032107601102,0.1624638890089274,0.1673832228250574
DTD1,ENSG00000125821,chr20,18577941,18776644,1134,0.335898034657469,0.34410579576697786,0.31833737274563,0.37308637639305325,0.3383857581566976,0.2239274655661755,0.23781483858586727,0.19782831151295535,0.18394093849326357
SCP2D1,ENSG00000132631,chr20,18803782,18824378,124,0.44973902890870526,0.47774229811689095,0.3959152631206909,0.3643569223574735,0.39806699369038473,0.37145797675472536,0.2975515389670495,0.278136154397117,0.3520425921847928
SLC24A3,ENSG00000185052,chr20,19202641,19732926,3829,0.37218559806729684,0.463497239895099,0.39948488692894835,0.3892204416843512,0.43069080858880787,0.2891133982460323,0.2761855737466956,0.33357017402825706,0.3464979985275938
RIN2,ENSG00000132669,chr20,19747605,20012457,1967,0.3544961422704184,0.46219161073559906,0.398889014448094,0.3699740817672373,0.4248046977810449,0.2745006675277309,0.2646008083053626,0.3457522685140847,0.3556521277364528
NAA20,ENSG00000173418,chr20,20007309,20043655,200,0.3809972094551783,0.2848511126380699,0.2867192380225945,0.4089386408115963,0.3478211069798587,0.23851493076912267,0.21683179465637628,0.09674959312408246,0.1184327292368289
CRNKL1,ENSG00000101343,chr20,20024367,20066046,289,0.19112611341867733,0.13166050875936414,0.09632740232449266,0.27383639887923855,0.12423136717026809,0.12599831452695684,0.16424956239515948,0.015174207321080338,0.0
CFAP61,ENSG00000089101,chr20,20042513,20370703,2083,0.5471409059822715,0.43683809239255433,0.389923562642715,0.5855371841455423,0.45423848914515613,0.4360956710814099,0.4246934684822537,0.13809244098447643,0.14949464358363257
INSM1,ENSG00000173404,chr20,20358103,20380949,95,0.47017439547198564,0.4296684536121156,0.3011890786986886,0.45091889433804977,0.3814643606607129,0.4191848646869296,0.34032303763242777,0.1423525622357904,0.2212143892902924
RALGAPA2,ENSG00000188559,chr20,20379529,20722644,1719,0.3838636441588359,0.35181344785595137,0.4007170807499274,0.40048435473147836,0.3900262967158489,0.202921122459077,0.22543525524821506,0.23065561249171762,0.20814147970257957
KIZ,ENSG00000088970,chr20,21115982,21256622,810,0.44471535510123295,0.689854138424552,0.5854538341552924,0.515030449996674,0.5795850199076245,0.43920803027556055,0.5139343684012099,0.7315045406766565,0.6567782025510072
XRN2,ENSG00000088930,chr20,21293330,21399825,468,0.5968872810453408,0.6547296836423865,0.6679868738916037,0.5795126591614839,0.6830995823770701,0.434692962600582,0.3903004268341397,0.62873468047195,0.6731272162383921
NKX2-4,ENSG00000125816,chr20,21385364,21407526,95,0.45616438235382206,0.6674332030406945,0.6501250416779157,0.5824883549586213,0.6375864751022913,0.3299216734586695,0.4796940017828002,0.7709928724931843,0.6212205441690537
NKX2-2,ENSG00000125820,chr20,21501016,21524064,103,0.20954080803927982,0.3862704628145434,0.2896269802627363,0.20407705258831252,0.3497263084967404,0.1906885604016446,0.14304594887866556,0.2975123806622675,0.34515499218524653
PAX1,ENSG00000125813,chr20,21695658,21728481,180,0.2336468178856239,0.23885876008719922,0.14625448657516552,0.24972239600214063,0.1363260694737018,0.19046317977761568,0.20684418309864122,0.08247316078105496,0.06609215746002942
FOXA2,ENSG00000125798,chr20,22570997,22595455,37,0.3483325812288452,0.28547764277232873,0.033985151585555366,0.39449213887716555,0.010064935064935065,0.36489292930942263,0.4138563978011583,0.0,0.0
SSTR4,ENSG00000132671,chr20,23025311,23049237,173,0.3765854613736635,0.3641655707934121,0.2742851504172911,0.29250363500201826,0.2660992709089682,0.3023812804523909,0.24472918113802855,0.15043580051791727,0.2080878998322796
THBD,ENSG00000178726,chr20,23035632,23059672,168,0.3828298808925276,0.30869718749758146,0.23782427124380195,0.2971987545609004,0.1940785687201224,0.29010488309583626,0.25304472857287985,0.07907244451804499,0.1161325990410014
CD93,ENSG00000125810,chr20,23069359,23096324,207,0.5065283803834091,0.6399097342505072,0.6453312630353316,0.5452865940968002,0.543840145619505,0.345559705223594,0.5122882516723157,0.6758408355449188,0.5091122890961972
NXT1,ENSG00000132661,chr20,23340790,23364771,179,0.40455966171710434,0.42889661558890857,0.2611614959399844,0.34330309438720613,0.3171652571542711,0.387981597511284,0.2996076592849318,0.1722034296906622,0.2605773679170144
GZF1,ENSG00000125812,chr20,23352181,23383062,200,0.36074440469400815,0.3220675304173898,0.29700557151499957,0.297866045091176,0.23294810459992898,0.24187609888492587,0.23856892646023498,0.14683149950299323,0.15013867192768418
NAPB,ENSG00000125814,chr20,23364518,23431519,433,0.2796073189242971,0.33306979165001327,0.230623895420121,0.2668244483039455,0.16760707853536547,0.23542667629959677,0.2659946468323047,0.16964319739899772,0.13907522686628976
CSTL1,ENSG00000125823,chr20,23429684,23454930,163,0.28076328902077075,0.21007753428531034,0.23619030335855817,0.2309510928536887,0.19888903145783882,0.14797431346708292,0.13833269606409876,0.08784616953543947,0.09748778693842358
CST11,ENSG00000125831,chr20,23440402,23462876,156,0.3436057596772052,0.3412217389260702,0.25421930517100383,0.3357512287622929,0.3516701756127464,0.27251913833917746,0.19655554965517616,0.14484914064661775,0.22081272933061905
CST8,ENSG00000125815,chr20,23481100,23506010,217,0.3769172753132041,0.582196606188186,0.4518003412864028,0.5050983891419716,0.4928442862852258,0.37235228688397304,0.44860170702498336,0.5003920199550427,0.42414259981403246
CST9L,ENSG00000101435,chr20,23554731,23578484,224,0.45594070775277185,0.38609962591061237,0.33172945281518795,0.40245344990431353,0.2951999860059791,0.3467787447315047,0.32650226338993926,0.14114387645201854,0.16142035779358405
CST9,ENSG00000173335,chr20,23592409,23615917,165,0.45828623034075466,0.5584602902469361,0.5195457512169127,0.4114193037009938,0.6419378540606349,0.3487407832531334,0.1602399221042804,0.46874653691405455,0.6572473980629077
CST3,ENSG00000101439,chr20,23616705,23648473,228,0.38223278446741293,0.6257164275389621,0.5400049224915635,0.40846954713857075,0.5789922764751141,0.3439228147427603,0.32133978334461755,0.638818738988262,0.6614017703864048
CST4,ENSG00000101441,chr20,23675639,23699038,190,0.3673653469949099,0.4807048827451307,0.34486914966098,0.3276277874180453,0.31199871629282205,0.3451124149254769,0.33913077977909367,0.3101705158023544,0.3161521509487377
CST1,ENSG00000170373,chr20,23737561,23761268,250,0.448389693339518,0.44480642217630856,0.41894617571705817,0.4443038731285196,0.37400032850521037,0.3202199998647228,0.35378333653286753,0.26821843731216194,0.23465510064401734
CST2,ENSG00000170369,chr20,23813768,23836729,284,0.3238609701916402,0.5305252100574454,0.4224974012292896,0.30854577233503017,0.423630075853047,0.2992274497232296,0.2870467026005724,0.45691322759526176,0.4690939747179189
CST5,ENSG00000170367,chr20,23865933,23889748,192,0.3524525930989783,0.5108846172197103,0.5451099746025119,0.3681260441043534,0.46410143716049496,0.18101027093155464,0.2752059090396665,0.5341465898031827,0.4399509516950709
GGTLC1,ENSG00000149435,chr20,23975049,23998779,63,0.4207332122315469,0.35889026268410656,0.40916916485336075,0.4941089447390818,0.4993073847945793,0.23216061817122036,0.2171128348212229,0.21239402148211506,0.22744180483211252
SYNDIG1,ENSG00000101463,chr20,24459628,24676616,1471,0.3646409839191431,0.39745919923202233,0.34136727432675523,0.3819523134017987,0.3620036522234953,0.27128786823807316,0.26918341918614885,0.2353120285551144,0.23741647760703866
CST7,ENSG00000077984,chr20,24939268,24969928,372,0.3977424815576051,0.2840155521439246,0.31664498850132117,0.3404145756969331,0.23636242219474482,0.23021310744733808,0.2402893212421211,0.10388372568145798,0.093807511886675
APMAP,ENSG00000101474,chr20,24952924,25002751,456,0.4112986260506342,0.2699132914563182,0.3043208857665529,0.32859138086293593,0.2417497870469596,0.24078071720910885,0.21811373923031666,0.07381125585727644,0.0964782338360686
ACSS1,ENSG00000154930,chr20,24996229,25068980,583,0.4055185751565594,0.39062885033072775,0.3560804811714223,0.377707612569291,0.3477149390459423,0.2876060163186721,0.27119968681437623,0.2077217394227659,0.22412806892706172
VSX1,ENSG00000100987,chr20,25060884,25092141,212,0.3577037980053039,0.7525647175495991,0.6278051581243513,0.2535221995678293,0.5944628158234962,0.4254870653696966,0.3932264534019536,0.9711191508457568,1.0033797628134997
ENTPD6,ENSG00000197586,chr20,25185692,25238075,220,0.4205928509328683,0.441703283795516,0.3498429481533455,0.39142733017418535,0.32763777566763636,0.34903661819412024,0.3412727991195072,0.2338280902649552,0.2415919093395683
PYGB,ENSG00000100994,chr20,25238084,25308012,551,0.34512701611124885,0.3570272249907933,0.27294191599782297,0.28539893034635977,0.2585126430639494,0.27310898345986234,0.23929328227305746,0.16854391275770425,0.2023596139445092
ABHD12,ENSG00000100997,chr20,25284741,25400835,645,0.3673571217820501,0.32155019750473335,0.2219943142095515,0.3713610032500405,0.25605419192015616,0.29738626418022235,0.2781779095882124,0.090558521321696,0.1097668759137059
GINS1,ENSG00000101003,chr20,25397672,25462628,314,0.39059028987543837,0.3555778485768965,0.199266643069572,0.35625969791285267,0.2283682404539776,0.3562192282943957,0.3103066533378002,0.08318202470711078,0.12909459966370623
NINL,ENSG00000101004,chr20,25442696,25595531,884,0.44417435374967984,0.4153876558410888,0.39695706617065046,0.4250142252443135,0.3986571290276603,0.3091700231724808,0.29081314133750724,0.22763628779110434,0.24599316962607776
NANP,ENSG00000170191,chr20,25602934,25634014,66,0.4884462054992261,0.4469365080140178,0.4984364122567597,0.506935573424433,0.40397683529654943,0.2862800574233429,0.39096107769058025,0.3060024129091795,0.20132139264194215
ZNF337,ENSG00000130684,chr20,25663194,25706853,0,,,,,,,,,
DEFB115,ENSG00000215547,chr20,31247663,31269632,41,0.30385645985509263,0.6512634881235564,0.5465437733625915,0.21406938228347294,0.43544545342298147,0.3123907444007251,0.36130355667862296,0.7410478778168584,0.6921350655389605
DEFB116,ENSG00000215545,chr20,31293211,31318585,173,0.5121250762616397,0.6955459905273406,0.6274908371175854,0.44629403540375584,0.6188409521137785,0.4597189030630716,0.4079090899849983,0.7295163363908145,0.7813261494688877
DEFB118,ENSG00000131068,chr20,31358600,31383923,149,0.5706853819525632,0.735263420735001,0.6009267170204472,0.4986898153890319,0.661961438926704,0.6279875144951375,0.46747746121013267,0.7010324733961357,0.8615425266811405
DEFB119,ENSG00000180483,chr20,31367163,31400590,216,0.5162033839967755,0.6975765422125687,0.6489366730901709,0.4711965312754036,0.6074625302477975,0.43761454392179944,0.4489711072542375,0.7583125217151316,0.7469559583826937
DEFB121,ENSG00000204548,chr20,31394844,31422838,184,0.5225721144435768,0.6948575548156564,0.6797655343927577,0.40188249368770046,0.6068359179628287,0.3938084435130389,0.38370819039642856,0.7931681344965454,0.8032683876131559
DEFB123,ENSG00000180424,chr20,31430631,31460257,163,0.4537646848571355,0.6372724937533567,0.5684072113843784,0.37257192912778053,0.5629159526843066,0.3892680299242264,0.3262999331609914,0.6248353681848409,0.6878034649480759
DEFB124,ENSG00000180383,chr20,31455470,31486757,122,0.38536141752811637,0.35347590583075617,0.1616598803568351,0.42568577356426923,0.19968762598926373,0.37326713869328754,0.38398512622788034,0.06287767414147452,0.052159686606881805
REM1,ENSG00000088320,chr20,31465287,31494895,107,0.4736901806343822,0.18029195347733204,0.05952082984397139,0.40734094319563025,0.11404441383028106,0.3896532471376753,0.30042728826687165,0.0,0.0
HM13,ENSG00000101294,chr20,31504409,31587923,377,0.5735278767456164,0.559897715072712,0.07533164790086776,0.37164974782904775,0.16975361802948008,0.7973181225759193,0.5496864392233679,0.023429990766048903,0.2710616741186002
MCTS2P,ENSG00000101898,chr20,31537411,31558081,91,0.49407408434491995,0.4799156237004843,0.11140599870510873,0.32860928950367535,0.20039619010087717,0.6085072056888515,0.4142646686980078,0.045257012766432125,0.23949954975727583
ID1,ENSG00000125968,chr20,31595282,31616515,134,0.45709241479453516,0.4270480921628462,0.0409716284471771,0.29273054930909004,0.14418215150000072,0.5629675213860649,0.3737996721456677,0.0,0.18315382412026066
COX4I2,ENSG00000131055,chr20,31627911,31655006,167,0.4029085011097953,0.5073392370063146,0.4417985109080112,0.2617660229170633,0.2961416504990815,0.3202920359783019,0.33012538032930805,0.3876424133336631,0.37780906898265704
BCL2L1,ENSG00000171552,chr20,31654451,31733989,295,0.33583597113025443,0.2753858383101084,0.20076642609114162,0.2819775802148918,0.2619557479557479,0.25362002100585346,0.1748094737990126,0.06849593555794503,0.1473064827647859
TPX2,ENSG00000088325,chr20,31729270,31811805,364,0.36630264395079143,0.32288531451934793,0.07780761012876301,0.28308937945501134,0.16067327645087312,0.3825485007250341,0.27378174675395484,0.007366117209308909,0.11613287118038829
MYLK2,ENSG00000101306,chr20,31809307,31844689,197,0.3710368282426875,0.3705783650800667,0.14376470558342103,0.289671697621846,0.18608858530098998,0.3857132157834019,0.2995390965569855,0.0772407052794172,0.1634148245058336
FOXS1,ENSG00000179772,chr20,31834302,31855604,135,0.21669604689659777,0.19361648849080232,0.22045632188186257,0.17774001217520263,0.0955691001232708,0.1051918691276851,0.15522255147686848,0.11000395978359648,0.05997327743441311
DUSP15,ENSG00000149599,chr20,31837636,31880664,230,0.3285347400707593,0.27469546540975115,0.2610816856530437,0.2395367112155062,0.22733887439769787,0.2084443822316298,0.16853819520244145,0.11271928238048728,0.15262546940967564
TTLL9,ENSG00000131044,chr20,31860701,31954963,433,0.23424687485829074,0.17958134470261286,0.19927799432314228,0.21537979351032446,0.1291941031941032,0.12129725733272823,0.15107991375126084,0.07664325643937636,0.046860600020843746
PDRG1,ENSG00000088356,chr20,31934336,31962046,122,0.3575944819681936,0.28247265241192165,0.20012372827607,0.3396948091416924,0.08385213456397077,0.27559076001107463,0.329709927615638,0.0563534569583127,0.0022342893537493635
XKR7,ENSG00000260903,chr20,31958150,32013387,244,0.343765147276276,0.3596069618813566,0.3151921992221878,0.29967572471532866,0.2580339583397688,0.24414632653680665,0.25171658352230664,0.20152684252701614,0.19395658554151618
CCM2L,ENSG00000101331,chr20,32000437,32042180,217,0.20879476501897545,0.26325926171602937,0.2285501960951645,0.2277363895385707,0.2298793805014953,0.14011671919531557,0.15137021184903346,0.1654025092911682,0.15414901663745031
HCK,ENSG00000101336,chr20,32042196,32111856,297,0.33048358437774283,0.40069956097911275,0.3842030256900512,0.3475445571170686,0.34815943080870554,0.21417693847669533,0.2555246975557589,0.2978153004854428,0.2564675414063793
TM9SF4,ENSG00000101337,chr20,32099713,32177258,266,0.25628548513347715,0.16521810278851334,0.1581028976379541,0.29006562529695123,0.18904025311360897,0.15229267256520657,0.1568153361924255,0.028292116629310388,0.023769453002091517
PLAGL2,ENSG00000126003,chr20,32182503,32217743,157,0.2712696044818446,0.2264264501477301,0.16716620397599705,0.2726166060205095,0.2157330294844199,0.1951323941544661,0.1660151547039048,0.06160213226035313,0.09071937171091443
POFUT1,ENSG00000101346,chr20,32197879,32248658,238,0.37615210699112883,0.2903643831041515,0.2542202586781792,0.4180691877886554,0.284402315911912,0.2607636912818845,0.2748851051656778,0.082239965044764,0.06811855116097065
KIF3B,ENSG00000101350,chr20,32267650,32345011,229,0.3622311425432414,0.37368932129391463,0.3250480625287102,0.3914237646001797,0.3458179714029334,0.2622871492045106,0.2700860971642884,0.20562158992684698,0.19782264196706914
ASXL1,ENSG00000171456,chr20,32348329,32449319,326,0.3825575428399409,0.38879528821735265,0.3992655133220383,0.36725859473976924,0.4186645099587273,0.2324452528709614,0.2037947708189734,0.2598780792201122,0.28852856127210014
NOL4L,ENSG00000197183,chr20,32433058,32595074,748,0.3322048279855426,0.34408540761449247,0.3087694739631896,0.3016018550007093,0.300730419006281,0.22810828779693032,0.2114858395698855,0.19361640525144905,0.2102388534784939
C20orf203,ENSG00000198547,chr20,32621624,32683941,400,0.3161568815031198,0.35935119990771336,0.2827412836523292,0.37550871611402803,0.28517604716525763,0.24649097041524878,0.29018639301352184,0.1987828955666407,0.1550874729683676
RP11-503P21.4,ENSG00000285382,chr20,32622182,32753567,787,0.4264024580473632,0.5489284611221994,0.3840254565336526,0.4474421012134493,0.3866992045741777,0.433703481215141,0.4502133083880684,0.3624258480546671,0.34591602088173984
COMMD7,ENSG00000149600,chr20,32692698,32753467,361,0.4502892899487936,0.5887421078167214,0.4025020709700883,0.47772688944548936,0.43401474799550716,0.4859467229919425,0.4844560781724675,0.4025880633755339,0.40407870819500896
DNMT3B,ENSG00000088305,chr20,32752384,32819356,408,0.4427071981729721,0.43367212740784533,0.36132829860773075,0.39585418188914306,0.3214552532952597,0.35244093148751465,0.34235846267129755,0.21614115681129287,0.22622362562751008
MAPRE1,ENSG00000101367,chr20,32809953,32860405,228,0.4727020698954662,0.5086080462104289,0.44954361727754133,0.42162339130943266,0.4074372034114813,0.3767475964638398,0.36737240882993855,0.3337655966198716,0.34314078425377287
EFCAB8,ENSG00000215529,chr20,32848922,32971609,685,0.361856050459606,0.296933852660437,0.25733207414814113,0.441446798886541,0.30149600880898764,0.25199471119475614,0.28794766008319095,0.10030958745927762,0.06435663857084273
SUN5,ENSG00000167098,chr20,32973772,33014433,324,0.30992565922877696,0.2569313267788786,0.25372102886353154,0.2581716904659429,0.1842549235914165,0.18763348289996892,0.1959754418787245,0.10933332868918852,0.10099136971043285
BPIFB2,ENSG00000078898,chr20,32997703,33033703,290,0.260774529536476,0.297347069341452,0.27497052399785565,0.24876561646994996,0.31538276060323617,0.16675077031593638,0.13001720787301038,0.1861414362627806,0.22287499870570662
BPIFB6,ENSG00000167104,chr20,33021647,33054047,308,0.3755876763571784,0.40691990524741195,0.3522175290362063,0.3299520214588594,0.3601510625150058,0.27958492194204076,0.23815430789901004,0.24284090012669696,0.2842715141697276
BPIFB3,ENSG00000186190,chr20,33045423,33083628,278,0.4192747765423618,0.39072512289937816,0.29295815390679797,0.3650076875618188,0.2901909750094912,0.3461489498193062,0.3034344087595907,0.14933680515527392,0.1920513462149894
BPIFB4,ENSG00000186191,chr20,33069642,33121751,334,0.285643735784622,0.32192490840417626,0.2968434088485439,0.31668062801052116,0.30080157418776393,0.18634752462227075,0.20573473175691737,0.20214971798619302,0.1827625108515464
BPIFA2,ENSG00000131050,chr20,33151767,33191412,343,0.2895154582046926,0.11887324865918966,0.21742375144837878,0.22223704079607348,0.14252721645153751,0.11159898033689533,0.11206071621886149,0.014954810934155877,0.014493075052189719
BPIFA3,ENSG00000131059,chr20,33207309,33237806,220,0.19403636229191507,0.2035274331913843,0.30114368588861073,0.24650457026727904,0.35097849681183013,0.042484563654262564,0.03915274434602331,0.1850780287446571,0.18840984805289637
BPIFA1,ENSG00000198183,chr20,33225994,33253311,200,0.26917839614155314,0.2801128363655271,0.192106027306944,0.3439534257846062,0.18657230195434618,0.21446111921355018,0.27184302890034867,0.11419967721424859,0.0568177675274501
BPIFB1,ENSG00000125999,chr20,33263479,33319871,422,0.37996875364526095,0.2945538364320666,0.2431598431642529,0.3976807251953868,0.271263558896079,0.2741535118932621,0.2697246452393987,0.07477130832086767,0.07920017497473103
CDK5RAP1,ENSG00000101391,chr20,33348838,33411561,301,0.504455452938446,0.6752870395068313,0.6117906523878367,0.4725306143325491,0.5850927254086714,0.44035059111002545,0.44238895945681866,0.6844630942745072,0.6824247259277141
SNTA1,ENSG00000101400,chr20,33397956,33453763,264,0.4304914660468498,0.6906979919812836,0.6108150281158999,0.42877703025825536,0.5464523965243389,0.39635903806774314,0.47137885847214184,0.7770780691050438,0.702058248700645
CBFA2T2,ENSG00000078699,chr20,33480074,33660036,730,0.5892168921286332,0.6353429137878667,0.6449994524567373,0.5992241012879718,0.5630071488512074,0.431425915773348,0.5476561389262757,0.5773719410532452,0.4611417179003175
NECAB3,ENSG00000125967,chr20,33647086,33684463,171,0.3051184645461731,0.3145869317447449,0.27964930074691224,0.3294393782621692,0.29869661937111674,0.20686520019029328,0.21128003389634842,0.17086840292199043,0.16645356921593535
C20orf144,ENSG00000149609,chr20,33652326,33675619,120,0.3466637030106022,0.3346800394325147,0.371939146052952,0.3787553276838992,0.3405705639300436,0.18401613676851045,0.2335685895163335,0.22347107355978854,0.17391862081196552
ACTL10,ENSG00000288649,chr20,33656942,33678525,100,0.4724813779183543,0.45318664447332624,0.3737749992912819,0.4750524276555438,0.34322738664843927,0.38758665743459136,0.41384360716084867,0.21606109211184638,0.18980414238558901
E2F1,ENSG00000101412,chr20,33665476,33696385,119,0.3480308878977236,0.32374286472200664,0.1455049925199179,0.39790690393856254,0.19263219738328186,0.33084768541164544,0.3422745747130619,0.06033421222259061,0.04890732292117417
PXMP4,ENSG00000101417,chr20,33692757,33730319,150,0.3227347481738324,0.26347444937314113,0.2913467658175243,0.3812135568409274,0.2973143301565355,0.17555733312406197,0.2164804032684254,0.1302540185994248,0.08933094845506137
ZNF341,ENSG00000131061,chr20,33721656,33802269,361,0.27344334939992926,0.1395254124525816,0.14211631284771198,0.231008307868602,0.151371451920811,0.15821163305138747,0.12440630178518666,0.0,0.02586489417502702
CHMP4B,ENSG00000101421,chr20,33801347,33864366,354,0.36395765007157976,0.30482383932371016,0.22999543000260306,0.37679666686013624,0.25159148585052743,0.2773606488833825,0.2733330623854686,0.08622934805272237,0.09025693455063635
RALY,ENSG00000125970,chr20,33983645,34118308,478,0.566496011749183,0.5857089840350821,0.5381824195377387,0.5197437784913866,0.5025181232189208,0.4722277921586156,0.4582129930243287,0.4089588228294539,0.42297362196374083
EIF2S2,ENSG00000125977,chr20,34078308,34122243,145,0.5160367790106652,0.516935270320393,0.3942591892570459,0.4883880165176137,0.3986852948412633,0.47602394690203326,0.4445782793986383,0.25158067150705204,0.28302633901044705
ASIP,ENSG00000101440,chr20,34184568,34279344,225,0.3694653687178007,0.7759916400437559,0.7697253047532899,0.47579474171190667,0.7429599399324004,0.2443883747193104,0.3917102665881367,1.251683531870974,1.1043616400021476
AHCY,ENSG00000101444,chr20,34270267,34321802,233,0.5912327473607887,0.7519730470108307,0.7325046842565944,0.616428681739215,0.8024401473081086,0.48508699132268795,0.36536693852504876,0.9091308659919224,1.0288509187895616
ITCH,ENSG00000078747,chr20,34353240,34550748,797,0.3709064750174699,0.4008974350364978,0.3332472737389252,0.3655615368513275,0.30689750646736924,0.28523089323027684,0.30038002872593694,0.22709157530993385,0.21194243981427374
DYNLRB1,ENSG00000125971,chr20,34506413,34550958,158,0.4520930197686689,0.520708385986118,0.30788684211928585,0.4784653052526025,0.4635384953304029,0.4845450030256535,0.38183253754352176,0.2509010662638394,0.35361353174597115
MAP1LC3A,ENSG00000101460,chr20,34536853,34570345,125,0.4149243579845537,0.6117064334670577,0.5717440460866304,0.5226277649759257,0.5831986914307725,0.3169867546038403,0.40515334359022515,0.6290068560680613,0.5408402670816763
PIGU,ENSG00000101464,chr20,34550541,34708790,655,0.43082958429906715,0.6146752904307431,0.49807093682821474,0.5099938004637433,0.49422550866514814,0.41397390516238364,0.49267087809408505,0.5396949935165554,0.4609980205848541
NCOA6,ENSG00000198646,chr20,34679096,34835651,607,0.40949822999490876,0.5545480994829426,0.468694391022468,0.4762795857608723,0.44217133798821634,0.3515153813478894,0.43587994095130866,0.4571506239662971,0.37278606436287764
TP53INP2,ENSG00000078804,chr20,34694338,34723439,108,0.3336721995309475,0.5541846454330066,0.4228456221437074,0.43856390987829985,0.4499300276859331,0.3320892284406268,0.39369898031456735,0.47576118745745616,0.4141514355835157
GGT7,ENSG00000131067,chr20,34834719,34882856,180,0.3180060558206845,0.4963427966744926,0.34119811703569836,0.32422674238617966,0.42602095701494946,0.3256307363109091,0.26129733878915534,0.3602286581401849,0.4245620556619387
ACSS2,ENSG00000131069,chr20,34862145,34937962,285,0.4210771322726903,0.7138738656182135,0.5611464400066799,0.426496360283727,0.6102236812801023,0.48715953242145255,0.43256564293766286,0.7641630036587259,0.8187568931425155
GSS,ENSG00000100983,chr20,34918431,34966027,206,0.403503704503014,0.6389741397682055,0.4952223328373535,0.3506883264118713,0.4783137656607045,0.4259253631954984,0.3999795868305807,0.5928803250283007,0.6188261013932184
MYH7B,ENSG00000078814,chr20,34945809,35012437,379,0.33955848008089423,0.4863812486868985,0.35967282869954087,0.33119270275024765,0.3924187201875953,0.3176723438311041,0.2851320026156444,0.34860167387573193,0.38114201509119183
TRPC4AP,ENSG00000100991,chr20,34992403,35102807,557,0.3490402029011676,0.48257907669077077,0.38252564407091827,0.38759920691766453,0.41828736557725976,0.30304411240250584,0.3037440912012071,0.35585445831556795,0.35515447951686674
EDEM2,ENSG00000088298,chr20,35105363,35157336,298,0.3116645597186835,0.38542038221159547,0.3036736244882171,0.3784342755170939,0.3530047200837787,0.24917949815153598,0.2634570678045509,0.23763729506128223,0.2233597254082673
PROCR,ENSG00000101000,chr20,35162071,35226240,296,0.45463345928344273,0.6757259955140601,0.4819186334960756,0.4289826917789118,0.5063552275609667,0.5374203077352179,0.49028154040124744,0.588746119993471,0.6358848873274414
MMP24OS,ENSG00000126005,chr20,35191744,35288131,475,0.39260270360587857,0.4968410826503657,0.4202815764236057,0.3453351992078201,0.3855726079418999,0.32010431364644004,0.31170831692742085,0.3667449060693154,0.37514090278833456
MMP24,ENSG00000125966,chr20,35216689,35286998,328,0.3425398501150027,0.3718005024658044,0.4033195069071349,0.30587163999170663,0.37394909355444045,0.18394756036614518,0.18083613976681923,0.28094993136182045,0.28406135196114635
RP4-614O4.11,ENSG00000261582,chr20,35257884,35290043,181,0.3492301791336215,0.3483356417034049,0.3614132713013631,0.345578825326409,0.3376974699453262,0.20466356689097434,0.22009847046445158,0.22356207060194444,0.2081271670284672
EIF6,ENSG00000242372,chr20,35268906,35294985,153,0.2672187067437304,0.33785428710212934,0.2624396070339622,0.337749055685584,0.30252917549334485,0.20938516275225905,0.23204288361753292,0.2028844743959182,0.18022675353064424
FAM83C,ENSG00000125998,chr20,35275730,35302425,145,0.3381253860625344,0.3582975957567062,0.21018005783626278,0.35809855930391055,0.3192532713117665,0.310179746328328,0.2511930904523957,0.1334508812263253,0.1924375371022576
UQCC1,ENSG00000101019,chr20,35292565,35422031,609,0.4020221001991968,0.39552292270698713,0.28448938601655294,0.4727067203629703,0.33587893325865875,0.3414170832945587,0.36704954522240874,0.16197444646253073,0.13634198453468072
GDF5,ENSG00000125965,chr20,35423346,35464746,182,0.36819150691483243,0.36992722106239845,0.3322617100748926,0.5421155184526872,0.3622785753677028,0.25861496420448404,0.3966022825120003,0.2033049799410643,0.06531766163354796
CEP250,ENSG00000126001,chr20,35445163,35529280,391,0.3901945880377954,0.43348734255303806,0.3538214054482984,0.4409373023681676,0.38843402588177606,0.3130959368777808,0.3290085333056314,0.2551599186432506,0.23924732221539996
C20orf173,ENSG00000125975,chr20,35513185,35539652,117,0.3181572527138267,0.3431967673108719,0.25250940616630735,0.3474273162642233,0.36414738060986146,0.2561467326170501,0.19720753962735402,0.16422406636150202,0.22316325935119805
ERGIC3,ENSG00000125991,chr20,35532037,35567634,154,0.28196327927276305,0.24003454275589262,0.144612304571789,0.3469639773634187,0.19726837239237088,0.22475819901081012,0.24043522551554697,0.0497240987184735,0.03404707221373671
SPAG4,ENSG00000061656,chr20,35605828,35631094,104,0.23960501619347147,0.41238693565645784,0.3499748248316417,0.2488782486060247,0.4043526572064753,0.18742984044572242,0.14988381454576505,0.34425676108776115,0.3818027869877185
CPNE1,ENSG00000214078,chr20,35616030,35674956,256,0.19286498743582908,0.34016656912410254,0.2784160510310818,0.1861525631153427,0.3612536593848987,0.15186281100837393,0.08675117066815824,0.26390504226660394,0.3290166826068196
RP1-309K20.6,ENSG00000272897,chr20,35622339,35684544,276,0.14943763095255794,0.3166401770156158,0.24791406940834898,0.1759474388731606,0.3295447463372561,0.12884328819547552,0.08722818999768245,0.2518904427306725,0.2935055409284656
RBM12,ENSG00000244462,chr20,35638924,35674956,165,0.1321667466984163,0.3219946513214925,0.24010391704081346,0.14941526572573713,0.34929626082803034,0.12789110071749296,0.060365259692579276,0.26070900144901255,0.3282348424739263
NFS1,ENSG00000244005,chr20,35658051,35709355,232,0.2174574920223573,0.2641850078279289,0.22687547080583548,0.21943060150344448,0.289768469149579,0.1473342255660763,0.10617196320590319,0.1594423356171754,0.20060459797734845
ROMO1,ENSG00000125995,chr20,35689271,35710984,103,0.08574783118085234,0.22357757396676775,0.16440789241832568,0.13744373250452954,0.1834928360358571,0.08154634931378264,0.09909692268807763,0.17151219415228014,0.15396162077798514
RBM39,ENSG00000131051,chr20,35691346,35752312,311,0.16712402501577028,0.27004945766718613,0.19592840668459377,0.17718395879234392,0.20045019621383672,0.13979103374185206,0.14304733394906194,0.17498746362202072,0.17173116341481084
PHF20,ENSG00000025293,chr20,35761973,35960370,879,0.3409508364338276,0.3914683119596678,0.2889009990629689,0.3355054110497479,0.3934561478389903,0.2863599095878947,0.20272829329181855,0.21034638266054215,0.29397799895661836
SCAND1,ENSG00000171222,chr20,35943616,35969472,127,0.217531746851445,0.3675583431562302,0.27273155977973135,0.2551195626176466,0.3649677930805428,0.1925048036966223,0.14930965158943832,0.2656625010826451,0.30885765318982905
CNBD2,ENSG00000149646,chr20,35944563,36040700,454,0.25645124264610597,0.4710937471982759,0.3631954743689226,0.2171623224085935,0.42895336600893624,0.24098623907130895,0.16074479478782566,0.39595783963287534,0.47619928391635863
EPB41L1,ENSG00000088367,chr20,36081503,36242799,740,0.30461880899002725,0.33142316532862526,0.3294413840375821,0.3451870169349788,0.34702207882723646,0.18312745090177807,0.19989879880718733,0.2194765022097437,0.2027051543043345
AAR2,ENSG00000131043,chr20,36226130,36280918,264,0.22569902238498737,0.31199187069686124,0.25324439701779455,0.29584681733118606,0.2813262399234148,0.16886596376235183,0.19718310865616545,0.20508866150866267,0.176771516614849
DLGAP4,ENSG00000080845,chr20,36296335,36538637,958,0.5389331944706546,0.5133640284085242,0.5196975493447661,0.5176917810001787,0.4653778521806913,0.38055599556595177,0.4116078952169356,0.3396829314433497,0.30863103179236584
MYL9,ENSG00000101335,chr20,36531496,36561447,135,0.26133149807083156,0.19407316850395914,0.2027188258670254,0.300965694764165,0.29487196404489635,0.14606024191301015,0.11222094968222385,0.06970207846481943,0.10354137069560573
TGIF2,ENSG00000118707,chr20,36563487,36603950,172,0.41353303717513784,0.2775739946328181,0.3208856391443457,0.4283451486116429,0.34071071208150516,0.23590674030473194,0.23388364734617514,0.08923353865226646,0.0912566316108232
TGIF2-RAB5IF,ENSG00000259399,chr20,36564552,36622384,245,0.45554383851690883,0.34071833888096376,0.45114718426569483,0.4964463015526581,0.3416876561713589,0.2123236558380756,0.34229678874362773,0.20428077309643322,0.07430764019088104
RAB5IF,ENSG00000101084,chr20,36595778,36622557,118,0.5895166275778964,0.3915283017883328,0.3789569920537435,0.5397421251966706,0.43990983110154086,0.45543489573374407,0.34655786761659246,0.04136998264746988,0.15024701076462155
SLA2,ENSG00000101082,chr20,36602317,36656196,274,0.5339598470248692,0.4610909740491735,0.5223479443600215,0.5228375820821863,0.4932096474953619,0.3214096300524365,0.33922449289796996,0.2967988752887462,0.2789840124432128
NDRG3,ENSG00000101079,chr20,36641765,36756090,406,0.3560776411826984,0.35445739927152575,0.4096878353429063,0.414807028978815,0.44514036597444356,0.1753687030086329,0.1922187933267558,0.26229537138349635,0.2454452810653735
DSN1,ENSG00000149636,chr20,36741790,36783818,117,0.2872789843332253,0.2953175886983716,0.36891964799596455,0.27678762527032263,0.3974942155126384,0.11417559589538154,0.08370120210529924,0.23583246219449763,0.2663068559845799
SOGA1,ENSG00000149639,chr20,36767446,36873538,457,0.4089300365317558,0.5514552976502933,0.5900458379005988,0.43449616631351545,0.6128484753758277,0.2179289467237202,0.21142300486775717,0.5838179849354959,0.5903239267914591
TLDC2,ENSG00000101342,chr20,36866120,36904235,172,0.47497582918223513,0.3496582641814337,0.36702617779495034,0.40953655705035485,0.3454032621052366,0.3086210359070167,0.26668448022521496,0.1216362709290082,0.16357282661080996
SAMHD1,ENSG00000101347,chr20,36880228,36961893,371,0.4990930471192116,0.589839913640644,0.5618836482483721,0.4094049234347741,0.5321358636755784,0.37863594914048404,0.329127527389812,0.5125717918158204,0.5620802135664926
RBL1,ENSG00000080839,chr20,36986348,37105997,452,0.40604813343714297,0.48002082300293053,0.4294031919699946,0.38453299303917116,0.3801543670080042,0.30692553689644214,0.33052781994429553,0.3470409755484188,0.32343869250056534
MROH8,ENSG00000101353,chr20,37091225,37189588,480,0.461551608146353,0.3542463342317729,0.2942359253442913,0.47204962051404004,0.27247395713826816,0.3539632624411428,0.37899233268542953,0.08337390782044923,0.058344837576162434
RPN2,ENSG00000118705,chr20,37168409,37251619,436,0.5143311023884403,0.29602501664420644,0.27716519683457763,0.5994502721821977,0.3104444190642316,0.3743330277047454,0.44711091990022067,0.0,0.0
GHRH,ENSG00000118702,chr20,37241085,37271814,167,0.3474506617149591,0.31850679620247563,0.3218271169750884,0.36241534941542863,0.35746260124706475,0.21099224744640963,0.19560348505785846,0.17247675286629077,0.18786551525484194
MANBAL,ENSG00000101363,chr20,37279648,37327260,275,0.28348936171057926,0.4549416655292846,0.44200239057898283,0.2969302968460112,0.43266056157426575,0.17841201888271602,0.1961820989317664,0.4284504354380083,0.41068035538895786
SRC,ENSG00000197122,chr20,37334684,37416050,402,0.19955958753578099,0.34807158122340087,0.4446375726725177,0.16355666040347536,0.4337884036155213,0.03113967064839418,0.01881479036789868,0.3966808395865957,0.4090057198670913
BLCAP,ENSG00000166619,chr20,37482471,37537931,278,0.637829682791189,0.8427610337078375,0.8192518013268982,0.6456134839018001,0.7816575248766651,0.5774894284807193,0.6828325992656208,1.2724991240461772,1.1671559532612756
NNAT,ENSG00000053438,chr20,37511205,37533690,106,0.6298742214987519,0.8159805988499579,0.7485855727729763,0.6629321799481983,0.676890761389363,0.6529869390899381,0.8252101977140746,1.039727146808891,0.8675038881847541
CTNNBL1,ENSG00000132792,chr20,37683954,37882129,1212,0.5610977204310564,0.45848773545246885,0.4856133219217978,0.5143032941588893,0.4674449574756697,0.3860440238447801,0.35274572751707006,0.22734553974221716,0.2606438360699273
VSTM2L,ENSG00000132821,chr20,37893110,37955350,447,0.37987368961764023,0.3421255779356212,0.23539003907860262,0.3647060393495776,0.234153236788019,0.31409193944287883,0.30281774678376533,0.10464927435419982,0.1159234670133133
TTI1,ENSG00000101407,chr20,37973006,38043461,444,0.39643608437983224,0.29450932356063525,0.1860644291790132,0.3737974201102524,0.19825087811137113,0.32394549584581955,0.2979917689223454,0.024916227466756813,0.050869954390230926
RPRD1B,ENSG00000101413,chr20,38023724,38137780,722,0.3811827372354013,0.3048609313839036,0.21626835022187108,0.3712533118706714,0.20691531639439414,0.29995000877250694,0.2979224527690911,0.063693345933722,0.06572090193713784
TGM2,ENSG00000198959,chr20,38117384,38176578,476,0.3986370912064304,0.6227629541269043,0.46527765928315257,0.40402835616498517,0.34809628866482845,0.42871527460478626,0.532292650388078,0.5461662456275259,0.44258886984423407
KIAA1755,ENSG00000149633,chr20,38200502,38270772,402,0.22333882604978822,0.31255574509396017,0.23277224247126532,0.2490226563367764,0.23529544749360767,0.18127702701024212,0.19644430338671234,0.1934975094916684,0.17833023311519824
BPI,ENSG00000101425,chr20,38294149,38347505,0,,,,,,,,,
LBP,ENSG00000129988,chr20,38336481,38387013,0,,,,,,,,,
RALGAPB,ENSG00000170471,chr20,38462815,38588859,569,0.5461644001271186,0.5945271260037256,0.7124519434739812,0.48406244711543656,0.6592213320066472,0.22317814231145705,0.24397438266405147,0.6795231605531058,0.6587269202005114
ADIG,ENSG00000182035,chr20,38571194,38598463,103,0.5426427195262293,0.5722841994294926,0.5572929922590492,0.5043509341637216,0.5951821314425761,0.40836980483911683,0.32343271612791624,0.4409265164770186,0.5258636051882192
ARHGAP40,ENSG00000124143,chr20,38591933,38661035,457,0.4535986843272049,0.517169792910459,0.4896394365093477,0.46949115046152234,0.5147252817308919,0.32992698613043564,0.3194843729140765,0.39816323912002954,0.40860585233638863
SLC32A1,ENSG00000101438,chr20,38714485,38739372,166,0.2218035194991113,0.42093143151744283,0.31923293502688305,0.37399240185855265,0.2980895012894465,0.20628777196594789,0.3303888876338936,0.3400466107510656,0.2159454950831199
ACTR5,ENSG00000101442,chr20,38738459,38782520,291,0.22841686871279102,0.23863407120669278,0.18501784530172147,0.20413657071306904,0.17779565438045025,0.16368149113193742,0.15260127203410762,0.10895969300743247,0.12003991210526224
PPP1R16B,ENSG00000101445,chr20,38795696,38933024,664,0.4425635668271703,0.4979113927256335,0.47861518020953364,0.4182291507756036,0.41556774225940896,0.31105928874123806,0.3467714512052559,0.37791937761029065,0.3422072151462729
FAM83D,ENSG00000101447,chr20,38916311,38963106,249,0.2354123145301645,0.8041050366353948,0.6623707896866396,0.18509788718743939,0.6765210439198419,0.40639411586584784,0.35312136330910304,1.2237825487331369,1.2770553012898818
DHX35,ENSG00000101452,chr20,38952298,39049723,457,0.24190451347988284,0.6308533295363187,0.5422156286973362,0.1993937741936216,0.5398487252672425,0.24607507592424926,0.22137365178340274,0.7504861570605936,0.7751875812014403
MAFB,ENSG00000204103,chr20,40675847,40699236,123,0.21570949201039785,0.15216893342877594,0.10478441369166139,0.20560101718123433,0.09522844352235589,0.1486794735948701,0.14758526637427308,0.016394403390126544,0.01748861061072357
TOP1,ENSG00000198900,chr20,41018821,41134487,486,0.3065675408916988,0.46194166951113136,0.32093387906153026,0.3124262974361515,0.35539010514636127,0.29942648136809313,0.2776322979159473,0.32036182234636223,0.342156005798508
PLCG1,ENSG00000124181,chr20,41126959,41206801,316,0.40266834749450997,0.5226925697508091,0.4611085250588465,0.34520683206650626,0.42158191046146304,0.3183181011533044,0.3077860108551856,0.4212763866865456,0.4318084769846644
ZHX3,ENSG00000174306,chr20,41168447,41327731,560,0.42265164588699955,0.5048495406183076,0.43780569749301707,0.3805422506188657,0.38347514515750913,0.3381476553798308,0.3490738722537601,0.364745948872742,0.3538197319988127
LPIN3,ENSG00000132793,chr20,41330820,41370582,218,0.30549328448068863,0.46023470544621137,0.34368117166988,0.2706611200746458,0.2907764629599611,0.2800328657857374,0.294326577782989,0.33658800783650533,0.32229429583925373
EMILIN3,ENSG00000183798,chr20,41349961,41376818,125,0.12132791618467212,0.1338258794126835,0.03731998124269894,0.16790876170579705,0.0558093774670498,0.11748931830887083,0.13502765389286883,0.026180009287441144,0.008641673703443098
CHD6,ENSG00000124177,chr20,41392082,41628384,1044,0.36404405633131576,0.4834676406996204,0.418738349630054,0.34078301137408945,0.4297314914278886,0.28534452581963454,0.25783595450431024,0.37527281545131097,0.4027813867666353
PTPRT,ENSG00000196090,chr20,42062751,43199970,7609,0.3669143048466462,0.39678162663659033,0.35569652880794994,0.36990966196232883,0.3602109273273063,0.2615200271160175,0.2603756740997025,0.24395597581628792,0.24510032883260283
SRSF6,ENSG00000124193,chr20,43447892,43476046,181,0.297060943159214,0.4040375363647683,0.34755765266483096,0.3336757875067561,0.37630375902602403,0.2215150875853545,0.22573234663984065,0.2960625067925857,0.2918452477380995
RP1-138B7.8,ENSG00000288000,chr20,43448053,43551881,592,0.31930485561205013,0.40050128555044057,0.32838049911984124,0.37170044407595204,0.34069026827532833,0.24911943147733942,0.27991891148595527,0.26254201741057137,0.23174253740195563
L3MBTL1,ENSG00000185513,chr20,43479441,43560954,446,0.3604291853276648,0.3826869051779431,0.3440778057956962,0.3571326105725562,0.31801371977915616,0.25381188146795475,0.2707250058622688,0.22856705527913332,0.21165393088481924
RP1-138B7.6,ENSG00000277611,chr20,43530170,43579498,284,0.4729640680807753,0.3945012844652194,0.3176348479729052,0.4578098247113466,0.2932949501230241,0.37999951859216874,0.38334970694727577,0.12170331872891338,0.1183531303738064
SGK2,ENSG00000101049,chr20,43548967,43598237,323,0.49777944461852086,0.3747903854561098,0.3828854839150524,0.5469163740945276,0.3618603864887424,0.33784176688394474,0.40607433923516545,0.13182653531996397,0.06359396296874315
IFT52,ENSG00000101052,chr20,43580936,43657299,453,0.5586714446833578,0.3875338772749041,0.42300575339953517,0.6152388901233935,0.4390880955666384,0.37915216085486864,0.43360143007537577,0.11110948707461005,0.05666021785410297
MYBL2,ENSG00000101057,chr20,43657018,43726495,438,0.6830204633114617,0.38091867918207317,0.45048358738069244,0.7033458525317475,0.4689237680679403,0.5148600316692378,0.5309286203491943,0.0,0.0
GTSF1L,ENSG00000124196,chr20,43716163,43737002,128,0.5799166797687776,0.5267097512475143,0.5667708200687505,0.6018136725224013,0.5633265431952049,0.3894301218709745,0.4201560335388073,0.35861632308923413,0.32789041142140124
TOX2,ENSG00000124191,chr20,43904851,44079616,1209,0.3525732664576734,0.31550855818870527,0.32572651648613055,0.4057884393746929,0.373644919652773,0.20985464666313555,0.21588057491823825,0.169224490500953,0.16319856224585033
JPH2,ENSG00000149596,chr20,44096589,44197188,650,0.33512474294531824,0.37909913375181087,0.3341264498921481,0.3464887380273172,0.3400493213129711,0.23904209679519353,0.24319459109809197,0.2375417486677876,0.2333892543648892
OSER1,ENSG00000132823,chr20,44185938,44220771,233,0.38451808614019,0.3173572969242552,0.29685432263856154,0.36293523092191904,0.2704649300264404,0.2574711085310615,0.25865989855646343,0.12431257649229815,0.12312378646689615
GDAP1L1,ENSG00000124194,chr20,44237098,44290947,319,0.24385533903954545,0.24325625198432138,0.15379358987849875,0.1511125403696832,0.16310813283459868,0.1956305989149877,0.13224942138993062,0.08309999382392358,0.14648117134898062
FITM2,ENSG00000197296,chr20,44292839,44321202,126,0.3832132577446876,0.4149688661862929,0.3322369040042356,0.26678890595222676,0.32564232378912367,0.30775017463682197,0.22620860657339562,0.22834003833523173,0.30988160639865814
R3HDML,ENSG00000101074,chr20,44327042,44361238,227,0.29382485777281436,0.37039674663037114,0.2152976355198843,0.24025837187456128,0.3005337902402056,0.2840533116766761,0.19000224435409274,0.178612102855979,0.27266317017856234
HNF4A,ENSG00000101076,chr20,44345699,44444596,597,0.3349469500645654,0.4693494615285235,0.3658167379730668,0.3005150727218997,0.3536021423443954,0.2930613758577554,0.27736127047208775,0.3405902181776389,0.3562903235633065
TTPAL,ENSG00000124120,chr20,44465873,44504603,0,,,,,,,,,
SERINC3,ENSG00000132824,chr20,44486220,44532085,0,,,,,,,,,
PKIG,ENSG00000168734,chr20,44521784,44634247,476,0.28783799724282355,0.29340910053398933,0.26557182282462344,0.3980340061208113,0.30281400101205896,0.18904510608008004,0.2470773500000137,0.15825831738911839,0.10022607346918477
ADA,ENSG00000196839,chr20,44609521,44662233,317,0.55761312401571,0.5284963410981623,0.512569171966777,0.5785824518545639,0.5427374560750142,0.4243960108463049,0.41673099705752564,0.32743240596127876,0.335097419750058
CCN5,ENSG00000064205,chr20,44704843,44738509,244,0.615693665177353,0.6272939339921133,0.6042770571671847,0.6344222219646201,0.6710906622759586,0.508119771187008,0.440634142395383,0.478845425596145,0.54633105438777
KCNK15,ENSG00000124249,chr20,44735864,44762313,160,0.39649655595176314,0.32453844010339095,0.3133471746578669,0.3561393999110506,0.26321222670642225,0.26071804884062555,0.2635883383165917,0.1316409805090915,0.12877069103312538
RIMS4,ENSG00000101098,chr20,44741807,44820546,375,0.28409004616011263,0.2597258220625189,0.2150972713300771,0.31498878724685175,0.19027225828746325,0.19637002600179132,0.23399875669564496,0.10436462467795407,0.06673589398410043
YWHAB,ENSG00000166913,chr20,44875701,44918532,206,0.19528382013198062,0.18657449004069457,0.10289510247926481,0.28875596630362876,0.1538800367150951,0.1575920390201952,0.19007323853239474,0.04890888484720175,0.016427685335002246
PABPC1L,ENSG00000101104,chr20,44900059,44969035,369,0.31735937958684407,0.3243149693771651,0.20848722367873762,0.30488932845959815,0.2692278843081517,0.27000286028923715,0.22102941897211775,0.12202538226083648,0.17099882357795584
TOMM34,ENSG00000025772,chr20,44932129,44970397,179,0.23513943196379086,0.2997538164872248,0.33310296987271376,0.21829348392059264,0.2703660365471597,0.10963270910165998,0.14369346626246118,0.24669060593322623,0.212629848772425
STK4,ENSG00000101109,chr20,44956478,45090021,609,0.30324043690563746,0.3639749474473867,0.31746464003043584,0.29686411635306065,0.3314433377005299,0.21594563462614436,0.20104415734127762,0.23657169098567224,0.2514731682705389
KCNS1,ENSG00000124134,chr20,45081213,45111127,172,0.3003947460584339,0.3596912451345441,0.3586498258433088,0.24291064976175686,0.37831962292272475,0.17943206886862484,0.12437480421910593,0.266372720614207,0.32142998526372596
WFDC5,ENSG00000175121,chr20,45099451,45125172,165,0.22138099338757167,0.42991171774747655,0.34953450189237784,0.2478567105660346,0.3788902597402598,0.19106523018352464,0.1852724902291292,0.37089881881808473,0.3766915587724802
WFDC12,ENSG00000168703,chr20,45113424,45134465,137,0.22619507469634917,0.44072253829910274,0.27382811020272957,0.26622692890035765,0.32904564256912155,0.2587882587878396,0.24580543743661212,0.32232131651306584,0.33530413786429336
PI3,ENSG00000124102,chr20,45164901,45186544,133,0.18408939105870054,0.3498447660712003,0.2578282323386774,0.16108745242316228,0.28926337307038824,0.16791001563082758,0.13236979558866682,0.2626341075460018,0.2981743275881626
SEMG1,ENSG00000124233,chr20,45197032,45219768,114,0.09942238140196842,0.3864255633780177,0.26686317179504976,0.09271777791247694,0.2791379234856382,0.1413748442167381,0.1292239768505339,0.34707884688727814,0.3592297142534823
SEMG2,ENSG00000124157,chr20,45211372,45234458,104,0.13234300096516347,0.37806864731463774,0.2693009867396384,0.1276595386236627,0.327713933847791,0.15156535601173565,0.1072148581725702,0.3233602017795542,0.36771069961871955
SLPI,ENSG00000124107,chr20,45242238,45264564,135,0.21033404962040675,0.45704507437375114,0.4412674807153232,0.2445187815230612,0.44753171674091474,0.13239491200845954,0.14888503829532385,0.47833406038166504,0.46184393409480073
MATN4,ENSG00000124159,chr20,45283444,45318529,218,0.207855489544074,0.36058717820037034,0.33737565219731025,0.20286171730780297,0.34135171545708753,0.13433469343669485,0.12818325155910693,0.3128702962592781,0.319021738136866
RBPJL,ENSG00000124232,chr20,45296839,45327824,204,0.24944541222629854,0.35761516541884525,0.23479757987993125,0.22697901247378816,0.27543111110144725,0.2309478703603048,0.18891918354479909,0.21161985370698963,0.2536485405224954
SDC4,ENSG00000124145,chr20,45315287,45358424,293,0.4014429674126611,0.5284811176462718,0.48491548907050913,0.4283667267592392,0.42219208374516065,0.3008026516961569,0.38126998192633116,0.4509934786045282,0.37052614837435405
SYS1,ENSG00000204070,chr20,45351936,45386798,194,0.5507032553867458,0.509515927601763,0.36447358332645424,0.6793167098290578,0.39513317351253396,0.5295662800938634,0.6734583919335875,0.1827961925849365,0.038904080745212455
SYS1-DBNDD2,ENSG00000254806,chr20,45353199,45420610,348,0.6044838293477922,0.5544283164862912,0.41418097322139164,0.7014043062299995,0.4794732610617086,0.600608190070403,0.6820739670171082,0.20778894919013519,0.12632317224342993
TP53TG5,ENSG00000124251,chr20,45362556,45417889,280,0.5568982241747127,0.5231415207558872,0.405676586729926,0.7147048312560548,0.5051670293173397,0.5170798366908861,0.6456157349329231,0.22345568463955867,0.09491978639752163
DBNDD2,ENSG00000244274,chr20,45396056,45420610,122,0.5910010519145272,0.570689463707532,0.3943197308135715,0.6705641237397731,0.40434702149632584,0.6191072076018662,0.7189256409869147,0.22646755349153525,0.12664912010648655
PIGT,ENSG00000124155,chr20,45406083,45466934,330,0.43684693989410006,0.5986165043434614,0.47576951875865914,0.5088591619963566,0.5201222989532215,0.420608970669633,0.44481915829546015,0.492228989744922,0.4680188021190948
WFDC2,ENSG00000101443,chr20,45459752,45491532,188,0.21290282174641026,0.5679963266650007,0.4889284364875118,0.28510822213715037,0.5721961458155289,0.20373954697189506,0.16292741099994146,0.6355816407120065,0.6763937766839601
SPINT3,ENSG00000101446,chr20,45502460,45525622,154,0.3231837573684735,0.6659836209497914,0.6396799776583325,0.39734210707036793,0.6119727431622891,0.23307901424378852,0.3281455704434447,0.863486233891543,0.768419677691887
WFDC6,ENSG00000243543,chr20,45524195,45549482,176,0.3478251680103197,0.5324817403462032,0.4535466815119719,0.4184937164210713,0.49864343047457715,0.29172654232209316,0.3060063293885613,0.4685903306110615,0.45431054354459327
EPPIN-WFDC6,ENSG00000249139,chr20,45524195,45557662,257,0.25430268551364105,0.46422201489520953,0.38837966926810313,0.3207559052964784,0.38694991958260816,0.21291367639063352,0.2607507430233582,0.4111217342221201,0.36328466758939554
EPPIN,ENSG00000101448,chr20,45530625,45557752,216,0.20941129396105237,0.30887971514094015,0.37359323007017947,0.2490459318747725,0.36574998884277243,0.06833174180059692,0.10027006194502236,0.30110965496080905,0.26917133481638356
WFDC8,ENSG00000158901,chr20,45541152,45589326,407,0.17765889612920346,0.32399695090771147,0.3202177626979023,0.19777503833457677,0.3654324491624217,0.10058746144272632,0.07855618384160812,0.2909702310150678,0.3130015086161859
WFDC9,ENSG00000180205,chr20,45597938,45641284,307,0.34807742705164,0.4422567965921355,0.36208203862862937,0.3049646560207238,0.3664665494395013,0.2810702588161149,0.24560336685197204,0.30278637265982855,0.3382532646239715
WFDC10A,ENSG00000180305,chr20,45619738,45641196,156,0.3243220622987095,0.4101170937359116,0.3347164027107738,0.3319072641182584,0.34155488328521677,0.25616404928775344,0.2566427037306248,0.27166717645036825,0.2711885220074969
WFDC11,ENSG00000180083,chr20,45638562,45680270,199,0.3447935741667528,0.4688448837394038,0.3209110615195957,0.3543793142234182,0.3577212219832059,0.33425147147039636,0.3137557324409229,0.29844970791076697,0.3189454469402404
WFDC10B,ENSG00000182931,chr20,45674652,45715019,275,0.3506552539089194,0.5519051951109875,0.4792984501309076,0.30241939497628123,0.4687046628005422,0.29098185803939525,0.2652252191653256,0.5117685928598674,0.5375252317339371
WFDC13,ENSG00000168634,chr20,45692037,45718817,204,0.29367414596449665,0.45496028780074976,0.4528708908987374,0.20623110124016808,0.4249322377407429,0.1757523728751313,0.14229607121475324,0.43114424767774767,0.4646005493381257
SPINT4,ENSG00000149651,chr20,45712346,45735830,213,0.42237110339778833,0.5854355461967347,0.4769290082706298,0.3671873739507093,0.4012263148011933,0.39065619900307164,0.4126180777707253,0.4898706197762727,0.4679087410086189
WFDC3,ENSG00000124116,chr20,45737943,45801932,389,0.3530472564124002,0.659357389219929,0.5692257530507684,0.41931422632387255,0.5202672711435683,0.33511616243488435,0.4429703869841947,0.7418052510935288,0.6339510265442183
DNTTIP1,ENSG00000101457,chr20,45781953,45821427,238,0.4592966294008254,0.6030828432056802,0.5358149631235986,0.4062017194323558,0.4983292020345016,0.38572006104899215,0.3777160750386294,0.538307632083374,0.5463116180937366
UBE2C,ENSG00000175063,chr20,45802575,45826957,157,0.47012547173044567,0.5473883491888303,0.5193845712413802,0.49919313716622193,0.5148186933518265,0.3475739953270829,0.38051146497100474,0.4451468088267728,0.4122093391828511
TNNC2,ENSG00000101470,chr20,45813213,45843745,199,0.4031748794623029,0.573746438538018,0.46696533522161476,0.4409567881643903,0.4445277329246492,0.36984160709224434,0.4231564032304841,0.48287928799104357,0.4295644918528039
SNX21,ENSG00000124104,chr20,45823798,45853276,186,0.40227526252482604,0.5850517193759819,0.5798913005744801,0.4362940224238694,0.5647335996809415,0.2634922673581537,0.31051342523754333,0.616109124161992,0.5690879662826023
ACOT8,ENSG00000101473,chr20,45831720,45867405,217,0.3786631302140809,0.5543905272303081,0.514995266215835,0.42940179170945825,0.5171298409892277,0.2802987925640089,0.3206874144974861,0.5280135395712006,0.4876249176377234
ZSWIM3,ENSG00000132801,chr20,45847613,45889122,242,0.38306295490050774,0.46181390545843304,0.38545219505496076,0.38669238511295,0.4423674115569628,0.3078353070080819,0.26219227552527713,0.31171557098722075,0.3573586024700254
ZSWIM1,ENSG00000168612,chr20,45871226,45895266,128,0.3527070333697989,0.5679927140943034,0.47887254441861477,0.30776630961862517,0.4975270177170415,0.3112542369180535,0.2594655478861649,0.5280585884397488,0.5798472774716374
SPATA25,ENSG00000149634,chr20,45876490,45897622,111,0.38583835639584924,0.5820754543905861,0.5562834115562278,0.364390672196677,0.5494651163831004,0.2736911316283013,0.2641528863340907,0.5987632440196322,0.6083014893138426
NEURL2,ENSG00000124257,chr20,45878624,45901208,116,0.36188473191618165,0.6118931539896598,0.5154947322226042,0.3343963349994098,0.5774927104873806,0.3355419834132023,0.2459934525412642,0.6109326175394496,0.7004811484113878
CTSA,ENSG00000064601,chr20,45880143,45908949,146,0.4032880576467172,0.5651411848243735,0.5553900056777223,0.3649239484938222,0.4818689481896195,0.26924842784895564,0.3146086557758196,0.5634854355410587,0.5181252076141947
PLTP,ENSG00000100979,chr20,45888620,45922155,177,0.35880451374756844,0.5532868560652464,0.5180612542260074,0.45125261117312915,0.4898247754241988,0.26016063393621003,0.3664773324329655,0.5456779925970093,0.4393612941002537
PCIF1,ENSG00000100982,chr20,45924682,45958023,163,0.49121504336121763,0.3535246866760572,0.3110447685357434,0.5737052549569608,0.43444568676356754,0.36968555708867057,0.35944780269381743,0.06653470952440194,0.07677246391925502
ZNF335,ENSG00000198026,chr20,45938659,45982203,211,0.4177430887539467,0.18710906763525437,0.23605606430896092,0.5045711509160377,0.32331767683025264,0.239370479124411,0.2594682522381865,0.0,0.0
MMP9,ENSG00000100985,chr20,45998907,46026561,153,0.3196769892741266,0.4003845831993693,0.32463518283480775,0.38510943641014916,0.4442023467614351,0.2520760574308728,0.20521339483601692,0.2593907438444407,0.30625340643929666
SLC12A5,ENSG00000124140,chr20,46011689,46070150,301,0.33677838687482997,0.5063633713322135,0.45569751167468003,0.3942253722489076,0.5020546817851809,0.25417577327560725,0.2549689273375002,0.451779828680995,0.45098667461910197
NCOA5,ENSG00000124160,chr20,46050990,46099962,266,0.4463494140506916,0.7244616010096304,0.6490790733104257,0.32830787014105756,0.5762581807357924,0.4165277111717829,0.41417626915461364,0.8725005696543852,0.8748520116715542
CD40,ENSG00000101017,chr20,46108277,46139863,149,0.37733182392649434,0.48384101737789553,0.43516060752031277,0.3762880291307915,0.34599136226770894,0.281934065259342,0.3543861686748212,0.3794063898393031,0.3069542864238238
CDH22,ENSG00000149654,chr20,46163738,46318498,836,0.4638408793436863,0.6196972038049013,0.5804628722154989,0.4457381086914844,0.5493994770894671,0.360754277200798,0.379865698452372,0.6060332342706879,0.5869218130191138
SLC35C2,ENSG00000080189,chr20,46335979,46374458,0,,,,,,,,,
ELMO2,ENSG00000062598,chr20,46356049,46442985,393,0.5377327169582337,0.5867239014779998,0.6696651579513194,0.6844980374513862,0.6169731052237578,0.27380147217110684,0.5387898478094048,0.6098379177858368,0.34484954214753893
ZNF334,ENSG00000198185,chr20,46489629,46523559,169,0.36562626266174425,0.36016106489782895,0.2987993894026403,0.354230714716484,0.26195640078970855,0.2733472751071954,0.29004970105622013,0.17319152309675584,0.15648909714773115
OCSTAMP,ENSG00000149635,chr20,46530945,46560654,225,0.36749517336733706,0.520618998589025,0.49151869632018563,0.45402148719148977,0.5055724518389488,0.2585000916536823,0.3180402957700169,0.4767594960446734,0.4172192919283388
SLC13A3,ENSG00000158296,chr20,46547822,46694467,964,0.4622035481097252,0.513196021526781,0.47977124017048034,0.4904586128371045,0.4397775577827847,0.34334111821113406,0.40735829399926676,0.37655262698515435,0.3125354511970217
TP53RK,ENSG00000172315,chr20,46674364,46699444,127,0.3217085103381675,0.31647320620272756,0.1999799454067869,0.3602190486113995,0.2701563215721189,0.272774548502075,0.25609697023560507,0.10771487421054787,0.12439245247701783
SLC2A10,ENSG00000197496,chr20,46699648,46746347,319,0.2724435319221136,0.4233790574854464,0.2771140844905774,0.2885335320824561,0.2954281951400107,0.2720649874266265,0.27041606766673343,0.27850518631263876,0.28015410607253177
EYA2,ENSG00000064655,chr20,46884623,47198844,2605,0.3790686723988601,0.42880541095862224,0.4044208627437171,0.42882630818237955,0.3892608809770715,0.2591695604033943,0.31350094148121355,0.30085578056501244,0.24652439948719335
ZMYND8,ENSG00000101040,chr20,47199213,47366889,0,,,,,,,,,
NCOA3,ENSG00000124151,chr20,47491886,47666877,801,0.4752327170012847,0.5451159189950093,0.5354714832169662,0.44825033425985944,0.5083874635338852,0.332890357235088,0.33615454945723516,0.454822302276728,0.45155811005458074
SULF2,ENSG00000196562,chr20,47646347,47796616,923,0.3871706597655382,0.4886789740275331,0.4151007161435894,0.3543623039254513,0.38659149753540545,0.3120554134879504,0.30977513174817584,0.3587022416789982,0.3609825234187729
PREX1,ENSG00000124126,chr20,48614251,48837999,1453,0.34067540904706695,0.4713319034746318,0.3885265812525976,0.29836828633807466,0.40863299835903527,0.2810249910276461,0.23321131384928745,0.3563694697807053,0.404183146959064
ARFGEF2,ENSG00000124198,chr20,48911710,49046693,611,0.34175678693960293,0.4858020844193707,0.35699183770403553,0.3065540203415689,0.37591566568504625,0.32086498418502163,0.2798796033817088,0.34428205368682674,0.38526743449013945
CSE1L,ENSG00000124207,chr20,49036245,49106960,353,0.312626835417073,0.4549976140635937,0.3688168214414156,0.2690744260796087,0.34447408595917167,0.2608419505299109,0.2490456508124637,0.3461231559335991,0.3579194556510463
STAU1,ENSG00000124214,chr20,49103338,49198367,458,0.35585245679485444,0.38821687430837143,0.2798630571415479,0.39640018161411816,0.27369153852282696,0.30144550858897967,0.33822040285359006,0.1899319204695617,0.1531570262049513
DDX27,ENSG00000124228,chr20,49209346,49254077,206,0.3935168624633424,0.3365404889068243,0.29041279059833364,0.5001613900397223,0.39852293418927404,0.2836469654764606,0.29769529520710836,0.1266404848159407,0.11259215508529291
ZNFX1,ENSG00000124201,chr20,49227945,49288426,295,0.36542987654811354,0.2630910070005385,0.26910224994430826,0.5104362525700837,0.38567297843563186,0.22330832595818054,0.26615179452779525,0.08198255149935765,0.03913908292974294
KCNB1,ENSG00000158445,chr20,49283393,49494297,1202,0.2807642717298904,0.45186467387703033,0.4206517808476715,0.34466917894854937,0.4099021714074756,0.19247381444415135,0.24819061646545748,0.4087592625961147,0.3530424605748086
PTGIS,ENSG00000124212,chr20,49493873,49578137,493,0.25256362070230304,0.2702613920520985,0.19034778269983835,0.30112018444870525,0.21790084264331064,0.19751224201911016,0.21378581135328983,0.11755663824767143,0.10128306891349176
B4GALT5,ENSG00000158470,chr20,49622944,49723878,405,0.5144127114545912,0.603695466403653,0.4932393703669512,0.38121924014205666,0.47901517906145674,0.4841260188207374,0.37677111017354187,0.4414463202213428,0.5488012288685383
SLC9A8,ENSG00000197818,chr20,49802712,49902242,553,0.42898825594150336,0.45626860532712216,0.40157275783892754,0.39100262554194976,0.3693605480702107,0.3280975437557586,0.32211013253687737,0.28120237010244686,0.287189781321328
SPATA2,ENSG00000158480,chr20,49893390,49925529,142,0.4673450380765535,0.6250563687853041,0.5062500382567174,0.33751853274256344,0.5355069919788715,0.45256747812439274,0.31296675149718683,0.528412102946841,0.668012829574047
RNF114,ENSG00000124226,chr20,49926335,49963885,151,0.5469558547417869,0.6512514953806561,0.5568459435250604,0.40256669659432676,0.5462155402724687,0.5156660644604087,0.3891919546042062,0.5377381692251838,0.6642122790813865
SNAI1,ENSG00000124216,chr20,49972979,49998886,178,0.3646566831967549,0.35902783725369075,0.3047116251064419,0.31223663272150776,0.29889204779872325,0.2674652145470092,0.23199314380368588,0.17730403631034602,0.21277610705366945
UBE2V1,ENSG00000244687,chr20,50071123,50125959,287,0.2848251696283233,0.3290433052124457,0.283221216092095,0.27802495367325647,0.24255662284874616,0.20064545724297492,0.2235044454729108,0.1984052251697586,0.17554623693982274
PEDS1-UBE2V1,ENSG00000124208,chr20,50071123,50163637,506,0.28085152942905706,0.35545514146174695,0.2871838918073658,0.29008195948105014,0.26780121147194014,0.21518324949722722,0.2350566877928928,0.22402760745135927,0.2041541691556937
PEDS1,ENSG00000240849,chr20,50108253,50163734,314,0.3202097510029505,0.379008221733231,0.3028155581470971,0.32308821842116064,0.2748115814417084,0.2508515708119531,0.27266399441854383,0.22558586583035628,0.2037734422237656
CEBPB,ENSG00000172216,chr20,50180829,50202668,107,0.3957412683515745,0.3779234684149543,0.2882779133821509,0.3872609434896152,0.3018768590907894,0.31918859511954545,0.3025742484523909,0.1555035575588376,0.17211790422599213
PTPN1,ENSG00000196396,chr20,50500320,50595241,450,0.3450102461574743,0.5008240790744316,0.4035310435996141,0.3717645400605537,0.4310295495395216,0.3006021515792986,0.2978550831900384,0.3941945468363651,0.3969416152256253
RIPOR3,ENSG00000042062,chr20,50576107,50701542,787,0.4851203031636204,0.5566746233707274,0.5163918246368229,0.49327741260801855,0.52515943074984,0.3753965214320416,0.3742333545617945,0.43805477261623155,0.4392179394864787
PARD6B,ENSG00000124171,chr20,50721579,50766795,276,0.44399827052295715,0.48044626644261,0.41056213106239275,0.33416990818481207,0.46789178384026536,0.3565914769875663,0.21529870123230826,0.29819356358490523,0.4394863393401633
BCAS4,ENSG00000124243,chr20,50784893,50887177,757,0.21478373522569114,0.2201634390033304,0.18127990425998716,0.24984547704345456,0.17112191204396965,0.1452270020328377,0.17423239384059297,0.10344391640540175,0.07443852459764644
ADNP,ENSG00000101126,chr20,50878915,50941437,368,0.2643652025433179,0.3010280957580454,0.20972856519805322,0.26571255462929594,0.17939764952565732,0.21489370505253128,0.2346414046070239,0.14325102672112314,0.12350332716663046
DPM1,ENSG00000000419,chr20,50924866,50969140,237,0.22071786940326163,0.2912085591864127,0.20439616684054157,0.25913589380469904,0.2232617034265436,0.18246108488251703,0.19574011016193987,0.1617328704832575,0.14845384520383467
MOCS3,ENSG00000124217,chr20,50948817,50973929,140,0.34366207354707484,0.39362197742935773,0.22654984816178847,0.36388429476795064,0.32098792926818404,0.3322185613358553,0.2827550595671333,0.16803312643755483,0.21749662820627685
KCNG1,ENSG00000026559,chr20,50993655,51033107,225,0.4758941267349111,0.45886734895566406,0.21861390278881573,0.48968217051919094,0.3409345660128149,0.5067332561785527,0.4349399649621662,0.10735757799732448,0.17915086921371098
NFATC2,ENSG00000101096,chr20,51376956,51572831,0,,,,,,,,,
ATP9A,ENSG00000054793,chr20,51586513,51778390,1455,0.38676503032607007,0.36343576377312026,0.31527709924429914,0.36087709061772916,0.2984919787673283,0.2809680017473522,0.2724027483033833,0.17070194331319924,0.17926719675716818
SALL4,ENSG00000101115,chr20,51772330,51812521,243,0.3904325726790157,0.3646137853955153,0.37230816719323095,0.34832430325882385,0.29170584206889416,0.24141100843292876,0.2684173485816924,0.21211124456689112,0.18510490441812746
ZFP64,ENSG00000020256,chr20,52041662,52214308,1186,0.3992693562856126,0.4136770343044029,0.3453378583683191,0.3472312096328443,0.33274584572951993,0.30992856979163197,0.2779162629077811,0.22395593543384534,0.2559682423176962
TSHZ2,ENSG00000182463,chr20,52962357,53505330,3145,0.3948135174801929,0.4538519112444239,0.3890315643420886,0.37860784669841924,0.40509044656257176,0.3071868833909202,0.2806560643592977,0.29767823179405345,0.32420905082567597
ZNF217,ENSG00000171940,chr20,53557070,53619907,283,0.37031517473350223,0.36178486047348046,0.3149290240500855,0.38030972632603666,0.3108451806443198,0.26669143688004715,0.27766299793342863,0.18238840631035869,0.1714168452569772
BCAS1,ENSG00000064787,chr20,53926776,54080594,1132,0.29540272082785485,0.37217158769799547,0.3322262918017797,0.27937814664741484,0.3497530310150957,0.20590566512494402,0.1813630486080939,0.2595827135412526,0.2841253300581028
CYP24A1,ENSG00000019186,chr20,54143445,54183986,344,0.3108090118311394,0.38134043806308365,0.31940271841344264,0.29929859098897654,0.3413400515905345,0.2338262387206725,0.20916284093810286,0.2463738995875432,0.27103729737011284
PFDN4,ENSG00000101132,chr20,54198086,54238052,337,0.2831281221829566,0.3093944241607793,0.23329990748193968,0.30169457528342725,0.2289927675030909,0.21869249939134297,0.23461379802990412,0.15149392076187662,0.13557262212331556
DOK5,ENSG00000101134,chr20,54465592,54661169,1539,0.37855312148229225,0.3803435518196562,0.457096461027891,0.2770146847055321,0.36102198950052733,0.1717356478087969,0.17753560031256563,0.3068544225512754,0.30105447004750663
CBLN4,ENSG00000054803,chr20,55987356,56015519,151,0.3719653410075785,0.637867329175751,0.47184413355699406,0.4753262833390189,0.4211772798539142,0.4212703638124987,0.5569821554328518,0.5944742764967469,0.4587624848763938
MC3R,ENSG00000124089,chr20,56238731,56259815,151,0.4067227524370517,0.34341545143028374,0.24604559796349168,0.4184538839846108,0.280487075070317,0.3301869372666715,0.3167940112619494,0.09051686941083026,0.10390979541555234
FAM210B,ENSG00000124098,chr20,56348973,56378663,181,0.338074209190018,0.24028772607943177,0.17168654439645456,0.2742345542883836,0.10957843366768114,0.2495268527333669,0.23964181992748662,0.025288651597144857,0.035173684403025096
AURKA,ENSG00000087586,chr20,56359388,56402337,256,0.3879432064162787,0.42712511897603195,0.34684040339939104,0.3705953874010478,0.41122151631635545,0.3110421851385845,0.24518182737833344,0.24604575869664583,0.3119061164568969
CSTF1,ENSG00000101138,chr20,56382370,56416362,200,0.41320499606209815,0.3872905377159468,0.44981788567446257,0.46831710137378485,0.4883605116687822,0.21271911200390742,0.22571870602188032,0.27714530378164903,0.2641457097636761
CASS4,ENSG00000087589,chr20,56402111,56470387,514,0.3673424106236412,0.4282072620118402,0.3103678211694995,0.32433113275277353,0.2813413690913637,0.32260386900290233,0.3103310232878287,0.2363748304372201,0.24864767615229372
RTF2,ENSG00000022277,chr20,56458584,56529449,499,0.45648586906973926,0.48522320256289064,0.4207797881441078,0.3256288905639144,0.3840344157111677,0.3638244529135536,0.28671620037778844,0.3001974223858271,0.37730567492159217
GCNT7,ENSG00000124091,chr20,56481491,56535925,349,0.4535662992469869,0.5130900787745093,0.3727569896053624,0.41464647405758054,0.3572673970589651,0.4287985987310483,0.4065944681559931,0.2908775409597162,0.31308167153477146
FAM209A,ENSG00000124103,chr20,56507186,56536152,175,0.46178970014790915,0.5305892888925302,0.3698327507140608,0.4055406363565082,0.3157223450938675,0.45700653030672256,0.4484942903146587,0.29927064679819143,0.3077828867902553
FAM209B,ENSG00000213714,chr20,56523245,56546520,162,0.5017099812008379,0.4318068057440455,0.2830005074348755,0.5158880140366268,0.3498088972916652,0.4645933228292713,0.43012192764744295,0.10070046453074455,0.1351718597125729
TFAP2C,ENSG00000087510,chr20,56619305,56649283,204,0.16796266389482825,0.16111172748469962,0.13976059718667883,0.18511439728999154,0.15772018800006857,0.10450557987870912,0.10437114376812881,0.07117216894681988,0.07130660505740019
BMP7,ENSG00000101144,chr20,57158752,57276641,890,0.49530019348032656,0.513293880164966,0.4884537603878538,0.4530128032951033,0.4397759177697407,0.36678447971003747,0.37200312142630804,0.35331030836949295,0.3480916666532224
SPO11,ENSG00000054796,chr20,57319802,57353994,196,0.26677826168356245,0.2588606361800958,0.28346813517639075,0.23794045789607973,0.22149253328322896,0.13827057556523434,0.1604602432739855,0.16129602047425862,0.1391063527655074
RAE1,ENSG00000101146,chr20,57341222,57389211,347,0.36747374584205983,0.3423178345339446,0.4437719004449749,0.3956002162414891,0.3863790617265895,0.14524511419457548,0.21708749803228,0.2737883813660008,0.20194599752829628
MTRNR2L3,ENSG00000256222,chr20,57348446,57369498,174,0.38478114168649585,0.4585946665167444,0.41570879723548715,0.48522332837309,0.3657920564791526,0.2810042361573213,0.4111153892860656,0.3325828144126516,0.20247166128390726
RBM38,ENSG00000132819,chr20,57381395,57419333,328,0.41862652802020855,0.43295269484393134,0.4588574317594922,0.4645480047645557,0.4272298247938472,0.24780098012308566,0.31734292643612777,0.31951156800108865,0.2499696216880466
CTCFL,ENSG00000124092,chr20,57485965,57535652,301,0.3826070509059442,0.5255184049116097,0.5142359423463453,0.3809996474736944,0.4999937522023486,0.2528748929764855,0.26602360072093195,0.49265755671976574,0.4795088489753194
PCK1,ENSG00000124253,chr20,57551079,57578121,184,0.3118430226282779,0.6100879551780979,0.559785613705488,0.38447895248500896,0.5119294746226578,0.24753948226293893,0.3549124325890449,0.6942946091280274,0.5869216588019215
ZBP1,ENSG00000124256,chr20,57593845,57630576,286,0.46984806808447377,0.559265870973674,0.43817049684368964,0.3833967945683312,0.40841936146295904,0.43867413330509014,0.3889428781922545,0.38063933406311695,0.4303705891759527
PMEPA1,ENSG00000124225,chr20,57638391,57721536,659,0.33560827072437116,0.43927373127966446,0.4768589673611997,0.3428905290134888,0.48908699229490793,0.16975079321140074,0.16343556817951937,0.408771633871693,0.4150868589035744
C20orf85,ENSG00000124237,chr20,58140901,58171150,254,0.6186744900620658,0.858805241403212,0.8808150829445628,0.47016642694216115,0.8415569497459403,0.3973189598611988,0.37522367762863296,1.5602961151701247,1.5823913974026909
ANKRD60,ENSG00000124227,chr20,58208494,58238653,205,0.4193329403795714,0.5523405458448585,0.47697368142152674,0.4646350802442023,0.5440883377210388,0.34958836112815767,0.3215364714489444,0.4541341214723305,0.4821860111515436
RAB22A,ENSG00000124209,chr20,58299714,58377507,427,0.4113913981686416,0.5307218252091243,0.48082277066209966,0.3778051464637658,0.4848807439536172,0.31552171030896836,0.2838523445531325,0.4410378528334621,0.472707218589298
VAPB,ENSG00000124164,chr20,58379228,58461101,364,0.3048356307787366,0.2673926322617776,0.18317478617797273,0.27989817505852665,0.1916266964119725,0.23621109351904995,0.213388353696722,0.07493427819621365,0.09775701801854167
APCDD1L,ENSG00000198768,chr20,58449100,58525399,488,0.42835260564304806,0.43911497326203197,0.39872166811169063,0.3777402038233039,0.3388127833304793,0.31438746098715575,0.31945934292111794,0.26385187690214074,0.2587799949681785
STX16,ENSG00000124222,chr20,58641252,58689526,187,0.31215893326455074,0.45530332574759447,0.40522740594311607,0.36785711523628245,0.3832314891274429,0.23107376714719807,0.2914522583574205,0.3764524331140222,0.3160739419037998
STX16-NPEPL1,ENSG00000254995,chr20,58641433,58725410,440,0.36976318819002607,0.5104937346042625,0.4414196306145711,0.3765496637901219,0.4262266795457181,0.2968304436806576,0.31566165750790737,0.4175275738301164,0.3986963600028666
NPEPL1,ENSG00000215440,chr20,58679130,58729238,315,0.3642062137696734,0.5734218856750205,0.5182973991924259,0.3760574865621428,0.46092571826302153,0.2872062071993451,0.3528774569999213,0.5647535696284187,0.4990823198278426
GNAS,ENSG00000087460,chr20,58829717,58921192,476,0.38248090769026183,0.5376896787423103,0.4962222396539101,0.35797396376009066,0.4720845083915623,0.28397207736741453,0.2879131408579144,0.48754684498248135,0.4836057814919815
NELFCD,ENSG00000101158,chr20,58971207,59005133,199,0.44815009079303714,0.577158039805135,0.504205921850085,0.5247675680566158,0.40729963487255727,0.376820678057112,0.54082087819217,0.48393610825140637,0.3199359081163486
CTSZ,ENSG00000101160,chr20,58975685,59018238,255,0.40892368950564617,0.5634536717870586,0.37234946600326985,0.483313195159988,0.4252174815654679,0.4444495903446431,0.46770780826326325,0.38441118333589497,0.36115296541727476
TUBB1,ENSG00000101162,chr20,59009428,59036654,154,0.24910461360568972,0.41970407064251675,0.3428391367904171,0.2577885805972376,0.29943148257531016,0.2054397865641079,0.24323756065128274,0.33877729596693273,0.30097952187975796
ATP5F1E,ENSG00000124172,chr20,59015474,59042345,135,0.32079545236167095,0.4949945099487937,0.413939251128849,0.2969352343641924,0.32062144908315404,0.26784354952080847,0.3244577239538966,0.4153424288565345,0.35872825442344636
PRELID3B,ENSG00000101166,chr20,59023144,59052809,144,0.2705806846062587,0.46420424719637315,0.38012877140467033,0.3265057184015339,0.31391146385653895,0.23063262507761143,0.3212647121629929,0.3933696236570384,0.3027375365716568
ZNF831,ENSG00000124203,chr20,59113380,59269113,923,0.4146358948469304,0.411909189454692,0.37520930248698137,0.3638454210304985,0.3569061098319876,0.2980282786925586,0.2708615266520692,0.23284562461262998,0.2600123766531194
EDN3,ENSG00000124205,chr20,59290442,59335992,256,0.36104816516870686,0.6042380470723239,0.6104747365280745,0.3424502957502642,0.5275926920055035,0.21602101312945526,0.2981317872847348,0.7109213643191754,0.628810590163896
PHACTR3,ENSG00000087495,chr20,59567508,59857711,2153,0.4327539833462356,0.5023405562666249,0.44312966550581073,0.4614495044429255,0.4566246520779663,0.3396893012804381,0.353379175227282,0.3581499825326425,0.34446010858579873
SYCP2,ENSG00000196074,chr20,59853563,59943655,537,0.39343262424136427,0.44353553897968523,0.4543372603074095,0.2837955993565386,0.4523358805250408,0.24016862612591516,0.1589242741472483,0.34598334577857676,0.42722769775724356
FAM217B,ENSG00000196227,chr20,59923763,59958680,172,0.17771527727217565,0.2829514635013911,0.25947737778351904,0.12736356999048654,0.2910312574123793,0.11394060843945092,0.062452088564293545,0.21867113837281263,0.27015965824797
PPP1R3D,ENSG00000132825,chr20,59926662,59950305,122,0.1745439388699026,0.378156263029765,0.3506143524800241,0.13453526368842564,0.34799382276345847,0.11757858393024648,0.09592692532247052,0.3574878606113906,0.37913951921916655
CDH26,ENSG00000124215,chr20,59948422,60044011,469,0.33142959852380616,0.2671732733311612,0.24469571571148532,0.3285314812217997,0.26874173605997503,0.2164124921534096,0.19807278048791743,0.09443350215130777,0.11277321381679992
CDH4,ENSG00000179242,chr20,61242260,61950617,5785,0.41160336491512495,0.472307457595941,0.4316504544689403,0.43274099663221993,0.4228223956671781,0.3022884137410471,0.32828775052914094,0.3369530571937615,0.3109537204056677
TAF4,ENSG00000130699,chr20,61943468,62075881,764,0.33759349814676265,0.6105553557569672,0.49514561974013194,0.49868302280713667,0.5422592148087382,0.33571207848203927,0.4260490032397752,0.6073214653328666,0.5169845405751308
LSM14B,ENSG00000149657,chr20,62112460,62145374,175,0.619985344074297,0.7521069170102052,0.6948037791288363,0.6435305560062796,0.6628170799616128,0.5877514197080699,0.6695673950974612,0.8070063230433603,0.7251903476539691
PSMA7,ENSG00000101182,chr20,62126732,62153440,163,0.6682662569127451,0.7494027368617198,0.7359548301583761,0.6476896701580092,0.7034743650275769,0.5778478378523391,0.6057647125190403,0.8060603199633801,0.7781434452966789
SS18L1,ENSG00000184402,chr20,62133768,62192514,521,0.4245489684981501,0.5873351257044382,0.46019572550930204,0.4651450305625102,0.49738944535140567,0.4105859705424455,0.411469728902887,0.474533487259861,0.4736497288994195
MTG2,ENSG00000101181,chr20,62173027,62213568,323,0.28779665153729295,0.46315178779182503,0.3976805360571319,0.30776773728234785,0.3669700236519372,0.22723219320210353,0.2663180606067005,0.3948076900569195,0.35572182265232255
HRH3,ENSG00000101180,chr20,62204959,62230278,137,0.4289269958893764,0.5777129122116637,0.5173384509609197,0.43746288014910606,0.5006169302005224,0.34693426013303874,0.37149312343629576,0.5151356332981871,0.49057676999493016
OSBPL2,ENSG00000130703,chr20,62221921,62306213,468,0.5209748088525971,0.6920411450914675,0.6493459485913166,0.511035327387983,0.61381224360492,0.432918017326847,0.47091125845402243,0.7448710755646917,0.7068778344375164
ADRM1,ENSG00000130706,chr20,62292092,62318862,105,0.5601902329072481,0.6601162852299217,0.5598998473736737,0.5180304970746763,0.6765453225136272,0.5399058849820679,0.34016494938256414,0.5392458502725848,0.7389867858720884
LAMA5,ENSG00000130702,chr20,62297954,62377312,508,0.46705358664951735,0.7068148489237587,0.6332905829545404,0.5733142890911191,0.6864495442056298,0.42654991427992917,0.45943177152839954,0.8004010403233348,0.7675191830748646
RPS21,ENSG00000171858,chr20,62377102,62398520,170,0.33595146092171413,0.1679958842112879,0.179555921648511,0.35728897178268454,0.11725055760249412,0.1977041980594637,0.25063204151278834,0.0,0.0
CABLES2,ENSG00000149679,chr20,62378631,62417285,267,0.3742426231693887,0.3079738040883551,0.1936745361455621,0.31079739678711465,0.14235190501528572,0.3108281060007679,0.29339502828440805,0.05730336271654707,0.07473644043290689
RBBP8NL,ENSG00000130701,chr20,62400236,62437539,243,0.22029372869728456,0.3071246907659869,0.24424064325530204,0.2221341491210881,0.21914258997705388,0.16785548287585442,0.1853718516894095,0.19904974206078396,0.18153337324722885
GATA5,ENSG00000130700,chr20,62453496,62485995,288,0.4608597997588488,0.524475468542655,0.38658379703270235,0.4700156229182526,0.46550718193220525,0.43620241247568237,0.3759037860988028,0.30713439498459083,0.3674330213614703
SLCO4A1,ENSG00000101187,chr20,62632502,62695785,576,0.5330365916950406,0.687818430014639,0.6571252500577162,0.4924607320586017,0.6146791914978473,0.4276423127652039,0.4443362391668718,0.7365279925963554,0.7198340661946874
NTSR1,ENSG00000101188,chr20,62698835,62772771,690,0.5017524155653855,0.5524242424242424,0.5316282531840998,0.47974826225363965,0.5240158838569428,0.371037332674131,0.3574905718341318,0.43287213224906074,0.44641889308905985
MRGBP,ENSG00000101189,chr20,62786472,62811729,163,0.3166690526979814,0.32447288807509583,0.2951499887804723,0.3389849715725471,0.3535480279334031,0.2116338623662573,0.18499215855954415,0.18062812393681707,0.20726982774353025
OGFR,ENSG00000060491,chr20,62794834,62824000,212,0.2741266303850756,0.31110825491749966,0.22636583291095747,0.2900056072459605,0.2689376389000679,0.21819733556371698,0.20095641607249703,0.15447380364255112,0.17171472313377106
COL9A3,ENSG00000092758,chr20,62806243,62851159,391,0.2581754656476961,0.299821090193581,0.23222587823239493,0.24342132822967166,0.2706694721011113,0.19540111508778082,0.15986994860987594,0.16101827606960376,0.1965494425475087
TCFL5,ENSG00000101190,chr20,62831004,62871822,344,0.26162363745389733,0.2764449803070492,0.20703559456311346,0.263411318290755,0.210560348612879,0.19745167647379117,0.19643622133578925,0.1261270127588151,0.127142467896817
DIDO1,ENSG00000101191,chr20,62867737,62947952,591,0.32768781621703996,0.37767871527734176,0.29260936527744397,0.34588354707153607,0.27692189592795563,0.2625795152493945,0.2872653152879873,0.2117192694279182,0.18703346938932539
GID8,ENSG00000101193,chr20,62928146,62958475,203,0.41639793193093616,0.4300890130195789,0.37631349577021034,0.39653271745838087,0.3453391542401629,0.31435178915748163,0.32185028806469085,0.24792330438304422,0.24042480547583506
SLC17A9,ENSG00000101194,chr20,62942706,62979585,281,0.4894144091216007,0.45273707469431157,0.3768434511325749,0.47427467606617413,0.3987262449894264,0.40103270464601865,0.3685486878605683,0.2017932195630196,0.23427723634846997
BHLHE23,ENSG00000125533,chr20,62995926,63017035,180,0.45920258404740283,0.40860679815358786,0.4635536704405643,0.4786758363508529,0.3818698392968125,0.2585979695456616,0.347800587289691,0.26667619710206986,0.17747357935804053
YTHDF1,ENSG00000149658,chr20,63185428,63226139,255,0.22692283025735008,0.5806001361776204,0.559126740796517,0.24389062450142,0.4903032710081722,0.15365452507988048,0.23728017135961138,0.7152759601307711,0.6316503138510402
BIRC7,ENSG00000101197,chr20,63225882,63250495,246,0.32597019112621817,0.6649112021560104,0.6035218695279152,0.2965655784690518,0.5462403586261455,0.28135313022774855,0.32747634644058693,0.8120065838626744,0.765883367649836
NKAIN4,ENSG00000101198,chr20,63230783,63282694,483,0.39123245330413287,0.638084973892936,0.583084554234933,0.3431853263640418,0.5544135697775981,0.31889638219418565,0.3141675827789528,0.6974494470275105,0.7021782464427433
ARFGAP1,ENSG00000101199,chr20,63262784,63299790,320,0.3496033656168592,0.5326261731088235,0.46071260747216275,0.36261538104682334,0.5487476304331746,0.28664604837269564,0.20763967282958634,0.4739798073101219,0.5529861828532312
COL20A1,ENSG00000101203,chr20,63283185,63344851,562,0.42702161608144246,0.6761741535114046,0.6061044191422317,0.45697072422523055,0.6410862597801387,0.37639363895246214,0.35673413343238747,0.7511557795857509,0.7708152851058254
CHRNA4,ENSG00000101204,chr20,63333222,63388401,478,0.4154337875888046,0.6504152759268832,0.6747393742328043,0.417054417999287,0.7120733180406422,0.2323830315345884,0.17281068106852926,0.8186263000638717,0.8781986505299308
KCNQ2,ENSG00000075043,chr20,63390207,63482677,308,0.2569906685230131,0.5108677799131225,0.47756471999502287,0.2365762536358767,0.45336110270845303,0.18145747182522076,0.19054881233392196,0.5336649655047668,0.5245736249960656
EEF1A2,ENSG00000101210,chr20,63478012,63509239,0,,,,,,,,,
PPDPF,ENSG00000125534,chr20,63510764,63532206,12,0.7106285575851355,0.33710339547074236,0.6724801533632428,0.5465033745088018,0.5561329672522065,0.2674868874083417,0.19483673259376033,0.14364936448580745,0.21629951930038877
PTK6,ENSG00000101213,chr20,63518000,63547376,98,0.38347699737800234,0.6483707828821971,0.6155177535442875,0.41769756809852143,0.6242718856032347,0.2864900001448656,0.30352692281538884,0.7586880188739915,0.7416510962034681
SRMS,ENSG00000125508,chr20,63528488,63557749,149,0.37715943843033295,0.6305528634998706,0.5814470914295087,0.4076362036861165,0.5969430203719405,0.2991301785641371,0.30535229507563477,0.6966174379235457,0.6903953214120478
FNDC11,ENSG00000125531,chr20,63537890,63566695,153,0.4299006572904128,0.6667215019937083,0.5921880404715222,0.38165764269402636,0.5984564327386726,0.3818861808699211,0.33352528331257064,0.7168906273119067,0.765251524869257
HELZ2,ENSG00000130589,chr20,63548085,63584239,145,0.45614211475676597,0.8028978558960952,0.6498910002151298,0.4531764194023639,0.7177620654123485,0.5917948741099992,0.48132870642476366,1.0322383125184214,1.1427044802036566
GMEB2,ENSG00000101216,chr20,63577601,63637101,254,0.40377203132788503,0.6138448311176687,0.5153771107467019,0.4357071076458161,0.5737336366967316,0.37213197361325095,0.33550349291341097,0.5793840247580233,0.6160125054578631
STMN3,ENSG00000197457,chr20,63629704,63667682,206,0.4472109578971086,0.43317574550798843,0.40755429896572803,0.49313541615577905,0.47262025579438394,0.3184943776842164,0.3036914857447792,0.24921160242091966,0.2640144943603568
RTEL1,ENSG00000258366,chr20,63647809,63706253,399,0.44347520688881203,0.32919771291510425,0.31355612630694807,0.46305870130694476,0.33014064227219675,0.30454679132337276,0.3102299204741678,0.09473404822700798,0.08905091907621293
RTEL1-TNFRSF6B,ENSG00000026036,chr20,63649299,63708684,404,0.4120727913679276,0.31819312796961347,0.2936336426429749,0.4801577803811639,0.34463613095083573,0.28326985868027343,0.30733705250666943,0.09973898140217607,0.07567178757578003
TNFRSF6B,ENSG00000243509,chr20,63686651,63708684,164,0.6078234920726172,0.6284577456275965,0.5217827739739639,0.624360504420121,0.5618477462299473,0.5942228723180376,0.5720146238036196,0.3958698090753792,0.4180780575897974
ARFRP1,ENSG00000101246,chr20,63688641,63718025,206,0.5385419492854471,0.6481584811799388,0.5404924896801033,0.5784093742789514,0.6032525413452597,0.5201692847426447,0.4919198136995386,0.5244051506504612,0.5526546216935673
ZGPAT,ENSG00000197114,chr20,63697464,63746142,259,0.5172841103859472,0.6582966344949815,0.484367573367512,0.5462560550766337,0.4964636412823668,0.5698890852202835,0.5889675755731305,0.5039231853914281,0.48484469503858096
RP4-583P15.15,ENSG00000273154,chr20,63698863,63749103,274,0.5649249896485344,0.640132209703871,0.4613914001900198,0.5452667168675678,0.4942447500506426,0.6177446287846001,0.5641801822612126,0.4042739353772949,0.4578383819006825
LIME1,ENSG00000203896,chr20,63726282,63749103,110,0.4656873056765998,0.6210404795511179,0.456713634093326,0.5186459897082872,0.503831973452868,0.4934906033060252,0.5003187654165493,0.4768352825013514,0.47000712039082726
RP4-583P15.14,ENSG00000273047,chr20,63728269,63750398,109,0.44237251793129495,0.5776341453151261,0.4567031030127633,0.46224098421487936,0.4624591085618954,0.4179240919234883,0.43073884337179486,0.44395929438083365,0.431144542932527
SLC2A4RG,ENSG00000125520,chr20,63729775,63754050,130,0.4728208967396928,0.6155864431631959,0.4982483893657276,0.44309964128266405,0.48234923162772375,0.4533005937496376,0.4414754114063398,0.5027357412327415,0.5145609235760393
ZBTB46,ENSG00000130584,chr20,63733667,63842038,635,0.38442344620926633,0.4311778286279377,0.36048056359024966,0.336285948203175,0.3264142561555332,0.3011725606297575,0.28947565439354705,0.2630148614175638,0.27471176765377436
ABHD16B,ENSG00000183260,chr20,63851497,63872988,143,0.21999733196745516,0.49557998462055586,0.38571470620174986,0.259681306820334,0.4771361507653937,0.22275406099840625,0.16829316891664964,0.4615919331191085,0.516052825200865
TPD52L2,ENSG00000101150,chr20,63855227,63901545,275,0.3070905163587128,0.5729125378787878,0.43722574782111895,0.23583113886938217,0.5199342168028116,0.3213728283354787,0.19295040653835138,0.5293936290690138,0.657816050866141
DNAJC5,ENSG00000101152,chr20,63885125,63946031,369,0.37820792340673587,0.5418940381652245,0.43013179749366387,0.3504897064742624,0.4472621612547751,0.3467270597391303,0.3096599488348126,0.43392770417004095,0.4709948150743587
UCKL1,ENSG00000198276,chr20,63929828,63966416,194,0.20760240951738473,0.13198679543796213,0.10805325776145268,0.19801501298986346,0.13118915423981842,0.12994575127988356,0.11079194813369374,0.011602600528538232,0.030756403674728094
ZNF512B,ENSG00000196700,chr20,63946703,63979930,163,0.27007732636602694,0.1691350095534231,0.1224419396349952,0.25520797528296435,0.08970405548578839,0.18474624025099817,0.1929763530674327,0.0005417234447245012,0.0
SAMD10,ENSG00000130590,chr20,63964115,63990008,124,0.172512628313491,0.15450535569713078,0.07914370473906203,0.23448539665210966,0.06925596420083625,0.13737179578127415,0.18163472900423944,0.030461649237264285,0.0
PRPF6,ENSG00000101161,chr20,63971131,64043100,398,0.28362515421640694,0.31629327602187224,0.30652512786544617,0.26497232759865436,0.3120369583616691,0.17386883375804724,0.15702659466583502,0.20635738566186104,0.2231996247540733
C20orf204,ENSG00000196421,chr20,64024343,64049962,131,0.13257346299156053,0.16466834463227803,0.14978763617193983,0.11074904913609546,0.1340914551501433,0.07994088716996423,0.07666312869763524,0.09998555376404948,0.10326331223637851
SOX18,ENSG00000203883,chr20,64037581,64059639,114,0.26925178719951093,0.4669529689319599,0.37328270603469665,0.24762172603088925,0.3970307288340075,0.23778610708006176,0.2038863172208134,0.3913595132274333,0.4252593030866817
TCEA2,ENSG00000171703,chr20,64039835,64082347,216,0.40961095481683374,0.499750633988978,0.49384982452045484,0.4033700275206404,0.446739203264419,0.26935013469763486,0.3085904785391275,0.42329843816574636,0.3840580943242537
RGS19,ENSG00000171700,chr20,64063180,64089988,86,0.3945553666954534,0.4253282582999877,0.38881071129776695,0.3796406213136251,0.35948779109911494,0.2816999393438119,0.2929627573592436,0.2722563458572695,0.2609935278418377
OPRL1,ENSG00000125510,chr20,64070081,64110643,33,0.2157654798371688,0.2138823656000753,0.1500024156198717,0.1577511754834223,0.1796898378119576,0.16058711737975484,0.10712793216882283,0.0800617182850103,0.1335209034959423
LKAAEAR1,ENSG00000171695,chr20,64073375,64094398,7,0.38391101174290493,0.17502050049483955,0.21727982809415544,0.18047226899802393,0.13835144447389344,0.21589029008476157,0.12125799241131952,0.0,0.07113874962953415
MYT1,ENSG00000196132,chr20,64092393,64252253,563,0.39255451463878416,0.3770796202665148,0.33784433457004037,0.4017918360362919,0.3663527312382274,0.2797874035222798,0.2654451086469199,0.19354916623057217,0.20789146110593199
NPBWR2,ENSG00000125522,chr20,64093801,64117565,0,,,,,,,,,
PCMTD2,ENSG00000203880,chr20,64245694,64297821,98,0.3940040318139811,0.37754451837889264,0.30585455683522833,0.42481737076829107,0.27105468803553556,0.3049456733065321,0.355497136779408,0.16913749536219586,0.11858603188931993
